sex_s,cohort,gap,raw_log_mult,smoothed_log_mult,gauged_log_mult
male,18-19,-52,-9.210340371976182,-9.210340371976182,-9.250051383314046
male,18-19,-51,-9.210340371976182,-9.210340371976182,-9.250051383314046
male,18-19,-50,-9.210340371976182,-9.210340371976182,-9.250051383314046
male,18-19,-49,-9.210340371976182,-9.210340371976182,-9.250051383314046
male,18-19,-48,-9.210340371976182,-9.210340371976182,-9.250051383314046
male,18-19,-47,-9.210340371976182,-9.210340371976182,-9.250051383314046
male,18-19,-46,-9.210340371976182,-9.210340371976182,-9.250051383314046
male,18-19,-45,-9.210340371976182,-9.210340371976182,-9.250051383314046
male,18-19,-44,-9.210340371976182,-9.210340371976182,-9.250051383314046
male,18-19,-43,-9.210340371976182,-9.210340371976182,-9.250051383314046
male,18-19,-42,-9.210340371976182,-9.210340371976182,-9.250051383314046
male,18-19,-41,-9.210340371976182,-9.210340371976182,-9.250051383314046
male,18-19,-40,-9.210340371976182,-9.210340371976182,-9.250051383314046
male,18-19,-39,-9.210340371976182,1.48593626247211,1.4462252511342446
male,18-19,-38,-9.210340371976182,1.4859362624721375,1.4462252511342721
male,18-19,-37,-9.210340371976182,1.4859362624721377,1.4462252511342724
male,18-19,-36,-9.210340371976182,1.4859362624721382,1.4462252511342728
male,18-19,-35,-9.210340371976182,1.485936262472139,1.4462252511342737
male,18-19,-34,-9.210340371976182,1.4859362624721413,1.446225251134276
male,18-19,-33,-9.210340371976182,1.4859362624721475,1.4462252511342821
male,18-19,-32,-9.210340371976182,1.4859362624721644,1.446225251134299
male,18-19,-31,-9.210340371976182,1.4859362624722103,1.446225251134345
male,18-19,-30,-9.210340371976182,1.4859362624723353,1.44622525113447
male,18-19,-29,-9.210340371976182,1.4859362624726753,1.44622525113481
male,18-19,-28,-9.210340371976182,1.485936262473599,1.4462252511357336
male,18-19,-27,-9.210340371976182,1.48593626247611,1.4462252511382447
male,18-19,-26,-9.210340371976182,1.4859362624829362,1.4462252511450708
male,18-19,-25,-9.210340371976182,1.485936262501491,1.4462252511636255
male,18-19,-24,-9.210340371976182,1.4859362625519288,1.4462252512140634
male,18-19,-23,-9.210340371976182,1.4859362626890322,1.4462252513511669
male,18-19,-22,-9.210340371976182,1.4859362630617188,1.4462252517238534
male,18-19,-21,-9.210340371976182,1.4859362640747855,1.4462252527369202
male,18-19,-20,-9.210340371976182,1.4859362668285863,1.446225255490721
male,18-19,-19,-9.210340371976182,1.4859362743141928,1.4462252629763275
male,18-19,-18,-9.210340371976182,1.4859362946621812,1.4462252833243159
male,18-19,-17,-9.210340371976182,1.4859363499737421,1.4462253386358768
male,18-19,-16,-9.210340371976182,1.485936500326115,1.4462254889882495
male,18-19,-15,-9.210340371976182,1.4859369090259538,1.4462258976880884
male,18-19,-14,-9.210340371976182,1.4859380199852006,1.4462270086473352
male,18-19,-13,-9.210340371976182,1.4859410398700317,1.4462300285321663
male,18-19,-12,-9.210340371976182,1.4859492486535495,1.4462382373156841
male,18-19,-11,-9.210340371976182,1.4859715615942888,1.4462605502564234
male,18-19,-10,-9.210340371976182,1.4860322082027324,1.446321196864867
male,18-19,-9,-9.210340371976182,1.486197016587037,1.4464860052491717
male,18-19,-8,-9.210340371976182,1.4866446712020893,1.446933659864224
male,18-19,-7,-9.210340371976182,1.4878590082888845,1.4481479969510191
male,18-19,-6,-9.210340371976182,1.4911414501543352,1.4514304388164698
male,18-19,-5,-9.210340371976182,1.4999297552524908,1.4602187439146255
male,18-19,-4,-9.210340371976182,1.5228680706970854,1.48315705935922
male,18-19,-3,-9.210340371976182,1.578934319230859,1.5392233078929936
male,18-19,-2,-9.210340371976182,1.6959099603849408,1.6561989490470754
male,18-19,-1,1.4859241457773393,1.8684513482919192,1.8287403369540538
male,18-19,0,2.238407239135154,1.9768646740503766,1.9371536627125112
male,18-19,1,1.9658073198286365,1.8259254197533468,1.7862144084154814
male,18-19,2,0.9225306163419688,1.3300190753765644,1.290308064038699
male,18-19,3,0.2817366532959506,0.6059542962568324,0.5662432849189671
male,18-19,4,-0.9454779556530082,-0.07519339258010631,-0.11490440391797162
male,18-19,5,-0.12388716063074169,-0.4224581999627151,-0.4621692113005804
male,18-19,6,-0.9291481414525669,-0.7026394751917718,-0.7423504865296371
male,18-19,7,-1.1554254025674688,-1.1172287517135442,-1.1569397630514096
male,18-19,8,-2.0074684352650993,-1.482084790124708,-1.5217958014625734
male,18-19,9,-1.2859113072258466,-1.722415738219439,-1.7621267495573043
male,18-19,10,-9.210340371976182,-1.9064419245757274,-1.9461529359135927
male,18-19,11,-1.4628749287295062,-1.6936697048004516,-1.733380716138317
male,18-19,12,-1.326312082738711,-1.472266088962649,-1.5119771003005145
male,18-19,13,-1.4454596913385163,-1.5190294093204784,-1.5587404206583437
male,18-19,14,-1.7079850555136125,-1.8233777195499723,-1.8630887308878377
male,18-19,15,-3.3900371491179073,-2.3111195510406253,-2.3508305623784906
male,18-19,16,-2.37727466307482,-2.6069689057726673,-2.6466799171105326
male,18-19,17,-2.8581395208892024,-2.701872946792802,-2.7415839581306676
male,18-19,18,-2.972611220896383,-2.6187562704565304,-2.6584672817943957
male,18-19,19,-2.237087868334063,-2.352810116366157,-2.3925211277040224
male,18-19,20,-1.922794587177513,-2.2181203252509807,-2.257831336588846
male,18-19,21,-9.210340371976182,-1.9569149137829358,-1.9966259251208012
male,18-19,22,-0.8642011923827596,-1.6929949927418793,-1.7327060040797446
male,18-19,23,-9.210340371976182,-1.8746292122460635,-1.9143402235839289
male,18-19,24,-1.868868659547066,-1.8756151974221906,-1.915326208760056
male,18-19,25,-1.4487121924530044,-1.6281236342290357,-1.667834645566901
male,18-19,26,-1.431268622364045,-1.615499018175927,-1.6552100295137924
male,18-19,27,-2.3296182933182994,-1.7254532262629496,-1.765164237600815
male,18-19,28,-1.3815515534048852,-1.7399750776697693,-1.7796860890076347
male,18-19,29,-2.188548214117552,-1.802007036229643,-1.8417180475675083
male,18-19,30,-1.6596044127523668,-1.896813295740584,-1.9365243070784495
male,18-19,31,-1.9988146972220477,-2.160172758899087,-2.1998837702369523
male,18-19,32,-5.197982183930072,-2.4681336032254677,-2.507844614563333
male,18-19,33,-2.0094807977626097,-2.2162660950148707,-2.255977106352736
male,18-19,34,-2.436861628301494,-1.7187974868473481,-1.7585084981852135
male,18-19,35,-0.8083085392103105,-1.5239328113832942,-1.5636438227211595
male,18-19,36,-3.740338995468493,-1.8401998611295198,-1.8799108724673852
male,18-19,37,-2.5763273163080784,-1.9458221602619683,-1.9855331715998337
male,18-19,38,-1.101003444761609,-1.8253491869764324,-1.8650601983142978
male,18-19,39,-7.441299109676296,-2.161723816052068,-2.2014348273899333
male,18-19,40,-2.0926504886377417,-2.5853947883936508,-2.625105799731516
male,18-19,41,-3.329980931080414,-3.0581234798630352,-3.0978344912009006
male,18-19,42,-9.210340371976182,-3.6774884447502547,-3.71719945608812
male,18-19,43,-3.1842836049800227,-3.893268230332255,-3.9329792416701204
male,18-19,44,-9.210340371976182,-4.103978689247303,-4.143689700585169
male,18-19,45,-3.7007496730042284,-4.1594627157410855,-4.199173727078951
male,18-19,46,-9.210340371976182,-3.755702308859598,-3.7954133201974636
male,18-19,47,-2.7748961396410725,-3.29708154538003,-3.3367925567178953
male,18-19,48,-3.0875545270247184,-3.3928446196893174,-3.4325556310271828
male,18-19,49,-9.210340371976182,-4.217064771259609,-4.256775782597474
male,18-19,50,-9.210340371976182,-5.823716993516505,-5.86342800485437
male,18-19,51,-9.210340371976182,-8.149098536753224,-8.188809548091088
male,18-19,52,-9.210340371976182,-9.210340371976182,-9.250051383314046
male,20-21,-52,-9.210340371976182,-9.210340371976182,-9.221736752122535
male,20-21,-51,-9.210340371976182,-9.210340371976182,-9.221736752122535
male,20-21,-50,-9.210340371976182,-9.210340371976182,-9.221736752122535
male,20-21,-49,-9.210340371976182,-9.210340371976182,-9.221736752122535
male,20-21,-48,-9.210340371976182,-9.210340371976182,-9.221736752122535
male,20-21,-47,-9.210340371976182,-9.210340371976182,-9.221736752122535
male,20-21,-46,-9.210340371976182,-9.210340371976182,-9.221736752122535
male,20-21,-45,-9.210340371976182,-9.210340371976182,-9.221736752122535
male,20-21,-44,-9.210340371976182,-9.210340371976182,-9.221736752122535
male,20-21,-43,-9.210340371976182,-9.210340371976182,-9.221736752122535
male,20-21,-42,-9.210340371976182,-9.210340371976182,-9.221736752122535
male,20-21,-41,-9.210340371976182,-9.210340371976182,-9.221736752122535
male,20-21,-40,-9.210340371976182,-9.210340371976182,-9.221736752122535
male,20-21,-39,-9.210340371976182,-9.210340371976182,-9.221736752122535
male,20-21,-38,-9.210340371976182,-9.210340371976182,-9.221736752122535
male,20-21,-37,-9.210340371976182,-9.210340371976182,-9.221736752122535
male,20-21,-36,-9.210340371976182,-9.210340371976182,-9.221736752122535
male,20-21,-35,-9.210340371976182,-9.210340371976182,-9.221736752122535
male,20-21,-34,-9.210340371976182,-9.210340371976182,-9.221736752122535
male,20-21,-33,-9.210340371976182,-9.210340371976182,-9.221736752122535
male,20-21,-32,-9.210340371976182,-9.210340371976182,-9.221736752122535
male,20-21,-31,-9.210340371976182,-9.210340371976182,-9.221736752122535
male,20-21,-30,-9.210340371976182,-9.210340371976182,-9.221736752122535
male,20-21,-29,-9.210340371976182,-9.210340371976182,-9.221736752122535
male,20-21,-28,-9.210340371976182,-9.210340371976182,-9.221736752122535
male,20-21,-27,-9.210340371976182,-9.210340371976182,-9.221736752122535
male,20-21,-26,-9.210340371976182,-9.210340371976182,-9.221736752122535
male,20-21,-25,-9.210340371976182,-9.210340371976182,-9.221736752122535
male,20-21,-24,-9.210340371976182,-9.210340371976182,-9.221736752122535
male,20-21,-23,-9.210340371976182,-9.210340371976182,-9.221736752122535
male,20-21,-22,-9.210340371976182,-0.4654694859606998,-0.4768658661070526
male,20-21,-21,-9.210340371976182,-0.46546948596069376,-0.47686586610704657
male,20-21,-20,-9.210340371976182,-0.46546948596069376,-0.47686586610704657
male,20-21,-19,-9.210340371976182,-0.46546948596069376,-0.47686586610704657
male,20-21,-18,-9.210340371976182,-0.46546948596069376,-0.47686586610704657
male,20-21,-17,-9.210340371976182,-0.46546948596069376,-0.47686586610704657
male,20-21,-16,-9.210340371976182,-0.46546948596069376,-0.47686586610704657
male,20-21,-15,-9.210340371976182,-0.46546948596069376,-0.47686586610704657
male,20-21,-14,-9.210340371976182,-0.46546948596069376,-0.47686586610704657
male,20-21,-13,-9.210340371976182,-0.46546948596069376,-0.47686586610704657
male,20-21,-12,-9.210340371976182,-0.4654694859606936,-0.4768658661070464
male,20-21,-11,-9.210340371976182,-0.4654694859606872,-0.47686586610704
male,20-21,-10,-9.210340371976182,-0.46546948596032117,-0.476865866106674
male,20-21,-9,-9.210340371976182,-0.4654694859403459,-0.4768658660866987
male,20-21,-8,-9.210340371976182,-0.4654694848497298,-0.4768658649960826
male,20-21,-7,-9.210340371976182,-0.4654694253041188,-0.4768658054504716
male,20-21,-6,-9.210340371976182,-0.46546617423317893,-0.47686255437953173
male,20-21,-5,-9.210340371976182,-0.46528869941425605,-0.47668507956060885
male,20-21,-4,-9.210340371976182,-0.45568052143730353,-0.46707690158365633
male,20-21,-3,-0.46547274636998537,-0.09289902395627143,-0.10429540410262424
male,20-21,-2,0.8321385781776901,0.945991209634905,0.9345948294885522
male,20-21,-1,1.8110212720100123,1.7810836123841605,1.7696872322378077
male,20-21,0,2.148528910968172,2.077533273194866,2.0661368930485136
male,20-21,1,1.6843573834746888,1.699218121663981,1.6878217415176282
male,20-21,2,0.8696059633866053,0.959913732302127,0.9485173521557742
male,20-21,3,0.06624519421011382,0.1791016717661294,0.1677052916197766
male,20-21,4,-0.20792026705756678,-0.2073009500297803,-0.2186973301761331
male,20-21,5,-0.649232422732004,-0.6249939368081365,-0.6363903169544893
male,20-21,6,-1.137436553244128,-1.0916778755902727,-1.1030742557366255
male,20-21,7,-1.424106397238297,-1.4347023468392746,-1.4460987269856274
male,20-21,8,-2.0897307252482893,-1.9099240614050195,-1.9213204415513723
male,20-21,9,-1.467217715241742,-1.5649021913103367,-1.5762985714566895
male,20-21,10,-2.012038030878233,-1.9174833080455709,-1.9288796881919237
male,20-21,11,-1.851074753944433,-1.928632713928257,-1.9400290940746099
male,20-21,12,-2.696743217382305,-2.542730438657136,-2.5541268188034887
male,20-21,13,-2.535592624633067,-2.583978908619375,-2.5953752887657275
male,20-21,14,-2.897532530423113,-2.8412390098577878,-2.8526353900041403
male,20-21,15,-2.8088705559236056,-2.8819049366370098,-2.8933013167833623
male,20-21,16,-3.7249869690521873,-3.6094119884788314,-3.620808368625184
male,20-21,17,-4.307702114275691,-3.735006237683006,-3.7464026178293586
male,20-21,18,-2.2866501724213957,-2.451200843190744,-2.4625972233370965
male,20-21,19,-3.06106298973776,-2.8523311293742624,-2.863727509520615
male,20-21,20,-2.3439443589864375,-2.442413103357095,-2.4538094835034476
male,20-21,21,-2.7902408948771953,-2.774005942592418,-2.7854023227387708
male,20-21,22,-3.3391771379844215,-3.323555372394754,-3.3349517525411065
male,20-21,23,-4.298315553830654,-4.039522306337408,-4.050918686483761
male,20-21,24,-3.5457513159313536,-3.421114769657931,-3.4325111498042835
male,20-21,25,-2.503609882018206,-2.597835341002581,-2.6092317211489338
male,20-21,26,-2.7017898305226864,-2.7157296911155484,-2.727126071261901
male,20-21,27,-3.1299265699423824,-3.134363379671969,-3.1457597598183216
male,20-21,28,-3.972832948422048,-3.7018538735311384,-3.713250253677491
male,20-21,29,-3.0382520726733038,-3.1964437184805585,-3.207840098626911
male,20-21,30,-4.547797212422643,-4.26646152345803,-4.277857903604383
male,20-21,31,-5.128014576120269,-4.955097498180647,-4.966493878327
male,20-21,32,-4.459692062539854,-4.621474198780133,-4.632870578926486
male,20-21,33,-6.852329324852378,-5.660347179031504,-5.671743559177857
male,20-21,34,-4.323642927063998,-4.139608339700199,-4.151004719846552
male,20-21,35,-2.9852546121356314,-3.187686345357332,-3.1990827255036844
male,20-21,36,-6.06163015270497,-4.666268708464503,-4.677665088610856
male,20-21,37,-3.8459276912044444,-3.8485850727968858,-3.8599814529432384
male,20-21,38,-3.2486399795030896,-3.4101688044124283,-3.421565184558781
male,20-21,39,-5.674837566978439,-5.011396650985808,-5.022793031132161
male,20-21,40,-9.210340371976182,-6.253849039709949,-6.265245419856302
male,20-21,41,-4.227823758330636,-4.429224676340585,-4.440621056486938
male,20-21,42,-5.476050323945296,-4.882605552121992,-4.8940019322683455
male,20-21,43,-3.662255362451688,-3.863154835436637,-3.8745512155829895
male,20-21,44,-5.760882544258333,-5.209969793003885,-5.221366173150238
male,20-21,45,-6.248209207498283,-5.492052929423327,-5.50344930956968
male,20-21,46,-3.842185498747617,-4.022821319075206,-4.034217699221559
male,20-21,47,-4.848250518204097,-4.769036073265147,-4.7804324534115
male,20-21,48,-9.210340371976182,-6.444564731828281,-6.455961111974634
male,20-21,49,-4.9743414990294506,-5.144098803723332,-5.155495183869685
male,20-21,50,-9.210340371976182,-6.294774636811736,-6.306171016958089
male,20-21,51,-9.210340371976182,-9.210340371976182,-9.221736752122535
male,20-21,52,-9.210340371976182,-9.210340371976182,-9.221736752122535
male,22-23,-52,-9.210340371976182,-9.210340371976182,-9.213190015268927
male,22-23,-51,-9.210340371976182,-9.210340371976182,-9.213190015268927
male,22-23,-50,-9.210340371976182,-9.210340371976182,-9.213190015268927
male,22-23,-49,-9.210340371976182,-9.210340371976182,-9.213190015268927
male,22-23,-48,-9.210340371976182,-9.210340371976182,-9.213190015268927
male,22-23,-47,-9.210340371976182,-9.210340371976182,-9.213190015268927
male,22-23,-46,-9.210340371976182,-9.210340371976182,-9.213190015268927
male,22-23,-45,-9.210340371976182,-9.210340371976182,-9.213190015268927
male,22-23,-44,-9.210340371976182,-9.210340371976182,-9.213190015268927
male,22-23,-43,-9.210340371976182,-9.210340371976182,-9.213190015268927
male,22-23,-42,-9.210340371976182,-9.210340371976182,-9.213190015268927
male,22-23,-41,-9.210340371976182,-9.210340371976182,-9.213190015268927
male,22-23,-40,-9.210340371976182,-9.210340371976182,-9.213190015268927
male,22-23,-39,-9.210340371976182,-9.210340371976182,-9.213190015268927
male,22-23,-38,-9.210340371976182,-9.210340371976182,-9.213190015268927
male,22-23,-37,-9.210340371976182,-9.210340371976182,-9.213190015268927
male,22-23,-36,-9.210340371976182,-9.210340371976182,-9.213190015268927
male,22-23,-35,-9.210340371976182,-9.210340371976182,-9.213190015268927
male,22-23,-34,-9.210340371976182,-9.210340371976182,-9.213190015268927
male,22-23,-33,-9.210340371976182,-9.210340371976182,-9.213190015268927
male,22-23,-32,-9.210340371976182,-9.210340371976182,-9.213190015268927
male,22-23,-31,-9.210340371976182,-9.210340371976182,-9.213190015268927
male,22-23,-30,-9.210340371976182,-9.210340371976182,-9.213190015268927
male,22-23,-29,-9.210340371976182,-9.210340371976182,-9.213190015268927
male,22-23,-28,-9.210340371976182,-9.210340371976182,-9.213190015268927
male,22-23,-27,-9.210340371976182,-9.210340371976182,-9.213190015268927
male,22-23,-26,-9.210340371976182,-9.210340371976182,-9.213190015268927
male,22-23,-25,-9.210340371976182,-9.210340371976182,-9.213190015268927
male,22-23,-24,-9.210340371976182,-2.329272009827552,-2.3321216531202973
male,22-23,-23,-9.210340371976182,-2.3292720098274784,-2.3321216531202236
male,22-23,-22,-9.210340371976182,-2.3292720098274784,-2.3321216531202236
male,22-23,-21,-9.210340371976182,-2.3292720098274784,-2.3321216531202236
male,22-23,-20,-9.210340371976182,-2.3292720098274784,-2.3321216531202236
male,22-23,-19,-9.210340371976182,-2.329272009827478,-2.332121653120223
male,22-23,-18,-9.210340371976182,-2.3292720098274784,-2.3321216531202236
male,22-23,-17,-9.210340371976182,-2.3292720098274784,-2.3321216531202236
male,22-23,-16,-9.210340371976182,-2.3292720098274784,-2.3321216531202236
male,22-23,-15,-9.210340371976182,-2.3292720098274784,-2.3321216531202236
male,22-23,-14,-9.210340371976182,-2.329272009827478,-2.332121653120223
male,22-23,-13,-9.210340371976182,-2.3292720098274704,-2.3321216531202156
male,22-23,-12,-9.210340371976182,-2.329272009827032,-2.3321216531197773
male,22-23,-11,-9.210340371976182,-2.3292720098031103,-2.3321216530958555
male,22-23,-10,-9.210340371976182,-2.3292720084970404,-2.3321216517897856
male,22-23,-9,-9.210340371976182,-2.329271937188049,-2.332121580480794
male,22-23,-8,-9.210340371976182,-2.3292680438618047,-2.33211768715455
male,22-23,-7,-9.210340371976182,-2.3290555135534934,-2.3319051568462386
male,22-23,-6,-9.210340371976182,-2.3175640946577047,-2.32041373795045
male,22-23,-5,-2.329276983308831,-1.9018785510848606,-1.9047281943776055
male,22-23,-4,-0.9633103135325478,-0.797224989369672,-0.8000746326624171
male,22-23,-3,0.18458096550145478,0.2705046368902344,0.26765499359748934
male,22-23,-2,1.1337755490642007,1.1617889623974793,1.1589393191047344
male,22-23,-1,1.7884778392623288,1.7863015992915334,1.7834519559987885
male,22-23,0,2.1989819918061033,2.1111813325890827,2.1083316892963375
male,22-23,1,1.5887952795003921,1.625523201366363,1.622673558073618
male,22-23,2,0.7428861401987976,0.839407773066227,0.836558129773482
male,22-23,3,0.06546909809273878,0.13934630969528064,0.1364966664025356
male,22-23,4,-0.3480667369563718,-0.32754940294779994,-0.330399046240545
male,22-23,5,-0.8294677476961911,-0.784181893072205,-0.78703153636495
male,22-23,6,-1.1082361415783408,-1.0879834328794264,-1.0908330761721714
male,22-23,7,-1.2830416407788052,-1.3037730336046776,-1.3066226768974225
male,22-23,8,-1.8218111206725909,-1.7417901886141132,-1.7446398319068581
male,22-23,9,-1.802598981166139,-1.792563493184167,-1.795413136476912
male,22-23,10,-1.6887757266553924,-1.7387955187805673,-1.7416451620733122
male,22-23,11,-2.1376529175138566,-2.08040596432219,-2.083255607614935
male,22-23,12,-2.183586597749158,-2.20236937762709,-2.2052190209198352
male,22-23,13,-2.4568503184603103,-2.4508658740596587,-2.453715517352404
male,22-23,14,-2.8022960314216077,-2.756579284122909,-2.7594289274156543
male,22-23,15,-2.796657603171562,-2.8321472505179655,-2.8349968938107106
male,22-23,16,-3.1967456650338906,-3.1099226742247765,-3.1127723175175217
male,22-23,17,-2.8979296117840128,-2.9590633801833386,-2.9619130234760838
male,22-23,18,-3.2638459477664807,-3.229234655820555,-3.2320842991133003
male,22-23,19,-3.3971761390995123,-3.4024469840267306,-3.405296627319476
male,22-23,20,-3.6212624923374666,-3.4985197395425507,-3.501369382835296
male,22-23,21,-2.9298995152228597,-3.044305929174171,-3.047155572466916
male,22-23,22,-3.651134005451807,-3.5305926713554134,-3.5334423146481586
male,22-23,23,-3.5368580412306088,-3.5251873420528606,-3.5280369853456057
male,22-23,24,-3.3369617203439423,-3.297173152138028,-3.300022795430773
male,22-23,25,-2.88977645829492,-2.97531712684808,-2.978166770140825
male,22-23,26,-3.4076614423060003,-3.384031070502957,-3.386880713795702
male,22-23,27,-3.962975516289843,-3.792176270202726,-3.795025913495471
male,22-23,28,-3.2631220904260867,-3.3778489470811928,-3.380698590373938
male,22-23,29,-3.997923976100811,-3.8914680952056213,-3.8943177384983665
male,22-23,30,-4.031416405217552,-3.8972500227942137,-3.900099666086959
male,22-23,31,-3.2027356862688707,-3.3634159818440725,-3.3662656251368177
male,22-23,32,-5.005436637030293,-4.201364757579179,-4.2042144008719236
male,22-23,33,-2.9829326708684816,-3.1883938264565264,-3.1912434697492715
male,22-23,34,-4.90348108242313,-4.47459425409542,-4.477443897388165
male,22-23,35,-5.863671477665453,-4.968313436245909,-4.971163079538654
male,22-23,36,-3.3185662901733544,-3.539629458475839,-3.5424791017685844
male,22-23,37,-5.802638665524989,-4.8296899529046105,-4.832539596197355
male,22-23,38,-4.028387871553757,-4.2280728166376775,-4.230922459930422
male,22-23,39,-6.147557517723875,-5.481557373802753,-5.4844070170954975
male,22-23,40,-5.216678776422421,-5.403135142199559,-5.405984785492303
male,22-23,41,-9.210340371976182,-6.536713814294551,-6.539563457587295
male,22-23,42,-4.797415425158888,-5.018358739041649,-5.021208382334394
male,22-23,43,-6.792576187345311,-6.323031161097301,-6.325880804390046
male,22-23,44,-8.820181620613809,-8.328568014089816,-8.331417657382561
male,22-23,45,-9.210340371976182,-7.084853344247004,-7.087702987539749
male,22-23,46,-4.849807095763336,-5.09179367006649,-5.094643313359235
male,22-23,47,-9.210340371976182,-7.027625483101671,-7.030475126394416
male,22-23,48,-9.210340371976182,-9.210340371976182,-9.213190015268927
male,22-23,49,-9.210340371976182,-9.210340371976182,-9.213190015268927
male,22-23,50,-9.210340371976182,-9.210340371976182,-9.213190015268927
male,22-23,51,-9.210340371976182,-9.210340371976182,-9.213190015268927
male,22-23,52,-9.210340371976182,-9.210340371976182,-9.213190015268927
male,24-25,-52,-9.210340371976182,-9.210340371976182,-9.211247394821624
male,24-25,-51,-9.210340371976182,-9.210340371976182,-9.211247394821624
male,24-25,-50,-9.210340371976182,-9.210340371976182,-9.211247394821624
male,24-25,-49,-9.210340371976182,-9.210340371976182,-9.211247394821624
male,24-25,-48,-9.210340371976182,-9.210340371976182,-9.211247394821624
male,24-25,-47,-9.210340371976182,-9.210340371976182,-9.211247394821624
male,24-25,-46,-9.210340371976182,-9.210340371976182,-9.211247394821624
male,24-25,-45,-9.210340371976182,-9.210340371976182,-9.211247394821624
male,24-25,-44,-9.210340371976182,-9.210340371976182,-9.211247394821624
male,24-25,-43,-9.210340371976182,-9.210340371976182,-9.211247394821624
male,24-25,-42,-9.210340371976182,-9.210340371976182,-9.211247394821624
male,24-25,-41,-9.210340371976182,-9.210340371976182,-9.211247394821624
male,24-25,-40,-9.210340371976182,-9.210340371976182,-9.211247394821624
male,24-25,-39,-9.210340371976182,-9.210340371976182,-9.211247394821624
male,24-25,-38,-9.210340371976182,-9.210340371976182,-9.211247394821624
male,24-25,-37,-9.210340371976182,-9.210340371976182,-9.211247394821624
male,24-25,-36,-9.210340371976182,-9.210340371976182,-9.211247394821624
male,24-25,-35,-9.210340371976182,-9.210340371976182,-9.211247394821624
male,24-25,-34,-9.210340371976182,-9.210340371976182,-9.211247394821624
male,24-25,-33,-9.210340371976182,-9.210340371976182,-9.211247394821624
male,24-25,-32,-9.210340371976182,-9.210340371976182,-9.211247394821624
male,24-25,-31,-9.210340371976182,-9.210340371976182,-9.211247394821624
male,24-25,-30,-9.210340371976182,-9.210340371976182,-9.211247394821624
male,24-25,-29,-9.210340371976182,-9.210340371976182,-9.211247394821624
male,24-25,-28,-9.210340371976182,-9.210340371976182,-9.211247394821624
male,24-25,-27,-9.210340371976182,-9.210340371976182,-9.211247394821624
male,24-25,-26,-9.210340371976182,-9.210340371976182,-9.211247394821624
male,24-25,-25,-9.210340371976182,-9.210340371976182,-9.211247394821624
male,24-25,-24,-9.210340371976182,-9.210340371976182,-9.211247394821624
male,24-25,-23,-9.210340371976182,-9.210340371976182,-9.211247394821624
male,24-25,-22,-9.210340371976182,-9.210340371976182,-9.211247394821624
male,24-25,-21,-9.210340371976182,-9.210340371976182,-9.211247394821624
male,24-25,-20,-9.210340371976182,-3.639341064491252,-3.6402480873366945
male,24-25,-19,-9.210340371976182,-3.639341064491252,-3.6402480873366945
male,24-25,-18,-9.210340371976182,-3.639341064491252,-3.6402480873366945
male,24-25,-17,-9.210340371976182,-3.639341064491252,-3.6402480873366945
male,24-25,-16,-9.210340371976182,-3.639341064491252,-3.6402480873366945
male,24-25,-15,-9.210340371976182,-3.639341064491252,-3.6402480873366945
male,24-25,-14,-9.210340371976182,-3.639341064491252,-3.6402480873366945
male,24-25,-13,-9.210340371976182,-3.639341064491252,-3.6402480873366945
male,24-25,-12,-9.210340371976182,-3.639341064491252,-3.6402480873366945
male,24-25,-11,-9.210340371976182,-3.6393410644912514,-3.640248087336694
male,24-25,-10,-9.210340371976182,-3.6393410644896353,-3.640248087335078
male,24-25,-9,-9.210340371976182,-3.6393410588177093,-3.640248081663152
male,24-25,-8,-9.210340371976182,-3.6393211528349863,-3.640228175680429
male,24-25,-7,-3.6393440227664113,-3.5736733653069304,-3.574580388152373
male,24-25,-6,-2.4286400358118945,-2.399706110007955,-2.4006131328533975
male,24-25,-5,-1.247143074958532,-1.2303067882807657,-1.2312138111262083
male,24-25,-4,-0.22428296595125893,-0.21515754188036174,-0.2160645647258043
male,24-25,-3,0.5784138254339232,0.5855852384781969,0.5846782156327544
male,24-25,-2,1.2845505458124984,1.2895553414980816,1.288648318652639
male,24-25,-1,1.9051253291932762,1.9015282131012092,1.9006211902557666
male,24-25,0,2.1479008718497807,2.137133245590557,2.1362262227451145
male,24-25,1,1.5443735170060815,1.550200725925067,1.5492937030796243
male,24-25,2,0.7393415765889758,0.7538977062444598,0.7529906833990173
male,24-25,3,0.13208394744864038,0.14102231846335642,0.14011529561791386
male,24-25,4,-0.3248596375996163,-0.3186843246946551,-0.31959134754009766
male,24-25,5,-0.6170016381400856,-0.6158603069237409,-0.6167673297691835
male,24-25,6,-0.9766663928617021,-0.9728864587174992,-0.9737934815629418
male,24-25,7,-1.262079191419502,-1.2597862304990144,-1.260693253344457
male,24-25,8,-1.5243767110809405,-1.5206848122938457,-1.5215918351392883
male,24-25,9,-1.625211281443376,-1.6215717506118683,-1.622478773457311
male,24-25,10,-1.5144306224015984,-1.5246891480681428,-1.5255961709135855
male,24-25,11,-2.309319654027194,-2.2890440258333453,-2.289951048678788
male,24-25,12,-2.351191508933871,-2.350357681242901,-2.3512647040883436
male,24-25,13,-2.3451647909776723,-2.3498649111519816,-2.3507719339974242
male,24-25,14,-2.6842993790034226,-2.677350924496873,-2.6782579473423156
male,24-25,15,-2.6703815656029626,-2.674491707210649,-2.6753987300560915
male,24-25,16,-2.94917304309137,-2.939723636577286,-2.9406306594227285
male,24-25,17,-2.719798852725679,-2.727879669165142,-2.7287866920105848
male,24-25,18,-3.057698559068102,-3.053506368653123,-3.054413391498566
male,24-25,19,-3.2247691281898674,-3.225194463306005,-3.2261014861514474
male,24-25,20,-3.471287657404892,-3.4653444020579336,-3.4662514249033762
male,24-25,21,-3.393754786678266,-3.4025616471428686,-3.403468669988311
male,24-25,22,-4.028845208517687,-4.0017807118354405,-4.002687734680883
male,24-25,23,-3.457439885586432,-3.4742067480126715,-3.475113770858114
male,24-25,24,-4.318108377831459,-4.298490304303124,-4.299397327148567
male,24-25,25,-4.4532042428370024,-4.455812625725709,-4.456719648571152
male,24-25,26,-4.801567984608685,-4.786082138109812,-4.786989160955255
male,24-25,27,-4.365133244408683,-4.386916650342015,-4.387823673187458
male,24-25,28,-7.282372408587561,-6.845490437053098,-6.84639745989854
male,24-25,29,-4.440929467231794,-4.455390790237414,-4.456297813082856
male,24-25,30,-4.395040184380797,-4.401485845109637,-4.402392867955079
male,24-25,31,-4.826787771887977,-4.8313108059461705,-4.832217828791613
male,24-25,32,-6.438794629038374,-6.314776672023605,-6.315683694869048
male,24-25,33,-4.8241971778256465,-4.835355399471526,-4.836262422316969
male,24-25,34,-4.7359161455538406,-4.754517144210176,-4.755424167055619
male,24-25,35,-9.210340371976182,-8.32091192963994,-8.321818952485383
male,24-25,36,-5.04569662757961,-5.0514548885737085,-5.052361911419151
male,24-25,37,-4.550137364164314,-4.557497498470301,-4.558404521315744
male,24-25,38,-4.607566258126505,-4.61900971068335,-4.619916733528792
male,24-25,39,-6.033332757893683,-5.980685381375178,-5.9815924042206206
male,24-25,40,-5.905730570376208,-5.864471495228954,-5.8653785180743965
male,24-25,41,-4.582175420753301,-4.603667672807424,-4.604574695652866
male,24-25,42,-5.404307388915578,-5.3763046978989655,-5.377211720744408
male,24-25,43,-5.031015993272616,-5.049666884517527,-5.05057390736297
male,24-25,44,-6.794100776592168,-6.732409373611468,-6.73331639645691
male,24-25,45,-9.210340371976182,-9.210340371976182,-9.211247394821624
male,24-25,46,-6.223047622942507,-6.259941165909699,-6.2608481887551415
male,24-25,47,-9.210340371976182,-6.223055373878057,-6.2239623967235
male,24-25,48,-9.210340371976182,-6.223044667717105,-6.223951690562548
male,24-25,49,-9.210340371976182,-6.223044664666577,-6.223951687512019
male,24-25,50,-9.210340371976182,-6.223044664665708,-6.223951687511151
male,24-25,51,-9.210340371976182,-6.223044664665707,-6.22395168751115
male,24-25,52,-9.210340371976182,-6.223044664665707,-6.22395168751115
male,26-27,-52,-9.210340371976182,-9.210340371976182,-9.211219383060717
male,26-27,-51,-9.210340371976182,-9.210340371976182,-9.211219383060717
male,26-27,-50,-9.210340371976182,-9.210340371976182,-9.211219383060717
male,26-27,-49,-9.210340371976182,-9.210340371976182,-9.211219383060717
male,26-27,-48,-9.210340371976182,-9.210340371976182,-9.211219383060717
male,26-27,-47,-9.210340371976182,-9.210340371976182,-9.211219383060717
male,26-27,-46,-9.210340371976182,-9.210340371976182,-9.211219383060717
male,26-27,-45,-9.210340371976182,-9.210340371976182,-9.211219383060717
male,26-27,-44,-9.210340371976182,-9.210340371976182,-9.211219383060717
male,26-27,-43,-9.210340371976182,-9.210340371976182,-9.211219383060717
male,26-27,-42,-9.210340371976182,-9.210340371976182,-9.211219383060717
male,26-27,-41,-9.210340371976182,-9.210340371976182,-9.211219383060717
male,26-27,-40,-9.210340371976182,-9.210340371976182,-9.211219383060717
male,26-27,-39,-9.210340371976182,-9.210340371976182,-9.211219383060717
male,26-27,-38,-9.210340371976182,-9.210340371976182,-9.211219383060717
male,26-27,-37,-9.210340371976182,-9.210340371976182,-9.211219383060717
male,26-27,-36,-9.210340371976182,-9.210340371976182,-9.211219383060717
male,26-27,-35,-9.210340371976182,-9.210340371976182,-9.211219383060717
male,26-27,-34,-9.210340371976182,-9.210340371976182,-9.211219383060717
male,26-27,-33,-9.210340371976182,-9.210340371976182,-9.211219383060717
male,26-27,-32,-9.210340371976182,-9.210340371976182,-9.211219383060717
male,26-27,-31,-9.210340371976182,-9.210340371976182,-9.211219383060717
male,26-27,-30,-9.210340371976182,-9.210340371976182,-9.211219383060717
male,26-27,-29,-9.210340371976182,-9.210340371976182,-9.211219383060717
male,26-27,-28,-9.210340371976182,-9.210340371976182,-9.211219383060717
male,26-27,-27,-9.210340371976182,-9.210340371976182,-9.211219383060717
male,26-27,-26,-9.210340371976182,-9.210340371976182,-9.211219383060717
male,26-27,-25,-9.210340371976182,-9.210340371976182,-9.211219383060717
male,26-27,-24,-9.210340371976182,-9.210340371976182,-9.211219383060717
male,26-27,-23,-9.210340371976182,-9.210340371976182,-9.211219383060717
male,26-27,-22,-9.210340371976182,-4.871603828406151,-4.872482839490686
male,26-27,-21,-9.210340371976182,-4.871603828406151,-4.872482839490686
male,26-27,-20,-9.210340371976182,-4.871603828406151,-4.872482839490686
male,26-27,-19,-9.210340371976182,-4.871603828406151,-4.872482839490686
male,26-27,-18,-9.210340371976182,-4.871603828406151,-4.872482839490686
male,26-27,-17,-9.210340371976182,-4.871603828406151,-4.872482839490686
male,26-27,-16,-9.210340371976182,-4.871603828406151,-4.872482839490686
male,26-27,-15,-9.210340371976182,-4.871603828406151,-4.872482839490686
male,26-27,-14,-9.210340371976182,-4.871603828406151,-4.872482839490686
male,26-27,-13,-9.210340371976182,-4.87160382840615,-4.872482839490685
male,26-27,-12,-9.210340371976182,-4.871603828403345,-4.87248283948788
male,26-27,-11,-9.210340371976182,-4.871603818559403,-4.872482829643937
male,26-27,-10,-9.210340371976182,-4.871569270877968,-4.872448281962503
male,26-27,-9,-4.871606728456549,-4.7603105004758435,-4.761189511560378
male,26-27,-8,-3.2613554207817024,-3.248512779595481,-3.2493917906800154
male,26-27,-7,-2.4431091356384065,-2.4152762726835593,-2.4161552837680937
male,26-27,-6,-1.2415563769538158,-1.233204542948239,-1.2340835540327737
male,26-27,-5,-0.4410162572790086,-0.4349261030571933,-0.4358051141417279
male,26-27,-4,0.2199511745289805,0.2284785858046329,0.22759957472009829
male,26-27,-3,0.9353115891103114,0.9374235070634115,0.9365444959788769
male,26-27,-2,1.4579998543797479,1.4599349609752674,1.4590559498907327
male,26-27,-1,1.9100446252392154,1.9073783099478976,1.906499298863363
male,26-27,0,2.1204225627931703,2.1098446906082002,2.1089656795236658
male,26-27,1,1.4830943759603614,1.491211611468647,1.4903326003841122
male,26-27,2,0.8179834124397986,0.8273236529327781,0.8264446418482435
male,26-27,3,0.2020106967571581,0.21235732604692056,0.21147831496238595
male,26-27,4,-0.1118629207109135,-0.10903461158145028,-0.10991362266598488
male,26-27,5,-0.38404417018610965,-0.3826667987152116,-0.3835458097997462
male,26-27,6,-0.7008205061835947,-0.6986918656158874,-0.699570876700422
male,26-27,7,-1.028232086431261,-1.022474165193923,-1.0233531762784578
male,26-27,8,-1.0879433002138905,-1.0936702866186367,-1.0945492977031714
male,26-27,9,-1.6717903910649274,-1.6592102697321456,-1.6600892808166803
male,26-27,10,-1.7488876738707801,-1.747661167312124,-1.7485401783966588
male,26-27,11,-1.758726813393343,-1.7643701509064607,-1.7652491619909954
male,26-27,12,-2.210821885394948,-2.2038051088992425,-2.204684119983777
male,26-27,13,-2.3777963770705925,-2.3755928547947325,-2.376471865879267
male,26-27,14,-2.4263133326473265,-2.4259876092336623,-2.4268666203181968
male,26-27,15,-2.458698999359392,-2.4596588572635594,-2.460537868348094
male,26-27,16,-2.557089837072617,-2.5590654505200803,-2.5599444616046148
male,26-27,17,-2.8207892270645245,-2.8208359367724647,-2.821714947856999
male,26-27,18,-3.2076943308887564,-3.20015130641237,-3.2010303174969046
male,26-27,19,-3.229228374589614,-3.2328823689502433,-3.2337613800347778
male,26-27,20,-3.5187253900290556,-3.5172150519563607,-3.5180940630408952
male,26-27,21,-3.80551497869132,-3.8027143777693766,-3.803593388853911
male,26-27,22,-3.975659448598711,-3.9655653165579943,-3.9664443276425287
male,26-27,23,-3.6235084254076857,-3.6391184117061766,-3.639997422790711
male,26-27,24,-4.680800011230727,-4.647255549592947,-4.648134560677481
male,26-27,25,-4.465872714805598,-4.48024562280585,-4.481124633890384
male,26-27,26,-5.565416063126163,-5.459510948459361,-5.460389959543895
male,26-27,27,-3.807649238059038,-3.829763862078698,-3.8306428731632325
male,26-27,28,-4.552857679947097,-4.54345711558131,-4.544336126665844
male,26-27,29,-5.314613580218882,-5.269251600476552,-5.270130611561086
male,26-27,30,-4.337690667481847,-4.346015611934222,-4.346894623018756
male,26-27,31,-4.243849447556599,-4.256778632223394,-4.257657643307929
male,26-27,32,-5.401805888846152,-5.368434935027442,-5.369313946111976
male,26-27,33,-5.461009533668765,-5.463224890367269,-5.464103901451804
male,26-27,34,-5.673742655951602,-5.676970538139921,-5.677849549224455
male,26-27,35,-6.24492049929609,-6.232930163287852,-6.233809174372387
male,26-27,36,-6.28367978510044,-6.296607485006358,-6.297486496090892
male,26-27,37,-8.058079699515234,-7.700819971097312,-7.7016989821818465
male,26-27,38,-4.941606634395601,-4.973888552597604,-4.974767563682138
male,26-27,39,-9.210340371976182,-8.857098099766647,-8.857977110851182
male,26-27,40,-6.531706972224697,-6.54768440156277,-6.5485634126473045
male,26-27,41,-6.490636210228715,-6.492834352433891,-6.493713363518426
male,26-27,42,-6.590694278217137,-6.605451509604559,-6.606330520689093
male,26-27,43,-9.210340371976182,-9.210340371976182,-9.211219383060717
male,26-27,44,-6.883771698073101,-6.919798590281478,-6.9206776013660125
male,26-27,45,-9.210340371976182,-6.883779251154548,-6.884658262239083
male,26-27,46,-9.210340371976182,-6.883768800999833,-6.884647812084367
male,26-27,47,-9.210340371976182,-6.883768798022249,-6.8846478091067835
male,26-27,48,-9.210340371976182,-6.883768798021401,-6.884647809105935
male,26-27,49,-9.210340371976182,-6.883768798021401,-6.884647809105935
male,26-27,50,-9.210340371976182,-6.883768798021401,-6.884647809105935
male,26-27,51,-9.210340371976182,-6.883768798021401,-6.884647809105935
male,26-27,52,-9.210340371976182,-6.883768798021401,-6.884647809105935
male,28-29,-52,-9.210340371976182,-9.210340371976182,-9.211086631454199
male,28-29,-51,-9.210340371976182,-9.210340371976182,-9.211086631454199
male,28-29,-50,-9.210340371976182,-9.210340371976182,-9.211086631454199
male,28-29,-49,-9.210340371976182,-9.210340371976182,-9.211086631454199
male,28-29,-48,-9.210340371976182,-9.210340371976182,-9.211086631454199
male,28-29,-47,-9.210340371976182,-9.210340371976182,-9.211086631454199
male,28-29,-46,-9.210340371976182,-9.210340371976182,-9.211086631454199
male,28-29,-45,-9.210340371976182,-9.210340371976182,-9.211086631454199
male,28-29,-44,-9.210340371976182,-9.210340371976182,-9.211086631454199
male,28-29,-43,-9.210340371976182,-9.210340371976182,-9.211086631454199
male,28-29,-42,-9.210340371976182,-9.210340371976182,-9.211086631454199
male,28-29,-41,-9.210340371976182,-9.210340371976182,-9.211086631454199
male,28-29,-40,-9.210340371976182,-9.210340371976182,-9.211086631454199
male,28-29,-39,-9.210340371976182,-9.210340371976182,-9.211086631454199
male,28-29,-38,-9.210340371976182,-9.210340371976182,-9.211086631454199
male,28-29,-37,-9.210340371976182,-9.210340371976182,-9.211086631454199
male,28-29,-36,-9.210340371976182,-9.210340371976182,-9.211086631454199
male,28-29,-35,-9.210340371976182,-9.210340371976182,-9.211086631454199
male,28-29,-34,-9.210340371976182,-9.210340371976182,-9.211086631454199
male,28-29,-33,-9.210340371976182,-9.210340371976182,-9.211086631454199
male,28-29,-32,-9.210340371976182,-9.210340371976182,-9.211086631454199
male,28-29,-31,-9.210340371976182,-9.210340371976182,-9.211086631454199
male,28-29,-30,-9.210340371976182,-9.210340371976182,-9.211086631454199
male,28-29,-29,-9.210340371976182,-9.210340371976182,-9.211086631454199
male,28-29,-28,-9.210340371976182,-9.210340371976182,-9.211086631454199
male,28-29,-27,-9.210340371976182,-9.210340371976182,-9.211086631454199
male,28-29,-26,-9.210340371976182,-9.210340371976182,-9.211086631454199
male,28-29,-25,-9.210340371976182,-9.210340371976182,-9.211086631454199
male,28-29,-24,-9.210340371976182,-9.210340371976182,-9.211086631454199
male,28-29,-23,-9.210340371976182,-9.210340371976182,-9.211086631454199
male,28-29,-22,-9.210340371976182,-9.210340371976182,-9.211086631454199
male,28-29,-21,-9.210340371976182,-9.210340371976182,-9.211086631454199
male,28-29,-20,-9.210340371976182,-5.107809225214275,-5.108555484692293
male,28-29,-19,-9.210340371976182,-5.107809225214275,-5.108555484692293
male,28-29,-18,-9.210340371976182,-5.107809225214275,-5.108555484692293
male,28-29,-17,-9.210340371976182,-5.107809225214275,-5.108555484692293
male,28-29,-16,-9.210340371976182,-5.107809225214275,-5.108555484692293
male,28-29,-15,-9.210340371976182,-5.107809225214275,-5.108555484692293
male,28-29,-14,-9.210340371976182,-5.107809225214275,-5.108555484692293
male,28-29,-13,-9.210340371976182,-5.107809225214275,-5.108555484692293
male,28-29,-12,-9.210340371976182,-5.107809224988293,-5.1085554844663115
male,28-29,-11,-5.107811434312287,-5.105804387159612,-5.10655064663763
male,28-29,-10,-3.6650858746400132,-3.66493954556701,-3.6656858050450283
male,28-29,-9,-3.0425986713123288,-3.042153890620351,-3.0429001500983692
male,28-29,-8,-2.0105270198055507,-2.0104074851445266,-2.0111537446225447
male,28-29,-7,-1.3193950496018148,-1.3193099423199939,-1.320056201798012
male,28-29,-6,-0.7626483046705907,-0.7624274597362737,-0.7631737192142917
male,28-29,-5,-0.0174471543551469,-0.017396281478306883,-0.018142540956324876
male,28-29,-4,0.5202059668401113,0.5203014543654432,0.5195551948874252
male,28-29,-3,1.076883360400378,1.0769284488862405,1.0761821894082224
male,28-29,-2,1.555868385035114,1.5558845045937308,1.5551382451157127
male,28-29,-1,1.946599440167127,1.946541322513323,1.945795063035305
male,28-29,0,2.1098277661981544,2.1096373331660097,2.1088910736879916
male,28-29,1,1.5438519190220252,1.5439746096978648,1.5432283502198467
male,28-29,2,0.9185061357452773,0.9186911020687185,0.9179448425907005
male,28-29,3,0.3862935833584204,0.3864695829774746,0.3857233234994566
male,28-29,4,0.08070260137078035,0.08073404685838623,0.07998778738036824
male,28-29,5,-0.287845104927932,-0.287756020193106,-0.28850227967112396
male,28-29,6,-0.5393030476087015,-0.5392759170117368,-0.5400221764897548
male,28-29,7,-0.8167497836078313,-0.8166936610516952,-0.8174399205297131
male,28-29,8,-1.028060326054121,-1.028067501508772,-1.02881376098679
male,28-29,9,-1.36359783394268,-1.3634957976989215,-1.3642420571769396
male,28-29,10,-1.487285255841879,-1.4872774484707703,-1.4880237079487884
male,28-29,11,-1.612918097387882,-1.6129352751209607,-1.6136815345989788
male,28-29,12,-1.83083383133903,-1.8308284416298184,-1.8315747011078365
male,28-29,13,-2.1124685219092423,-2.1123657718210356,-2.1131120312990537
male,28-29,14,-2.146790721273236,-2.146926784050409,-2.1476730435284273
male,28-29,15,-2.7633831664104953,-2.7630662790485814,-2.7638125385265995
male,28-29,16,-2.701384945616292,-2.7014090615011868,-2.702155320979205
male,28-29,17,-2.7190192421925774,-2.719002350146454,-2.7197486096244723
male,28-29,18,-2.69332366536782,-2.6934038968035505,-2.6941501562815686
male,28-29,19,-2.9402882868336544,-2.9403452370328624,-2.9410914965108805
male,28-29,20,-3.534741028425783,-3.534503697036607,-3.535249956514625
male,28-29,21,-3.633978935693351,-3.6339923759713444,-3.6347386354493625
male,28-29,22,-3.7905328527547804,-3.790548350925352,-3.7912946104033702
male,28-29,23,-4.040111078457917,-4.040174393392391,-4.040920652870409
male,28-29,24,-4.677742406028659,-4.6765738582398875,-4.677320117717906
male,28-29,25,-3.4065530122087733,-3.406938340812893,-3.407684600290911
male,28-29,26,-4.001770459862242,-4.0017366721899545,-4.002482931667973
male,28-29,27,-5.297435317633526,-5.296091153003007,-5.296837412481025
male,28-29,28,-4.462045852638971,-4.462500374272989,-4.463246633751007
male,28-29,29,-5.981290136098498,-5.980088546508126,-5.980834805986144
male,28-29,30,-5.86365773617556,-5.8631235425690305,-5.8638698020470486
male,28-29,31,-4.898921618786514,-4.8994578948986485,-4.900204154376667
male,28-29,32,-9.210340371976182,-9.210340371976182,-9.211086631454199
male,28-29,33,-6.572149870320963,-6.570687951534554,-6.571434211012572
male,28-29,34,-4.719041111678457,-4.719181092268029,-4.719927351746047
male,28-29,35,-4.365926244110303,-4.366333538466236,-4.367079797944254
male,28-29,36,-7.018940074247875,-7.013313189784011,-7.014059449262029
male,28-29,37,-5.49549134196747,-5.496058992321311,-5.496805251799329
male,28-29,38,-7.953888690762385,-7.949050992570807,-7.949797252048825
male,28-29,39,-6.410360405136257,-6.41037216426683,-6.411118423744848
male,28-29,40,-5.842616162534942,-5.843051275702668,-5.843797535180686
male,28-29,41,-7.818213283443738,-7.8162986143352455,-7.817044873813264
male,28-29,42,-9.210340371976182,-9.210340371976182,-9.211086631454199
male,28-29,43,-9.210340371976182,-9.210340371976182,-9.211086631454199
male,28-29,44,-9.210340371976182,-9.210340371976182,-9.211086631454199
male,28-29,45,-9.210340371976182,-9.210340371976182,-9.211086631454199
male,28-29,46,-9.210340371976182,-9.210340371976182,-9.211086631454199
male,28-29,47,-9.210340371976182,-9.210340371976182,-9.211086631454199
male,28-29,48,-9.210340371976182,-9.210340371976182,-9.211086631454199
male,28-29,49,-9.210340371976182,-9.210340371976182,-9.211086631454199
male,28-29,50,-9.210340371976182,-9.210340371976182,-9.211086631454199
male,28-29,51,-9.210340371976182,-9.210340371976182,-9.211086631454199
male,28-29,52,-9.210340371976182,-9.210340371976182,-9.211086631454199
male,30-31,-52,-9.210340371976182,-9.210340371976182,-9.211018385431933
male,30-31,-51,-9.210340371976182,-9.210340371976182,-9.211018385431933
male,30-31,-50,-9.210340371976182,-9.210340371976182,-9.211018385431933
male,30-31,-49,-9.210340371976182,-9.210340371976182,-9.211018385431933
male,30-31,-48,-9.210340371976182,-9.210340371976182,-9.211018385431933
male,30-31,-47,-9.210340371976182,-9.210340371976182,-9.211018385431933
male,30-31,-46,-9.210340371976182,-9.210340371976182,-9.211018385431933
male,30-31,-45,-9.210340371976182,-9.210340371976182,-9.211018385431933
male,30-31,-44,-9.210340371976182,-9.210340371976182,-9.211018385431933
male,30-31,-43,-9.210340371976182,-9.210340371976182,-9.211018385431933
male,30-31,-42,-9.210340371976182,-9.210340371976182,-9.211018385431933
male,30-31,-41,-9.210340371976182,-9.210340371976182,-9.211018385431933
male,30-31,-40,-9.210340371976182,-9.210340371976182,-9.211018385431933
male,30-31,-39,-9.210340371976182,-9.210340371976182,-9.211018385431933
male,30-31,-38,-9.210340371976182,-9.210340371976182,-9.211018385431933
male,30-31,-37,-9.210340371976182,-9.210340371976182,-9.211018385431933
male,30-31,-36,-9.210340371976182,-9.210340371976182,-9.211018385431933
male,30-31,-35,-9.210340371976182,-9.210340371976182,-9.211018385431933
male,30-31,-34,-9.210340371976182,-9.210340371976182,-9.211018385431933
male,30-31,-33,-9.210340371976182,-9.210340371976182,-9.211018385431933
male,30-31,-32,-9.210340371976182,-9.210340371976182,-9.211018385431933
male,30-31,-31,-9.210340371976182,-9.210340371976182,-9.211018385431933
male,30-31,-30,-9.210340371976182,-9.210340371976182,-9.211018385431933
male,30-31,-29,-9.210340371976182,-9.210340371976182,-9.211018385431933
male,30-31,-28,-9.210340371976182,-9.210340371976182,-9.211018385431933
male,30-31,-27,-9.210340371976182,-9.210340371976182,-9.211018385431933
male,30-31,-26,-9.210340371976182,-9.210340371976182,-9.211018385431933
male,30-31,-25,-9.210340371976182,-9.210340371976182,-9.211018385431933
male,30-31,-24,-9.210340371976182,-9.210340371976182,-9.211018385431933
male,30-31,-23,-9.210340371976182,-9.210340371976182,-9.211018385431933
male,30-31,-22,-9.210340371976182,-4.975623794439121,-4.976301807894872
male,30-31,-21,-9.210340371976182,-4.97562379443912,-4.976301807894871
male,30-31,-20,-9.210340371976182,-4.975623794439121,-4.976301807894872
male,30-31,-19,-9.210340371976182,-4.97562379443912,-4.976301807894871
male,30-31,-18,-9.210340371976182,-4.975623794439121,-4.976301807894872
male,30-31,-17,-9.210340371976182,-4.975623794439121,-4.976301807894872
male,30-31,-16,-9.210340371976182,-4.975623794439121,-4.976301807894872
male,30-31,-15,-9.210340371976182,-4.97562379443912,-4.976301807894871
male,30-31,-14,-9.210340371976182,-4.975623794407623,-4.976301807863374
male,30-31,-13,-4.9756252022157055,-4.975344120783436,-4.976022134239187
male,30-31,-12,-4.614726797394275,-4.614126867375332,-4.614804880831083
male,30-31,-11,-3.519639153106932,-3.5193256518134692,-3.52000366526922
male,30-31,-10,-2.5564921080723213,-2.556495484221975,-2.557173497677726
male,30-31,-9,-2.085018122990787,-2.084852578969282,-2.085530592425033
male,30-31,-8,-1.4666115657760586,-1.46646489977373,-1.4671429132294809
male,30-31,-7,-0.8198851592315057,-0.8197968280325774,-0.8204748414883283
male,30-31,-6,-0.2470901436921977,-0.24701735186503557,-0.24769536532078645
male,30-31,-5,0.28050645365317883,0.28055894803412024,0.2798809345783694
male,30-31,-4,0.7626410463298132,0.7627245813489156,0.7620465678931647
male,30-31,-3,1.2913906301128464,1.2913759478638738,1.2906979344081229
male,30-31,-2,1.6411212231590722,1.641141123278985,1.640463109823234
male,30-31,-1,1.9705836578776712,1.9705303145892534,1.9698523011335025
male,30-31,0,2.101006217573366,2.100836626917045,2.100158613461294
male,30-31,1,1.5634629055730138,1.5635823178960668,1.562904304440316
male,30-31,2,0.9592107308531184,0.959399213743705,0.958721200287954
male,30-31,3,0.5400282402662815,0.5400971104061072,0.5394190969503563
male,30-31,4,0.08226294862256044,0.08243385173170054,0.08175583827594966
male,30-31,5,-0.03834931029911729,-0.038389350117209196,-0.03906736357296007
male,30-31,6,-0.3602963521087309,-0.36022414517884643,-0.3609021586345973
male,30-31,7,-0.5787992234210749,-0.5787694033804271,-0.5794474168361781
male,30-31,8,-0.7671337610044161,-0.7671485243831393,-0.7678265378388902
male,30-31,9,-1.0691238022000527,-1.0690487305542653,-1.0697267440100162
male,30-31,10,-1.2146452331800288,-1.2146897224591628,-1.2153677359149138
male,30-31,11,-1.5780186714125202,-1.5779291712756744,-1.5786071847314254
male,30-31,12,-1.7871394300396708,-1.787162792024386,-1.787840805480137
male,30-31,13,-2.1694390838749693,-2.1692875091904953,-2.169965522646246
male,30-31,14,-2.2016226412233446,-2.2016394938110926,-2.2023175072668435
male,30-31,15,-2.296620773236667,-2.2966599603231423,-2.2973379737788933
male,30-31,16,-2.5566829471069137,-2.556653755512703,-2.557331768968454
male,30-31,17,-2.8052685154772945,-2.805145694229663,-2.805823707685414
male,30-31,18,-2.728313671182703,-2.728392726314782,-2.729070739770533
male,30-31,19,-2.90406355824374,-2.9040595994851643,-2.9047376129409153
male,30-31,20,-3.096440296208546,-3.096486931388097,-3.097164944843848
male,30-31,21,-3.534101008258756,-3.533834921725301,-3.534512935181052
male,30-31,22,-3.3249027445698363,-3.3251045513755235,-3.3257825648312744
male,30-31,23,-3.860222276152754,-3.8601612223366404,-3.8608392357923913
male,30-31,24,-4.596709547544434,-4.596378633001558,-4.597056646457309
male,30-31,25,-4.71308704038159,-4.713086860897698,-4.713764874353449
male,30-31,26,-4.8473945232811095,-4.847216650127254,-4.847894663583005
male,30-31,27,-4.5303237223154875,-4.530664086969696,-4.531342100425447
male,30-31,28,-5.882163879371652,-5.881075003360848,-5.881753016816599
male,30-31,29,-5.531393975900183,-5.531427357231608,-5.532105370687359
male,30-31,30,-5.3679427899402405,-5.36813660291087,-5.368814616366621
male,30-31,31,-5.943395334472968,-5.942455693954665,-5.943133707410416
male,30-31,32,-4.838358455835982,-4.83875712656019,-4.839435140015941
male,30-31,33,-5.585363238925891,-5.585182529169899,-5.58586054262565
male,30-31,34,-6.469810270936791,-6.469136710017901,-6.469814723473652
male,30-31,35,-6.01028332122574,-6.010575273106885,-6.011253286562636
male,30-31,36,-6.716866693866493,-6.716685629268159,-6.71736364272391
male,30-31,37,-7.429992894949286,-7.4299693382731204,-7.430647351728871
male,30-31,38,-9.210340371976182,-9.210340371976182,-9.211018385431933
male,30-31,39,-6.656733131145812,-6.6569762241428405,-6.657654237598591
male,30-31,40,-6.221649574972688,-6.221889717353411,-6.222567730809162
male,30-31,41,-9.210340371976182,-6.22164816722241,-6.222326180678161
male,30-31,42,-9.210340371976182,-6.2216481671952115,-6.222326180650962
male,30-31,43,-9.210340371976182,-6.221648167195212,-6.222326180650963
male,30-31,44,-9.210340371976182,-6.2216481671952115,-6.222326180650962
male,30-31,45,-9.210340371976182,-6.2216481671952115,-6.222326180650962
male,30-31,46,-9.210340371976182,-6.2216481671952115,-6.222326180650962
male,30-31,47,-9.210340371976182,-6.2216481671952115,-6.222326180650962
male,30-31,48,-9.210340371976182,-6.2216481671952115,-6.222326180650962
male,30-31,49,-9.210340371976182,-6.2216481671952115,-6.222326180650962
male,30-31,50,-9.210340371976182,-9.210340371976182,-9.211018385431933
male,30-31,51,-9.210340371976182,-9.210340371976182,-9.211018385431933
male,30-31,52,-9.210340371976182,-9.210340371976182,-9.211018385431933
male,32-33,-52,-9.210340371976182,-9.210340371976182,-9.211456392404475
male,32-33,-51,-9.210340371976182,-9.210340371976182,-9.211456392404475
male,32-33,-50,-9.210340371976182,-9.210340371976182,-9.211456392404475
male,32-33,-49,-9.210340371976182,-9.210340371976182,-9.211456392404475
male,32-33,-48,-9.210340371976182,-9.210340371976182,-9.211456392404475
male,32-33,-47,-9.210340371976182,-9.210340371976182,-9.211456392404475
male,32-33,-46,-9.210340371976182,-9.210340371976182,-9.211456392404475
male,32-33,-45,-9.210340371976182,-9.210340371976182,-9.211456392404475
male,32-33,-44,-9.210340371976182,-9.210340371976182,-9.211456392404475
male,32-33,-43,-9.210340371976182,-9.210340371976182,-9.211456392404475
male,32-33,-42,-9.210340371976182,-9.210340371976182,-9.211456392404475
male,32-33,-41,-9.210340371976182,-9.210340371976182,-9.211456392404475
male,32-33,-40,-9.210340371976182,-9.210340371976182,-9.211456392404475
male,32-33,-39,-9.210340371976182,-9.210340371976182,-9.211456392404475
male,32-33,-38,-9.210340371976182,-9.210340371976182,-9.211456392404475
male,32-33,-37,-9.210340371976182,-9.210340371976182,-9.211456392404475
male,32-33,-36,-9.210340371976182,-9.210340371976182,-9.211456392404475
male,32-33,-35,-9.210340371976182,-9.210340371976182,-9.211456392404475
male,32-33,-34,-9.210340371976182,-9.210340371976182,-9.211456392404475
male,32-33,-33,-9.210340371976182,-9.210340371976182,-9.211456392404475
male,32-33,-32,-9.210340371976182,-9.210340371976182,-9.211456392404475
male,32-33,-31,-9.210340371976182,-9.210340371976182,-9.211456392404475
male,32-33,-30,-9.210340371976182,-9.210340371976182,-9.211456392404475
male,32-33,-29,-9.210340371976182,-9.210340371976182,-9.211456392404475
male,32-33,-28,-9.210340371976182,-9.210340371976182,-9.211456392404475
male,32-33,-27,-9.210340371976182,-9.210340371976182,-9.211456392404475
male,32-33,-26,-9.210340371976182,-9.210340371976182,-9.211456392404475
male,32-33,-25,-9.210340371976182,-9.210340371976182,-9.211456392404475
male,32-33,-24,-9.210340371976182,-5.372109222044376,-5.373225242472668
male,32-33,-23,-9.210340371976182,-5.372109222044376,-5.373225242472668
male,32-33,-22,-9.210340371976182,-5.372109222044376,-5.373225242472668
male,32-33,-21,-9.210340371976182,-5.372109222044376,-5.373225242472668
male,32-33,-20,-9.210340371976182,-5.372109222044376,-5.373225242472668
male,32-33,-19,-9.210340371976182,-5.372109222044376,-5.373225242472668
male,32-33,-18,-9.210340371976182,-5.372109222044376,-5.373225242472668
male,32-33,-17,-9.210340371976182,-5.372109222044376,-5.373225242472668
male,32-33,-16,-9.210340371976182,-5.372109222055329,-5.373225242483621
male,32-33,-15,-5.372112757694703,-5.372206490444465,-5.373322510872757
male,32-33,-14,-5.536523870711325,-5.535685127640066,-5.536801148068358
male,32-33,-13,-4.297360794792766,-4.296971210641074,-4.298087231069366
male,32-33,-12,-3.237391547395844,-3.237271333310251,-3.2383873537385437
male,32-33,-11,-2.5463258530622905,-2.5462487055516134,-2.547364725979906
male,32-33,-10,-2.01180073468917,-2.011676158277972,-2.0127921787062646
male,32-33,-9,-1.4325389951276246,-1.4324303809303476,-1.43354640135864
male,32-33,-8,-0.8514162189010103,-0.851371809577128,-0.8524878300054206
male,32-33,-7,-0.3795741271496488,-0.37950081559201654,-0.3806168360203091
male,32-33,-6,0.11517176481054187,0.11522059200317093,0.11410457157487834
male,32-33,-5,0.5775763140567268,0.5776106617819985,0.5764946413537059
male,32-33,-4,0.9977915678853508,0.9978469903124726,0.99673096988418
male,32-33,-3,1.4353270095684214,1.4353037216548459,1.4341877012265534
male,32-33,-2,1.7053773091210735,1.7053977452333076,1.704281724805015
male,32-33,-1,1.9907304161405002,1.9906834597123009,1.9895674392840084
male,32-33,0,2.1119703927917697,2.1118049738064366,2.110688953378144
male,32-33,1,1.5950400770378041,1.5951492671866163,1.5940332467583238
male,32-33,2,1.048726654361002,1.0488820811796125,1.04776606075132
male,32-33,3,0.6415016574812594,0.6416044770107978,0.6404884565825052
male,32-33,4,0.34786574836295936,0.3478990952202012,0.3467830747919086
male,32-33,5,0.018526052999384625,0.01861592713426122,0.017499906705968633
male,32-33,6,-0.14257924206697342,-0.14261595889800474,-0.14373197932629733
male,32-33,7,-0.49825671736219124,-0.49819999240625257,-0.49931601283454513
male,32-33,8,-0.8186817954501628,-0.8186233338574096,-0.8197393542857022
male,32-33,9,-1.0773670682654333,-1.077266000793525,-1.0783820212218176
male,32-33,10,-1.0895200028941643,-1.089660708126338,-1.0907767285546306
male,32-33,11,-1.6974088859462315,-1.6970858611697057,-1.6982018815979982
male,32-33,12,-1.6072409077040144,-1.6073637213947296,-1.6084797418230221
male,32-33,13,-1.9601116809065517,-1.9599940051872193,-1.9611100256155118
male,32-33,14,-2.0628761564513782,-2.0628519724309866,-2.063967992859279
male,32-33,15,-2.113114696532565,-2.113197832075775,-2.1143138525040674
male,32-33,16,-2.477086384388104,-2.477044874349478,-2.4781608947777705
male,32-33,17,-2.845058885488458,-2.8448664719946244,-2.845982492422917
male,32-33,18,-2.72085957623284,-2.721037127349575,-2.7221531477778673
male,32-33,19,-3.2793919721866387,-3.279065279753751,-3.2801813001820435
male,32-33,20,-3.0910968410898283,-3.091286253020985,-3.0924022734492773
male,32-33,21,-3.60348461495537,-3.603431648045006,-3.6045476684732987
male,32-33,22,-4.324550303436468,-4.323902309285076,-4.325018329713369
male,32-33,23,-3.6985042238526114,-3.698875513933847,-3.6999915343621397
male,32-33,24,-4.710558801522049,-4.709638583006263,-4.710754603434555
male,32-33,25,-4.024887722614109,-4.025211115487796,-4.026327135916088
male,32-33,26,-4.687586634750872,-4.687434525731692,-4.688550546159984
male,32-33,27,-5.301646974783369,-5.301500225870885,-5.302616246299178
male,32-33,28,-5.78167215333103,-5.780736943620211,-5.781852964048504
male,32-33,29,-4.620860346112327,-4.621186919968047,-4.62230294039634
male,32-33,30,-4.9663006781727885,-4.966326577546548,-4.9674425979748404
male,32-33,31,-5.668970470415821,-5.668760593306479,-5.669876613734772
male,32-33,32,-6.201954678971362,-6.201788371165981,-6.202904391594274
male,32-33,33,-6.459036817418932,-6.4573316995169545,-6.458447719945247
male,32-33,34,-4.694014425600864,-4.69453160167799,-4.695647622106282
male,32-33,35,-5.974879221716887,-5.97432471537635,-5.975440735804643
male,32-33,36,-9.210340371976182,-9.210340371976182,-9.211456392404475
male,32-33,37,-9.210340371976182,-9.210340371976182,-9.211456392404475
male,32-33,38,-9.210340371976182,-9.210340371976182,-9.211456392404475
male,32-33,39,-9.210340371976182,-9.210340371976182,-9.211456392404475
male,32-33,40,-9.210340371976182,-9.210340371976182,-9.211456392404475
male,32-33,41,-9.210340371976182,-9.210340371976182,-9.211456392404475
male,32-33,42,-9.210340371976182,-9.210340371976182,-9.211456392404475
male,32-33,43,-9.210340371976182,-9.210340371976182,-9.211456392404475
male,32-33,44,-9.210340371976182,-9.210340371976182,-9.211456392404475
male,32-33,45,-9.210340371976182,-9.210340371976182,-9.211456392404475
male,32-33,46,-9.210340371976182,-9.210340371976182,-9.211456392404475
male,32-33,47,-9.210340371976182,-9.210340371976182,-9.211456392404475
male,32-33,48,-9.210340371976182,-9.210340371976182,-9.211456392404475
male,32-33,49,-9.210340371976182,-9.210340371976182,-9.211456392404475
male,32-33,50,-9.210340371976182,-9.210340371976182,-9.211456392404475
male,32-33,51,-9.210340371976182,-9.210340371976182,-9.211456392404475
male,32-33,52,-9.210340371976182,-9.210340371976182,-9.211456392404475
male,34-35,-52,-9.210340371976182,-9.210340371976182,-9.210866996854458
male,34-35,-51,-9.210340371976182,-9.210340371976182,-9.210866996854458
male,34-35,-50,-9.210340371976182,-9.210340371976182,-9.210866996854458
male,34-35,-49,-9.210340371976182,-9.210340371976182,-9.210866996854458
male,34-35,-48,-9.210340371976182,-9.210340371976182,-9.210866996854458
male,34-35,-47,-9.210340371976182,-9.210340371976182,-9.210866996854458
male,34-35,-46,-9.210340371976182,-9.210340371976182,-9.210866996854458
male,34-35,-45,-9.210340371976182,-9.210340371976182,-9.210866996854458
male,34-35,-44,-9.210340371976182,-9.210340371976182,-9.210866996854458
male,34-35,-43,-9.210340371976182,-9.210340371976182,-9.210866996854458
male,34-35,-42,-9.210340371976182,-9.210340371976182,-9.210866996854458
male,34-35,-41,-9.210340371976182,-9.210340371976182,-9.210866996854458
male,34-35,-40,-9.210340371976182,-9.210340371976182,-9.210866996854458
male,34-35,-39,-9.210340371976182,-9.210340371976182,-9.210866996854458
male,34-35,-38,-9.210340371976182,-9.210340371976182,-9.210866996854458
male,34-35,-37,-9.210340371976182,-9.210340371976182,-9.210866996854458
male,34-35,-36,-9.210340371976182,-9.210340371976182,-9.210866996854458
male,34-35,-35,-9.210340371976182,-9.210340371976182,-9.210866996854458
male,34-35,-34,-9.210340371976182,-9.210340371976182,-9.210866996854458
male,34-35,-33,-9.210340371976182,-9.210340371976182,-9.210866996854458
male,34-35,-32,-9.210340371976182,-9.210340371976182,-9.210866996854458
male,34-35,-31,-9.210340371976182,-9.210340371976182,-9.210866996854458
male,34-35,-30,-9.210340371976182,-9.210340371976182,-9.210866996854458
male,34-35,-29,-9.210340371976182,-9.210340371976182,-9.210866996854458
male,34-35,-28,-9.210340371976182,-9.210340371976182,-9.210866996854458
male,34-35,-27,-9.210340371976182,-9.210340371976182,-9.210866996854458
male,34-35,-26,-9.210340371976182,-6.273738831550312,-6.274265456428587
male,34-35,-25,-9.210340371976182,-6.273738831550312,-6.274265456428587
male,34-35,-24,-9.210340371976182,-6.273738831550312,-6.274265456428587
male,34-35,-23,-9.210340371976182,-6.273738831550312,-6.274265456428587
male,34-35,-22,-9.210340371976182,-6.273738831550312,-6.274265456428587
male,34-35,-21,-9.210340371976182,-6.273738831550312,-6.274265456428587
male,34-35,-20,-9.210340371976182,-6.273738831550312,-6.274265456428587
male,34-35,-19,-9.210340371976182,-6.273738831550312,-6.274265456428587
male,34-35,-18,-9.210340371976182,-6.273738831474786,-6.274265456353061
male,34-35,-17,-6.273739542204856,-6.273068352136258,-6.273594977014533
male,34-35,-16,-5.56043081489258,-5.560025090887277,-5.560551715765552
male,34-35,-15,-4.641164633913806,-4.640819292842532,-4.641345917720807
male,34-35,-14,-3.666251753685725,-3.666077883952522,-3.6666045088307975
male,34-35,-13,-2.9090529493678967,-2.9090163030967187,-2.9095429279749943
male,34-35,-12,-2.423071680873581,-2.4230679555290395,-2.423594580407315
male,34-35,-11,-2.0896879247872024,-2.089436342503017,-2.0899629673812927
male,34-35,-10,-1.361136508358398,-1.3611081678806518,-1.3616347927589272
male,34-35,-9,-0.8644869344927472,-0.8644425516605684,-0.8649691765388439
male,34-35,-8,-0.4112970377223614,-0.4112393704835684,-0.41176599536184383
male,34-35,-7,0.055800384749008274,0.055793800649296454,0.055267175771021027
male,34-35,-6,0.394812750551628,0.3948937804528182,0.39436715557454277
male,34-35,-5,0.8495124066331249,0.849520964837752,0.8489943399594765
male,34-35,-4,1.2087662227355056,1.2087912808661176,1.2082646559878423
male,34-35,-3,1.5668336961207554,1.5668034446774155,1.5662768197991401
male,34-35,-2,1.792210659104533,1.7922110410398577,1.7916844161615824
male,34-35,-1,1.9958008883017815,1.9957694220464615,1.995242797168186
male,34-35,0,2.094533204386866,2.094379390303792,2.0938527654255163
male,34-35,1,1.605894648851001,1.605993472039205,1.6054668471609297
male,34-35,2,1.0912085388886918,1.0913436879212772,1.0908170630430019
male,34-35,3,0.7043437186997011,0.7044169109106354,0.7038902860323599
male,34-35,4,0.3779421938238836,0.3780022319200545,0.37747560704177907
male,34-35,5,0.1307854920759717,0.1307732228459397,0.13024659796766427
male,34-35,6,-0.26363981675338777,-0.263493212782284,-0.2640198376605594
male,34-35,7,-0.3259501704166806,-0.3260549201518287,-0.3265815450301041
male,34-35,8,-0.8111018162522593,-0.8108939880908359,-0.8114206129691114
male,34-35,9,-0.8244118676976286,-0.8244894551562447,-0.8250160800345202
male,34-35,10,-1.116053848506557,-1.115983878690327,-1.1165105035686023
male,34-35,11,-1.2713431809674833,-1.2713702501336235,-1.2718968750118989
male,34-35,12,-1.5752438304796443,-1.5751712121576087,-1.575697837035884
male,34-35,13,-1.736293713355706,-1.7363252563866884,-1.7368518812649638
male,34-35,14,-2.0459187585150245,-2.0458886375271286,-2.046415262405404
male,34-35,15,-2.3474824986259093,-2.3474506313332433,-2.347977256211519
male,34-35,16,-2.6260563633922183,-2.6260154158862647,-2.6265420407645403
male,34-35,17,-2.846722362826974,-2.846764493049432,-2.8472911179277074
male,34-35,18,-3.308779541322898,-3.3085345962772594,-3.309061221155535
male,34-35,19,-3.1695947478217708,-3.169663828099712,-3.1701904529779874
male,34-35,20,-3.2534190012703363,-3.2534759364976664,-3.254002561375942
male,34-35,21,-3.557430607407001,-3.557467505178918,-3.557994130057194
male,34-35,22,-4.177953635600882,-4.177763507666744,-4.178290132545019
male,34-35,23,-4.493723491030655,-4.493702178546136,-4.494228803424411
male,34-35,24,-4.840102297701269,-4.840086144667292,-4.840612769545567
male,34-35,25,-5.2641776771682105,-5.263663718560233,-5.264190343438508
male,34-35,26,-4.565645352393116,-4.566028927871273,-4.5665555527495485
male,34-35,27,-5.632871246639284,-5.631940777697552,-5.632467402575827
male,34-35,28,-5.016742571704527,-5.017039538781121,-5.017566163659396
male,34-35,29,-5.578623171499553,-5.577915664660881,-5.578442289539156
male,34-35,30,-4.720966129164543,-4.721382367040136,-4.721908991918411
male,34-35,31,-5.84369600935781,-5.843032390870167,-5.8435590157484425
male,34-35,32,-5.982005924899325,-5.982049713758853,-5.982576338637128
male,34-35,33,-6.3193983487287975,-6.319307216334102,-6.319833841212377
male,34-35,34,-6.468314100468707,-6.467039005966151,-6.467565630844426
male,34-35,35,-4.9362627193085995,-4.936691371046474,-4.937217995924749
male,34-35,36,-9.210340371976182,-9.210340371976182,-9.210866996854458
male,34-35,37,-9.210340371976182,-9.210340371976182,-9.210866996854458
male,34-35,38,-9.210340371976182,-9.210340371976182,-9.210866996854458
male,34-35,39,-9.210340371976182,-9.210340371976182,-9.210866996854458
male,34-35,40,-9.210340371976182,-9.210340371976182,-9.210866996854458
male,34-35,41,-9.210340371976182,-9.210340371976182,-9.210866996854458
male,34-35,42,-9.210340371976182,-9.210340371976182,-9.210866996854458
male,34-35,43,-9.210340371976182,-9.210340371976182,-9.210866996854458
male,34-35,44,-9.210340371976182,-9.210340371976182,-9.210866996854458
male,34-35,45,-9.210340371976182,-9.210340371976182,-9.210866996854458
male,34-35,46,-9.210340371976182,-9.210340371976182,-9.210866996854458
male,34-35,47,-9.210340371976182,-9.210340371976182,-9.210866996854458
male,34-35,48,-9.210340371976182,-9.210340371976182,-9.210866996854458
male,34-35,49,-9.210340371976182,-9.210340371976182,-9.210866996854458
male,34-35,50,-9.210340371976182,-9.210340371976182,-9.210866996854458
male,34-35,51,-9.210340371976182,-9.210340371976182,-9.210866996854458
male,34-35,52,-9.210340371976182,-9.210340371976182,-9.210866996854458
male,36-37,-52,-9.210340371976182,-9.210340371976182,-9.210630602135739
male,36-37,-51,-9.210340371976182,-9.210340371976182,-9.210630602135739
male,36-37,-50,-9.210340371976182,-9.210340371976182,-9.210630602135739
male,36-37,-49,-9.210340371976182,-9.210340371976182,-9.210630602135739
male,36-37,-48,-9.210340371976182,-9.210340371976182,-9.210630602135739
male,36-37,-47,-9.210340371976182,-9.210340371976182,-9.210630602135739
male,36-37,-46,-9.210340371976182,-9.210340371976182,-9.210630602135739
male,36-37,-45,-9.210340371976182,-9.210340371976182,-9.210630602135739
male,36-37,-44,-9.210340371976182,-9.210340371976182,-9.210630602135739
male,36-37,-43,-9.210340371976182,-9.210340371976182,-9.210630602135739
male,36-37,-42,-9.210340371976182,-9.210340371976182,-9.210630602135739
male,36-37,-41,-9.210340371976182,-9.210340371976182,-9.210630602135739
male,36-37,-40,-9.210340371976182,-9.210340371976182,-9.210630602135739
male,36-37,-39,-9.210340371976182,-9.210340371976182,-9.210630602135739
male,36-37,-38,-9.210340371976182,-9.210340371976182,-9.210630602135739
male,36-37,-37,-9.210340371976182,-9.210340371976182,-9.210630602135739
male,36-37,-36,-9.210340371976182,-9.210340371976182,-9.210630602135739
male,36-37,-35,-9.210340371976182,-9.210340371976182,-9.210630602135739
male,36-37,-34,-9.210340371976182,-9.210340371976182,-9.210630602135739
male,36-37,-33,-9.210340371976182,-9.210340371976182,-9.210630602135739
male,36-37,-32,-9.210340371976182,-9.210340371976182,-9.210630602135739
male,36-37,-31,-9.210340371976182,-9.210340371976182,-9.210630602135739
male,36-37,-30,-9.210340371976182,-9.210340371976182,-9.210630602135739
male,36-37,-29,-9.210340371976182,-9.210340371976182,-9.210630602135739
male,36-37,-28,-9.210340371976182,-6.941804980084638,-6.942095210244195
male,36-37,-27,-9.210340371976182,-6.941804980084638,-6.942095210244195
male,36-37,-26,-9.210340371976182,-6.941804980084638,-6.942095210244195
male,36-37,-25,-9.210340371976182,-6.941804980084638,-6.942095210244195
male,36-37,-24,-9.210340371976182,-6.941804980084638,-6.942095210244195
male,36-37,-23,-9.210340371976182,-6.941804980084638,-6.942095210244195
male,36-37,-22,-9.210340371976182,-6.941804980084638,-6.942095210244195
male,36-37,-21,-9.210340371976182,-6.941804980084638,-6.942095210244195
male,36-37,-20,-9.210340371976182,-6.941804979785283,-6.94209520994484
male,36-37,-19,-6.9418049800836075,-6.939150157828059,-6.939440387987616
male,36-37,-18,-5.321370633546213,-5.320536522430888,-5.3208267525904445
male,36-37,-17,-3.9403869390035444,-3.940575787183455,-3.9408660173430117
male,36-37,-16,-3.751915722461738,-3.7516038757083785,-3.7518941058679354
male,36-37,-15,-3.0110202112774807,-3.011172918028648,-3.011463148188205
male,36-37,-14,-2.948321181968786,-2.948180951210166,-2.948471181369723
male,36-37,-13,-2.5513072731783244,-2.551133654640454,-2.551423884800011
male,36-37,-12,-1.9193420227414477,-1.9193111795436262,-1.919601409703183
male,36-37,-11,-1.4487747018691148,-1.4485968689447932,-1.44888709910435
male,36-37,-10,-0.764786828514664,-0.7648530004716229,-0.7651432306311796
male,36-37,-9,-0.46301546322661485,-0.4629416344749747,-0.4632318646345315
male,36-37,-8,-0.03521110127320659,-0.03520185202131359,-0.03549208218087036
male,36-37,-7,0.31629152260975085,0.3163530501488087,0.31606281998925195
male,36-37,-6,0.7381731161669937,0.7381731419372158,0.7378829117776591
male,36-37,-5,1.074594816159708,1.0745885984647423,1.0742983683051854
male,36-37,-4,1.3473271353406302,1.3473321850844797,1.3470419549249228
male,36-37,-3,1.597455434862929,1.5974647075529316,1.5971744773933747
male,36-37,-2,1.8406341599288956,1.840627014648335,1.8403367844887781
male,36-37,-1,2.039461749434302,2.039407214473856,2.0391169843142993
male,36-37,0,2.0704273680381475,2.070285215309889,2.0699949851503323
male,36-37,1,1.5524983824777612,1.5526236525092583,1.5523334223497014
male,36-37,2,1.1446709260605148,1.144746447223293,1.1444562170637362
male,36-37,3,0.8005749936395079,0.8006059892280377,0.800315759068481
male,36-37,4,0.40785339358000844,0.40794720619033964,0.4076569760307829
male,36-37,5,0.16321861563236761,0.16323720591889876,0.16294697575934197
male,36-37,6,-0.10007728798600203,-0.10003705411955065,-0.10032728427910742
male,36-37,7,-0.3103227165025092,-0.3102869154748303,-0.31057714563438704
male,36-37,8,-0.4579699780748547,-0.45798215409033116,-0.4582723842498879
male,36-37,9,-0.687125701266038,-0.6871170193879867,-0.6874072495475435
male,36-37,10,-0.9680405941956168,-0.968050537080197,-0.9683407672397537
male,36-37,11,-1.4155302722050422,-1.4153142971619213,-1.4156045273214781
male,36-37,12,-1.338059702447053,-1.3381778720545234,-1.3384681022140803
male,36-37,13,-1.652072005809906,-1.6520497465758444,-1.6523399767354012
male,36-37,14,-1.9880663716984024,-1.9880521306624115,-1.9883423608219684
male,36-37,15,-2.424275743618288,-2.424081185119531,-2.424371415279088
male,36-37,16,-2.3960991283445114,-2.3962363655711796,-2.3965265957307365
male,36-37,17,-2.8685602406545914,-2.868441338577485,-2.868731568737042
male,36-37,18,-3.1446655614224426,-3.1446578337918365,-3.1449480639513934
male,36-37,19,-3.499341268123686,-3.4993709712332888,-3.4996612013928456
male,36-37,20,-4.210792748901483,-4.210287733134862,-4.210577963294419
male,36-37,21,-3.823500543639312,-3.823765883618382,-3.8240561137779387
male,36-37,22,-4.46054736815395,-4.459794942859549,-4.460085173019106
male,36-37,23,-3.62022331253849,-3.6205657133306053,-3.620855943490162
male,36-37,24,-4.25266503692559,-4.252621325530172,-4.252911555689729
male,36-37,25,-5.626558102715373,-5.624937549874657,-5.625227780034214
male,36-37,26,-4.574772451751724,-4.57492854628023,-4.575218776439787
male,36-37,27,-4.402553675793291,-4.402673797074713,-4.40296402723427
male,36-37,28,-4.625740904258069,-4.625984042497302,-4.626274272656859
male,36-37,29,-9.420765630732712,-9.210340371976182,-9.210630602135739
male,36-37,30,-8.918276870543014,-8.91122913427303,-8.911519364432587
male,36-37,31,-5.793592272898234,-5.793751070715808,-5.794041300875365
male,36-37,32,-5.38770724696441,-5.388133995218521,-5.388424225378078
male,36-37,33,-8.063569461558473,-8.058770635809598,-8.059060865969155
male,36-37,34,-7.062340755400437,-7.062760692639003,-7.06305092279856
male,36-37,35,-9.210340371976182,-7.062340755447991,-7.062630985607548
male,36-37,36,-9.210340371976182,-7.062340755400712,-7.0626309855602685
male,36-37,37,-9.210340371976182,-7.062340755400712,-7.0626309855602685
male,36-37,38,-9.210340371976182,-7.062340755400712,-7.0626309855602685
male,36-37,39,-9.210340371976182,-7.062340755400712,-7.0626309855602685
male,36-37,40,-9.210340371976182,-7.062340755400712,-7.0626309855602685
male,36-37,41,-9.210340371976182,-7.062340755400712,-7.0626309855602685
male,36-37,42,-9.210340371976182,-7.062340755400712,-7.0626309855602685
male,36-37,43,-9.210340371976182,-7.062340755400712,-7.0626309855602685
male,36-37,44,-9.210340371976182,-9.210340371976182,-9.210630602135739
male,36-37,45,-9.210340371976182,-9.210340371976182,-9.210630602135739
male,36-37,46,-9.210340371976182,-9.210340371976182,-9.210630602135739
male,36-37,47,-9.210340371976182,-9.210340371976182,-9.210630602135739
male,36-37,48,-9.210340371976182,-9.210340371976182,-9.210630602135739
male,36-37,49,-9.210340371976182,-9.210340371976182,-9.210630602135739
male,36-37,50,-9.210340371976182,-9.210340371976182,-9.210630602135739
male,36-37,51,-9.210340371976182,-9.210340371976182,-9.210630602135739
male,36-37,52,-9.210340371976182,-9.210340371976182,-9.210630602135739
male,38-39,-52,-9.210340371976182,-9.210340371976182,-9.210713462466252
male,38-39,-51,-9.210340371976182,-9.210340371976182,-9.210713462466252
male,38-39,-50,-9.210340371976182,-9.210340371976182,-9.210713462466252
male,38-39,-49,-9.210340371976182,-9.210340371976182,-9.210713462466252
male,38-39,-48,-9.210340371976182,-9.210340371976182,-9.210713462466252
male,38-39,-47,-9.210340371976182,-9.210340371976182,-9.210713462466252
male,38-39,-46,-9.210340371976182,-9.210340371976182,-9.210713462466252
male,38-39,-45,-9.210340371976182,-9.210340371976182,-9.210713462466252
male,38-39,-44,-9.210340371976182,-9.210340371976182,-9.210713462466252
male,38-39,-43,-9.210340371976182,-9.210340371976182,-9.210713462466252
male,38-39,-42,-9.210340371976182,-9.210340371976182,-9.210713462466252
male,38-39,-41,-9.210340371976182,-9.210340371976182,-9.210713462466252
male,38-39,-40,-9.210340371976182,-9.210340371976182,-9.210713462466252
male,38-39,-39,-9.210340371976182,-9.210340371976182,-9.210713462466252
male,38-39,-38,-9.210340371976182,-9.210340371976182,-9.210713462466252
male,38-39,-37,-9.210340371976182,-9.210340371976182,-9.210713462466252
male,38-39,-36,-9.210340371976182,-9.210340371976182,-9.210713462466252
male,38-39,-35,-9.210340371976182,-9.210340371976182,-9.210713462466252
male,38-39,-34,-9.210340371976182,-9.210340371976182,-9.210713462466252
male,38-39,-33,-9.210340371976182,-9.210340371976182,-9.210713462466252
male,38-39,-32,-9.210340371976182,-9.210340371976182,-9.210713462466252
male,38-39,-31,-9.210340371976182,-9.210340371976182,-9.210713462466252
male,38-39,-30,-9.210340371976182,-8.32367807612057,-8.32405116661064
male,38-39,-29,-9.210340371976182,-8.32367807612057,-8.32405116661064
male,38-39,-28,-9.210340371976182,-8.32367807612057,-8.32405116661064
male,38-39,-27,-9.210340371976182,-8.32367807612057,-8.32405116661064
male,38-39,-26,-9.210340371976182,-8.32367807612057,-8.32405116661064
male,38-39,-25,-9.210340371976182,-8.32367807612057,-8.32405116661064
male,38-39,-24,-9.210340371976182,-8.32367807612057,-8.32405116661064
male,38-39,-23,-9.210340371976182,-8.32367807612057,-8.32405116661064
male,38-39,-22,-9.210340371976182,-8.323678075375305,-8.324051165865376
male,38-39,-21,-8.323678806473144,-8.317081704211915,-8.317454794701986
male,38-39,-20,-5.915061748483566,-5.914583861503435,-5.9149569519935055
male,38-39,-19,-4.8343386122314564,-4.834392345284673,-4.834765435774743
male,38-39,-18,-4.41415138574782,-4.4136661202414285,-4.414039210731499
male,38-39,-17,-3.388489375634883,-3.388423558326852,-3.388796648816922
male,38-39,-16,-2.7841432415563188,-2.784226272134702,-2.7845993626247725
male,38-39,-15,-2.5975421858155703,-2.597435263737381,-2.5978083542274515
male,38-39,-14,-2.1870121507243967,-2.1869245196345157,-2.187297610124586
male,38-39,-13,-1.6964265430303385,-1.6964425076051066,-1.6968155980951771
male,38-39,-12,-1.3763792628199512,-1.3762887150242056,-1.376661805514276
male,38-39,-11,-0.9085201366019509,-0.9084311589913081,-0.9088042494813785
male,38-39,-10,-0.3725845096179976,-0.372634390148559,-0.37300748063862943
male,38-39,-9,-0.10361529092686061,-0.10356438184872005,-0.1039374723387905
male,38-39,-8,0.2478425740696285,0.24788227718709036,0.2475091866970199
male,38-39,-7,0.6340944264044268,0.6340719211444311,0.6336988306543607
male,38-39,-6,0.896394620934969,0.8964480432924488,0.8960749528023784
male,38-39,-5,1.2506487755539426,1.2506282582501873,1.2502551677601168
male,38-39,-4,1.485627141619282,1.4856363967028121,1.4852633062127416
male,38-39,-3,1.7186286405973479,1.7185984505274319,1.7182253600373614
male,38-39,-2,1.847030295340427,1.847051002685812,1.8466779121957415
male,38-39,-1,2.0235759799791366,2.0235251907685146,2.0231521002784443
male,38-39,0,2.0371659138057066,2.037031940178751,2.036658849688681
male,38-39,1,1.546730553525534,1.5468244212515025,1.546451330761432
male,38-39,2,1.0972331689400217,1.097332465422258,1.0969593749321875
male,38-39,3,0.7502681211386624,0.7503276624494131,0.7499545719593427
male,38-39,4,0.458299155659436,0.45833487412682755,0.4579617836367571
male,38-39,5,0.17703984048681815,0.17706979412251014,0.1766967036324397
male,38-39,6,-0.11474018210320876,-0.11466930852642132,-0.11504239901649177
male,38-39,7,-0.26690696877070846,-0.2669286859587052,-0.2673017764487757
male,38-39,8,-0.5437723010394774,-0.5437487552521043,-0.5441218457421747
male,38-39,9,-0.842249495656525,-0.8421439230017658,-0.8425170134918362
male,38-39,10,-0.8764005885784178,-0.8764887992206691,-0.8768618897107395
male,38-39,11,-1.217794641084749,-1.2177107090542012,-1.2180837995442717
male,38-39,12,-1.3714674347795233,-1.3715095242747404,-1.3718826147648109
male,38-39,13,-1.719228969773019,-1.719195431816691,-1.7195685223067616
male,38-39,14,-2.0990727987445177,-2.0989814270543286,-2.099354517544399
male,38-39,15,-2.298788758348379,-2.2987521039072263,-2.2991251943972966
male,38-39,16,-2.416418890920076,-2.4164598671398863,-2.4168329576299565
male,38-39,17,-2.7065920797870384,-2.706583547010873,-2.706956637500943
male,38-39,18,-3.07895568346988,-3.0788460003353832,-3.0792190908254535
male,38-39,19,-3.2006585354928245,-3.200660283972462,-3.2010333744625323
male,38-39,20,-3.340323570284468,-3.340433208376005,-3.340806298866075
male,38-39,21,-3.9520175822816213,-3.951672587556363,-3.9520456780464333
male,38-39,22,-3.7582990508539056,-3.758519147449076,-3.758892237939146
male,38-39,23,-4.4311900822813675,-4.430941112058392,-4.431314202548462
male,38-39,24,-4.691682967359214,-4.691578768938832,-4.691951859428903
male,38-39,25,-4.681174368017895,-4.681265380452788,-4.6816384709428585
male,38-39,26,-4.9886042800410735,-4.988623964175267,-4.9889970546653375
male,38-39,27,-5.549813211644299,-5.549259281107878,-5.549632371597948
male,38-39,28,-4.90923266729853,-4.909715127331819,-4.910088217821889
male,38-39,29,-8.553655018554357,-8.539494539752525,-8.539867630242595
male,38-39,30,-6.781804641553119,-6.781387011857888,-6.781760102347958
male,38-39,31,-5.657250582931865,-5.657646125838813,-5.658019216328883
male,38-39,32,-9.210340371976182,-9.210340371976182,-9.210713462466252
male,38-39,33,-9.210340371976182,-9.210340371976182,-9.210713462466252
male,38-39,34,-9.210340371976182,-9.210340371976182,-9.210713462466252
male,38-39,35,-9.210340371976182,-9.210340371976182,-9.210713462466252
male,38-39,36,-9.210340371976182,-9.210340371976182,-9.210713462466252
male,38-39,37,-9.210340371976182,-9.210340371976182,-9.210713462466252
male,38-39,38,-9.210340371976182,-9.210340371976182,-9.210713462466252
male,38-39,39,-9.210340371976182,-9.210340371976182,-9.210713462466252
male,38-39,40,-9.210340371976182,-9.210340371976182,-9.210713462466252
male,38-39,41,-9.210340371976182,-9.210340371976182,-9.210713462466252
male,38-39,42,-9.210340371976182,-9.210340371976182,-9.210713462466252
male,38-39,43,-9.210340371976182,-9.210340371976182,-9.210713462466252
male,38-39,44,-9.210340371976182,-9.210340371976182,-9.210713462466252
male,38-39,45,-9.210340371976182,-9.210340371976182,-9.210713462466252
male,38-39,46,-9.210340371976182,-9.210340371976182,-9.210713462466252
male,38-39,47,-9.210340371976182,-9.210340371976182,-9.210713462466252
male,38-39,48,-9.210340371976182,-9.210340371976182,-9.210713462466252
male,38-39,49,-9.210340371976182,-9.210340371976182,-9.210713462466252
male,38-39,50,-9.210340371976182,-9.210340371976182,-9.210713462466252
male,38-39,51,-9.210340371976182,-9.210340371976182,-9.210713462466252
male,38-39,52,-9.210340371976182,-9.210340371976182,-9.210713462466252
male,40-42,-52,-9.210340371976182,-9.210340371976182,-9.210568472430474
male,40-42,-51,-9.210340371976182,-9.210340371976182,-9.210568472430474
male,40-42,-50,-9.210340371976182,-9.210340371976182,-9.210568472430474
male,40-42,-49,-9.210340371976182,-9.210340371976182,-9.210568472430474
male,40-42,-48,-9.210340371976182,-9.210340371976182,-9.210568472430474
male,40-42,-47,-9.210340371976182,-9.210340371976182,-9.210568472430474
male,40-42,-46,-9.210340371976182,-9.210340371976182,-9.210568472430474
male,40-42,-45,-9.210340371976182,-9.210340371976182,-9.210568472430474
male,40-42,-44,-9.210340371976182,-9.210340371976182,-9.210568472430474
male,40-42,-43,-9.210340371976182,-9.210340371976182,-9.210568472430474
male,40-42,-42,-9.210340371976182,-9.210340371976182,-9.210568472430474
male,40-42,-41,-9.210340371976182,-9.210340371976182,-9.210568472430474
male,40-42,-40,-9.210340371976182,-9.210340371976182,-9.210568472430474
male,40-42,-39,-9.210340371976182,-9.210340371976182,-9.210568472430474
male,40-42,-38,-9.210340371976182,-9.210340371976182,-9.210568472430474
male,40-42,-37,-9.210340371976182,-9.210340371976182,-9.210568472430474
male,40-42,-36,-9.210340371976182,-9.210340371976182,-9.210568472430474
male,40-42,-35,-9.210340371976182,-9.210340371976182,-9.210568472430474
male,40-42,-34,-9.210340371976182,-9.210340371976182,-9.210568472430474
male,40-42,-33,-9.210340371976182,-4.831231817153734,-4.831459917608026
male,40-42,-32,-9.210340371976182,-4.831231817153734,-4.831459917608026
male,40-42,-31,-9.210340371976182,-4.831231817153734,-4.831459917608026
male,40-42,-30,-9.210340371976182,-4.831231817153734,-4.831459917608026
male,40-42,-29,-9.210340371976182,-4.831231817153734,-4.831459917608026
male,40-42,-28,-9.210340371976182,-4.831231817153734,-4.831459917608026
male,40-42,-27,-9.210340371976182,-4.831231817153734,-4.831459917608026
male,40-42,-26,-9.210340371976182,-4.831231817153734,-4.831459917608026
male,40-42,-25,-9.210340371976182,-4.831231817201202,-4.8314599176554935
male,40-42,-24,-4.831232324465533,-4.831653433915982,-4.8318815343702735
male,40-42,-23,-5.866003780938528,-5.865428638952494,-5.865656739406786
male,40-42,-22,-5.44835760335558,-5.448207290665988,-5.44843539112028
male,40-42,-21,-4.922766077943238,-4.922614346031497,-4.922842446485789
male,40-42,-20,-4.292808084440007,-4.2927865153785545,-4.293014615832846
male,40-42,-19,-3.862884329968711,-3.8626520832843037,-3.862880183738595
male,40-42,-18,-3.140956459502903,-3.14100275771171,-3.1412308581660016
male,40-42,-17,-2.809841183442748,-2.8098563904348444,-2.810084490889136
male,40-42,-16,-2.5843580986606405,-2.5840272881166757,-2.584255388570967
male,40-42,-15,-1.7689764417660516,-1.7690563033318736,-1.7692844037861652
male,40-42,-14,-1.455096131182074,-1.4550777619078685,-1.4553058623621602
male,40-42,-13,-1.1446265945075704,-1.144553715695878,-1.1447818161501697
male,40-42,-12,-0.7209530537779717,-0.7209308356265847,-0.7211589360808762
male,40-42,-11,-0.3440498961383635,-0.34400614529372886,-0.3442342457480204
male,40-42,-10,0.05694007825944045,0.05689121126721579,0.05666311081292422
male,40-42,-9,0.2557165697951942,0.25576600270073635,0.2555379022464448
male,40-42,-8,0.5643221522850045,0.5643235965208272,0.5640954960665356
male,40-42,-7,0.8263681724463948,0.8263988453178922,0.8261707448636006
male,40-42,-6,1.1287770824142116,1.1287638775307294,1.1285357770764377
male,40-42,-5,1.3512093413475605,1.3512136042998193,1.3509855038455276
male,40-42,-4,1.5603896870075287,1.560386220854193,1.5601581203999013
male,40-42,-3,1.7354450804719073,1.735436263806374,1.7352081633520824
male,40-42,-2,1.8651574948583716,1.8651398200585898,1.8649117196042981
male,40-42,-1,1.9326791608441838,1.9326654043176177,1.932437303863326
male,40-42,0,1.9567189948950743,1.9565924345884658,1.956364334134174
male,40-42,1,1.5011777215990965,1.5012654431982688,1.5010373427439772
male,40-42,2,1.0867213688665915,1.0868120382087683,1.0865839377544766
male,40-42,3,0.7873328396273879,0.7873686378165319,0.7871405373622403
male,40-42,4,0.48607685808983053,0.48615762950442065,0.4859295290501291
male,40-42,5,0.3529608747632903,0.35292837403732924,0.3527002735830377
male,40-42,6,0.0693433826411619,0.06938830178009747,0.0691602013258059
male,40-42,7,-0.15162914681509876,-0.15166866872577076,-0.15189676918006234
male,40-42,8,-0.5903578742085042,-0.5902115960861846,-0.5904396965404761
male,40-42,9,-0.6945480691584015,-0.6945373127051732,-0.6947654131594647
male,40-42,10,-0.774209513645269,-0.7743117241772214,-0.7745398246315129
male,40-42,11,-1.2640410693444855,-1.2638944891791521,-1.2641225896334438
male,40-42,12,-1.477730190051334,-1.4777591639500292,-1.4779872644043208
male,40-42,13,-1.8643682716356396,-1.864311522371187,-1.8645396228254787
male,40-42,14,-2.2237660478788888,-2.223654084958286,-2.2238821854125774
male,40-42,15,-2.330166381063131,-2.3301682493916562,-2.3303963498459477
male,40-42,16,-2.4537855586477306,-2.4538268885376113,-2.4540549889919028
male,40-42,17,-2.7377488332778723,-2.7377260997712494,-2.737954200225541
male,40-42,18,-3.018866181978436,-3.0189420324866,-3.0191701329408915
male,40-42,19,-3.7815406986801827,-3.781062201609318,-3.7812903020636095
male,40-42,20,-3.5227454840945804,-3.5228951997456877,-3.523123300199979
male,40-42,21,-3.779355906753784,-3.779417986724344,-3.7796460871786355
male,40-42,22,-4.439443902849612,-4.439209680777465,-4.4394377812317565
male,40-42,23,-4.714387011925324,-4.71433042890763,-4.714558529361922
male,40-42,24,-4.881614198117928,-4.881386208027732,-4.881614308482024
male,40-42,25,-4.474937900306142,-4.474924633741559,-4.475152734195851
male,40-42,26,-4.151217709070885,-4.151590502198304,-4.151818602652596
male,40-42,27,-6.005615735555285,-6.003347441979082,-6.003575542433374
male,40-42,28,-5.163509838170863,-5.163918849639544,-5.164146950093836
male,40-42,29,-8.39723633887955,-8.385400728003532,-8.385628828457824
male,40-42,30,-9.210340371976182,-9.210340371976182,-9.210568472430474
male,40-42,31,-9.210340371976182,-9.210340371976182,-9.210568472430474
male,40-42,32,-9.210340371976182,-9.210340371976182,-9.210568472430474
male,40-42,33,-9.210340371976182,-9.210340371976182,-9.210568472430474
male,40-42,34,-9.210340371976182,-9.210340371976182,-9.210568472430474
male,40-42,35,-9.210340371976182,-9.210340371976182,-9.210568472430474
male,40-42,36,-9.210340371976182,-9.210340371976182,-9.210568472430474
male,40-42,37,-9.210340371976182,-9.210340371976182,-9.210568472430474
male,40-42,38,-9.210340371976182,-9.210340371976182,-9.210568472430474
male,40-42,39,-9.210340371976182,-9.210340371976182,-9.210568472430474
male,40-42,40,-9.210340371976182,-9.210340371976182,-9.210568472430474
male,40-42,41,-9.210340371976182,-9.210340371976182,-9.210568472430474
male,40-42,42,-9.210340371976182,-9.210340371976182,-9.210568472430474
male,40-42,43,-9.210340371976182,-9.210340371976182,-9.210568472430474
male,40-42,44,-9.210340371976182,-9.210340371976182,-9.210568472430474
male,40-42,45,-9.210340371976182,-9.210340371976182,-9.210568472430474
male,40-42,46,-9.210340371976182,-9.210340371976182,-9.210568472430474
male,40-42,47,-9.210340371976182,-9.210340371976182,-9.210568472430474
male,40-42,48,-9.210340371976182,-9.210340371976182,-9.210568472430474
male,40-42,49,-9.210340371976182,-9.210340371976182,-9.210568472430474
male,40-42,50,-9.210340371976182,-9.210340371976182,-9.210568472430474
male,40-42,51,-9.210340371976182,-9.210340371976182,-9.210568472430474
male,40-42,52,-9.210340371976182,-9.210340371976182,-9.210568472430474
male,43-45,-52,-9.210340371976182,-9.210340371976182,-9.210413002810869
male,43-45,-51,-9.210340371976182,-9.210340371976182,-9.210413002810869
male,43-45,-50,-9.210340371976182,-9.210340371976182,-9.210413002810869
male,43-45,-49,-9.210340371976182,-9.210340371976182,-9.210413002810869
male,43-45,-48,-9.210340371976182,-9.210340371976182,-9.210413002810869
male,43-45,-47,-9.210340371976182,-9.210340371976182,-9.210413002810869
male,43-45,-46,-9.210340371976182,-9.210340371976182,-9.210413002810869
male,43-45,-45,-9.210340371976182,-9.210340371976182,-9.210413002810869
male,43-45,-44,-9.210340371976182,-9.210340371976182,-9.210413002810869
male,43-45,-43,-9.210340371976182,-9.210340371976182,-9.210413002810869
male,43-45,-42,-9.210340371976182,-9.210340371976182,-9.210413002810869
male,43-45,-41,-9.210340371976182,-9.210340371976182,-9.210413002810869
male,43-45,-40,-9.210340371976182,-9.210340371976182,-9.210413002810869
male,43-45,-39,-9.210340371976182,-9.210340371976182,-9.210413002810869
male,43-45,-38,-9.210340371976182,-9.210340371976182,-9.210413002810869
male,43-45,-37,-9.210340371976182,-9.210340371976182,-9.210413002810869
male,43-45,-36,-9.210340371976182,-4.901343166065256,-4.901415796899943
male,43-45,-35,-9.210340371976182,-4.901343166065256,-4.901415796899943
male,43-45,-34,-9.210340371976182,-4.901343166065256,-4.901415796899943
male,43-45,-33,-9.210340371976182,-4.901343166065256,-4.901415796899943
male,43-45,-32,-9.210340371976182,-4.901343166065256,-4.901415796899943
male,43-45,-31,-9.210340371976182,-4.901343166065256,-4.901415796899943
male,43-45,-30,-9.210340371976182,-4.901343166065256,-4.901415796899943
male,43-45,-29,-9.210340371976182,-4.901343166065256,-4.901415796899943
male,43-45,-28,-9.210340371976182,-4.901343166132249,-4.901415796966935
male,43-45,-27,-4.90134316606437,-4.901938245277335,-4.902010876112021
male,43-45,-26,-7.034420612162876,-7.0286707499599475,-7.028743380794634
male,43-45,-25,-4.7370854858885245,-4.7374107662424825,-4.737483397077169
male,43-45,-24,-5.224607466660588,-5.224138470214119,-5.224211101048805
male,43-45,-23,-4.659480764788578,-4.659199059149744,-4.65927168998443
male,43-45,-22,-3.8299864427474044,-3.830113029261101,-3.830185660095787
male,43-45,-21,-3.650505177258452,-3.650091663662726,-3.650164294497412
male,43-45,-20,-2.7569408873577266,-2.7570446253692977,-2.757117256203984
male,43-45,-19,-2.485246382763453,-2.4852539724945655,-2.4853266033292516
male,43-45,-18,-2.2720767595416835,-2.27198702412703,-2.272059654961716
male,43-45,-17,-1.867665112870857,-1.867676701662243,-1.8677493324969292
male,43-45,-16,-1.5739667832014694,-1.5739418533740053,-1.5740144842086914
male,43-45,-15,-1.2629106672708463,-1.2629076053042219,-1.262980236138908
male,43-45,-14,-0.9929954445948758,-0.9928981549508524,-0.9929707857855385
male,43-45,-13,-0.5384214729916541,-0.5384409784173013,-0.5385136092519874
male,43-45,-12,-0.23362303750671226,-0.23359172388447616,-0.2336643547191623
male,43-45,-11,0.10300788537378867,0.10301873975646142,0.10294610892177528
male,43-45,-10,0.40540490936744283,0.4053812973208201,0.40530866648613395
male,43-45,-9,0.6015688530027603,0.6015867825421358,0.6015141517074497
male,43-45,-8,0.8294572616707679,0.8294435138290523,0.8293708829943662
male,43-45,-7,0.9973579431284749,0.9973992960192325,0.9973266651845464
male,43-45,-6,1.2546214289981248,1.2546074305331476,1.2545347996984615
male,43-45,-5,1.4310595859189483,1.4310565571445264,1.4309839263098403
male,43-45,-4,1.5768971889398584,1.5768899150216724,1.5768172841869863
male,43-45,-3,1.688290291963399,1.688304934202367,1.688232303367681
male,43-45,-2,1.8320175244904053,1.8319894054147314,1.8319167745800453
male,43-45,-1,1.8853125023414032,1.8853065968460994,1.8852339660114132
male,43-45,0,1.9206823122843812,1.920559789497305,1.9204871586626189
male,43-45,1,1.507036651503644,1.5071079527172906,1.5070353218826045
male,43-45,2,1.1202583322000945,1.1203279425018384,1.1202553116671523
male,43-45,3,0.7934609270011935,0.7935196431703675,0.7934470123356814
male,43-45,4,0.5512517552829264,0.5512664224255801,0.551193791590894
male,43-45,5,0.2993747738248986,0.29936926372880684,0.2992966328941207
male,43-45,6,-0.04374323710851712,-0.04364742395814792,-0.043720054792834064
male,43-45,7,-0.16663763355592212,-0.16669494996998174,-0.1667675808046679
male,43-45,8,-0.5223830177256886,-0.5222431294941684,-0.5223157603288545
male,43-45,9,-0.531312101569245,-0.5314137391830808,-0.5314863700177669
male,43-45,10,-0.9015727156588186,-0.9015137513389008,-0.9015863821735869
male,43-45,11,-1.2157652215714834,-1.2157419858624332,-1.2158146166971193
male,43-45,12,-1.5706303033664104,-1.5705707602222394,-1.5706433910569255
male,43-45,13,-1.8454331697573545,-1.8454384023787915,-1.8455110332134776
male,43-45,14,-2.2273524523144705,-2.227234012856462,-2.227306643691148
male,43-45,15,-2.3284087609151447,-2.3284639447626994,-2.3285365755973855
male,43-45,16,-2.6339494286304785,-2.633915394058555,-2.6339880248932412
male,43-45,17,-2.917124087088379,-2.9171168270648,-2.917189457899486
male,43-45,18,-3.2807964484642627,-3.2807859547160367,-3.280858585550723
male,43-45,19,-3.813623453037184,-3.8133854623175645,-3.8134580931522506
male,43-45,20,-3.807705176246069,-3.8078117142299495,-3.8078843450646356
male,43-45,21,-4.186031804282526,-4.1859061846628265,-4.185978815497513
male,43-45,22,-4.281548828350122,-4.280784009579024,-4.2808566404137105
male,43-45,23,-3.1145206717768374,-3.1150062756162886,-3.1150789064509747
male,43-45,24,-4.537825255454424,-4.536784607254352,-4.536857238089038
male,43-45,25,-4.627751427598666,-4.62782827860443,-4.627900909439116
male,43-45,26,-5.265449335356606,-5.265090753893674,-5.2651633847283605
male,43-45,27,-5.861027201074628,-5.860493595801791,-5.860566226636477
male,43-45,28,-9.210340371976182,-5.861027201014717,-5.861099831849403
male,43-45,29,-9.210340371976182,-5.861027201074822,-5.861099831909508
male,43-45,30,-9.210340371976182,-5.861027201074822,-5.861099831909508
male,43-45,31,-9.210340371976182,-5.861027201074822,-5.861099831909508
male,43-45,32,-9.210340371976182,-5.861027201074822,-5.861099831909508
male,43-45,33,-9.210340371976182,-5.861027201074822,-5.861099831909508
male,43-45,34,-9.210340371976182,-5.861027201074822,-5.861099831909508
male,43-45,35,-9.210340371976182,-5.861027201074822,-5.861099831909508
male,43-45,36,-9.210340371976182,-5.861027201074822,-5.861099831909508
male,43-45,37,-9.210340371976182,-9.210340371976182,-9.210413002810869
male,43-45,38,-9.210340371976182,-9.210340371976182,-9.210413002810869
male,43-45,39,-9.210340371976182,-9.210340371976182,-9.210413002810869
male,43-45,40,-9.210340371976182,-9.210340371976182,-9.210413002810869
male,43-45,41,-9.210340371976182,-9.210340371976182,-9.210413002810869
male,43-45,42,-9.210340371976182,-9.210340371976182,-9.210413002810869
male,43-45,43,-9.210340371976182,-9.210340371976182,-9.210413002810869
male,43-45,44,-9.210340371976182,-9.210340371976182,-9.210413002810869
male,43-45,45,-9.210340371976182,-9.210340371976182,-9.210413002810869
male,43-45,46,-9.210340371976182,-9.210340371976182,-9.210413002810869
male,43-45,47,-9.210340371976182,-9.210340371976182,-9.210413002810869
male,43-45,48,-9.210340371976182,-9.210340371976182,-9.210413002810869
male,43-45,49,-9.210340371976182,-9.210340371976182,-9.210413002810869
male,43-45,50,-9.210340371976182,-9.210340371976182,-9.210413002810869
male,43-45,51,-9.210340371976182,-9.210340371976182,-9.210413002810869
male,43-45,52,-9.210340371976182,-9.210340371976182,-9.210413002810869
male,46-49,-52,-9.210340371976182,-9.210340371976182,-9.210381972410678
male,46-49,-51,-9.210340371976182,-9.210340371976182,-9.210381972410678
male,46-49,-50,-9.210340371976182,-9.210340371976182,-9.210381972410678
male,46-49,-49,-9.210340371976182,-9.210340371976182,-9.210381972410678
male,46-49,-48,-9.210340371976182,-9.210340371976182,-9.210381972410678
male,46-49,-47,-9.210340371976182,-9.210340371976182,-9.210381972410678
male,46-49,-46,-9.210340371976182,-9.210340371976182,-9.210381972410678
male,46-49,-45,-9.210340371976182,-9.210340371976182,-9.210381972410678
male,46-49,-44,-9.210340371976182,-9.210340371976182,-9.210381972410678
male,46-49,-43,-9.210340371976182,-9.210340371976182,-9.210381972410678
male,46-49,-42,-9.210340371976182,-9.210340371976182,-9.210381972410678
male,46-49,-41,-9.210340371976182,-9.210340371976182,-9.210381972410678
male,46-49,-40,-9.210340371976182,-6.022070685137738,-6.022112285572235
male,46-49,-39,-9.210340371976182,-6.022070685137739,-6.022112285572236
male,46-49,-38,-9.210340371976182,-6.022070685137738,-6.022112285572235
male,46-49,-37,-9.210340371976182,-6.022070685137738,-6.022112285572235
male,46-49,-36,-9.210340371976182,-6.022070685137738,-6.022112285572235
male,46-49,-35,-9.210340371976182,-6.022070685137738,-6.022112285572235
male,46-49,-34,-9.210340371976182,-6.022070685137739,-6.022112285572236
male,46-49,-33,-9.210340371976182,-6.022070685137738,-6.022112285572235
male,46-49,-32,-9.210340371976182,-6.022070685167548,-6.022112285602045
male,46-49,-31,-6.022070685136888,-6.0223354326031275,-6.022377033037625
male,46-49,-30,-6.532641080633592,-6.532270584728765,-6.532312185163263
male,46-49,-29,-6.116939650575137,-6.116907629168183,-6.11694922960268
male,46-49,-28,-5.8980367831894265,-5.897641020661811,-5.897682621096308
male,46-49,-27,-5.0357815301478945,-5.035606526840009,-5.035648127274507
male,46-49,-26,-4.276673943334584,-4.276553228330336,-4.276594828764833
male,46-49,-25,-3.622556395990853,-3.622697092663075,-3.622738693097572
male,46-49,-24,-3.550901169510387,-3.550775525774718,-3.550817126209215
male,46-49,-23,-3.170485621183171,-3.1705816015421493,-3.170623201976646
male,46-49,-22,-3.127075045828806,-3.126986892688106,-3.127028493122603
male,46-49,-21,-2.846193683260382,-2.8459539073378437,-2.8459955077723404
male,46-49,-20,-2.1338558242083043,-2.1339767863822137,-2.1340183868167104
male,46-49,-19,-1.9571668134733748,-1.9570703873205706,-1.9571119877550676
male,46-49,-18,-1.5597338064635409,-1.5597015231900597,-1.5597431236245567
male,46-49,-17,-1.1709150096230818,-1.1709274537502419,-1.1709690541847388
male,46-49,-16,-0.8895955670703646,-0.8895754771339225,-0.8896170775684195
male,46-49,-15,-0.5943965587720074,-0.5944162580818416,-0.5944578585163386
male,46-49,-14,-0.38890198856040736,-0.38886381417692445,-0.38890541461142136
male,46-49,-13,-0.10497343640326964,-0.10498844460012942,-0.10503004503462636
male,46-49,-12,0.10096067633572714,0.1010136481576326,0.10097204772313566
male,46-49,-11,0.41693610134431436,0.4169332658110921,0.41689166537659517
male,46-49,-10,0.6692489039512827,0.6692074079456517,0.6691658075111547
male,46-49,-9,0.77351887870817,0.773559352404674,0.773517751970177
male,46-49,-8,0.9771450961706202,0.97714207657968,0.977100476145183
male,46-49,-7,1.1437425530937317,1.1437443170411603,1.1437027166066633
male,46-49,-6,1.2947542376373955,1.294759331076126,1.294717730641629
male,46-49,-5,1.4449211764828414,1.444918719816605,1.444877119382108
male,46-49,-4,1.5744965873848662,1.5744972786776366,1.5744556782431396
male,46-49,-3,1.6960290172971095,1.696020649440389,1.6959790490058921
male,46-49,-2,1.7868061231437935,1.7867997441295242,1.7867581436950273
male,46-49,-1,1.855167622903303,1.8551459807404886,1.8551043803059917
male,46-49,0,1.857593735148225,1.857476311368303,1.857434710933806
male,46-49,1,1.439900961701132,1.4399717070238858,1.4399301065893888
male,46-49,2,1.092658109072761,1.0927208200362324,1.0926792196017354
male,46-49,3,0.8457087442019363,0.84570807638287,0.8456664759483731
male,46-49,4,0.5258700868429323,0.5259253271303227,0.5258837266958257
male,46-49,5,0.29634754479482844,0.29638628957896973,0.2963446891444728
male,46-49,6,0.14517503369486387,0.14516083826621176,0.14511923783171482
male,46-49,7,-0.08202287068225574,-0.08204882208042828,-0.08209042251492522
male,46-49,8,-0.48027644975808176,-0.48018104193101946,-0.4802226423655164
male,46-49,9,-0.7008361159946569,-0.7008299330486615,-0.7008715334831584
male,46-49,10,-0.9507347542387274,-0.9507486239951558,-0.9507902244296528
male,46-49,11,-1.3198898238283123,-1.3198195210022639,-1.3198611214367608
male,46-49,12,-1.5648601429768374,-1.5648511161891376,-1.5648927166236346
male,46-49,13,-1.8424079273673277,-1.8423777181359888,-1.8424193185704858
male,46-49,14,-2.095384431850692,-2.095321675464437,-2.095363275898934
male,46-49,15,-2.2003593332857436,-2.20045448714666,-2.200496087581157
male,46-49,16,-2.7064967949637606,-2.70624826379446,-2.706289864228957
male,46-49,17,-2.6287944236976215,-2.6289672106702415,-2.6290088111047383
male,46-49,18,-3.2163602856840363,-3.215949480163404,-3.2159910805979006
male,46-49,19,-2.8630014666167676,-2.863307583497969,-2.8633491839324656
male,46-49,20,-3.8298808255419043,-3.8292131397473366,-3.8292547401818333
male,46-49,21,-3.536641698394588,-3.536702660275579,-3.536744260710076
male,46-49,22,-3.443409125515991,-3.4435499197897896,-3.4435915202242864
male,46-49,23,-4.042437858646253,-4.042076071608786,-4.042117672043283
male,46-49,24,-4.379808588117772,-4.3795427705393895,-4.379584370973887
male,46-49,25,-9.210340371976182,-4.379808588088006,-4.379850188522504
male,46-49,26,-9.210340371976182,-4.379808588117944,-4.3798501885524415
male,46-49,27,-9.210340371976182,-4.379808588117944,-4.3798501885524415
male,46-49,28,-9.210340371976182,-4.379808588117944,-4.3798501885524415
male,46-49,29,-9.210340371976182,-4.379808588117944,-4.3798501885524415
male,46-49,30,-9.210340371976182,-4.379808588117944,-4.3798501885524415
male,46-49,31,-9.210340371976182,-4.379808588117944,-4.3798501885524415
male,46-49,32,-9.210340371976182,-4.379808588117943,-4.379850188552441
male,46-49,33,-9.210340371976182,-4.379808588117944,-4.3798501885524415
male,46-49,34,-9.210340371976182,-9.210340371976182,-9.210381972410678
male,46-49,35,-9.210340371976182,-9.210340371976182,-9.210381972410678
male,46-49,36,-9.210340371976182,-9.210340371976182,-9.210381972410678
male,46-49,37,-9.210340371976182,-9.210340371976182,-9.210381972410678
male,46-49,38,-9.210340371976182,-9.210340371976182,-9.210381972410678
male,46-49,39,-9.210340371976182,-9.210340371976182,-9.210381972410678
male,46-49,40,-9.210340371976182,-9.210340371976182,-9.210381972410678
male,46-49,41,-9.210340371976182,-9.210340371976182,-9.210381972410678
male,46-49,42,-9.210340371976182,-9.210340371976182,-9.210381972410678
male,46-49,43,-9.210340371976182,-9.210340371976182,-9.210381972410678
male,46-49,44,-9.210340371976182,-9.210340371976182,-9.210381972410678
male,46-49,45,-9.210340371976182,-9.210340371976182,-9.210381972410678
male,46-49,46,-9.210340371976182,-9.210340371976182,-9.210381972410678
male,46-49,47,-9.210340371976182,-9.210340371976182,-9.210381972410678
male,46-49,48,-9.210340371976182,-9.210340371976182,-9.210381972410678
male,46-49,49,-9.210340371976182,-9.210340371976182,-9.210381972410678
male,46-49,50,-9.210340371976182,-9.210340371976182,-9.210381972410678
male,46-49,51,-9.210340371976182,-9.210340371976182,-9.210381972410678
male,46-49,52,-9.210340371976182,-9.210340371976182,-9.210381972410678
male,50-54,-52,-9.210340371976182,-9.210340371976182,-9.210882533298664
male,50-54,-51,-9.210340371976182,-9.210340371976182,-9.210882533298664
male,50-54,-50,-9.210340371976182,-9.210340371976182,-9.210882533298664
male,50-54,-49,-9.210340371976182,-9.210340371976182,-9.210882533298664
male,50-54,-48,-9.210340371976182,-9.210340371976182,-9.210882533298664
male,50-54,-47,-9.210340371976182,-9.210340371976182,-9.210882533298664
male,50-54,-46,-9.210340371976182,-9.210340371976182,-9.210882533298664
male,50-54,-45,-9.210340371976182,-9.210340371976182,-9.210882533298664
male,50-54,-44,-9.210340371976182,-9.210340371976182,-9.210882533298664
male,50-54,-43,-9.210340371976182,-9.210340371976182,-9.210882533298664
male,50-54,-42,-9.210340371976182,-9.210340371976182,-9.210882533298664
male,50-54,-41,-9.210340371976182,-9.210340371976182,-9.210882533298664
male,50-54,-40,-9.210340371976182,-9.210340371976182,-9.210882533298664
male,50-54,-39,-9.210340371976182,-9.210340371976182,-9.210882533298664
male,50-54,-38,-9.210340371976182,-9.210340371976182,-9.210882533298664
male,50-54,-37,-9.210340371976182,-9.210340371976182,-9.210882533298664
male,50-54,-36,-9.210340371976182,-9.210340371976182,-9.210882533298664
male,50-54,-35,-9.210340371976182,-9.210340371976182,-9.210882533298664
male,50-54,-34,-5.358279916102147,-5.358708355515994,-5.359250516838475
male,50-54,-33,-5.985473420128856,-5.98493622163078,-5.985478382953262
male,50-54,-32,-5.429103343648385,-5.428855221530236,-5.429397382852718
male,50-54,-31,-4.684172137214788,-4.684234471239083,-4.684776632561565
male,50-54,-30,-4.377112862497316,-4.37708957544109,-4.377631736763572
male,50-54,-29,-4.081540719696829,-4.081523574296435,-4.082065735618917
male,50-54,-28,-3.8041530526500322,-3.804105984115263,-3.8046481454377443
male,50-54,-27,-3.46538793370191,-3.465319435112117,-3.4658615964345985
male,50-54,-26,-3.0432565697599463,-3.043299294670567,-3.0438414559930482
male,50-54,-25,-2.826046096070094,-2.8260534864033966,-2.826595647725878
male,50-54,-24,-2.653220521255418,-2.6531511054705437,-2.653693266793025
male,50-54,-23,-2.3218568310204364,-2.3218144536204637,-2.322356614942945
male,50-54,-22,-1.9523104365063924,-1.9523808703832297,-1.9529230317057111
male,50-54,-21,-1.8398500357882768,-1.8397456252785849,-1.8402877866010663
male,50-54,-20,-1.4741252950288475,-1.4740951628763836,-1.474637324198865
male,50-54,-19,-1.112488150463595,-1.1124969682662118,-1.1130391295886932
male,50-54,-18,-0.8427415005835227,-0.84276091047455,-0.8433030717970315
male,50-54,-17,-0.6635293683290716,-0.6634640626027805,-0.6640062239252619
male,50-54,-16,-0.34203857675208604,-0.3420717456946657,-0.3426139070171471
male,50-54,-15,-0.16710721873286535,-0.16711205943473995,-0.1676542207572214
male,50-54,-14,-0.026434013972950254,-0.026405955116656568,-0.02694811643913801
male,50-54,-13,0.17041344268623188,0.1704207718835335,0.16987861056105205
male,50-54,-12,0.35388813620173515,0.353898174407628,0.3533560130851466
male,50-54,-11,0.5334568181947701,0.533462126241368,0.5329199649188866
male,50-54,-10,0.6983072290576682,0.6983028267978598,0.6977606654753784
male,50-54,-9,0.8281501249570615,0.8281732204494078,0.8276310591269264
male,50-54,-8,1.003234192171093,1.0032369141579403,1.0026947528354588
male,50-54,-7,1.1600247633962544,1.160028410949333,1.1594862496268517
male,50-54,-6,1.304972928478134,1.3049887602204056,1.3044465988979241
male,50-54,-5,1.47016945747985,1.4701422970457805,1.469600135723299
male,50-54,-4,1.5338799978611042,1.5339058138940083,1.5333636525715268
male,50-54,-3,1.6565510793168299,1.656536947262861,1.6559947859403796
male,50-54,-2,1.719218456926677,1.719227028998657,1.7186848676761757
male,50-54,-1,1.7940649862521236,1.7940320872951947,1.7934899259727133
male,50-54,0,1.760472116557225,1.7603882613323292,1.7598461000098478
male,50-54,1,1.4189588075830601,1.4189929707801867,1.4184508094577053
male,50-54,2,1.0502259175666837,1.050305511384084,1.0497633500616026
male,50-54,3,0.8157866019760869,0.8158019283830237,0.8152597670605423
male,50-54,4,0.5690308756786339,0.5690448381291715,0.5685026768066901
male,50-54,5,0.29746146484148495,0.297479517403726,0.2969373560812446
male,50-54,6,0.006032060733315594,0.006052419857701934,0.0055102585352204934
male,50-54,7,-0.3059218714299289,-0.30583927081815615,-0.30638143214063757
male,50-54,8,-0.42829098615978034,-0.4283127882320209,-0.4288549495545023
male,50-54,9,-0.6480485723508449,-0.6480294954427654,-0.6485716567652469
male,50-54,10,-0.8603010436238829,-0.8603329828356527,-0.8608751441581342
male,50-54,11,-1.275545252612625,-1.275433032187658,-1.2759751935101393
male,50-54,12,-1.4900435558338883,-1.4899877378071185,-1.4905298991295999
male,50-54,13,-1.5752249821970354,-1.5752433987248122,-1.5757855600472936
male,50-54,14,-1.741247878915444,-1.7413421794396586,-1.74188434076214
male,50-54,15,-2.3902248832323147,-2.3898599371827682,-2.3904020985052497
male,50-54,16,-2.244927960768615,-2.2450250011059705,-2.245567162428452
male,50-54,17,-2.462339404016217,-2.462267374956098,-2.4628095362785793
male,50-54,18,-2.5867659165097807,-2.586682605219201,-2.5872247665416825
male,50-54,19,-2.490394059196526,-2.490521012938899,-2.4910631742613805
male,50-54,20,-3.140374926313016,-3.1397845056410727,-3.140326666963554
male,50-54,21,-9.210340371976182,-3.140372797249131,-3.1409149585716123
male,50-54,22,-9.210340371976182,-3.1403727973153965,-3.140914958637878
male,50-54,23,-9.210340371976182,-3.1403727973153965,-3.140914958637878
male,50-54,24,-9.210340371976182,-3.1403727973153965,-3.140914958637878
male,50-54,25,-9.210340371976182,-3.1403727973153965,-3.140914958637878
male,50-54,26,-9.210340371976182,-3.1403727973153965,-3.140914958637878
male,50-54,27,-9.210340371976182,-3.1403727973153965,-3.140914958637878
male,50-54,28,-9.210340371976182,-3.1403727973153965,-3.140914958637878
male,50-54,29,-9.210340371976182,-3.1403727973153965,-3.140914958637878
male,50-54,30,-9.210340371976182,-9.210340371976182,-9.210882533298664
male,50-54,31,-9.210340371976182,-9.210340371976182,-9.210882533298664
male,50-54,32,-9.210340371976182,-9.210340371976182,-9.210882533298664
male,50-54,33,-9.210340371976182,-9.210340371976182,-9.210882533298664
male,50-54,34,-9.210340371976182,-9.210340371976182,-9.210882533298664
male,50-54,35,-9.210340371976182,-9.210340371976182,-9.210882533298664
male,50-54,36,-9.210340371976182,-9.210340371976182,-9.210882533298664
male,50-54,37,-9.210340371976182,-9.210340371976182,-9.210882533298664
male,50-54,38,-9.210340371976182,-9.210340371976182,-9.210882533298664
male,50-54,39,-9.210340371976182,-9.210340371976182,-9.210882533298664
male,50-54,40,-9.210340371976182,-9.210340371976182,-9.210882533298664
male,50-54,41,-9.210340371976182,-9.210340371976182,-9.210882533298664
male,50-54,42,-9.210340371976182,-9.210340371976182,-9.210882533298664
male,50-54,43,-9.210340371976182,-9.210340371976182,-9.210882533298664
male,50-54,44,-9.210340371976182,-9.210340371976182,-9.210882533298664
male,50-54,45,-9.210340371976182,-9.210340371976182,-9.210882533298664
male,50-54,46,-9.210340371976182,-9.210340371976182,-9.210882533298664
male,50-54,47,-9.210340371976182,-9.210340371976182,-9.210882533298664
male,50-54,48,-9.210340371976182,-9.210340371976182,-9.210882533298664
male,50-54,49,-9.210340371976182,-9.210340371976182,-9.210882533298664
male,50-54,50,-9.210340371976182,-9.210340371976182,-9.210882533298664
male,50-54,51,-9.210340371976182,-9.210340371976182,-9.210882533298664
male,50-54,52,-9.210340371976182,-9.210340371976182,-9.210882533298664
male,55-59,-52,-9.210340371976182,-9.210340371976182,-9.21061916366091
male,55-59,-51,-9.210340371976182,-9.210340371976182,-9.21061916366091
male,55-59,-50,-9.210340371976182,-4.555047583413736,-4.555326375098463
male,55-59,-49,-9.210340371976182,-4.555047583413736,-4.555326375098463
male,55-59,-48,-9.210340371976182,-4.555047583413736,-4.555326375098463
male,55-59,-47,-9.210340371976182,-4.555047583413736,-4.555326375098463
male,55-59,-46,-9.210340371976182,-4.555047583413736,-4.555326375098463
male,55-59,-45,-9.210340371976182,-4.555047583413736,-4.555326375098463
male,55-59,-44,-9.210340371976182,-4.555047583413736,-4.555326375098463
male,55-59,-43,-9.210340371976182,-4.555047583413736,-4.555326375098463
male,55-59,-42,-9.210340371976182,-4.555047583434408,-4.555326375119136
male,55-59,-41,-4.555047583412971,-4.555231177415567,-4.555509969100294
male,55-59,-40,-4.878219843341043,-4.87836015482746,-4.878638946512187
male,55-59,-39,-5.401611240284184,-5.4018017432096554,-5.402080534894383
male,55-59,-38,-6.872910212624727,-6.871260845900153,-6.87153963758488
male,55-59,-37,-5.805294972334527,-5.805104704388575,-5.805383496073302
male,55-59,-36,-5.049695556994946,-5.049989796369143,-5.0502685880538705
male,55-59,-35,-5.45968318968526,-5.458961653228104,-5.459240444912831
male,55-59,-34,-4.47118528320103,-4.471300535331549,-4.4715793270162765
male,55-59,-33,-4.1956365753949285,-4.195657545238719,-4.195936336923446
male,55-59,-32,-4.015917454269783,-4.015761318841021,-4.016040110525748
male,55-59,-31,-3.501521484553655,-3.5014944768222254,-3.501773268506953
male,55-59,-30,-3.072946117170406,-3.0730752509877566,-3.0733540426724844
male,55-59,-29,-3.0893301747580164,-3.0890839652401683,-3.089362756924896
male,55-59,-28,-2.5216498421400693,-2.521833571609058,-2.5221123632937856
male,55-59,-27,-2.6178963423890997,-2.6176077562382933,-2.617886547923021
male,55-59,-26,-2.028917873242629,-2.029095091759582,-2.02937388344431
male,55-59,-25,-2.088517667554538,-2.0884314270615363,-2.088710218746264
male,55-59,-24,-1.9012026303814025,-1.9011795540051868,-1.9014583456899143
male,55-59,-23,-1.6650219760918643,-1.664963070024125,-1.6652418617088525
male,55-59,-22,-1.3142978635841742,-1.3143511803913392,-1.3146299720760668
male,55-59,-21,-1.1655763543340667,-1.1655027121166894,-1.165781503801417
male,55-59,-20,-0.8431217611090601,-0.8431627083960266,-0.8434415000807541
male,55-59,-19,-0.6859575439551007,-0.6859599784992602,-0.6862387701839877
male,55-59,-18,-0.5499821447155306,-0.5499629304470788,-0.5502417221318063
male,55-59,-17,-0.3758412426610133,-0.37579794279774226,-0.3760767344824698
male,55-59,-16,-0.11668197607377084,-0.11674635180616462,-0.1170251434908922
male,55-59,-15,-0.07705430551449885,-0.0769617728554272,-0.07724056454015478
male,55-59,-14,0.20382101141381606,0.20376799357853795,0.20348920189381037
male,55-59,-13,0.2949324740511581,0.29496048053378304,0.2946816888490555
male,55-59,-12,0.4576844406701988,0.4576796914547192,0.45740089976999165
male,55-59,-11,0.5906021068143108,0.590634892463567,0.5903561007788395
male,55-59,-10,0.7944383455179991,0.7944337710684655,0.7941549793837379
male,55-59,-9,0.9522383630641644,0.952228011336897,0.9519492196521695
male,55-59,-8,1.0589267357450602,1.0589173621530936,1.058638570468366
male,55-59,-7,1.127416109976814,1.1274536529700565,1.127174861285329
male,55-59,-6,1.2878090481572748,1.2877917464696134,1.2875129547848858
male,55-59,-5,1.3760718756377384,1.3760877064851416,1.375808914800414
male,55-59,-4,1.4980458107443952,1.4980338788596752,1.4977550871749477
male,55-59,-3,1.5733539889112316,1.573368948063634,1.5730901563789064
male,55-59,-2,1.6821267725625282,1.6820876512630998,1.6818088595783722
male,55-59,-1,1.6670489193749294,1.6670640981805926,1.666785306495865
male,55-59,0,1.6964303296008387,1.6963056430657115,1.696026851380984
male,55-59,1,1.290806906091469,1.2908746222750769,1.2905958305903493
male,55-59,2,0.967030762353407,0.967072043489539,0.9667932518048115
male,55-59,3,0.6857048037714233,0.6857386988536947,0.6854599071689671
male,55-59,4,0.44268902939462546,0.44271281755676084,0.4424340258720333
male,55-59,5,0.22012547578773223,0.22017261724092882,0.21989382555620124
male,55-59,6,0.1061392348693015,0.10609394903498424,0.10581515735025666
male,55-59,7,-0.1934653500966485,-0.193427877570681,-0.19370666925540858
male,55-59,8,-0.47174774065272457,-0.4716953705898699,-0.47197416227459743
male,55-59,9,-0.6586710302274951,-0.6586319317696978,-0.6589107234544254
male,55-59,10,-0.7559602574585347,-0.7560448016307707,-0.7563235933154983
male,55-59,11,-1.2004533538311297,-1.200307118572881,-1.2005859102576086
male,55-59,12,-1.372360140395654,-1.3723388297856711,-1.3726176214703987
male,55-59,13,-1.622682351068621,-1.6226073020246656,-1.6228860937093932
male,55-59,14,-1.8768563892083607,-1.876752211298892,-1.8770310029836195
male,55-59,15,-2.1333277195823097,-2.133138605617876,-2.133417397302604
male,55-59,16,-9.210340371976182,-2.133327719561118,-2.133606511245846
male,55-59,17,-9.210340371976182,-2.133327719582416,-2.1336065112671436
male,55-59,18,-9.210340371976182,-2.133327719582416,-2.1336065112671436
male,55-59,19,-9.210340371976182,-2.133327719582416,-2.1336065112671436
male,55-59,20,-9.210340371976182,-2.133327719582416,-2.1336065112671436
male,55-59,21,-9.210340371976182,-2.133327719582416,-2.1336065112671436
male,55-59,22,-9.210340371976182,-2.133327719582416,-2.1336065112671436
male,55-59,23,-9.210340371976182,-2.133327719582416,-2.1336065112671436
male,55-59,24,-9.210340371976182,-2.133327719582416,-2.1336065112671436
male,55-59,25,-9.210340371976182,-9.210340371976182,-9.21061916366091
male,55-59,26,-9.210340371976182,-9.210340371976182,-9.21061916366091
male,55-59,27,-9.210340371976182,-9.210340371976182,-9.21061916366091
male,55-59,28,-9.210340371976182,-9.210340371976182,-9.21061916366091
male,55-59,29,-9.210340371976182,-9.210340371976182,-9.21061916366091
male,55-59,30,-9.210340371976182,-9.210340371976182,-9.21061916366091
male,55-59,31,-9.210340371976182,-9.210340371976182,-9.21061916366091
male,55-59,32,-9.210340371976182,-9.210340371976182,-9.21061916366091
male,55-59,33,-9.210340371976182,-9.210340371976182,-9.21061916366091
male,55-59,34,-9.210340371976182,-9.210340371976182,-9.21061916366091
male,55-59,35,-9.210340371976182,-9.210340371976182,-9.21061916366091
male,55-59,36,-9.210340371976182,-9.210340371976182,-9.21061916366091
male,55-59,37,-9.210340371976182,-9.210340371976182,-9.21061916366091
male,55-59,38,-9.210340371976182,-9.210340371976182,-9.21061916366091
male,55-59,39,-9.210340371976182,-9.210340371976182,-9.21061916366091
male,55-59,40,-9.210340371976182,-9.210340371976182,-9.21061916366091
male,55-59,41,-9.210340371976182,-9.210340371976182,-9.21061916366091
male,55-59,42,-9.210340371976182,-9.210340371976182,-9.21061916366091
male,55-59,43,-9.210340371976182,-9.210340371976182,-9.21061916366091
male,55-59,44,-9.210340371976182,-9.210340371976182,-9.21061916366091
male,55-59,45,-9.210340371976182,-9.210340371976182,-9.21061916366091
male,55-59,46,-9.210340371976182,-9.210340371976182,-9.21061916366091
male,55-59,47,-9.210340371976182,-9.210340371976182,-9.21061916366091
male,55-59,48,-9.210340371976182,-9.210340371976182,-9.21061916366091
male,55-59,49,-9.210340371976182,-9.210340371976182,-9.21061916366091
male,55-59,50,-9.210340371976182,-9.210340371976182,-9.21061916366091
male,55-59,51,-9.210340371976182,-9.210340371976182,-9.21061916366091
male,55-59,52,-9.210340371976182,-9.210340371976182,-9.21061916366091
male,60-70,-52,-9.210340371976182,-9.210340371976182,-9.210922529230345
male,60-70,-51,-9.210340371976182,-9.210340371976182,-9.210922529230345
male,60-70,-50,-9.210340371976182,-9.210340371976182,-9.210922529230345
male,60-70,-49,-5.488660707913092,-5.488788280176496,-5.48937043743066
male,60-70,-48,-5.258381835229966,-5.258530211773339,-5.259112369027503
male,60-70,-47,-5.520213690133767,-5.520077290721536,-5.5206594479757
male,60-70,-46,-5.394325791349606,-5.394439378082156,-5.39502153533632
male,60-70,-45,-5.624403108910847,-5.624107186536538,-5.624689343790702
male,60-70,-44,-5.174345201439825,-5.174567742690783,-5.175149899944947
male,60-70,-43,-5.5492783308874065,-5.549057054957882,-5.549639212212046
male,60-70,-42,-5.345144839710833,-5.345095616758171,-5.345677774012335
male,60-70,-41,-5.068385208533871,-5.068334165819747,-5.068916323073911
male,60-70,-40,-4.72097435320101,-4.720965972135552,-4.721548129389716
male,60-70,-39,-4.428531903307035,-4.428619453982102,-4.429201611236266
male,60-70,-38,-4.428728773233187,-4.428719069166049,-4.429301226420213
male,60-70,-37,-4.402851508218448,-4.40234781486919,-4.402929972123354
male,60-70,-36,-3.4422772284819265,-3.4425856351506114,-3.4431677924047754
male,60-70,-35,-3.7804407907614084,-3.7799263684898725,-3.7805085257440365
male,60-70,-34,-3.0040075407991718,-3.0041007099574184,-3.0046828672115824
male,60-70,-33,-2.7340325384868174,-2.7342017069623856,-2.7347838642165496
male,60-70,-32,-3.0513651821944228,-3.051104663959747,-3.051686821213911
male,60-70,-31,-2.7147078293767644,-2.7146576981851154,-2.7152398554392794
male,60-70,-30,-2.3298894652689794,-2.3299547420549653,-2.3305368993091293
male,60-70,-29,-2.1955331202345834,-2.195472543429785,-2.196054700683949
male,60-70,-28,-1.9154365527952546,-1.915502229890367,-1.9160843871445308
male,60-70,-27,-1.8596510062776954,-1.859566550104034,-1.8601487073581977
male,60-70,-26,-1.5854518384640597,-1.585492607120391,-1.5860747643745547
male,60-70,-25,-1.4658526350776333,-1.4657900289580086,-1.4663721862121724
male,60-70,-24,-1.1972186646112908,-1.1972229177501799,-1.1978050750043436
male,60-70,-23,-0.9895864582276922,-0.9896514535109697,-0.9902336107651336
male,60-70,-22,-0.9959794112280921,-0.995882747050435,-0.9964649043045989
male,60-70,-21,-0.7476545517935083,-0.7476674209670636,-0.7482495782212275
male,60-70,-20,-0.5802610485079138,-0.5802412331074963,-0.5808233903616602
male,60-70,-19,-0.38648680480120284,-0.3865247493089526,-0.3871069065631164
male,60-70,-18,-0.3262222498052401,-0.3261679194139194,-0.32675007666808326
male,60-70,-17,-0.12869029452863223,-0.1287055536434226,-0.12928771089758642
male,60-70,-16,-0.005409627177450402,-0.005424227930808197,-0.006006385184972036
male,60-70,-15,0.06097595289007067,0.061022360134422214,0.06044020288025838
male,60-70,-14,0.24137734128788796,0.2413986546374572,0.24081649738329336
male,60-70,-13,0.4410988159618543,0.44111026936312975,0.4405281121089659
male,60-70,-12,0.6280782905823854,0.6280727345171991,0.6274905772630353
male,60-70,-11,0.7633912826694416,0.7633954778972993,0.7628133206431355
male,60-70,-10,0.8859550097221702,0.8859613532433511,0.8853791959891872
male,60-70,-9,1.005134673189608,1.0051245895313075,1.0045424322771437
male,60-70,-8,1.078306624929882,1.0783240666001874,1.0777419093460237
male,60-70,-7,1.1879314666371465,1.1879361601204388,1.187354002866275
male,60-70,-6,1.2931996003152262,1.2931973297236314,1.2926151724694677
male,60-70,-5,1.3766772431554888,1.3766663900692868,1.376084232815123
male,60-70,-4,1.418287411485557,1.418313906306036,1.4177317490518722
male,60-70,-3,1.5262883169174737,1.5262747277425741,1.5256925704884103
male,60-70,-2,1.581148977637442,1.5811476423066233,1.5805654850524595
male,60-70,-1,1.6252958816464116,1.625292286956031,1.6247101297018671
male,60-70,0,1.6533701016098195,1.6532653053559117,1.6526831481017479
male,60-70,1,1.283937549709289,1.2840116815617562,1.2834295243075924
male,60-70,2,0.9545198003434943,0.9545863934975436,0.9540042362433797
male,60-70,3,0.6717204075942816,0.6717972833475915,0.6712151260934276
male,60-70,4,0.5133806743114282,0.5134248320169519,0.512842674762788
male,60-70,5,0.44017470374897294,0.4401171208615445,0.43953496360738065
male,60-70,6,0.07843262653234254,0.07856838963470768,0.07798623238054384
male,60-70,7,-0.05746487967132663,-0.05747008676690445,-0.05805224402106829
male,60-70,8,-0.35265296096712473,-0.35256092350448914,-0.35314308075865297
male,60-70,9,-0.6507496146687286,-0.6506287670489493,-0.6512109243031132
male,60-70,10,-0.9790333893010097,-0.9787874079880726,-0.9793695652422365
male,60-70,11,-9.210340371976182,-0.9790320996190653,-0.9796142568732292
male,60-70,12,-9.210340371976182,-0.9790320996466226,-0.9796142569007865
male,60-70,13,-9.210340371976182,-0.9790320996466225,-0.9796142569007864
male,60-70,14,-9.210340371976182,-0.9790320996466226,-0.9796142569007865
male,60-70,15,-9.210340371976182,-0.9790320996466226,-0.9796142569007865
male,60-70,16,-9.210340371976182,-0.9790320996466226,-0.9796142569007865
male,60-70,17,-9.210340371976182,-0.9790320996466225,-0.9796142569007864
male,60-70,18,-9.210340371976182,-0.9790320996466225,-0.9796142569007864
male,60-70,19,-9.210340371976182,-0.9790320996466226,-0.9796142569007865
male,60-70,20,-9.210340371976182,-9.210340371976182,-9.210922529230345
male,60-70,21,-9.210340371976182,-9.210340371976182,-9.210922529230345
male,60-70,22,-9.210340371976182,-9.210340371976182,-9.210922529230345
male,60-70,23,-9.210340371976182,-9.210340371976182,-9.210922529230345
male,60-70,24,-9.210340371976182,-9.210340371976182,-9.210922529230345
male,60-70,25,-9.210340371976182,-9.210340371976182,-9.210922529230345
male,60-70,26,-9.210340371976182,-9.210340371976182,-9.210922529230345
male,60-70,27,-9.210340371976182,-9.210340371976182,-9.210922529230345
male,60-70,28,-9.210340371976182,-9.210340371976182,-9.210922529230345
male,60-70,29,-9.210340371976182,-9.210340371976182,-9.210922529230345
male,60-70,30,-9.210340371976182,-9.210340371976182,-9.210922529230345
male,60-70,31,-9.210340371976182,-9.210340371976182,-9.210922529230345
male,60-70,32,-9.210340371976182,-9.210340371976182,-9.210922529230345
male,60-70,33,-9.210340371976182,-9.210340371976182,-9.210922529230345
male,60-70,34,-9.210340371976182,-9.210340371976182,-9.210922529230345
male,60-70,35,-9.210340371976182,-9.210340371976182,-9.210922529230345
male,60-70,36,-9.210340371976182,-9.210340371976182,-9.210922529230345
male,60-70,37,-9.210340371976182,-9.210340371976182,-9.210922529230345
male,60-70,38,-9.210340371976182,-9.210340371976182,-9.210922529230345
male,60-70,39,-9.210340371976182,-9.210340371976182,-9.210922529230345
male,60-70,40,-9.210340371976182,-9.210340371976182,-9.210922529230345
male,60-70,41,-9.210340371976182,-9.210340371976182,-9.210922529230345
male,60-70,42,-9.210340371976182,-9.210340371976182,-9.210922529230345
male,60-70,43,-9.210340371976182,-9.210340371976182,-9.210922529230345
male,60-70,44,-9.210340371976182,-9.210340371976182,-9.210922529230345
male,60-70,45,-9.210340371976182,-9.210340371976182,-9.210922529230345
male,60-70,46,-9.210340371976182,-9.210340371976182,-9.210922529230345
male,60-70,47,-9.210340371976182,-9.210340371976182,-9.210922529230345
male,60-70,48,-9.210340371976182,-9.210340371976182,-9.210922529230345
male,60-70,49,-9.210340371976182,-9.210340371976182,-9.210922529230345
male,60-70,50,-9.210340371976182,-9.210340371976182,-9.210922529230345
male,60-70,51,-9.210340371976182,-9.210340371976182,-9.210922529230345
male,60-70,52,-9.210340371976182,-9.210340371976182,-9.210922529230345
female,18-19,-52,-9.210340371976182,-9.210340371976182,-9.221935539568083
female,18-19,-51,-9.210340371976182,-9.210340371976182,-9.221935539568083
female,18-19,-50,-9.210340371976182,-9.210340371976182,-9.221935539568083
female,18-19,-49,-9.210340371976182,-9.210340371976182,-9.221935539568083
female,18-19,-48,-9.210340371976182,-9.210340371976182,-9.221935539568083
female,18-19,-47,-9.210340371976182,-9.210340371976182,-9.221935539568083
female,18-19,-46,-9.210340371976182,-9.210340371976182,-9.221935539568083
female,18-19,-45,-9.210340371976182,-9.210340371976182,-9.221935539568083
female,18-19,-44,-9.210340371976182,-9.210340371976182,-9.221935539568083
female,18-19,-43,-9.210340371976182,-9.210340371976182,-9.221935539568083
female,18-19,-42,-9.210340371976182,-9.210340371976182,-9.221935539568083
female,18-19,-41,-9.210340371976182,-9.210340371976182,-9.221935539568083
female,18-19,-40,-9.210340371976182,-9.210340371976182,-9.221935539568083
female,18-19,-39,-9.210340371976182,-9.210340371976182,-9.221935539568083
female,18-19,-38,-9.210340371976182,-9.210340371976182,-9.221935539568083
female,18-19,-37,-9.210340371976182,-9.210340371976182,-9.221935539568083
female,18-19,-36,-9.210340371976182,-9.210340371976182,-9.221935539568083
female,18-19,-35,-9.210340371976182,-9.210340371976182,-9.221935539568083
female,18-19,-34,-9.210340371976182,-9.210340371976182,-9.221935539568083
female,18-19,-33,-9.210340371976182,-9.210340371976182,-9.221935539568083
female,18-19,-32,-9.210340371976182,-9.210340371976182,-9.221935539568083
female,18-19,-31,-9.210340371976182,-9.210340371976182,-9.221935539568083
female,18-19,-30,-9.210340371976182,-9.210340371976182,-9.221935539568083
female,18-19,-29,-9.210340371976182,-9.210340371976182,-9.221935539568083
female,18-19,-28,-9.210340371976182,-9.210340371976182,-9.221935539568083
female,18-19,-27,-9.210340371976182,-9.210340371976182,-9.221935539568083
female,18-19,-26,-9.210340371976182,-9.210340371976182,-9.221935539568083
female,18-19,-25,-9.210340371976182,-9.210340371976182,-9.221935539568083
female,18-19,-24,-9.210340371976182,-9.210340371976182,-9.221935539568083
female,18-19,-23,-9.210340371976182,-9.210340371976182,-9.221935539568083
female,18-19,-22,-9.210340371976182,-9.210340371976182,-9.221935539568083
female,18-19,-21,-9.210340371976182,-9.210340371976182,-9.221935539568083
female,18-19,-20,-9.210340371976182,0.03822089384645756,0.026625726254555802
female,18-19,-19,-9.210340371976182,0.03822089384643512,0.026625726254533362
female,18-19,-18,-9.210340371976182,0.03822089384643512,0.026625726254533362
female,18-19,-17,-9.210340371976182,0.03822089384643512,0.026625726254533362
female,18-19,-16,-9.210340371976182,0.038220893846434914,0.026625726254533154
female,18-19,-15,-9.210340371976182,0.03822089384643512,0.026625726254533362
female,18-19,-14,-9.210340371976182,0.03822089384643512,0.026625726254533362
female,18-19,-13,-9.210340371976182,0.03822089384643512,0.026625726254533362
female,18-19,-12,-9.210340371976182,0.03822089384643512,0.026625726254533362
female,18-19,-11,-9.210340371976182,0.03822089384643512,0.026625726254533362
female,18-19,-10,-9.210340371976182,0.03822089384643534,0.026625726254533577
female,18-19,-9,-9.210340371976182,0.038220893846441326,0.026625726254539565
female,18-19,-8,-9.210340371976182,0.038220893846774295,0.026625726254872535
female,18-19,-7,-9.210340371976182,0.038220893864959776,0.026625726273058016
female,18-19,-6,-9.210340371976182,0.03822089485784979,0.02662572726594803
female,18-19,-5,-9.210340371976182,0.03822094906778325,0.026625781475881488
female,18-19,-4,-9.210340371976182,0.03822390882236222,0.02662874123046046
female,18-19,-3,-9.210340371976182,0.03838548356708668,0.02679031597518492
female,18-19,-2,-9.210340371976182,0.04714101204216956,0.0355458444502678
female,18-19,-1,0.03821379628378901,0.38911157738481184,0.37751640979291007
female,18-19,0,1.3880718505055303,1.3792467872955074,1.3676516197036057
female,18-19,1,1.807638726532734,1.7460376050732425,1.7344424374813407
female,18-19,2,1.5730632095247017,1.5653523614529714,1.5537571938610697
female,18-19,3,1.1093650320319683,1.1512484105142198,1.139653242922318
female,18-19,4,0.8078749013478821,0.8029461041892052,0.7913509365973035
female,18-19,5,0.19767892785361396,0.2744271964540189,0.26283202886211715
female,18-19,6,0.03236159418369225,0.015556547020865164,0.003961379428963402
female,18-19,7,-0.42471428967601377,-0.38618775240453845,-0.3977829199964402
female,18-19,8,-0.7268849274258418,-0.6956446171019811,-0.7072397846938828
female,18-19,9,-0.811370551001085,-0.7996559988954475,-0.8112511664873492
female,18-19,10,-0.7932454100519857,-0.8407450582660807,-0.8523402258579824
female,18-19,11,-1.3360048110528748,-1.265973202405852,-1.2775683699977538
female,18-19,12,-1.3876008975927299,-1.4274116148909943,-1.439006782482896
female,18-19,13,-1.9875396113239547,-1.8882348030558151,-1.8998299706477169
female,18-19,14,-1.8763174288005446,-1.9334070460937125,-1.9450022136856142
female,18-19,15,-2.4571383619007574,-2.3345555133139513,-2.346150680905853
female,18-19,16,-2.1290705484859633,-2.032029360964418,-2.04362452855632
female,18-19,17,-1.2828765632154575,-1.4051117100040822,-1.416706877595984
female,18-19,18,-1.9751770294107955,-1.9310754735297058,-1.9426706411216075
female,18-19,19,-3.1083303195197045,-2.7932945550658492,-2.804889722657751
female,18-19,20,-2.2704079417464578,-2.4019255332155636,-2.4135207008074655
female,18-19,21,-3.0845724456588273,-2.9050181309163015,-2.9166132985082034
female,18-19,22,-2.574976998543106,-2.630453961973644,-2.642049129565546
female,18-19,23,-2.661440118654908,-2.6624422345136467,-2.6740374021055486
female,18-19,24,-2.7743003212781057,-2.7636925544085873,-2.7752877220004892
female,18-19,25,-2.798015232392962,-2.8846380677141905,-2.8962332353060924
female,18-19,26,-4.532998862879421,-3.309709169696967,-3.321304337288869
female,18-19,27,-1.538165865505574,-1.713181304306796,-1.7247764718986978
female,18-19,28,-2.2426492059380063,-2.1788990015657985,-2.1904941691577005
female,18-19,29,-2.7972653746424774,-2.7542851820249497,-2.7658803496168516
female,18-19,30,-3.193973667891021,-2.965159133521128,-2.9767543011130297
female,18-19,31,-2.1603470144102603,-2.2692849517250706,-2.2808801193169725
female,18-19,32,-2.6206605614429033,-2.5458174002429574,-2.5574125678348594
female,18-19,33,-2.500554149735763,-2.534019544168148,-2.54561471176005
female,18-19,34,-2.7165681576115723,-2.8002650706931345,-2.8118602382850364
female,18-19,35,-9.210340371976182,-4.733012778656202,-4.744607946248104
female,18-19,36,-4.158601771437506,-3.9951987157221596,-4.006793883314061
female,18-19,37,-2.862656329428658,-3.026181116926815,-3.037776284518717
female,18-19,38,-4.011214740884485,-3.527605170317888,-3.53920033790979
female,18-19,39,-2.481487441487724,-2.578942448071698,-2.5905376156636
female,18-19,40,-2.5918912106825838,-2.596446907415764,-2.608042075007666
female,18-19,41,-2.7532932507361543,-2.8428973621009384,-2.8544925296928403
female,18-19,42,-9.210340371976182,-4.95271316784433,-4.964308335436232
female,18-19,43,-9.210340371976182,-4.616433082660456,-4.628028250252358
female,18-19,44,-2.3505176873354308,-2.546957157172774,-2.5585523247646758
female,18-19,45,-3.442308364928155,-3.330781668470752,-3.342376836062654
female,18-19,46,-9.210340371976182,-4.937692754424548,-4.94928792201645
female,18-19,47,-3.3397776864414292,-3.578829478770181,-3.590424646362083
female,18-19,48,-9.210340371976182,-4.589777073241943,-4.601372240833845
female,18-19,49,-2.795984570910819,-3.0363655394898785,-3.0479607070817805
female,18-19,50,-9.210340371976182,-4.9797601121774,-4.991355279769302
female,18-19,51,-9.210340371976182,-9.210340371976182,-9.221935539568083
female,18-19,52,-9.210340371976182,-9.210340371976182,-9.221935539568083
female,20-21,-52,-9.210340371976182,-9.210340371976182,-9.215498184093658
female,20-21,-51,-9.210340371976182,-9.210340371976182,-9.215498184093658
female,20-21,-50,-9.210340371976182,-9.210340371976182,-9.215498184093658
female,20-21,-49,-9.210340371976182,-9.210340371976182,-9.215498184093658
female,20-21,-48,-9.210340371976182,-9.210340371976182,-9.215498184093658
female,20-21,-47,-9.210340371976182,-9.210340371976182,-9.215498184093658
female,20-21,-46,-9.210340371976182,-9.210340371976182,-9.215498184093658
female,20-21,-45,-9.210340371976182,-9.210340371976182,-9.215498184093658
female,20-21,-44,-9.210340371976182,-9.210340371976182,-9.215498184093658
female,20-21,-43,-9.210340371976182,-9.210340371976182,-9.215498184093658
female,20-21,-42,-9.210340371976182,-9.210340371976182,-9.215498184093658
female,20-21,-41,-9.210340371976182,-9.210340371976182,-9.215498184093658
female,20-21,-40,-9.210340371976182,-9.210340371976182,-9.215498184093658
female,20-21,-39,-9.210340371976182,-9.210340371976182,-9.215498184093658
female,20-21,-38,-9.210340371976182,-9.210340371976182,-9.215498184093658
female,20-21,-37,-9.210340371976182,-9.210340371976182,-9.215498184093658
female,20-21,-36,-9.210340371976182,-9.210340371976182,-9.215498184093658
female,20-21,-35,-9.210340371976182,-9.210340371976182,-9.215498184093658
female,20-21,-34,-9.210340371976182,-9.210340371976182,-9.215498184093658
female,20-21,-33,-9.210340371976182,-9.210340371976182,-9.215498184093658
female,20-21,-32,-9.210340371976182,-9.210340371976182,-9.215498184093658
female,20-21,-31,-9.210340371976182,-9.210340371976182,-9.215498184093658
female,20-21,-30,-9.210340371976182,-9.210340371976182,-9.215498184093658
female,20-21,-29,-9.210340371976182,-9.210340371976182,-9.215498184093658
female,20-21,-28,-9.210340371976182,-9.210340371976182,-9.215498184093658
female,20-21,-27,-9.210340371976182,-9.210340371976182,-9.215498184093658
female,20-21,-26,-9.210340371976182,-9.210340371976182,-9.215498184093658
female,20-21,-25,-9.210340371976182,-9.210340371976182,-9.215498184093658
female,20-21,-24,-9.210340371976182,-9.210340371976182,-9.215498184093658
female,20-21,-23,-9.210340371976182,-9.210340371976182,-9.215498184093658
female,20-21,-22,-9.210340371976182,-2.845197895821487,-2.850355707938963
female,20-21,-21,-9.210340371976182,-2.845197895821415,-2.850355707938891
female,20-21,-20,-9.210340371976182,-2.845197895821415,-2.850355707938891
female,20-21,-19,-9.210340371976182,-2.845197895821415,-2.850355707938891
female,20-21,-18,-9.210340371976182,-2.845197895821415,-2.850355707938891
female,20-21,-17,-9.210340371976182,-2.845197895821415,-2.850355707938891
female,20-21,-16,-9.210340371976182,-2.845197895821415,-2.850355707938891
female,20-21,-15,-9.210340371976182,-2.845197895821415,-2.850355707938891
female,20-21,-14,-9.210340371976182,-2.845197895821415,-2.850355707938891
female,20-21,-13,-9.210340371976182,-2.845197895821415,-2.850355707938891
female,20-21,-12,-9.210340371976182,-2.8451978958214146,-2.8503557079388906
female,20-21,-11,-9.210340371976182,-2.845197895821404,-2.85035570793888
female,20-21,-10,-9.210340371976182,-2.845197895820818,-2.850355707938294
female,20-21,-9,-9.210340371976182,-2.845197895788828,-2.850355707906304
female,20-21,-8,-9.210340371976182,-2.845197894042234,-2.8503557061597102
female,20-21,-7,-9.210340371976182,-2.8451977986814425,-2.8503556107989185
female,20-21,-6,-9.210340371976182,-2.845192592178757,-2.850350404296233
female,20-21,-5,-9.210340371976182,-2.8449083867192653,-2.8500661988367413
female,20-21,-4,-9.210340371976182,-2.829567655967774,-2.83472546808525
female,20-21,-3,-2.8452025489388912,-2.3013959827180748,-2.306553794835551
female,20-21,-2,-1.2315328624896023,-0.8410538061631578,-0.846211618280634
female,20-21,-1,0.541654930007806,0.6269055911260792,0.6217477790086031
female,20-21,0,1.5389282260629706,1.4868381384203937,1.4816803263029175
female,20-21,1,1.7039995225342324,1.665649029221255,1.6604912171037787
female,20-21,2,1.4777966745625115,1.4757929416506954,1.4706351295332192
female,20-21,3,1.1109706221608233,1.1265729634151094,1.1214151512976331
female,20-21,4,0.701676247572147,0.7324870339339721,0.727329221816496
female,20-21,5,0.41611205580642274,0.4277760504252592,0.42261823830778306
female,20-21,6,0.12479797275355618,0.12785959391564286,0.12270178179816671
female,20-21,7,-0.3017833181028997,-0.2574427944979584,-0.26260060661543455
female,20-21,8,-0.459629907914565,-0.4774005380832484,-0.4825583502007245
female,20-21,9,-0.8982615547838937,-0.8230974274267557,-0.8282552395442319
female,20-21,10,-0.7322988409271033,-0.787156926073661,-0.7923147381911371
female,20-21,11,-1.1822049499448057,-1.1407292828652154,-1.1458870949826916
female,20-21,12,-1.4378199019719684,-1.4269627506175875,-1.4321205627350637
female,20-21,13,-1.6959091196568905,-1.6549553365154213,-1.6601131486328975
female,20-21,14,-1.6212636378528618,-1.6240769212679118,-1.629234733385388
female,20-21,15,-1.5713512655037771,-1.5941070622774345,-1.5992648743949107
female,20-21,16,-1.7593654206812854,-1.7341843467598848,-1.739342158877361
female,20-21,17,-1.74149570499987,-1.7767195448181587,-1.781877356935635
female,20-21,18,-2.1254047997458394,-2.043697978129618,-2.048855790247094
female,20-21,19,-1.8537743714864992,-1.9347646401194234,-1.9399224522368996
female,20-21,20,-2.5815822590634228,-2.503525794344536,-2.508683606462012
female,20-21,21,-3.0739619607355544,-2.9163883952750878,-2.9215462073925638
female,20-21,22,-2.403251755566088,-2.4821661543620843,-2.4873239664795603
female,20-21,23,-2.644492880853231,-2.6397001002938887,-2.6448579124113647
female,20-21,24,-2.9211635161482468,-2.87770108996201,-2.882858902079486
female,20-21,25,-2.831548478285148,-2.8343611083343516,-2.8395189204518276
female,20-21,26,-2.765936696558892,-2.8171157068689556,-2.8222735189864316
female,20-21,27,-3.27360052547818,-3.259223369965756,-3.264381182083232
female,20-21,28,-4.008062831549143,-3.6132431028212335,-3.6184009149387095
female,20-21,29,-2.5509692632845513,-2.6474167185498336,-2.6525745306673096
female,20-21,30,-2.6914696156467013,-2.699329050352004,-2.70448686246948
female,20-21,31,-2.9455947895261434,-2.9907429209984246,-2.9959007331159007
female,20-21,32,-4.138619019832137,-4.010377549274135,-4.015535361391611
female,20-21,33,-9.210340371976182,-5.46585117736566,-5.471008989483136
female,20-21,34,-3.7539158569791824,-3.992862527924722,-3.998020340042198
female,20-21,35,-9.210340371976182,-5.453205483442478,-5.458363295559954
female,20-21,36,-4.091272648868177,-4.210118423691485,-4.215276235808961
female,20-21,37,-4.149581208419769,-4.242137951499364,-4.24729576361684
female,20-21,38,-6.247041653126339,-5.656600787253101,-5.661758599370577
female,20-21,39,-5.874521487358959,-5.947924121697982,-5.953081933815458
female,20-21,40,-6.356313552449946,-6.011836584744695,-6.016994396862171
female,20-21,41,-4.889012438809595,-4.998015212953799,-5.003173025071275
female,20-21,42,-5.084160461666305,-4.997780858772028,-5.002938670889504
female,20-21,43,-4.582033837504475,-4.738736542270546,-4.743894354388022
female,20-21,44,-9.210340371976182,-6.540864666434257,-6.546022478551733
female,20-21,45,-5.841987601803888,-5.725151022130095,-5.730308834247571
female,20-21,46,-4.627062343287753,-4.802585134866526,-4.807742946984002
female,20-21,47,-6.262977870902905,-5.9509382457335365,-5.9560960578510125
female,20-21,48,-9.210340371976182,-8.062143999829514,-8.06730181194699
female,20-21,49,-6.945238721663546,-7.119580218575441,-7.124738030692917
female,20-21,50,-9.210340371976182,-8.268622621256341,-8.273780433373817
female,20-21,51,-9.210340371976182,-9.210340371976182,-9.215498184093658
female,20-21,52,-9.210340371976182,-9.210340371976182,-9.215498184093658
female,22-23,-52,-9.210340371976182,-9.210340371976182,-9.210430439200767
female,22-23,-51,-9.210340371976182,-9.210340371976182,-9.210430439200767
female,22-23,-50,-9.210340371976182,-9.210340371976182,-9.210430439200767
female,22-23,-49,-9.210340371976182,-9.210340371976182,-9.210430439200767
female,22-23,-48,-9.210340371976182,-9.210340371976182,-9.210430439200767
female,22-23,-47,-9.210340371976182,-9.210340371976182,-9.210430439200767
female,22-23,-46,-9.210340371976182,-9.210340371976182,-9.210430439200767
female,22-23,-45,-9.210340371976182,-9.210340371976182,-9.210430439200767
female,22-23,-44,-9.210340371976182,-9.210340371976182,-9.210430439200767
female,22-23,-43,-9.210340371976182,-9.210340371976182,-9.210430439200767
female,22-23,-42,-9.210340371976182,-9.210340371976182,-9.210430439200767
female,22-23,-41,-9.210340371976182,-9.210340371976182,-9.210430439200767
female,22-23,-40,-9.210340371976182,-9.210340371976182,-9.210430439200767
female,22-23,-39,-9.210340371976182,-9.210340371976182,-9.210430439200767
female,22-23,-38,-9.210340371976182,-9.210340371976182,-9.210430439200767
female,22-23,-37,-9.210340371976182,-9.210340371976182,-9.210430439200767
female,22-23,-36,-9.210340371976182,-9.210340371976182,-9.210430439200767
female,22-23,-35,-9.210340371976182,-9.210340371976182,-9.210430439200767
female,22-23,-34,-9.210340371976182,-9.210340371976182,-9.210430439200767
female,22-23,-33,-9.210340371976182,-9.210340371976182,-9.210430439200767
female,22-23,-32,-9.210340371976182,-9.210340371976182,-9.210430439200767
female,22-23,-31,-9.210340371976182,-9.210340371976182,-9.210430439200767
female,22-23,-30,-9.210340371976182,-9.210340371976182,-9.210430439200767
female,22-23,-29,-9.210340371976182,-9.210340371976182,-9.210430439200767
female,22-23,-28,-9.210340371976182,-9.210340371976182,-9.210430439200767
female,22-23,-27,-9.210340371976182,-9.210340371976182,-9.210430439200767
female,22-23,-26,-9.210340371976182,-9.210340371976182,-9.210430439200767
female,22-23,-25,-9.210340371976182,-9.210340371976182,-9.210430439200767
female,22-23,-24,-9.210340371976182,-9.210340371976182,-9.210430439200767
female,22-23,-23,-9.210340371976182,-9.210340371976182,-9.210430439200767
female,22-23,-22,-9.210340371976182,-9.210340371976182,-9.210430439200767
female,22-23,-21,-9.210340371976182,-9.210340371976182,-9.210430439200767
female,22-23,-20,-9.210340371976182,-9.210340371976182,-9.210430439200767
female,22-23,-19,-9.210340371976182,-9.210340371976182,-9.210430439200767
female,22-23,-18,-9.210340371976182,-9.210340371976182,-9.210430439200767
female,22-23,-17,-9.210340371976182,-9.210340371976182,-9.210430439200767
female,22-23,-16,-9.210340371976182,-9.210340371976182,-9.210430439200767
female,22-23,-15,-9.210340371976182,-9.210340371976182,-9.210430439200767
female,22-23,-14,-9.210340371976182,-3.656195033708413,-3.656285100932998
female,22-23,-13,-9.210340371976182,-3.656195033708413,-3.656285100932998
female,22-23,-12,-9.210340371976182,-3.656195033708413,-3.656285100932998
female,22-23,-11,-9.210340371976182,-3.656195033708413,-3.656285100932998
female,22-23,-10,-9.210340371976182,-3.656195033708413,-3.656285100932998
female,22-23,-9,-9.210340371976182,-3.656195033708413,-3.656285100932998
female,22-23,-8,-9.210340371976182,-3.656195033708413,-3.656285100932998
female,22-23,-7,-9.210340371976182,-3.656195033708413,-3.656285100932998
female,22-23,-6,-9.210340371976182,-3.656195033729775,-3.65628510095436
female,22-23,-5,-3.6561950337073577,-3.656384765735686,-3.656474832960271
female,22-23,-4,-4.043491558254208,-4.04126584127451,-4.041355908499095
female,22-23,-3,-2.03892785086269,-2.038047836002446,-2.0381379032270313
female,22-23,-2,-0.5346166223543676,-0.5340704165922204,-0.5341604838168054
female,22-23,-1,0.703595355831894,0.7039302796794387,0.7038402124548537
female,22-23,0,1.7175807958429128,1.7173631227551307,1.7172730555305458
female,22-23,1,1.7185986705785454,1.7185089483658338,1.7184188811412489
female,22-23,2,1.397129392640888,1.3971720135167043,1.3970819462921193
female,22-23,3,1.0753259804248578,1.0753611749124061,1.0752711076878212
female,22-23,4,0.7107821656933918,0.7108607488450479,0.710770681620463
female,22-23,5,0.43586601058998986,0.4358777140038089,0.43578764677922394
female,22-23,6,0.052517597817302517,0.0526233862599623,0.052533319035377335
female,22-23,7,-0.15271353132462362,-0.1527243747130991,-0.15281444193768406
female,22-23,8,-0.48573833125435323,-0.48563668652587527,-0.48572675375046026
female,22-23,9,-0.623022263734501,-0.6230250659844515,-0.6231151332090364
female,22-23,10,-0.8208833503380298,-0.8208170937519222,-0.8209071609765072
female,22-23,11,-0.8616488454259116,-0.8617156780465169,-0.8618057452711019
female,22-23,12,-1.1566810178442883,-1.156631708849375,-1.1567217760739599
female,22-23,13,-1.4128627544022512,-1.4128485449181165,-1.4129386121427014
female,22-23,14,-1.7584199628472932,-1.7581971908077945,-1.7582872580323794
female,22-23,15,-1.552298351551358,-1.5523706591435724,-1.5524607263681574
female,22-23,16,-1.572521592588781,-1.5726271401546552,-1.5727172073792401
female,22-23,17,-1.9772618417336825,-1.9771937605743022,-1.9772838277988871
female,22-23,18,-2.341805864629049,-2.3417360813674595,-2.3418261485920446
female,22-23,19,-2.6568361241290184,-2.656567259878409,-2.656657327102994
female,22-23,20,-2.3057020081308868,-2.305854383433358,-2.305944450657943
female,22-23,21,-2.4737232669377787,-2.473627697530679,-2.473717764755264
female,22-23,22,-2.3809064726420255,-2.3810829351689082,-2.3811730023934934
female,22-23,23,-2.9987233306451317,-2.9983123595330943,-2.9984024267576794
female,22-23,24,-2.708201232155443,-2.708160385790497,-2.708250453015082
female,22-23,25,-2.385144056111477,-2.3854001648814793,-2.3854902321060645
female,22-23,26,-3.055623471965234,-3.0554420053529996,-3.0555320725775847
female,22-23,27,-3.5492834175046672,-3.549005766874668,-3.549095834099253
female,22-23,28,-3.3512029411575326,-3.351351409287768,-3.351441476512353
female,22-23,29,-3.6616130214913314,-3.661433701704791,-3.661523768929376
female,22-23,30,-3.5099899698691877,-3.5101999455526074,-3.5102900127771925
female,22-23,31,-4.185369505692857,-4.184659677324584,-4.184749744549169
female,22-23,32,-3.4216539740057446,-3.422098108338485,-3.42218817556307
female,22-23,33,-4.9982347805254355,-4.996021896365854,-4.996111963590439
female,22-23,34,-3.6765489666844537,-3.6769557558183834,-3.6770458230429686
female,22-23,35,-4.317707422205478,-4.317267176834347,-4.3173572440589325
female,22-23,36,-3.9617791793713937,-3.9621259957943615,-3.9622160630189467
female,22-23,37,-5.212888499261567,-5.211609323831415,-5.211699391056
female,22-23,38,-4.328301674063991,-4.3284631758200645,-4.32855324304465
female,22-23,39,-4.216850873971107,-4.217017713428645,-4.21710778065323
female,22-23,40,-4.722725945793769,-4.722615706697968,-4.722705773922553
female,22-23,41,-5.163850759187736,-5.163915904605541,-5.164005971830126
female,22-23,42,-6.797658983377381,-6.795128408938783,-6.7952184761633685
female,22-23,43,-5.310817242525868,-5.310434910193679,-5.310524977418265
female,22-23,44,-4.1883467164386925,-4.188840521761263,-4.188930588985849
female,22-23,45,-5.808698817186004,-5.8062456899844905,-5.806335757209076
female,22-23,46,-4.374822976245574,-4.3752823025728205,-4.375372369797406
female,22-23,47,-5.263478088825412,-5.262555178037953,-5.262645245262538
female,22-23,48,-3.8600941333476455,-3.8607023855558085,-3.8607924527803936
female,22-23,49,-9.210340371976182,-3.8600941334162293,-3.8601842006408145
female,22-23,50,-9.210340371976182,-3.8600941333477454,-3.8601842005723306
female,22-23,51,-9.210340371976182,-3.8600941333477454,-3.8601842005723306
female,22-23,52,-9.210340371976182,-3.8600941333477454,-3.8601842005723306
female,24-25,-52,-9.210340371976182,-9.210340371976182,-9.210507003029509
female,24-25,-51,-9.210340371976182,-9.210340371976182,-9.210507003029509
female,24-25,-50,-9.210340371976182,-9.210340371976182,-9.210507003029509
female,24-25,-49,-9.210340371976182,-9.210340371976182,-9.210507003029509
female,24-25,-48,-9.210340371976182,-9.210340371976182,-9.210507003029509
female,24-25,-47,-9.210340371976182,-9.210340371976182,-9.210507003029509
female,24-25,-46,-9.210340371976182,-9.210340371976182,-9.210507003029509
female,24-25,-45,-9.210340371976182,-9.210340371976182,-9.210507003029509
female,24-25,-44,-9.210340371976182,-9.210340371976182,-9.210507003029509
female,24-25,-43,-9.210340371976182,-9.210340371976182,-9.210507003029509
female,24-25,-42,-9.210340371976182,-9.210340371976182,-9.210507003029509
female,24-25,-41,-9.210340371976182,-9.210340371976182,-9.210507003029509
female,24-25,-40,-9.210340371976182,-9.210340371976182,-9.210507003029509
female,24-25,-39,-9.210340371976182,-9.210340371976182,-9.210507003029509
female,24-25,-38,-9.210340371976182,-9.210340371976182,-9.210507003029509
female,24-25,-37,-9.210340371976182,-9.210340371976182,-9.210507003029509
female,24-25,-36,-9.210340371976182,-9.210340371976182,-9.210507003029509
female,24-25,-35,-9.210340371976182,-9.210340371976182,-9.210507003029509
female,24-25,-34,-9.210340371976182,-9.210340371976182,-9.210507003029509
female,24-25,-33,-9.210340371976182,-9.210340371976182,-9.210507003029509
female,24-25,-32,-9.210340371976182,-9.210340371976182,-9.210507003029509
female,24-25,-31,-9.210340371976182,-9.210340371976182,-9.210507003029509
female,24-25,-30,-9.210340371976182,-9.210340371976182,-9.210507003029509
female,24-25,-29,-9.210340371976182,-9.210340371976182,-9.210507003029509
female,24-25,-28,-9.210340371976182,-9.210340371976182,-9.210507003029509
female,24-25,-27,-9.210340371976182,-9.210340371976182,-9.210507003029509
female,24-25,-26,-9.210340371976182,-9.210340371976182,-9.210507003029509
female,24-25,-25,-9.210340371976182,-9.210340371976182,-9.210507003029509
female,24-25,-24,-9.210340371976182,-9.210340371976182,-9.210507003029509
female,24-25,-23,-9.210340371976182,-9.210340371976182,-9.210507003029509
female,24-25,-22,-9.210340371976182,-9.210340371976182,-9.210507003029509
female,24-25,-21,-9.210340371976182,-9.210340371976182,-9.210507003029509
female,24-25,-20,-9.210340371976182,-9.210340371976182,-9.210507003029509
female,24-25,-19,-9.210340371976182,-9.210340371976182,-9.210507003029509
female,24-25,-18,-9.210340371976182,-9.210340371976182,-9.210507003029509
female,24-25,-17,-9.210340371976182,-9.210340371976182,-9.210507003029509
female,24-25,-16,-9.210340371976182,-5.364897286135047,-5.365063917188374
female,24-25,-15,-9.210340371976182,-5.364897286135048,-5.365063917188375
female,24-25,-14,-9.210340371976182,-5.364897286135047,-5.365063917188374
female,24-25,-13,-9.210340371976182,-5.364897286135047,-5.365063917188374
female,24-25,-12,-9.210340371976182,-5.364897286135047,-5.365063917188374
female,24-25,-11,-9.210340371976182,-5.364897286135047,-5.365063917188374
female,24-25,-10,-9.210340371976182,-5.364897286135047,-5.365063917188374
female,24-25,-9,-9.210340371976182,-5.364897286135047,-5.365063917188374
female,24-25,-8,-9.210340371976182,-5.364897286022743,-5.36506391707607
female,24-25,-7,-5.364897286133869,-5.3639004525888945,-5.3640670836422215
female,24-25,-6,-4.4076445504967054,-4.406984890468433,-4.40715152152176
female,24-25,-5,-3.2170217309736078,-3.216631607356267,-3.216798238409594
female,24-25,-4,-2.1712785421634337,-2.1710400137907944,-2.1712066448441214
female,24-25,-3,-1.3161009479620926,-1.3156841445566867,-1.315850775610014
female,24-25,-2,-0.2875173762684096,-0.286975904069224,-0.2871425351225512
female,24-25,-1,0.895796998706531,0.8959868573832928,0.8958202263299655
female,24-25,0,1.7250218013228178,1.7248173753688507,1.7246507443155235
female,24-25,1,1.6891789613394816,1.6891220396473583,1.688955408594031
female,24-25,2,1.4444524563621506,1.4444714225943662,1.444304791541039
female,24-25,3,1.1617327657838534,1.1617511832692675,1.1615845522159403
female,24-25,4,0.7930973474312355,0.7931751291442919,0.7930084980909646
female,24-25,5,0.5071471876985145,0.5071880029239533,0.507021371870626
female,24-25,6,0.2431150752001729,0.24315291080222184,0.24298627974889464
female,24-25,7,-0.013898161437646607,-0.013842722206476008,-0.014009353259803218
female,24-25,8,-0.1932591733341531,-0.19323651895874494,-0.19340315001207214
female,24-25,9,-0.36256863969208447,-0.3625544416716441,-0.3627210727249713
female,24-25,10,-0.5442061288152596,-0.5442538053244017,-0.544420436377729
female,24-25,11,-1.015259208560078,-1.0150823870117767,-1.015249018065104
female,24-25,12,-1.1492548797996098,-1.1492373537823208,-1.149403984835648
female,24-25,13,-1.2652227732766936,-1.2652252478291635,-1.2653918788824907
female,24-25,14,-1.4196653035059603,-1.419656891394126,-1.4198235224474534
female,24-25,15,-1.580523941358996,-1.580577245808482,-1.5807438768618092
female,24-25,16,-2.0097705283206775,-2.0095460557429834,-2.0097126867963104
female,24-25,17,-1.900497803562181,-1.9005260564392437,-1.900692687492571
female,24-25,18,-1.8736241771814943,-1.8736381763328271,-1.8738048073861544
female,24-25,19,-1.8887523074649042,-1.8887486399924076,-1.8889152710457349
female,24-25,20,-1.8938219383545842,-1.894004047859097,-1.8941706789124242
female,24-25,21,-2.7593677235615837,-2.758951024886153,-2.75911765593948
female,24-25,22,-3.008784152806067,-3.008626594844016,-3.008793225897343
female,24-25,23,-2.8511944391137742,-2.8513386750954104,-2.8515053061487374
female,24-25,24,-3.1849632703693493,-3.1847211172416463,-3.1848877482949733
female,24-25,25,-2.9105453021672303,-2.910729570740659,-2.910896201793986
female,24-25,26,-3.2917956647183093,-3.2916226819325423,-3.2917893129858693
female,24-25,27,-3.236873948516553,-3.2370618413447696,-3.2372284723980966
female,24-25,28,-3.9272021394243652,-3.9265690917300637,-3.926735722783391
female,24-25,29,-3.2778228343616695,-3.2780961960369375,-3.2782628270902645
female,24-25,30,-3.6876317331097512,-3.6874208289147035,-3.6875874599680305
female,24-25,31,-3.572810575376217,-3.5730593936915453,-3.5732260247448724
female,24-25,32,-4.573900726686867,-4.573046044651748,-4.573212675705075
female,24-25,33,-3.9764456903046557,-3.9768254978277295,-3.9769921288810566
female,24-25,34,-5.131842742935057,-5.1308438887051695,-5.1310105197584965
female,24-25,35,-4.54597935784995,-4.54577429414578,-4.545940925199107
female,24-25,36,-3.827779468027299,-3.828184221597374,-3.828350852650701
female,24-25,37,-5.103966477103749,-5.103141253055409,-5.1033078841087365
female,24-25,38,-5.380219124462208,-5.379792943374823,-5.37995957442815
female,24-25,39,-4.699596809365211,-4.69966970393566,-4.699836334988987
female,24-25,40,-4.433049054943662,-4.433402215223989,-4.433568846277316
female,24-25,41,-6.353103674719194,-6.350145164779362,-6.350311795832689
female,24-25,42,-5.009300789811723,-5.009692443424774,-5.009859074478101
female,24-25,43,-5.536849071587117,-5.536459754439301,-5.536626385492628
female,24-25,44,-5.164450214816398,-5.164115794290069,-5.164282425343396
female,24-25,45,-4.305182412124307,-4.305485353162011,-4.305651984215338
female,24-25,46,-5.485816540584195,-5.48412847028634,-5.484295101339667
female,24-25,47,-9.210340371976182,-5.485816540394145,-5.485983171447472
female,24-25,48,-9.210340371976182,-5.485816540584415,-5.485983171637742
female,24-25,49,-9.210340371976182,-5.485816540584416,-5.485983171637743
female,24-25,50,-9.210340371976182,-5.485816540584415,-5.485983171637742
female,24-25,51,-9.210340371976182,-5.485816540584415,-5.485983171637742
female,24-25,52,-9.210340371976182,-5.485816540584415,-5.485983171637742
female,26-27,-52,-9.210340371976182,-9.210340371976182,-9.210583918369222
female,26-27,-51,-9.210340371976182,-9.210340371976182,-9.210583918369222
female,26-27,-50,-9.210340371976182,-9.210340371976182,-9.210583918369222
female,26-27,-49,-9.210340371976182,-9.210340371976182,-9.210583918369222
female,26-27,-48,-9.210340371976182,-9.210340371976182,-9.210583918369222
female,26-27,-47,-9.210340371976182,-9.210340371976182,-9.210583918369222
female,26-27,-46,-9.210340371976182,-9.210340371976182,-9.210583918369222
female,26-27,-45,-9.210340371976182,-9.210340371976182,-9.210583918369222
female,26-27,-44,-9.210340371976182,-9.210340371976182,-9.210583918369222
female,26-27,-43,-9.210340371976182,-9.210340371976182,-9.210583918369222
female,26-27,-42,-9.210340371976182,-9.210340371976182,-9.210583918369222
female,26-27,-41,-9.210340371976182,-9.210340371976182,-9.210583918369222
female,26-27,-40,-9.210340371976182,-9.210340371976182,-9.210583918369222
female,26-27,-39,-9.210340371976182,-9.210340371976182,-9.210583918369222
female,26-27,-38,-9.210340371976182,-9.210340371976182,-9.210583918369222
female,26-27,-37,-9.210340371976182,-9.210340371976182,-9.210583918369222
female,26-27,-36,-9.210340371976182,-9.210340371976182,-9.210583918369222
female,26-27,-35,-9.210340371976182,-9.210340371976182,-9.210583918369222
female,26-27,-34,-9.210340371976182,-9.210340371976182,-9.210583918369222
female,26-27,-33,-9.210340371976182,-9.210340371976182,-9.210583918369222
female,26-27,-32,-9.210340371976182,-9.210340371976182,-9.210583918369222
female,26-27,-31,-9.210340371976182,-9.210340371976182,-9.210583918369222
female,26-27,-30,-9.210340371976182,-9.210340371976182,-9.210583918369222
female,26-27,-29,-9.210340371976182,-9.210340371976182,-9.210583918369222
female,26-27,-28,-9.210340371976182,-9.210340371976182,-9.210583918369222
female,26-27,-27,-9.210340371976182,-9.210340371976182,-9.210583918369222
female,26-27,-26,-9.210340371976182,-9.210340371976182,-9.210583918369222
female,26-27,-25,-9.210340371976182,-9.210340371976182,-9.210583918369222
female,26-27,-24,-9.210340371976182,-9.210340371976182,-9.210583918369222
female,26-27,-23,-9.210340371976182,-9.210340371976182,-9.210583918369222
female,26-27,-22,-9.210340371976182,-9.210340371976182,-9.210583918369222
female,26-27,-21,-9.210340371976182,-9.210340371976182,-9.210583918369222
female,26-27,-20,-9.210340371976182,-9.210340371976182,-9.210583918369222
female,26-27,-19,-9.210340371976182,-9.210340371976182,-9.210583918369222
female,26-27,-18,-9.210340371976182,-9.210340371976182,-9.210583918369222
female,26-27,-17,-9.210340371976182,-9.210340371976182,-9.210583918369222
female,26-27,-16,-9.210340371976182,-9.210340371976182,-9.210583918369222
female,26-27,-15,-9.210340371976182,-9.210340371976182,-9.210583918369222
female,26-27,-14,-9.210340371976182,-9.210340371976182,-9.210583918369222
female,26-27,-13,-9.210340371976182,-9.210340371976182,-9.210583918369222
female,26-27,-12,-9.210340371976182,-9.210340371976182,-9.210583918369222
female,26-27,-11,-9.210340371976182,-9.210340371976182,-9.210583918369222
female,26-27,-10,-9.210340371976182,-9.210340371976182,-9.210583918369222
female,26-27,-9,-10.800016184429206,-9.210340371976182,-9.210583918369222
female,26-27,-8,-5.780556943816829,-5.778822920989212,-5.779066467382253
female,26-27,-7,-3.8887749351517065,-3.888862229373071,-3.8891057757661116
female,26-27,-6,-3.4358604228911744,-3.4355065033104712,-3.435750049703512
female,26-27,-5,-2.5617969205030255,-2.5614930295858196,-2.5617365759788604
female,26-27,-4,-1.6695686053562584,-1.6694013892608492,-1.66964493565389
female,26-27,-3,-0.9440179178111837,-0.9437124349210124,-0.9439559813140532
female,26-27,-2,-0.05023062841958545,-0.049883732913099214,-0.050127279306140034
female,26-27,-1,0.936093287090249,0.9362814919458982,0.9360379455528574
female,26-27,0,1.7503730728288922,1.7501724897749131,1.7499289433818723
female,26-27,1,1.7315616339143178,1.7314998127125214,1.7312562663194806
female,26-27,2,1.4863811284231592,1.486403967957909,1.4861604215648683
female,26-27,3,1.2202142219476488,1.220234012931997,1.2199904665389563
female,26-27,4,0.9050765475314134,0.9051523549756701,0.9049088085826293
female,26-27,5,0.7038295840794699,0.7038345158442217,0.7035909694511809
female,26-27,6,0.4228551255253151,0.422930480021496,0.4226869336284552
female,26-27,7,0.27780036285311177,0.277782515585029,0.27753896919198817
female,26-27,8,0.00997439510342498,0.010007644650041333,0.009764098257000517
female,26-27,9,-0.26455021287365693,-0.26445345659658515,-0.26469700298962595
female,26-27,10,-0.3198100170113923,-0.3198908654685279,-0.3201344118615687
female,26-27,11,-0.7061583867648867,-0.7060582108938678,-0.7063017572869086
female,26-27,12,-0.9400611657530521,-0.9400008351990593,-0.9402443815921001
female,26-27,13,-1.0399605774351808,-1.0399463479917759,-1.0401898943848167
female,26-27,14,-1.107926230933072,-1.107944880374631,-1.1081884267676718
female,26-27,15,-1.2570692973428013,-1.2571278975904476,-1.2573714439834884
female,26-27,16,-1.6996269144440026,-1.69938774784546,-1.6996312942385008
female,26-27,17,-1.5637090609390878,-1.5638423571431939,-1.5640859035362347
female,26-27,18,-1.8827703259836654,-1.8826675348718709,-1.8829110812649117
female,26-27,19,-1.971277247252536,-1.9712048650421534,-1.9714484114351942
female,26-27,20,-1.8542629082405957,-1.8544922443815837,-1.8547357907746245
female,26-27,21,-2.6787287689194414,-2.6782595584660025,-2.6785031048590433
female,26-27,22,-2.5540291839433347,-2.554065651144805,-2.554309197537846
female,26-27,23,-2.546947536566902,-2.5470595213598908,-2.5473030677529316
female,26-27,24,-2.9381427312569013,-2.9379599963506675,-2.9382035427437083
female,26-27,25,-2.86819958368207,-2.8682926972155625,-2.8685362436086033
female,26-27,26,-3.099362112783551,-3.0993343136955005,-3.0995778600885413
female,26-27,27,-3.290906797709123,-3.2907394887236325,-3.2909830351166733
female,26-27,28,-3.037502455991049,-3.0377209748461578,-3.0379645212391986
female,26-27,29,-3.598927362918023,-3.5986079626416085,-3.5988515090346493
female,26-27,30,-3.4208644398961354,-3.4209140080360743,-3.421157554429115
female,26-27,31,-3.4059541794904633,-3.406086731704254,-3.4063302780972946
female,26-27,32,-3.881079823020474,-3.8808825851151245,-3.8811261315081653
female,26-27,33,-3.8963576096327377,-3.8964234521786496,-3.8966669985716904
female,26-27,34,-4.135692548438072,-4.135724511248186,-4.135968057641227
female,26-27,35,-4.621357000549682,-4.620983837583245,-4.6212273839762865
female,26-27,36,-4.235629044285506,-4.235896574309953,-4.236140120702994
female,26-27,37,-4.897089467446259,-4.896478230927498,-4.896721777320539
female,26-27,38,-4.256630840046843,-4.25703522903134,-4.257278775424381
female,26-27,39,-5.644497486345322,-5.64278105365781,-5.643024600050851
female,26-27,40,-4.528680945107427,-4.528896563704208,-4.5291401100972495
female,26-27,41,-4.464680686073136,-4.464848179182145,-4.465091725575186
female,26-27,42,-5.070693238829611,-5.07048271057243,-5.070726256965472
female,26-27,43,-5.357932628081628,-5.357776754417794,-5.358020300810836
female,26-27,44,-5.123472590473818,-5.123622743591003,-5.123866289984044
female,26-27,45,-9.210340371976182,-5.123472590490956,-5.123716136883997
female,26-27,46,-9.210340371976182,-5.123472590474048,-5.123716136867089
female,26-27,47,-9.210340371976182,-5.123472590474048,-5.123716136867089
female,26-27,48,-9.210340371976182,-5.123472590474048,-5.123716136867089
female,26-27,49,-9.210340371976182,-5.123472590474048,-5.123716136867089
female,26-27,50,-9.210340371976182,-5.123472590474048,-5.123716136867089
female,26-27,51,-9.210340371976182,-5.123472590474048,-5.123716136867089
female,26-27,52,-9.210340371976182,-5.123472590474048,-5.123716136867089
female,28-29,-52,-9.210340371976182,-9.210340371976182,-9.2113817437454
female,28-29,-51,-9.210340371976182,-9.210340371976182,-9.2113817437454
female,28-29,-50,-9.210340371976182,-9.210340371976182,-9.2113817437454
female,28-29,-49,-9.210340371976182,-9.210340371976182,-9.2113817437454
female,28-29,-48,-9.210340371976182,-9.210340371976182,-9.2113817437454
female,28-29,-47,-9.210340371976182,-9.210340371976182,-9.2113817437454
female,28-29,-46,-9.210340371976182,-9.210340371976182,-9.2113817437454
female,28-29,-45,-9.210340371976182,-9.210340371976182,-9.2113817437454
female,28-29,-44,-9.210340371976182,-9.210340371976182,-9.2113817437454
female,28-29,-43,-9.210340371976182,-9.210340371976182,-9.2113817437454
female,28-29,-42,-9.210340371976182,-9.210340371976182,-9.2113817437454
female,28-29,-41,-9.210340371976182,-9.210340371976182,-9.2113817437454
female,28-29,-40,-9.210340371976182,-9.210340371976182,-9.2113817437454
female,28-29,-39,-9.210340371976182,-9.210340371976182,-9.2113817437454
female,28-29,-38,-9.210340371976182,-9.210340371976182,-9.2113817437454
female,28-29,-37,-9.210340371976182,-9.210340371976182,-9.2113817437454
female,28-29,-36,-9.210340371976182,-9.210340371976182,-9.2113817437454
female,28-29,-35,-9.210340371976182,-9.210340371976182,-9.2113817437454
female,28-29,-34,-9.210340371976182,-9.210340371976182,-9.2113817437454
female,28-29,-33,-9.210340371976182,-9.210340371976182,-9.2113817437454
female,28-29,-32,-9.210340371976182,-9.210340371976182,-9.2113817437454
female,28-29,-31,-9.210340371976182,-9.210340371976182,-9.2113817437454
female,28-29,-30,-9.210340371976182,-6.1687682134867545,-6.169809585255973
female,28-29,-29,-9.210340371976182,-6.168768213486754,-6.1698095852559725
female,28-29,-28,-9.210340371976182,-6.168768213486754,-6.1698095852559725
female,28-29,-27,-9.210340371976182,-6.168768213486754,-6.1698095852559725
female,28-29,-26,-9.210340371976182,-6.168768213486754,-6.1698095852559725
female,28-29,-25,-9.210340371976182,-6.168768213486754,-6.1698095852559725
female,28-29,-24,-9.210340371976182,-6.168768213486754,-6.1698095852559725
female,28-29,-23,-9.210340371976182,-6.168768213486754,-6.1698095852559725
female,28-29,-22,-9.210340371976182,-6.168768213486754,-6.1698095852559725
female,28-29,-21,-9.210340371976182,-6.168768213486754,-6.1698095852559725
female,28-29,-20,-9.210340371976182,-6.168768213486754,-6.1698095852559725
female,28-29,-19,-9.210340371976182,-6.168768213486757,-6.169809585255976
female,28-29,-18,-9.210340371976182,-6.168768213486935,-6.169809585256154
female,28-29,-17,-9.210340371976182,-6.168768213496664,-6.169809585265883
female,28-29,-16,-9.210340371976182,-6.168768214027835,-6.169809585797053
female,28-29,-15,-9.210340371976182,-6.168768243028768,-6.169809614797987
female,28-29,-14,-9.210340371976182,-6.168769826424728,-6.169811198193947
female,28-29,-13,-9.210340371976182,-6.168856272869271,-6.16989764463849
female,28-29,-12,-9.210340371976182,-6.173564064076807,-6.174605435846026
female,28-29,-11,-6.1687713861596185,-6.3995608525561885,-6.400602224325407
female,28-29,-10,-9.210340371976182,-6.769566449875801,-6.77060782164502
female,28-29,-9,-4.710331121507472,-4.783257617506255,-4.784298989275474
female,28-29,-8,-4.4363251534458925,-4.281252766706203,-4.282294138475422
female,28-29,-7,-3.419297173539341,-3.3670701798292693,-3.3681115515984885
female,28-29,-6,-2.686413691766997,-2.653753996013302,-2.6547953677825213
female,28-29,-5,-2.1017383694239773,-2.030852232592321,-2.03189360436154
female,28-29,-4,-1.345909083926065,-1.3012102381711705,-1.3022516099403898
female,28-29,-3,-0.6625352680505256,-0.5765423512405202,-0.5775837230097395
female,28-29,-2,0.210693360876671,0.2838264622697801,0.28278509050056083
female,28-29,-1,1.0780656938922875,1.1172142947809156,1.1161729230116963
female,28-29,0,1.7947948464208419,1.7294408333544513,1.728399461585232
female,28-29,1,1.7421192470055238,1.7290076331226047,1.7279662613533855
female,28-29,2,1.5356741558447018,1.5464593354874965,1.5454179637182772
female,28-29,3,1.3678132891259365,1.363921875273594,1.3628805035043747
female,28-29,4,1.0746438537462588,1.0928606438130513,1.091819272043832
female,28-29,5,0.8361427403380273,0.8430413181222416,0.8419999463530223
female,28-29,6,0.5592320617869858,0.5771236892425601,0.5760823174733408
female,28-29,7,0.359928493013414,0.3695143973470524,0.3684730255778331
female,28-29,8,0.18522659204232775,0.19247267532540152,0.1914313035561823
female,28-29,9,0.0245497111550272,0.027554865888129804,0.026513494118910574
female,28-29,10,-0.15387454507117843,-0.15340545318739784,-0.15444682495661707
female,28-29,11,-0.37742393445355926,-0.3800798641338951,-0.38112123590311436
female,28-29,12,-0.7197443290622304,-0.6883908255384855,-0.6894321973077048
female,28-29,13,-0.8702733305692333,-0.8805688666799748,-0.8816102384491941
female,28-29,14,-1.198703156320321,-1.166936533188348,-1.1679779049575671
female,28-29,15,-1.3070284848925664,-1.3031758062941867,-1.304217178063406
female,28-29,16,-1.3970222542872999,-1.4131385357318842,-1.4141799075011035
female,28-29,17,-1.6987253322735598,-1.6708663723500257,-1.671907744119245
female,28-29,18,-1.8179536746574605,-1.815114748264043,-1.8161561200332623
female,28-29,19,-1.9297089103933922,-1.9342875980240886,-1.9353289697933078
female,28-29,20,-2.1014839491980246,-2.114100701628631,-2.11514207339785
female,28-29,21,-2.4478185171484785,-2.40772736291224,-2.4087687346814595
female,28-29,22,-2.4653361769141817,-2.4444290209773616,-2.445470392746581
female,28-29,23,-2.2978026999756547,-2.3495494360118676,-2.350590807781087
female,28-29,24,-2.6734831180238943,-2.6386397645019923,-2.6396811362712116
female,28-29,25,-2.799426136254053,-2.781862602808746,-2.782903974577965
female,28-29,26,-2.7690765423874635,-2.8033581662852027,-2.804399538054422
female,28-29,27,-3.1090174441455796,-3.065310829644536,-3.066352201413755
female,28-29,28,-3.097127698178996,-3.13361647494246,-3.1346578467116792
female,28-29,29,-3.4843291517606296,-3.4234705225160256,-3.424511894285245
female,28-29,30,-3.3685665037177173,-3.4636735504986738,-3.464714922267893
female,28-29,31,-4.651177026221682,-4.328463446931152,-4.329504818700371
female,28-29,32,-3.9392404370762586,-4.021722574397607,-4.022763946166826
female,28-29,33,-4.21440538758958,-4.1600655145584895,-4.161106886327708
female,28-29,34,-4.03180983547932,-4.082093485846638,-4.083134857615857
female,28-29,35,-4.3843034858823815,-4.364131134264528,-4.365172506033747
female,28-29,36,-4.6774182357150185,-4.671907976918124,-4.672949348687343
female,28-29,37,-5.064744482933728,-5.070775328021403,-5.071816699790622
female,28-29,38,-5.948413924516338,-5.555309674531862,-5.556351046301081
female,28-29,39,-4.519933736638924,-4.701067235427949,-4.702108607197168
female,28-29,40,-6.100210864079681,-5.467896685764064,-5.468938057533283
female,28-29,41,-4.416815642858791,-4.575281887859208,-4.576323259628427
female,28-29,42,-8.523921398368266,-5.867872310837754,-5.868913682606973
female,28-29,43,-9.210340371976182,-8.253941458722709,-8.254982830491928
female,28-29,44,-9.210340371976182,-8.5182288010965,-8.519270172865719
female,28-29,45,-9.210340371976182,-8.52381371892974,-8.524855090698958
female,28-29,46,-9.210340371976182,-8.52391631148185,-8.524957683251069
female,28-29,47,-9.210340371976182,-8.523918190631424,-8.524959562400642
female,28-29,48,-9.210340371976182,-8.523918225049282,-8.524959596818501
female,28-29,49,-9.210340371976182,-8.523918225679667,-8.524959597448886
female,28-29,50,-9.210340371976182,-8.523918225691213,-8.524959597460432
female,28-29,51,-9.210340371976182,-8.523918225691425,-8.524959597460644
female,28-29,52,-9.210340371976182,-8.523918225691428,-8.524959597460647
female,30-31,-52,-9.210340371976182,-9.210340371976182,-9.210734378156998
female,30-31,-51,-9.210340371976182,-9.210340371976182,-9.210734378156998
female,30-31,-50,-9.210340371976182,-9.210340371976182,-9.210734378156998
female,30-31,-49,-9.210340371976182,-9.210340371976182,-9.210734378156998
female,30-31,-48,-9.210340371976182,-9.210340371976182,-9.210734378156998
female,30-31,-47,-9.210340371976182,-9.210340371976182,-9.210734378156998
female,30-31,-46,-9.210340371976182,-9.210340371976182,-9.210734378156998
female,30-31,-45,-9.210340371976182,-9.210340371976182,-9.210734378156998
female,30-31,-44,-9.210340371976182,-9.210340371976182,-9.210734378156998
female,30-31,-43,-9.210340371976182,-9.210340371976182,-9.210734378156998
female,30-31,-42,-9.210340371976182,-9.210340371976182,-9.210734378156998
female,30-31,-41,-9.210340371976182,-9.210340371976182,-9.210734378156998
female,30-31,-40,-9.210340371976182,-9.210340371976182,-9.210734378156998
female,30-31,-39,-9.210340371976182,-9.210340371976182,-9.210734378156998
female,30-31,-38,-9.210340371976182,-9.210340371976182,-9.210734378156998
female,30-31,-37,-9.210340371976182,-9.210340371976182,-9.210734378156998
female,30-31,-36,-9.210340371976182,-9.210340371976182,-9.210734378156998
female,30-31,-35,-9.210340371976182,-9.210340371976182,-9.210734378156998
female,30-31,-34,-9.210340371976182,-9.210340371976182,-9.210734378156998
female,30-31,-33,-9.210340371976182,-9.210340371976182,-9.210734378156998
female,30-31,-32,-9.210340371976182,-9.210340371976182,-9.210734378156998
female,30-31,-31,-9.210340371976182,-9.210340371976182,-9.210734378156998
female,30-31,-30,-9.210340371976182,-9.210340371976182,-9.210734378156998
female,30-31,-29,-9.210340371976182,-9.210340371976182,-9.210734378156998
female,30-31,-28,-9.210340371976182,-9.210340371976182,-9.210734378156998
female,30-31,-27,-9.210340371976182,-9.210340371976182,-9.210734378156998
female,30-31,-26,-9.210340371976182,-9.210340371976182,-9.210734378156998
female,30-31,-25,-9.210340371976182,-9.210340371976182,-9.210734378156998
female,30-31,-24,-9.210340371976182,-9.210340371976182,-9.210734378156998
female,30-31,-23,-9.210340371976182,-9.210340371976182,-9.210734378156998
female,30-31,-22,-9.210340371976182,-5.66854603803011,-5.668940044210926
female,30-31,-21,-9.210340371976182,-5.66854603803011,-5.668940044210926
female,30-31,-20,-9.210340371976182,-5.66854603803011,-5.668940044210926
female,30-31,-19,-9.210340371976182,-5.66854603803011,-5.668940044210926
female,30-31,-18,-9.210340371976182,-5.66854603803011,-5.668940044210926
female,30-31,-17,-9.210340371976182,-5.66854603803011,-5.668940044210926
female,30-31,-16,-9.210340371976182,-5.66854603803011,-5.668940044210926
female,30-31,-15,-9.210340371976182,-5.66854603803011,-5.668940044210926
female,30-31,-14,-9.210340371976182,-5.668546038010834,-5.6689400441916495
female,30-31,-13,-5.668546038028932,-5.66837487126832,-5.668768877449136
female,30-31,-12,-5.43880187151088,-5.438613259219503,-5.439007265400319
female,30-31,-11,-4.935079872612033,-4.935106649971692,-4.935500656152508
female,30-31,-10,-4.669092335335726,-4.66875476568847,-4.669148771869286
female,30-31,-9,-3.8774246561343637,-3.877422811256614,-3.8778168174374303
female,30-31,-8,-3.4611851892627987,-3.4609339802416916,-3.461327986422508
female,30-31,-7,-2.7403572006372463,-2.740252515660816,-2.7406465218416325
female,30-31,-6,-2.1405107058163515,-2.140336679476229,-2.1407306856570454
female,30-31,-5,-1.4503546111186174,-1.4502832745026757,-1.4506772806834918
female,30-31,-4,-0.8906671978778022,-0.8905852575597173,-0.8909792637405334
female,30-31,-3,-0.34503441155308834,-0.3448143244762771,-0.34520833065709317
female,30-31,-2,0.4288354312338185,0.4289976506105513,0.4286036444297352
female,30-31,-1,1.1649147800947648,1.1650277443075254,1.1646337381267093
female,30-31,0,1.8203158187813095,1.8201371088347829,1.8197431026539668
female,30-31,1,1.7945471282933991,1.794505505845591,1.794111499664775
female,30-31,2,1.6150442737794406,1.6150654371702409,1.6146714309894248
female,30-31,3,1.4385387206992875,1.4385431932753556,1.4381491870945395
female,30-31,4,1.2051559220387313,1.2051846703445617,1.2047906641637456
female,30-31,5,0.9747156400498863,0.9747605489576067,0.9743665427767906
female,30-31,6,0.8041323615048237,0.8041245876226162,0.8037305814418001
female,30-31,7,0.5303548695002875,0.5304037244432728,0.5300097182624567
female,30-31,8,0.31214398107839025,0.31213640381949764,0.31174239763868156
female,30-31,9,-0.014643499481882214,-0.014502879693821014,-0.014896885874637117
female,30-31,10,0.017234453300783843,0.017137157240457217,0.016743151059641116
female,30-31,11,-0.306553101575544,-0.30645712128263375,-0.30685112746344984
female,30-31,12,-0.4437228728972265,-0.4437306422063383,-0.4441246483871544
female,30-31,13,-0.6440451668452537,-0.6440436916397163,-0.6444376978205324
female,30-31,14,-0.9099416451080112,-0.9098834287197098,-0.9102774349005259
female,30-31,15,-1.07037140489902,-1.0703318074007826,-1.0707258135815987
female,30-31,16,-1.1417468294419353,-1.1417333832795409,-1.142127389460357
female,30-31,17,-1.1797277827188861,-1.1798250471079246,-1.1802190532887407
female,30-31,18,-1.5729444773395707,-1.572863581883852,-1.573257588064668
female,30-31,19,-1.8310849464825316,-1.8310332990648812,-1.8314273052456973
female,30-31,20,-1.9685509229788394,-1.968590937969649,-1.968984944150465
female,30-31,21,-2.2814559138715103,-2.2813174260124955,-2.281711432193312
female,30-31,22,-2.2425930497230615,-2.2427338201195384,-2.2431278263003547
female,30-31,23,-2.726985122553134,-2.7268550315814934,-2.7272490377623098
female,30-31,24,-3.0005997479525384,-3.000318412357502,-3.0007124185383183
female,30-31,25,-2.577466137600894,-2.5776288788175683,-2.5780228849983846
female,30-31,26,-2.7257914954390015,-2.7258917937340734,-2.7262857999148897
female,30-31,27,-3.329117153530171,-3.3287219799594436,-3.32911598614026
female,30-31,28,-3.0218878454794527,-3.0220794615372775,-3.0224734677180938
female,30-31,29,-3.3781065045331378,-3.3780972140817913,-3.3784912202626076
female,30-31,30,-3.8716228952746374,-3.8714182915827027,-3.871812297763519
female,30-31,31,-3.9046201064736272,-3.9047461297462682,-3.9051401359270845
female,30-31,32,-4.451775382349587,-4.451387023749729,-4.451781029930545
female,30-31,33,-4.098350988406007,-4.0984493021713435,-4.098843308352159
female,30-31,34,-4.084805559693091,-4.084872819078087,-4.085266825258903
female,30-31,35,-4.303701011384492,-4.303088536857454,-4.30348254303827
female,30-31,36,-3.3306419176100857,-3.331128343595079,-3.3315223497758955
female,30-31,37,-5.133902051391502,-5.132066160857,-5.132460167037816
female,30-31,38,-4.963701143884963,-4.963540424591015,-4.963934430771831
female,30-31,39,-4.4572790510193645,-4.45747955924692,-4.457873565427736
female,30-31,40,-4.952531888565087,-4.952091426769601,-4.952485432950417
female,30-31,41,-9.210340371976182,-4.952531888515635,-4.952925894696451
female,30-31,42,-9.210340371976182,-4.952531888565248,-4.9529258947460635
female,30-31,43,-9.210340371976182,-4.952531888565248,-4.9529258947460635
female,30-31,44,-9.210340371976182,-4.952531888565248,-4.9529258947460635
female,30-31,45,-9.210340371976182,-4.952531888565248,-4.9529258947460635
female,30-31,46,-9.210340371976182,-4.952531888565248,-4.9529258947460635
female,30-31,47,-9.210340371976182,-4.952531888565248,-4.9529258947460635
female,30-31,48,-9.210340371976182,-4.952531888565248,-4.9529258947460635
female,30-31,49,-9.210340371976182,-4.952531888565248,-4.9529258947460635
female,30-31,50,-9.210340371976182,-9.210340371976182,-9.210734378156998
female,30-31,51,-9.210340371976182,-9.210340371976182,-9.210734378156998
female,30-31,52,-9.210340371976182,-9.210340371976182,-9.210734378156998
female,32-33,-52,-9.210340371976182,-9.210340371976182,-9.210717888704375
female,32-33,-51,-9.210340371976182,-9.210340371976182,-9.210717888704375
female,32-33,-50,-9.210340371976182,-9.210340371976182,-9.210717888704375
female,32-33,-49,-9.210340371976182,-9.210340371976182,-9.210717888704375
female,32-33,-48,-9.210340371976182,-9.210340371976182,-9.210717888704375
female,32-33,-47,-9.210340371976182,-9.210340371976182,-9.210717888704375
female,32-33,-46,-9.210340371976182,-9.210340371976182,-9.210717888704375
female,32-33,-45,-9.210340371976182,-9.210340371976182,-9.210717888704375
female,32-33,-44,-9.210340371976182,-9.210340371976182,-9.210717888704375
female,32-33,-43,-9.210340371976182,-9.210340371976182,-9.210717888704375
female,32-33,-42,-9.210340371976182,-9.210340371976182,-9.210717888704375
female,32-33,-41,-9.210340371976182,-9.210340371976182,-9.210717888704375
female,32-33,-40,-9.210340371976182,-9.210340371976182,-9.210717888704375
female,32-33,-39,-9.210340371976182,-9.210340371976182,-9.210717888704375
female,32-33,-38,-9.210340371976182,-9.210340371976182,-9.210717888704375
female,32-33,-37,-9.210340371976182,-9.210340371976182,-9.210717888704375
female,32-33,-36,-9.210340371976182,-9.210340371976182,-9.210717888704375
female,32-33,-35,-9.210340371976182,-9.210340371976182,-9.210717888704375
female,32-33,-34,-9.210340371976182,-9.210340371976182,-9.210717888704375
female,32-33,-33,-9.210340371976182,-9.210340371976182,-9.210717888704375
female,32-33,-32,-9.210340371976182,-9.210340371976182,-9.210717888704375
female,32-33,-31,-9.210340371976182,-9.210340371976182,-9.210717888704375
female,32-33,-30,-9.210340371976182,-9.210340371976182,-9.210717888704375
female,32-33,-29,-9.210340371976182,-9.210340371976182,-9.210717888704375
female,32-33,-28,-9.210340371976182,-9.210340371976182,-9.210717888704375
female,32-33,-27,-9.210340371976182,-9.210340371976182,-9.210717888704375
female,32-33,-26,-9.210340371976182,-9.210340371976182,-9.210717888704375
female,32-33,-25,-9.210340371976182,-9.210340371976182,-9.210717888704375
female,32-33,-24,-9.210340371976182,-7.388618494052411,-7.388996010780603
female,32-33,-23,-9.210340371976182,-7.388618494052411,-7.388996010780603
female,32-33,-22,-9.210340371976182,-7.388618494052411,-7.388996010780603
female,32-33,-21,-9.210340371976182,-7.388618494052411,-7.388996010780603
female,32-33,-20,-9.210340371976182,-7.388618494052411,-7.388996010780603
female,32-33,-19,-9.210340371976182,-7.388618494052411,-7.388996010780603
female,32-33,-18,-9.210340371976182,-7.388618494052411,-7.388996010780603
female,32-33,-17,-9.210340371976182,-7.388618494052411,-7.388996010780603
female,32-33,-16,-9.210340371976182,-7.388618493847759,-7.388996010575951
female,32-33,-15,-7.388618494051271,-7.386802804231638,-7.38718032095983
female,32-33,-14,-6.073586149882176,-6.073811448265864,-6.074188964994056
female,32-33,-13,-6.428710131322309,-6.427769112098532,-6.428146628826724
female,32-33,-12,-5.21794249320307,-5.217630107846829,-5.218007624575021
female,32-33,-11,-4.268615739566745,-4.268390010147316,-4.268767526875508
female,32-33,-10,-3.4730799537376793,-3.4730592190533947,-3.4734367357815867
female,32-33,-9,-3.0188753784691436,-3.0189000658540714,-3.0192775825822635
female,32-33,-8,-2.7676511378220754,-2.7673786846374018,-2.767756201365594
female,32-33,-7,-2.0464535084838125,-2.046455743401163,-2.0468332601293553
female,32-33,-6,-1.616415060128813,-1.616309365117137,-1.6166868818453293
female,32-33,-5,-1.0779943475627507,-1.0778937442982037,-1.078271261026396
female,32-33,-4,-0.49900012649316305,-0.498953547997754,-0.4993310647259463
female,32-33,-3,-0.014058742299524465,-0.01394253599958545,-0.01432005272777773
female,32-33,-2,0.5662675585096948,0.5664435318192753,0.566066015091083
female,32-33,-1,1.2993637479097515,1.2994373858842694,1.299059869156077
female,32-33,0,1.9128194268844434,1.9126431543229554,1.912265637594763
female,32-33,1,1.877295011927398,1.8772516039072844,1.876874087179092
female,32-33,2,1.6805070792877141,1.6805353111842882,1.680157794456096
female,32-33,3,1.51057877139036,1.5105877757532797,1.5102102590250874
female,32-33,4,1.303117204048265,1.3031541574534513,1.302776640725259
female,32-33,5,1.1407682786864821,1.140750790540597,1.1403732738124046
female,32-33,6,0.8537263808337894,0.853779829584011,0.8534023128558187
female,32-33,7,0.6443061172306077,0.6443161113421111,0.6439385946139188
female,32-33,8,0.40361699447095234,0.40366473530947333,0.403287218581281
female,32-33,9,0.23768653069264492,0.23770684889763743,0.23732933216944516
female,32-33,10,0.08999695994148398,0.08998030298009682,0.08960278625190454
female,32-33,11,-0.16116051979293267,-0.1611246779546045,-0.16150219468279678
female,32-33,12,-0.3796791165992621,-0.3796454312398357,-0.380022947968028
female,32-33,13,-0.5538240596735826,-0.5538195991608367,-0.554197115889029
female,32-33,14,-0.773419362110266,-0.7733731146767431,-0.7737506314049354
female,32-33,15,-0.9001186548594198,-0.9001328371553656,-0.9005103538835579
female,32-33,16,-1.0912403131595327,-1.0912404400947957,-1.091617956822988
female,32-33,17,-1.316587754333529,-1.3165171764913313,-1.3168946932195236
female,32-33,18,-1.3503305577384834,-1.3504136143226955,-1.3507911310508878
female,32-33,19,-1.687048488610449,-1.686978349363128,-1.6873558660913204
female,32-33,20,-1.9036945786990427,-1.9037102058612385,-1.9040877225894308
female,32-33,21,-2.241606707313181,-2.241461758827223,-2.241839275555415
female,32-33,22,-2.213191696108558,-2.213258566333713,-2.213636083061905
female,32-33,23,-2.402723612600962,-2.4026144745587,-2.4029919912868922
female,32-33,24,-2.293531554612326,-2.293728500153717,-2.294106016881909
female,32-33,25,-2.942170627465698,-2.9417188142362387,-2.942096330964431
female,32-33,26,-2.5743276778567736,-2.574556704325079,-2.574934221053271
female,32-33,27,-3.030242620156634,-3.0300794395594646,-3.0304569562876567
female,32-33,28,-3.10718931099595,-3.107224442202616,-3.107601958930808
female,32-33,29,-3.323063672313897,-3.322976322091276,-3.323353838819468
female,32-33,30,-3.3149651949055348,-3.315049074677253,-3.315426591405445
female,32-33,31,-3.6011334795095853,-3.601162586963017,-3.601540103691209
female,32-33,32,-4.1922187146367325,-4.19167729303799,-4.192054809766182
female,32-33,33,-3.595665501791636,-3.5960231491546093,-3.5964006658828014
female,32-33,34,-4.568714971860822,-4.568071402214114,-4.568448918942306
female,32-33,35,-4.383489993432866,-4.383578102976245,-4.383955619704437
female,32-33,36,-4.477643647586807,-4.477697474176159,-4.478074990904351
female,32-33,37,-4.793015318490467,-4.792936085360269,-4.793313602088461
female,32-33,38,-5.139213395420148,-5.138931547914989,-5.139309064643181
female,32-33,39,-9.210340371976182,-5.139213395388523,-5.139590912116715
female,32-33,40,-9.210340371976182,-5.139213395420267,-5.139590912148459
female,32-33,41,-9.210340371976182,-5.139213395420267,-5.139590912148459
female,32-33,42,-9.210340371976182,-5.139213395420267,-5.139590912148459
female,32-33,43,-9.210340371976182,-5.139213395420267,-5.139590912148459
female,32-33,44,-9.210340371976182,-5.139213395420267,-5.139590912148459
female,32-33,45,-9.210340371976182,-5.139213395420267,-5.139590912148459
female,32-33,46,-9.210340371976182,-5.139213395420267,-5.139590912148459
female,32-33,47,-9.210340371976182,-5.139213395420267,-5.139590912148459
female,32-33,48,-9.210340371976182,-9.210340371976182,-9.210717888704375
female,32-33,49,-9.210340371976182,-9.210340371976182,-9.210717888704375
female,32-33,50,-9.210340371976182,-9.210340371976182,-9.210717888704375
female,32-33,51,-9.210340371976182,-9.210340371976182,-9.210717888704375
female,32-33,52,-9.210340371976182,-9.210340371976182,-9.210717888704375
female,34-35,-52,-9.210340371976182,-9.210340371976182,-9.210699034425788
female,34-35,-51,-9.210340371976182,-9.210340371976182,-9.210699034425788
female,34-35,-50,-9.210340371976182,-9.210340371976182,-9.210699034425788
female,34-35,-49,-9.210340371976182,-9.210340371976182,-9.210699034425788
female,34-35,-48,-9.210340371976182,-9.210340371976182,-9.210699034425788
female,34-35,-47,-9.210340371976182,-9.210340371976182,-9.210699034425788
female,34-35,-46,-9.210340371976182,-9.210340371976182,-9.210699034425788
female,34-35,-45,-9.210340371976182,-9.210340371976182,-9.210699034425788
female,34-35,-44,-9.210340371976182,-9.210340371976182,-9.210699034425788
female,34-35,-43,-9.210340371976182,-9.210340371976182,-9.210699034425788
female,34-35,-42,-9.210340371976182,-9.210340371976182,-9.210699034425788
female,34-35,-41,-9.210340371976182,-9.210340371976182,-9.210699034425788
female,34-35,-40,-9.210340371976182,-9.210340371976182,-9.210699034425788
female,34-35,-39,-9.210340371976182,-9.210340371976182,-9.210699034425788
female,34-35,-38,-9.210340371976182,-9.210340371976182,-9.210699034425788
female,34-35,-37,-9.210340371976182,-9.210340371976182,-9.210699034425788
female,34-35,-36,-9.210340371976182,-9.210340371976182,-9.210699034425788
female,34-35,-35,-9.210340371976182,-9.210340371976182,-9.210699034425788
female,34-35,-34,-9.210340371976182,-9.210340371976182,-9.210699034425788
female,34-35,-33,-9.210340371976182,-9.210340371976182,-9.210699034425788
female,34-35,-32,-9.210340371976182,-9.210340371976182,-9.210699034425788
female,34-35,-31,-9.210340371976182,-9.210340371976182,-9.210699034425788
female,34-35,-30,-9.210340371976182,-9.210340371976182,-9.210699034425788
female,34-35,-29,-9.210340371976182,-9.210340371976182,-9.210699034425788
female,34-35,-28,-9.210340371976182,-9.210340371976182,-9.210699034425788
female,34-35,-27,-9.210340371976182,-9.210340371976182,-9.210699034425788
female,34-35,-26,-9.210340371976182,-6.5315797094437045,-6.531938371893312
female,34-35,-25,-9.210340371976182,-6.5315797094437045,-6.531938371893312
female,34-35,-24,-9.210340371976182,-6.5315797094437045,-6.531938371893312
female,34-35,-23,-9.210340371976182,-6.5315797094437045,-6.531938371893312
female,34-35,-22,-9.210340371976182,-6.5315797094437045,-6.531938371893312
female,34-35,-21,-9.210340371976182,-6.5315797094437045,-6.531938371893312
female,34-35,-20,-9.210340371976182,-6.5315797094437045,-6.531938371893312
female,34-35,-19,-9.210340371976182,-6.5315797094437045,-6.531938371893312
female,34-35,-18,-9.210340371976182,-6.531579709451237,-6.531938371900845
female,34-35,-17,-6.531579709442614,-6.531646600421719,-6.532005262871326
female,34-35,-16,-6.637267275340437,-6.637426491151109,-6.637785153600716
female,34-35,-15,-7.375286526511506,-7.373117502360908,-7.373476164810516
female,34-35,-14,-5.530011270335732,-5.5293191414682274,-5.529677803917835
female,34-35,-13,-4.188117891364535,-4.188246510053722,-4.18860517250333
female,34-35,-12,-3.908545574770135,-3.9085111179285663,-3.908869780378174
female,34-35,-11,-3.6239970668462145,-3.623715774374259,-3.6240744368238667
female,34-35,-10,-2.8887650885375287,-2.8889317340609773,-2.8892903965105847
female,34-35,-9,-2.8630306310454796,-2.8626000631141117,-2.862958725563719
female,34-35,-8,-2.0041629483958356,-2.0042770339109306,-2.004635696360538
female,34-35,-7,-1.7640838040009728,-1.763908497766526,-1.7642671602161333
female,34-35,-6,-1.1795867376650309,-1.1795298007937145,-1.1798884632433218
female,34-35,-5,-0.6734400593462188,-0.6734452253466209,-0.6738038877962282
female,34-35,-4,-0.32501662133256165,-0.3248579690318424,-0.3252166314814497
female,34-35,-3,0.29347056107152897,0.2935203840699704,0.2931617216203631
female,34-35,-2,0.825041106331127,0.825144937288802,0.8247862748391946
female,34-35,-1,1.4245293943024322,1.424589029264005,1.4242303668143979
female,34-35,0,1.9597485698007984,1.959579016742076,1.9592203542924687
female,34-35,1,1.8848155015010635,1.8848120182487946,1.8844533557991874
female,34-35,2,1.7767382270008345,1.7767261102748433,1.776367447825236
female,34-35,3,1.590015484573192,1.5900406114537078,1.5896819490041005
female,34-35,4,1.4288375262255724,1.4288219985880957,1.4284633361384884
female,34-35,5,1.1670368094511352,1.1670795618599634,1.1667208994103562
female,34-35,6,0.966789658921395,0.9668067399919692,0.9664480775423618
female,34-35,7,0.7503448023763338,0.7503751453059867,0.7500164828563793
female,34-35,8,0.558929494565167,0.5589423320725767,0.5585836696229693
female,34-35,9,0.3531670906100436,0.35321060596631515,0.35285194351670784
female,34-35,10,0.23506410165946756,0.2350455347007695,0.2346868722511622
female,34-35,11,0.018200594744749932,0.018203539503463904,0.017844877053856588
female,34-35,12,-0.28248621342835323,-0.2824103995412538,-0.2827690619908611
female,34-35,13,-0.43479076633589264,-0.4347882147514078,-0.4351468772010151
female,34-35,14,-0.6013184947259954,-0.6012921919624444,-0.6016508544120518
female,34-35,15,-0.7039638471592848,-0.7039866933117573,-0.7043453557613647
female,34-35,16,-0.8905631637899268,-0.8905891026960892,-0.8909477651456965
female,34-35,17,-1.2246478429339096,-1.2245559899858312,-1.2249146524354384
female,34-35,18,-1.3608399654815162,-1.3608416093322464,-1.3612002717818537
female,34-35,19,-1.52305773036407,-1.5231025806143972,-1.5234612430640044
female,34-35,20,-1.898165826867099,-1.8980172090080787,-1.898375871457686
female,34-35,21,-1.9133358082233347,-1.9133912396944386,-1.9137499021440458
female,34-35,22,-2.1131710078297896,-2.1131649370642744,-2.113523599513882
female,34-35,23,-2.3373179628124143,-2.337345266251914,-2.3377039287015213
female,34-35,24,-2.7337235098647286,-2.7334951608492895,-2.733853823298897
female,34-35,25,-2.5580938777178974,-2.558250244086285,-2.5586089065358926
female,34-35,26,-2.931395023324727,-2.9312016370233205,-2.931560299472928
female,34-35,27,-2.8108183343352655,-2.8109100176768713,-2.811268680126479
female,34-35,28,-2.983143933715243,-2.983163404057757,-2.9835220665073643
female,34-35,29,-3.281713287511503,-3.281665380560706,-3.2820240430103134
female,34-35,30,-3.5356769954729916,-3.5356610126919517,-3.536019675141559
female,34-35,31,-3.8470823344265774,-3.8467915968041764,-3.847150259253784
female,34-35,32,-3.4376288332496827,-3.4376233508881358,-3.4379820133377432
female,34-35,33,-3.111524313285827,-3.111728114841522,-3.1120867772911294
female,34-35,34,-3.51371521858439,-3.513804466935798,-3.5141631293854054
female,34-35,35,-5.142366467573607,-5.14078452436355,-5.141143186813157
female,34-35,36,-4.427193752235868,-4.427538402675491,-4.427897065125099
female,34-35,37,-9.210340371976182,-4.427193752274752,-4.427552414724359
female,34-35,38,-9.210340371976182,-4.427193752235947,-4.427552414685555
female,34-35,39,-9.210340371976182,-4.427193752235947,-4.427552414685555
female,34-35,40,-9.210340371976182,-4.427193752235947,-4.427552414685555
female,34-35,41,-9.210340371976182,-4.427193752235947,-4.427552414685555
female,34-35,42,-9.210340371976182,-4.427193752235947,-4.427552414685555
female,34-35,43,-9.210340371976182,-4.427193752235947,-4.427552414685555
female,34-35,44,-9.210340371976182,-4.427193752235947,-4.427552414685555
female,34-35,45,-9.210340371976182,-4.427193752235947,-4.427552414685555
female,34-35,46,-9.210340371976182,-9.210340371976182,-9.210699034425788
female,34-35,47,-9.210340371976182,-9.210340371976182,-9.210699034425788
female,34-35,48,-9.210340371976182,-9.210340371976182,-9.210699034425788
female,34-35,49,-9.210340371976182,-9.210340371976182,-9.210699034425788
female,34-35,50,-9.210340371976182,-9.210340371976182,-9.210699034425788
female,34-35,51,-9.210340371976182,-9.210340371976182,-9.210699034425788
female,34-35,52,-9.210340371976182,-9.210340371976182,-9.210699034425788
female,36-37,-52,-9.210340371976182,-9.210340371976182,-9.21064880698141
female,36-37,-51,-9.210340371976182,-9.210340371976182,-9.21064880698141
female,36-37,-50,-9.210340371976182,-9.210340371976182,-9.21064880698141
female,36-37,-49,-9.210340371976182,-9.210340371976182,-9.21064880698141
female,36-37,-48,-9.210340371976182,-9.210340371976182,-9.21064880698141
female,36-37,-47,-9.210340371976182,-9.210340371976182,-9.21064880698141
female,36-37,-46,-9.210340371976182,-9.210340371976182,-9.21064880698141
female,36-37,-45,-9.210340371976182,-9.210340371976182,-9.21064880698141
female,36-37,-44,-9.210340371976182,-9.210340371976182,-9.21064880698141
female,36-37,-43,-9.210340371976182,-9.210340371976182,-9.21064880698141
female,36-37,-42,-9.210340371976182,-9.210340371976182,-9.21064880698141
female,36-37,-41,-9.210340371976182,-9.210340371976182,-9.21064880698141
female,36-37,-40,-9.210340371976182,-9.210340371976182,-9.21064880698141
female,36-37,-39,-9.210340371976182,-9.210340371976182,-9.21064880698141
female,36-37,-38,-9.210340371976182,-9.210340371976182,-9.21064880698141
female,36-37,-37,-9.210340371976182,-9.210340371976182,-9.21064880698141
female,36-37,-36,-9.210340371976182,-9.210340371976182,-9.21064880698141
female,36-37,-35,-9.210340371976182,-9.210340371976182,-9.21064880698141
female,36-37,-34,-9.210340371976182,-9.210340371976182,-9.21064880698141
female,36-37,-33,-9.210340371976182,-9.210340371976182,-9.21064880698141
female,36-37,-32,-9.210340371976182,-9.210340371976182,-9.21064880698141
female,36-37,-31,-9.210340371976182,-9.210340371976182,-9.21064880698141
female,36-37,-30,-9.210340371976182,-9.210340371976182,-9.21064880698141
female,36-37,-29,-9.210340371976182,-9.210340371976182,-9.21064880698141
female,36-37,-28,-9.210340371976182,-4.844859910712996,-4.845168345718226
female,36-37,-27,-9.210340371976182,-4.844859910712996,-4.845168345718226
female,36-37,-26,-9.210340371976182,-4.844859910712996,-4.845168345718226
female,36-37,-25,-9.210340371976182,-4.844859910712996,-4.845168345718226
female,36-37,-24,-9.210340371976182,-4.844859910712996,-4.845168345718226
female,36-37,-23,-9.210340371976182,-4.844859910712996,-4.845168345718226
female,36-37,-22,-9.210340371976182,-4.844859910712996,-4.845168345718226
female,36-37,-21,-9.210340371976182,-4.844859910712996,-4.845168345718226
female,36-37,-20,-9.210340371976182,-4.844859910765625,-4.845168345770855
female,36-37,-19,-4.844859910711951,-4.84532736339875,-4.84563579840398
female,36-37,-18,-6.005843256350825,-6.005668263920986,-6.005976698926216
female,36-37,-17,-6.8056832425872535,-6.805180263572259,-6.805488698577489
female,36-37,-16,-6.551671409917557,-6.550637860671054,-6.550946295676283
female,36-37,-15,-5.108542255521323,-5.108578442857927,-5.108886877863156
female,36-37,-14,-4.630114597290732,-4.630007652038093,-4.630316087043322
female,36-37,-13,-4.116589543261638,-4.116516823200634,-4.116825258205863
female,36-37,-12,-3.637956577523963,-3.6379172874708816,-3.6382257224761108
female,36-37,-11,-3.2264959446144985,-3.2263585653506084,-3.2266670003558375
female,36-37,-10,-2.6483244572907796,-2.6482438178356547,-2.648552252840884
female,36-37,-9,-2.098798508296448,-2.098743138327339,-2.0990515733325683
female,36-37,-8,-1.5993940574380443,-1.5993752443967433,-1.5996836794019726
female,36-37,-7,-1.2020167640928463,-1.2019678835774095,-1.2022763185826388
female,36-37,-6,-0.7888849159685712,-0.7888129149660341,-0.7891213499712635
female,36-37,-5,-0.3033225580412991,-0.3033023741529489,-0.3036108091581783
female,36-37,-4,0.11300140412471156,0.11302994088933564,0.11272150588410627
female,36-37,-3,0.5130728052465874,0.5131338176001429,0.5128253825949135
female,36-37,-2,0.9657094088955225,0.9657965217570774,0.965488086751848
female,36-37,-1,1.4906971651972536,1.4907547088883717,1.4904462738831423
female,36-37,0,2.000614834084934,2.0004645630094164,2.0001561280041873
female,36-37,1,1.9879341432273951,1.9878810314881494,1.98757259648292
female,36-37,2,1.7900144175995298,1.7900363629296736,1.7897279279244442
female,36-37,3,1.6107089447784104,1.610721363184815,1.6104129281795856
female,36-37,4,1.427236565380871,1.4272557614287595,1.4269473264235302
female,36-37,5,1.2473090877551878,1.2473280948001295,1.2470196597949001
female,36-37,6,1.0729432450068928,1.072931828145518,1.0726233931402887
female,36-37,7,0.7992815458008541,0.799345615881374,0.7990371808761446
female,36-37,8,0.6474621487590381,0.647466891571363,0.6471584565661336
female,36-37,9,0.46906385449336274,0.4691075366788094,0.46879910167358
female,36-37,10,0.3860034718678342,0.3859596462891874,0.385651211283958
female,36-37,11,0.13831206057907375,0.13832023183494693,0.13801179682971756
female,36-37,12,-0.15051238432653133,-0.15047281346882657,-0.15078124847405594
female,36-37,13,-0.38180445846554617,-0.38172993833736385,-0.3820383733425932
female,36-37,14,-0.4112776363609635,-0.4113352612234123,-0.41164369622864166
female,36-37,15,-0.6403886930787482,-0.640329986655793,-0.6406384216610224
female,36-37,16,-0.7299694142520902,-0.7300301616319838,-0.7303385966372131
female,36-37,17,-1.0516292435452492,-1.0515531198775854,-1.0518615548828147
female,36-37,18,-1.2201921320509364,-1.22022045494587,-1.2205288899510993
female,36-37,19,-1.5370621362278314,-1.5369579799990567,-1.537266415004286
female,36-37,20,-1.6046637472196348,-1.6046704638017193,-1.6049788988069487
female,36-37,21,-1.697817834465652,-1.6978585692003236,-1.698167004205553
female,36-37,22,-1.9417402825933894,-1.9417388411863545,-1.942047276191584
female,36-37,23,-2.246198180888531,-2.2460799909329183,-2.2463884259381475
female,36-37,24,-2.2393433962395277,-2.2394249851271737,-2.239733420132403
female,36-37,25,-2.524601974796119,-2.5245640421134596,-2.524872477118689
female,36-37,26,-2.7979122719171383,-2.7978184085963123,-2.7981268436015414
female,36-37,27,-2.842347660777829,-2.842317680622694,-2.8426261156279233
female,36-37,28,-2.798784381536157,-2.798883311359665,-2.7991917463648943
female,36-37,29,-3.1054218553650816,-3.1052306180809532,-3.1055390530861824
female,36-37,30,-2.9215265425058408,-2.9217024013227313,-2.9220108363279604
female,36-37,31,-3.3744678059049105,-3.3743826979842013,-3.3746911329894305
female,36-37,32,-3.8222973746819795,-3.821722829520273,-3.8220312645255023
female,36-37,33,-3.055182912705677,-3.0554044371976596,-3.055712872202889
female,36-37,34,-3.3033361105808456,-3.303148885738125,-3.303457320743354
female,36-37,35,-9.210340371976182,-3.3033361105598047,-3.303644545565034
female,36-37,36,-9.210340371976182,-3.30333611058089,-3.303644545586119
female,36-37,37,-9.210340371976182,-3.30333611058089,-3.303644545586119
female,36-37,38,-9.210340371976182,-3.30333611058089,-3.303644545586119
female,36-37,39,-9.210340371976182,-3.30333611058089,-3.303644545586119
female,36-37,40,-9.210340371976182,-3.30333611058089,-3.303644545586119
female,36-37,41,-9.210340371976182,-3.30333611058089,-3.303644545586119
female,36-37,42,-9.210340371976182,-3.30333611058089,-3.303644545586119
female,36-37,43,-9.210340371976182,-3.30333611058089,-3.303644545586119
female,36-37,44,-9.210340371976182,-9.210340371976182,-9.21064880698141
female,36-37,45,-9.210340371976182,-9.210340371976182,-9.21064880698141
female,36-37,46,-9.210340371976182,-9.210340371976182,-9.21064880698141
female,36-37,47,-9.210340371976182,-9.210340371976182,-9.21064880698141
female,36-37,48,-9.210340371976182,-9.210340371976182,-9.21064880698141
female,36-37,49,-9.210340371976182,-9.210340371976182,-9.21064880698141
female,36-37,50,-9.210340371976182,-9.210340371976182,-9.21064880698141
female,36-37,51,-9.210340371976182,-9.210340371976182,-9.21064880698141
female,36-37,52,-9.210340371976182,-9.210340371976182,-9.21064880698141
female,38-39,-52,-9.210340371976182,-9.210340371976182,-9.210903803323665
female,38-39,-51,-9.210340371976182,-9.210340371976182,-9.210903803323665
female,38-39,-50,-9.210340371976182,-9.210340371976182,-9.210903803323665
female,38-39,-49,-9.210340371976182,-9.210340371976182,-9.210903803323665
female,38-39,-48,-9.210340371976182,-9.210340371976182,-9.210903803323665
female,38-39,-47,-9.210340371976182,-9.210340371976182,-9.210903803323665
female,38-39,-46,-9.210340371976182,-9.210340371976182,-9.210903803323665
female,38-39,-45,-9.210340371976182,-9.210340371976182,-9.210903803323665
female,38-39,-44,-9.210340371976182,-9.210340371976182,-9.210903803323665
female,38-39,-43,-9.210340371976182,-9.210340371976182,-9.210903803323665
female,38-39,-42,-9.210340371976182,-9.210340371976182,-9.210903803323665
female,38-39,-41,-9.210340371976182,-9.210340371976182,-9.210903803323665
female,38-39,-40,-9.210340371976182,-9.210340371976182,-9.210903803323665
female,38-39,-39,-9.210340371976182,-9.210340371976182,-9.210903803323665
female,38-39,-38,-9.210340371976182,-9.210340371976182,-9.210903803323665
female,38-39,-37,-9.210340371976182,-9.210340371976182,-9.210903803323665
female,38-39,-36,-9.210340371976182,-9.210340371976182,-9.210903803323665
female,38-39,-35,-9.210340371976182,-9.210340371976182,-9.210903803323665
female,38-39,-34,-9.210340371976182,-9.210340371976182,-9.210903803323665
female,38-39,-33,-9.210340371976182,-9.210340371976182,-9.210903803323665
female,38-39,-32,-9.210340371976182,-9.210340371976182,-9.210903803323665
female,38-39,-31,-9.210340371976182,-9.210340371976182,-9.210903803323665
female,38-39,-30,-9.210340371976182,-9.210340371976182,-9.210903803323665
female,38-39,-29,-9.210340371976182,-9.210340371976182,-9.210903803323665
female,38-39,-28,-9.210340371976182,-9.210340371976182,-9.210903803323665
female,38-39,-27,-9.210340371976182,-9.210340371976182,-9.210903803323665
female,38-39,-26,-9.210340371976182,-9.210340371976182,-9.210903803323665
female,38-39,-25,-9.210340371976182,-9.210340371976182,-9.210903803323665
female,38-39,-24,-9.210340371976182,-9.210340371976182,-9.210903803323665
female,38-39,-23,-9.210340371976182,-9.210340371976182,-9.210903803323665
female,38-39,-22,-9.210340371976182,-9.210340371976182,-9.210903803323665
female,38-39,-21,-9.210340371976182,-9.210340371976182,-9.210903803323665
female,38-39,-20,-6.177581069263899,-6.1775487750817435,-6.178112206429226
female,38-39,-19,-5.723764003413695,-5.723213587671425,-5.7237770190189075
female,38-39,-18,-4.632946957960605,-4.633321367240921,-4.6338847985884035
female,38-39,-17,-5.242605985602107,-5.242138034731479,-5.2427014660789615
female,38-39,-16,-4.806549315679776,-4.806253110732435,-4.806816542079917
female,38-39,-15,-4.018066619062863,-4.018094888321476,-4.018658319668959
female,38-39,-14,-3.646489665552949,-3.646508067723973,-3.6470714990714557
female,38-39,-13,-3.417344550023619,-3.4172626664214727,-3.4178260977689554
female,38-39,-12,-3.0347853852636444,-3.0346173954925146,-3.0351808268399973
female,38-39,-11,-2.409253102006404,-2.4092784035501307,-2.4098418348976134
female,38-39,-10,-2.04874292818496,-2.04874356889473,-2.0493070002422127
female,38-39,-9,-1.76808260515137,-1.7678779380786382,-1.7684413694261212
female,38-39,-8,-1.1226448494690568,-1.1226887473010525,-1.1232521786485354
female,38-39,-7,-0.785806009090062,-0.7857290818609532,-0.7862925132084361
female,38-39,-6,-0.3303313856147902,-0.3303415545027235,-0.3309049858502064
female,38-39,-5,-0.0008922208786651579,-0.0008835427607269814,-0.0014469741082098332
female,38-39,-4,0.2958701757386993,0.2959444003583907,0.2953809690109078
female,38-39,-3,0.7159470142372638,0.7159824436732231,0.7154190123257402
female,38-39,-2,1.12878422048268,1.1288242405708635,1.1282608092233806
female,38-39,-1,1.5427800406360004,1.5428668251045978,1.542303393757115
female,38-39,0,2.0375469338826586,2.037385111022914,2.0368216796754313
female,38-39,1,1.9536009474376816,1.9535899569054662,1.9530265255579833
female,38-39,2,1.8131505955392295,1.8131707570504176,1.8126073257029347
female,38-39,3,1.6968847201372763,1.6968696179404876,1.6963061865930047
female,38-39,4,1.4888399984078065,1.4888652614706,1.488301830123117
female,38-39,5,1.297528035519769,1.2975449270064645,1.2969814956589816
female,38-39,6,1.099915497561973,1.0999266897304576,1.0993632583829747
female,38-39,7,0.8673978515928134,0.8674650883617483,0.8669016570142655
female,38-39,8,0.7790285516570032,0.7790000142591985,0.7784365829117157
female,38-39,9,0.5741872356498551,0.5742017025572302,0.5736382712097474
female,38-39,10,0.3701299512868862,0.37013593832346386,0.369572506975981
female,38-39,11,0.1416383780734282,0.1416663373620505,0.14110290601456765
female,38-39,12,-0.041514348199572886,-0.041497533817637565,-0.042060965165120416
female,38-39,13,-0.21034161204349755,-0.21036819430965362,-0.21093162565713647
female,38-39,14,-0.5224820210348474,-0.522398872961433,-0.5229623043089158
female,38-39,15,-0.6496815289262473,-0.6496802949326486,-0.6502437262801314
female,38-39,16,-0.7985425072676527,-0.7985302803726801,-0.799093711720163
female,38-39,17,-0.9389275649820948,-0.9389689106627505,-0.9395323420102333
female,38-39,18,-1.2685959115946723,-1.2684723215362024,-1.2690357528836853
female,38-39,19,-1.2962740460074391,-1.2963118192415097,-1.2968752505889927
female,38-39,20,-1.452083995791197,-1.4521598835763532,-1.452723314923836
female,38-39,21,-1.9422823134513725,-1.9420445691406092,-1.9426080004880921
female,38-39,22,-1.8560867656848212,-1.856159230311326,-1.8567226616588088
female,38-39,23,-2.0125599623948176,-2.0125678642624414,-2.013131295609924
female,38-39,24,-2.249973813327254,-2.249848142802306,-2.2504115741497888
female,38-39,25,-2.156413391666442,-2.1566090708909544,-2.157172502238437
female,38-39,26,-2.886553211245591,-2.88616048938417,-2.8867239207316526
female,38-39,27,-2.840485633917714,-2.8405275972277955,-2.841091028575278
female,38-39,28,-2.931107807462805,-2.931082028844151,-2.9316454601916337
female,38-39,29,-2.9603266382674236,-2.9603891364597628,-2.9609525678072455
female,38-39,30,-3.224923505517638,-3.2247350592743316,-3.2252984906218143
female,38-39,31,-3.004136841692228,-3.0043135795533686,-3.0048770109008514
female,38-39,32,-4.03639383379585,-4.035205056680498,-4.035768488027981
female,38-39,33,-9.210340371976182,-4.036392224642638,-4.036955655990121
female,38-39,34,-9.210340371976182,-4.036392224776403,-4.036955656123886
female,38-39,35,-9.210340371976182,-4.036392224776403,-4.036955656123886
female,38-39,36,-9.210340371976182,-4.036392224776403,-4.036955656123886
female,38-39,37,-9.210340371976182,-4.036392224776403,-4.036955656123886
female,38-39,38,-9.210340371976182,-4.036392224776403,-4.036955656123886
female,38-39,39,-9.210340371976182,-4.036392224776403,-4.036955656123886
female,38-39,40,-9.210340371976182,-4.036392224776403,-4.036955656123886
female,38-39,41,-9.210340371976182,-4.036392224776403,-4.036955656123886
female,38-39,42,-9.210340371976182,-9.210340371976182,-9.210903803323665
female,38-39,43,-9.210340371976182,-9.210340371976182,-9.210903803323665
female,38-39,44,-9.210340371976182,-9.210340371976182,-9.210903803323665
female,38-39,45,-9.210340371976182,-9.210340371976182,-9.210903803323665
female,38-39,46,-9.210340371976182,-9.210340371976182,-9.210903803323665
female,38-39,47,-9.210340371976182,-9.210340371976182,-9.210903803323665
female,38-39,48,-9.210340371976182,-9.210340371976182,-9.210903803323665
female,38-39,49,-9.210340371976182,-9.210340371976182,-9.210903803323665
female,38-39,50,-9.210340371976182,-9.210340371976182,-9.210903803323665
female,38-39,51,-9.210340371976182,-9.210340371976182,-9.210903803323665
female,38-39,52,-9.210340371976182,-9.210340371976182,-9.210903803323665
female,40-42,-52,-9.210340371976182,-9.210340371976182,-9.210441926623107
female,40-42,-51,-9.210340371976182,-9.210340371976182,-9.210441926623107
female,40-42,-50,-9.210340371976182,-9.210340371976182,-9.210441926623107
female,40-42,-49,-9.210340371976182,-9.210340371976182,-9.210441926623107
female,40-42,-48,-9.210340371976182,-9.210340371976182,-9.210441926623107
female,40-42,-47,-9.210340371976182,-9.210340371976182,-9.210441926623107
female,40-42,-46,-9.210340371976182,-9.210340371976182,-9.210441926623107
female,40-42,-45,-9.210340371976182,-9.210340371976182,-9.210441926623107
female,40-42,-44,-9.210340371976182,-9.210340371976182,-9.210441926623107
female,40-42,-43,-9.210340371976182,-5.945760231874759,-5.945861786521683
female,40-42,-42,-9.210340371976182,-5.945760231876499,-5.945861786523423
female,40-42,-41,-9.210340371976182,-5.945760231876499,-5.945861786523423
female,40-42,-40,-9.210340371976182,-5.945760231876499,-5.945861786523423
female,40-42,-39,-9.210340371976182,-5.945760231876499,-5.945861786523423
female,40-42,-38,-9.210340371976182,-5.945760231876499,-5.945861786523423
female,40-42,-37,-9.210340371976182,-5.945760231876499,-5.945861786523423
female,40-42,-36,-9.210340371976182,-5.945760231876499,-5.945861786523423
female,40-42,-35,-9.210340371976182,-5.945760231876499,-5.945861786523423
female,40-42,-34,-9.210340371976182,-5.945760231876499,-5.945861786523423
female,40-42,-33,-9.210340371976182,-5.945760231876499,-5.945861786523423
female,40-42,-32,-9.210340371976182,-5.945760231876503,-5.945861786523427
female,40-42,-31,-9.210340371976182,-5.945760231876684,-5.945861786523608
female,40-42,-30,-9.210340371976182,-5.945760231886597,-5.945861786533521
female,40-42,-29,-9.210340371976182,-5.945760232427847,-5.9458617870747705
female,40-42,-28,-9.210340371976182,-5.945760261979076,-5.9458618166259996
female,40-42,-27,-9.210340371976182,-5.945761875420154,-5.945863430067078
female,40-42,-26,-9.210340371976182,-5.945849962326906,-5.94595151697383
female,40-42,-25,-9.210340371976182,-5.9506474831246425,-5.950749037771566
female,40-42,-24,-5.945762436507916,-6.1822205427004056,-6.182322097347329
female,40-42,-23,-9.210340371976182,-7.233616429429132,-7.233717984076056
female,40-42,-22,-5.639462859726877,-5.782144206797169,-5.782245761444093
female,40-42,-21,-6.446529119562548,-6.075318754095574,-6.075420308742498
female,40-42,-20,-5.073715263639348,-5.142725169419073,-5.142826724065997
female,40-42,-19,-4.971552105089645,-4.918222577671916,-4.91832413231884
female,40-42,-18,-4.5027931012541,-4.470316230259122,-4.470417784906046
female,40-42,-17,-3.9892140398289797,-3.9909325697216036,-3.9910341243685274
female,40-42,-16,-3.6613037141127758,-3.6289248175572375,-3.6290263722041614
female,40-42,-15,-3.1860652213023095,-3.1987958140980757,-3.1988973687449995
female,40-42,-14,-2.93738914164867,-2.9226188052859268,-2.9227203599328506
female,40-42,-13,-2.608777333698342,-2.5815457291214328,-2.5816472837683566
female,40-42,-12,-2.1537228228017997,-2.159801476801535,-2.159903031448459
female,40-42,-11,-1.8601921019085361,-1.8167346278622145,-1.8168361825091386
female,40-42,-10,-1.3163167943521605,-1.3433536516802786,-1.3434552063272027
female,40-42,-9,-1.125343528949738,-1.1061252826197434,-1.1062268372666675
female,40-42,-8,-0.7891725817585395,-0.7688775540947561,-0.7689791087416801
female,40-42,-7,-0.3606606341846216,-0.38465308887862837,-0.38475464352555233
female,40-42,-6,-0.21094932863752605,-0.1718096575512548,-0.17191121219817876
female,40-42,-5,0.2335726805852325,0.22933208942584407,0.2292305347789201
female,40-42,-4,0.5483753626617697,0.5581812097332987,0.5580796550863747
female,40-42,-3,0.8878094674843704,0.8933693181499641,0.8932677635030402
female,40-42,-2,1.1961555810334863,1.2192338404495504,1.2191322858026263
female,40-42,-1,1.6071273931730128,1.6229273108083888,1.6228257561614647
female,40-42,0,2.025043978188983,1.980509094672572,1.980407540025648
female,40-42,1,1.966813229450944,1.9623090624099628,1.9622075077630388
female,40-42,2,1.8521361740738258,1.8483288800275586,1.8482273253806345
female,40-42,3,1.6700198089416218,1.6784473743594808,1.6783458197125567
female,40-42,4,1.526160832023783,1.5325623138031497,1.5324607591562256
female,40-42,5,1.4132951624727637,1.4071624335183528,1.4070608788714287
female,40-42,6,1.2067080490323066,1.2163731530046182,1.2162715983576942
female,40-42,7,1.0512948660540595,1.0468012902449624,1.0466997355980383
female,40-42,8,0.8240374845885715,0.8275685195486173,0.8274669649016934
female,40-42,9,0.5839744625297683,0.5992907000676378,0.5991891454207139
female,40-42,10,0.45156553799266336,0.4442091960903453,0.44410764144342135
female,40-42,11,0.21501573278688493,0.22373858631503235,0.2236370316681084
female,40-42,12,0.007429359123552901,0.012871599249060223,0.012770044602136255
female,40-42,13,-0.19103124059722384,-0.17675638452379755,-0.1768579391707215
female,40-42,14,-0.2815869032435854,-0.29975413763348163,-0.2998556922804056
female,40-42,15,-0.589893983975283,-0.563789567892107,-0.563891122539031
female,40-42,16,-0.7099613959353064,-0.719015578856811,-0.719117133503735
female,40-42,17,-0.946784584134017,-0.9263646299359616,-0.9264661845828855
female,40-42,18,-1.0189073591995215,-1.037184474910736,-1.03728602955766
female,40-42,19,-1.2986601593694451,-1.2663820141909155,-1.2664835688378395
female,40-42,20,-1.31553137777562,-1.3443431150034328,-1.344444669650357
female,40-42,21,-1.6652615031919202,-1.631553289718432,-1.631654844365356
female,40-42,22,-1.7910234938152911,-1.7676553145023848,-1.7677568691493089
female,40-42,23,-1.7082834308062735,-1.7517875268857732,-1.7518890815326973
female,40-42,24,-2.1101443837463756,-2.0994618088065216,-2.0995633634534454
female,40-42,25,-2.6910471743954525,-2.5192426629915623,-2.519344217638486
female,40-42,26,-2.010463933221283,-2.123688383686007,-2.123789938332931
female,40-42,27,-2.7216156764101824,-2.616822780355565,-2.616924335002489
female,40-42,28,-2.7697593883248026,-2.791659274726611,-2.7917608293735348
female,40-42,29,-3.2440917944890977,-3.123018189032156,-3.1231197436790796
female,40-42,30,-2.7901615146096623,-2.8690349615016952,-2.869136516148619
female,40-42,31,-9.210340371976182,-2.791908293431678,-2.7920098480786018
female,40-42,32,-9.210340371976182,-2.7901914675565367,-2.7902930222034605
female,40-42,33,-9.210340371976182,-2.7901598989967065,-2.7902614536436303
female,40-42,34,-9.210340371976182,-2.7901593207566724,-2.7902608754035962
female,40-42,35,-9.210340371976182,-2.790159310165823,-2.7902608648127467
female,40-42,36,-9.210340371976182,-2.7901593099718447,-2.7902608646187685
female,40-42,37,-9.210340371976182,-2.790159309968292,-2.790260864615216
female,40-42,38,-9.210340371976182,-2.790159309968227,-2.790260864615151
female,40-42,39,-9.210340371976182,-2.790159309968226,-2.7902608646151497
female,40-42,40,-9.210340371976182,-2.7901593099682254,-2.790260864615149
female,40-42,41,-9.210340371976182,-2.790159309968226,-2.7902608646151497
female,40-42,42,-9.210340371976182,-2.790159309968226,-2.7902608646151497
female,40-42,43,-9.210340371976182,-2.790159309968226,-2.7902608646151497
female,40-42,44,-9.210340371976182,-2.790159309968226,-2.7902608646151497
female,40-42,45,-9.210340371976182,-2.790159309968226,-2.7902608646151497
female,40-42,46,-9.210340371976182,-2.790159309968226,-2.7902608646151497
female,40-42,47,-9.210340371976182,-2.790159309968226,-2.7902608646151497
female,40-42,48,-9.210340371976182,-2.790159309968226,-2.7902608646151497
female,40-42,49,-9.210340371976182,-2.7901593099680158,-2.7902608646149396
female,40-42,50,-9.210340371976182,-9.210340371976182,-9.210441926623107
female,40-42,51,-9.210340371976182,-9.210340371976182,-9.210441926623107
female,40-42,52,-9.210340371976182,-9.210340371976182,-9.210441926623107
female,43-45,-52,-9.210340371976182,-9.210340371976182,-9.210425752304072
female,43-45,-51,-9.210340371976182,-9.210340371976182,-9.210425752304072
female,43-45,-50,-9.210340371976182,-9.210340371976182,-9.210425752304072
female,43-45,-49,-9.210340371976182,-9.210340371976182,-9.210425752304072
female,43-45,-48,-9.210340371976182,-9.210340371976182,-9.210425752304072
female,43-45,-47,-9.210340371976182,-9.210340371976182,-9.210425752304072
female,43-45,-46,-9.210340371976182,-9.210340371976182,-9.210425752304072
female,43-45,-45,-9.210340371976182,-9.210340371976182,-9.210425752304072
female,43-45,-44,-9.210340371976182,-9.210340371976182,-9.210425752304072
female,43-45,-43,-9.210340371976182,-9.210340371976182,-9.210425752304072
female,43-45,-42,-9.210340371976182,-9.210340371976182,-9.210425752304072
female,43-45,-41,-9.210340371976182,-9.210340371976182,-9.210425752304072
female,43-45,-40,-9.210340371976182,-9.210340371976182,-9.210425752304072
female,43-45,-39,-9.210340371976182,-9.210340371976182,-9.210425752304072
female,43-45,-38,-9.210340371976182,-9.210340371976182,-9.210425752304072
female,43-45,-37,-9.210340371976182,-9.210340371976182,-9.210425752304072
female,43-45,-36,-9.210340371976182,-5.490410069948646,-5.490495450276535
female,43-45,-35,-9.210340371976182,-5.490410069948646,-5.490495450276535
female,43-45,-34,-9.210340371976182,-5.490410069948646,-5.490495450276535
female,43-45,-33,-9.210340371976182,-5.490410069948645,-5.490495450276534
female,43-45,-32,-9.210340371976182,-5.490410069948646,-5.490495450276535
female,43-45,-31,-9.210340371976182,-5.490410069948646,-5.490495450276535
female,43-45,-30,-9.210340371976182,-5.490410069948646,-5.490495450276535
female,43-45,-29,-9.210340371976182,-5.490410069948646,-5.490495450276535
female,43-45,-28,-9.210340371976182,-5.4904100699271785,-5.490495450255068
female,43-45,-27,-5.49041006994778,-5.4902194563758755,-5.490304836703765
female,43-45,-26,-5.240649738908788,-5.240713268917964,-5.240798649245853
female,43-45,-25,-5.293302338538172,-5.2934438241274755,-5.293529204455365
female,43-45,-24,-5.902922012442463,-5.9025969105891045,-5.902682290916994
female,43-45,-23,-5.780517051000537,-5.780192459548606,-5.780277839876495
female,43-45,-22,-5.053020412267762,-5.052771294141523,-5.052856674469412
female,43-45,-21,-4.245385066500941,-4.245674749196443,-4.245760129524332
female,43-45,-20,-4.622079981337672,-4.621592780277213,-4.621678160605103
female,43-45,-19,-3.920260495560285,-3.92044774679131,-3.9205331271192
female,43-45,-18,-3.9667834239324056,-3.9664848732276927,-3.9665702535555827
female,43-45,-17,-3.334323488599228,-3.3343697607669323,-3.334455141094822
female,43-45,-16,-3.0176511533640205,-3.017671887919977,-3.017757268247867
female,43-45,-15,-2.8077922849134596,-2.8076202515344,-2.80770563186229
female,43-45,-14,-2.2475386834835493,-2.247686198640723,-2.247771578968613
female,43-45,-13,-2.233260626301445,-2.2330435066973493,-2.2331288870252393
female,43-45,-12,-1.6882117785367428,-1.6882714786548971,-1.688356858982787
female,43-45,-11,-1.4242526780718976,-1.4241253109537064,-1.4242106912815964
female,43-45,-10,-0.9090197346205431,-0.9090573794279628,-0.9091427597558527
female,43-45,-9,-0.6151034321471428,-0.6150988339314405,-0.6151842142593303
female,43-45,-8,-0.3480303900658093,-0.3480029667686529,-0.3480883470965428
female,43-45,-7,-0.04193088842183741,-0.041931151006875465,-0.04201653133476535
female,43-45,-6,0.21947972147807449,0.21949302937358253,0.21940764904569265
female,43-45,-5,0.4716749960134027,0.4716886973957178,0.4716033170678279
female,43-45,-4,0.7174355900619198,0.717463347824143,0.7173779674962532
female,43-45,-3,0.9951821216174046,0.9951995583708684,0.9951141780429785
female,43-45,-2,1.2750091206735252,1.275071948860211,1.274986568532321
female,43-45,-1,1.6550953644103203,1.655143001347821,1.655057621019931
female,43-45,0,2.0499396141475184,2.0498005631885663,2.0497151828606763
female,43-45,1,1.9648350365674572,1.9648492691398092,1.9647638888119192
female,43-45,2,1.9104762544295044,1.9104436487860619,1.910358268458172
female,43-45,3,1.7364942222884212,1.7365151894458755,1.7364298091179855
female,43-45,4,1.594328097439438,1.594326512437185,1.594241132109295
female,43-45,5,1.4292398402329838,1.4292445881142757,1.4291592077863857
female,43-45,6,1.255825191462293,1.255816946061523,1.255731565733633
female,43-45,7,1.0200526000481343,1.0200913353891752,1.0200059550612852
female,43-45,8,0.8598149003011193,0.8598108035283188,0.859725423200429
female,43-45,9,0.6518119296901619,0.6518268141658051,0.6517414338379153
female,43-45,10,0.4452669432307774,0.4453023002227661,0.4452169198948762
female,43-45,11,0.3106425678335865,0.31061304161516073,0.31052766128727083
female,43-45,12,0.04424069274419778,0.04431450078374143,0.04422912045585155
female,43-45,13,-0.04485680373114973,-0.04489042474870735,-0.044975805076597236
female,43-45,14,-0.25771162963441663,-0.25768710036157894,-0.25777248068946884
female,43-45,15,-0.4302994747528604,-0.43033028250997496,-0.43041566283786487
female,43-45,16,-0.7549559293277689,-0.754868094933954,-0.7549534752618439
female,43-45,17,-0.8878210390317749,-0.887788998592037,-0.8878743789199268
female,43-45,18,-0.9390590358768075,-0.9390958138224272,-0.9391811941503171
female,43-45,19,-1.1243744848197688,-1.124348971205224,-1.1244343515331139
female,43-45,20,-1.2732080628891755,-1.2731653017233067,-1.2732506820511966
female,43-45,21,-1.3149855959301733,-1.31512185757507,-1.31520723790296
female,43-45,22,-1.9604594017130446,-1.9600930327404018,-1.9601784130682918
female,43-45,23,-1.8257348587506013,-1.8257386374378606,-1.8258240177657505
female,43-45,24,-1.7059784186788263,-1.706165255005299,-1.706250635333189
female,43-45,25,-2.313586216243421,-2.3132900243019576,-2.3133754046298476
female,43-45,26,-2.289593485709416,-2.289608846425755,-2.289694226753645
female,43-45,27,-2.3104256727721024,-2.310411877406112,-2.310497257734002
female,43-45,28,-9.210340371976182,-2.3104256727705206,-2.3105110530984105
female,43-45,29,-9.210340371976182,-2.310425672772074,-2.310511053099964
female,43-45,30,-9.210340371976182,-2.310425672772074,-2.310511053099964
female,43-45,31,-9.210340371976182,-2.310425672772074,-2.310511053099964
female,43-45,32,-9.210340371976182,-2.310425672772074,-2.310511053099964
female,43-45,33,-9.210340371976182,-2.310425672772074,-2.310511053099964
female,43-45,34,-9.210340371976182,-2.310425672772074,-2.310511053099964
female,43-45,35,-9.210340371976182,-2.310425672772074,-2.310511053099964
female,43-45,36,-9.210340371976182,-2.310425672772074,-2.310511053099964
female,43-45,37,-9.210340371976182,-9.210340371976182,-9.210425752304072
female,43-45,38,-9.210340371976182,-9.210340371976182,-9.210425752304072
female,43-45,39,-9.210340371976182,-9.210340371976182,-9.210425752304072
female,43-45,40,-9.210340371976182,-9.210340371976182,-9.210425752304072
female,43-45,41,-9.210340371976182,-9.210340371976182,-9.210425752304072
female,43-45,42,-9.210340371976182,-9.210340371976182,-9.210425752304072
female,43-45,43,-9.210340371976182,-9.210340371976182,-9.210425752304072
female,43-45,44,-9.210340371976182,-9.210340371976182,-9.210425752304072
female,43-45,45,-9.210340371976182,-9.210340371976182,-9.210425752304072
female,43-45,46,-9.210340371976182,-9.210340371976182,-9.210425752304072
female,43-45,47,-9.210340371976182,-9.210340371976182,-9.210425752304072
female,43-45,48,-9.210340371976182,-9.210340371976182,-9.210425752304072
female,43-45,49,-9.210340371976182,-9.210340371976182,-9.210425752304072
female,43-45,50,-9.210340371976182,-9.210340371976182,-9.210425752304072
female,43-45,51,-9.210340371976182,-9.210340371976182,-9.210425752304072
female,43-45,52,-9.210340371976182,-9.210340371976182,-9.210425752304072
female,46-49,-52,-9.210340371976182,-9.210340371976182,-9.210385774887117
female,46-49,-51,-9.210340371976182,-9.210340371976182,-9.210385774887117
female,46-49,-50,-9.210340371976182,-9.210340371976182,-9.210385774887117
female,46-49,-49,-9.210340371976182,-9.210340371976182,-9.210385774887117
female,46-49,-48,-9.210340371976182,-9.210340371976182,-9.210385774887117
female,46-49,-47,-9.210340371976182,-9.210340371976182,-9.210385774887117
female,46-49,-46,-9.210340371976182,-9.210340371976182,-9.210385774887117
female,46-49,-45,-9.210340371976182,-9.210340371976182,-9.210385774887117
female,46-49,-44,-9.210340371976182,-9.210340371976182,-9.210385774887117
female,46-49,-43,-9.210340371976182,-9.210340371976182,-9.210385774887117
female,46-49,-42,-9.210340371976182,-9.210340371976182,-9.210385774887117
female,46-49,-41,-9.210340371976182,-9.210340371976182,-9.210385774887117
female,46-49,-40,-9.210340371976182,-7.831022264996413,-7.831067667907349
female,46-49,-39,-9.210340371976182,-7.831022264996413,-7.831067667907349
female,46-49,-38,-9.210340371976182,-7.831022264996413,-7.831067667907349
female,46-49,-37,-9.210340371976182,-7.831022264996413,-7.831067667907349
female,46-49,-36,-9.210340371976182,-7.831022264996413,-7.831067667907349
female,46-49,-35,-9.210340371976182,-7.831022264996413,-7.831067667907349
female,46-49,-34,-9.210340371976182,-7.831022264996413,-7.831067667907349
female,46-49,-33,-9.210340371976182,-7.831022264996413,-7.831067667907349
female,46-49,-32,-9.210340371976182,-7.831022264517622,-7.831067667428558
female,46-49,-31,-7.831022264995586,-7.8267795547709005,-7.826824957681836
female,46-49,-30,-5.842728560538083,-5.842586789256146,-5.842632192167081
female,46-49,-29,-5.397535069848651,-5.397688083680005,-5.3977334865909405
female,46-49,-28,-5.575674801260811,-5.57569375927933,-5.575739162190266
female,46-49,-27,-5.801103940389076,-5.800639129112939,-5.800684532023875
female,46-49,-26,-5.046650014362342,-5.046471241261111,-5.046516644172047
female,46-49,-25,-4.323896196506491,-4.324205655621709,-4.324251058532645
female,46-49,-24,-4.848635930820003,-4.848200226072712,-4.848245628983648
female,46-49,-23,-4.368402075493633,-4.368635820435016,-4.368681223345952
female,46-49,-22,-4.753991830298799,-4.753334603721808,-4.753380006632744
female,46-49,-21,-3.8245436193560787,-3.8247288103752273,-3.824774213286163
female,46-49,-20,-3.748274007071632,-3.74796623688593,-3.7480116397968657
female,46-49,-19,-3.037328897077796,-3.037421506667846,-3.037466909578782
female,46-49,-18,-2.799795093047766,-2.7998292687220894,-2.799874671633025
female,46-49,-17,-2.678820698003673,-2.678749167421911,-2.6787945703328466
female,46-49,-16,-2.375476714239427,-2.3754348015790097,-2.3754802044899455
female,46-49,-15,-2.0116751055442776,-2.0116942551362773,-2.011739658047213
female,46-49,-14,-1.7551556506450545,-1.7550877498913855,-1.7551331528023213
female,46-49,-13,-1.3646327528797098,-1.3646277697791804,-1.3646731726901162
female,46-49,-12,-1.0360277833141238,-1.0360828474125126,-1.0361282503234484
female,46-49,-11,-0.9013500354979982,-0.9012396632082217,-0.9012850661191575
female,46-49,-10,-0.4991573998793746,-0.4992301930329587,-0.4992755959438944
female,46-49,-9,-0.3671289096948689,-0.36711257287837307,-0.3671579757893088
female,46-49,-8,-0.19868503004062452,-0.19859561303810272,-0.1986410159490385
female,46-49,-7,0.1683816108090717,0.1683507899322481,0.16830538702131234
female,46-49,-6,0.37893734390532585,0.3789734849324636,0.37892808202152783
female,46-49,-5,0.658626274884814,0.6585990877316222,0.6585536848206864
female,46-49,-4,0.8264579804038541,0.8264938627375482,0.8264484598266124
female,46-49,-3,1.0721385375654673,1.0721677501441873,1.0721223472332515
female,46-49,-2,1.3560036161287232,1.3560412011820906,1.3559957982711548
female,46-49,-1,1.6768303344547888,1.6768822097664449,1.676836806855509
female,46-49,0,2.0458065761899906,2.045689319518274,2.045643916607338
female,46-49,1,2.0122458992231183,2.0122118911944664,2.0121664882835306
female,46-49,2,1.868997683437482,1.8690108726928394,1.8689654697819036
female,46-49,3,1.749853625760886,1.7498405289067567,1.7497951259958209
female,46-49,4,1.5722211645877509,1.572238504694484,1.5721931017835482
female,46-49,5,1.4187482005153313,1.4187439298777231,1.4186985269667873
female,46-49,6,1.2200369997759553,1.2200581356371953,1.2200127327262595
female,46-49,7,1.0492705008287038,1.0492812450468572,1.0492358421359214
female,46-49,8,0.8796453096828417,0.8796655345077278,0.879620131596792
female,46-49,9,0.7463307001910857,0.7463206927704514,0.7462752898595156
female,46-49,10,0.5579519144289729,0.5579491738288485,0.5579037709179127
female,46-49,11,0.3212426516693413,0.3212923088634426,0.3212469059525069
female,46-49,12,0.20084548918299758,0.20080741448346168,0.2007620115725259
female,46-49,13,-0.07837551630266366,-0.07833692798410107,-0.07838233089503684
female,46-49,14,-0.31779180657075723,-0.31777180000935334,-0.3178172029202891
female,46-49,15,-0.5706290742437187,-0.5704875153828431,-0.570532918293779
female,46-49,16,-0.45088205681633353,-0.45094372360379564,-0.4509891265147314
female,46-49,17,-0.5235500110224639,-0.5236316610992919,-0.5236770640102277
female,46-49,18,-0.9362733774146835,-0.936112931445935,-0.9361583343568708
female,46-49,19,-0.9989659362965755,-0.9989903770189389,-0.9990357799298747
female,46-49,20,-1.1596370820038435,-1.1596348328297503,-1.1596802357406861
female,46-49,21,-1.3629625808036716,-1.3628972443867704,-1.3629426472977062
female,46-49,22,-1.4181473013198573,-1.418128653570036,-1.4181740564809717
female,46-49,23,-1.449613840924639,-1.4496827060914221,-1.449728109002358
female,46-49,24,-2.15219585315097,-2.15151626980277,-2.1515616727137057
female,46-49,25,-9.210340371976182,-2.1521958530743714,-2.1522412559853072
female,46-49,26,-9.210340371976182,-2.1521958531509258,-2.1522412560618616
female,46-49,27,-9.210340371976182,-2.1521958531509258,-2.1522412560618616
female,46-49,28,-9.210340371976182,-2.1521958531509258,-2.1522412560618616
female,46-49,29,-9.210340371976182,-2.1521958531509258,-2.1522412560618616
female,46-49,30,-9.210340371976182,-2.1521958531509258,-2.1522412560618616
female,46-49,31,-9.210340371976182,-2.1521958531509258,-2.1522412560618616
female,46-49,32,-9.210340371976182,-2.1521958531509258,-2.1522412560618616
female,46-49,33,-9.210340371976182,-2.1521958531509258,-2.1522412560618616
female,46-49,34,-9.210340371976182,-9.210340371976182,-9.210385774887117
female,46-49,35,-9.210340371976182,-9.210340371976182,-9.210385774887117
female,46-49,36,-9.210340371976182,-9.210340371976182,-9.210385774887117
female,46-49,37,-9.210340371976182,-9.210340371976182,-9.210385774887117
female,46-49,38,-9.210340371976182,-9.210340371976182,-9.210385774887117
female,46-49,39,-9.210340371976182,-9.210340371976182,-9.210385774887117
female,46-49,40,-9.210340371976182,-9.210340371976182,-9.210385774887117
female,46-49,41,-9.210340371976182,-9.210340371976182,-9.210385774887117
female,46-49,42,-9.210340371976182,-9.210340371976182,-9.210385774887117
female,46-49,43,-9.210340371976182,-9.210340371976182,-9.210385774887117
female,46-49,44,-9.210340371976182,-9.210340371976182,-9.210385774887117
female,46-49,45,-9.210340371976182,-9.210340371976182,-9.210385774887117
female,46-49,46,-9.210340371976182,-9.210340371976182,-9.210385774887117
female,46-49,47,-9.210340371976182,-9.210340371976182,-9.210385774887117
female,46-49,48,-9.210340371976182,-9.210340371976182,-9.210385774887117
female,46-49,49,-9.210340371976182,-9.210340371976182,-9.210385774887117
female,46-49,50,-9.210340371976182,-9.210340371976182,-9.210385774887117
female,46-49,51,-9.210340371976182,-9.210340371976182,-9.210385774887117
female,46-49,52,-9.210340371976182,-9.210340371976182,-9.210385774887117
female,50-54,-52,-9.210340371976182,-9.210340371976182,-9.210359889128837
female,50-54,-51,-9.210340371976182,-9.210340371976182,-9.210359889128837
female,50-54,-50,-9.210340371976182,-9.210340371976182,-9.210359889128837
female,50-54,-49,-9.210340371976182,-9.210340371976182,-9.210359889128837
female,50-54,-48,-9.210340371976182,-9.210340371976182,-9.210359889128837
female,50-54,-47,-9.210340371976182,-9.210340371976182,-9.210359889128837
female,50-54,-46,-9.210340371976182,-9.210340371976182,-9.210359889128837
female,50-54,-45,-9.210340371976182,-6.387480612333349,-6.387500129486004
female,50-54,-44,-9.210340371976182,-6.387480612333349,-6.387500129486004
female,50-54,-43,-9.210340371976182,-6.387480612333349,-6.387500129486004
female,50-54,-42,-9.210340371976182,-6.387480612333349,-6.387500129486004
female,50-54,-41,-9.210340371976182,-6.387480612333349,-6.387500129486004
female,50-54,-40,-9.210340371976182,-6.387480612333349,-6.387500129486004
female,50-54,-39,-9.210340371976182,-6.387480612333349,-6.387500129486004
female,50-54,-38,-9.210340371976182,-6.387480612333349,-6.387500129486004
female,50-54,-37,-9.210340371976182,-6.3874806119920695,-6.387500129144724
female,50-54,-36,-6.387480612332563,-6.384454601299276,-6.384474118451931
female,50-54,-35,-4.689807994209857,-4.690309446290857,-4.690328963443512
female,50-54,-34,-5.948035191312733,-5.947469276258258,-5.947488793410913
female,50-54,-33,-5.920475886709169,-5.920708443291854,-5.920727960444509
female,50-54,-32,-6.675630896233203,-6.673099045366174,-6.6731185625188285
female,50-54,-31,-4.632833715596188,-4.6333096016346556,-4.6333291187873105
female,50-54,-30,-5.421558976301571,-5.420770859546171,-5.420790376698826
female,50-54,-29,-4.653422221098061,-4.653709214915541,-4.6537287320681955
female,50-54,-28,-5.039614256255566,-5.039152639117948,-5.039172156270603
female,50-54,-27,-4.388590222872683,-4.388917916013526,-4.388937433166181
female,50-54,-26,-5.09414443388244,-5.093393325469207,-5.093412842621862
female,50-54,-25,-4.291970758751006,-4.292262863316121,-4.292282380468776
female,50-54,-24,-4.661396775825575,-4.66067985940078,-4.660699376553435
female,50-54,-23,-3.644347170251768,-3.6444323085406696,-3.6444518256933245
female,50-54,-22,-3.2777524489726146,-3.277850579783469,-3.277870096936124
female,50-54,-21,-3.244898796613265,-3.2446408856958673,-3.244660402848522
female,50-54,-20,-2.6274573608163934,-2.6276142764793686,-2.6276337936320235
female,50-54,-19,-2.6044805938063558,-2.604460945985922,-2.604480463138577
female,50-54,-18,-2.5193309134400157,-2.519288364597443,-2.519307881750098
female,50-54,-17,-2.311873072652514,-2.311751422064013,-2.311770939216668
female,50-54,-16,-1.8409697608162519,-1.8410788652404597,-1.8410983823931146
female,50-54,-15,-1.7648689980368635,-1.764779695847458,-1.7647992130001129
female,50-54,-14,-1.456941031664592,-1.4568996845432334,-1.4569192016958883
female,50-54,-13,-1.1061067639383046,-1.1061058797463843,-1.1061253968990392
female,50-54,-12,-0.8254579009673146,-0.8254974644365997,-0.8255169815892545
female,50-54,-11,-0.6939694614285192,-0.6938235432131287,-0.6938430603657835
female,50-54,-10,-0.23510282202905358,-0.23518899430353035,-0.23520851145618515
female,50-54,-9,-0.11277945538327701,-0.11278564333462267,-0.11280516048727747
female,50-54,-8,-0.01122708017825785,-0.011132321934209554,-0.011151839086864363
female,50-54,-7,0.3241996298432428,0.3241807761947709,0.3241612590421161
female,50-54,-6,0.5448948022384178,0.5449020432217107,0.5448825260690559
female,50-54,-5,0.7519457381252266,0.751961485827981,0.7519419686753261
female,50-54,-4,0.9661050569874701,0.9661302782948443,0.9661107611421895
female,50-54,-3,1.2025802506338463,1.2025874165292265,1.2025678993765716
female,50-54,-2,1.4075261657082743,1.407581921853058,1.4075624047004032
female,50-54,-1,1.7053137590319905,1.705346692087945,1.70532717493529
female,50-54,0,2.0061445635464703,2.006041225051809,2.006021707899154
female,50-54,1,1.9535689018523301,1.95355545648812,1.953535939335465
female,50-54,2,1.8542817781541288,1.854268340070436,1.8542488229177811
female,50-54,3,1.6980246703864215,1.6980385005443266,1.6980189833916717
female,50-54,4,1.560979122385325,1.5609728139440817,1.5609532967914268
female,50-54,5,1.3807404679300987,1.3807616573681478,1.380742140215493
female,50-54,6,1.2393030018330882,1.2392948442553122,1.2392753271026573
female,50-54,7,1.0486858486497668,1.0487226793877256,1.0487031622350707
female,50-54,8,0.9439132511167059,0.9439044201136072,0.9438849029609524
female,50-54,9,0.7945507260029071,0.794557064030733,0.7945375468780782
female,50-54,10,0.6360135157962987,0.6360227429999269,0.6360032258472721
female,50-54,11,0.4693025878381305,0.4693171693595241,0.4692976522068693
female,50-54,12,0.3051671690915852,0.30518939333077405,0.30516987617811925
female,50-54,13,0.17241540074033074,0.17239330043387555,0.17237378328122074
female,50-54,14,-0.0825452367754953,-0.08250226760046518,-0.08252178475311998
female,50-54,15,-0.2888068119297434,-0.2887578817964551,-0.2887773989491099
female,50-54,16,-0.3940708304726439,-0.3940634456661207,-0.39408296281877553
female,50-54,17,-0.5200689658237199,-0.5200488433649421,-0.5200683605175969
female,50-54,18,-0.6782776305455948,-0.6781867604866135,-0.6782062776392683
female,50-54,19,-0.6187752763485351,-0.6188950009677379,-0.6189145181203927
female,50-54,20,-1.3726405495191123,-1.3719008694802,-1.3719203866328549
female,50-54,21,-9.210340371976182,-1.3726405494357226,-1.3726600665883775
female,50-54,22,-9.210340371976182,-1.3726405495190481,-1.372660066671703
female,50-54,23,-9.210340371976182,-1.372640549519048,-1.3726600666717028
female,50-54,24,-9.210340371976182,-1.372640549519048,-1.3726600666717028
female,50-54,25,-9.210340371976182,-1.3726405495190481,-1.372660066671703
female,50-54,26,-9.210340371976182,-1.3726405495190481,-1.372660066671703
female,50-54,27,-9.210340371976182,-1.372640549519048,-1.3726600666717028
female,50-54,28,-9.210340371976182,-1.3726405495190481,-1.372660066671703
female,50-54,29,-9.210340371976182,-1.3726405495190481,-1.372660066671703
female,50-54,30,-9.210340371976182,-9.210340371976182,-9.210359889128837
female,50-54,31,-9.210340371976182,-9.210340371976182,-9.210359889128837
female,50-54,32,-9.210340371976182,-9.210340371976182,-9.210359889128837
female,50-54,33,-9.210340371976182,-9.210340371976182,-9.210359889128837
female,50-54,34,-9.210340371976182,-9.210340371976182,-9.210359889128837
female,50-54,35,-9.210340371976182,-9.210340371976182,-9.210359889128837
female,50-54,36,-9.210340371976182,-9.210340371976182,-9.210359889128837
female,50-54,37,-9.210340371976182,-9.210340371976182,-9.210359889128837
female,50-54,38,-9.210340371976182,-9.210340371976182,-9.210359889128837
female,50-54,39,-9.210340371976182,-9.210340371976182,-9.210359889128837
female,50-54,40,-9.210340371976182,-9.210340371976182,-9.210359889128837
female,50-54,41,-9.210340371976182,-9.210340371976182,-9.210359889128837
female,50-54,42,-9.210340371976182,-9.210340371976182,-9.210359889128837
female,50-54,43,-9.210340371976182,-9.210340371976182,-9.210359889128837
female,50-54,44,-9.210340371976182,-9.210340371976182,-9.210359889128837
female,50-54,45,-9.210340371976182,-9.210340371976182,-9.210359889128837
female,50-54,46,-9.210340371976182,-9.210340371976182,-9.210359889128837
female,50-54,47,-9.210340371976182,-9.210340371976182,-9.210359889128837
female,50-54,48,-9.210340371976182,-9.210340371976182,-9.210359889128837
female,50-54,49,-9.210340371976182,-9.210340371976182,-9.210359889128837
female,50-54,50,-9.210340371976182,-9.210340371976182,-9.210359889128837
female,50-54,51,-9.210340371976182,-9.210340371976182,-9.210359889128837
female,50-54,52,-9.210340371976182,-9.210340371976182,-9.210359889128837
female,55-59,-52,-9.210340371976182,-9.210340371976182,-9.210383196417853
female,55-59,-51,-9.210340371976182,-9.210340371976182,-9.210383196417853
female,55-59,-50,-9.210340371976182,-5.540119455066333,-5.540162279508003
female,55-59,-49,-9.210340371976182,-5.540119455066333,-5.540162279508003
female,55-59,-48,-9.210340371976182,-5.540119455066333,-5.540162279508003
female,55-59,-47,-9.210340371976182,-5.540119455066333,-5.540162279508003
female,55-59,-46,-9.210340371976182,-5.540119455066333,-5.540162279508003
female,55-59,-45,-9.210340371976182,-5.540119455066333,-5.540162279508003
female,55-59,-44,-9.210340371976182,-5.540119455066333,-5.540162279508003
female,55-59,-43,-9.210340371976182,-5.540119455066333,-5.540162279508003
female,55-59,-42,-9.210340371976182,-5.54011945502046,-5.54016227946213
female,55-59,-41,-5.540119455065594,-5.539712179943945,-5.539755004385615
female,55-59,-40,-5.061548564004682,-5.062121446979843,-5.062164271421513
female,55-59,-39,-10.959418021448155,-9.210340371976182,-9.210383196417853
female,55-59,-38,-4.769065255877021,-4.769515794360169,-4.769558618801839
female,55-59,-37,-5.4168639360476485,-5.4163095950350915,-5.416352419476762
female,55-59,-36,-4.752493613774908,-4.752753671659372,-4.752796496101042
female,55-59,-35,-5.090707276614659,-5.090668412610043,-5.090711237051713
female,55-59,-34,-5.439647268117657,-5.438893987927621,-5.438936812369291
female,55-59,-33,-4.387786408927025,-4.388250560935894,-4.3882933853775645
female,55-59,-32,-5.725490331372593,-5.7237427078413585,-5.723785532283029
female,55-59,-31,-4.494683820050195,-4.49494804136898,-4.49499086581065
female,55-59,-30,-4.552725784235067,-4.552776382389315,-4.552819206830985
female,55-59,-29,-4.804181532621756,-4.803753587813933,-4.803796412255603
female,55-59,-28,-4.0949257778109995,-4.095175544737202,-4.095218369178872
female,55-59,-27,-4.34439137547447,-4.34414272894872,-4.34418555339039
female,55-59,-26,-3.9593983644651134,-3.959418115765823,-3.959460940207493
female,55-59,-25,-3.698898815043925,-3.699003364782572,-3.699046189224242
female,55-59,-24,-3.7752312768200484,-3.7747193506529664,-3.7747621750946365
female,55-59,-23,-2.8429413526963194,-2.8433158497845783,-2.8433586742262484
female,55-59,-22,-3.545071194448557,-3.5443453297886958,-3.544388154230366
female,55-59,-21,-2.7840792306217588,-2.784267764956931,-2.784310589398601
female,55-59,-20,-2.7790627743213947,-2.7789094279753814,-2.7789522524170516
female,55-59,-19,-2.383965154284918,-2.383991576349338,-2.384034400791008
female,55-59,-18,-2.1409088826244256,-2.1408587586055576,-2.1409015830472278
female,55-59,-17,-1.812537102811744,-1.8125266202463106,-1.812569444687981
female,55-59,-16,-1.525645374637197,-1.5257321021728958,-1.5257749266145662
female,55-59,-15,-1.5263174281450975,-1.5262402464900164,-1.5262830709316868
female,55-59,-14,-1.3101451706216802,-1.3100983474046577,-1.310141171846328
female,55-59,-13,-1.004266113983505,-1.0042710143784999,-1.0043138388201702
female,55-59,-12,-0.7654832670172487,-0.7654557085307918,-0.7654985329724621
female,55-59,-11,-0.4944249935037705,-0.4943874090094682,-0.49443023345113846
female,55-59,-10,-0.18419536947011902,-0.18422125861920444,-0.1842640830608747
female,55-59,-9,-0.005638125590729565,-0.0056219909152828065,-0.00566481535695306
female,55-59,-8,0.1853203263269739,0.1853828145285849,0.18533999008691465
female,55-59,-7,0.48837949794618,0.4883409466186175,0.48829812217694724
female,55-59,-6,0.6208123507649754,0.6208664433462475,0.6208236189045773
female,55-59,-5,0.8690958930227369,0.8690788454212565,0.8690360209795862
female,55-59,-4,1.024756516605284,1.0247924437834728,1.0247496193418024
female,55-59,-3,1.2494336200067175,1.249430429215078,1.2493876047734076
female,55-59,-2,1.424481927350567,1.4245450444332362,1.4245022199915658
female,55-59,-1,1.7230867279755435,1.7231225419242227,1.7230797174825523
female,55-59,0,2.032437311445845,2.0323184538761527,2.0322756294344826
female,55-59,1,1.9398523561214516,1.9398589952244465,1.9398161707827761
female,55-59,2,1.8614263072937178,1.861408122246242,1.8613652978045716
female,55-59,3,1.7156624955160666,1.7156724516653228,1.7156296272236524
female,55-59,4,1.5776462580262947,1.5776559420631753,1.577613117621505
female,55-59,5,1.4465848404400465,1.4466050042917737,1.4465621798501034
female,55-59,6,1.3568723116422987,1.3568731348868774,1.356830310445207
female,55-59,7,1.2524944543890593,1.2524797768412903,1.25243695239962
female,55-59,8,1.071819715446828,1.0718623496736936,1.0718195252320233
female,55-59,9,0.984034601116056,0.9840415241239516,0.9839986996822814
female,55-59,10,0.9006308414970184,0.900601199539174,0.9005583750975037
female,55-59,11,0.6914326466972726,0.691490848807486,0.6914480243658158
female,55-59,12,0.5985331125399266,0.5985026342876018,0.5984598098459315
female,55-59,13,0.26049502111163303,0.2606644066542748,0.26062158221260456
female,55-59,14,0.20852612712691573,0.20851299738597523,0.20847017294430498
female,55-59,15,-0.05982463421770237,-0.05962137971865719,-0.059664204160327444
female,55-59,16,-9.210340371976182,-0.05982463419471935,-0.059867458636389606
female,55-59,17,-9.210340371976182,-0.05982463421761004,-0.059867458659280295
female,55-59,18,-9.210340371976182,-0.05982463421761016,-0.05986745865928041
female,55-59,19,-9.210340371976182,-0.05982463421761004,-0.059867458659280295
female,55-59,20,-9.210340371976182,-0.05982463421761004,-0.059867458659280295
female,55-59,21,-9.210340371976182,-0.059824634217609925,-0.05986745865928018
female,55-59,22,-9.210340371976182,-0.059824634217609925,-0.05986745865928018
female,55-59,23,-9.210340371976182,-0.059824634217609925,-0.05986745865928018
female,55-59,24,-9.210340371976182,-0.059824634217609925,-0.05986745865928018
female,55-59,25,-9.210340371976182,-9.210340371976182,-9.210383196417853
female,55-59,26,-9.210340371976182,-9.210340371976182,-9.210383196417853
female,55-59,27,-9.210340371976182,-9.210340371976182,-9.210383196417853
female,55-59,28,-9.210340371976182,-9.210340371976182,-9.210383196417853
female,55-59,29,-9.210340371976182,-9.210340371976182,-9.210383196417853
female,55-59,30,-9.210340371976182,-9.210340371976182,-9.210383196417853
female,55-59,31,-9.210340371976182,-9.210340371976182,-9.210383196417853
female,55-59,32,-9.210340371976182,-9.210340371976182,-9.210383196417853
female,55-59,33,-9.210340371976182,-9.210340371976182,-9.210383196417853
female,55-59,34,-9.210340371976182,-9.210340371976182,-9.210383196417853
female,55-59,35,-9.210340371976182,-9.210340371976182,-9.210383196417853
female,55-59,36,-9.210340371976182,-9.210340371976182,-9.210383196417853
female,55-59,37,-9.210340371976182,-9.210340371976182,-9.210383196417853
female,55-59,38,-9.210340371976182,-9.210340371976182,-9.210383196417853
female,55-59,39,-9.210340371976182,-9.210340371976182,-9.210383196417853
female,55-59,40,-9.210340371976182,-9.210340371976182,-9.210383196417853
female,55-59,41,-9.210340371976182,-9.210340371976182,-9.210383196417853
female,55-59,42,-9.210340371976182,-9.210340371976182,-9.210383196417853
female,55-59,43,-9.210340371976182,-9.210340371976182,-9.210383196417853
female,55-59,44,-9.210340371976182,-9.210340371976182,-9.210383196417853
female,55-59,45,-9.210340371976182,-9.210340371976182,-9.210383196417853
female,55-59,46,-9.210340371976182,-9.210340371976182,-9.210383196417853
female,55-59,47,-9.210340371976182,-9.210340371976182,-9.210383196417853
female,55-59,48,-9.210340371976182,-9.210340371976182,-9.210383196417853
female,55-59,49,-9.210340371976182,-9.210340371976182,-9.210383196417853
female,55-59,50,-9.210340371976182,-9.210340371976182,-9.210383196417853
female,55-59,51,-9.210340371976182,-9.210340371976182,-9.210383196417853
female,55-59,52,-9.210340371976182,-9.210340371976182,-9.210383196417853
female,60-70,-52,-9.210340371976182,-9.210340371976182,-9.213766767109313
female,60-70,-51,-9.210340371976182,-9.210340371976182,-9.213766767109313
female,60-70,-50,-9.210340371976182,-9.210340371976182,-9.213766767109313
female,60-70,-49,-6.64563318300095,-6.645554391339541,-6.648980786472671
female,60-70,-48,-6.079737162667616,-6.079792796161144,-6.083219191294274
female,60-70,-47,-5.9498234847054725,-5.949270836365889,-5.952697231499019
female,60-70,-46,-5.0519436348302245,-5.052437108605396,-5.055863503738526
female,60-70,-45,-6.911048888058208,-6.909419730203954,-6.912846125337084
female,60-70,-44,-6.7482932126428885,-6.747283090733761,-6.750709485866891
female,60-70,-43,-5.417025583050084,-5.417391198745268,-5.420817593878398
female,60-70,-42,-5.922363919288046,-5.921885758510972,-5.925312153644102
female,60-70,-41,-5.304163124042629,-5.304425162249104,-5.307851557382234
female,60-70,-40,-5.690038808172096,-5.68986243096285,-5.69328882609598
female,60-70,-39,-5.650648547758076,-5.650167551383362,-5.653593946516492
female,60-70,-38,-4.724780222096889,-4.7250787266658625,-4.728505121798992
female,60-70,-37,-5.053706957251516,-5.0536157525018846,-5.0570421476350145
female,60-70,-36,-5.210322375167823,-5.209758563420396,-5.2131849585535255
female,60-70,-35,-4.264828172193441,-4.265071084755792,-4.268497479888922
female,60-70,-34,-4.362123022682476,-4.362197065827364,-4.365623460960494
female,60-70,-33,-4.798924602949324,-4.798505972779683,-4.801932367912813
female,60-70,-32,-4.265950663716267,-4.266048669278303,-4.2694750644114325
female,60-70,-31,-4.126657979558048,-4.126679531403358,-4.130105926536488
female,60-70,-30,-4.056906592261002,-4.057010545048667,-4.060436940181797
female,60-70,-29,-4.3594512709230635,-4.358843450122312,-4.362269845255442
female,60-70,-28,-3.4378131045361364,-3.4380649507077194,-3.44149134584085
female,60-70,-27,-3.572851276694389,-3.572679131118413,-3.5761055262515433
female,60-70,-26,-3.2552470967136635,-3.2553945893893026,-3.258820984522433
female,60-70,-25,-3.436977921014366,-3.43673989776157,-3.4401662928947006
female,60-70,-24,-3.0170606917217873,-3.0169332226956693,-3.0203596178287997
female,60-70,-23,-2.448369303646677,-2.4485029941739533,-2.4519293893070837
female,60-70,-22,-2.400222663057489,-2.4001656265292466,-2.403592021662377
female,60-70,-21,-2.201327900372373,-2.2013534332362164,-2.2047798283693467
female,60-70,-20,-2.099920561606262,-2.099805874934735,-2.103232270067865
female,60-70,-19,-1.7284084581453245,-1.7284430909524187,-1.731869486085549
female,60-70,-18,-1.5330798771890508,-1.5330598749183078,-1.5364862700514381
female,60-70,-17,-1.319439466219049,-1.3194428411170716,-1.322869236250202
female,60-70,-16,-1.1523728222478822,-1.1523258964319274,-1.1557522915650578
female,60-70,-15,-0.8962085147261876,-0.8961963819207993,-0.8996227770539297
female,60-70,-14,-0.6656057419302728,-0.6656012517068716,-0.6690276468400019
female,60-70,-13,-0.47205138036467387,-0.4720203410159157,-0.47544673614904603
female,60-70,-12,-0.24137359607288386,-0.24139481260365317,-0.2448212077367835
female,60-70,-11,-0.11512272942376328,-0.11501866332336047,-0.1184450584564908
female,60-70,-10,0.23397847790655582,0.23395261271396153,0.2305262175808312
female,60-70,-9,0.4238914517776937,0.42388487770382166,0.42045848257069135
female,60-70,-8,0.5620364010462625,0.5620590451310886,0.5586326499979583
female,60-70,-7,0.7370186925383087,0.7370528933240937,0.7336264981909634
female,60-70,-6,0.9671226368758008,0.9671316776506818,0.9637052825175514
female,60-70,-5,1.1739719783404583,1.173950880861617,1.1705244857284867
female,60-70,-4,1.288542178645307,1.2885631244296334,1.285136729296503
female,60-70,-3,1.4449222258349297,1.4449527710573153,1.441526375924185
female,60-70,-2,1.6579620702776587,1.6580062151876933,1.654579820054563
female,60-70,-1,1.9439879651150673,1.944044723644185,1.9406183285110545
female,60-70,0,2.303435489837757,2.303314280884488,2.2998878857513576
female,60-70,1,2.2400342917930307,2.2400339616267226,2.2366075664935923
female,60-70,2,2.148992878379537,2.1490165599368054,2.145590164803675
female,60-70,3,2.1026406805418647,2.1026136325868383,2.099187237453708
female,60-70,4,1.9284905456318966,1.9285483196573874,1.925121924524257
female,60-70,5,1.8665795163421637,1.8665768343488163,1.863150439215686
female,60-70,6,1.754467759948138,1.754474595452399,1.7510482003192687
female,60-70,7,1.5794526392629729,1.5794981575610945,1.576071762427964
female,60-70,8,1.4206877755111118,1.4207402781611722,1.4173138830280418
female,60-70,9,1.2958084388661344,1.2958573004422533,1.292430905309123
female,60-70,10,1.1697393367122377,1.169829606617842,1.1664032114847116
female,60-70,11,-9.210340371976182,1.1697410478129449,1.1663146526798145
female,60-70,12,-9.210340371976182,1.169741047802972,1.1663146526698416
female,60-70,13,-9.210340371976182,1.169741047802972,1.1663146526698416
female,60-70,14,-9.210340371976182,1.169741047802972,1.1663146526698416
female,60-70,15,-9.210340371976182,1.169741047802972,1.1663146526698416
female,60-70,16,-9.210340371976182,1.169741047802972,1.1663146526698416
female,60-70,17,-9.210340371976182,1.169741047802972,1.1663146526698416
female,60-70,18,-9.210340371976182,1.169741047802972,1.1663146526698416
female,60-70,19,-9.210340371976182,1.169741047802972,1.1663146526698416
female,60-70,20,-9.210340371976182,-9.210340371976182,-9.213766767109313
female,60-70,21,-9.210340371976182,-9.210340371976182,-9.213766767109313
female,60-70,22,-9.210340371976182,-9.210340371976182,-9.213766767109313
female,60-70,23,-9.210340371976182,-9.210340371976182,-9.213766767109313
female,60-70,24,-9.210340371976182,-9.210340371976182,-9.213766767109313
female,60-70,25,-9.210340371976182,-9.210340371976182,-9.213766767109313
female,60-70,26,-9.210340371976182,-9.210340371976182,-9.213766767109313
female,60-70,27,-9.210340371976182,-9.210340371976182,-9.213766767109313
female,60-70,28,-9.210340371976182,-9.210340371976182,-9.213766767109313
female,60-70,29,-9.210340371976182,-9.210340371976182,-9.213766767109313
female,60-70,30,-9.210340371976182,-9.210340371976182,-9.213766767109313
female,60-70,31,-9.210340371976182,-9.210340371976182,-9.213766767109313
female,60-70,32,-9.210340371976182,-9.210340371976182,-9.213766767109313
female,60-70,33,-9.210340371976182,-9.210340371976182,-9.213766767109313
female,60-70,34,-9.210340371976182,-9.210340371976182,-9.213766767109313
female,60-70,35,-9.210340371976182,-9.210340371976182,-9.213766767109313
female,60-70,36,-9.210340371976182,-9.210340371976182,-9.213766767109313
female,60-70,37,-9.210340371976182,-9.210340371976182,-9.213766767109313
female,60-70,38,-9.210340371976182,-9.210340371976182,-9.213766767109313
female,60-70,39,-9.210340371976182,-9.210340371976182,-9.213766767109313
female,60-70,40,-9.210340371976182,-9.210340371976182,-9.213766767109313
female,60-70,41,-9.210340371976182,-9.210340371976182,-9.213766767109313
female,60-70,42,-9.210340371976182,-9.210340371976182,-9.213766767109313
female,60-70,43,-9.210340371976182,-9.210340371976182,-9.213766767109313
female,60-70,44,-9.210340371976182,-9.210340371976182,-9.213766767109313
female,60-70,45,-9.210340371976182,-9.210340371976182,-9.213766767109313
female,60-70,46,-9.210340371976182,-9.210340371976182,-9.213766767109313
female,60-70,47,-9.210340371976182,-9.210340371976182,-9.213766767109313
female,60-70,48,-9.210340371976182,-9.210340371976182,-9.213766767109313
female,60-70,49,-9.210340371976182,-9.210340371976182,-9.213766767109313
female,60-70,50,-9.210340371976182,-9.210340371976182,-9.213766767109313
female,60-70,51,-9.210340371976182,-9.210340371976182,-9.213766767109313
female,60-70,52,-9.210340371976182,-9.210340371976182,-9.213766767109313
