sex_s,race_s,race_c,edu_s,edu_c,multiplier,log,sides_alloc
male,hispanic,hispanic,hs_or_less,hs_or_less,1.5488,0.43747,50266.3
male,hispanic,hispanic,hs_or_less,some_college,1.0635,0.06156,14833.2
male,hispanic,hispanic,hs_or_less,bachelors,1.16,0.14845,5215.0
male,hispanic,hispanic,hs_or_less,graduate,1.0508,0.04956,1542.5
male,hispanic,hispanic,some_college,hs_or_less,0.7122,-0.33938,8400.2
male,hispanic,hispanic,some_college,some_college,0.7853,-0.2417,11786.9
male,hispanic,hispanic,some_college,bachelors,0.9136,-0.09037,4555.2
male,hispanic,hispanic,some_college,graduate,1.0481,0.04701,1648.0
male,hispanic,hispanic,bachelors,hs_or_less,0.7903,-0.23539,2653.0
male,hispanic,hispanic,bachelors,some_college,0.6415,-0.44395,2872.6
male,hispanic,hispanic,bachelors,bachelors,0.871,-0.13813,4944.0
male,hispanic,hispanic,bachelors,graduate,0.8305,-0.18574,1714.2
male,hispanic,hispanic,graduate,hs_or_less,0.8689,-0.14053,852.3
male,hispanic,hispanic,graduate,some_college,0.694,-0.3653,879.9
male,hispanic,hispanic,graduate,bachelors,0.7533,-0.28325,1435.0
male,hispanic,hispanic,graduate,graduate,0.9463,-0.05515,1783.1
male,hispanic,nh_white,hs_or_less,hs_or_less,0.7498,-0.28793,3816.5
male,hispanic,nh_white,hs_or_less,some_college,0.8664,-0.14335,3494.3
male,hispanic,nh_white,hs_or_less,bachelors,0.7664,-0.26604,1647.4
male,hispanic,nh_white,hs_or_less,graduate,0.7843,-0.24294,716.4
male,hispanic,nh_white,some_college,hs_or_less,0.9461,-0.05543,1744.6
male,hispanic,nh_white,some_college,some_college,0.9582,-0.04268,3987.0
male,hispanic,nh_white,some_college,bachelors,1.1121,0.10629,2620.9
male,hispanic,nh_white,some_college,graduate,1.1756,0.16181,1150.5
male,hispanic,nh_white,bachelors,hs_or_less,0.9505,-0.05078,492.4
male,hispanic,nh_white,bachelors,some_college,1.0063,0.00626,1235.8
male,hispanic,nh_white,bachelors,bachelors,1.2498,0.22296,3329.8
male,hispanic,nh_white,bachelors,graduate,1.2972,0.26017,1662.1
male,hispanic,nh_white,graduate,hs_or_less,0.9813,-0.01887,149.0
male,hispanic,nh_white,graduate,some_college,0.9889,-0.01117,363.4
male,hispanic,nh_white,graduate,bachelors,1.1925,0.17602,1091.8
male,hispanic,nh_white,graduate,graduate,1.2604,0.23144,1489.0
male,hispanic,nh_black,hs_or_less,hs_or_less,0.7386,-0.30299,330.3
male,hispanic,nh_black,hs_or_less,some_college,1.0569,0.05536,328.0
male,hispanic,nh_black,hs_or_less,bachelors,1.2875,0.25272,124.1
male,hispanic,nh_black,hs_or_less,graduate,1.224,0.20212,62.7
male,hispanic,nh_black,some_college,hs_or_less,0.7839,-0.24341,123.1
male,hispanic,nh_black,some_college,some_college,0.8837,-0.12364,276.7
male,hispanic,nh_black,some_college,bachelors,1.4908,0.39932,155.7
male,hispanic,nh_black,some_college,graduate,1.2289,0.20612,64.6
male,hispanic,nh_black,bachelors,hs_or_less,0.9131,-0.09096,40.7
male,hispanic,nh_black,bachelors,some_college,0.7512,-0.28611,62.8
male,hispanic,nh_black,bachelors,bachelors,1.2204,0.19916,138.8
male,hispanic,nh_black,bachelors,graduate,1.1212,0.11437,72.7
male,hispanic,nh_black,graduate,hs_or_less,0.9517,-0.04952,11.9
male,hispanic,nh_black,graduate,some_college,0.8185,-0.2003,17.7
male,hispanic,nh_black,graduate,bachelors,0.9246,-0.07835,33.3
male,hispanic,nh_black,graduate,graduate,0.9443,-0.05727,53.5
male,hispanic,nh_asian,hs_or_less,hs_or_less,0.5857,-0.53486,212.7
male,hispanic,nh_asian,hs_or_less,some_college,0.9012,-0.10401,246.2
male,hispanic,nh_asian,hs_or_less,bachelors,0.7026,-0.35299,192.2
male,hispanic,nh_asian,hs_or_less,graduate,0.5062,-0.68083,55.2
male,hispanic,nh_asian,some_college,hs_or_less,0.9817,-0.01844,136.3
male,hispanic,nh_asian,some_college,some_college,1.1804,0.16582,355.6
male,hispanic,nh_asian,some_college,bachelors,1.0728,0.07025,348.7
male,hispanic,nh_asian,some_college,graduate,0.7075,-0.34609,108.2
male,hispanic,nh_asian,bachelors,hs_or_less,1.3598,0.30733,62.1
male,hispanic,nh_asian,bachelors,some_college,1.2611,0.23201,116.8
male,hispanic,nh_asian,bachelors,bachelors,1.2501,0.22326,465.2
male,hispanic,nh_asian,bachelors,graduate,1.1089,0.10339,251.5
male,hispanic,nh_asian,graduate,hs_or_less,1.3847,0.32548,25.9
male,hispanic,nh_asian,graduate,some_college,1.324,0.28066,41.0
male,hispanic,nh_asian,graduate,bachelors,1.1675,0.15487,146.7
male,hispanic,nh_asian,graduate,graduate,1.1939,0.17719,239.0
male,hispanic,nh_aian,hs_or_less,hs_or_less,1.1273,0.1198,127.4
male,hispanic,nh_aian,hs_or_less,some_college,0.9637,-0.03695,63.7
male,hispanic,nh_aian,hs_or_less,bachelors,1.3196,0.27729,26.3
male,hispanic,nh_aian,hs_or_less,graduate,1.2512,0.22413,12.9
male,hispanic,nh_aian,some_college,hs_or_less,0.8626,-0.1478,30.2
male,hispanic,nh_aian,some_college,some_college,1.1856,0.17022,87.5
male,hispanic,nh_aian,some_college,bachelors,1.0276,0.02725,15.5
male,hispanic,nh_aian,some_college,graduate,1.1331,0.12493,9.3
male,hispanic,nh_aian,bachelors,hs_or_less,0.8404,-0.17385,4.3
male,hispanic,nh_aian,bachelors,some_college,0.8736,-0.13516,14.0
male,hispanic,nh_aian,bachelors,bachelors,0.7685,-0.26335,4.2
male,hispanic,nh_aian,bachelors,graduate,0.9901,-0.00991,5.8
male,hispanic,nh_aian,graduate,hs_or_less,1.0974,0.09295,6.6
male,hispanic,nh_aian,graduate,some_college,0.878,-0.13009,1.5
male,hispanic,nh_aian,graduate,bachelors,0.9758,-0.0245,4.8
male,hispanic,nh_aian,graduate,graduate,0.8905,-0.11599,1.7
male,hispanic,nh_nhpi,hs_or_less,hs_or_less,1.0538,0.05236,41.8
male,hispanic,nh_nhpi,hs_or_less,some_college,0.9767,-0.02355,18.9
male,hispanic,nh_nhpi,hs_or_less,bachelors,0.9295,-0.07316,2.2
male,hispanic,nh_nhpi,hs_or_less,graduate,0.9731,-0.0273,0.8
male,hispanic,nh_nhpi,some_college,hs_or_less,1.0935,0.08939,18.3
male,hispanic,nh_nhpi,some_college,some_college,1.0384,0.03771,23.1
male,hispanic,nh_nhpi,some_college,bachelors,1.0751,0.07241,7.7
male,hispanic,nh_nhpi,some_college,graduate,1.0022,0.00217,1.8
male,hispanic,nh_nhpi,bachelors,hs_or_less,0.9351,-0.06707,1.7
male,hispanic,nh_nhpi,bachelors,some_college,1.0618,0.05999,8.6
male,hispanic,nh_nhpi,bachelors,bachelors,0.9044,-0.10046,2.2
male,hispanic,nh_nhpi,bachelors,graduate,0.9941,-0.00589,2.1
male,hispanic,nh_nhpi,graduate,hs_or_less,0.9681,-0.03238,0.1
male,hispanic,nh_nhpi,graduate,some_college,0.9736,-0.02672,1.0
male,hispanic,nh_nhpi,graduate,bachelors,0.9733,-0.02702,1.1
male,hispanic,nh_nhpi,graduate,graduate,1.0718,0.0693,4.4
male,hispanic,nh_twoplus,hs_or_less,hs_or_less,0.8315,-0.18453,501.1
male,hispanic,nh_twoplus,hs_or_less,some_college,0.917,-0.08669,482.0
male,hispanic,nh_twoplus,hs_or_less,bachelors,0.879,-0.129,195.6
male,hispanic,nh_twoplus,hs_or_less,graduate,0.8358,-0.17933,72.0
male,hispanic,nh_twoplus,some_college,hs_or_less,0.7929,-0.23204,174.6
male,hispanic,nh_twoplus,some_college,some_college,1.0291,0.02867,577.4
male,hispanic,nh_twoplus,some_college,bachelors,1.0703,0.06793,272.1
male,hispanic,nh_twoplus,some_college,graduate,1.1343,0.12605,116.9
male,hispanic,nh_twoplus,bachelors,hs_or_less,1.0396,0.03884,68.8
male,hispanic,nh_twoplus,bachelors,some_college,1.1042,0.09911,188.0
male,hispanic,nh_twoplus,bachelors,bachelors,1.1384,0.12964,330.9
male,hispanic,nh_twoplus,bachelors,graduate,1.2523,0.22495,171.5
male,hispanic,nh_twoplus,graduate,hs_or_less,0.9111,-0.09305,13.7
male,hispanic,nh_twoplus,graduate,some_college,1.0654,0.06333,54.1
male,hispanic,nh_twoplus,graduate,bachelors,1.0754,0.07267,106.1
male,hispanic,nh_twoplus,graduate,graduate,1.052,0.05065,127.4
male,hispanic,nh_other,hs_or_less,hs_or_less,1.0761,0.07332,85.1
male,hispanic,nh_other,hs_or_less,some_college,0.9679,-0.03262,51.6
male,hispanic,nh_other,hs_or_less,bachelors,1.0234,0.02317,27.2
male,hispanic,nh_other,hs_or_less,graduate,1.0203,0.0201,12.5
male,hispanic,nh_other,some_college,hs_or_less,0.881,-0.12673,20.9
male,hispanic,nh_other,some_college,some_college,1.0094,0.00935,57.4
male,hispanic,nh_other,some_college,bachelors,1.1298,0.12202,35.2
male,hispanic,nh_other,some_college,graduate,1.0031,0.00308,12.4
male,hispanic,nh_other,bachelors,hs_or_less,1.163,0.15099,14.0
male,hispanic,nh_other,bachelors,some_college,0.917,-0.08661,12.8
male,hispanic,nh_other,bachelors,bachelors,0.8601,-0.15068,22.4
male,hispanic,nh_other,bachelors,graduate,1.0005,0.00045,16.1
male,hispanic,nh_other,graduate,hs_or_less,1.0995,0.09489,5.5
male,hispanic,nh_other,graduate,some_college,1.049,0.04784,6.8
male,hispanic,nh_other,graduate,bachelors,0.8754,-0.13303,5.6
male,hispanic,nh_other,graduate,graduate,0.9841,-0.01606,14.1
male,nh_white,hispanic,hs_or_less,hs_or_less,0.48,-0.73389,3286.4
male,nh_white,hispanic,hs_or_less,some_college,0.8863,-0.12073,2657.5
male,nh_white,hispanic,hs_or_less,bachelors,1.2551,0.22724,1197.3
male,nh_white,hispanic,hs_or_less,graduate,1.3576,0.30575,416.4
male,nh_white,hispanic,some_college,hs_or_less,0.5739,-0.55537,2146.1
male,nh_white,hispanic,some_college,some_college,0.8912,-0.11524,4178.0
male,nh_white,hispanic,some_college,bachelors,1.4796,0.39179,2296.6
male,nh_white,hispanic,some_college,graduate,1.7046,0.53335,861.6
male,nh_white,hispanic,bachelors,hs_or_less,0.5624,-0.57559,960.6
male,nh_white,hispanic,bachelors,some_college,0.8756,-0.13286,2053.5
male,nh_white,hispanic,bachelors,bachelors,1.3628,0.30954,4032.0
male,nh_white,hispanic,bachelors,graduate,1.6632,0.50874,1770.0
male,nh_white,hispanic,graduate,hs_or_less,0.6512,-0.42889,360.0
male,nh_white,hispanic,graduate,some_college,0.903,-0.10205,669.2
male,nh_white,hispanic,graduate,bachelors,1.2543,0.22656,1400.1
male,nh_white,hispanic,graduate,graduate,1.473,0.38733,1618.5
male,nh_white,nh_white,hs_or_less,hs_or_less,1.1705,0.15747,43374.3
male,nh_white,nh_white,hs_or_less,some_college,1.1403,0.1313,33185.9
male,nh_white,nh_white,hs_or_less,bachelors,1.0039,0.00391,15273.0
male,nh_white,nh_white,hs_or_less,graduate,0.9362,-0.06592,5924.6
male,nh_white,nh_white,some_college,hs_or_less,0.9217,-0.08157,18253.6
male,nh_white,nh_white,some_college,some_college,0.9266,-0.07628,40944.1
male,nh_white,nh_white,some_college,bachelors,1.0764,0.07361,26183.6
male,nh_white,nh_white,some_college,graduate,1.0697,0.06737,11003.0
male,nh_white,nh_white,bachelors,hs_or_less,0.8096,-0.21121,7224.1
male,nh_white,nh_white,bachelors,some_college,0.814,-0.20583,17136.4
male,nh_white,nh_white,bachelors,bachelors,1.0751,0.0724,48807.0
male,nh_white,nh_white,bachelors,graduate,1.1335,0.12532,24264.6
male,nh_white,nh_white,graduate,hs_or_less,0.7611,-0.27305,2246.0
male,nh_white,nh_white,graduate,some_college,0.724,-0.32296,5131.9
male,nh_white,nh_white,graduate,bachelors,0.9655,-0.0351,16848.8
male,nh_white,nh_white,graduate,graduate,0.9599,-0.04092,21625.7
male,nh_white,nh_black,hs_or_less,hs_or_less,0.7313,-0.31287,465.5
male,nh_white,nh_black,hs_or_less,some_college,0.9895,-0.01056,425.8
male,nh_white,nh_black,hs_or_less,bachelors,1.2982,0.26098,169.7
male,nh_white,nh_black,hs_or_less,graduate,1.368,0.31337,94.0
male,nh_white,nh_black,some_college,hs_or_less,0.6981,-0.35933,235.9
male,nh_white,nh_black,some_college,some_college,0.7668,-0.26556,503.8
male,nh_white,nh_black,some_college,bachelors,1.3593,0.30699,281.3
male,nh_white,nh_black,some_college,graduate,1.2516,0.22441,132.5
male,nh_white,nh_black,bachelors,hs_or_less,0.8421,-0.17186,131.6
male,nh_white,nh_black,bachelors,some_college,0.876,-0.13233,279.8
male,nh_white,nh_black,bachelors,bachelors,1.1614,0.14966,432.7
male,nh_white,nh_black,bachelors,graduate,1.1099,0.10424,231.0
male,nh_white,nh_black,graduate,hs_or_less,0.9729,-0.02751,52.1
male,nh_white,nh_black,graduate,some_college,0.8746,-0.13399,93.9
male,nh_white,nh_black,graduate,bachelors,1.0777,0.07483,161.8
male,nh_white,nh_black,graduate,graduate,0.9777,-0.02251,217.2
male,nh_white,nh_asian,hs_or_less,hs_or_less,0.5328,-0.62966,484.2
male,nh_white,nh_asian,hs_or_less,some_college,0.6551,-0.4229,420.1
male,nh_white,nh_asian,hs_or_less,bachelors,0.7477,-0.29076,491.1
male,nh_white,nh_asian,hs_or_less,graduate,0.521,-0.65199,154.3
male,nh_white,nh_asian,some_college,hs_or_less,0.8909,-0.11558,441.0
male,nh_white,nh_asian,some_college,some_college,0.8786,-0.12942,885.4
male,nh_white,nh_asian,some_college,bachelors,1.0194,0.01917,1102.9
male,nh_white,nh_asian,some_college,graduate,0.7552,-0.28074,415.5
male,nh_white,nh_asian,bachelors,hs_or_less,1.4078,0.34205,320.0
male,nh_white,nh_asian,bachelors,some_college,1.2141,0.19396,606.3
male,nh_white,nh_asian,bachelors,bachelors,1.1013,0.09649,2278.7
male,nh_white,nh_asian,bachelors,graduate,1.1136,0.10758,1382.5
male,nh_white,nh_asian,graduate,hs_or_less,1.8505,0.61548,155.3
male,nh_white,nh_asian,graduate,some_college,1.6276,0.48713,265.3
male,nh_white,nh_asian,graduate,bachelors,1.3755,0.3188,1059.2
male,nh_white,nh_asian,graduate,graduate,1.4047,0.33984,1723.5
male,nh_white,nh_aian,hs_or_less,hs_or_less,1.1579,0.1466,337.1
male,nh_white,nh_aian,hs_or_less,some_college,1.2794,0.24642,231.3
male,nh_white,nh_aian,hs_or_less,bachelors,1.4992,0.40495,64.3
male,nh_white,nh_aian,hs_or_less,graduate,1.2322,0.20881,21.3
male,nh_white,nh_aian,some_college,hs_or_less,0.9884,-0.01171,154.8
male,nh_white,nh_aian,some_college,some_college,0.8845,-0.12278,235.1
male,nh_white,nh_aian,some_college,bachelors,1.4588,0.37762,92.1
male,nh_white,nh_aian,some_college,graduate,1.3228,0.27975,34.0
male,nh_white,nh_aian,bachelors,hs_or_less,0.6566,-0.42067,34.8
male,nh_white,nh_aian,bachelors,some_college,0.7382,-0.30353,87.4
male,nh_white,nh_aian,bachelors,bachelors,0.9584,-0.04247,95.6
male,nh_white,nh_aian,bachelors,graduate,1.0852,0.0818,43.9
male,nh_white,nh_aian,graduate,hs_or_less,0.965,-0.03558,22.0
male,nh_white,nh_aian,graduate,some_college,0.6734,-0.39548,18.0
male,nh_white,nh_aian,graduate,bachelors,0.8009,-0.22201,25.7
male,nh_white,nh_aian,graduate,graduate,0.8241,-0.19349,28.7
male,nh_white,nh_nhpi,hs_or_less,hs_or_less,0.7869,-0.2396,33.4
male,nh_white,nh_nhpi,hs_or_less,some_college,1.1231,0.11608,34.3
male,nh_white,nh_nhpi,hs_or_less,bachelors,1.2679,0.23739,15.4
male,nh_white,nh_nhpi,hs_or_less,graduate,1.0943,0.09015,5.1
male,nh_white,nh_nhpi,some_college,hs_or_less,0.879,-0.12898,21.2
male,nh_white,nh_nhpi,some_college,some_college,0.9389,-0.06307,38.1
male,nh_white,nh_nhpi,some_college,bachelors,1.3096,0.2697,21.8
male,nh_white,nh_nhpi,some_college,graduate,1.1723,0.15897,9.1
male,nh_white,nh_nhpi,bachelors,hs_or_less,0.8767,-0.13159,7.8
male,nh_white,nh_nhpi,bachelors,some_college,0.8374,-0.17741,12.2
male,nh_white,nh_nhpi,bachelors,bachelors,0.987,-0.0131,18.5
male,nh_white,nh_nhpi,bachelors,graduate,1.0076,0.00761,7.8
male,nh_white,nh_nhpi,graduate,hs_or_less,0.95,-0.05127,2.6
male,nh_white,nh_nhpi,graduate,some_college,1.0643,0.06233,9.4
male,nh_white,nh_nhpi,graduate,bachelors,0.9456,-0.0559,5.4
male,nh_white,nh_nhpi,graduate,graduate,0.9218,-0.08138,4.6
male,nh_white,nh_twoplus,hs_or_less,hs_or_less,1.1059,0.10067,1891.2
male,nh_white,nh_twoplus,hs_or_less,some_college,1.2081,0.18902,1762.6
male,nh_white,nh_twoplus,hs_or_less,bachelors,1.0653,0.06325,656.4
male,nh_white,nh_twoplus,hs_or_less,graduate,0.9029,-0.10212,216.6
male,nh_white,nh_twoplus,some_college,hs_or_less,0.9187,-0.08481,853.1
male,nh_white,nh_twoplus,some_college,some_college,0.9004,-0.10491,2032.8
male,nh_white,nh_twoplus,some_college,bachelors,1.1758,0.16194,1180.0
male,nh_white,nh_twoplus,some_college,graduate,1.1692,0.1563,475.5
male,nh_white,nh_twoplus,bachelors,hs_or_less,0.8336,-0.18195,358.0
male,nh_white,nh_twoplus,bachelors,some_college,0.8749,-0.13365,972.9
male,nh_white,nh_twoplus,bachelors,bachelors,1.1783,0.16404,2255.9
male,nh_white,nh_twoplus,bachelors,graduate,1.2733,0.24162,1098.9
male,nh_white,nh_twoplus,graduate,hs_or_less,0.7276,-0.318,89.1
male,nh_white,nh_twoplus,graduate,some_college,0.7928,-0.23218,282.0
male,nh_white,nh_twoplus,graduate,bachelors,1.0184,0.01826,730.5
male,nh_white,nh_twoplus,graduate,graduate,1.048,0.0469,930.4
male,nh_white,nh_other,hs_or_less,hs_or_less,0.794,-0.23068,50.2
male,nh_white,nh_other,hs_or_less,some_college,0.6904,-0.37046,23.5
male,nh_white,nh_other,hs_or_less,bachelors,1.282,0.24845,37.9
male,nh_white,nh_other,hs_or_less,graduate,1.0781,0.07521,13.7
male,nh_white,nh_other,some_college,hs_or_less,0.8372,-0.17763,27.4
male,nh_white,nh_other,some_college,some_college,0.929,-0.07362,70.5
male,nh_white,nh_other,some_college,bachelors,1.0329,0.03235,40.3
male,nh_white,nh_other,some_college,graduate,1.0207,0.02045,18.1
male,nh_white,nh_other,bachelors,hs_or_less,1.0396,0.03885,20.0
male,nh_white,nh_other,bachelors,some_college,0.9244,-0.07862,32.8
male,nh_white,nh_other,bachelors,bachelors,1.143,0.13362,85.0
male,nh_white,nh_other,bachelors,graduate,0.9598,-0.04106,33.0
male,nh_white,nh_other,graduate,hs_or_less,1.1921,0.17574,12.5
male,nh_white,nh_other,graduate,some_college,1.0229,0.02264,13.8
male,nh_white,nh_other,graduate,bachelors,1.1786,0.16433,38.0
male,nh_white,nh_other,graduate,graduate,1.0622,0.06035,41.9
male,nh_black,hispanic,hs_or_less,hs_or_less,0.6021,-0.50733,1146.2
male,nh_black,hispanic,hs_or_less,some_college,1.0095,0.00944,826.7
male,nh_black,hispanic,hs_or_less,bachelors,0.9042,-0.10076,229.8
male,nh_black,hispanic,hs_or_less,graduate,1.2583,0.2298,112.9
male,nh_black,hispanic,some_college,hs_or_less,0.7495,-0.28833,641.7
male,nh_black,hispanic,some_college,some_college,1.0484,0.04726,1121.7
male,nh_black,hispanic,some_college,bachelors,1.1425,0.13319,407.4
male,nh_black,hispanic,some_college,graduate,1.221,0.19963,146.1
male,nh_black,hispanic,bachelors,hs_or_less,0.809,-0.21197,193.6
male,nh_black,hispanic,bachelors,some_college,0.9548,-0.0463,306.9
male,nh_black,hispanic,bachelors,bachelors,1.0208,0.02057,414.8
male,nh_black,hispanic,bachelors,graduate,1.4486,0.3706,231.1
male,nh_black,hispanic,graduate,hs_or_less,1.0395,0.03878,81.5
male,nh_black,hispanic,graduate,some_college,1.0446,0.04366,104.6
male,nh_black,hispanic,graduate,bachelors,0.8821,-0.1255,125.6
male,nh_black,hispanic,graduate,graduate,1.2004,0.18267,181.7
male,nh_black,nh_white,hs_or_less,hs_or_less,1.1826,0.16767,2293.8
male,nh_black,nh_white,hs_or_less,some_college,1.0907,0.08677,1648.6
male,nh_black,nh_white,hs_or_less,bachelors,0.8068,-0.21468,618.6
male,nh_black,nh_white,hs_or_less,graduate,1.0033,0.00331,333.3
male,nh_black,nh_white,some_college,hs_or_less,1.2321,0.20874,1051.1
male,nh_black,nh_white,some_college,some_college,0.948,-0.05338,1783.3
male,nh_black,nh_white,some_college,bachelors,0.9068,-0.09788,934.9
male,nh_black,nh_white,some_college,graduate,1.0922,0.08819,485.4
male,nh_black,nh_white,bachelors,hs_or_less,1.1131,0.10715,264.5
male,nh_black,nh_white,bachelors,some_college,1.0399,0.03912,572.6
male,nh_black,nh_white,bachelors,bachelors,0.9139,-0.09008,1061.3
male,nh_black,nh_white,bachelors,graduate,1.042,0.04113,597.9
male,nh_black,nh_white,graduate,hs_or_less,1.1078,0.10237,84.7
male,nh_black,nh_white,graduate,some_college,1.0118,0.01178,178.6
male,nh_black,nh_white,graduate,bachelors,0.7366,-0.30577,305.9
male,nh_black,nh_white,graduate,graduate,0.8988,-0.1067,500.7
male,nh_black,nh_black,hs_or_less,hs_or_less,1.0645,0.06248,11792.5
male,nh_black,nh_black,hs_or_less,some_college,1.1037,0.09865,8069.3
male,nh_black,nh_black,hs_or_less,bachelors,1.3008,0.26296,2737.7
male,nh_black,nh_black,hs_or_less,graduate,1.3498,0.29993,1451.7
male,nh_black,nh_black,some_college,hs_or_less,0.7639,-0.26936,3775.8
male,nh_black,nh_black,some_college,some_college,0.8492,-0.1635,7906.5
male,nh_black,nh_black,some_college,bachelors,1.1157,0.10944,3117.0
male,nh_black,nh_black,some_college,graduate,1.27,0.23903,1801.3
male,nh_black,nh_black,bachelors,hs_or_less,0.8474,-0.16558,1185.4
male,nh_black,nh_black,bachelors,some_college,0.7231,-0.32426,2010.0
male,nh_black,nh_black,bachelors,bachelors,0.9393,-0.06259,2964.1
male,nh_black,nh_black,bachelors,graduate,0.9788,-0.02146,1796.0
male,nh_black,nh_black,graduate,hs_or_less,1.1606,0.14892,519.6
male,nh_black,nh_black,graduate,some_college,0.847,-0.16609,767.4
male,nh_black,nh_black,graduate,bachelors,0.9284,-0.07424,1110.8
male,nh_black,nh_black,graduate,graduate,1.0322,0.03168,1899.9
male,nh_black,nh_asian,hs_or_less,hs_or_less,0.8173,-0.20178,113.0
male,nh_black,nh_asian,hs_or_less,some_college,0.7709,-0.26018,67.5
male,nh_black,nh_asian,hs_or_less,bachelors,0.8026,-0.21995,72.1
male,nh_black,nh_asian,hs_or_less,graduate,0.7194,-0.32941,25.7
male,nh_black,nh_asian,some_college,hs_or_less,1.0309,0.03038,65.7
male,nh_black,nh_asian,some_college,some_college,1.2283,0.2056,159.5
male,nh_black,nh_asian,some_college,bachelors,1.0143,0.01425,136.4
male,nh_black,nh_asian,some_college,graduate,0.6969,-0.36105,37.6
male,nh_black,nh_asian,bachelors,hs_or_less,1.6402,0.49483,43.3
male,nh_black,nh_asian,bachelors,some_college,1.2699,0.23893,53.9
male,nh_black,nh_asian,bachelors,bachelors,0.8715,-0.1375,129.0
male,nh_black,nh_asian,bachelors,graduate,0.921,-0.08231,84.0
male,nh_black,nh_asian,graduate,hs_or_less,1.2455,0.21956,13.5
male,nh_black,nh_asian,graduate,some_college,1.3756,0.31892,25.1
male,nh_black,nh_asian,graduate,bachelors,0.9936,-0.00644,54.0
male,nh_black,nh_asian,graduate,graduate,1.0789,0.07595,96.8
male,nh_black,nh_aian,hs_or_less,hs_or_less,1.124,0.11692,58.8
male,nh_black,nh_aian,hs_or_less,some_college,1.2462,0.22009,44.1
male,nh_black,nh_aian,hs_or_less,bachelors,1.1067,0.10137,9.7
male,nh_black,nh_aian,hs_or_less,graduate,0.9769,-0.02335,1.4
male,nh_black,nh_aian,some_college,hs_or_less,0.9997,-0.00026,22.1
male,nh_black,nh_aian,some_college,some_college,0.8412,-0.17295,26.7
male,nh_black,nh_aian,some_college,bachelors,0.858,-0.15314,2.0
male,nh_black,nh_aian,some_college,graduate,0.9526,-0.04852,1.1
male,nh_black,nh_aian,bachelors,hs_or_less,1.1104,0.10469,10.2
male,nh_black,nh_aian,bachelors,some_college,0.9557,-0.04527,9.5
male,nh_black,nh_aian,bachelors,bachelors,1.0296,0.02915,9.9
male,nh_black,nh_aian,bachelors,graduate,0.9395,-0.06244,1.3
male,nh_black,nh_aian,graduate,hs_or_less,0.9786,-0.02166,1.3
male,nh_black,nh_aian,graduate,some_college,1.0503,0.04904,5.4
male,nh_black,nh_aian,graduate,bachelors,0.9812,-0.019,2.7
male,nh_black,nh_aian,graduate,graduate,0.9279,-0.0748,1.0
male,nh_black,nh_nhpi,hs_or_less,hs_or_less,0.9536,-0.04746,26.1
male,nh_black,nh_nhpi,hs_or_less,some_college,1.0288,0.02844,16.6
male,nh_black,nh_nhpi,hs_or_less,bachelors,1.1024,0.09746,6.9
male,nh_black,nh_nhpi,hs_or_less,graduate,1.0386,0.03785,2.4
male,nh_black,nh_nhpi,some_college,hs_or_less,1.335,0.2889,26.6
male,nh_black,nh_nhpi,some_college,some_college,0.8587,-0.15235,12.2
male,nh_black,nh_nhpi,some_college,bachelors,1.0381,0.03736,6.1
male,nh_black,nh_nhpi,some_college,graduate,0.9791,-0.02115,1.0
male,nh_black,nh_nhpi,bachelors,hs_or_less,0.898,-0.10756,0.1
male,nh_black,nh_nhpi,bachelors,some_college,0.9675,-0.03306,4.7
male,nh_black,nh_nhpi,bachelors,bachelors,0.9421,-0.0596,3.3
male,nh_black,nh_nhpi,bachelors,graduate,0.9522,-0.04894,0.6
male,nh_black,nh_nhpi,graduate,hs_or_less,1.0468,0.04578,2.6
male,nh_black,nh_nhpi,graduate,some_college,0.9476,-0.05384,0.1
male,nh_black,nh_nhpi,graduate,bachelors,1.0505,0.04924,3.7
male,nh_black,nh_nhpi,graduate,graduate,0.9407,-0.06112,0.1
male,nh_black,nh_twoplus,hs_or_less,hs_or_less,0.9345,-0.06776,463.2
male,nh_black,nh_twoplus,hs_or_less,some_college,1.2346,0.21079,529.9
male,nh_black,nh_twoplus,hs_or_less,bachelors,0.7442,-0.2954,122.3
male,nh_black,nh_twoplus,hs_or_less,graduate,1.2299,0.20694,95.3
male,nh_black,nh_twoplus,some_college,hs_or_less,0.911,-0.0932,202.6
male,nh_black,nh_twoplus,some_college,some_college,0.9902,-0.00988,541.6
male,nh_black,nh_twoplus,some_college,bachelors,1.0572,0.05567,257.5
male,nh_black,nh_twoplus,some_college,graduate,1.3023,0.26414,136.4
male,nh_black,nh_twoplus,bachelors,hs_or_less,1.0156,0.01549,65.4
male,nh_black,nh_twoplus,bachelors,some_college,1.0656,0.06356,177.1
male,nh_black,nh_twoplus,bachelors,bachelors,0.876,-0.13239,239.2
male,nh_black,nh_twoplus,bachelors,graduate,1.1042,0.09911,146.9
male,nh_black,nh_twoplus,graduate,hs_or_less,0.9347,-0.06749,15.8
male,nh_black,nh_twoplus,graduate,some_college,0.9698,-0.03067,49.0
male,nh_black,nh_twoplus,graduate,bachelors,0.8119,-0.20833,75.0
male,nh_black,nh_twoplus,graduate,graduate,0.9885,-0.01157,124.2
male,nh_black,nh_other,hs_or_less,hs_or_less,0.9971,-0.00285,32.3
male,nh_black,nh_other,hs_or_less,some_college,0.8858,-0.12121,16.4
male,nh_black,nh_other,hs_or_less,bachelors,1.1007,0.0959,14.5
male,nh_black,nh_other,hs_or_less,graduate,0.9875,-0.0126,4.4
male,nh_black,nh_other,some_college,hs_or_less,1.1762,0.16232,22.1
male,nh_black,nh_other,some_college,some_college,1.0454,0.04438,31.6
male,nh_black,nh_other,some_college,bachelors,0.9108,-0.09339,9.9
male,nh_black,nh_other,some_college,graduate,0.9016,-0.10358,2.6
male,nh_black,nh_other,bachelors,hs_or_less,1.1029,0.09793,7.6
male,nh_black,nh_other,bachelors,some_college,0.9662,-0.03441,7.3
male,nh_black,nh_other,bachelors,bachelors,0.8803,-0.12755,10.1
male,nh_black,nh_other,bachelors,graduate,1.0798,0.07678,11.4
male,nh_black,nh_other,graduate,hs_or_less,1.0193,0.01911,1.9
male,nh_black,nh_other,graduate,some_college,1.0271,0.02675,3.7
male,nh_black,nh_other,graduate,bachelors,1.1425,0.13319,11.0
male,nh_black,nh_other,graduate,graduate,0.8514,-0.16082,2.0
male,nh_asian,hispanic,hs_or_less,hs_or_less,0.5589,-0.58181,116.6
male,nh_asian,hispanic,hs_or_less,some_college,1.0045,0.00451,99.6
male,nh_asian,hispanic,hs_or_less,bachelors,1.2066,0.18782,45.0
male,nh_asian,hispanic,hs_or_less,graduate,1.1293,0.12159,16.5
male,nh_asian,hispanic,some_college,hs_or_less,0.7437,-0.29611,107.5
male,nh_asian,hispanic,some_college,some_college,1.194,0.1773,227.7
male,nh_asian,hispanic,some_college,bachelors,1.5707,0.45155,112.1
male,nh_asian,hispanic,some_college,graduate,1.5127,0.41387,45.5
male,nh_asian,hispanic,bachelors,hs_or_less,0.7114,-0.34057,73.6
male,nh_asian,hispanic,bachelors,some_college,0.8436,-0.17011,123.3
male,nh_asian,hispanic,bachelors,bachelors,1.2817,0.24819,256.4
male,nh_asian,hispanic,bachelors,graduate,1.2022,0.18415,96.3
male,nh_asian,hispanic,graduate,hs_or_less,0.7792,-0.24948,39.1
male,nh_asian,hispanic,graduate,some_college,0.7228,-0.32462,48.2
male,nh_asian,hispanic,graduate,bachelors,1.003,0.00299,122.7
male,nh_asian,hispanic,graduate,graduate,1.1859,0.17054,146.1
male,nh_asian,nh_white,hs_or_less,hs_or_less,0.614,-0.48783,155.1
male,nh_asian,nh_white,hs_or_less,some_college,0.7307,-0.31382,148.8
male,nh_asian,nh_white,hs_or_less,bachelors,0.9111,-0.09309,102.5
male,nh_asian,nh_white,hs_or_less,graduate,1.1867,0.17117,67.3
male,nh_asian,nh_white,some_college,hs_or_less,0.7701,-0.26119,129.9
male,nh_asian,nh_white,some_college,some_college,0.8863,-0.12067,348.9
male,nh_asian,nh_white,some_college,bachelors,1.2434,0.21788,279.6
male,nh_asian,nh_white,some_college,graduate,1.1151,0.10898,114.0
male,nh_asian,nh_white,bachelors,hs_or_less,0.9541,-0.04697,122.5
male,nh_asian,nh_white,bachelors,some_college,0.9036,-0.10141,273.8
male,nh_asian,nh_white,bachelors,bachelors,1.3284,0.284,884.6
male,nh_asian,nh_white,bachelors,graduate,1.3294,0.28472,455.2
male,nh_asian,nh_white,graduate,hs_or_less,0.7982,-0.22534,44.9
male,nh_asian,nh_white,graduate,some_college,0.9454,-0.05615,148.6
male,nh_asian,nh_white,graduate,bachelors,1.316,0.27463,548.4
male,nh_asian,nh_white,graduate,graduate,1.439,0.36394,763.6
male,nh_asian,nh_black,hs_or_less,hs_or_less,0.8267,-0.19031,13.5
male,nh_asian,nh_black,hs_or_less,some_college,1.1981,0.18071,24.4
male,nh_asian,nh_black,hs_or_less,bachelors,1.1534,0.14274,9.7
male,nh_asian,nh_black,hs_or_less,graduate,0.9747,-0.02564,1.6
male,nh_asian,nh_black,some_college,hs_or_less,0.9061,-0.09863,10.7
male,nh_asian,nh_black,some_college,some_college,1.0175,0.01734,29.9
male,nh_asian,nh_black,some_college,bachelors,1.0409,0.04008,10.3
male,nh_asian,nh_black,some_college,graduate,1.1034,0.09843,8.2
male,nh_asian,nh_black,bachelors,hs_or_less,0.9699,-0.03061,10.1
male,nh_asian,nh_black,bachelors,some_college,0.8691,-0.14027,15.6
male,nh_asian,nh_black,bachelors,bachelors,1.1297,0.12193,33.1
male,nh_asian,nh_black,bachelors,graduate,0.8272,-0.18965,7.1
male,nh_asian,nh_black,graduate,hs_or_less,0.987,-0.01307,5.3
male,nh_asian,nh_black,graduate,some_college,1.1176,0.11115,17.0
male,nh_asian,nh_black,graduate,bachelors,1.0826,0.07939,20.1
male,nh_asian,nh_black,graduate,graduate,0.9016,-0.10361,18.7
male,nh_asian,nh_asian,hs_or_less,hs_or_less,2.4881,0.91153,3293.1
male,nh_asian,nh_asian,hs_or_less,some_college,1.2236,0.20177,1070.1
male,nh_asian,nh_asian,hs_or_less,bachelors,0.9034,-0.10164,838.7
male,nh_asian,nh_asian,hs_or_less,graduate,0.7029,-0.35253,346.7
male,nh_asian,nh_asian,some_college,hs_or_less,1.057,0.05541,891.8
male,nh_asian,nh_asian,some_college,some_college,0.979,-0.02123,1595.5
male,nh_asian,nh_asian,some_college,bachelors,0.786,-0.24084,1400.8
male,nh_asian,nh_asian,some_college,graduate,0.5344,-0.62664,510.6
male,nh_asian,nh_asian,bachelors,hs_or_less,1.4395,0.36431,869.8
male,nh_asian,nh_asian,bachelors,some_college,0.8232,-0.19452,1063.8
male,nh_asian,nh_asian,bachelors,bachelors,0.9943,-0.00573,5494.6
male,nh_asian,nh_asian,bachelors,graduate,0.7843,-0.24291,2796.0
male,nh_asian,nh_asian,graduate,hs_or_less,1.2474,0.2211,374.2
male,nh_asian,nh_asian,graduate,some_college,0.7427,-0.29745,490.6
male,nh_asian,nh_asian,graduate,bachelors,0.9875,-0.01258,3408.0
male,nh_asian,nh_asian,graduate,graduate,1.2818,0.24828,7299.3
male,nh_asian,nh_aian,hs_or_less,hs_or_less,1.0941,0.08991,7.9
male,nh_asian,nh_aian,hs_or_less,some_college,1.0204,0.0202,3.6
male,nh_asian,nh_aian,hs_or_less,bachelors,0.9816,-0.01859,0.0
male,nh_asian,nh_aian,hs_or_less,graduate,1.0329,0.0324,1.2
male,nh_asian,nh_aian,some_college,hs_or_less,0.9922,-0.00782,2.8
male,nh_asian,nh_aian,some_college,some_college,0.951,-0.05023,3.5
male,nh_asian,nh_aian,some_college,bachelors,0.9922,-0.0078,0.8
male,nh_asian,nh_aian,some_college,graduate,1.0215,0.02123,1.1
male,nh_asian,nh_aian,bachelors,hs_or_less,0.9893,-0.01072,2.0
male,nh_asian,nh_aian,bachelors,some_college,0.9802,-0.02002,3.5
male,nh_asian,nh_aian,bachelors,bachelors,1.0156,0.01548,3.8
male,nh_asian,nh_aian,bachelors,graduate,0.985,-0.01512,0.8
male,nh_asian,nh_aian,graduate,hs_or_less,0.9803,-0.01987,0.5
male,nh_asian,nh_aian,graduate,some_college,0.9567,-0.04422,0.8
male,nh_asian,nh_aian,graduate,bachelors,1.0296,0.0292,3.0
male,nh_asian,nh_aian,graduate,graduate,0.9861,-0.01401,1.5
male,nh_asian,nh_nhpi,hs_or_less,hs_or_less,0.9495,-0.05183,3.3
male,nh_asian,nh_nhpi,hs_or_less,some_college,1.018,0.01782,3.3
male,nh_asian,nh_nhpi,hs_or_less,bachelors,1.0268,0.02644,1.5
male,nh_asian,nh_nhpi,hs_or_less,graduate,1.0154,0.01528,0.7
male,nh_asian,nh_nhpi,some_college,hs_or_less,0.9894,-0.01066,3.0
male,nh_asian,nh_nhpi,some_college,some_college,1.0616,0.05981,7.1
male,nh_asian,nh_nhpi,some_college,bachelors,1.053,0.05164,2.9
male,nh_asian,nh_nhpi,some_college,graduate,0.986,-0.0141,0.0
male,nh_asian,nh_nhpi,bachelors,hs_or_less,0.9473,-0.05414,0.8
male,nh_asian,nh_nhpi,bachelors,some_college,1.0695,0.06716,6.4
male,nh_asian,nh_nhpi,bachelors,bachelors,0.9677,-0.03284,2.6
male,nh_asian,nh_nhpi,bachelors,graduate,1.0122,0.01209,1.9
male,nh_asian,nh_nhpi,graduate,hs_or_less,1.028,0.02766,2.2
male,nh_asian,nh_nhpi,graduate,some_college,0.9388,-0.06316,0.0
male,nh_asian,nh_nhpi,graduate,bachelors,0.9506,-0.05068,0.6
male,nh_asian,nh_nhpi,graduate,graduate,0.9995,-0.00049,2.4
male,nh_asian,nh_twoplus,hs_or_less,hs_or_less,0.9544,-0.04666,47.4
male,nh_asian,nh_twoplus,hs_or_less,some_college,0.9017,-0.10346,37.2
male,nh_asian,nh_twoplus,hs_or_less,bachelors,1.0954,0.0911,23.8
male,nh_asian,nh_twoplus,hs_or_less,graduate,1.1918,0.17544,15.4
male,nh_asian,nh_twoplus,some_college,hs_or_less,0.9497,-0.05164,30.5
male,nh_asian,nh_twoplus,some_college,some_college,1.0961,0.0918,94.4
male,nh_asian,nh_twoplus,some_college,bachelors,0.9827,-0.01747,35.7
male,nh_asian,nh_twoplus,some_college,graduate,0.9454,-0.05617,13.4
male,nh_asian,nh_twoplus,bachelors,hs_or_less,0.7842,-0.24305,12.7
male,nh_asian,nh_twoplus,bachelors,some_college,0.9409,-0.06094,61.6
male,nh_asian,nh_twoplus,bachelors,bachelors,1.438,0.36323,176.0
male,nh_asian,nh_twoplus,bachelors,graduate,1.0158,0.0157,57.4
male,nh_asian,nh_twoplus,graduate,hs_or_less,0.9153,-0.08851,9.2
male,nh_asian,nh_twoplus,graduate,some_college,0.8921,-0.11423,28.3
male,nh_asian,nh_twoplus,graduate,bachelors,1.097,0.09254,81.9
male,nh_asian,nh_twoplus,graduate,graduate,0.9533,-0.04778,82.7
male,nh_asian,nh_other,hs_or_less,hs_or_less,1.006,0.00597,3.3
male,nh_asian,nh_other,hs_or_less,some_college,0.9538,-0.04726,0.6
male,nh_asian,nh_other,hs_or_less,bachelors,1.0006,0.00057,1.1
male,nh_asian,nh_other,hs_or_less,graduate,0.9891,-0.01093,0.2
male,nh_asian,nh_other,some_college,hs_or_less,0.9622,-0.03858,0.8
male,nh_asian,nh_other,some_college,some_college,1.0369,0.03626,5.3
male,nh_asian,nh_other,some_college,bachelors,1.0629,0.06099,4.0
male,nh_asian,nh_other,some_college,graduate,1.011,0.01098,1.3
male,nh_asian,nh_other,bachelors,hs_or_less,0.9783,-0.02189,0.8
male,nh_asian,nh_other,bachelors,some_college,0.9624,-0.03835,1.9
male,nh_asian,nh_other,bachelors,bachelors,0.9588,-0.04207,4.5
male,nh_asian,nh_other,bachelors,graduate,1.0122,0.01215,3.6
male,nh_asian,nh_other,graduate,hs_or_less,1.0015,0.00147,0.8
male,nh_asian,nh_other,graduate,some_college,0.973,-0.02738,0.8
male,nh_asian,nh_other,graduate,bachelors,0.9405,-0.06138,1.7
male,nh_asian,nh_other,graduate,graduate,1.1729,0.15945,10.8
male,nh_aian,hispanic,hs_or_less,hs_or_less,1.0297,0.02926,79.9
male,nh_aian,hispanic,hs_or_less,some_college,1.0836,0.08033,39.6
male,nh_aian,hispanic,hs_or_less,bachelors,0.9402,-0.06171,8.0
male,nh_aian,hispanic,hs_or_less,graduate,1.0513,0.05004,4.9
male,nh_aian,hispanic,some_college,hs_or_less,1.0017,0.00168,27.3
male,nh_aian,hispanic,some_college,some_college,0.9156,-0.08816,28.1
male,nh_aian,hispanic,some_college,bachelors,1.0994,0.09475,15.1
male,nh_aian,hispanic,some_college,graduate,1.019,0.0188,4.2
male,nh_aian,hispanic,bachelors,hs_or_less,0.941,-0.06077,2.7
male,nh_aian,hispanic,bachelors,some_college,0.949,-0.05237,4.3
male,nh_aian,hispanic,bachelors,bachelors,0.9813,-0.01891,7.1
male,nh_aian,hispanic,bachelors,graduate,1.0599,0.05818,4.9
male,nh_aian,hispanic,graduate,hs_or_less,1.0005,0.00051,1.4
male,nh_aian,hispanic,graduate,some_college,0.963,-0.03773,0.5
male,nh_aian,hispanic,graduate,bachelors,0.963,-0.03774,1.3
male,nh_aian,hispanic,graduate,graduate,1.0239,0.02361,3.3
male,nh_aian,nh_white,hs_or_less,hs_or_less,1.1366,0.12803,205.9
male,nh_aian,nh_white,hs_or_less,some_college,1.1321,0.12408,163.0
male,nh_aian,nh_white,hs_or_less,bachelors,0.7867,-0.23988,49.5
male,nh_aian,nh_white,hs_or_less,graduate,0.8476,-0.16537,19.6
male,nh_aian,nh_white,some_college,hs_or_less,1.1837,0.16862,78.0
male,nh_aian,nh_white,some_college,some_college,1.0987,0.0941,153.9
male,nh_aian,nh_white,some_college,bachelors,0.9747,-0.02564,72.5
male,nh_aian,nh_white,some_college,graduate,0.9222,-0.08095,27.0
male,nh_aian,nh_white,bachelors,hs_or_less,1.3075,0.26811,22.5
male,nh_aian,nh_white,bachelors,some_college,1.0819,0.07876,29.8
male,nh_aian,nh_white,bachelors,bachelors,0.894,-0.11209,43.8
male,nh_aian,nh_white,bachelors,graduate,0.9336,-0.06867,22.1
male,nh_aian,nh_white,graduate,hs_or_less,0.9943,-0.00574,2.9
male,nh_aian,nh_white,graduate,some_college,1.0013,0.0013,7.5
male,nh_aian,nh_white,graduate,bachelors,0.9315,-0.07095,14.5
male,nh_aian,nh_white,graduate,graduate,0.9101,-0.09418,18.1
male,nh_aian,nh_black,hs_or_less,hs_or_less,0.9228,-0.08038,7.9
male,nh_aian,nh_black,hs_or_less,some_college,1.0213,0.02112,8.3
male,nh_aian,nh_black,hs_or_less,bachelors,1.0867,0.08315,4.9
male,nh_aian,nh_black,hs_or_less,graduate,1.073,0.07047,3.3
male,nh_aian,nh_black,some_college,hs_or_less,0.988,-0.01208,3.6
male,nh_aian,nh_black,some_college,some_college,1.0161,0.01602,8.2
male,nh_aian,nh_black,some_college,bachelors,0.9607,-0.04008,0.9
male,nh_aian,nh_black,some_college,graduate,0.9738,-0.02657,0.3
male,nh_aian,nh_black,bachelors,hs_or_less,0.994,-0.00597,0.5
male,nh_aian,nh_black,bachelors,some_college,0.9991,-0.0009,1.4
male,nh_aian,nh_black,bachelors,bachelors,1.0187,0.01853,2.2
male,nh_aian,nh_black,bachelors,graduate,0.9738,-0.02653,0.1
male,nh_aian,nh_black,graduate,hs_or_less,0.9953,-0.0047,0.1
male,nh_aian,nh_black,graduate,some_college,0.9867,-0.01341,0.0
male,nh_aian,nh_black,graduate,bachelors,1.0079,0.00788,0.8
male,nh_aian,nh_black,graduate,graduate,0.9935,-0.00655,0.6
male,nh_aian,nh_asian,hs_or_less,hs_or_less,1.0124,0.01236,7.5
male,nh_aian,nh_asian,hs_or_less,some_college,0.9847,-0.01545,4.5
male,nh_aian,nh_asian,hs_or_less,bachelors,0.9283,-0.07437,2.3
male,nh_aian,nh_asian,hs_or_less,graduate,0.9573,-0.0436,0.9
male,nh_aian,nh_asian,some_college,hs_or_less,1.0907,0.08685,5.3
male,nh_aian,nh_asian,some_college,some_college,1.1466,0.13681,9.7
male,nh_aian,nh_asian,some_college,bachelors,0.9052,-0.09959,1.6
male,nh_aian,nh_asian,some_college,graduate,0.944,-0.05759,0.7
male,nh_aian,nh_asian,bachelors,hs_or_less,0.987,-0.01306,0.0
male,nh_aian,nh_asian,bachelors,some_college,1.0635,0.06156,2.8
male,nh_aian,nh_asian,bachelors,bachelors,0.9927,-0.00731,3.4
male,nh_aian,nh_asian,bachelors,graduate,1.002,0.00201,2.2
male,nh_aian,nh_asian,graduate,hs_or_less,1.0106,0.01056,0.4
male,nh_aian,nh_asian,graduate,some_college,1.0063,0.00626,0.4
male,nh_aian,nh_asian,graduate,bachelors,0.9876,-0.0125,0.8
male,nh_aian,nh_asian,graduate,graduate,1.0071,0.00705,2.1
male,nh_aian,nh_aian,hs_or_less,hs_or_less,1.0367,0.036,272.6
male,nh_aian,nh_aian,hs_or_less,some_college,0.9513,-0.04996,149.5
male,nh_aian,nh_aian,hs_or_less,bachelors,1.0196,0.01946,32.1
male,nh_aian,nh_aian,hs_or_less,graduate,1.1262,0.11881,15.5
male,nh_aian,nh_aian,some_college,hs_or_less,0.8162,-0.20305,69.5
male,nh_aian,nh_aian,some_college,some_college,0.9238,-0.07924,145.6
male,nh_aian,nh_aian,some_college,bachelors,1.0251,0.02475,34.2
male,nh_aian,nh_aian,some_college,graduate,1.0065,0.00646,11.7
male,nh_aian,nh_aian,bachelors,hs_or_less,0.918,-0.08553,12.5
male,nh_aian,nh_aian,bachelors,some_college,0.9563,-0.04465,27.1
male,nh_aian,nh_aian,bachelors,bachelors,1.0015,0.00153,22.9
male,nh_aian,nh_aian,bachelors,graduate,1.1064,0.10112,13.4
male,nh_aian,nh_aian,graduate,hs_or_less,1.0088,0.00875,5.0
male,nh_aian,nh_aian,graduate,some_college,1.1056,0.1004,12.8
male,nh_aian,nh_aian,graduate,bachelors,1.0412,0.04039,9.5
male,nh_aian,nh_aian,graduate,graduate,1.0038,0.00381,8.5
male,nh_aian,nh_nhpi,hs_or_less,hs_or_less,0.9673,-0.03324,0.0
male,nh_aian,nh_nhpi,hs_or_less,some_college,0.9821,-0.01804,0.0
male,nh_aian,nh_nhpi,hs_or_less,bachelors,1.0178,0.01765,0.7
male,nh_aian,nh_nhpi,hs_or_less,graduate,0.9986,-0.00141,0.0
male,nh_aian,nh_nhpi,some_college,hs_or_less,0.9884,-0.01168,0.0
male,nh_aian,nh_nhpi,some_college,some_college,0.9909,-0.0091,0.3
male,nh_aian,nh_nhpi,some_college,bachelors,0.9955,-0.0045,0.0
male,nh_aian,nh_nhpi,some_college,graduate,1.0535,0.05211,1.7
male,nh_aian,nh_nhpi,bachelors,hs_or_less,0.9978,-0.00223,0.0
male,nh_aian,nh_nhpi,bachelors,some_college,0.9965,-0.00349,0.0
male,nh_aian,nh_nhpi,bachelors,bachelors,1.0051,0.00512,0.3
male,nh_aian,nh_nhpi,bachelors,graduate,1.012,0.01197,0.4
male,nh_aian,nh_nhpi,graduate,hs_or_less,0.9994,-0.00063,0.0
male,nh_aian,nh_nhpi,graduate,some_college,0.999,-0.00101,0.0
male,nh_aian,nh_nhpi,graduate,bachelors,0.9989,-0.00108,0.0
male,nh_aian,nh_nhpi,graduate,graduate,0.9996,-0.00043,0.0
male,nh_aian,nh_twoplus,hs_or_less,hs_or_less,1.0821,0.0789,20.3
male,nh_aian,nh_twoplus,hs_or_less,some_college,1.1241,0.11702,19.2
male,nh_aian,nh_twoplus,hs_or_less,bachelors,0.8795,-0.12845,1.1
male,nh_aian,nh_twoplus,hs_or_less,graduate,0.9457,-0.05583,0.4
male,nh_aian,nh_twoplus,some_college,hs_or_less,1.0332,0.03269,6.9
male,nh_aian,nh_twoplus,some_college,some_college,0.964,-0.03665,12.1
male,nh_aian,nh_twoplus,some_college,bachelors,1.0241,0.02386,6.9
male,nh_aian,nh_twoplus,some_college,graduate,1.0137,0.01364,2.9
male,nh_aian,nh_twoplus,bachelors,hs_or_less,0.9972,-0.00279,0.9
male,nh_aian,nh_twoplus,bachelors,some_college,1.037,0.03637,3.8
male,nh_aian,nh_twoplus,bachelors,bachelors,0.9172,-0.08641,1.2
male,nh_aian,nh_twoplus,bachelors,graduate,0.9452,-0.0564,0.1
male,nh_aian,nh_twoplus,graduate,hs_or_less,0.9975,-0.00255,0.2
male,nh_aian,nh_twoplus,graduate,some_college,0.9989,-0.00106,0.7
male,nh_aian,nh_twoplus,graduate,bachelors,1.0556,0.05412,3.2
male,nh_aian,nh_twoplus,graduate,graduate,1.0136,0.01354,2.2
male,nh_aian,nh_other,hs_or_less,hs_or_less,0.9765,-0.02377,0.2
male,nh_aian,nh_other,hs_or_less,some_college,1.0158,0.01566,1.1
male,nh_aian,nh_other,hs_or_less,bachelors,0.9915,-0.00858,0.0
male,nh_aian,nh_other,hs_or_less,graduate,0.9959,-0.00413,0.0
male,nh_aian,nh_other,some_college,hs_or_less,0.9949,-0.00507,0.2
male,nh_aian,nh_other,some_college,some_college,0.9803,-0.01986,0.0
male,nh_aian,nh_other,some_college,bachelors,1.0335,0.03298,1.3
male,nh_aian,nh_other,some_college,graduate,0.9959,-0.00411,0.0
male,nh_aian,nh_other,bachelors,hs_or_less,0.9982,-0.0018,0.0
male,nh_aian,nh_other,bachelors,some_college,1.0139,0.01377,0.5
male,nh_aian,nh_other,bachelors,bachelors,0.993,-0.00702,0.0
male,nh_aian,nh_other,bachelors,graduate,0.9998,-0.00016,0.1
male,nh_aian,nh_other,graduate,hs_or_less,1.0036,0.00354,0.1
male,nh_aian,nh_other,graduate,some_college,1.0019,0.00193,0.1
male,nh_aian,nh_other,graduate,bachelors,1.0099,0.00988,0.4
male,nh_aian,nh_other,graduate,graduate,0.9967,-0.00327,0.0
male,nh_nhpi,hispanic,hs_or_less,hs_or_less,0.9058,-0.09889,41.8
male,nh_nhpi,hispanic,hs_or_less,some_college,1.1534,0.14271,30.4
male,nh_nhpi,hispanic,hs_or_less,bachelors,0.9293,-0.07329,4.4
male,nh_nhpi,hispanic,hs_or_less,graduate,0.957,-0.04393,0.7
male,nh_nhpi,hispanic,some_college,hs_or_less,0.9762,-0.02412,12.9
male,nh_nhpi,hispanic,some_college,some_college,0.918,-0.08556,13.6
male,nh_nhpi,hispanic,some_college,bachelors,0.9648,-0.03588,4.7
male,nh_nhpi,hispanic,some_college,graduate,1.0864,0.0829,4.7
male,nh_nhpi,hispanic,bachelors,hs_or_less,0.9513,-0.04995,1.5
male,nh_nhpi,hispanic,bachelors,some_college,1.3184,0.27639,14.2
male,nh_nhpi,hispanic,bachelors,bachelors,1.0265,0.02619,6.3
male,nh_nhpi,hispanic,bachelors,graduate,0.9522,-0.04901,0.3
male,nh_nhpi,hispanic,graduate,hs_or_less,0.9972,-0.00282,0.8
male,nh_nhpi,hispanic,graduate,some_college,0.9787,-0.0215,0.4
male,nh_nhpi,hispanic,graduate,bachelors,0.9818,-0.01837,1.0
male,nh_nhpi,hispanic,graduate,graduate,0.9753,-0.02497,0.7
male,nh_nhpi,nh_white,hs_or_less,hs_or_less,0.7873,-0.23909,40.2
male,nh_nhpi,nh_white,hs_or_less,some_college,0.9064,-0.09822,40.8
male,nh_nhpi,nh_white,hs_or_less,bachelors,0.9202,-0.08311,21.4
male,nh_nhpi,nh_white,hs_or_less,graduate,0.8397,-0.17477,3.3
male,nh_nhpi,nh_white,some_college,hs_or_less,1.1937,0.17702,25.3
male,nh_nhpi,nh_white,some_college,some_college,1.2485,0.22198,53.5
male,nh_nhpi,nh_white,some_college,bachelors,1.0142,0.01408,22.5
male,nh_nhpi,nh_white,some_college,graduate,0.9431,-0.05858,6.8
male,nh_nhpi,nh_white,bachelors,hs_or_less,1.1201,0.11344,7.7
male,nh_nhpi,nh_white,bachelors,some_college,1.1741,0.1605,15.5
male,nh_nhpi,nh_white,bachelors,bachelors,0.8488,-0.16398,11.2
male,nh_nhpi,nh_white,bachelors,graduate,1.1181,0.11162,13.7
male,nh_nhpi,nh_white,graduate,hs_or_less,1.0214,0.02122,1.7
male,nh_nhpi,nh_white,graduate,some_college,1.0053,0.0053,2.6
male,nh_nhpi,nh_white,graduate,bachelors,0.9651,-0.03557,4.4
male,nh_nhpi,nh_white,graduate,graduate,1.0285,0.02814,8.5
male,nh_nhpi,nh_black,hs_or_less,hs_or_less,0.8691,-0.1403,2.3
male,nh_nhpi,nh_black,hs_or_less,some_college,1.1557,0.14471,10.4
male,nh_nhpi,nh_black,hs_or_less,bachelors,1.0124,0.0123,1.9
male,nh_nhpi,nh_black,hs_or_less,graduate,0.9777,-0.02251,0.0
male,nh_nhpi,nh_black,some_college,hs_or_less,1.0547,0.05327,3.9
male,nh_nhpi,nh_black,some_college,some_college,1.0407,0.03989,5.6
male,nh_nhpi,nh_black,some_college,bachelors,0.985,-0.01508,0.8
male,nh_nhpi,nh_black,some_college,graduate,1.0016,0.00161,0.7
male,nh_nhpi,nh_black,bachelors,hs_or_less,0.9843,-0.01579,0.0
male,nh_nhpi,nh_black,bachelors,some_college,1.0168,0.01665,1.5
male,nh_nhpi,nh_black,bachelors,bachelors,0.9677,-0.03279,0.1
male,nh_nhpi,nh_black,bachelors,graduate,0.9798,-0.02038,0.0
male,nh_nhpi,nh_black,graduate,hs_or_less,0.9998,-0.00024,0.1
male,nh_nhpi,nh_black,graduate,some_college,0.9928,-0.00723,0.0
male,nh_nhpi,nh_black,graduate,bachelors,0.9889,-0.01121,0.0
male,nh_nhpi,nh_black,graduate,graduate,0.9971,-0.00292,0.5
male,nh_nhpi,nh_asian,hs_or_less,hs_or_less,0.9916,-0.00847,15.6
male,nh_nhpi,nh_asian,hs_or_less,some_college,1.0992,0.0946,16.3
male,nh_nhpi,nh_asian,hs_or_less,bachelors,0.9482,-0.05319,10.1
male,nh_nhpi,nh_asian,hs_or_less,graduate,1.0892,0.08543,9.3
male,nh_nhpi,nh_asian,some_college,hs_or_less,0.9497,-0.05158,2.5
male,nh_nhpi,nh_asian,some_college,some_college,0.9729,-0.02748,8.0
male,nh_nhpi,nh_asian,some_college,bachelors,0.8558,-0.1557,4.0
male,nh_nhpi,nh_asian,some_college,graduate,0.9649,-0.03573,4.2
male,nh_nhpi,nh_asian,bachelors,hs_or_less,0.9796,-0.02066,0.3
male,nh_nhpi,nh_asian,bachelors,some_college,0.9801,-0.02005,1.6
male,nh_nhpi,nh_asian,bachelors,bachelors,0.9669,-0.03368,7.8
male,nh_nhpi,nh_asian,bachelors,graduate,1.0583,0.05664,7.6
male,nh_nhpi,nh_asian,graduate,hs_or_less,1.0387,0.038,1.4
male,nh_nhpi,nh_asian,graduate,some_college,1.0887,0.08496,3.2
male,nh_nhpi,nh_asian,graduate,bachelors,1.1105,0.10478,6.2
male,nh_nhpi,nh_asian,graduate,graduate,0.9438,-0.05788,2.1
male,nh_nhpi,nh_aian,hs_or_less,hs_or_less,1.0378,0.0371,4.3
male,nh_nhpi,nh_aian,hs_or_less,some_college,1.0,-3e-05,1.9
male,nh_nhpi,nh_aian,hs_or_less,bachelors,1.0009,0.00087,0.4
male,nh_nhpi,nh_aian,hs_or_less,graduate,0.9996,-0.00043,0.1
male,nh_nhpi,nh_aian,some_college,hs_or_less,0.9884,-0.0117,0.5
male,nh_nhpi,nh_aian,some_college,some_college,0.9978,-0.00219,1.4
male,nh_nhpi,nh_aian,some_college,bachelors,0.99,-0.01006,0.0
male,nh_nhpi,nh_aian,some_college,graduate,0.9966,-0.00338,0.0
male,nh_nhpi,nh_aian,bachelors,hs_or_less,0.9946,-0.00541,0.0
male,nh_nhpi,nh_aian,bachelors,some_college,1.0013,0.00128,0.4
male,nh_nhpi,nh_aian,bachelors,bachelors,0.9975,-0.00253,0.2
male,nh_nhpi,nh_aian,bachelors,graduate,0.9966,-0.00343,0.0
male,nh_nhpi,nh_aian,graduate,hs_or_less,0.9983,-0.00166,0.0
male,nh_nhpi,nh_aian,graduate,some_college,1.0074,0.00741,0.3
male,nh_nhpi,nh_aian,graduate,bachelors,0.9972,-0.00281,0.0
male,nh_nhpi,nh_aian,graduate,graduate,0.997,-0.00305,0.0
male,nh_nhpi,nh_nhpi,hs_or_less,hs_or_less,1.3567,0.30503,266.6
male,nh_nhpi,nh_nhpi,hs_or_less,some_college,0.9352,-0.06699,91.3
male,nh_nhpi,nh_nhpi,hs_or_less,bachelors,1.1266,0.11918,30.0
male,nh_nhpi,nh_nhpi,hs_or_less,graduate,1.1418,0.13263,12.9
male,nh_nhpi,nh_nhpi,some_college,hs_or_less,1.0979,0.09343,62.5
male,nh_nhpi,nh_nhpi,some_college,some_college,0.9683,-0.03218,77.1
male,nh_nhpi,nh_nhpi,some_college,bachelors,0.9042,-0.10065,14.9
male,nh_nhpi,nh_nhpi,some_college,graduate,0.9472,-0.05429,4.8
male,nh_nhpi,nh_nhpi,bachelors,hs_or_less,0.9264,-0.07641,9.2
male,nh_nhpi,nh_nhpi,bachelors,some_college,0.876,-0.1324,12.9
male,nh_nhpi,nh_nhpi,bachelors,bachelors,0.9413,-0.0605,14.7
male,nh_nhpi,nh_nhpi,bachelors,graduate,0.9036,-0.10137,3.1
male,nh_nhpi,nh_nhpi,graduate,hs_or_less,1.0848,0.0814,5.9
male,nh_nhpi,nh_nhpi,graduate,some_college,0.9565,-0.04443,3.5
male,nh_nhpi,nh_nhpi,graduate,bachelors,0.9029,-0.1021,1.6
male,nh_nhpi,nh_nhpi,graduate,graduate,1.0393,0.03857,7.0
male,nh_nhpi,nh_twoplus,hs_or_less,hs_or_less,0.9137,-0.09029,15.5
male,nh_nhpi,nh_twoplus,hs_or_less,some_college,1.0442,0.04325,19.3
male,nh_nhpi,nh_twoplus,hs_or_less,bachelors,1.0642,0.06222,9.8
male,nh_nhpi,nh_twoplus,hs_or_less,graduate,1.0354,0.03476,4.0
male,nh_nhpi,nh_twoplus,some_college,hs_or_less,0.9402,-0.06169,3.3
male,nh_nhpi,nh_twoplus,some_college,some_college,1.0759,0.07313,16.8
male,nh_nhpi,nh_twoplus,some_college,bachelors,1.0564,0.05482,8.3
male,nh_nhpi,nh_twoplus,some_college,graduate,0.9705,-0.0299,1.5
male,nh_nhpi,nh_twoplus,bachelors,hs_or_less,1.0086,0.00861,1.6
male,nh_nhpi,nh_twoplus,bachelors,some_college,1.0151,0.01503,3.8
male,nh_nhpi,nh_twoplus,bachelors,bachelors,1.0072,0.00716,5.8
male,nh_nhpi,nh_twoplus,bachelors,graduate,0.9562,-0.04482,1.0
male,nh_nhpi,nh_twoplus,graduate,hs_or_less,0.9901,-0.00998,0.0
male,nh_nhpi,nh_twoplus,graduate,some_college,0.9889,-0.01117,0.5
male,nh_nhpi,nh_twoplus,graduate,bachelors,0.9547,-0.04634,0.1
male,nh_nhpi,nh_twoplus,graduate,graduate,0.9952,-0.00481,1.8
male,nh_nhpi,nh_other,hs_or_less,hs_or_less,0.989,-0.01105,0.1
male,nh_nhpi,nh_other,hs_or_less,some_college,0.9908,-0.00929,0.0
male,nh_nhpi,nh_other,hs_or_less,bachelors,0.9956,-0.00439,0.0
male,nh_nhpi,nh_other,hs_or_less,graduate,1.0021,0.00214,0.1
male,nh_nhpi,nh_other,some_college,hs_or_less,0.9965,-0.00355,0.0
male,nh_nhpi,nh_other,some_college,some_college,0.9927,-0.00738,0.0
male,nh_nhpi,nh_other,some_college,bachelors,0.9963,-0.00375,0.0
male,nh_nhpi,nh_other,some_college,graduate,0.9983,-0.00166,0.0
male,nh_nhpi,nh_other,bachelors,hs_or_less,0.9991,-0.00085,0.0
male,nh_nhpi,nh_other,bachelors,some_college,0.9982,-0.0018,0.0
male,nh_nhpi,nh_other,bachelors,bachelors,1.0376,0.03689,1.2
male,nh_nhpi,nh_other,bachelors,graduate,1.0054,0.00542,0.2
male,nh_nhpi,nh_other,graduate,hs_or_less,0.9998,-0.00022,0.0
male,nh_nhpi,nh_other,graduate,some_college,0.9995,-0.00047,0.0
male,nh_nhpi,nh_other,graduate,bachelors,0.999,-0.00101,0.0
male,nh_nhpi,nh_other,graduate,graduate,1.001,0.00097,0.1
male,nh_twoplus,hispanic,hs_or_less,hs_or_less,0.5202,-0.6536,406.5
male,nh_twoplus,hispanic,hs_or_less,some_college,0.9816,-0.01856,362.3
male,nh_twoplus,hispanic,hs_or_less,bachelors,1.0275,0.02717,121.0
male,nh_twoplus,hispanic,hs_or_less,graduate,1.3648,0.31101,58.3
male,nh_twoplus,hispanic,some_college,hs_or_less,0.6728,-0.39623,288.5
male,nh_twoplus,hispanic,some_college,some_college,0.9659,-0.0347,553.1
male,nh_twoplus,hispanic,some_college,bachelors,1.2082,0.18909,235.0
male,nh_twoplus,hispanic,some_college,graduate,1.353,0.30236,89.2
male,nh_twoplus,hispanic,bachelors,hs_or_less,0.7631,-0.27037,119.8
male,nh_twoplus,hispanic,bachelors,some_college,0.9547,-0.04637,219.5
male,nh_twoplus,hispanic,bachelors,bachelors,1.2674,0.23694,378.0
male,nh_twoplus,hispanic,bachelors,graduate,1.4384,0.36354,159.1
male,nh_twoplus,hispanic,graduate,hs_or_less,0.74,-0.3011,31.3
male,nh_twoplus,hispanic,graduate,some_college,0.8754,-0.13311,59.4
male,nh_twoplus,hispanic,graduate,bachelors,1.1537,0.14298,130.2
male,nh_twoplus,hispanic,graduate,graduate,1.3228,0.27976,148.3
male,nh_twoplus,nh_white,hs_or_less,hs_or_less,0.9921,-0.00796,1487.8
male,nh_twoplus,nh_white,hs_or_less,some_college,1.0972,0.09276,1314.4
male,nh_twoplus,nh_white,hs_or_less,bachelors,0.9208,-0.0825,586.8
male,nh_twoplus,nh_white,hs_or_less,graduate,0.8183,-0.20047,204.1
male,nh_twoplus,nh_white,some_college,hs_or_less,0.9959,-0.00416,799.0
male,nh_twoplus,nh_white,some_college,some_college,0.9453,-0.05629,1711.7
male,nh_twoplus,nh_white,some_college,bachelors,1.1786,0.16433,1211.5
male,nh_twoplus,nh_white,some_college,graduate,1.212,0.19224,514.0
male,nh_twoplus,nh_white,bachelors,hs_or_less,0.945,-0.05653,276.9
male,nh_twoplus,nh_white,bachelors,some_college,0.9465,-0.05502,663.2
male,nh_twoplus,nh_white,bachelors,bachelors,1.1532,0.14252,1789.7
male,nh_twoplus,nh_white,bachelors,graduate,1.1909,0.17471,858.6
male,nh_twoplus,nh_white,graduate,hs_or_less,0.9129,-0.09116,85.1
male,nh_twoplus,nh_white,graduate,some_college,0.7721,-0.2586,172.2
male,nh_twoplus,nh_white,graduate,bachelors,1.0398,0.03905,611.9
male,nh_twoplus,nh_white,graduate,graduate,0.9999,-0.00012,747.2
male,nh_twoplus,nh_black,hs_or_less,hs_or_less,0.8293,-0.18716,171.0
male,nh_twoplus,nh_black,hs_or_less,some_college,1.1876,0.17195,175.0
male,nh_twoplus,nh_black,hs_or_less,bachelors,1.4278,0.35616,70.5
male,nh_twoplus,nh_black,hs_or_less,graduate,1.3329,0.28732,35.6
male,nh_twoplus,nh_black,some_college,hs_or_less,0.9085,-0.09593,102.5
male,nh_twoplus,nh_black,some_college,some_college,0.8857,-0.12136,192.1
male,nh_twoplus,nh_black,some_college,bachelors,1.2447,0.21889,90.0
male,nh_twoplus,nh_black,some_college,graduate,1.3185,0.27648,51.5
male,nh_twoplus,nh_black,bachelors,hs_or_less,0.745,-0.29431,23.4
male,nh_twoplus,nh_black,bachelors,some_college,0.8348,-0.18056,67.5
male,nh_twoplus,nh_black,bachelors,bachelors,0.9309,-0.07155,91.4
male,nh_twoplus,nh_black,bachelors,graduate,1.1603,0.14865,68.5
male,nh_twoplus,nh_black,graduate,hs_or_less,1.0026,0.0026,14.5
male,nh_twoplus,nh_black,graduate,some_college,0.8728,-0.1361,22.0
male,nh_twoplus,nh_black,graduate,bachelors,0.8346,-0.18077,27.8
male,nh_twoplus,nh_black,graduate,graduate,0.8231,-0.19465,43.0
male,nh_twoplus,nh_asian,hs_or_less,hs_or_less,0.9258,-0.07712,117.2
male,nh_twoplus,nh_asian,hs_or_less,some_college,0.8628,-0.14757,78.7
male,nh_twoplus,nh_asian,hs_or_less,bachelors,0.7711,-0.25997,67.7
male,nh_twoplus,nh_asian,hs_or_less,graduate,0.6307,-0.461,16.5
male,nh_twoplus,nh_asian,some_college,hs_or_less,0.818,-0.20089,49.5
male,nh_twoplus,nh_asian,some_college,some_college,1.0229,0.02261,150.8
male,nh_twoplus,nh_asian,some_college,bachelors,0.9631,-0.03764,151.4
male,nh_twoplus,nh_asian,some_college,graduate,0.7571,-0.27832,53.3
male,nh_twoplus,nh_asian,bachelors,hs_or_less,1.1332,0.12509,31.6
male,nh_twoplus,nh_asian,bachelors,some_college,1.0373,0.03663,60.9
male,nh_twoplus,nh_asian,bachelors,bachelors,1.3324,0.287,333.4
male,nh_twoplus,nh_asian,bachelors,graduate,1.068,0.06582,158.2
male,nh_twoplus,nh_asian,graduate,hs_or_less,1.1181,0.11162,12.4
male,nh_twoplus,nh_asian,graduate,some_college,1.1409,0.13182,24.2
male,nh_twoplus,nh_asian,graduate,bachelors,1.4793,0.39158,143.5
male,nh_twoplus,nh_asian,graduate,graduate,1.3363,0.28992,199.7
male,nh_twoplus,nh_aian,hs_or_less,hs_or_less,1.0228,0.02253,24.8
male,nh_twoplus,nh_aian,hs_or_less,some_college,1.1108,0.10508,19.2
male,nh_twoplus,nh_aian,hs_or_less,bachelors,1.1698,0.15682,8.2
male,nh_twoplus,nh_aian,hs_or_less,graduate,1.0078,0.00773,1.2
male,nh_twoplus,nh_aian,some_college,hs_or_less,0.9058,-0.09894,8.6
male,nh_twoplus,nh_aian,some_college,some_college,1.0046,0.00456,22.4
male,nh_twoplus,nh_aian,some_college,bachelors,1.1858,0.17044,10.6
male,nh_twoplus,nh_aian,some_college,graduate,1.0318,0.03133,2.5
male,nh_twoplus,nh_aian,bachelors,hs_or_less,0.9783,-0.02197,4.1
male,nh_twoplus,nh_aian,bachelors,some_college,0.967,-0.03351,7.4
male,nh_twoplus,nh_aian,bachelors,bachelors,0.8987,-0.10682,2.8
male,nh_twoplus,nh_aian,bachelors,graduate,0.9479,-0.05353,0.7
male,nh_twoplus,nh_aian,graduate,hs_or_less,0.9535,-0.04766,0.0
male,nh_twoplus,nh_aian,graduate,some_college,0.9575,-0.04338,1.5
male,nh_twoplus,nh_aian,graduate,bachelors,0.963,-0.03775,1.4
male,nh_twoplus,nh_aian,graduate,graduate,0.9465,-0.05499,0.9
male,nh_twoplus,nh_nhpi,hs_or_less,hs_or_less,1.2015,0.18357,19.8
male,nh_twoplus,nh_nhpi,hs_or_less,some_college,1.0022,0.00218,6.3
male,nh_twoplus,nh_nhpi,hs_or_less,bachelors,0.9859,-0.01419,1.0
male,nh_twoplus,nh_nhpi,hs_or_less,graduate,0.986,-0.01411,0.0
male,nh_twoplus,nh_nhpi,some_college,hs_or_less,1.0448,0.04386,8.1
male,nh_twoplus,nh_nhpi,some_college,some_college,0.9604,-0.04035,8.0
male,nh_twoplus,nh_nhpi,some_college,bachelors,1.0418,0.04095,3.7
male,nh_twoplus,nh_nhpi,some_college,graduate,0.9899,-0.01012,0.5
male,nh_twoplus,nh_nhpi,bachelors,hs_or_less,0.9397,-0.06215,0.4
male,nh_twoplus,nh_nhpi,bachelors,some_college,1.0057,0.0057,4.1
male,nh_twoplus,nh_nhpi,bachelors,bachelors,0.9422,-0.05959,1.5
male,nh_twoplus,nh_nhpi,bachelors,graduate,0.9943,-0.00567,1.2
male,nh_twoplus,nh_nhpi,graduate,hs_or_less,0.9807,-0.01944,0.2
male,nh_twoplus,nh_nhpi,graduate,some_college,1.0001,6e-05,1.3
male,nh_twoplus,nh_nhpi,graduate,bachelors,0.9923,-0.00776,1.1
male,nh_twoplus,nh_nhpi,graduate,graduate,0.9579,-0.04297,0.0
male,nh_twoplus,nh_twoplus,hs_or_less,hs_or_less,1.4126,0.34541,1340.6
male,nh_twoplus,nh_twoplus,hs_or_less,some_college,1.0594,0.05766,854.8
male,nh_twoplus,nh_twoplus,hs_or_less,bachelors,1.0721,0.06966,372.8
male,nh_twoplus,nh_twoplus,hs_or_less,graduate,0.9847,-0.0154,129.6
male,nh_twoplus,nh_twoplus,some_college,hs_or_less,0.9242,-0.07885,470.1
male,nh_twoplus,nh_twoplus,some_college,some_college,0.8189,-0.19982,1014.2
male,nh_twoplus,nh_twoplus,some_college,bachelors,0.9519,-0.04933,531.8
male,nh_twoplus,nh_twoplus,some_college,graduate,0.9922,-0.00778,216.7
male,nh_twoplus,nh_twoplus,bachelors,hs_or_less,1.0418,0.04093,202.7
male,nh_twoplus,nh_twoplus,bachelors,some_college,0.7642,-0.26892,372.2
male,nh_twoplus,nh_twoplus,bachelors,bachelors,0.9798,-0.02042,845.3
male,nh_twoplus,nh_twoplus,bachelors,graduate,1.1267,0.11932,433.0
male,nh_twoplus,nh_twoplus,graduate,hs_or_less,1.0154,0.01524,60.9
male,nh_twoplus,nh_twoplus,graduate,some_college,0.8372,-0.17764,129.2
male,nh_twoplus,nh_twoplus,graduate,bachelors,0.9365,-0.06564,298.3
male,nh_twoplus,nh_twoplus,graduate,graduate,1.2577,0.22927,499.2
male,nh_twoplus,nh_other,hs_or_less,hs_or_less,0.9411,-0.06066,9.6
male,nh_twoplus,nh_other,hs_or_less,some_college,1.0561,0.05457,10.8
male,nh_twoplus,nh_other,hs_or_less,bachelors,0.9639,-0.0368,2.8
male,nh_twoplus,nh_other,hs_or_less,graduate,0.9717,-0.02874,0.8
male,nh_twoplus,nh_other,some_college,hs_or_less,1.0098,0.00971,7.0
male,nh_twoplus,nh_other,some_college,some_college,1.104,0.09898,17.8
male,nh_twoplus,nh_other,some_college,bachelors,0.9132,-0.09075,3.2
male,nh_twoplus,nh_other,some_college,graduate,1.0384,0.03769,4.1
male,nh_twoplus,nh_other,bachelors,hs_or_less,1.1114,0.10564,6.0
male,nh_twoplus,nh_other,bachelors,some_college,0.9248,-0.07819,2.5
male,nh_twoplus,nh_other,bachelors,bachelors,0.9413,-0.06046,7.4
male,nh_twoplus,nh_other,bachelors,graduate,0.8962,-0.10961,1.0
male,nh_twoplus,nh_other,graduate,hs_or_less,0.9862,-0.01391,0.4
male,nh_twoplus,nh_other,graduate,some_college,1.2346,0.21072,8.7
male,nh_twoplus,nh_other,graduate,bachelors,0.9356,-0.06661,1.6
male,nh_twoplus,nh_other,graduate,graduate,1.0288,0.0284,6.1
male,nh_other,hispanic,hs_or_less,hs_or_less,0.7501,-0.2875,97.3
male,nh_other,hispanic,hs_or_less,some_college,0.9866,-0.01351,59.8
male,nh_other,hispanic,hs_or_less,bachelors,1.3833,0.32449,37.2
male,nh_other,hispanic,hs_or_less,graduate,1.0001,6e-05,6.3
male,nh_other,hispanic,some_college,hs_or_less,0.8825,-0.12495,48.6
male,nh_other,hispanic,some_college,some_college,0.9072,-0.09739,62.3
male,nh_other,hispanic,some_college,bachelors,1.1103,0.10461,29.5
male,nh_other,hispanic,some_college,graduate,1.0723,0.06982,10.7
male,nh_other,hispanic,bachelors,hs_or_less,1.1038,0.09874,31.0
male,nh_other,hispanic,bachelors,some_college,0.9579,-0.04304,30.1
male,nh_other,hispanic,bachelors,bachelors,0.926,-0.07687,36.1
male,nh_other,hispanic,bachelors,graduate,1.0587,0.057,18.4
male,nh_other,hispanic,graduate,hs_or_less,1.1924,0.17596,19.2
male,nh_other,hispanic,graduate,some_college,0.9689,-0.03157,13.6
male,nh_other,hispanic,graduate,bachelors,0.9756,-0.02471,21.4
male,nh_other,hispanic,graduate,graduate,0.8768,-0.13146,15.6
male,nh_other,nh_white,hs_or_less,hs_or_less,0.9734,-0.02694,59.5
male,nh_other,nh_white,hs_or_less,some_college,1.0191,0.01888,50.2
male,nh_other,nh_white,hs_or_less,bachelors,0.8144,-0.20536,14.8
male,nh_other,nh_white,hs_or_less,graduate,1.0216,0.02136,11.9
male,nh_other,nh_white,some_college,hs_or_less,1.0415,0.04065,27.7
male,nh_other,nh_white,some_college,some_college,0.95,-0.05128,52.2
male,nh_other,nh_white,some_college,bachelors,1.2814,0.24799,47.3
male,nh_other,nh_white,some_college,graduate,1.1654,0.15304,20.6
male,nh_other,nh_white,bachelors,hs_or_less,1.047,0.04596,12.6
male,nh_other,nh_white,bachelors,some_college,0.9195,-0.08395,20.5
male,nh_other,nh_white,bachelors,bachelors,0.9598,-0.04102,49.9
male,nh_other,nh_white,bachelors,graduate,1.0111,0.01105,27.2
male,nh_other,nh_white,graduate,hs_or_less,0.9422,-0.05956,2.7
male,nh_other,nh_white,graduate,some_college,0.9568,-0.04413,9.8
male,nh_other,nh_white,graduate,bachelors,0.9731,-0.02726,27.6
male,nh_other,nh_white,graduate,graduate,1.0005,0.00046,37.9
male,nh_other,nh_black,hs_or_less,hs_or_less,0.7264,-0.3196,4.2
male,nh_other,nh_black,hs_or_less,some_college,1.3432,0.29505,26.5
male,nh_other,nh_black,hs_or_less,bachelors,1.3309,0.28587,13.9
male,nh_other,nh_black,hs_or_less,graduate,1.0588,0.05717,3.8
male,nh_other,nh_black,some_college,hs_or_less,0.9556,-0.04544,6.3
male,nh_other,nh_black,some_college,some_college,1.0444,0.04341,17.3
male,nh_other,nh_black,some_college,bachelors,0.9739,-0.02641,3.6
male,nh_other,nh_black,some_college,graduate,1.0732,0.0706,4.7
male,nh_other,nh_black,bachelors,hs_or_less,1.0266,0.02627,4.4
male,nh_other,nh_black,bachelors,some_college,0.9108,-0.09341,3.4
male,nh_other,nh_black,bachelors,bachelors,0.8664,-0.14342,2.3
male,nh_other,nh_black,bachelors,graduate,0.9257,-0.07724,1.9
male,nh_other,nh_black,graduate,hs_or_less,0.9522,-0.04901,0.0
male,nh_other,nh_black,graduate,some_college,1.0876,0.08401,6.2
male,nh_other,nh_black,graduate,bachelors,0.8967,-0.10901,0.6
male,nh_other,nh_black,graduate,graduate,1.0011,0.00114,6.6
male,nh_other,nh_asian,hs_or_less,hs_or_less,0.8856,-0.12152,3.6
male,nh_other,nh_asian,hs_or_less,some_college,0.9286,-0.07406,3.1
male,nh_other,nh_asian,hs_or_less,bachelors,1.0524,0.05107,8.0
male,nh_other,nh_asian,hs_or_less,graduate,1.0238,0.02351,3.9
male,nh_other,nh_asian,some_college,hs_or_less,0.9751,-0.02519,2.6
male,nh_other,nh_asian,some_college,some_college,1.0864,0.0829,9.9
male,nh_other,nh_asian,some_college,bachelors,0.8901,-0.11641,2.9
male,nh_other,nh_asian,some_college,graduate,1.0648,0.06275,6.1
male,nh_other,nh_asian,bachelors,hs_or_less,0.9856,-0.01456,0.9
male,nh_other,nh_asian,bachelors,some_college,1.038,0.03728,4.3
male,nh_other,nh_asian,bachelors,bachelors,1.0665,0.06438,15.5
male,nh_other,nh_asian,bachelors,graduate,0.9976,-0.00244,7.8
male,nh_other,nh_asian,graduate,hs_or_less,1.1382,0.12949,4.7
male,nh_other,nh_asian,graduate,some_college,0.9926,-0.00744,1.1
male,nh_other,nh_asian,graduate,bachelors,0.9201,-0.08323,3.7
male,nh_other,nh_asian,graduate,graduate,0.9935,-0.00653,10.9
male,nh_other,nh_aian,hs_or_less,hs_or_less,1.0036,0.00362,1.2
male,nh_other,nh_aian,hs_or_less,some_college,0.9903,-0.00974,0.4
male,nh_other,nh_aian,hs_or_less,bachelors,1.0091,0.00904,0.4
male,nh_other,nh_aian,hs_or_less,graduate,0.9985,-0.00154,0.0
male,nh_other,nh_aian,some_college,hs_or_less,1.0014,0.00144,0.5
male,nh_other,nh_aian,some_college,some_college,0.9933,-0.00672,0.6
male,nh_other,nh_aian,some_college,bachelors,0.9947,-0.00527,0.0
male,nh_other,nh_aian,some_college,graduate,1.0509,0.04964,1.6
male,nh_other,nh_aian,bachelors,hs_or_less,0.9947,-0.00529,0.0
male,nh_other,nh_aian,bachelors,some_college,0.9885,-0.01153,0.0
male,nh_other,nh_aian,bachelors,bachelors,0.9919,-0.00811,0.0
male,nh_other,nh_aian,bachelors,graduate,0.9991,-0.0009,0.1
male,nh_other,nh_aian,graduate,hs_or_less,0.9974,-0.00256,0.0
male,nh_other,nh_aian,graduate,some_college,0.9975,-0.0025,0.1
male,nh_other,nh_aian,graduate,bachelors,0.995,-0.00498,0.0
male,nh_other,nh_aian,graduate,graduate,0.9954,-0.00459,0.0
male,nh_other,nh_nhpi,hs_or_less,hs_or_less,0.9929,-0.0071,0.1
male,nh_other,nh_nhpi,hs_or_less,some_college,1.0239,0.02364,0.9
male,nh_other,nh_nhpi,hs_or_less,bachelors,0.9988,-0.00121,0.0
male,nh_other,nh_nhpi,hs_or_less,graduate,0.9996,-0.00041,0.0
male,nh_other,nh_nhpi,some_college,hs_or_less,0.996,-0.00404,0.0
male,nh_other,nh_nhpi,some_college,some_college,1.0004,0.00039,0.2
male,nh_other,nh_nhpi,some_college,bachelors,0.9985,-0.00146,0.0
male,nh_other,nh_nhpi,some_college,graduate,0.9995,-0.00052,0.0
male,nh_other,nh_nhpi,bachelors,hs_or_less,1.0008,0.00077,0.1
male,nh_other,nh_nhpi,bachelors,some_college,0.9974,-0.00262,0.0
male,nh_other,nh_nhpi,bachelors,bachelors,0.9975,-0.0025,0.0
male,nh_other,nh_nhpi,bachelors,graduate,1.0,-1e-05,0.0
male,nh_other,nh_nhpi,graduate,hs_or_less,0.9992,-0.00081,0.0
male,nh_other,nh_nhpi,graduate,some_college,0.9987,-0.00128,0.0
male,nh_other,nh_nhpi,graduate,bachelors,0.9986,-0.0014,0.0
male,nh_other,nh_nhpi,graduate,graduate,0.9986,-0.00144,0.0
male,nh_other,nh_twoplus,hs_or_less,hs_or_less,1.0885,0.08483,19.9
male,nh_other,nh_twoplus,hs_or_less,some_college,1.0025,0.00247,13.8
male,nh_other,nh_twoplus,hs_or_less,bachelors,0.935,-0.06723,3.4
male,nh_other,nh_twoplus,hs_or_less,graduate,0.9967,-0.00334,2.3
male,nh_other,nh_twoplus,some_college,hs_or_less,1.02,0.01985,7.3
male,nh_other,nh_twoplus,some_college,some_college,0.9501,-0.05119,13.7
male,nh_other,nh_twoplus,some_college,bachelors,0.903,-0.10208,3.2
male,nh_other,nh_twoplus,some_college,graduate,1.0239,0.02365,3.8
male,nh_other,nh_twoplus,bachelors,hs_or_less,0.9458,-0.05569,1.0
male,nh_other,nh_twoplus,bachelors,some_college,0.9189,-0.08456,4.1
male,nh_other,nh_twoplus,bachelors,bachelors,0.9913,-0.00875,12.0
male,nh_other,nh_twoplus,bachelors,graduate,1.0129,0.01285,6.4
male,nh_other,nh_twoplus,graduate,hs_or_less,0.9864,-0.01367,0.8
male,nh_other,nh_twoplus,graduate,some_college,1.2397,0.2149,10.8
male,nh_other,nh_twoplus,graduate,bachelors,1.0845,0.08108,9.8
male,nh_other,nh_twoplus,graduate,graduate,0.9483,-0.05313,6.3
male,nh_other,nh_other,hs_or_less,hs_or_less,1.1932,0.1766,353.3
male,nh_other,nh_other,hs_or_less,some_college,0.8381,-0.17666,166.2
male,nh_other,nh_other,hs_or_less,bachelors,0.9594,-0.04145,92.3
male,nh_other,nh_other,hs_or_less,graduate,0.9779,-0.02233,42.2
male,nh_other,nh_other,some_college,hs_or_less,0.9285,-0.07414,110.7
male,nh_other,nh_other,some_college,some_college,0.8991,-0.10635,214.1
male,nh_other,nh_other,some_college,bachelors,0.9193,-0.08416,105.7
male,nh_other,nh_other,some_college,graduate,0.9535,-0.04759,50.4
male,nh_other,nh_other,bachelors,hs_or_less,1.6845,0.52145,103.3
male,nh_other,nh_other,bachelors,some_college,0.7899,-0.2358,78.6
male,nh_other,nh_other,bachelors,bachelors,1.1279,0.12037,232.3
male,nh_other,nh_other,bachelors,graduate,0.9954,-0.00458,105.4
male,nh_other,nh_other,graduate,hs_or_less,1.2541,0.22641,36.4
male,nh_other,nh_other,graduate,some_college,0.7914,-0.23395,33.1
male,nh_other,nh_other,graduate,bachelors,0.9893,-0.01076,111.0
male,nh_other,nh_other,graduate,graduate,0.9915,-0.0085,150.0
female,hispanic,hispanic,hs_or_less,hs_or_less,1.7445,0.55648,46104.0
female,hispanic,hispanic,hs_or_less,some_college,0.9871,-0.01299,7758.5
female,hispanic,hispanic,hs_or_less,bachelors,1.0254,0.0251,2413.2
female,hispanic,hispanic,hs_or_less,graduate,1.1264,0.11903,802.0
female,hispanic,hispanic,some_college,hs_or_less,1.0025,0.00251,13757.0
female,hispanic,hispanic,some_college,some_college,0.9051,-0.09976,10941.9
female,hispanic,hispanic,some_college,bachelors,0.6999,-0.35681,2622.6
female,hispanic,hispanic,some_college,graduate,0.7545,-0.28172,812.7
female,hispanic,hispanic,bachelors,hs_or_less,0.8995,-0.10589,4754.7
female,hispanic,hispanic,bachelors,some_college,0.867,-0.1427,4199.2
female,hispanic,hispanic,bachelors,bachelors,0.7998,-0.22339,4607.0
female,hispanic,hispanic,bachelors,graduate,0.6705,-0.39966,1302.3
female,hispanic,hispanic,graduate,hs_or_less,0.73,-0.31476,1409.9
female,hispanic,hispanic,graduate,some_college,0.8705,-0.13864,1510.8
female,hispanic,hispanic,graduate,bachelors,0.6673,-0.40452,1610.3
female,hispanic,hispanic,graduate,graduate,0.7417,-0.29879,1644.8
female,hispanic,nh_white,hs_or_less,hs_or_less,0.6194,-0.47905,3273.8
female,hispanic,nh_white,hs_or_less,some_college,0.7472,-0.29146,2128.2
female,hispanic,nh_white,hs_or_less,bachelors,0.6628,-0.41133,941.0
female,hispanic,nh_white,hs_or_less,graduate,0.7699,-0.26152,358.4
female,hispanic,nh_white,some_college,hs_or_less,1.0008,0.00075,2609.9
female,hispanic,nh_white,some_college,some_college,0.9994,-0.00056,4065.8
female,hispanic,nh_white,some_college,bachelors,0.9349,-0.06731,2047.7
female,hispanic,nh_white,some_college,graduate,0.9742,-0.02618,676.1
female,hispanic,nh_white,bachelors,hs_or_less,1.1791,0.16476,1155.4
female,hispanic,nh_white,bachelors,some_college,1.412,0.34498,2265.9
female,hispanic,nh_white,bachelors,bachelors,1.2211,0.19978,4028.4
female,hispanic,nh_white,bachelors,graduate,1.1336,0.12539,1386.9
female,hispanic,nh_white,graduate,hs_or_less,1.1,0.09531,403.4
female,hispanic,nh_white,graduate,some_college,1.4236,0.35321,873.9
female,hispanic,nh_white,graduate,bachelors,1.2752,0.24308,1811.0
female,hispanic,nh_white,graduate,graduate,1.1406,0.13154,1612.5
female,hispanic,nh_black,hs_or_less,hs_or_less,0.7561,-0.27955,908.0
female,hispanic,nh_black,hs_or_less,some_college,0.9636,-0.03711,498.5
female,hispanic,nh_black,hs_or_less,bachelors,1.052,0.05068,149.3
female,hispanic,nh_black,hs_or_less,graduate,1.2039,0.18558,64.0
female,hispanic,nh_black,some_college,hs_or_less,1.0831,0.07982,662.5
female,hispanic,nh_black,some_college,some_college,1.182,0.16719,899.0
female,hispanic,nh_black,some_college,bachelors,1.0636,0.06164,232.4
female,hispanic,nh_black,some_college,graduate,1.1287,0.12104,84.6
female,hispanic,nh_black,bachelors,hs_or_less,0.8194,-0.19924,184.5
female,hispanic,nh_black,bachelors,some_college,1.0498,0.04857,320.5
female,hispanic,nh_black,bachelors,bachelors,0.9863,-0.0138,326.3
female,hispanic,nh_black,bachelors,graduate,0.8294,-0.18699,100.2
female,hispanic,nh_black,graduate,hs_or_less,0.9788,-0.02146,84.3
female,hispanic,nh_black,graduate,some_college,0.9856,-0.01448,112.8
female,hispanic,nh_black,graduate,bachelors,1.1657,0.15333,173.1
female,hispanic,nh_black,graduate,graduate,0.8863,-0.12069,128.7
female,hispanic,nh_asian,hs_or_less,hs_or_less,0.7595,-0.2751,121.0
female,hispanic,nh_asian,hs_or_less,some_college,1.0115,0.01144,110.9
female,hispanic,nh_asian,hs_or_less,bachelors,0.7959,-0.22823,73.9
female,hispanic,nh_asian,hs_or_less,graduate,0.8567,-0.15463,41.3
female,hispanic,nh_asian,some_college,hs_or_less,1.2592,0.23047,117.1
female,hispanic,nh_asian,some_college,some_college,1.4365,0.36222,252.1
female,hispanic,nh_asian,some_college,bachelors,0.7972,-0.22668,126.0
female,hispanic,nh_asian,some_college,graduate,0.6838,-0.38009,49.6
female,hispanic,nh_asian,bachelors,hs_or_less,1.2339,0.21016,47.1
female,hispanic,nh_asian,bachelors,some_college,1.5744,0.4539,117.6
female,hispanic,nh_asian,bachelors,bachelors,1.0086,0.00855,256.1
female,hispanic,nh_asian,bachelors,graduate,0.7298,-0.31505,109.6
female,hispanic,nh_asian,graduate,hs_or_less,1.0865,0.083,15.5
female,hispanic,nh_asian,graduate,some_college,1.3983,0.33528,42.9
female,hispanic,nh_asian,graduate,bachelors,0.9735,-0.02684,99.1
female,hispanic,nh_asian,graduate,graduate,0.9178,-0.08575,155.4
female,hispanic,nh_aian,hs_or_less,hs_or_less,1.0833,0.08002,93.3
female,hispanic,nh_aian,hs_or_less,some_college,1.0634,0.06148,36.0
female,hispanic,nh_aian,hs_or_less,bachelors,0.9508,-0.0505,3.9
female,hispanic,nh_aian,hs_or_less,graduate,0.9931,-0.00692,1.9
female,hispanic,nh_aian,some_college,hs_or_less,1.1576,0.14639,54.0
female,hispanic,nh_aian,some_college,some_college,0.9743,-0.026,44.0
female,hispanic,nh_aian,some_college,bachelors,0.9289,-0.07373,5.6
female,hispanic,nh_aian,some_college,graduate,0.9257,-0.07718,0.5
female,hispanic,nh_aian,bachelors,hs_or_less,0.9765,-0.0238,15.2
female,hispanic,nh_aian,bachelors,some_college,1.0337,0.03311,20.2
female,hispanic,nh_aian,bachelors,bachelors,0.9876,-0.01247,12.3
female,hispanic,nh_aian,bachelors,graduate,0.9029,-0.10214,1.7
female,hispanic,nh_aian,graduate,hs_or_less,1.0389,0.03813,7.4
female,hispanic,nh_aian,graduate,some_college,1.0376,0.03687,8.6
female,hispanic,nh_aian,graduate,bachelors,1.0387,0.03796,7.1
female,hispanic,nh_aian,graduate,graduate,0.94,-0.06191,4.0
female,hispanic,nh_nhpi,hs_or_less,hs_or_less,1.1259,0.11859,37.2
female,hispanic,nh_nhpi,hs_or_less,some_college,0.966,-0.03455,10.1
female,hispanic,nh_nhpi,hs_or_less,bachelors,0.9643,-0.0364,2.0
female,hispanic,nh_nhpi,hs_or_less,graduate,1.0126,0.01253,1.3
female,hispanic,nh_nhpi,some_college,hs_or_less,1.2282,0.20559,25.4
female,hispanic,nh_nhpi,some_college,some_college,0.9219,-0.0813,13.4
female,hispanic,nh_nhpi,some_college,bachelors,1.1822,0.16739,11.2
female,hispanic,nh_nhpi,some_college,graduate,0.9649,-0.03571,0.1
female,hispanic,nh_nhpi,bachelors,hs_or_less,0.9564,-0.04453,4.3
female,hispanic,nh_nhpi,bachelors,some_college,0.9546,-0.04649,5.3
female,hispanic,nh_nhpi,bachelors,bachelors,0.9278,-0.07493,4.9
female,hispanic,nh_nhpi,bachelors,graduate,0.9701,-0.03032,1.2
female,hispanic,nh_nhpi,graduate,hs_or_less,0.9564,-0.04459,0.7
female,hispanic,nh_nhpi,graduate,some_college,1.0708,0.06837,4.9
female,hispanic,nh_nhpi,graduate,bachelors,0.9176,-0.08598,0.4
female,hispanic,nh_nhpi,graduate,graduate,0.9438,-0.05782,0.6
female,hispanic,nh_twoplus,hs_or_less,hs_or_less,0.7561,-0.27958,411.7
female,hispanic,nh_twoplus,hs_or_less,some_college,0.9009,-0.10432,302.7
female,hispanic,nh_twoplus,hs_or_less,bachelors,0.8002,-0.22288,102.1
female,hispanic,nh_twoplus,hs_or_less,graduate,0.8228,-0.19502,30.5
female,hispanic,nh_twoplus,some_college,hs_or_less,1.2076,0.18863,360.1
female,hispanic,nh_twoplus,some_college,some_college,1.0508,0.04955,540.1
female,hispanic,nh_twoplus,some_college,bachelors,1.0105,0.01049,221.7
female,hispanic,nh_twoplus,some_college,graduate,0.8969,-0.10883,57.5
female,hispanic,nh_twoplus,bachelors,hs_or_less,1.0703,0.06793,121.0
female,hispanic,nh_twoplus,bachelors,some_college,1.0674,0.06525,220.8
female,hispanic,nh_twoplus,bachelors,bachelors,1.0935,0.08937,369.5
female,hispanic,nh_twoplus,bachelors,graduate,1.0714,0.06894,132.6
female,hispanic,nh_twoplus,graduate,hs_or_less,1.2152,0.1949,53.7
female,hispanic,nh_twoplus,graduate,some_college,1.0686,0.06635,82.0
female,hispanic,nh_twoplus,graduate,bachelors,1.1121,0.10627,159.2
female,hispanic,nh_twoplus,graduate,graduate,1.004,0.00394,139.3
female,hispanic,nh_other,hs_or_less,hs_or_less,1.1817,0.16695,100.3
female,hispanic,nh_other,hs_or_less,some_college,1.0294,0.02901,47.4
female,hispanic,nh_other,hs_or_less,bachelors,1.1185,0.11196,28.7
female,hispanic,nh_other,hs_or_less,graduate,1.1735,0.15998,17.2
female,hispanic,nh_other,some_college,hs_or_less,1.2038,0.18546,55.5
female,hispanic,nh_other,some_college,some_college,0.9205,-0.08284,57.6
female,hispanic,nh_other,some_college,bachelors,0.8615,-0.14905,25.2
female,hispanic,nh_other,some_college,graduate,0.9432,-0.05848,13.1
female,hispanic,nh_other,bachelors,hs_or_less,1.4275,0.35592,33.5
female,hispanic,nh_other,bachelors,some_college,0.9506,-0.0507,23.2
female,hispanic,nh_other,bachelors,bachelors,0.7921,-0.23303,34.7
female,hispanic,nh_other,bachelors,graduate,0.8824,-0.12513,21.1
female,hispanic,nh_other,graduate,hs_or_less,1.0516,0.05029,7.6
female,hispanic,nh_other,graduate,some_college,1.0026,0.00264,10.1
female,hispanic,nh_other,graduate,bachelors,0.9158,-0.08794,18.7
female,hispanic,nh_other,graduate,graduate,0.7592,-0.27551,16.3
female,nh_white,hispanic,hs_or_less,hs_or_less,0.6895,-0.37184,3592.1
female,nh_white,hispanic,hs_or_less,some_college,1.0291,0.02868,1659.3
female,nh_white,hispanic,hs_or_less,bachelors,0.9724,-0.02803,464.4
female,nh_white,hispanic,hs_or_less,graduate,0.9626,-0.03814,131.3
female,nh_white,hispanic,some_college,hs_or_less,0.8162,-0.20308,3263.1
female,nh_white,hispanic,some_college,some_college,1.0922,0.08816,3808.2
female,nh_white,hispanic,some_college,bachelors,1.0565,0.05492,1138.1
female,nh_white,hispanic,some_college,graduate,1.0096,0.00955,320.2
female,nh_white,hispanic,bachelors,hs_or_less,0.6812,-0.38397,1483.7
female,nh_white,hispanic,bachelors,some_college,1.2087,0.18956,2458.6
female,nh_white,hispanic,bachelors,bachelors,1.2786,0.24576,3091.0
female,nh_white,hispanic,bachelors,graduate,1.1879,0.17217,968.0
female,nh_white,hispanic,graduate,hs_or_less,0.6876,-0.37453,643.0
female,nh_white,hispanic,graduate,some_college,1.1999,0.18228,1036.4
female,nh_white,hispanic,graduate,bachelors,1.2682,0.2376,1531.5
female,nh_white,hispanic,graduate,graduate,1.2102,0.19079,1325.7
female,nh_white,nh_white,hs_or_less,hs_or_less,1.1861,0.17069,42821.2
female,nh_white,nh_white,hs_or_less,some_college,0.9222,-0.08098,18037.5
female,nh_white,nh_white,hs_or_less,bachelors,0.7229,-0.32444,7131.9
female,nh_white,nh_white,hs_or_less,graduate,0.7107,-0.34149,2237.5
female,nh_white,nh_white,some_college,hs_or_less,1.2377,0.21327,32842.2
female,nh_white,nh_white,some_college,some_college,0.9898,-0.01028,40502.9
female,nh_white,nh_white,some_college,bachelors,0.7852,-0.24188,16948.4
female,nh_white,nh_white,some_college,graduate,0.725,-0.32158,5078.0
female,nh_white,nh_white,bachelors,hs_or_less,1.0999,0.09526,15088.7
female,nh_white,nh_white,bachelors,some_college,1.1504,0.14008,25857.5
female,nh_white,nh_white,bachelors,bachelors,1.0324,0.03191,47888.3
female,nh_white,nh_white,bachelors,graduate,0.9702,-0.03026,16545.1
female,nh_white,nh_white,graduate,hs_or_less,0.9729,-0.02752,5824.5
female,nh_white,nh_white,graduate,some_college,1.0757,0.073,10759.3
female,nh_white,nh_white,graduate,bachelors,1.0137,0.0136,23746.0
female,nh_white,nh_white,graduate,graduate,0.9147,-0.08921,21205.8
female,nh_white,nh_black,hs_or_less,hs_or_less,1.2133,0.19337,1935.2
female,nh_white,nh_black,hs_or_less,some_college,1.3028,0.26451,901.3
female,nh_white,nh_black,hs_or_less,bachelors,1.135,0.1266,213.8
female,nh_white,nh_black,hs_or_less,graduate,1.0897,0.08587,69.3
female,nh_white,nh_black,some_college,hs_or_less,1.1208,0.11406,1340.6
female,nh_white,nh_black,some_college,some_college,0.9852,-0.01487,1441.7
female,nh_white,nh_black,some_college,bachelors,1.0772,0.07435,446.4
female,nh_white,nh_black,some_college,graduate,1.057,0.05544,148.7
female,nh_white,nh_black,bachelors,hs_or_less,0.7959,-0.22825,499.5
female,nh_white,nh_black,bachelors,some_college,0.8994,-0.10598,745.6
female,nh_white,nh_black,bachelors,bachelors,0.8915,-0.11486,804.7
female,nh_white,nh_black,bachelors,graduate,0.7623,-0.27146,255.6
female,nh_white,nh_black,graduate,hs_or_less,0.9479,-0.05346,262.8
female,nh_white,nh_black,graduate,some_college,1.0415,0.04062,387.0
female,nh_white,nh_black,graduate,bachelors,1.0242,0.02394,478.5
female,nh_white,nh_black,graduate,graduate,0.8188,-0.19991,385.5
female,nh_white,nh_asian,hs_or_less,hs_or_less,0.704,-0.35098,170.4
female,nh_white,nh_asian,hs_or_less,some_college,0.8304,-0.18582,134.7
female,nh_white,nh_asian,hs_or_less,bachelors,0.8586,-0.15248,130.2
female,nh_white,nh_asian,hs_or_less,graduate,0.72,-0.32855,48.2
female,nh_white,nh_asian,some_college,hs_or_less,0.8369,-0.17809,155.4
female,nh_white,nh_asian,some_college,some_college,0.9844,-0.01571,354.5
female,nh_white,nh_asian,some_college,bachelors,0.8356,-0.17965,288.7
female,nh_white,nh_asian,some_college,graduate,0.8311,-0.18497,151.2
female,nh_white,nh_asian,bachelors,hs_or_less,0.9903,-0.00975,100.8
female,nh_white,nh_asian,bachelors,some_college,1.3311,0.28604,282.1
female,nh_white,nh_asian,bachelors,bachelors,1.1467,0.13689,912.0
female,nh_white,nh_asian,bachelors,graduate,1.0505,0.04931,533.6
female,nh_white,nh_asian,graduate,hs_or_less,1.4766,0.38976,76.2
female,nh_white,nh_asian,graduate,some_college,1.3261,0.28224,122.2
female,nh_white,nh_asian,graduate,bachelors,1.2639,0.23418,485.9
female,nh_white,nh_asian,graduate,graduate,1.2274,0.20486,782.1
female,nh_white,nh_aian,hs_or_less,hs_or_less,1.2053,0.18676,315.1
female,nh_white,nh_aian,hs_or_less,some_college,1.1426,0.13327,115.2
female,nh_white,nh_aian,hs_or_less,bachelors,1.6297,0.48842,43.2
female,nh_white,nh_aian,hs_or_less,graduate,1.1004,0.09568,10.0
female,nh_white,nh_aian,some_college,hs_or_less,1.3482,0.2988,270.0
female,nh_white,nh_aian,some_college,some_college,1.1095,0.10387,234.0
female,nh_white,nh_aian,some_college,bachelors,1.0857,0.0822,43.9
female,nh_white,nh_aian,some_college,graduate,0.9996,-0.00037,14.1
female,nh_white,nh_aian,bachelors,hs_or_less,0.8415,-0.1726,82.1
female,nh_white,nh_aian,bachelors,some_college,0.9044,-0.10048,103.4
female,nh_white,nh_aian,bachelors,bachelors,0.8717,-0.13735,66.8
female,nh_white,nh_aian,bachelors,graduate,0.8443,-0.16927,23.5
female,nh_white,nh_aian,graduate,hs_or_less,0.8286,-0.18807,31.4
female,nh_white,nh_aian,graduate,some_college,0.863,-0.14733,41.9
female,nh_white,nh_aian,graduate,bachelors,0.8627,-0.14774,32.4
female,nh_white,nh_aian,graduate,graduate,0.7213,-0.32676,23.7
female,nh_white,nh_nhpi,hs_or_less,hs_or_less,0.9389,-0.06302,39.5
female,nh_white,nh_nhpi,hs_or_less,some_college,1.2676,0.2371,28.9
female,nh_white,nh_nhpi,hs_or_less,bachelors,0.9494,-0.05191,3.0
female,nh_white,nh_nhpi,hs_or_less,graduate,1.0044,0.00438,1.4
female,nh_white,nh_nhpi,some_college,hs_or_less,1.0944,0.09022,39.5
female,nh_white,nh_nhpi,some_college,some_college,1.2643,0.23449,54.0
female,nh_white,nh_nhpi,some_college,bachelors,1.0799,0.07688,14.0
female,nh_white,nh_nhpi,some_college,graduate,0.9959,-0.00406,2.6
female,nh_white,nh_nhpi,bachelors,hs_or_less,0.9972,-0.00284,18.1
female,nh_white,nh_nhpi,bachelors,some_college,1.0341,0.03356,23.3
female,nh_white,nh_nhpi,bachelors,bachelors,0.7946,-0.22991,11.8
female,nh_white,nh_nhpi,bachelors,graduate,0.9408,-0.06101,4.5
female,nh_white,nh_nhpi,graduate,hs_or_less,0.8855,-0.12157,3.2
female,nh_white,nh_nhpi,graduate,some_college,0.9052,-0.09964,5.5
female,nh_white,nh_nhpi,graduate,bachelors,0.9727,-0.02769,11.1
female,nh_white,nh_nhpi,graduate,graduate,0.9851,-0.01501,8.4
female,nh_white,nh_twoplus,hs_or_less,hs_or_less,1.193,0.17645,1769.0
female,nh_white,nh_twoplus,hs_or_less,some_college,1.052,0.05071,950.1
female,nh_white,nh_twoplus,hs_or_less,bachelors,0.8581,-0.15299,306.0
female,nh_white,nh_twoplus,hs_or_less,graduate,0.8359,-0.17928,88.3
female,nh_white,nh_twoplus,some_college,hs_or_less,1.3601,0.30757,1525.8
female,nh_white,nh_twoplus,some_college,some_college,0.9991,-0.0009,1933.9
female,nh_white,nh_twoplus,some_college,bachelors,0.8868,-0.12014,717.2
female,nh_white,nh_twoplus,some_college,graduate,0.7958,-0.22847,197.7
female,nh_white,nh_twoplus,bachelors,hs_or_less,1.0755,0.07276,651.8
female,nh_white,nh_twoplus,bachelors,some_college,1.1754,0.16159,1314.5
female,nh_white,nh_twoplus,bachelors,bachelors,1.0264,0.0261,1872.8
female,nh_white,nh_twoplus,bachelors,graduate,0.988,-0.01203,646.7
female,nh_white,nh_twoplus,graduate,hs_or_less,0.9414,-0.0604,234.6
female,nh_white,nh_twoplus,graduate,some_college,1.1361,0.12763,548.2
female,nh_white,nh_twoplus,graduate,bachelors,0.968,-0.03249,871.8
female,nh_white,nh_twoplus,graduate,graduate,0.8599,-0.15089,753.5
female,nh_white,nh_other,hs_or_less,hs_or_less,1.1619,0.15002,58.0
female,nh_white,nh_other,hs_or_less,some_college,1.0234,0.02317,26.8
female,nh_white,nh_other,hs_or_less,bachelors,0.9336,-0.06872,9.7
female,nh_white,nh_other,hs_or_less,graduate,0.9214,-0.08187,2.8
female,nh_white,nh_other,some_college,hs_or_less,1.2019,0.18393,47.3
female,nh_white,nh_other,some_college,some_college,1.0534,0.05198,58.9
female,nh_white,nh_other,some_college,bachelors,0.8599,-0.15097,19.7
female,nh_white,nh_other,some_college,graduate,0.9436,-0.05801,10.6
female,nh_white,nh_other,bachelors,hs_or_less,0.8805,-0.12721,12.5
female,nh_white,nh_other,bachelors,some_college,1.2846,0.25041,47.2
female,nh_white,nh_other,bachelors,bachelors,0.8656,-0.14431,49.3
female,nh_white,nh_other,bachelors,graduate,0.9022,-0.10287,26.7
female,nh_white,nh_other,graduate,hs_or_less,1.0793,0.07633,11.0
female,nh_white,nh_other,graduate,some_college,1.1392,0.13033,19.7
female,nh_white,nh_other,graduate,bachelors,0.9593,-0.04157,29.8
female,nh_white,nh_other,graduate,graduate,0.9133,-0.09075,38.5
female,nh_black,hispanic,hs_or_less,hs_or_less,0.8528,-0.15919,392.8
female,nh_black,hispanic,hs_or_less,some_college,1.0551,0.05367,148.7
female,nh_black,hispanic,hs_or_less,bachelors,1.0013,0.00131,41.5
female,nh_black,hispanic,hs_or_less,graduate,1.0644,0.06238,15.1
female,nh_black,hispanic,some_college,hs_or_less,1.0582,0.05654,382.8
female,nh_black,hispanic,some_college,some_college,1.0429,0.04196,317.6
female,nh_black,hispanic,some_college,bachelors,0.7976,-0.22614,67.8
female,nh_black,hispanic,some_college,graduate,0.8223,-0.19561,17.7
female,nh_black,hispanic,bachelors,hs_or_less,1.0231,0.02283,141.6
female,nh_black,hispanic,bachelors,some_college,1.4585,0.37741,189.0
female,nh_black,hispanic,bachelors,bachelors,1.0416,0.04074,150.9
female,nh_black,hispanic,bachelors,graduate,0.8624,-0.148,39.6
female,nh_black,hispanic,graduate,hs_or_less,1.0215,0.02131,66.3
female,nh_black,hispanic,graduate,some_college,1.1989,0.18143,71.4
female,nh_black,hispanic,graduate,bachelors,1.0617,0.0599,82.0
female,nh_black,hispanic,graduate,graduate,0.825,-0.19243,54.2
female,nh_black,nh_white,hs_or_less,hs_or_less,0.9466,-0.05492,587.8
female,nh_black,nh_white,hs_or_less,some_college,0.8826,-0.12486,290.6
female,nh_black,nh_white,hs_or_less,bachelors,0.914,-0.08992,149.0
female,nh_black,nh_white,hs_or_less,graduate,0.9656,-0.03498,52.2
female,nh_black,nh_white,some_college,hs_or_less,1.1565,0.14542,540.2
female,nh_black,nh_white,some_college,some_college,0.8477,-0.16525,593.1
female,nh_black,nh_white,some_college,bachelors,0.8906,-0.1159,322.6
female,nh_black,nh_white,some_college,graduate,0.9005,-0.1048,108.5
female,nh_black,nh_white,bachelors,hs_or_less,1.1226,0.11566,194.6
female,nh_black,nh_white,bachelors,some_college,1.2935,0.25739,361.1
female,nh_black,nh_white,bachelors,bachelors,0.9792,-0.02099,532.3
female,nh_black,nh_white,bachelors,graduate,0.9671,-0.03346,204.3
female,nh_black,nh_white,graduate,hs_or_less,1.3075,0.26815,113.4
female,nh_black,nh_white,graduate,some_college,1.1837,0.16865,160.4
female,nh_black,nh_white,graduate,bachelors,0.9338,-0.06847,271.7
female,nh_black,nh_white,graduate,graduate,0.8657,-0.14419,261.6
female,nh_black,nh_black,hs_or_less,hs_or_less,1.2658,0.23574,11447.0
female,nh_black,nh_black,hs_or_less,some_college,0.9635,-0.03722,3706.1
female,nh_black,nh_black,hs_or_less,bachelors,1.1146,0.10846,1150.4
female,nh_black,nh_black,hs_or_less,graduate,1.4085,0.34254,508.9
female,nh_black,nh_black,some_college,hs_or_less,1.1412,0.13205,7824.6
female,nh_black,nh_black,some_college,some_college,0.9163,-0.08736,7600.0
female,nh_black,nh_black,some_college,bachelors,0.8615,-0.14909,1989.2
female,nh_black,nh_black,some_college,graduate,0.8925,-0.11376,722.4
female,nh_black,nh_black,bachelors,hs_or_less,1.0365,0.03587,2670.1
female,nh_black,nh_black,bachelors,some_college,0.927,-0.07584,3050.7
female,nh_black,nh_black,bachelors,bachelors,0.8014,-0.22135,2804.2
female,nh_black,nh_black,bachelors,graduate,0.7446,-0.29487,1048.3
female,nh_black,nh_black,graduate,hs_or_less,1.1471,0.13726,1398.2
female,nh_black,nh_black,graduate,some_college,1.0939,0.08979,1721.1
female,nh_black,nh_black,graduate,bachelors,0.8974,-0.10829,1716.1
female,nh_black,nh_black,graduate,graduate,0.8629,-0.14741,1796.3
female,nh_black,nh_asian,hs_or_less,hs_or_less,0.9709,-0.0295,18.8
female,nh_black,nh_asian,hs_or_less,some_college,0.9327,-0.06964,9.9
female,nh_black,nh_asian,hs_or_less,bachelors,1.0177,0.01755,12.7
female,nh_black,nh_asian,hs_or_less,graduate,0.9607,-0.04004,4.8
female,nh_black,nh_asian,some_college,hs_or_less,1.1013,0.09653,19.9
female,nh_black,nh_asian,some_college,some_college,1.1041,0.09907,33.7
female,nh_black,nh_asian,some_college,bachelors,0.8326,-0.18321,16.7
female,nh_black,nh_asian,some_college,graduate,1.1479,0.13794,21.1
female,nh_black,nh_asian,bachelors,hs_or_less,1.2317,0.2084,13.5
female,nh_black,nh_asian,bachelors,some_college,1.031,0.03052,12.2
female,nh_black,nh_asian,bachelors,bachelors,1.0306,0.03011,43.2
female,nh_black,nh_asian,bachelors,graduate,0.942,-0.05974,23.3
female,nh_black,nh_asian,graduate,hs_or_less,0.9915,-0.00853,2.3
female,nh_black,nh_asian,graduate,some_college,1.1748,0.16107,10.7
female,nh_black,nh_asian,graduate,bachelors,0.7817,-0.24624,8.5
female,nh_black,nh_asian,graduate,graduate,0.8656,-0.14428,25.5
female,nh_black,nh_aian,hs_or_less,hs_or_less,0.9154,-0.08839,11.7
female,nh_black,nh_aian,hs_or_less,some_college,0.9531,-0.04798,4.2
female,nh_black,nh_aian,hs_or_less,bachelors,1.0576,0.05605,2.9
female,nh_black,nh_aian,hs_or_less,graduate,0.9901,-0.00992,0.1
female,nh_black,nh_aian,some_college,hs_or_less,1.1792,0.16487,19.2
female,nh_black,nh_aian,some_college,some_college,1.1331,0.12495,18.5
female,nh_black,nh_aian,some_college,bachelors,0.9657,-0.03487,1.2
female,nh_black,nh_aian,some_college,graduate,0.9721,-0.02828,0.0
female,nh_black,nh_aian,bachelors,hs_or_less,1.0518,0.05051,6.3
female,nh_black,nh_aian,bachelors,some_college,0.9018,-0.10335,1.4
female,nh_black,nh_aian,bachelors,bachelors,0.9659,-0.03465,2.3
female,nh_black,nh_aian,bachelors,graduate,1.005,0.00501,1.7
female,nh_black,nh_aian,graduate,hs_or_less,1.075,0.0723,4.5
female,nh_black,nh_aian,graduate,some_college,0.9358,-0.06635,0.3
female,nh_black,nh_aian,graduate,bachelors,0.9552,-0.04581,0.5
female,nh_black,nh_aian,graduate,graduate,0.986,-0.0141,1.8
female,nh_black,nh_nhpi,hs_or_less,hs_or_less,0.9299,-0.0727,2.4
female,nh_black,nh_nhpi,hs_or_less,some_college,1.0393,0.03854,3.2
female,nh_black,nh_nhpi,hs_or_less,bachelors,0.9831,-0.01707,0.0
female,nh_black,nh_nhpi,hs_or_less,graduate,0.9987,-0.00127,0.1
female,nh_black,nh_nhpi,some_college,hs_or_less,1.0419,0.04103,5.2
female,nh_black,nh_nhpi,some_college,some_college,1.0453,0.04434,5.8
female,nh_black,nh_nhpi,some_college,bachelors,1.0546,0.0532,2.9
female,nh_black,nh_nhpi,some_college,graduate,0.9929,-0.00713,0.1
female,nh_black,nh_nhpi,bachelors,hs_or_less,1.0571,0.05553,3.2
female,nh_black,nh_nhpi,bachelors,some_college,1.0147,0.01463,2.2
female,nh_black,nh_nhpi,bachelors,bachelors,0.948,-0.05343,0.1
female,nh_black,nh_nhpi,bachelors,graduate,0.9824,-0.01779,0.0
female,nh_black,nh_nhpi,graduate,hs_or_less,0.9792,-0.02105,0.0
female,nh_black,nh_nhpi,graduate,some_college,0.9884,-0.01165,0.4
female,nh_black,nh_nhpi,graduate,bachelors,0.9689,-0.03161,0.0
female,nh_black,nh_nhpi,graduate,graduate,0.9865,-0.01355,0.4
female,nh_black,nh_twoplus,hs_or_less,hs_or_less,1.0572,0.05558,175.7
female,nh_black,nh_twoplus,hs_or_less,some_college,1.103,0.09805,113.4
female,nh_black,nh_twoplus,hs_or_less,bachelors,0.8276,-0.18927,27.0
female,nh_black,nh_twoplus,hs_or_less,graduate,1.079,0.07602,16.3
female,nh_black,nh_twoplus,some_college,hs_or_less,1.4134,0.34598,187.5
female,nh_black,nh_twoplus,some_college,some_college,0.9409,-0.06094,201.8
female,nh_black,nh_twoplus,some_college,bachelors,0.8743,-0.13431,74.3
female,nh_black,nh_twoplus,some_college,graduate,0.8237,-0.1939,18.6
female,nh_black,nh_twoplus,bachelors,hs_or_less,1.4596,0.37816,80.4
female,nh_black,nh_twoplus,bachelors,some_college,1.0988,0.0942,97.6
female,nh_black,nh_twoplus,bachelors,bachelors,0.7746,-0.25543,98.6
female,nh_black,nh_twoplus,bachelors,graduate,0.708,-0.34531,26.7
female,nh_black,nh_twoplus,graduate,hs_or_less,1.2434,0.21786,32.9
female,nh_black,nh_twoplus,graduate,some_college,1.2393,0.21452,55.7
female,nh_black,nh_twoplus,graduate,bachelors,1.0084,0.00837,72.4
female,nh_black,nh_twoplus,graduate,graduate,0.7334,-0.31008,45.6
female,nh_black,nh_other,hs_or_less,hs_or_less,0.8319,-0.1841,4.6
female,nh_black,nh_other,hs_or_less,some_college,1.0037,0.0037,7.0
female,nh_black,nh_other,hs_or_less,bachelors,1.0256,0.02531,4.3
female,nh_black,nh_other,hs_or_less,graduate,0.9526,-0.0486,0.0
female,nh_black,nh_other,some_college,hs_or_less,1.3864,0.32671,23.1
female,nh_black,nh_other,some_college,some_college,1.0571,0.05552,17.4
female,nh_black,nh_other,some_college,bachelors,0.9012,-0.10405,3.7
female,nh_black,nh_other,some_college,graduate,1.0251,0.02474,4.5
female,nh_black,nh_other,bachelors,hs_or_less,1.4138,0.34631,15.7
female,nh_black,nh_other,bachelors,some_college,0.9647,-0.03594,4.6
female,nh_black,nh_other,bachelors,bachelors,0.8059,-0.21573,2.7
female,nh_black,nh_other,bachelors,graduate,0.853,-0.15896,0.6
female,nh_black,nh_other,graduate,hs_or_less,1.0541,0.05267,3.4
female,nh_black,nh_other,graduate,some_college,1.0582,0.0566,4.8
female,nh_black,nh_other,graduate,bachelors,0.905,-0.09983,2.8
female,nh_black,nh_other,graduate,graduate,0.9566,-0.04433,7.5
female,nh_asian,hispanic,hs_or_less,hs_or_less,0.4611,-0.77424,184.7
female,nh_asian,hispanic,hs_or_less,some_college,0.9441,-0.05754,118.2
female,nh_asian,hispanic,hs_or_less,bachelors,1.1592,0.14775,49.4
female,nh_asian,hispanic,hs_or_less,graduate,1.2274,0.20486,21.8
female,nh_asian,hispanic,some_college,hs_or_less,0.7524,-0.28451,219.6
female,nh_asian,hispanic,some_college,some_college,1.2349,0.21096,313.3
female,nh_asian,hispanic,some_college,bachelors,1.233,0.20943,102.1
female,nh_asian,hispanic,some_college,graduate,1.2151,0.19484,36.1
female,nh_asian,hispanic,bachelors,hs_or_less,0.6512,-0.42894,171.3
female,nh_asian,hispanic,bachelors,some_college,1.266,0.23584,321.8
female,nh_asian,hispanic,bachelors,bachelors,1.4005,0.33686,423.3
female,nh_asian,hispanic,bachelors,graduate,1.1621,0.15025,128.4
female,nh_asian,hispanic,graduate,hs_or_less,0.5428,-0.61095,49.1
female,nh_asian,hispanic,graduate,some_college,0.8748,-0.13375,94.1
female,nh_asian,hispanic,graduate,bachelors,1.3525,0.30194,222.4
female,nh_asian,hispanic,graduate,graduate,1.3454,0.29666,203.7
female,nh_asian,nh_white,hs_or_less,hs_or_less,0.4748,-0.74493,451.6
female,nh_asian,nh_white,hs_or_less,some_college,0.8004,-0.22261,414.7
female,nh_asian,nh_white,hs_or_less,bachelors,1.1282,0.1206,297.1
female,nh_asian,nh_white,hs_or_less,graduate,1.4684,0.38419,147.7
female,nh_asian,nh_white,some_college,hs_or_less,0.6269,-0.46698,383.5
female,nh_asian,nh_white,some_college,some_college,0.8577,-0.15354,820.8
female,nh_asian,nh_white,some_college,bachelors,1.0948,0.09054,548.6
female,nh_asian,nh_white,some_college,graduate,1.3339,0.28813,240.8
female,nh_asian,nh_white,bachelors,hs_or_less,0.8153,-0.20416,453.4
female,nh_asian,nh_white,bachelors,some_college,1.1358,0.12732,1037.1
female,nh_asian,nh_white,bachelors,bachelors,1.1632,0.15121,2121.1
female,nh_asian,nh_white,bachelors,graduate,1.3435,0.29527,971.1
female,nh_asian,nh_white,graduate,hs_or_less,0.637,-0.45106,139.8
female,nh_asian,nh_white,graduate,some_college,0.9551,-0.04595,385.9
female,nh_asian,nh_white,graduate,bachelors,1.3536,0.30278,1299.7
female,nh_asian,nh_white,graduate,graduate,1.6911,0.52537,1621.3
female,nh_asian,nh_black,hs_or_less,hs_or_less,0.817,-0.20212,99.1
female,nh_asian,nh_black,hs_or_less,some_college,0.9284,-0.07429,47.8
female,nh_asian,nh_black,hs_or_less,bachelors,1.4706,0.38565,33.2
female,nh_asian,nh_black,hs_or_less,graduate,1.1262,0.11889,9.7
female,nh_asian,nh_black,some_college,hs_or_less,0.7229,-0.3245,50.5
female,nh_asian,nh_black,some_college,some_college,1.1784,0.16413,123.7
female,nh_asian,nh_black,some_college,bachelors,1.1591,0.1476,37.3
female,nh_asian,nh_black,some_college,graduate,1.2659,0.23579,20.2
female,nh_asian,nh_black,bachelors,hs_or_less,0.7944,-0.2302,53.4
female,nh_asian,nh_black,bachelors,some_college,1.0627,0.06082,105.8
female,nh_asian,nh_black,bachelors,bachelors,0.9662,-0.03436,100.3
female,nh_asian,nh_black,bachelors,graduate,1.0011,0.00112,43.0
female,nh_asian,nh_black,graduate,hs_or_less,0.8617,-0.1489,24.0
female,nh_asian,nh_black,graduate,some_college,0.7991,-0.22428,28.4
female,nh_asian,nh_black,graduate,bachelors,1.0359,0.03527,59.3
female,nh_asian,nh_black,graduate,graduate,1.0933,0.08916,66.3
female,nh_asian,nh_asian,hs_or_less,hs_or_less,2.3832,0.86843,3137.9
female,nh_asian,nh_asian,hs_or_less,some_college,1.1123,0.10646,871.1
female,nh_asian,nh_asian,hs_or_less,bachelors,1.1146,0.10849,810.9
female,nh_asian,nh_asian,hs_or_less,graduate,0.8832,-0.12419,349.8
female,nh_asian,nh_asian,some_college,hs_or_less,1.1761,0.1622,1016.0
female,nh_asian,nh_asian,some_college,some_college,1.0086,0.00861,1538.3
female,nh_asian,nh_asian,some_college,bachelors,0.7045,-0.3503,1031.5
female,nh_asian,nh_asian,some_college,graduate,0.6057,-0.5013,487.3
female,nh_asian,nh_asian,bachelors,hs_or_less,1.0311,0.03059,811.2
female,nh_asian,nh_asian,bachelors,some_college,0.8984,-0.10715,1349.6
female,nh_asian,nh_asian,bachelors,bachelors,0.9285,-0.07422,5265.5
female,nh_asian,nh_asian,bachelors,graduate,0.8742,-0.13445,3282.7
female,nh_asian,nh_asian,graduate,hs_or_less,1.0094,0.0094,343.5
female,nh_asian,nh_asian,graduate,some_college,0.7427,-0.29743,492.0
female,nh_asian,nh_asian,graduate,bachelors,0.8983,-0.10728,2681.0
female,nh_asian,nh_asian,graduate,graduate,1.3775,0.32025,6975.5
female,nh_asian,nh_aian,hs_or_less,hs_or_less,0.9892,-0.01082,10.1
female,nh_asian,nh_aian,hs_or_less,some_college,1.157,0.1458,9.2
female,nh_asian,nh_aian,hs_or_less,bachelors,0.9778,-0.02241,0.0
female,nh_asian,nh_aian,hs_or_less,graduate,1.0583,0.05662,2.0
female,nh_asian,nh_aian,some_college,hs_or_less,0.9383,-0.06365,4.5
female,nh_asian,nh_aian,some_college,some_college,1.1576,0.14637,13.2
female,nh_asian,nh_aian,some_college,bachelors,1.0979,0.09339,4.4
female,nh_asian,nh_aian,some_college,graduate,1.0103,0.01026,0.9
female,nh_asian,nh_aian,bachelors,hs_or_less,0.8657,-0.14427,1.0
female,nh_asian,nh_aian,bachelors,some_college,0.8722,-0.13672,2.1
female,nh_asian,nh_aian,bachelors,bachelors,1.0296,0.02916,6.0
female,nh_asian,nh_aian,bachelors,graduate,0.9715,-0.02888,1.2
female,nh_asian,nh_aian,graduate,hs_or_less,0.9536,-0.04751,1.2
female,nh_asian,nh_aian,graduate,some_college,0.9346,-0.06763,1.0
female,nh_asian,nh_aian,graduate,bachelors,1.0315,0.03102,3.7
female,nh_asian,nh_aian,graduate,graduate,1.0093,0.00925,3.2
female,nh_asian,nh_nhpi,hs_or_less,hs_or_less,0.9793,-0.02095,11.5
female,nh_asian,nh_nhpi,hs_or_less,some_college,0.9204,-0.08293,1.8
female,nh_asian,nh_nhpi,hs_or_less,bachelors,0.9702,-0.03025,0.4
female,nh_asian,nh_nhpi,hs_or_less,graduate,1.0405,0.03973,1.6
female,nh_asian,nh_nhpi,some_college,hs_or_less,1.2818,0.24828,18.3
female,nh_asian,nh_nhpi,some_college,some_college,0.9907,-0.0093,8.8
female,nh_asian,nh_nhpi,some_college,bachelors,0.959,-0.04192,1.3
female,nh_asian,nh_nhpi,some_college,graduate,1.0448,0.04381,2.1
female,nh_asian,nh_nhpi,bachelors,hs_or_less,1.057,0.05544,9.9
female,nh_asian,nh_nhpi,bachelors,some_college,0.8652,-0.14483,3.4
female,nh_asian,nh_nhpi,bachelors,bachelors,0.9368,-0.06525,7.3
female,nh_asian,nh_nhpi,bachelors,graduate,1.0256,0.02528,3.8
female,nh_asian,nh_nhpi,graduate,hs_or_less,1.0609,0.0591,5.4
female,nh_asian,nh_nhpi,graduate,some_college,0.9821,-0.01807,3.5
female,nh_asian,nh_nhpi,graduate,bachelors,1.0,-2e-05,5.4
female,nh_asian,nh_nhpi,graduate,graduate,0.9435,-0.05814,1.9
female,nh_asian,nh_twoplus,hs_or_less,hs_or_less,0.8773,-0.13086,107.0
female,nh_asian,nh_twoplus,hs_or_less,some_college,0.8184,-0.2004,56.9
female,nh_asian,nh_twoplus,hs_or_less,bachelors,1.0395,0.03873,33.0
female,nh_asian,nh_twoplus,hs_or_less,graduate,1.0601,0.05837,13.3
female,nh_asian,nh_twoplus,some_college,hs_or_less,0.8906,-0.11583,72.5
female,nh_asian,nh_twoplus,some_college,some_college,0.947,-0.05449,138.5
female,nh_asian,nh_twoplus,some_college,bachelors,1.0245,0.02419,63.8
female,nh_asian,nh_twoplus,some_college,graduate,1.1275,0.12001,27.7
female,nh_asian,nh_twoplus,bachelors,hs_or_less,0.7746,-0.25544,53.8
female,nh_asian,nh_twoplus,bachelors,some_college,0.9777,-0.02256,142.3
female,nh_asian,nh_twoplus,bachelors,bachelors,1.2776,0.245,307.1
female,nh_asian,nh_twoplus,bachelors,graduate,1.3793,0.32154,135.7
female,nh_asian,nh_twoplus,graduate,hs_or_less,0.7207,-0.32749,14.8
female,nh_asian,nh_twoplus,graduate,some_college,0.8482,-0.16469,51.0
female,nh_asian,nh_twoplus,graduate,bachelors,1.1552,0.14427,148.8
female,nh_asian,nh_twoplus,graduate,graduate,1.3761,0.31925,179.8
female,nh_asian,nh_other,hs_or_less,hs_or_less,0.9067,-0.09795,3.3
female,nh_asian,nh_other,hs_or_less,some_college,0.9241,-0.07888,1.2
female,nh_asian,nh_other,hs_or_less,bachelors,0.9628,-0.03791,0.7
female,nh_asian,nh_other,hs_or_less,graduate,1.1073,0.10188,4.2
female,nh_asian,nh_other,some_college,hs_or_less,0.9387,-0.06329,2.4
female,nh_asian,nh_other,some_college,some_college,1.0361,0.03546,8.7
female,nh_asian,nh_other,some_college,bachelors,1.0119,0.01185,4.2
female,nh_asian,nh_other,some_college,graduate,0.9798,-0.02045,1.2
female,nh_asian,nh_other,bachelors,hs_or_less,1.1075,0.10208,7.9
female,nh_asian,nh_other,bachelors,some_college,0.8959,-0.10988,2.9
female,nh_asian,nh_other,bachelors,bachelors,1.0389,0.03813,15.9
female,nh_asian,nh_other,bachelors,graduate,0.8919,-0.11438,3.5
female,nh_asian,nh_other,graduate,hs_or_less,1.0279,0.02753,2.8
female,nh_asian,nh_other,graduate,some_college,1.087,0.08345,6.1
female,nh_asian,nh_other,graduate,bachelors,1.0198,0.01965,8.4
female,nh_asian,nh_other,graduate,graduate,1.1082,0.1027,15.0
female,nh_aian,hispanic,hs_or_less,hs_or_less,1.0957,0.09139,93.1
female,nh_aian,hispanic,hs_or_less,some_college,0.9746,-0.02569,24.3
female,nh_aian,hispanic,hs_or_less,bachelors,0.8867,-0.12021,3.0
female,nh_aian,hispanic,hs_or_less,graduate,1.0558,0.05429,3.9
female,nh_aian,hispanic,some_college,hs_or_less,0.9488,-0.05252,46.0
female,nh_aian,hispanic,some_college,some_college,1.2964,0.25961,65.1
female,nh_aian,hispanic,some_college,bachelors,0.9022,-0.10293,9.1
female,nh_aian,hispanic,some_college,graduate,0.9168,-0.08692,1.0
female,nh_aian,hispanic,bachelors,hs_or_less,1.0927,0.08861,15.8
female,nh_aian,hispanic,bachelors,some_college,1.0333,0.03274,12.3
female,nh_aian,hispanic,bachelors,bachelors,0.7964,-0.2276,3.3
female,nh_aian,hispanic,bachelors,graduate,1.0015,0.00151,4.4
female,nh_aian,hispanic,graduate,hs_or_less,1.1621,0.15025,9.2
female,nh_aian,hispanic,graduate,some_college,1.076,0.07329,5.9
female,nh_aian,hispanic,graduate,bachelors,0.9524,-0.04882,2.9
female,nh_aian,hispanic,graduate,graduate,0.9164,-0.08727,1.4
female,nh_aian,nh_white,hs_or_less,hs_or_less,1.2754,0.24327,222.4
female,nh_aian,nh_white,hs_or_less,some_college,1.0731,0.07059,101.3
female,nh_aian,nh_white,hs_or_less,bachelors,0.711,-0.34108,22.5
female,nh_aian,nh_white,hs_or_less,graduate,0.9913,-0.00869,14.2
female,nh_aian,nh_white,some_college,hs_or_less,1.3963,0.33383,148.3
female,nh_aian,nh_white,some_college,some_college,0.9605,-0.04032,145.9
female,nh_aian,nh_white,some_college,bachelors,0.7229,-0.32451,49.0
female,nh_aian,nh_white,some_college,graduate,0.7915,-0.23386,13.5
female,nh_aian,nh_white,bachelors,hs_or_less,1.3547,0.30359,40.2
female,nh_aian,nh_white,bachelors,some_college,1.2905,0.25501,55.6
female,nh_aian,nh_white,bachelors,bachelors,0.8544,-0.15735,60.0
female,nh_aian,nh_white,bachelors,graduate,0.796,-0.22817,15.3
female,nh_aian,nh_white,graduate,hs_or_less,1.1963,0.1792,14.8
female,nh_aian,nh_white,graduate,some_college,1.1554,0.14447,19.1
female,nh_aian,nh_white,graduate,bachelors,1.0264,0.02601,29.7
female,nh_aian,nh_white,graduate,graduate,0.8003,-0.22273,16.7
female,nh_aian,nh_black,hs_or_less,hs_or_less,1.1212,0.11441,29.8
female,nh_aian,nh_black,hs_or_less,some_college,0.9384,-0.06361,7.6
female,nh_aian,nh_black,hs_or_less,bachelors,1.0705,0.0681,5.0
female,nh_aian,nh_black,hs_or_less,graduate,0.9929,-0.00708,0.7
female,nh_aian,nh_black,some_college,hs_or_less,1.2067,0.18792,22.8
female,nh_aian,nh_black,some_college,some_college,0.8953,-0.11057,12.1
female,nh_aian,nh_black,some_college,bachelors,0.9902,-0.00985,4.6
female,nh_aian,nh_black,some_college,graduate,1.0467,0.04564,3.1
female,nh_aian,nh_black,bachelors,hs_or_less,1.0541,0.05268,5.1
female,nh_aian,nh_black,bachelors,some_college,0.917,-0.08668,1.3
female,nh_aian,nh_black,bachelors,bachelors,0.9831,-0.01708,4.1
female,nh_aian,nh_black,bachelors,graduate,0.9565,-0.04452,0.3
female,nh_aian,nh_black,graduate,hs_or_less,0.9879,-0.01214,0.7
female,nh_aian,nh_black,graduate,some_college,0.976,-0.02433,0.7
female,nh_aian,nh_black,graduate,bachelors,0.9567,-0.04431,0.3
female,nh_aian,nh_black,graduate,graduate,0.9525,-0.04863,0.3
female,nh_aian,nh_asian,hs_or_less,hs_or_less,1.0608,0.05898,5.5
female,nh_aian,nh_asian,hs_or_less,some_college,1.0099,0.00981,2.6
female,nh_aian,nh_asian,hs_or_less,bachelors,0.9705,-0.02992,1.1
female,nh_aian,nh_asian,hs_or_less,graduate,0.9789,-0.02132,0.4
female,nh_aian,nh_asian,some_college,hs_or_less,1.0441,0.04319,3.4
female,nh_aian,nh_asian,some_college,some_college,0.9776,-0.02263,3.0
female,nh_aian,nh_asian,some_college,bachelors,0.968,-0.0325,2.7
female,nh_aian,nh_asian,some_college,graduate,0.9601,-0.04068,0.7
female,nh_aian,nh_asian,bachelors,hs_or_less,0.9852,-0.01495,0.0
female,nh_aian,nh_asian,bachelors,some_college,0.9913,-0.00878,0.7
female,nh_aian,nh_asian,bachelors,bachelors,1.0688,0.0665,5.9
female,nh_aian,nh_asian,bachelors,graduate,1.0063,0.00623,2.5
female,nh_aian,nh_asian,graduate,hs_or_less,1.0092,0.00918,0.4
female,nh_aian,nh_asian,graduate,some_college,1.0091,0.00908,0.6
female,nh_aian,nh_asian,graduate,bachelors,0.9874,-0.01267,0.8
female,nh_aian,nh_asian,graduate,graduate,0.9807,-0.01952,1.3
female,nh_aian,nh_aian,hs_or_less,hs_or_less,1.1737,0.16019,287.5
female,nh_aian,nh_aian,hs_or_less,some_college,0.8569,-0.15445,73.4
female,nh_aian,nh_aian,hs_or_less,bachelors,0.9354,-0.06677,13.0
female,nh_aian,nh_aian,hs_or_less,graduate,0.9932,-0.00681,5.6
female,nh_aian,nh_aian,some_college,hs_or_less,1.0385,0.03779,151.8
female,nh_aian,nh_aian,some_college,some_college,0.9671,-0.03349,149.6
female,nh_aian,nh_aian,some_college,bachelors,0.997,-0.00305,28.5
female,nh_aian,nh_aian,some_college,graduate,1.0738,0.0712,13.4
female,nh_aian,nh_aian,bachelors,hs_or_less,1.027,0.02663,36.0
female,nh_aian,nh_aian,bachelors,some_college,1.035,0.03444,41.0
female,nh_aian,nh_aian,bachelors,bachelors,0.918,-0.08555,22.1
female,nh_aian,nh_aian,bachelors,graduate,1.0195,0.01932,12.0
female,nh_aian,nh_aian,graduate,hs_or_less,1.0881,0.08443,14.8
female,nh_aian,nh_aian,graduate,some_college,0.9387,-0.06327,10.7
female,nh_aian,nh_aian,graduate,bachelors,1.0537,0.05231,12.9
female,nh_aian,nh_aian,graduate,graduate,0.9286,-0.07404,9.0
female,nh_aian,nh_nhpi,hs_or_less,hs_or_less,1.0357,0.03513,3.2
female,nh_aian,nh_nhpi,hs_or_less,some_college,0.9964,-0.00365,0.7
female,nh_aian,nh_nhpi,hs_or_less,bachelors,0.9941,-0.00591,0.0
female,nh_aian,nh_nhpi,hs_or_less,graduate,0.9982,-0.00175,0.0
female,nh_aian,nh_nhpi,some_college,hs_or_less,1.0228,0.02257,1.9
female,nh_aian,nh_nhpi,some_college,some_college,0.9804,-0.0198,0.7
female,nh_aian,nh_nhpi,some_college,bachelors,0.9912,-0.00887,0.1
female,nh_aian,nh_nhpi,some_college,graduate,1.0033,0.00326,0.2
female,nh_aian,nh_nhpi,bachelors,hs_or_less,1.008,0.00796,0.5
female,nh_aian,nh_nhpi,bachelors,some_college,0.9893,-0.0108,0.0
female,nh_aian,nh_nhpi,bachelors,bachelors,0.9977,-0.00229,0.3
female,nh_aian,nh_nhpi,bachelors,graduate,0.9965,-0.00353,0.0
female,nh_aian,nh_nhpi,graduate,hs_or_less,0.9993,-0.00066,0.1
female,nh_aian,nh_nhpi,graduate,some_college,0.9964,-0.00357,0.0
female,nh_aian,nh_nhpi,graduate,bachelors,0.9955,-0.00454,0.0
female,nh_aian,nh_nhpi,graduate,graduate,0.9965,-0.00352,0.0
female,nh_aian,nh_twoplus,hs_or_less,hs_or_less,1.0711,0.06869,21.3
female,nh_aian,nh_twoplus,hs_or_less,some_college,0.9422,-0.0595,8.5
female,nh_aian,nh_twoplus,hs_or_less,bachelors,0.9703,-0.0301,3.3
female,nh_aian,nh_twoplus,hs_or_less,graduate,0.9599,-0.04088,0.0
female,nh_aian,nh_twoplus,some_college,hs_or_less,1.1291,0.12144,15.8
female,nh_aian,nh_twoplus,some_college,some_college,1.0921,0.08812,23.1
female,nh_aian,nh_twoplus,some_college,bachelors,0.9848,-0.01533,7.3
female,nh_aian,nh_twoplus,some_college,graduate,0.9513,-0.0499,0.8
female,nh_aian,nh_twoplus,bachelors,hs_or_less,1.1308,0.12292,6.6
female,nh_aian,nh_twoplus,bachelors,some_college,1.0815,0.07838,7.4
female,nh_aian,nh_twoplus,bachelors,bachelors,0.86,-0.1508,1.8
female,nh_aian,nh_twoplus,bachelors,graduate,0.9485,-0.05291,0.9
female,nh_aian,nh_twoplus,graduate,hs_or_less,0.9923,-0.0077,0.5
female,nh_aian,nh_twoplus,graduate,some_college,1.0294,0.02902,2.4
female,nh_aian,nh_twoplus,graduate,bachelors,0.9542,-0.04685,1.1
female,nh_aian,nh_twoplus,graduate,graduate,0.9469,-0.05461,0.9
female,nh_aian,nh_other,hs_or_less,hs_or_less,1.0139,0.01383,1.1
female,nh_aian,nh_other,hs_or_less,some_college,1.0038,0.00379,0.5
female,nh_aian,nh_other,hs_or_less,bachelors,0.995,-0.00501,0.0
female,nh_aian,nh_other,hs_or_less,graduate,0.9977,-0.00227,0.0
female,nh_aian,nh_other,some_college,hs_or_less,0.9997,-0.00027,0.4
female,nh_aian,nh_other,some_college,some_college,0.987,-0.01313,0.2
female,nh_aian,nh_other,some_college,bachelors,0.989,-0.01107,0.0
female,nh_aian,nh_other,some_college,graduate,0.9977,-0.00228,0.1
female,nh_aian,nh_other,bachelors,hs_or_less,1.0157,0.01562,0.6
female,nh_aian,nh_other,bachelors,some_college,0.9948,-0.00524,0.0
female,nh_aian,nh_other,bachelors,bachelors,0.9897,-0.01034,0.0
female,nh_aian,nh_other,bachelors,graduate,0.9944,-0.00558,0.0
female,nh_aian,nh_other,graduate,hs_or_less,0.999,-0.00104,0.0
female,nh_aian,nh_other,graduate,some_college,1.0297,0.02923,1.0
female,nh_aian,nh_other,graduate,bachelors,0.999,-0.001,0.1
female,nh_aian,nh_other,graduate,graduate,0.9948,-0.00523,0.0
female,nh_nhpi,hispanic,hs_or_less,hs_or_less,0.9635,-0.03716,35.1
female,nh_nhpi,hispanic,hs_or_less,some_college,1.1068,0.10144,16.3
female,nh_nhpi,hispanic,hs_or_less,bachelors,0.9644,-0.03624,2.4
female,nh_nhpi,hispanic,hs_or_less,graduate,0.9728,-0.02753,0.1
female,nh_nhpi,hispanic,some_college,hs_or_less,0.9389,-0.06309,17.0
female,nh_nhpi,hispanic,some_college,some_college,1.1688,0.15598,25.0
female,nh_nhpi,hispanic,some_college,bachelors,1.0481,0.04702,7.1
female,nh_nhpi,hispanic,some_college,graduate,0.9846,-0.01549,1.1
female,nh_nhpi,hispanic,bachelors,hs_or_less,0.9119,-0.09219,2.3
female,nh_nhpi,hispanic,bachelors,some_college,1.0909,0.08704,8.2
female,nh_nhpi,hispanic,bachelors,bachelors,0.874,-0.13466,1.1
female,nh_nhpi,hispanic,bachelors,graduate,0.9625,-0.03824,0.8
female,nh_nhpi,hispanic,graduate,hs_or_less,0.9709,-0.02949,1.0
female,nh_nhpi,hispanic,graduate,some_college,1.007,0.00695,1.9
female,nh_nhpi,hispanic,graduate,bachelors,1.0173,0.01718,2.9
female,nh_nhpi,hispanic,graduate,graduate,1.0602,0.05844,4.2
female,nh_nhpi,nh_white,hs_or_less,hs_or_less,0.8002,-0.22284,31.0
female,nh_nhpi,nh_white,hs_or_less,some_college,0.8686,-0.14083,18.7
female,nh_nhpi,nh_white,hs_or_less,bachelors,0.8572,-0.15412,7.3
female,nh_nhpi,nh_white,hs_or_less,graduate,0.9401,-0.06181,2.1
female,nh_nhpi,nh_white,some_college,hs_or_less,1.312,0.27159,43.1
female,nh_nhpi,nh_white,some_college,some_college,0.9364,-0.0657,36.0
female,nh_nhpi,nh_white,some_college,bachelors,0.8388,-0.1758,12.8
female,nh_nhpi,nh_white,some_college,graduate,1.119,0.11245,11.5
female,nh_nhpi,nh_white,bachelors,hs_or_less,1.25,0.22313,15.9
female,nh_nhpi,nh_white,bachelors,some_college,1.2019,0.18388,19.6
female,nh_nhpi,nh_white,bachelors,bachelors,0.8629,-0.14751,15.8
female,nh_nhpi,nh_white,bachelors,graduate,0.9504,-0.05091,6.9
female,nh_nhpi,nh_white,graduate,hs_or_less,1.1525,0.14197,7.3
female,nh_nhpi,nh_white,graduate,some_college,1.2079,0.18891,10.9
female,nh_nhpi,nh_white,graduate,bachelors,1.0171,0.01692,10.0
female,nh_nhpi,nh_white,graduate,graduate,0.8875,-0.11938,4.9
female,nh_nhpi,nh_black,hs_or_less,hs_or_less,0.9326,-0.06978,16.1
female,nh_nhpi,nh_black,hs_or_less,some_college,1.1093,0.10377,12.8
female,nh_nhpi,nh_black,hs_or_less,bachelors,0.9319,-0.07055,0.1
female,nh_nhpi,nh_black,hs_or_less,graduate,1.0276,0.02721,1.6
female,nh_nhpi,nh_black,some_college,hs_or_less,1.0635,0.06161,13.4
female,nh_nhpi,nh_black,some_college,some_college,0.885,-0.12216,7.9
female,nh_nhpi,nh_black,some_college,bachelors,1.0067,0.00668,4.0
female,nh_nhpi,nh_black,some_college,graduate,0.9648,-0.03586,0.1
female,nh_nhpi,nh_black,bachelors,hs_or_less,1.0929,0.08882,6.0
female,nh_nhpi,nh_black,bachelors,some_college,1.0188,0.01864,4.5
female,nh_nhpi,nh_black,bachelors,bachelors,1.0065,0.00645,4.4
female,nh_nhpi,nh_black,bachelors,graduate,1.0491,0.0479,3.2
female,nh_nhpi,nh_black,graduate,hs_or_less,1.0529,0.05154,2.7
female,nh_nhpi,nh_black,graduate,some_college,0.9791,-0.02107,0.7
female,nh_nhpi,nh_black,graduate,bachelors,0.9608,-0.04002,0.4
female,nh_nhpi,nh_black,graduate,graduate,0.9482,-0.05318,0.1
female,nh_nhpi,nh_asian,hs_or_less,hs_or_less,0.9733,-0.0271,3.7
female,nh_nhpi,nh_asian,hs_or_less,some_college,0.9915,-0.00851,2.9
female,nh_nhpi,nh_asian,hs_or_less,bachelors,0.9321,-0.07027,0.8
female,nh_nhpi,nh_asian,hs_or_less,graduate,1.0298,0.02934,2.6
female,nh_nhpi,nh_asian,some_college,hs_or_less,1.0489,0.04771,4.1
female,nh_nhpi,nh_asian,some_college,some_college,1.0233,0.02303,5.4
female,nh_nhpi,nh_asian,some_college,bachelors,1.0042,0.00417,4.7
female,nh_nhpi,nh_asian,some_college,graduate,0.928,-0.0747,0.1
female,nh_nhpi,nh_asian,bachelors,hs_or_less,1.0543,0.05288,2.4
female,nh_nhpi,nh_asian,bachelors,some_college,1.0763,0.07352,3.7
female,nh_nhpi,nh_asian,bachelors,bachelors,0.9556,-0.04538,3.5
female,nh_nhpi,nh_asian,bachelors,graduate,0.9493,-0.05204,1.5
female,nh_nhpi,nh_asian,graduate,hs_or_less,1.0275,0.02716,1.1
female,nh_nhpi,nh_asian,graduate,some_college,0.9861,-0.014,0.0
female,nh_nhpi,nh_asian,graduate,bachelors,1.0257,0.02538,2.7
female,nh_nhpi,nh_asian,graduate,graduate,1.0088,0.00881,3.4
female,nh_nhpi,nh_aian,hs_or_less,hs_or_less,0.9818,-0.01832,0.0
female,nh_nhpi,nh_aian,hs_or_less,some_college,0.9934,-0.00664,0.0
female,nh_nhpi,nh_aian,hs_or_less,bachelors,0.9986,-0.00138,0.0
female,nh_nhpi,nh_aian,hs_or_less,graduate,0.9995,-0.00049,0.0
female,nh_nhpi,nh_aian,some_college,hs_or_less,0.9898,-0.01023,0.0
female,nh_nhpi,nh_aian,some_college,some_college,1.0066,0.00662,0.6
female,nh_nhpi,nh_aian,some_college,bachelors,0.9978,-0.0022,0.0
female,nh_nhpi,nh_aian,some_college,graduate,0.9992,-0.00081,0.0
female,nh_nhpi,nh_aian,bachelors,hs_or_less,1.0127,0.01263,0.5
female,nh_nhpi,nh_aian,bachelors,some_college,0.9966,-0.00343,0.0
female,nh_nhpi,nh_aian,bachelors,bachelors,1.0115,0.01139,0.4
female,nh_nhpi,nh_aian,bachelors,graduate,0.999,-0.00102,0.0
female,nh_nhpi,nh_aian,graduate,hs_or_less,0.9989,-0.00106,0.0
female,nh_nhpi,nh_aian,graduate,some_college,1.0122,0.01215,0.4
female,nh_nhpi,nh_aian,graduate,bachelors,1.0036,0.00356,0.1
female,nh_nhpi,nh_aian,graduate,graduate,0.9992,-0.00079,0.0
female,nh_nhpi,nh_nhpi,hs_or_less,hs_or_less,1.6607,0.50722,251.5
female,nh_nhpi,nh_nhpi,hs_or_less,some_college,1.1671,0.15449,70.2
female,nh_nhpi,nh_nhpi,hs_or_less,bachelors,0.8864,-0.12064,10.7
female,nh_nhpi,nh_nhpi,hs_or_less,graduate,1.0543,0.0529,5.7
female,nh_nhpi,nh_nhpi,some_college,hs_or_less,1.1131,0.10712,87.1
female,nh_nhpi,nh_nhpi,some_college,some_college,0.969,-0.03153,80.1
female,nh_nhpi,nh_nhpi,some_college,bachelors,0.83,-0.1863,14.6
female,nh_nhpi,nh_nhpi,some_college,graduate,0.9252,-0.07778,3.5
female,nh_nhpi,nh_nhpi,bachelors,hs_or_less,1.3224,0.27945,36.2
female,nh_nhpi,nh_nhpi,bachelors,some_college,0.8776,-0.13058,17.5
female,nh_nhpi,nh_nhpi,bachelors,bachelors,0.7965,-0.22748,14.4
female,nh_nhpi,nh_nhpi,bachelors,graduate,0.8543,-0.15749,2.0
female,nh_nhpi,nh_nhpi,graduate,hs_or_less,1.1751,0.16132,13.4
female,nh_nhpi,nh_nhpi,graduate,some_college,0.9095,-0.09491,4.9
female,nh_nhpi,nh_nhpi,graduate,bachelors,0.8245,-0.19303,2.6
female,nh_nhpi,nh_nhpi,graduate,graduate,0.9573,-0.04365,6.9
female,nh_nhpi,nh_twoplus,hs_or_less,hs_or_less,1.1753,0.16154,18.7
female,nh_nhpi,nh_twoplus,hs_or_less,some_college,1.05,0.04881,9.1
female,nh_nhpi,nh_twoplus,hs_or_less,bachelors,0.9278,-0.0749,0.5
female,nh_nhpi,nh_twoplus,hs_or_less,graduate,0.9761,-0.02417,0.1
female,nh_nhpi,nh_twoplus,some_college,hs_or_less,1.0252,0.02493,7.0
female,nh_nhpi,nh_twoplus,some_college,some_college,0.921,-0.08224,7.3
female,nh_nhpi,nh_twoplus,some_college,bachelors,1.0177,0.01752,5.1
female,nh_nhpi,nh_twoplus,some_college,graduate,1.0256,0.02532,2.3
female,nh_nhpi,nh_twoplus,bachelors,hs_or_less,0.9859,-0.01418,1.2
female,nh_nhpi,nh_twoplus,bachelors,some_college,1.1278,0.12025,7.2
female,nh_nhpi,nh_twoplus,bachelors,bachelors,0.9038,-0.10111,1.4
female,nh_nhpi,nh_twoplus,bachelors,graduate,1.0023,0.00226,1.9
female,nh_nhpi,nh_twoplus,graduate,hs_or_less,0.9829,-0.01729,0.0
female,nh_nhpi,nh_twoplus,graduate,some_college,0.9881,-0.01199,0.7
female,nh_nhpi,nh_twoplus,graduate,bachelors,0.9853,-0.0148,1.4
female,nh_nhpi,nh_twoplus,graduate,graduate,0.9418,-0.05996,0.0
female,nh_nhpi,nh_other,hs_or_less,hs_or_less,0.9922,-0.00784,0.1
female,nh_nhpi,nh_other,hs_or_less,some_college,0.9942,-0.0058,0.0
female,nh_nhpi,nh_other,hs_or_less,bachelors,1.0005,0.00047,0.1
female,nh_nhpi,nh_other,hs_or_less,graduate,0.9987,-0.00135,0.0
female,nh_nhpi,nh_other,some_college,hs_or_less,1.0291,0.02864,1.1
female,nh_nhpi,nh_other,some_college,some_college,1.0104,0.01033,0.6
female,nh_nhpi,nh_other,some_college,bachelors,0.9954,-0.00459,0.0
female,nh_nhpi,nh_other,some_college,graduate,0.9978,-0.0022,0.0
female,nh_nhpi,nh_other,bachelors,hs_or_less,0.9985,-0.00155,0.0
female,nh_nhpi,nh_other,bachelors,some_college,0.9974,-0.00256,0.0
female,nh_nhpi,nh_other,bachelors,bachelors,0.9949,-0.00512,0.0
female,nh_nhpi,nh_other,bachelors,graduate,0.9972,-0.00278,0.0
female,nh_nhpi,nh_other,graduate,hs_or_less,0.9995,-0.00054,0.0
female,nh_nhpi,nh_other,graduate,some_college,0.9991,-0.00094,0.0
female,nh_nhpi,nh_other,graduate,bachelors,0.9988,-0.00115,0.0
female,nh_nhpi,nh_other,graduate,graduate,0.997,-0.00302,0.0
female,nh_twoplus,hispanic,hs_or_less,hs_or_less,0.8703,-0.13896,491.6
female,nh_twoplus,hispanic,hs_or_less,some_college,0.8515,-0.1608,147.8
female,nh_twoplus,hispanic,hs_or_less,bachelors,1.0947,0.09048,60.9
female,nh_twoplus,hispanic,hs_or_less,graduate,0.9293,-0.0733,11.5
female,nh_twoplus,hispanic,some_college,hs_or_less,0.8512,-0.16107,430.6
female,nh_twoplus,hispanic,some_college,some_college,1.1177,0.11124,507.6
female,nh_twoplus,hispanic,some_college,bachelors,1.1922,0.17576,171.5
female,nh_twoplus,hispanic,some_college,graduate,1.0863,0.08275,46.4
female,nh_twoplus,hispanic,bachelors,hs_or_less,0.7878,-0.23855,175.6
female,nh_twoplus,hispanic,bachelors,some_college,1.1201,0.11343,245.6
female,nh_twoplus,hispanic,bachelors,bachelors,1.1721,0.1588,306.4
female,nh_twoplus,hispanic,bachelors,graduate,1.0728,0.07026,94.2
female,nh_twoplus,hispanic,graduate,hs_or_less,0.7556,-0.2803,64.9
female,nh_twoplus,hispanic,graduate,some_college,1.2013,0.18337,111.1
female,nh_twoplus,hispanic,graduate,bachelors,1.1082,0.10276,139.1
female,nh_twoplus,hispanic,graduate,graduate,0.9626,-0.03808,106.0
female,nh_twoplus,nh_white,hs_or_less,hs_or_less,1.0834,0.08014,1460.9
female,nh_twoplus,nh_white,hs_or_less,some_college,0.9149,-0.08892,675.8
female,nh_twoplus,nh_white,hs_or_less,bachelors,0.8406,-0.17364,313.9
female,nh_twoplus,nh_white,hs_or_less,graduate,0.7202,-0.32829,74.3
female,nh_twoplus,nh_white,some_college,hs_or_less,1.1694,0.15647,1378.4
female,nh_twoplus,nh_white,some_college,some_college,0.9734,-0.02696,1783.4
female,nh_twoplus,nh_white,some_college,bachelors,0.8617,-0.14881,840.0
female,nh_twoplus,nh_white,some_college,graduate,0.8064,-0.21514,244.0
female,nh_twoplus,nh_white,bachelors,hs_or_less,1.0978,0.09332,561.3
female,nh_twoplus,nh_white,bachelors,some_college,1.2428,0.21737,1050.9
female,nh_twoplus,nh_white,bachelors,bachelors,1.1842,0.16909,2078.0
female,nh_twoplus,nh_white,bachelors,graduate,1.0857,0.08225,692.1
female,nh_twoplus,nh_white,graduate,hs_or_less,0.9044,-0.10044,192.7
female,nh_twoplus,nh_white,graduate,some_college,1.1209,0.11409,409.8
female,nh_twoplus,nh_white,graduate,bachelors,1.1352,0.12676,969.5
female,nh_twoplus,nh_white,graduate,graduate,1.0327,0.0322,867.8
female,nh_twoplus,nh_black,hs_or_less,hs_or_less,0.974,-0.02631,421.8
female,nh_twoplus,nh_black,hs_or_less,some_college,0.9271,-0.0757,173.7
female,nh_twoplus,nh_black,hs_or_less,bachelors,1.0759,0.07314,58.1
female,nh_twoplus,nh_black,hs_or_less,graduate,0.9998,-0.00019,16.7
female,nh_twoplus,nh_black,some_college,hs_or_less,1.3138,0.2729,514.4
female,nh_twoplus,nh_black,some_college,some_college,1.0515,0.05019,503.6
female,nh_twoplus,nh_black,some_college,bachelors,1.0701,0.06772,147.7
female,nh_twoplus,nh_black,some_college,graduate,0.9692,-0.03125,42.7
female,nh_twoplus,nh_black,bachelors,hs_or_less,0.7662,-0.26626,123.2
female,nh_twoplus,nh_black,bachelors,some_college,1.0168,0.01668,230.1
female,nh_twoplus,nh_black,bachelors,bachelors,0.8241,-0.19342,198.3
female,nh_twoplus,nh_black,bachelors,graduate,0.8175,-0.20155,70.4
female,nh_twoplus,nh_black,graduate,hs_or_less,1.2088,0.18963,94.1
female,nh_twoplus,nh_black,graduate,some_college,1.1947,0.1779,121.5
female,nh_twoplus,nh_black,graduate,bachelors,1.0551,0.05367,131.1
female,nh_twoplus,nh_black,graduate,graduate,0.897,-0.10875,109.5
female,nh_twoplus,nh_asian,hs_or_less,hs_or_less,1.1602,0.14856,56.8
female,nh_twoplus,nh_asian,hs_or_less,some_college,1.0113,0.01123,31.4
female,nh_twoplus,nh_asian,hs_or_less,bachelors,0.7623,-0.27137,13.5
female,nh_twoplus,nh_asian,hs_or_less,graduate,0.8861,-0.12094,9.3
female,nh_twoplus,nh_asian,some_college,hs_or_less,0.9333,-0.06906,34.8
female,nh_twoplus,nh_asian,some_college,some_college,1.1826,0.1677,95.0
female,nh_twoplus,nh_asian,some_college,bachelors,0.9457,-0.05588,68.9
female,nh_twoplus,nh_asian,some_college,graduate,0.84,-0.17438,28.2
female,nh_twoplus,nh_asian,bachelors,hs_or_less,1.2445,0.21876,28.5
female,nh_twoplus,nh_asian,bachelors,some_college,1.0385,0.03776,38.1
female,nh_twoplus,nh_asian,bachelors,bachelors,1.159,0.14757,164.4
female,nh_twoplus,nh_asian,bachelors,graduate,0.9739,-0.02648,85.2
female,nh_twoplus,nh_asian,graduate,hs_or_less,1.1161,0.10982,11.4
female,nh_twoplus,nh_asian,graduate,some_college,1.1103,0.10466,19.0
female,nh_twoplus,nh_asian,graduate,bachelors,0.9678,-0.0327,59.9
female,nh_twoplus,nh_asian,graduate,graduate,0.8225,-0.19538,80.3
female,nh_twoplus,nh_aian,hs_or_less,hs_or_less,1.026,0.02564,21.1
female,nh_twoplus,nh_aian,hs_or_less,some_college,1.1712,0.15801,13.7
female,nh_twoplus,nh_aian,hs_or_less,bachelors,0.988,-0.01204,1.0
female,nh_twoplus,nh_aian,hs_or_less,graduate,0.9959,-0.00412,0.3
female,nh_twoplus,nh_aian,some_college,hs_or_less,1.2133,0.19334,27.4
female,nh_twoplus,nh_aian,some_college,some_college,0.9104,-0.09384,14.3
female,nh_twoplus,nh_aian,some_college,bachelors,1.0198,0.01964,4.2
female,nh_twoplus,nh_aian,some_college,graduate,0.9939,-0.00612,1.1
female,nh_twoplus,nh_aian,bachelors,hs_or_less,0.8487,-0.16403,1.6
female,nh_twoplus,nh_aian,bachelors,some_college,0.986,-0.01413,8.4
female,nh_twoplus,nh_aian,bachelors,bachelors,1.1448,0.13522,11.3
female,nh_twoplus,nh_aian,bachelors,graduate,1.0051,0.00511,2.7
female,nh_twoplus,nh_aian,graduate,hs_or_less,0.9203,-0.0831,0.5
female,nh_twoplus,nh_aian,graduate,some_college,0.9962,-0.00377,3.8
female,nh_twoplus,nh_aian,graduate,bachelors,0.9137,-0.09028,0.1
female,nh_twoplus,nh_aian,graduate,graduate,0.9366,-0.06554,1.2
female,nh_twoplus,nh_nhpi,hs_or_less,hs_or_less,1.0947,0.09045,16.3
female,nh_twoplus,nh_nhpi,hs_or_less,some_college,0.959,-0.04188,3.3
female,nh_twoplus,nh_nhpi,hs_or_less,bachelors,1.0123,0.01222,1.8
female,nh_twoplus,nh_nhpi,hs_or_less,graduate,0.9893,-0.01074,0.0
female,nh_twoplus,nh_nhpi,some_college,hs_or_less,1.0647,0.06265,13.7
female,nh_twoplus,nh_nhpi,some_college,some_college,0.9765,-0.02377,11.2
female,nh_twoplus,nh_nhpi,some_college,bachelors,0.9965,-0.00352,3.5
female,nh_twoplus,nh_nhpi,some_college,graduate,0.9839,-0.01619,0.4
female,nh_twoplus,nh_nhpi,bachelors,hs_or_less,1.0677,0.06552,7.3
female,nh_twoplus,nh_nhpi,bachelors,some_college,1.0024,0.00235,6.0
female,nh_twoplus,nh_nhpi,bachelors,bachelors,0.9435,-0.0582,4.4
female,nh_twoplus,nh_nhpi,bachelors,graduate,0.9488,-0.05251,0.1
female,nh_twoplus,nh_nhpi,graduate,hs_or_less,1.0811,0.07799,4.6
female,nh_twoplus,nh_nhpi,graduate,some_college,0.9657,-0.03493,1.3
female,nh_twoplus,nh_nhpi,graduate,bachelors,0.9249,-0.07811,0.6
female,nh_twoplus,nh_nhpi,graduate,graduate,1.0087,0.00866,2.7
female,nh_twoplus,nh_twoplus,hs_or_less,hs_or_less,1.6825,0.52026,1308.0
female,nh_twoplus,nh_twoplus,hs_or_less,some_college,0.9634,-0.03729,452.2
female,nh_twoplus,nh_twoplus,hs_or_less,bachelors,1.0346,0.03398,198.7
female,nh_twoplus,nh_twoplus,hs_or_less,graduate,1.0724,0.06988,63.6
female,nh_twoplus,nh_twoplus,some_college,hs_or_less,1.2099,0.19051,824.3
female,nh_twoplus,nh_twoplus,some_college,some_college,0.8465,-0.16663,993.4
female,nh_twoplus,nh_twoplus,some_college,bachelors,0.7208,-0.32738,350.6
female,nh_twoplus,nh_twoplus,some_college,graduate,0.8352,-0.18008,123.9
female,nh_twoplus,nh_twoplus,bachelors,hs_or_less,1.1933,0.17673,367.0
female,nh_twoplus,nh_twoplus,bachelors,some_college,0.9639,-0.03672,539.5
female,nh_twoplus,nh_twoplus,bachelors,bachelors,0.9061,-0.09865,834.3
female,nh_twoplus,nh_twoplus,bachelors,graduate,0.8876,-0.11922,287.8
female,nh_twoplus,nh_twoplus,graduate,hs_or_less,1.006,0.00595,122.4
female,nh_twoplus,nh_twoplus,graduate,some_college,0.9237,-0.0794,211.7
female,nh_twoplus,nh_twoplus,graduate,bachelors,0.9395,-0.06244,408.5
female,nh_twoplus,nh_twoplus,graduate,graduate,1.1086,0.10307,476.2
female,nh_twoplus,nh_other,hs_or_less,hs_or_less,1.2118,0.19211,19.8
female,nh_twoplus,nh_other,hs_or_less,some_college,1.1366,0.12805,11.2
female,nh_twoplus,nh_other,hs_or_less,bachelors,0.9348,-0.06746,0.9
female,nh_twoplus,nh_other,hs_or_less,graduate,0.9786,-0.02167,0.7
female,nh_twoplus,nh_other,some_college,hs_or_less,1.0083,0.00824,10.5
female,nh_twoplus,nh_other,some_college,some_college,1.0816,0.0784,19.8
female,nh_twoplus,nh_other,some_college,bachelors,0.8922,-0.11402,4.0
female,nh_twoplus,nh_other,some_college,graduate,1.1951,0.17824,10.1
female,nh_twoplus,nh_other,bachelors,hs_or_less,0.9592,-0.04161,3.1
female,nh_twoplus,nh_other,bachelors,some_college,0.8968,-0.1089,3.4
female,nh_twoplus,nh_other,bachelors,bachelors,0.9535,-0.04762,13.1
female,nh_twoplus,nh_other,bachelors,graduate,0.9553,-0.04576,6.3
female,nh_twoplus,nh_other,graduate,hs_or_less,1.0072,0.00717,2.1
female,nh_twoplus,nh_other,graduate,some_college,1.0507,0.04944,5.0
female,nh_twoplus,nh_other,graduate,bachelors,0.9204,-0.08291,4.5
female,nh_twoplus,nh_other,graduate,graduate,0.8943,-0.11171,6.1
female,nh_other,hispanic,hs_or_less,hs_or_less,0.912,-0.09211,81.1
female,nh_other,hispanic,hs_or_less,some_college,0.8851,-0.12203,20.4
female,nh_other,hispanic,hs_or_less,bachelors,1.1079,0.10251,12.4
female,nh_other,hispanic,hs_or_less,graduate,1.0911,0.0872,5.4
female,nh_other,hispanic,some_college,hs_or_less,0.9958,-0.00416,51.4
female,nh_other,hispanic,some_college,some_college,1.2116,0.19196,59.2
female,nh_other,hispanic,some_college,bachelors,0.9576,-0.04336,11.8
female,nh_other,hispanic,some_college,graduate,1.0882,0.08456,7.1
female,nh_other,hispanic,bachelors,hs_or_less,0.9557,-0.04531,25.0
female,nh_other,hispanic,bachelors,some_college,1.0652,0.06319,27.8
female,nh_other,hispanic,bachelors,bachelors,0.905,-0.09985,22.8
female,nh_other,hispanic,bachelors,graduate,0.9018,-0.10333,6.1
female,nh_other,hispanic,graduate,hs_or_less,0.9988,-0.0012,11.6
female,nh_other,hispanic,graduate,some_college,1.0103,0.01023,10.7
female,nh_other,hispanic,graduate,bachelors,0.9623,-0.03847,12.6
female,nh_other,hispanic,graduate,graduate,1.01,0.00993,13.8
female,nh_other,nh_white,hs_or_less,hs_or_less,0.7705,-0.2607,54.3
female,nh_other,nh_white,hs_or_less,some_college,0.7972,-0.22666,27.6
female,nh_other,nh_white,hs_or_less,bachelors,1.0864,0.08285,26.6
female,nh_other,nh_white,hs_or_less,graduate,1.0886,0.08491,10.7
female,nh_other,nh_white,some_college,hs_or_less,0.7723,-0.25834,25.7
female,nh_other,nh_white,some_college,some_college,0.9896,-0.01048,66.1
female,nh_other,nh_white,some_college,bachelors,0.9943,-0.00572,35.0
female,nh_other,nh_white,some_college,graduate,1.0253,0.02497,12.9
female,nh_other,nh_white,bachelors,hs_or_less,1.231,0.20784,34.2
female,nh_other,nh_white,bachelors,some_college,1.0947,0.09052,42.6
female,nh_other,nh_white,bachelors,bachelors,1.156,0.14493,88.1
female,nh_other,nh_white,bachelors,graduate,1.0784,0.07551,32.9
female,nh_other,nh_white,graduate,hs_or_less,1.0903,0.0865,13.2
female,nh_other,nh_white,graduate,some_college,0.9857,-0.01436,15.2
female,nh_other,nh_white,graduate,bachelors,0.9264,-0.07648,31.6
female,nh_other,nh_white,graduate,graduate,1.0561,0.05456,41.0
female,nh_other,nh_black,hs_or_less,hs_or_less,0.9742,-0.02618,34.0
female,nh_other,nh_black,hs_or_less,some_college,1.1374,0.12878,21.3
female,nh_other,nh_black,hs_or_less,bachelors,1.0585,0.05685,6.2
female,nh_other,nh_black,hs_or_less,graduate,1.0101,0.01001,1.8
female,nh_other,nh_black,some_college,hs_or_less,0.9605,-0.04027,17.6
female,nh_other,nh_black,some_college,some_college,1.0918,0.08787,28.9
female,nh_other,nh_black,some_college,bachelors,0.9836,-0.01654,6.1
female,nh_other,nh_black,some_college,graduate,0.9978,-0.00216,2.3
female,nh_other,nh_black,bachelors,hs_or_less,1.0725,0.06996,13.2
female,nh_other,nh_black,bachelors,some_college,0.8991,-0.1064,8.6
female,nh_other,nh_black,bachelors,bachelors,0.8892,-0.11746,8.9
female,nh_other,nh_black,bachelors,graduate,1.121,0.11421,10.0
female,nh_other,nh_black,graduate,hs_or_less,0.9822,-0.01797,3.8
female,nh_other,nh_black,graduate,some_college,0.9036,-0.10142,2.1
female,nh_other,nh_black,graduate,bachelors,1.1161,0.10981,11.4
female,nh_other,nh_black,graduate,graduate,0.8615,-0.14913,1.9
female,nh_other,nh_asian,hs_or_less,hs_or_less,1.009,0.00894,3.4
female,nh_other,nh_asian,hs_or_less,some_college,0.9533,-0.04781,0.4
female,nh_other,nh_asian,hs_or_less,bachelors,0.9655,-0.03513,0.7
female,nh_other,nh_asian,hs_or_less,graduate,0.9883,-0.01173,0.6
female,nh_other,nh_asian,some_college,hs_or_less,0.9637,-0.03693,0.5
female,nh_other,nh_asian,some_college,some_college,1.078,0.07506,5.7
female,nh_other,nh_asian,some_college,bachelors,0.9767,-0.02361,2.3
female,nh_other,nh_asian,some_college,graduate,0.9762,-0.02406,0.9
female,nh_other,nh_asian,bachelors,hs_or_less,0.9998,-0.00021,0.9
female,nh_other,nh_asian,bachelors,some_college,1.0804,0.07735,4.2
female,nh_other,nh_asian,bachelors,bachelors,0.9504,-0.05084,4.5
female,nh_other,nh_asian,bachelors,graduate,0.9264,-0.07642,1.5
female,nh_other,nh_asian,graduate,hs_or_less,0.9922,-0.00781,0.1
female,nh_other,nh_asian,graduate,some_college,1.0152,0.0151,1.2
female,nh_other,nh_asian,graduate,bachelors,1.0033,0.00328,3.3
female,nh_other,nh_asian,graduate,graduate,1.1443,0.13481,10.2
female,nh_other,nh_aian,hs_or_less,hs_or_less,0.9704,-0.03001,0.2
female,nh_other,nh_aian,hs_or_less,some_college,0.991,-0.00908,0.2
female,nh_other,nh_aian,hs_or_less,bachelors,0.9975,-0.00253,0.0
female,nh_other,nh_aian,hs_or_less,graduate,1.0058,0.00579,0.2
female,nh_other,nh_aian,some_college,hs_or_less,1.0282,0.02785,1.5
female,nh_other,nh_aian,some_college,some_college,0.9789,-0.02137,0.0
female,nh_other,nh_aian,some_college,bachelors,1.013,0.01287,0.5
female,nh_other,nh_aian,some_college,graduate,1.0015,0.00151,0.1
female,nh_other,nh_aian,bachelors,hs_or_less,0.9913,-0.0087,0.1
female,nh_other,nh_aian,bachelors,some_college,1.0288,0.02841,1.3
female,nh_other,nh_aian,bachelors,bachelors,0.9916,-0.00844,0.0
female,nh_other,nh_aian,bachelors,graduate,1.0178,0.01768,0.7
female,nh_other,nh_aian,graduate,hs_or_less,0.9954,-0.00459,0.0
female,nh_other,nh_aian,graduate,some_college,0.9954,-0.00461,0.0
female,nh_other,nh_aian,graduate,bachelors,1.0,5e-05,0.1
female,nh_other,nh_aian,graduate,graduate,0.9952,-0.00483,0.0
female,nh_other,nh_nhpi,hs_or_less,hs_or_less,0.9935,-0.00656,0.1
female,nh_other,nh_nhpi,hs_or_less,some_college,0.9961,-0.00388,0.0
female,nh_other,nh_nhpi,hs_or_less,bachelors,0.9989,-0.00113,0.0
female,nh_other,nh_nhpi,hs_or_less,graduate,0.9997,-0.0003,0.0
female,nh_other,nh_nhpi,some_college,hs_or_less,0.9943,-0.00575,0.0
female,nh_other,nh_nhpi,some_college,some_college,0.9937,-0.00635,0.0
female,nh_other,nh_nhpi,some_college,bachelors,0.9982,-0.00185,0.0
female,nh_other,nh_nhpi,some_college,graduate,0.9995,-0.00048,0.0
female,nh_other,nh_nhpi,bachelors,hs_or_less,0.997,-0.00305,0.0
female,nh_other,nh_nhpi,bachelors,some_college,0.9964,-0.00357,0.0
female,nh_other,nh_nhpi,bachelors,bachelors,1.0263,0.02597,0.9
female,nh_other,nh_nhpi,bachelors,graduate,0.9988,-0.00116,0.0
female,nh_other,nh_nhpi,graduate,hs_or_less,1.0034,0.00341,0.1
female,nh_other,nh_nhpi,graduate,some_college,0.9984,-0.00156,0.0
female,nh_other,nh_nhpi,graduate,bachelors,1.0056,0.00563,0.2
female,nh_other,nh_nhpi,graduate,graduate,1.0006,0.00061,0.1
female,nh_other,nh_twoplus,hs_or_less,hs_or_less,0.9367,-0.06542,8.6
female,nh_other,nh_twoplus,hs_or_less,some_college,1.0008,0.00083,7.0
female,nh_other,nh_twoplus,hs_or_less,bachelors,1.0383,0.03754,4.1
female,nh_other,nh_twoplus,hs_or_less,graduate,0.9803,-0.01985,0.3
female,nh_other,nh_twoplus,some_college,hs_or_less,1.0732,0.07065,9.0
female,nh_other,nh_twoplus,some_college,some_college,1.1092,0.10367,15.5
female,nh_other,nh_twoplus,some_college,bachelors,0.9521,-0.04913,2.9
female,nh_other,nh_twoplus,some_college,graduate,1.2271,0.20467,8.2
female,nh_other,nh_twoplus,bachelors,hs_or_less,0.9548,-0.04625,1.8
female,nh_other,nh_twoplus,bachelors,some_college,0.9227,-0.08048,3.2
female,nh_other,nh_twoplus,bachelors,bachelors,0.9273,-0.07543,6.7
female,nh_other,nh_twoplus,bachelors,graduate,0.9364,-0.06576,1.5
female,nh_other,nh_twoplus,graduate,hs_or_less,0.9828,-0.01731,0.8
female,nh_other,nh_twoplus,graduate,some_college,1.0441,0.04319,4.1
female,nh_other,nh_twoplus,graduate,bachelors,0.9315,-0.07096,2.3
female,nh_other,nh_twoplus,graduate,graduate,1.0305,0.03002,6.0
female,nh_other,nh_other,hs_or_less,hs_or_less,1.4283,0.35647,346.6
female,nh_other,nh_other,hs_or_less,some_college,0.8281,-0.18867,103.0
female,nh_other,nh_other,hs_or_less,bachelors,1.1464,0.13664,80.7
female,nh_other,nh_other,hs_or_less,graduate,1.0498,0.04859,34.1
female,nh_other,nh_other,some_college,hs_or_less,1.2099,0.19053,164.1
female,nh_other,nh_other,some_college,some_college,1.0341,0.03354,215.2
female,nh_other,nh_other,some_college,bachelors,0.7898,-0.23595,78.1
female,nh_other,nh_other,some_college,graduate,0.7239,-0.3231,27.0
female,nh_other,nh_other,bachelors,hs_or_less,1.1792,0.1648,86.3
female,nh_other,nh_other,bachelors,some_college,0.9349,-0.06729,104.9
female,nh_other,nh_other,bachelors,bachelors,0.9801,-0.02012,222.1
female,nh_other,nh_other,bachelors,graduate,0.9044,-0.1005,110.6
female,nh_other,nh_other,graduate,hs_or_less,1.1517,0.14126,37.9
female,nh_other,nh_other,graduate,some_college,0.9776,-0.02266,48.2
female,nh_other,nh_other,graduate,bachelors,0.9485,-0.05292,108.8
female,nh_other,nh_other,graduate,graduate,0.9398,-0.06214,153.1
