cbsa,sex,edu4,est,published,gap,pub_moe,moe,pass_pub_moe,pass_combined_moe
10180,Male,some_college,18175.939492937345,17517,658.9394929373448,1147.666763481456,853.433766949628,True,True
10420,Male,some_college,64045.0,63402,643.0,1947.2475446126514,2484.2157186517134,True,True
10500,Male,some_college,12082.030959118258,12235,-152.96904088174233,873.5588131316632,750.5260976348062,True,True
10540,Male,some_college,17076.09028535384,17773,-696.9097146461609,968.8286742247052,874.197749258339,True,True
10580,Male,some_college,82016.00011028729,83955,-1938.999889712708,2120.628680368159,2138.749253347968,True,True
10740,Male,some_college,97293.34615641681,98764,-1470.6538435831899,2847.3464840092784,2709.0751806383582,True,True
10780,Male,some_college,12859.927157959122,11758,1101.9271579591223,909.8054737140242,757.3644661252767,False,True
10900,Male,some_college,73686.0,73887,-201.0,2199.318758161263,2597.2555920923533,True,True
11020,Male,some_college,9227.652659960198,9374,-146.34734003980157,657.4815586767435,564.8402468254807,True,True
11100,Male,some_college,27259.77973030078,27385,-125.22026969922081,1352.0436383489994,1313.3183837117037,True,True
11180,Male,some_college,9995.0,10123,-128.0,725.9090852165992,944.6148773528025,True,True
11200,Male,some_college,11264.956812255115,10814,450.95681225511544,777.5538566556017,715.1748291923286,True,True
11260,Male,some_college,46871.05825596821,44899,1972.058255968208,1634.8831762544992,2244.7100489320733,False,True
11460,Male,some_college,27656.0,27035,621.0,1246.1047307509912,1515.4967718123817,True,True
11500,Male,some_college,11567.0,11140,427.0,852.9443123674605,936.8772530686717,True,True
11540,Male,some_college,27592.71247025261,26627,965.7124702526089,1023.0742886027388,1237.6088855260257,True,True
11700,Male,some_college,38739.63792598816,38075,664.6379259881578,1825.4035170339735,1600.5310932108828,True,True
12020,Male,some_college,14592.408004025116,15247,-654.5919959748844,998.1913644186669,843.1536751543264,True,True
12060,Male,some_college,495996.11478573544,496813,-816.8852142645628,6910.028147554827,7908.294255036157,True,True
12100,Male,some_college,31563.0,31432,131.0,1487.6951972766465,1503.0169298277217,True,True
12220,Male,some_college,15943.805329621071,16121,-177.194670378929,1185.475853824109,991.0904641773508,True,True
12260,Male,some_college,59156.805158504125,58889,267.80515850412485,2348.110091115832,2063.3688975453474,True,True
12420,Male,some_college,205943.8819942552,205768,175.88199425520725,4773.241037282739,4739.429162601826,True,True
12540,Male,some_college,80032.0,81225,-1193.0,2337.610959933239,2747.041078155048,True,True
12580,Male,some_college,223940.34847453277,225545,-1604.6515254672267,4035.6571955506824,4448.0385075852755,True,True
12620,Male,some_college,16818.891823851565,17244,-425.1081761484347,1042.7924050356332,983.9011735860977,True,True
12700,Male,some_college,22100.56854891357,21690,410.5685489135685,1274.8670518920787,1233.2222928044712,True,True
12940,Male,some_college,73021.16447231191,72128,893.1644723119098,2484.5943330853834,2168.9682591095243,True,True
12980,Male,some_college,14549.423490728726,13794,755.4234907287264,790.2645126791409,874.4984220832264,True,True
13020,Male,some_college,12066.949530929578,13256,-1189.050469070422,842.0985690523408,640.5527704244126,False,False
13140,Male,some_college,41372.0,41761,-389.0,1790.114242164449,1606.3736645722408,True,True
13220,Male,some_college,9528.0,8732,796.0,804.154214065934,885.1979472828381,True,True
13380,Male,some_college,25711.0,25220,491.0,1352.0465968301537,1477.039811465825,True,True
13460,Male,some_college,29356.0,29179,177.0,1358.5234631761057,1463.7435635763698,True,True
13740,Male,some_college,21390.89027389539,20325,1065.8902738953911,1104.5293115169013,1132.282926321824,True,True
13780,Male,some_college,22996.156146710655,23293,-296.84385328934513,1091.9816848280927,929.6778957469193,True,True
13820,Male,some_college,102467.82348559171,103708,-1240.1765144082892,2646.524702321896,3027.500088854319,True,True
13900,Male,some_college,16950.69020613092,16480,470.69020613091925,1093.6631108344104,1355.875955242054,True,True
13980,Male,some_college,14701.0,14705,-4.0,967.662647827227,940.5490155774712,True,True
14010,Male,some_college,13323.0,13179,144.0,738.5099863915179,880.4199211938585,True,True
14020,Male,some_college,10968.954045447805,11890,-921.0459545521953,866.942904694421,840.4564303455761,False,True
14260,Male,some_college,81915.1133995676,82537,-621.8866004323936,2499.4817462826168,2489.68805978018,True,True
14460,Male,some_college,320918.3335684155,316784,4134.333568415488,4748.2427275782775,4842.992539975886,True,True
14500,Male,some_college,23722.628645065175,23401,321.6286450651751,1186.7906302292752,1000.5579815908704,True,True
14540,Male,some_college,15342.793329966895,15797,-454.2066700331052,987.2243919190814,1019.7807886905018,True,True
14580,Male,some_college,12049.0,10800,1249.0,848.3283562394929,1118.2816592975357,False,True
14740,Male,some_college,36255.0,35861,394.0,1349.086357502736,1332.3515502209807,True,True
14860,Male,some_college,59588.0,59322,266.0,2343.040972753144,2137.3468287917735,True,True
15180,Male,some_college,31032.0,30876,156.0,1597.6726823727067,1622.5396021896509,True,True
15260,Male,some_college,11177.865107103718,10756,421.8651071037184,906.7877370145673,654.3228403076038,True,True
15380,Male,some_college,115471.0,115418,53.0,2777.6202044196034,3111.0966550579074,True,True
15500,Male,some_college,17200.0,17171,29.0,1023.2487478614377,933.1984379855927,True,True
15540,Male,some_college,19132.201417829274,17936,1196.2014178292739,1041.8781118729771,1155.4417527937646,False,True
15940,Male,some_college,40647.0,40574,73.0,1725.5092002072895,1637.5896509103707,True,True
15980,Male,some_college,82746.0,82696,50.0,2480.360659259052,2544.6238293579368,True,True
16020,Male,some_college,7721.059036287495,8812,-1090.9409637125054,740.3114209574238,584.3133523751334,False,False
16180,Male,some_college,9254.36107446635,8024,1230.3610744663492,663.2118816788493,496.8640226054851,False,False
16220,Male,some_college,8647.263754451447,9790,-1142.7362455485527,816.9075835123579,424.74583859214937,False,False
16300,Male,some_college,30795.833234381014,30503,292.83323438101434,1279.6538594479368,1421.8095063172639,True,True
16540,Male,some_college,11865.90481334781,11831,34.90481334780998,917.7112835745238,946.8802186905262,True,True
16580,Male,some_college,17635.779975397425,18432,-796.220024602575,1077.8450723550209,989.1313069464766,True,True
16620,Male,some_college,17375.907458972146,17536,-160.09254102785417,987.2051458536873,1047.1871404069745,True,True
16700,Male,some_college,77887.0,79254,-1367.0,2708.9518268142015,2795.319777937535,True,True
16740,Male,some_college,236400.14653668774,238103,-1702.8534633122617,4256.932463640926,4218.883396703314,True,True
16820,Male,some_college,14498.16491070505,14967,-468.8350892949493,878.3564196839459,976.5175907196682,True,True
16860,Male,some_college,55372.662144786744,56198,-825.3378552132563,1948.0631406604869,1781.9724016440834,True,True
16940,Male,some_college,13596.0,13341,255.0,1007.4710913966713,1136.8429451478776,True,True
16980,Male,some_college,770184.2400042231,770740,-555.7599957769271,7298.220193992505,7290.086560455966,True,True
17020,Male,some_college,23969.0,23423,546.0,1105.779815333957,1101.4813624785033,True,True
17140,Male,some_college,193079.79374835276,192052,1027.793748352764,3627.499552033053,4234.894221114309,True,True
17300,Male,some_college,35559.16421690526,36103,-543.8357830947425,1556.473257078322,1738.0264414781418,True,True
17410,Male,some_college,202778.0,202939,-161.0,3616.971937961366,3353.329937882269,True,True
17420,Male,some_college,13556.0,14008,-452.0,995.4928427668377,936.1499020088877,True,True
17660,Male,some_college,23332.736859692923,23009,323.73685969292274,1238.4219797791059,1293.6563590018197,True,True
17780,Male,some_college,17979.822411514033,17347,632.8224115140329,1065.8301928543776,1033.3234061932553,True,True
17820,Male,some_college,85061.0,83883,1178.0,2176.393806276796,2598.496251317048,True,True
17860,Male,some_college,15127.65108688231,14825,302.65108688230976,913.8719822819825,934.1074771890364,True,True
17900,Male,some_college,75221.71742235738,75527,-305.282577642618,2375.8912012127153,2014.782902003468,True,True
17980,Male,some_college,29852.957018077053,31465,-1612.0429819229466,1474.6508061232666,1340.8785004412237,False,True
18020,Male,some_college,6531.291796017028,6878,-346.708203982972,683.8194206075168,572.7434567234146,True,True
18140,Male,some_college,184290.91068496945,182707,1583.9106849694508,3218.9577505770403,3768.975620852296,True,True
18580,Male,some_college,45050.15658930876,46125,-1074.8434106912391,1768.1894694856658,1587.073707919663,True,True
18700,Male,some_college,8668.909714646159,7672,996.909714646159,734.9482975012596,579.9068947370843,False,False
18880,Male,some_college,34592.37515419688,34320,272.37515419688134,1406.6897312485082,1326.3725034860865,True,True
19100,Male,some_college,665579.8003027994,661124,4455.800302799442,7344.337478629369,6946.752086570538,True,True
19140,Male,some_college,11296.842089097114,11401,-104.15791090288621,936.3594395316363,851.3908291066992,True,True
19300,Male,some_college,24604.0,24271,333.0,1406.2215330452027,1329.0482248793685,True,True
19340,Male,some_college,40400.32817103003,40656,-255.6718289699711,1164.7424608041042,1580.3017277562092,True,True
19430,Male,some_college,80050.0,80663,-613.0,2295.2481347340204,2424.5229432454853,True,True
19460,Male,some_college,15375.0,15677,-302.0,971.0787815620316,940.7651306038082,True,True
19500,Male,some_college,9967.32873147402,9793,174.32873147401915,662.2952513796245,649.6206955067643,True,True
19660,Male,some_college,81232.0,80313,919.0,2472.8107489251984,2022.4912414399353,True,True
19740,Male,some_college,262825.61451524973,261415,1410.6145152497338,4300.8830488633375,4187.999341556289,True,True
19780,Male,some_college,65460.43661996131,67911,-2450.563380038693,2125.0414113611996,2466.1616524447018,False,True
19820,Male,some_college,443499.8091985896,443253,246.80919858958805,5436.571805834997,6443.91132772721,True,True
20020,Male,some_college,15505.0,15202,303.0,627.1738196066542,880.127961256913,True,True
20100,Male,some_college,17443.0,16490,953.0,1061.746674117701,1177.712759957304,True,True
20220,Male,some_college,9790.547978387865,9274,516.5479783878654,590.5404304533264,645.3799131207849,True,True
20260,Male,some_college,35065.86765642598,35463,-397.1323435740196,1099.1574045604204,1173.6616865731708,True,True
20500,Male,some_college,42625.72402800266,42782,-156.2759719973401,1816.269528456611,1840.422797398644,True,True
20580,Male,some_college,4594.9280583639,4054,540.9280583639002,621.8890576300568,389.99017347960864,True,True
20740,Male,some_college,19670.56023870249,19600,70.56023870248828,918.050652197361,1083.6001180652827,True,True
20940,Male,some_college,16859.0,16129,730.0,1156.4661689820416,1074.074340969353,True,True
21060,Male,some_college,13715.679150528544,14664,-948.3208494714563,1007.2665982747567,880.1978757369909,True,True
21140,Male,some_college,15000.0,15228,-228.0,1071.2296672516122,1154.7272563082809,True,True
21300,Male,some_college,7742.13805236087,7907,-164.86194763913045,619.0040387590375,408.6453128680348,True,True
21340,Male,some_college,84103.22171176554,85184,-1080.7782882344618,2781.0016181225064,3179.5595194845005,True,True
21420,Male,some_college,5737.563744205102,5226,511.563744205102,569.3478725700132,469.9464836286516,True,True
21500,Male,some_college,22478.0,23217,-739.0,1208.7886498474413,1370.9831572292383,True,True
21660,Male,some_college,45201.0,46390,-1189.0,1698.804579697147,1736.6201191272376,True,True
21780,Male,some_college,28241.87413547411,28419,-177.12586452588948,1340.912375958996,1284.6026514704386,True,True
21820,Male,some_college,12880.566581209148,12471,409.56658120914835,1064.778380697129,951.0730803798527,True,True
22020,Male,some_college,30325.43894052507,29006,1319.4389405250695,1392.4492809434748,1598.057586031231,True,True
22140,Male,some_college,13244.242739465335,14406,-1161.757260534665,921.070029910864,952.8577659008453,False,True
22180,Male,some_college,44016.083532154036,44851,-834.9164678459638,1521.8731878839315,1386.3747795168965,True,True
22220,Male,some_college,44077.63378776549,41678,2399.633787765488,1740.7667850691546,1777.3323717726519,False,True
22380,Male,some_college,12723.0,13524,-801.0,1029.7844434637766,836.5339349968118,True,True
22420,Male,some_college,46879.42686716822,45243,1636.426867168222,1491.4643810698262,1661.9472580380786,False,True
22500,Male,some_college,16944.954103463926,17736,-791.045896536074,1068.139035893736,930.5288805959487,True,True
22520,Male,some_college,14790.989548362693,14839,-48.01045163730669,1026.6007013440035,944.8724412949834,True,True
22540,Male,some_college,12212.287529747393,11624,588.2875297473929,735.8654768366295,732.7859905497638,True,True
22660,Male,some_college,32943.0,33074,-131.0,1503.2128924407214,1614.2278216298187,True,True
22900,Male,some_college,21623.439024178788,21857,-233.5609758212122,1139.8635883297616,1071.5905898594237,True,True
23060,Male,some_college,43206.67851875965,43111,95.67851875964698,1616.8085848361889,1605.2289123495773,True,True
23420,Male,some_college,106890.0,107976,-1086.0,2828.0284652032765,3048.394989933637,True,True
23460,Male,some_college,10886.519442802171,10935,-48.4805571978286,822.120429134321,829.7930707129728,True,True
23540,Male,some_college,28980.923319720565,28597,383.9233197205649,1356.6270673991435,1387.1446445358695,True,True
23580,Male,some_college,17342.0,17210,132.0,1120.3932345386597,874.0677740727547,True,True
23900,Male,some_college,9456.09518665219,9056,400.09518665219,610.1884954667697,687.1724006635663,True,True
24020,Male,some_college,13207.0,13217,-10.0,758.3475456543655,859.038703862492,True,True
24140,Male,some_college,11819.0,12105,-286.0,924.6534485957428,928.4115350586721,True,True
24220,Male,some_college,12777.139899918244,12100,677.1398999182438,728.7365779209933,657.9920339407249,True,True
24260,Male,some_college,8377.677798987454,7821,556.6777989874536,666.8927949828218,586.300653647521,True,True
24300,Male,some_college,16063.109654896763,16331,-267.89034510323654,960.5795125860222,975.6363677882995,True,True
24340,Male,some_college,109094.2634388985,109622,-527.7365611014975,2456.258536880839,2951.1215210457203,True,True
24420,Male,some_college,12203.28798367866,11975,228.28798367865966,826.5307011841726,647.5298974342206,True,True
24500,Male,some_college,9010.56666670715,9598,-587.4333332928509,639.6397423550228,557.7681677739046,True,True
24540,Male,some_college,36546.0,37200,-654.0,1485.2185024433275,1833.7784973896792,True,True
24580,Male,some_college,35373.97700647477,36085,-711.0229935252282,1433.8845839188034,1825.540508678243,True,True
24660,Male,some_college,73011.28691569484,73171,-159.71308430515637,2412.866759686494,2456.97754027568,True,True
24780,Male,some_college,15360.0,15950,-590.0,1087.872235145286,1000.3184675035997,True,True
24860,Male,some_college,87267.9189640743,85114,2153.918964074299,2528.2456368003486,2373.5981652505243,True,True
25060,Male,some_college,45829.87443587641,46365,-535.1255641235912,1947.2955605146333,1529.3796028513157,True,True
25180,Male,some_college,28369.36457199222,28009,360.3645719922206,1354.3836236458267,1268.442131778716,True,True
25220,Male,some_college,11065.600903097516,11261,-195.3990969024835,1153.2913768861708,1013.5794334163785,True,True
25260,Male,some_college,15975.0,16326,-351.0,963.1531550070321,1013.5060468412362,True,True
25420,Male,some_college,47389.0,47657,-268.0,1862.7600489596077,2328.5672850722503,True,True
25500,Male,some_college,8524.0,8488,36.0,713.9425747215248,810.1722697380478,True,True
25540,Male,some_college,91864.94088012898,91884,-19.059119871017174,2411.2476023834633,2305.330784468921,True,True
25620,Male,some_college,15442.74292082298,15060,382.7429208229805,991.6577030407216,1122.3129201904983,True,True
25740,Male,some_college,10016.877005531738,9939,77.87700553173818,788.0253803019291,514.8951740504878,True,True
25860,Male,some_college,38325.907469183585,37963,362.9074691835849,1725.3840152267553,1538.2342262640689,True,True
25940,Male,some_college,20358.242151182472,20392,-33.7578488175277,1338.2410096839806,1221.27712704203,True,True
25980,Male,some_college,9109.815347893893,9288,-178.18465210610702,735.256417857063,676.0886900256754,True,True
26140,Male,some_college,19398.0,19588,-190.0,1156.789090543302,1061.8484556541014,True,True
26300,Male,some_college,10340.031931881185,10559,-218.9680681188147,860.4702202865593,615.4863154422638,True,True
26380,Male,some_college,13687.28780397083,14840,-1152.7121960291697,1006.4581461739976,909.2564067431206,False,True
26420,Male,some_college,604471.8478399965,606591,-2119.1521600035485,8473.819504804194,7541.9472812023605,True,True
26580,Male,some_college,34725.376179725354,35868,-1142.6238202746463,1584.667157481343,1137.9874487899647,True,True
26620,Male,some_college,46851.546034842584,46410,441.54603484258405,2019.7586489479381,1785.4520990593257,True,True
26820,Male,some_college,16355.977527829222,17003,-647.0224721707782,1019.6264021689512,937.4813836617468,True,True
26900,Male,some_college,176593.62340691214,176184,409.62340691214195,3703.8066904200064,3987.294062743077,True,True
26980,Male,some_college,13201.01952386693,13679,-477.9804761330706,857.9574581527921,895.8380949117014,True,True
27060,Male,some_college,5542.0,5655,-113.0,602.5927314530105,644.2969633115619,True,True
27100,Male,some_college,18078.0,18666,-588.0,926.4545320737549,1301.776910810278,True,True
27140,Male,some_college,56530.03519784588,58161,-1630.9648021541216,2243.416367953127,1833.4926107385172,True,True
27180,Male,some_college,14154.28693025508,14900,-745.7130697449193,860.6770590645483,1021.1032222821606,True,True
27260,Male,some_college,158510.73269891783,159563,-1052.2673010821745,3617.3175144020743,3980.732718156022,True,True
27340,Male,some_college,20487.64724685687,20894,-406.3527531431282,1276.8637358778735,1251.2807634733256,True,True
27500,Male,some_college,18232.0,17754,478.0,931.9425947986282,1296.5584350305041,True,True
27620,Male,some_college,13510.315969535752,14129,-618.6840304642483,776.4927559224233,617.4568827345341,True,True
27740,Male,some_college,19890.56478037328,20616,-725.4352196267209,1238.696895935402,1383.0687887476345,True,True
27780,Male,some_college,11333.0,11550,-217.0,627.3587490423641,639.7669150499266,True,True
27860,Male,some_college,10664.0,11169,-505.0,955.7264252912546,959.8312106511229,True,True
27900,Male,some_college,19280.732969696153,19336,-55.267030303846695,969.4054879151448,966.763122774108,True,True
27980,Male,some_college,17741.64024958167,18193,-451.3597504183308,1133.6886697854927,881.2596986190756,True,True
28020,Male,some_college,24040.0,24392,-352.0,1162.2852489815054,1401.879819278832,True,True
28100,Male,some_college,11763.702013723889,12410,-646.2979862761113,739.5491870051646,671.554438976158,True,True
28140,Male,some_college,202872.875403399,202205,667.8754033989972,3627.0024813887294,4066.076875431595,True,True
28420,Male,some_college,29890.567064412633,30139,-248.43293558736696,1406.1073927691298,1321.5471948225866,True,True
28450,Male,some_college,17722.0,17853,-131.0,1008.7244420554109,1353.3445592526502,True,True
28660,Male,some_college,56839.87050044658,56838,1.8705004465809907,1975.2875740003024,2063.7013818738437,True,True
28700,Male,some_college,30989.47475457479,31125,-135.52524542521132,1443.325673574748,1028.6810492097766,True,True
28740,Male,some_college,18280.59003204577,18087,193.59003204576948,1125.5207683556976,1093.071263512283,True,True
28880,Male,some_college,68342.62463306429,67135,1207.6246330642898,2051.570617843802,2213.90501758914,True,True
28940,Male,some_college,81984.98701050023,82539,-554.0129894997663,2211.811926905179,2254.348423398539,True,True
29020,Male,some_college,7962.193845611268,8376,-413.80615438873156,750.5791097545948,527.6128348527122,True,True
29100,Male,some_college,19231.87923230017,20199,-967.120767699831,982.9898270073805,1125.048963623654,True,True
29180,Male,some_college,31663.09138276152,31762,-98.90861723848138,1573.923123916794,1514.0200721277915,True,True
29200,Male,some_college,15922.09483301479,15927,-4.905166985210599,865.9162777081858,892.1764461639146,True,True
29340,Male,some_college,23781.258507037754,24238,-456.7414929622464,1485.035353114531,1510.5051294524046,True,True
29420,Male,some_college,32466.0,32494,-28.0,1538.8154535226113,1380.242884120853,True,True
29460,Male,some_college,78574.0,78815,-241.0,2456.453134093952,2290.6704444206944,True,True
29540,Male,some_college,38183.0,38705,-522.0,1705.6063437968328,1921.8397787107542,True,True
29620,Male,some_college,48476.0,48192,284.0,1542.8032927110312,1770.3115201384755,True,True
29700,Male,some_college,21207.0,21278,-71.0,1354.4242319155398,1247.9131983525538,True,True
29740,Male,some_college,18981.0,18829,152.0,1305.429431260074,1576.567047396415,True,True
29820,Male,some_college,246537.0,247644,-1107.0,3857.343386321731,4201.508054273192,True,True
29940,Male,some_college,8324.0,8476,-152.0,762.5857328851622,954.7121406973938,True,True
30020,Male,some_college,13418.0,13618,-200.0,801.639569881627,995.8069015771833,True,True
30140,Male,some_college,10491.0,10866,-375.0,808.7379056282697,963.2763099177463,True,True
30300,Male,some_college,7691.259802460847,8120,-428.7401975391531,633.6828859926707,322.2281264868063,True,True
30340,Male,some_college,12426.0,12269,157.0,908.1398570704845,1081.0783058051345,True,True
30460,Male,some_college,41476.35604530118,41403,73.35604530118144,1536.9895900753525,1364.169294605013,True,True
30500,Male,some_college,19273.0,19299,-26.0,1182.7979540056704,1269.1355703509378,True,True
30620,Male,some_college,10306.0,10441,-135.0,690.4643365156523,716.6544025592112,True,True
30700,Male,some_college,35387.0107202172,34817,570.0107202172003,1524.1866683579146,1543.8924008843558,True,True
30780,Male,some_college,70499.0,70773,-274.0,2437.9528297323554,2593.016688144332,True,True
30860,Male,some_college,12369.322737172548,12097,272.32273717254793,724.0628425765267,650.5494252227855,True,True
30980,Male,some_college,31000.912925995934,31297,-296.0870740040664,1371.6187516945079,1229.5133944588013,True,True
31020,Male,some_college,15581.39780915821,15147,434.3978091582103,1010.9391673092897,786.3965875543702,True,True
31080,Male,some_college,1091928.0,1094299,-2371.0,8976.129343987865,7856.949949421611,True,True
31140,Male,some_college,131284.28302675963,130009,1275.2830267596291,2583.3592471818547,3273.119949896183,True,True
31180,Male,some_college,31248.500520696594,32361,-1112.4994793034057,1435.313902949456,1545.1175313140754,True,True
31340,Male,some_college,23883.0,23856,27.0,1033.0242010717852,1213.5900957417625,True,True
31420,Male,some_college,18979.899094985187,20221,-1241.1009050148132,1301.5951751600803,1064.761283185202,True,True
31540,Male,some_college,61929.14665454304,60843,1086.1466545430376,1790.1217835666935,2214.4438799431864,True,True
31700,Male,some_college,37874.80365703945,37832,42.80365703944699,1592.196595901398,1591.06390658247,True,True
31740,Male,some_college,13778.0,13839,-61.0,985.6677939346501,991.2467529404574,True,True
31860,Male,some_college,12396.0,10972,1424.0,663.5103616372543,918.3970325314102,False,False
31900,Male,some_college,12368.0,12745,-377.0,969.1140283784979,863.4476351203933,True,True
32580,Male,some_college,58618.0,58562,56.0,2219.3544106338672,2417.8841276457506,True,True
32780,Male,some_college,26722.0,26879,-157.0,1383.3759431188616,1403.2933768228938,True,True
32820,Male,some_college,116684.70305305847,115856,828.7030530584743,3095.3035392348843,2927.030059924713,True,True
32900,Male,some_college,21166.0,21571,-405.0,1112.983827375762,1373.0255389039564,True,True
33100,Male,some_college,529786.2981160079,528786,1000.2981160079362,7342.135588505568,7405.047670145808,True,True
33140,Male,some_college,10566.0,10348,218.0,822.0723812414574,927.661575775347,True,True
33220,Male,some_college,9827.050469070424,8965,862.0504690704238,597.285526360718,520.7702632111562,False,False
33260,Male,some_college,15233.19296268366,15979,-745.8070373163391,1381.3037319865605,1387.1322982972551,True,True
33340,Male,some_college,147391.0,145924,1467.0,2886.002252251373,3664.024991593091,True,True
33460,Male,some_college,362844.1309633334,364366,-1521.8690366665833,4697.0958048564435,6473.245627053646,True,True
33500,Male,some_college,10285.191780837255,9879,406.19178083725456,823.2113944789637,688.9990023861171,True,True
33540,Male,some_college,14129.497640868427,12607,1522.497640868427,838.0346054907279,921.3549116795518,False,False
33660,Male,some_college,36638.0,35960,678.0,1524.9596715979083,1713.501953713141,True,True
33700,Male,some_college,49400.0,49786,-386.0,1871.7152561220416,1951.0837319295142,True,True
33740,Male,some_college,17664.735405548432,18236,-571.264594451568,1222.2900637737346,1060.3121839657442,True,True
33780,Male,some_college,19072.0,18612,460.0,967.1266721583063,1077.9084519365501,True,True
33860,Male,some_college,30037.249749538998,31456,-1418.750250461002,1657.7732052364702,1341.9781393541086,True,True
34060,Male,some_college,11241.272151619296,10050,1191.272151619296,787.5976129979065,778.1724465321723,False,False
34100,Male,some_college,10587.53678770463,10701,-113.46321229536989,833.112837495618,863.1821355259526,True,True
34580,Male,some_college,15663.0,16237,-574.0,783.4723990033089,795.8363961557992,True,True
34620,Male,some_college,9585.0,9806,-221.0,694.0871703179652,804.2664750356378,True,True
34740,Male,some_college,20330.0,20067,263.0,994.3852372194591,1107.171279698855,True,True
34820,Male,some_college,42842.48443560555,42850,-7.515564394452667,1666.3210975079203,1899.9068617285407,True,True
34900,Male,some_college,12872.0,12633,239.0,835.0796369209346,1138.239797974267,True,True
34940,Male,some_college,32704.0,33220,-516.0,1998.421627184814,2062.025019470848,True,True
34980,Male,some_college,166956.86763121546,167769,-812.1323687845434,3420.323084154478,3517.5777947562183,True,True
35300,Male,some_college,39118.0,39288,-170.0,1753.92901794799,1709.5971454088242,True,True
35380,Male,some_college,86378.0,86776,-398.0,2415.4125941544644,2421.299103662381,True,True
35620,Male,some_college,1387009.3753669355,1387365,-355.62463306449354,10298.032190666332,8913.07339451667,True,True
35660,Male,some_college,16078.0,16395,-317.0,863.2363523392652,1066.5554480809942,True,True
35840,Male,some_college,87525.0,88783,-1258.0,2598.765476144394,2576.8213539492317,True,True
35980,Male,some_college,24997.0,26350,-1353.0,1298.5203117394815,1301.707895596685,False,True
36100,Male,some_college,43554.0,43000,554.0,1924.7467365864009,1575.9363146289415,True,True
36220,Male,some_college,12898.0,13665,-767.0,1164.2791761429044,1100.9688955006857,True,True
36260,Male,some_college,66144.28757516912,66467,-322.7124248308828,2146.7084105672106,2055.82750920267,True,True
36420,Male,some_college,135467.52552181235,136501,-1033.4744781876507,3140.442007106643,3574.082420916004,True,True
36500,Male,some_college,34598.0,35086,-488.0,1445.4777756852577,1463.796435485908,True,True
36540,Male,some_college,97658.0028120563,97711,-52.997187943707104,2413.387038997268,2867.6747842214563,True,True
36740,Male,some_college,269759.0,271969,-2210.0,5261.174583683762,5144.040622386744,True,True
36780,Male,some_college,18973.0,19554,-581.0,976.0840127775888,1095.1897438817396,True,True
36980,Male,some_college,10892.656634375184,10980,-87.34336562481622,790.3473919739345,962.3902964117801,True,True
37100,Male,some_college,81772.0,82059,-287.0,2243.0864896387743,2146.655007575449,True,True
37140,Male,some_college,10052.64848096012,11292,-1239.3515190398793,692.4117272259331,397.41511192249226,False,False
37340,Male,some_college,73204.0,73839,-635.0,2319.066406983638,2133.1198396427476,True,True
37460,Male,some_college,24510.2388925387,24625,-114.76110746130144,1321.1551763513626,1138.2224361738834,True,True
37620,Male,some_college,8870.245932251191,9115,-244.75406774880867,790.2531240052139,615.6068778119991,True,True
37860,Male,some_college,58295.0,59234,-939.0,2262.760482242873,2087.5137175743903,True,True
37900,Male,some_college,38487.3161773768,38698,-210.68382262319938,1371.6216679536672,1425.178488163128,True,True
37980,Male,some_college,472005.25685323996,468650,3355.25685323996,5670.12927542221,6000.3986790684085,True,True
38060,Male,some_college,520913.72859360295,522513,-1599.2714063970488,6274.649791024197,6923.286255188341,True,True
38240,Male,some_college,10560.629543017983,11048,-487.37045698201655,826.1513178589017,898.0481534178781,True,True
38300,Male,some_college,214823.88436929614,216749,-1925.1156307038618,3646.4844713778775,4637.2197932603885,True,True
38340,Male,some_college,11092.0,10820,272.0,679.8440997758236,846.3640900566965,True,True
38540,Male,some_college,9781.122661023077,10079,-297.87733897692306,762.4559003640801,520.8612041521021,True,True
38860,Male,some_college,54270.0,54167,103.0,1843.966919442971,2143.4113600960386,True,True
38900,Male,some_college,265891.5180084832,266379,-487.48199151677545,3950.0240505596926,4387.667767201434,True,True
38940,Male,some_college,58530.0,57777,753.0,2383.014897141854,2256.6303122989043,True,True
39150,Male,some_college,34324.0,34529,-205.0,1419.3586579860637,1233.9924491776683,True,True
39300,Male,some_college,139102.0,140451,-1349.0,3544.787863892563,3675.896696936681,True,True
39340,Male,some_college,59504.664766366164,58680,824.6647663661643,1743.3189610624902,1804.0192260559356,True,True
39380,Male,some_college,19638.52266806509,20078,-439.4773319349115,1088.0542265898332,992.0650126571859,True,True
39460,Male,some_college,24185.0,24282,-97.0,1309.9545793652542,1143.0188720292417,True,True
39540,Male,some_college,21958.0,21573,385.0,1107.6560838094106,1378.4299069811275,True,True
39580,Male,some_college,114037.71392870393,115872,-1834.2860712960683,3329.0073595593026,2931.410138469377,True,True
39660,Male,some_college,18872.900276081935,18402,470.90027608193486,1033.337311820298,1100.6261656987688,True,True
39740,Male,some_college,34051.0,33151,900.0,1503.7423316512707,1658.817420889427,True,True
39820,Male,some_college,24174.0,24377,-203.0,1119.3940325015137,1217.267488586116,True,True
39900,Male,some_college,63734.16327107938,63429,305.1632710793783,2067.3973976959533,1653.0151990638074,True,True
40060,Male,some_college,111998.13269456962,114352,-2353.86730543038,2992.054478113659,2888.1893524407174,True,True
40140,Male,some_college,456096.0,458100,-2004.0,6575.95506371508,6268.228174853121,True,True
40220,Male,some_college,29310.684432183014,29528,-217.315567816986,1438.3511393258602,1190.3437801350567,True,True
40340,Male,some_college,22348.34893121397,22238,110.34893121397181,866.8961875565033,1155.381920145987,True,True
40380,Male,some_college,100544.09179567333,100363,181.09179567333194,2360.5509950009555,2235.9837379751457,True,True
40420,Male,some_college,35803.0,34957,846.0,1534.2926709073467,1625.5989129175591,True,True
40580,Male,some_college,13016.0,13262,-246.0,982.8326408906046,943.5687593214922,True,True
40660,Male,some_college,8520.51450852597,8750,-229.4854914740299,696.8414453805112,583.2716852379423,True,True
40900,Male,some_college,251434.0,252277,-843.0,4015.3561485875694,3813.447270405578,True,True
40980,Male,some_college,20794.0,19932,862.0,974.5280909240123,1054.162989784431,True,True
41060,Male,some_college,22518.467652023715,23541,-1022.5323479762847,949.764707703966,1464.4545632950565,False,True
41100,Male,some_college,23245.0,22436,809.0,1317.8880832604868,1466.1642852819225,True,True
41140,Male,some_college,11163.975177857905,10736,427.9751778579048,674.3745250230023,728.0429368379885,True,True
41180,Male,some_college,271674.4231606049,276577,-4902.5768393951,4342.9608563743695,5018.120902011201,False,True
41420,Male,some_college,48199.7296948685,48078,121.72969486850343,1674.7280376228255,1772.7913634833624,True,True
41500,Male,some_college,35013.15299952632,32937,2076.152999526319,1278.9452685709425,1525.4534895677205,False,False
41540,Male,some_college,10877.425787763637,9895,982.4257877636373,836.0245211714786,779.1076365949544,False,True
41620,Male,some_college,120900.90154767611,123332,-2431.0984523238876,2843.454940736709,3492.6710108346742,True,True
41660,Male,some_college,12581.180168376615,12233,348.18016837661526,944.3579829704412,1011.6053705325288,True,True
41700,Male,some_college,249990.54775581893,252449,-2458.4522441810695,4682.880096692633,5015.214465449828,True,True
41740,Male,some_college,318726.0,319587,-861.0,4403.281276502786,5043.058688122963,True,True
41780,Male,some_college,12359.652283565003,12498,-138.34771643499698,796.482893727166,588.5288941520639,True,True
41860,Male,some_college,359442.0,360673,-1231.0,5152.844942359512,5663.249195328376,True,True
41940,Male,some_college,132040.8470004737,132515,-474.1529995262972,2941.869133731139,3245.234921022245,True,True
42020,Male,some_college,31445.0,31350,95.0,1341.5655034324639,1555.207525166256,True,True
42100,Male,some_college,25405.0,25886,-481.0,1189.1799695588552,1254.623824806663,True,True
42140,Male,some_college,13920.653843583215,14147,-226.34615641678465,845.4140997168192,876.0151508507367,True,True
42200,Male,some_college,37553.0,37241,312.0,1385.880947267838,1606.4523313706666,True,True
42220,Male,some_college,52506.0,52629,-123.0,1771.0429130882176,1828.6247967284048,True,True
42340,Male,some_college,37779.54648116429,38494,-714.4535188357113,1878.0428642605577,1603.7415170455656,True,True
42540,Male,some_college,52525.552435787366,53681,-1155.4475642126345,1653.4600085880518,1859.1785442400117,True,True
42660,Male,some_college,389444.0,391529,-2085.0,5144.3325125812,5622.419688375171,True,True
42680,Male,some_college,17942.0,17947,-5.0,1108.2513252868232,1293.0527705695154,True,True
42700,Male,some_college,10205.570112951234,11675,-1469.4298870487655,912.9222310799535,560.0470738919948,False,False
43100,Male,some_college,13396.0,13215,181.0,780.028845620468,1001.6146184043292,True,True
43300,Male,some_college,16306.891425212645,16119,187.89142521264512,1101.2515607253413,784.5651270567772,True,True
43340,Male,some_college,34772.85431372078,36795,-2022.1456862792184,1718.1682106243265,1604.723704013635,False,True
43420,Male,some_college,15501.803355881955,16451,-949.1966441180448,891.7471614757178,766.8154554851214,False,True
43580,Male,some_college,14200.889531940913,13329,871.889531940913,818.4381467160484,838.2196480229389,False,True
43620,Male,some_college,31138.2496058989,31248,-109.75039410109821,1423.8528716127942,1662.7724706236172,True,True
43640,Male,some_college,26321.0,26530,-209.0,1741.4623165604244,1583.5367168513178,True,True
43780,Male,some_college,29282.173315897315,29150,132.17331589731475,1181.0791675412788,1138.5353968983145,True,True
43900,Male,some_college,35371.96471835576,34579,792.9647183557609,1608.6945017622209,1509.7367724929068,True,True
44060,Male,some_college,73589.83953980863,73809,-219.16046019137139,2181.0632728098467,2169.6932831015274,True,True
44100,Male,some_college,19982.28669306878,20158,-175.71330693121854,1063.639506599863,989.7576044520745,True,True
44140,Male,some_college,40318.0,40784,-466.0,1663.757193823666,2000.1491345609709,True,True
44180,Male,some_college,48882.2437683203,48855,27.24376832030248,1721.8074805273673,1704.253234439457,True,True
44220,Male,some_college,13660.0,14066,-406.0,813.8089456377338,876.4874298043298,True,True
44300,Male,some_college,8646.0,9153,-507.0,844.0082937981119,981.4864619188592,True,True
44420,Male,some_college,11542.462189861519,11462,80.46218986151871,742.1603600300948,856.3835272770519,True,True
44700,Male,some_college,74810.0,74910,-100.0,2442.9584523687668,2626.436384402828,True,True
44940,Male,some_college,9810.766958268248,10442,-631.2330417317517,854.8649016072657,691.5522829916886,True,True
45060,Male,some_college,62808.93081871829,63533,-724.0691812817095,1629.6496556008594,1890.3540036498414,True,True
45220,Male,some_college,28899.0466488171,28802,97.0466488171005,1362.1736306359774,1368.9616990022753,True,True
45300,Male,some_college,322764.0,324266,-1502.0,5285.204537196267,4067.2137983939633,True,True
45460,Male,some_college,16147.436362371718,17008,-860.5636376282819,915.9241234949542,1005.2292688065127,True,True
45500,Male,some_college,13851.08449906198,13484,367.08449906198075,952.7334359620219,772.3835297294515,True,True
45780,Male,some_college,59337.18349047551,59092,245.18349047550873,1809.2059031519877,1819.735519364058,True,True
45820,Male,some_college,22953.572887074355,23282,-328.4271129256449,1125.8139277873586,1134.6927818015765,True,True
45900,Male,some_college,18071.6027615924,18034,37.602761592399474,878.4281416257109,881.3729849896121,True,True
45940,Male,some_college,24630.0,24626,4.0,1329.9586459736258,1512.1246323141656,True,True
46060,Male,some_college,112088.27140639715,113418,-1329.7285936028493,2884.3690817924116,3061.9594035309265,True,True
46140,Male,some_college,98778.96096199655,100376,-1597.0390380034514,1876.9256778039987,2538.9831136807297,True,True
46220,Male,some_college,24714.855532286572,24801,-86.14446771342773,1491.0808160525705,1572.877406958977,True,True
46300,Male,some_college,13063.477426512196,12958,105.47742651219596,897.5889928023851,786.0543640933205,True,True
46340,Male,some_college,23661.0,24269,-608.0,1277.3930483606055,1281.3825144775271,True,True
46520,Male,some_college,105161.0,105189,-28.0,2456.830478482388,2396.495851823293,True,True
46540,Male,some_college,29092.21817915619,29688,-595.7818208438111,1288.2794727853113,1172.4900543715678,True,True
46660,Male,some_college,13542.680224901364,13130,412.68022490136354,981.5406257511709,823.3266347333189,True,True
46700,Male,some_college,56289.0,55519,770.0,1954.1906252973379,1730.4703753817196,True,True
47020,Male,some_college,10127.260214958307,10579,-451.7397850416928,791.9760097376687,702.5710132048813,True,True
47220,Male,some_college,12604.743146760124,11896,708.7431467601236,874.1275650613015,950.4866154072103,True,True
47260,Male,some_college,181086.50040535358,183641,-2554.4995946464187,3369.8692852987638,2890.1319453594833,True,True
47300,Male,some_college,40813.0,40732,81.0,1746.6339055451774,2016.1370922679712,True,True
47380,Male,some_college,29051.17533189598,28865,186.1753318959818,1393.9540881965947,1594.8616744841495,True,True
47460,Male,some_college,6949.432935587362,7657,-707.5670644126376,654.638831723264,446.1312554942405,False,True
47580,Male,some_college,20094.391223569753,20492,-397.6087764302465,1252.9361516054998,1100.9499174811426,True,True
47900,Male,some_college,401432.1548207352,403935,-2502.845179264783,5380.557127287099,5139.387108657221,True,True
47930,Male,some_college,41875.0,41786,89.0,1791.8387204210094,2059.0405268947475,True,True
47940,Male,some_college,15876.568454909957,16385,-508.4315450900431,822.2469215509415,1088.6530601539957,True,True
48060,Male,some_college,12275.64964994106,12647,-371.3503500589395,721.8490146838187,825.2479365241225,True,True
48140,Male,some_college,15453.0,15375,78.0,795.58846145479,951.6926394134558,True,True
48260,Male,some_college,11121.016060397998,11346,-224.98393960200156,739.0331521657198,583.4293854364854,True,True
48300,Male,some_college,12395.0,12754,-359.0,868.8498144098323,883.2325017018452,True,True
48540,Male,some_college,13738.357859139054,13116,622.3578591390542,806.1966261402983,751.295260524531,True,True
48620,Male,some_college,65875.88231599751,66264,-388.1176840024855,2078.1804541473293,2065.4567600233004,True,True
48660,Male,some_college,14812.688645986289,14778,34.688645986288975,821.2983623507355,747.6726607647764,True,True
48680,Male,some_college,18773.0,17376,1397.0,1431.77162983487,1512.8331734703931,True,True
48700,Male,some_college,10201.086795153158,11086,-884.9132048468418,740.8333145856766,611.8630772651677,False,True
48900,Male,some_college,47483.0,47543,-60.0,1773.4909077861098,1785.0862099181652,True,True
49020,Male,some_college,12101.994852671376,12917,-815.0051473286239,981.1610469234905,804.5427026388498,True,True
49180,Male,some_college,66345.18240137585,66223,122.18240137584507,2345.8542154191937,1879.3492198734232,True,True
49340,Male,some_college,70084.0,70429,-345.0,2269.0123402044337,2398.926799259411,True,True
49420,Male,some_college,19315.0,19233,82.0,1080.2606167032102,1188.4883085773288,True,True
49620,Male,some_college,39195.0,39760,-565.0,1571.296280145791,1709.346839931484,True,True
49660,Male,some_college,40232.0,40592,-360.0,1476.7017302082368,1472.4025508993795,True,True
49700,Male,some_college,20852.0,20664,188.0,1077.7611052547777,1002.9666311198993,True,True
49740,Male,some_college,24274.202906673483,23527,747.2029066734831,1248.3280818759144,1218.6819589741087,True,True
10180,Male,graduate,5033.090736633379,5021,12.090736633378583,614.2222724714563,627.3538581491867,True,True
10420,Male,graduate,28051.0,28501,-450.0,1350.9970392269556,1506.102611023316,True,True
10500,Male,graduate,4416.599531572162,3851,565.599531572162,517.1498815623958,623.1941409302341,False,True
10540,Male,graduate,4709.664110674299,3023,1686.664110674299,386.31334432038454,510.6710825114064,False,False
10580,Male,graduate,54007.770995937324,53397,610.7709959373242,1717.8096518531966,2055.761435518223,True,True
10740,Male,graduate,50359.60481193783,48656,1703.604811937832,1634.7504396696152,2132.78089520565,False,True
10780,Male,graduate,2962.2014373990564,3331,-368.79856260094357,455.6599609357838,411.0117660741022,True,True
10900,Male,graduate,35400.0,35129,271.0,1436.5569950405727,1792.8465517606353,True,True
11020,Male,graduate,2930.3122169728304,3168,-237.68778302716964,403.48110240753533,388.8934376017878,True,True
11100,Male,graduate,7094.009523301403,7207,-112.99047669859738,621.2777156795502,659.2967802710589,True,True
11180,Male,graduate,7887.0,7526,361.0,598.7962925736932,722.9980855999896,True,True
11200,Male,graduate,10631.824239105896,11102,-470.1757608941043,819.2636938129261,822.1704417262807,True,True
11260,Male,graduate,16487.577923018704,16275,212.5779230187036,976.2177011302346,1453.1967649230187,True,True
11460,Male,graduate,37408.0,37041,367.0,1283.7001207447165,1523.8306801556892,True,True
11500,Male,graduate,2116.0,2519,-403.0,364.20049423360206,292.979764691608,False,True
11540,Male,graduate,6432.243783112121,7175,-742.7562168878794,554.7990627245147,727.1075646973383,False,True
11700,Male,graduate,24312.69876236234,23665,647.698762362339,1353.3853848774932,1496.5606717011458,True,True
12020,Male,graduate,12118.325365832125,13159,-1040.6746341678754,809.8333161830279,697.8944429978677,False,True
12060,Male,graduate,304014.3505214453,304550,-535.6494785547256,4737.597386861826,5773.261403645041,True,True
12100,Male,graduate,14154.0,14070,84.0,903.600575475691,1042.4637692109495,True,True
12220,Male,graduate,9339.672178366684,10795,-1455.3278216333165,784.2206322202956,758.0890874941259,False,False
12260,Male,graduate,22592.26651767997,22500,92.266517679971,1330.242834974126,1432.5089697957371,True,True
12420,Male,graduate,158015.692066782,157848,167.69206678200862,3191.4448138734906,3617.6495422594235,True,True
12540,Male,graduate,17195.0,17028,167.0,1154.9428557292347,1096.9341795807532,True,True
12580,Male,graduate,178518.32266649668,180688,-2169.6773335033213,3459.5399983234765,3677.776702791105,True,True
12620,Male,graduate,5610.687190897313,5698,-87.31280910268742,572.9275695932253,683.7716568601005,True,True
12700,Male,graduate,18937.51623054996,18881,56.51623054996162,1043.5123382116763,1156.147573194511,True,True
12940,Male,graduate,25664.17722080757,26211,-546.8227791924292,1421.7626384175385,1544.6803175378761,True,True
12980,Male,graduate,2980.015878075734,2892,88.01587807573378,355.57558971335476,378.79730846897434,True,True
13020,Male,graduate,3677.077951138088,2074,1603.0779511380879,290.3205125374368,368.8383123009169,False,False
13140,Male,graduate,6828.0,6558,270.0,670.6481939139179,820.4664045117875,True,True
13220,Male,graduate,2259.0,2286,-27.0,353.28458783252916,387.74171438117156,True,True
13380,Male,graduate,10172.0,10352,-180.0,745.6788853119016,828.0682298639407,True,True
13460,Male,graduate,13428.0,13297,131.0,945.6246612689413,1212.4898193887032,True,True
13740,Male,graduate,5944.223462792091,6178,-233.7765372079093,719.1126476429127,784.5020369654167,True,True
13780,Male,graduate,10134.186546462084,9899,235.18654646208415,675.1436884101043,798.3465119910812,True,True
13820,Male,graduate,46676.22014258086,46331,345.22014258085983,1749.1223513522432,2193.1427219788993,True,True
13900,Male,graduate,4620.948405812117,4412,208.94840581211702,559.0778121156303,923.6907203656394,True,True
13980,Male,graduate,10637.0,10423,214.0,764.817625319919,792.2565755635923,True,True
14010,Male,graduate,8342.0,8419,-77.0,690.0941964688589,903.4521361526299,True,True
14020,Male,graduate,11143.367254218248,10508,635.3672542182485,726.6704892865816,947.3909369506326,True,True
14260,Male,graduate,34617.844710897276,35191,-573.155289102724,1547.985465048041,1719.3582153091243,True,True
14460,Male,graduate,389972.9927833637,391802,-1829.0072166363243,4493.799505985998,4674.1522513149475,True,True
14500,Male,graduate,29767.328664704368,32350,-2582.671335295632,1231.5530845237652,1013.6805730921789,False,False
14540,Male,graduate,5547.487599454044,5344,203.48759945404436,671.7142249498667,706.7202173810325,True,True
14580,Male,graduate,7124.0,8119,-995.0,699.8592715682204,734.1638870153586,False,True
14740,Male,graduate,13935.0,14059,-124.0,834.9071804697813,944.6067845802294,True,True
14860,Male,graduate,72320.0,72543,-223.0,1911.4899947423214,2231.629608631605,True,True
15180,Male,graduate,8295.0,8323,-28.0,770.9267150644087,848.1493018832239,True,True
15260,Male,graduate,3537.525434864031,3974,-436.474565135969,485.1865620562878,428.7202255765842,True,True
15380,Male,graduate,55139.0,56350,-1211.0,1804.3627684032942,2072.847946803202,True,True
15500,Male,graduate,5042.0,5045,-3.0,546.3268252612166,580.4622065518133,True,True
15540,Male,graduate,13047.65149520314,13626,-578.3485047968607,783.9298437998135,822.0679223347444,True,True
15940,Male,graduate,10995.0,10885,110.0,734.8101795702071,971.7397349850164,True,True
15980,Male,graduate,37206.0,37225,-19.0,1501.9803593922259,1956.5804194407012,True,True
16020,Male,graduate,2697.227965680296,2916,-218.77203431970383,478.4516694505308,406.91386801509515,True,True
16180,Male,graduate,1870.0483854521908,1782,88.04838545219081,297.3987222568382,201.93007952880177,True,True
16220,Male,graduate,3479.058022313303,2737,742.0580223133029,376.94296650819734,382.5944014997664,False,False
16300,Male,graduate,9477.242927785353,10137,-659.7570722146465,779.8955058211325,1091.6960969835868,True,True
16540,Male,graduate,4676.637822644019,4713,-36.36217735598075,498.8085805196218,558.6208595696556,True,True
16580,Male,graduate,14994.12413922557,15898,-903.8758607744294,1047.951811869229,939.1310267015433,True,True
16620,Male,graduate,7176.000929858474,7128,48.00092985847368,577.3465164006794,889.8220415862376,True,True
16700,Male,graduate,40519.0,40178,341.0,1561.7458179870373,1970.5247914848092,True,True
16740,Male,graduate,120089.3131736324,121343,-1253.6868263676006,2733.8899026844515,3307.853243034753,True,True
16820,Male,graduate,19696.216350148712,20340,-643.7836498512879,1001.3455946874685,1022.1681289029684,True,True
16860,Male,graduate,22068.248272331803,22209,-140.75172766819742,1245.5203731774122,1066.5802178463152,True,True
16940,Male,graduate,3965.0,3761,204.0,524.1726814705246,565.1537494445649,True,True
16980,Male,graduate,499584.51044444327,499058,526.5104444432654,5750.160780360841,6203.698943193671,True,True
17020,Male,graduate,6572.0,6741,-169.0,620.5521734713367,662.2899523075222,True,True
17140,Male,graduate,99219.9556539772,100884,-1664.044346022798,2424.3236170115574,2379.4214059469264,True,True
17300,Male,graduate,8484.821335751487,8920,-435.1786642485131,932.3915486532469,837.6858913627765,True,True
17410,Male,graduate,94301.0,94286,15.0,2180.382305927105,2501.914808003312,True,True
17420,Male,graduate,3579.0,3749,-170.0,482.60646493804865,504.42832657747323,True,True
17660,Male,graduate,5689.446767909124,6054,-364.553232090876,671.6948712026913,697.7575383147315,True,True
17780,Male,graduate,13294.212312595746,13667,-372.78768740425403,844.8508744151242,895.01425211143,True,True
17820,Male,graduate,43864.0,44777,-913.0,1542.4762558950463,1753.9820888919448,True,True
17860,Male,graduate,11790.363146283828,13143,-1352.6368537161725,878.0210703622095,873.9578206580298,False,False
17900,Male,graduate,35041.251426192306,34895,146.2514261923061,1445.7406406406371,1439.9539268733433,True,True
17980,Male,graduate,10303.412780761944,10730,-426.5872192380557,905.7184993142184,779.0415425464156,True,True
18020,Male,graduate,3575.162713054643,4247,-671.8372869453569,490.829909439105,460.0519622693546,False,True
18140,Male,graduate,103546.79966351991,103692,-145.2003364800912,2723.9412622154687,2601.938382910532,True,True
18580,Male,graduate,10884.698626481993,10630,254.69862648199341,813.1838660475256,829.245386562295,True,True
18700,Male,graduate,6510.335889325703,8121,-1610.6641106742973,563.9911346820976,514.1362018577152,False,False
18880,Male,graduate,13536.54912329104,14690,-1153.4508767089592,855.3373603438587,966.9185375496248,False,True
19100,Male,graduate,365235.139095448,368006,-2770.8609045519843,5193.373951488569,5445.681916676621,True,True
19140,Male,graduate,3648.779800077416,3198,450.779800077416,481.00519747711667,526.0504669641514,True,True
19300,Male,graduate,9782.0,9677,105.0,884.4602874069587,937.0337883062168,True,True
19340,Male,graduate,13466.925622466713,13118,348.9256224667133,774.3235757743657,1026.684749531185,True,True
19430,Male,graduate,37967.0,37734,233.0,1299.1855140818034,1591.277849362345,True,True
19460,Male,graduate,3534.0,3548,-14.0,394.1129279787711,429.82531083860107,True,True
19500,Male,graduate,1932.1426159698844,2171,-238.85738403011555,329.9060472316323,252.52549392921867,True,True
19660,Male,graduate,25092.0,25016,76.0,1371.48313879537,1368.2196399230827,True,True
19740,Male,graduate,187385.83808094126,187968,-582.1619190587371,3314.2228349946536,4378.584680658622,True,True
19780,Male,graduate,30743.577162778653,30442,301.57716277865256,1479.1653051636927,1947.1354901502043,True,True
19820,Male,graduate,200648.50120494867,204163,-3514.4987950513314,3173.5760586442543,4361.617864612107,False,True
20020,Male,graduate,3438.0,3375,63.0,311.62156536414483,320.0784931876086,True,True
20100,Male,graduate,6147.0,6219,-72.0,730.6613442628534,778.5882489881927,True,True
20220,Male,graduate,2865.3737971884702,3186,-320.62620281152977,349.7570585420686,380.03353405078366,True,True
20260,Male,graduate,9339.511751038188,9590,-250.48824896181213,510.4772276997281,684.2159199345058,True,True
20500,Male,graduate,45907.732119259126,48836,-2928.267880740874,1666.0135053474207,1506.0575462356342,False,False
20580,Male,graduate,889.8572544506144,879,10.857254450614391,330.13027731488063,172.04813630605847,True,True
20740,Male,graduate,5391.623265659886,5391,0.6232656598858739,494.4461548035337,663.9834094666749,True,True
20940,Male,graduate,2224.0,2341,-117.0,399.42333432086815,440.91938172839497,True,True
21060,Male,graduate,2974.6148720077067,3585,-610.3851279922933,543.8409694019016,442.77485125839246,False,True
21140,Male,graduate,4453.0,4510,-57.0,447.46619984083713,624.7954926083814,True,True
21300,Male,graduate,3498.263288093254,2695,803.2632880932538,378.3715105554328,290.72268192864334,False,False
21340,Male,graduate,22750.126281917368,22982,-231.87371808263197,1510.8454586753735,1585.759566518173,True,True
21420,Male,graduate,1286.1415477091143,1274,12.14154770911432,238.69227050744647,264.0816244277969,True,True
21500,Male,graduate,9244.0,9371,-127.0,633.6536909069496,681.7285680496308,True,True
21660,Male,graduate,17417.0,17051,366.0,1071.31461298724,1174.4657188292044,True,True
21780,Male,graduate,8051.7513518122905,8531,-479.2486481877095,636.8838198604201,787.7249006920815,True,True
21820,Male,graduate,3914.156656888565,3583,331.15665688856507,593.4618774613917,589.5076780958851,True,True
22020,Male,graduate,9511.396532283807,10348,-836.6034677161933,791.0208593962615,1059.1123030351778,False,True
22140,Male,graduate,2690.2226407204644,2369,321.22264072046437,304.5094415613414,437.0087499093168,False,True
22180,Male,graduate,9479.49060679082,9517,-37.509393209180416,759.9335497265533,654.5216280622012,True,True
22220,Male,graduate,24806.20874107586,25161,-354.7912589241387,1374.040028529009,1456.6513891482182,True,True
22380,Male,graduate,6730.0,6801,-71.0,584.5066295603498,561.7673795753898,True,True
22420,Male,graduate,8786.115039233631,9563,-776.8849607663687,779.9397412621055,911.8551646493283,True,True
22500,Male,graduate,4952.260886366064,5438,-485.73911363393563,600.2407850188123,514.0728489659574,True,True
22520,Male,graduate,4128.892013829003,4677,-548.1079861709968,629.4163963545914,501.31721324341316,True,True
22540,Male,graduate,2082.756216887879,1984,98.75621688787896,270.06665843824555,337.14884476080823,True,True
22660,Male,graduate,25279.0,25054,225.0,1160.269365276874,1288.8295756387847,True,True
22900,Male,graduate,5636.1019460959005,5478,158.10194609590053,598.3285050872973,604.9604217599806,True,True
23060,Male,graduate,14327.990779756823,14359,-31.00922024317697,924.8843170905213,979.7965880967243,True,True
23420,Male,graduate,27360.0,27373,-13.0,1471.8209809620191,1385.626914195791,True,True
23460,Male,graduate,1981.3744703405207,1928,53.3744703405207,287.4595623735624,353.44280687549843,True,True
23540,Male,graduate,22203.60854699632,22197,6.608546996318182,1280.9894613149634,1070.3560556352074,True,True
23580,Male,graduate,6567.0,6915,-348.0,624.0064102234847,717.2183021768896,True,True
23900,Male,graduate,2992.3621773559817,3211,-218.63782264401834,369.4780101711061,380.5847753146135,True,True
24020,Male,graduate,5407.0,5149,258.0,487.16834872557143,493.0199748742438,True,True
24140,Male,graduate,2218.0,2214,4.0,360.41781310029614,412.54307561908007,True,True
24220,Male,graduate,2610.2874895309324,3750,-1139.7125104690676,527.1214281358708,295.52952968016155,False,False
24260,Male,graduate,1607.7181999743088,1542,65.71819997430885,286.37562745457234,292.09261218332415,True,True
24300,Male,graduate,5769.606569891398,5850,-80.39343010860193,574.4318932649893,632.1854603825307,True,True
24340,Male,graduate,47499.75636469737,47438,61.75636469737219,1940.8454343404062,2329.2348762316847,True,True
24420,Male,graduate,2397.4854873636687,2061,336.48548736366865,344.6897155413837,302.40578671598183,True,True
24500,Male,graduate,2957.222433099257,2529,428.22243309925716,385.46984317842555,412.57154070347605,False,True
24540,Male,graduate,12803.0,11906,897.0,724.8337740475398,936.6811861160393,False,True
24580,Male,graduate,9057.946976749006,9787,-729.0530232509936,731.8695238907001,867.9149307460862,True,True
24660,Male,graduate,27909.020661982297,27362,547.0206619822966,1245.931779833872,1654.8080854748341,True,True
24780,Male,graduate,6177.0,6139,38.0,624.5966698598385,710.969685099161,True,True
24860,Male,graduate,40553.65560115362,40613,-59.34439884637686,1549.275314461571,1609.9612122654003,True,True
25060,Male,graduate,11746.023400088488,12432,-685.9765999115116,983.4785203551728,1148.1288661104868,True,True
25180,Male,graduate,8744.033309138253,8221,523.0333091382527,784.5132248725957,788.3068711883961,True,True
25220,Male,graduate,2004.3040915904635,2134,-129.69590840953651,397.1334788204087,355.11567297862655,True,True
25260,Male,graduate,1957.0,1989,-32.0,412.87043972655636,487.91321169343223,True,True
25420,Male,graduate,27874.0,27354,520.0,1438.9305056186695,1561.6870550841804,True,True
25500,Male,graduate,5183.0,5491,-308.0,598.9833052765327,541.2207497708306,True,True
25540,Male,graduate,68898.26413919608,69234,-335.73586080392124,2002.3159091412124,2121.285887402491,True,True
25620,Male,graduate,4294.5735301870445,5016,-721.4264698129555,571.3457797166266,521.1287290087959,False,True
25740,Male,graduate,3307.979718144687,4232,-924.020281855313,478.979122718308,372.147410935164,False,False
25860,Male,graduate,8526.810450419509,8805,-278.1895495804911,863.7904838558943,813.7112323055743,True,True
25940,Male,graduate,12541.917675708835,14141,-1599.0823242911647,1133.5634080191544,1030.6293073234565,False,False
25980,Male,graduate,1842.3851422814641,1110,732.3851422814641,242.74678164704883,292.70770835462923,False,False
26140,Male,graduate,4027.0,4433,-406.0,538.9146500142671,529.7495129610786,True,True
26300,Male,graduate,2356.998160435169,2968,-611.0018395648308,415.33119314590374,341.3509198864111,False,False
26380,Male,graduate,3486.7195245745593,3974,-487.2804754254407,532.1597504509336,497.22966069231995,True,True
26420,Male,graduate,319441.1093530401,320638,-1196.8906469598878,5383.053129962586,5911.3526035707155,True,True
26580,Male,graduate,9474.71282252661,10771,-1296.2871774733903,839.4873435615334,869.6033579613253,False,False
26620,Male,graduate,29960.775615703016,31267,-1306.2243842969838,1465.0832740837634,1602.9688404982792,True,True
26820,Male,graduate,6499.047396625034,6204,295.0473966250338,637.9819746669964,630.2017750711375,True,True
26900,Male,graduate,94606.51180923561,93273,1333.5118092356133,2586.427072236911,3171.9704996040614,True,True
26980,Male,graduate,11869.042820411141,11495,374.0428204111413,807.8477579346247,972.9386413392259,True,True
27060,Male,graduate,10002.0,10222,-220.0,753.6471322840683,754.3601246984095,True,True
27100,Male,graduate,4094.0,3905,189.0,495.7156442962033,605.301885797492,True,True
27140,Male,graduate,21297.71950867075,21312,-14.280491329249344,1260.8556618423854,1269.419963054869,True,True
27180,Male,graduate,4259.110719056597,4895,-635.8892809434028,483.3239079540759,479.78466433257864,False,True
27260,Male,graduate,67832.5687619364,69195,-1362.4312380635965,2342.8866809984643,2397.7818131820495,True,True
27340,Male,graduate,3978.471783991266,4072,-93.52821600873403,546.3414683144599,559.9108922531545,True,True
27500,Male,graduate,3848.0,4183,-335.0,460.9869846318874,663.7372174720203,True,True
27620,Male,graduate,6326.374854578976,4879,1447.3748545789758,452.7018886640523,603.7820995979409,False,False
27740,Male,graduate,8818.75117823634,8378,440.7511782363399,736.9633640826388,790.7203164394543,True,True
27780,Male,graduate,2857.0,3041,-184.0,354.1638039099987,362.3235266081269,True,True
27860,Male,graduate,3603.0,3555,48.0,476.6749416531144,544.454618970902,True,True
27900,Male,graduate,4591.922379208496,4616,-24.07762079150416,469.1492299897763,586.7240296494924,True,True
27980,Male,graduate,5584.3495886572455,5509,75.34958865724548,465.48684191929635,471.50559652548714,True,True
28020,Male,graduate,12606.0,12209,397.0,796.414464961555,1041.8947448566962,True,True
28100,Male,graduate,2240.599359308357,2412,-171.40064069164282,385.3452996988545,339.6224400999246,True,True
28140,Male,graduate,105889.14540352565,105474,415.14540352564654,2442.7537739199174,2855.647374519459,True,True
28420,Male,graduate,12011.686562714858,10905,1106.6865627148582,810.3054979450652,848.7455100446506,False,True
28450,Male,graduate,6056.0,5760,296.0,640.7433183420643,927.1992557414507,True,True
28660,Male,graduate,12137.470751457211,12266,-128.529248542789,964.2494490535113,919.2674019637145,True,True
28700,Male,graduate,7767.131100891136,8244,-476.86889910886384,616.5995458966865,617.8037718534046,True,True
28740,Male,graduate,8583.837359635312,9167,-583.1626403646878,759.4978604314828,674.844322028289,True,True
28880,Male,graduate,31134.70117843748,31985,-850.2988215625192,1330.6306775360322,1134.2351094765525,True,True
28940,Male,graduate,39929.38378121487,40117,-187.6162187851296,1439.1125737759364,1569.6758630842512,True,True
29020,Male,graduate,1987.4979637184451,2066,-78.50203628155487,345.0637622237374,302.2031022468583,True,True
29100,Male,graduate,6384.001588969894,6636,-251.99841103010567,567.9903168188697,809.9753253317703,True,True
29180,Male,graduate,9945.384576307337,9492,453.38457630733683,924.3386825184804,1073.5245750945678,True,True
29200,Male,graduate,9500.038499853916,9469,31.03849985391571,680.7466489083879,766.7645772658622,True,True
29340,Male,graduate,5112.757054731456,5452,-339.24294526854374,688.4090353852134,670.1423409541213,True,True
29420,Male,graduate,5297.0,5402,-105.0,714.4270431611615,661.381246192391,True,True
29460,Male,graduate,19147.0,19629,-482.0,1251.5438466150517,1289.4624492850694,True,True
29540,Male,graduate,19382.0,20262,-880.0,1080.981498454067,1261.3643432217552,True,True
29620,Male,graduate,22281.0,21764,517.0,1061.7631562641454,1220.288896823207,True,True
29700,Male,graduate,4555.0,4488,67.0,703.3071875077063,631.9230619604732,True,True
29740,Male,graduate,8978.0,9014,-36.0,1118.8476214391305,1134.9167233348005,True,True
29820,Male,graduate,73971.0,74087,-116.0,2131.919557581852,2331.708033831101,True,True
29940,Male,graduate,8091.0,8409,-318.0,751.988031819656,820.4894088172315,True,True
30020,Male,graduate,3302.0,3406,-104.0,427.21072083925986,551.6607506362039,True,True
30140,Male,graduate,3742.0,4156,-414.0,439.1605628924346,542.3126165898227,True,True
30300,Male,graduate,2262.5122301480374,1938,324.51223014803736,309.4979806073054,208.96414743249173,False,True
30340,Male,graduate,2541.0,2322,219.0,359.73601432161337,501.72108973886077,True,True
30460,Male,graduate,27908.194006495374,28692,-783.8059935046258,1245.6973950362103,1174.1632774557122,True,True
30500,Male,graduate,11580.0,11463,117.0,873.9937070711665,1046.0220510456509,True,True
30620,Male,graduate,2261.0,2458,-197.0,322.893171188243,370.6689125722577,True,True
30700,Male,graduate,15088.332714768474,15666,-577.667285231526,966.6690229856339,975.3006689969465,True,True
30780,Male,graduate,28425.0,28710,-285.0,1345.4222385556143,1572.7936962130475,True,True
30860,Male,graduate,8572.633114257673,7616,956.6331142576728,493.13081428764923,582.5198886633262,False,False
30980,Male,graduate,5786.176557802487,5768,18.17655780248697,639.9562485045365,549.2088941257891,True,True
31020,Male,graduate,2317.003058937812,2006,311.00305893781206,273.1922400069226,350.02212722005123,False,True
31080,Male,graduate,604581.0,602895,1686.0,7113.485362324154,7882.230190154466,True,True
31140,Male,graduate,52858.774655155416,54587,-1728.2253448445845,1649.3298639144323,1906.319620925205,False,True
31180,Male,graduate,12611.265083430593,12679,-67.73491656940678,925.6835312351625,911.8970782534552,True,True
31340,Male,graduate,9459.0,9648,-189.0,768.3397685919947,753.0148090177245,True,True
31420,Male,graduate,7443.339148470431,7164,279.3391484704307,699.869987926329,723.644782526252,True,True
31540,Male,graduate,44441.00934430087,43714,727.0093443008736,1432.5899622711308,2137.4445213250588,True,True
31700,Male,graduate,21999.533743590426,23348,-1348.4662564095743,1216.5562050312349,1312.7877877159208,False,True
31740,Male,graduate,5246.0,5704,-458.0,566.2208049868885,642.3359551064381,True,True
31860,Male,graduate,2968.0,3246,-278.0,338.3814415714904,521.0316452493553,True,True
31900,Male,graduate,2449.0,2320,129.0,346.3437598687177,411.3837167611888,True,True
32580,Male,graduate,14281.0,14543,-262.0,1137.870818678465,1031.0606213373198,True,True
32780,Male,graduate,9437.0,9149,288.0,806.1867029416945,972.0166361339965,True,True
32820,Male,graduate,43601.542672001204,44036,-434.45732799879625,1903.4794456468396,1810.2079136360308,True,True
32900,Male,graduate,3418.0,3568,-150.0,426.1595945182978,512.2841399494522,True,True
33100,Male,graduate,309762.39138344914,308303,1459.3913834491395,5452.091800401016,4813.950310488936,True,True
33140,Male,graduate,2331.0,2412,-81.0,383.43839140075687,459.9235845741116,True,True
33220,Male,graduate,2989.922048861913,4189,-1199.077951138087,379.1714651711017,300.01557047407647,False,False
33260,Male,graduate,5431.489857095,5104,327.48985709499993,772.6461026886759,781.8488183785819,True,True
33340,Male,graduate,67604.0,67830,-226.0,1800.469660949609,2385.006697763656,True,True
33460,Male,graduate,188140.38697178315,189089,-948.6130282168451,3269.335865279063,5076.122621802072,True,True
33500,Male,graduate,1926.8651248862852,2114,-187.13487511371477,405.1542915976579,408.0600196652473,True,True
33540,Male,graduate,6458.343191623362,7407,-948.6568083766379,678.8873249663746,664.5745893221035,False,True
33660,Male,graduate,10982.0,10494,488.0,731.8811378905731,941.7723412149563,True,True
33700,Male,graduate,11159.0,10849,310.0,969.7597640653071,1050.6839198719565,True,True
33740,Male,graduate,4787.177209788404,5268,-480.82279021159593,565.1628084012606,635.0130986028726,True,True
33780,Male,graduate,4114.0,4445,-331.0,537.7406438051712,637.7018126209146,True,True
33860,Male,graduate,14109.135967457112,14829,-719.8640325428878,1014.0552253205936,941.8434793096038,True,True
34060,Male,graduate,7877.593296935158,9204,-1326.406703064842,713.0476842399812,586.3788744560753,False,False
34100,Male,graduate,2662.921227588316,2852,-189.07877241168399,379.54051167167916,410.33320438282857,True,True
34580,Male,graduate,5787.0,5144,643.0,392.23079940259663,536.0977771766546,False,True
34620,Male,graduate,3383.0,3503,-120.0,395.36438888701144,449.7831304334346,True,True
34740,Male,graduate,3513.0,3468,45.0,370.1040394267536,511.9908898298387,True,True
34820,Male,graduate,12144.37674003235,11614,530.3767400323504,958.7982060892688,1005.0415545103449,True,True
34900,Male,graduate,6616.0,6781,-165.0,609.6072506130484,767.9922586613424,True,True
34940,Male,graduate,28048.0,27825,223.0,1333.8118308067296,1399.2814216438023,True,True
34980,Male,graduate,95267.77344974807,95183,84.77344974807056,2408.301476144546,3001.842021114194,True,True
35300,Male,graduate,34171.0,34658,-487.0,1379.8626743266882,1464.61718409496,True,True
35380,Male,graduate,41196.0,40755,441.0,1511.9937169181624,1907.3456141146785,True,True
35620,Male,graduate,1193683.2988215622,1196047,-2363.7011784377974,9771.221520362744,10708.542686975941,True,True
35660,Male,graduate,6494.0,6418,76.0,493.2808530644586,607.9263255249356,True,True
35840,Male,graduate,53213.0,53088,125.0,1781.1973500990844,2099.7333459683045,True,True
35980,Male,graduate,14892.0,14439,453.0,903.675826831724,1029.229846353573,True,True
36100,Male,graduate,11275.0,11855,-580.0,999.7624717901748,1099.858612861217,True,True
36220,Male,graduate,2159.0,2522,-363.0,495.1868334275458,588.3193647809411,True,True
36260,Male,graduate,27142.60506642658,27810,-667.3949335734214,1079.6897702581052,1158.6487093276196,True,True
36420,Male,graduate,57357.48893921857,56183,1174.4889392185723,1685.3779991444055,2662.2654071021966,True,True
36500,Male,graduate,14519.0,14478,41.0,900.4315631962265,1109.8359183985262,True,True
36540,Male,graduate,42937.439929851535,43029,-91.56007014846546,1380.446666843743,1941.018207080451,True,True
36740,Male,graduate,116690.0,118458,-1768.0,3308.646853322367,3674.7305364960093,True,True
36780,Male,graduate,4938.0,5067,-129.0,512.6275451046305,715.564222332629,True,True
36980,Male,graduate,3022.551359961539,3179,-156.44864003846078,388.708116714843,443.69914206292486,True,True
37100,Male,graduate,37976.0,38697,-721.0,1398.7573056109484,1566.8801156490085,True,True
37140,Male,graduate,2783.261097236767,2925,-141.738902763233,374.7532521540007,289.787292935999,True,True
37340,Male,graduate,33406.0,33505,-99.0,1470.6794348191586,1750.0234524153527,True,True
37460,Male,graduate,7902.91245272951,7845,57.91245272950982,756.6855357412351,802.6926273401725,True,True
37620,Male,graduate,2124.5923886010696,2395,-270.4076113989304,345.9768778401239,256.1772561746426,True,True
37860,Male,graduate,19791.0,20019,-228.0,1267.5574937650758,1465.0474266696115,True,True
37900,Male,graduate,13539.305275226901,13502,37.30527522690136,749.1501852098817,802.3283665453318,True,True
37980,Male,graduate,347125.72878053016,350679,-3553.2712194698397,4632.719611632027,5177.603059395679,True,True
38060,Male,graduate,221870.5711086796,221304,566.5711086796073,3778.5482661995998,4704.291512073374,True,True
38240,Male,graduate,5435.587142768827,6392,-956.4128572311729,548.624643996239,550.6855070835936,False,False
38300,Male,graduate,124135.96111513273,124411,-275.03888486727374,2598.5068789595307,3211.8935971164615,True,True
38340,Male,graduate,7910.0,8041,-131.0,695.854151385188,626.8396559099065,True,True
38540,Male,graduate,3287.1705034971023,3623,-335.82949650289765,408.33687073297705,391.80727252153827,True,True
38860,Male,graduate,31398.0,32706,-1308.0,1303.8477671875655,1944.9094555698475,False,True
38900,Male,graduate,140136.3144099981,138535,1601.3144099981,3086.089110832673,3084.153492673371,True,True
38940,Male,graduate,21396.0,21309,87.0,1287.0,1407.1894796357383,True,True
39150,Male,graduate,10999.0,10863,136.0,816.2683382319811,932.2153461063865,True,True
39300,Male,graduate,74285.0,74860,-575.0,2365.2054879016328,2377.478896975218,True,True
39340,Male,graduate,32784.9854077286,32433,351.98540772859997,1106.0610290576194,1432.3485909207805,True,True
39380,Male,graduate,4427.031193964203,4755,-327.96880603579666,439.92385704801234,427.68440108224615,True,True
39460,Male,graduate,8724.0,8807,-83.0,771.8121533119312,837.478692691641,True,True
39540,Male,graduate,5958.0,5641,317.0,489.0756587686613,856.4902249544358,True,True
39580,Male,graduate,97338.77148255962,95969,1369.7714825596195,2533.4936352791574,2726.0828843486634,True,True
39660,Male,graduate,5566.878114480537,6310,-743.1218855194629,620.6456315805341,685.7243324054548,False,True
39740,Male,graduate,12935.0,12940,-5.0,885.2824408063226,1101.8742438613401,True,True
39820,Male,graduate,4606.0,4658,-52.0,475.96113286696004,519.5113407195747,True,True
39900,Male,graduate,24573.409252283025,24441,132.40925228302513,1143.3730799699633,1302.8973314583384,True,True
40060,Male,graduate,68209.26436178999,67177,1032.2643617899885,1922.9118544540725,2174.6139022673087,True,True
40140,Male,graduate,122413.0,125049,-2636.0,2746.4852084072836,3398.5699203775407,True,True
40220,Male,graduate,10624.343300930226,11346,-721.6566990697738,796.741488815538,875.3334662683503,True,True
40340,Male,graduate,12449.572975370422,12959,-509.4270246295782,725.4136750847754,1110.035548084219,True,True
40380,Male,graduate,55579.13637685245,55172,407.1363768524534,1769.1732532457074,2002.792883514666,True,True
40420,Male,graduate,9818.0,9925,-107.0,796.3227988699056,809.7252462178143,True,True
40580,Male,graduate,2497.0,2379,118.0,387.0064598944054,427.1962384212319,True,True
40660,Male,graduate,2363.847460508168,3186,-822.1525394918322,445.4862511907635,294.04387853691924,False,False
40900,Male,graduate,108520.0,109266,-746.0,2691.3227231233345,2735.207766172663,True,True
40980,Male,graduate,4850.0,5186,-336.0,481.7115319358672,849.1752265419075,True,True
41060,Male,graduate,5224.050205480617,5312,-87.94979451938343,497.6755971513974,713.6114972218352,True,True
41100,Male,graduate,9973.0,9956,17.0,899.5365473397954,962.8634111343365,True,True
41140,Male,graduate,2911.8179210518047,2737,174.81792105180466,318.30959771895033,359.207467983978,True,True
41180,Male,graduate,137538.39244609655,137134,404.39244609655,2767.733729967534,3047.876988544988,True,True
41420,Male,graduate,13502.314527814937,13474,28.31452781493681,902.2466403373304,1040.2685142847524,True,True
41500,Male,graduate,15592.599773669988,15688,-95.40022633001172,811.8066272210397,732.2549442251438,True,True
41540,Male,graduate,4828.8882946894055,3946,882.8882946894055,538.0724858232393,473.0185418507104,False,False
41620,Male,graduate,63185.7835039016,63405,-219.21649609840097,2005.9618640442793,2322.763743653353,True,True
41660,Male,graduate,3078.3224728418645,3175,-96.67752715813549,495.61376090661565,468.132184889954,True,True
41700,Male,graduate,104041.01422979456,104204,-162.98577020544326,3064.3421806319216,3221.4835417515696,True,True
41740,Male,graduate,193881.0,193388,493.0,3260.951088256308,3902.5257445574593,True,True
41780,Male,graduate,2688.7588338690107,3803,-1114.2411661309893,378.08729150819124,293.76481276983446,False,False
41860,Male,graduate,387307.0,385812,1495.0,4697.502740818785,4743.365914679549,True,True
41940,Male,graduate,208546.40022633004,211286,-2739.5997736699646,3099.8324148250335,3405.604118705814,True,True
42020,Male,graduate,13126.0,13635,-509.0,867.8991876940547,948.164001414708,True,True
42100,Male,graduate,14877.0,15045,-168.0,916.5576904919842,922.351588014977,True,True
42140,Male,graduate,13414.395188062188,13700,-285.604811937812,780.8719485293348,872.7378576353271,True,True
42200,Male,graduate,20867.0,20629,238.0,968.0196279001785,1124.4631504861554,True,True
42220,Male,graduate,22887.0,22839,48.0,1058.9886684946161,1219.1718046418848,True,True
42340,Male,graduate,16697.36196115658,17498,-800.638038843419,1182.4356219262002,1145.8008338639524,True,True
42540,Male,graduate,18722.00335303926,19426,-703.9966469607389,971.79112982163,1044.2499686372814,True,True
42660,Male,graduate,271537.0,272542,-1005.0,4111.9188951145425,4884.334626044012,True,True
42680,Male,graduate,8795.0,9122,-327.0,693.4911679322239,730.7998359793877,True,True
42700,Male,graduate,2194.6961762960477,2857,-662.3038237039523,452.08185099603367,323.49380352511605,False,False
43100,Male,graduate,3902.0,3738,164.0,414.5202045739146,647.3181600138761,True,True
43300,Male,graduate,3460.8076983500464,3536,-75.1923016499536,447.46619984083713,348.0956654221221,True,True
43340,Male,graduate,11182.57006617384,11472,-289.4299338261608,935.0406408279803,988.0287813372062,True,True
43420,Male,graduate,4486.6529963806515,5057,-570.3470036193485,514.8844530571884,462.6015035655438,False,True
43580,Male,graduate,2987.991566359565,2790,197.99156635956479,377.73668077114246,384.0997578864265,True,True
43620,Male,graduate,11014.210080543746,10189,825.2100805437458,733.0163708949481,952.1356925192774,False,True
43640,Male,graduate,11847.0,11650,197.0,977.4870843136497,1371.085938192789,True,True
43780,Male,graduate,12271.840957071927,12053,218.84095707192682,751.2848993557637,880.1039803517473,True,True
43900,Male,graduate,10130.740439477335,9671,459.7404394773348,686.7233795350206,946.7935415431925,True,True
44060,Male,graduate,22717.783575498423,22949,-231.21642450157742,1160.856149572375,1174.685369848964,True,True
44100,Male,graduate,9654.072152648223,9531,123.07215264822298,665.1924533546663,760.0575926536361,True,True
44140,Male,graduate,15083.0,14788,295.0,1008.9350821534555,1004.8746104527172,True,True
44180,Male,graduate,16056.99259909139,16288,-231.00740090860927,972.9234296695706,1063.3029639134534,True,True
44220,Male,graduate,3237.0,3165,72.0,348.226937499097,445.7701118513892,True,True
44300,Male,graduate,12024.0,12067,-43.0,780.0544852765094,955.2313303364007,True,True
44420,Male,graduate,4729.637114282819,4207,522.6371142828193,511.1105555552536,526.8787033891348,False,True
44700,Male,graduate,17366.0,16379,987.0,1031.097958488911,1208.5030313780765,True,True
44940,Male,graduate,2197.606888301823,2198,-0.39311169817710834,465.4825453225932,433.1754968556647,True,True
45060,Male,graduate,28653.658905815348,29804,-1150.3410941846523,1161.414654634597,1217.973556182915,True,True
45220,Male,graduate,20920.1967217937,20654,266.1967217937017,1060.0853739204215,1128.4385682296493,True,True
45300,Male,graduate,148294.0,147264,1030.0,3306.688676002021,3454.9512096992776,True,True
45460,Male,graduate,4248.065347444578,4227,21.065347444578038,498.45762106722776,513.1554722094914,True,True
45500,Male,graduate,2723.772994161771,3315,-591.2270058382292,480.9251501013437,340.37101032030074,False,False
45780,Male,graduate,20564.507382217627,20377,187.5073822176273,1045.799694014107,1120.068131826562,True,True
45820,Male,graduate,7468.486300829377,7660,-191.5136991706231,715.3747269788051,822.2833430845604,True,True
45900,Male,graduate,8121.73165253927,8815,-693.2683474607302,604.3260709252911,619.1067501150915,False,True
45940,Male,graduate,27090.0,27196,-106.0,1157.4890928211807,1413.5584162924608,True,True
46060,Male,graduate,58001.42889132039,56615,1386.4288913203927,1703.1130320680422,1923.6924837938705,True,True
46140,Male,graduate,33361.87480761431,33590,-228.12519238569075,1082.943211807526,1444.2405501296491,True,True
46220,Male,graduate,9588.755540989976,9270,318.755540989976,756.4000264410361,830.9852818179608,True,True
46300,Male,graduate,2800.400926185426,2766,34.400926185426215,478.0742620137587,478.2066159565312,True,True
46340,Male,graduate,7324.0,7283,41.0,712.5594712022288,725.5271520944272,True,True
46520,Male,graduate,47896.0,47895,1.0,1567.346164700064,1915.943300405834,True,True
46540,Male,graduate,10686.810309376755,10160,526.810309376755,694.0792461959945,842.0496953949173,True,True
46660,Male,graduate,3766.4172321790575,3776,-9.582767820942536,490.657721838758,558.3361421560821,True,True
46700,Male,graduate,12011.0,12879,-868.0,875.7773689699911,777.6461516123512,True,True
47020,Male,graduate,1742.836032322327,1712,30.8360323223269,297.370139724889,216.7129108658958,True,True
47220,Male,graduate,2815.271219469858,2574,241.2712194698579,391.3502267790323,369.910008416975,True,True
47260,Male,graduate,78627.47160413131,78580,47.471604131307686,1989.0344391186393,2706.0774966747854,True,True
47300,Male,graduate,6997.0,6961,36.0,657.8852483526288,696.4850158375627,True,True
47380,Male,graduate,9411.636649241978,9702,-290.3633507580216,854.694097323715,899.5747109047813,True,True
47460,Male,graduate,2512.3134372851396,2845,-332.68656271486043,345.1419997624166,290.9972687450052,True,True
47580,Male,graduate,7662.196635566613,8328,-665.8033644333873,893.4343848319248,714.0072755985966,True,True
47900,Male,graduate,573170.1637839464,574118,-947.8362160535762,6028.203712549867,6058.232217757729,True,True
47930,Male,graduate,19026.0,18452,574.0,1197.1570490123675,1251.9205466691967,True,True
47940,Male,graduate,4379.461295025476,5109,-729.5387049745241,513.4870981826126,584.5338674777046,False,True
48060,Male,graduate,3449.1379982529907,3371,78.13799825299066,345.7831690525148,376.1441439507702,True,True
48140,Male,graduate,3734.0,3597,137.0,348.6674633515436,534.4923712411619,True,True
48260,Male,graduate,2650.3989051355047,2475,175.39890513550472,290.25678286648184,282.06186709428243,True,True
48300,Male,graduate,4320.0,4112,208.0,411.2955141987328,573.3090506764219,True,True
48540,Male,graduate,3379.189094513122,4127,-747.8109054868778,400.9563567272628,318.895887979032,False,False
48620,Male,graduate,22711.173208201966,23033,-321.8267917980338,1136.9208415716548,1547.525637735694,True,True
48660,Male,graduate,3632.2887304489836,3757,-124.71126955101636,397.49591192866376,507.0084096920707,True,True
48680,Male,graduate,9159.0,8948,211.0,970.0896865754218,899.5383598970363,True,True
48700,Male,graduate,3145.540553847296,3213,-67.459446152704,429.7452733887832,423.69297645715784,True,True
48900,Male,graduate,21128.0,21090,38.0,1073.9352866909626,1190.756688491083,True,True
49020,Male,graduate,5714.954768264582,5778,-63.04523173541838,608.3954306205792,542.653698090688,True,True
49180,Male,graduate,24504.219622571418,24357,147.21962257141786,1308.5495787321167,1148.087634571082,True,True
49340,Male,graduate,46920.0,46550,370.0,1546.0300773270874,1811.905111386217,True,True
49420,Male,graduate,5167.0,4973,194.0,480.08957497533726,512.001196059394,True,True
49620,Male,graduate,13928.0,14005,-77.0,845.7073962074589,1039.2095950450757,True,True
49660,Male,graduate,11127.0,10899,228.0,683.2232431643408,798.9001394949183,True,True
49700,Male,graduate,3597.0,3254,343.0,466.3410768954414,642.0935687625675,True,True
49740,Male,graduate,4104.282552546492,3998,106.2825525464923,491.9136103016464,452.25032272481764,True,True
10180,Male,bachelors,9198.515996674312,8753,445.5159966743122,655.0,678.9003793292931,True,True
10420,Male,bachelors,52059.0,51570,489.0,1460.0,1943.4507175028905,True,True
10500,Male,bachelors,5061.172649580197,5002,59.172649580196776,539.0,627.6177819983322,True,True
10540,Male,bachelors,7394.518397291432,6398,996.5183972914319,645.0,656.2564198280846,False,False
10580,Male,bachelors,72387.3008134615,73312,-924.6991865385062,1805.0,1905.3982788842898,True,True
10740,Male,bachelors,57709.26835746588,58146,-436.7316425341196,2152.0,2118.7425072647416,True,True
10780,Male,bachelors,5739.87817404598,5928,-188.1218259540201,658.0,497.7544452981695,True,True
10900,Male,bachelors,61731.0,61698,33.0,1520.0,2221.422185399761,True,True
11020,Male,bachelors,6070.861772679927,7090,-1019.1382273200734,530.0,557.891855605344,False,False
11100,Male,bachelors,15110.281736333285,15034,76.28173633328515,922.0,1139.3338240748433,True,True
11180,Male,bachelors,9857.0,9739,118.0,655.0,833.1932307499263,True,True
11200,Male,bachelors,10967.891598388827,11042,-74.10840161117267,755.0,753.1927937205852,True,True
11260,Male,bachelors,26452.377465217698,26594,-141.62253478230195,1250.0,1767.652199725658,True,True
11460,Male,bachelors,30711.0,30858,-147.0,1067.0,1668.9276542959406,True,True
11500,Male,bachelors,4441.0,4219,222.0,409.0,596.156715168084,True,True
11540,Male,bachelors,17039.65113744623,18899,-1859.3488625537684,833.0,1097.4865196169292,False,False
11700,Male,bachelors,35708.54271297505,36474,-765.4572870249467,1572.0,1596.4827630600562,True,True
12020,Male,bachelors,14434.14370761157,13995,439.1437076115708,903.0,907.6300465451075,True,True
12060,Male,bachelors,515665.8803497604,516190,-524.1196502395906,6393.0,5800.932778291066,True,True
12100,Male,bachelors,27825.0,27828,-3.0,1140.0,1385.8305892708352,True,True
12220,Male,bachelors,12679.357158984225,12790,-110.64284101577505,969.0,1024.7527103543796,True,True
12260,Male,bachelors,34662.584433983226,35482,-819.4155660167744,1560.0,1799.397516322968,True,True
12420,Male,bachelors,265864.61937197024,264771,1093.6193719702424,4345.0,4424.781693713475,True,True
12540,Male,bachelors,31145.0,31233,-88.0,1433.0,1690.9543038466475,True,True
12580,Male,bachelors,221296.26283846502,218810,2486.262838465016,3487.0,3458.2582935013547,True,True
12620,Male,bachelors,8908.908221870366,8853,55.908221870366106,685.0,734.6827325411447,True,True
12700,Male,bachelors,21731.98422087989,21892,-160.01577912010907,1069.0,1279.087935767112,True,True
12940,Male,bachelors,50162.40767009479,49191,971.4076700947917,1723.0,2371.4332379901007,True,True
12980,Male,bachelors,6592.468084414252,6596,-3.531915585747811,624.0,583.2689959301359,True,True
13020,Male,bachelors,6147.364680069435,5317,830.364680069435,514.0,475.33242133478115,False,False
13140,Male,bachelors,16159.0,16460,-301.0,1066.0,1182.906620844921,True,True
13220,Male,bachelors,4634.0,4493,141.0,499.0,637.3086463313911,True,True
13380,Male,bachelors,18811.0,19286,-475.0,893.0,1147.1273364545239,True,True
13460,Male,bachelors,23428.0,22910,518.0,1149.0,1349.3413695586821,True,True
13740,Male,bachelors,13406.484300739678,14402,-995.5156992603224,844.0,1246.778240293709,False,True
13780,Male,bachelors,12505.000026640311,13335,-829.9999733596887,723.0,801.8076753557438,False,True
13820,Male,bachelors,77610.59369442338,77017,593.5936944233836,2175.0,2399.2374535400468,True,True
13900,Male,bachelors,10819.025641689757,10902,-82.97435831024268,795.0,1121.5982544807973,True,True
13980,Male,bachelors,9126.0,9089,37.0,767.0,789.1038594911003,True,True
14010,Male,bachelors,16019.0,15961,58.0,768.0,954.2084078498,True,True
14020,Male,bachelors,10585.16017198757,10734,-148.83982801242928,703.0,945.1548429039341,True,True
14260,Male,bachelors,62980.159394314884,65092,-2111.8406056851163,2184.0,2328.0903339556594,True,True
14460,Male,bachelors,471160.6835021014,475643,-4482.316497898602,4735.0,5344.1389560858,True,True
14500,Male,bachelors,38452.864189518004,37461,991.8641895180044,1284.0,1221.3131582591045,True,True
14540,Male,bachelors,10085.63162355665,9919,166.63162355665008,785.0,874.1635918861818,True,True
14580,Male,bachelors,13410.0,14156,-746.0,771.0,1046.6387316530236,True,True
14740,Male,bachelors,21778.0,22234,-456.0,1031.0,1197.894206971655,True,True
14860,Male,bachelors,88177.0,88469,-292.0,2007.0,2255.7715617026142,True,True
15180,Male,bachelors,17710.0,18112,-402.0,1213.0,1363.5486763538183,True,True
15260,Male,bachelors,5869.095934632875,6330,-460.90406536712544,595.0,493.0195922344705,True,True
15380,Male,bachelors,83954.0,82908,1046.0,2180.0,2606.745656928865,True,True
15500,Male,bachelors,9910.0,9913,-3.0,650.0,696.5703891818831,True,True
15540,Male,bachelors,21670.195512830564,22244,-573.8044871694365,1214.0,1269.2915903978292,True,True
15940,Male,bachelors,21079.0,21607,-528.0,944.0,1028.9187022348997,True,True
15980,Male,bachelors,56847.0,56666,181.0,1693.0,2117.592660761861,True,True
16020,Male,bachelors,5001.298539532647,5425,-423.7014604673532,524.0,524.4543437073487,True,True
16180,Male,bachelors,3497.309284592804,2928,569.309284592804,367.0,301.470753034563,False,False
16220,Male,bachelors,4910.537886392036,4285,625.537886392036,441.0,379.887897930367,False,False
16300,Male,bachelors,19700.880668107427,19806,-105.11933189257252,946.0,1243.6521142868814,True,True
16540,Male,bachelors,8094.369362847468,8168,-73.63063715253156,641.0,870.0705143024462,True,True
16580,Male,bachelors,13105.150992511135,13617,-511.849007488865,819.0,861.0653022296433,True,True
16620,Male,bachelors,10700.745686781096,10384,316.7456867810961,746.0,1030.626747679491,True,True
16700,Male,bachelors,68405.0,68389,16.0,1996.0,2811.9566678880387,True,True
16740,Male,bachelors,232003.22189270525,234022,-2018.7781072947546,3452.0,4240.7920172119775,True,True
16820,Male,bachelors,17914.841976689106,18915,-1000.1580233108944,859.0,837.8554269854623,False,True
16860,Male,bachelors,38902.30701030546,39473,-570.6929896945367,1730.0,1671.4329404538246,True,True
16940,Male,bachelors,6834.0,7038,-204.0,549.0,705.9245867575021,True,True
16980,Male,bachelors,767915.8012140197,769228,-1312.1987859803485,6874.0,7233.677353645555,True,True
17020,Male,bachelors,13396.0,13700,-304.0,807.0,985.5387065813295,True,True
17140,Male,bachelors,171910.6463432798,173936,-2025.3536567201954,2816.0,3649.842505999305,True,True
17300,Male,bachelors,17339.894090852595,16911,428.8940908525947,1004.0,1195.091154151938,True,True
17410,Male,bachelors,147538.0,147365,173.0,2524.0,2949.5283036419573,True,True
17420,Male,bachelors,5268.0,5780,-512.0,640.0,691.7679756157406,True,True
17660,Male,bachelors,12522.081569387708,12482,40.08156938770844,954.0,997.1905537652402,True,True
17780,Male,bachelors,16865.37010368212,16515,350.3701036821185,867.0,967.1344749821072,True,True
17820,Male,bachelors,62055.0,61759,296.0,1943.0,2268.030707782084,True,True
17860,Male,bachelors,14863.44322969125,15678,-814.5567703087509,879.0,977.0073663559427,True,True
17900,Male,bachelors,53935.8474708907,55031,-1095.1525291092985,2053.0,1752.144225993354,True,True
17980,Male,bachelors,16537.75223342696,16648,-110.24776657304028,932.0,1025.9121256620388,True,True
18020,Male,bachelors,4958.432009457394,5402,-443.5679905426059,497.0,603.9500080556043,True,True
18140,Male,bachelors,176198.10981178726,176138,60.109811787260696,3788.0,3920.3069055412834,True,True
18580,Male,bachelors,21445.365540657534,21895,-449.63445934246556,1152.0,1462.0288778956617,True,True
18700,Male,bachelors,6780.481602708564,7880,-1099.5183972914356,519.0,595.3357333489182,False,False
18880,Male,bachelors,19922.417919202224,22101,-2178.582080797776,1206.0,1114.306559059512,False,False
19100,Male,bachelors,629747.2758223577,628874,873.2758223577403,7122.0,7003.089175731463,True,True
19140,Male,bachelors,5545.511979042168,4652,893.5119790421677,544.0,610.1201139964248,False,False
19300,Male,bachelors,18585.0,18789,-204.0,1129.0,1355.4630807499886,True,True
19340,Male,bachelors,23390.105253308036,24665,-1274.8947466919635,965.0,1423.4884045393287,False,True
19430,Male,bachelors,48231.0,49347,-1116.0,1725.0,1763.7846950896528,True,True
19460,Male,bachelors,7677.0,7172,505.0,633.0,931.105384265793,True,True
19500,Male,bachelors,4814.52438565003,5197,-382.4756143499699,518.0,420.50456714378225,True,True
19660,Male,bachelors,43828.0,45929,-2101.0,1550.0,1703.5833168809208,False,True
19740,Male,bachelors,324214.62967298157,327783,-3568.370327018434,3444.0,3891.966629195427,False,True
19780,Male,bachelors,64057.123493133135,63596,461.1234931331346,1725.0,2606.560873831129,True,True
19820,Male,bachelors,305973.6958153286,303701,2272.695815328625,4353.0,5083.914081281575,True,True
20020,Male,bachelors,7082.0,6688,394.0,417.0,532.3247704655965,True,True
20100,Male,bachelors,8299.0,8542,-243.0,715.0,868.2937371232733,True,True
20220,Male,bachelors,5835.367775666935,6877,-1041.632224333065,509.0,524.2735811687304,False,False
20260,Male,bachelors,18926.3211428856,19065,-138.67885711439885,764.0,1063.8649707292234,True,True
20500,Male,bachelors,48084.88367815267,48670,-585.1163218473303,2000.0,1840.9709716788414,True,True
20580,Male,bachelors,1902.8986880223372,1614,288.8986880223372,368.0,256.2542861341973,True,True
20740,Male,bachelors,11190.471411538174,12392,-1201.528588461826,717.0,1033.4921614129821,False,True
20940,Male,bachelors,5764.0,5787,-23.0,703.0,743.2279486225946,True,True
21060,Male,bachelors,5354.23337062678,5554,-199.76662937321998,502.0,540.405666918706,True,True
21140,Male,bachelors,7987.0,8034,-47.0,709.0,810.8052980417062,True,True
21300,Male,bachelors,4429.908504165245,4529,-99.09149583475482,405.0,339.0912441312152,True,True
21340,Male,bachelors,43875.895146390234,43245,630.895146390234,1983.0,2243.355183018631,True,True
21420,Male,bachelors,2981.2719109594727,2880,101.27191095947273,362.0,348.5086039819869,True,True
21500,Male,bachelors,16751.0,16491,260.0,814.0,1028.737744407558,True,True
21660,Male,bachelors,24952.0,25146,-194.0,1127.0,1277.4204047395674,True,True
21780,Male,bachelors,15514.269535208434,16297,-782.7304647915662,926.0,1206.271023147795,True,True
21820,Male,bachelors,5900.623851189975,5518,382.62385118997463,653.0,696.0408576995661,True,True
22020,Male,bachelors,21850.37323317929,21999,-148.62676682071105,1072.0,1369.922015042389,True,True
22140,Male,bachelors,4063.864809684835,3780,283.8648096848351,437.0,493.45810096214666,True,True
22180,Male,bachelors,18841.263233583493,19218,-376.7367664165067,836.0,892.6937032948872,True,True
22220,Male,bachelors,38564.77463994123,40641,-2076.225360058772,1581.0,1463.9793601378342,False,True
22380,Male,bachelors,10401.0,10058,343.0,832.0,815.7612884952927,True,True
22420,Male,bachelors,17064.842315538113,19573,-2508.1576844618867,1021.0,1298.663263553393,False,False
22500,Male,bachelors,7753.605987734085,7823,-69.39401226591508,679.0,701.6215366935428,True,True
22520,Male,bachelors,6970.34382503516,8062,-1091.65617496484,641.0,693.2434643226096,False,False
22540,Male,bachelors,5859.348862553769,4983,876.3488625537693,471.0,635.1724147575503,False,False
22660,Male,bachelors,38938.0,39108,-170.0,1301.0,1333.8798243549718,True,True
22900,Male,bachelors,9375.039797258214,9454,-78.9602027417859,714.0,792.0563116807391,True,True
23060,Male,bachelors,28306.80522993025,29658,-1351.1947700697492,1171.0,1407.1387619701072,False,True
23420,Male,bachelors,50993.0,51486,-493.0,1916.0,1773.5727151173562,True,True
23460,Male,bachelors,3496.643243468068,3525,-28.356756531932206,508.0,523.5110323864335,True,True
23540,Male,bachelors,20558.401119924754,20782,-223.5988800752457,1191.0,1089.334462574919,True,True
23580,Male,bachelors,12291.0,11691,600.0,771.0,932.696141784665,True,True
23900,Male,bachelors,5206.63063715253,5167,39.630637152529744,423.0,488.38726349771616,True,True
24020,Male,bachelors,7560.0,7704,-144.0,545.0,707.3041871792151,True,True
24140,Male,bachelors,5406.0,5527,-121.0,530.0,707.8928329892174,True,True
24220,Male,bachelors,6596.715856245998,6977,-380.2841437540019,463.0,526.3478825407011,True,True
24260,Male,bachelors,3882.5766380736695,3326,556.5766380736695,351.0,479.1999880366075,False,True
24300,Male,bachelors,11039.509079617845,10712,327.5090796178447,759.0,822.5407702918666,True,True
24340,Male,bachelors,88783.77838327808,90361,-1577.2216167219158,2034.0,2538.4844519160893,True,True
24420,Male,bachelors,3988.0466055777747,3850,138.0466055777747,503.0,439.6102634708927,True,True
24500,Male,bachelors,6659.985753147326,5381,1278.9857531473262,468.0,600.3811385378606,False,False
24540,Male,bachelors,23325.0,23368,-43.0,1299.0,1330.54500766885,True,True
24580,Male,bachelors,24104.604755517154,23127,977.6047555171535,1138.0,1472.3135410377133,True,True
24660,Male,bachelors,49623.49088463708,50048,-424.50911536291824,1870.0,2157.287392926845,True,True
24780,Male,bachelors,9014.0,8827,187.0,723.0,878.7390762436254,True,True
24860,Male,bachelors,68558.81663692885,67645,913.816636928852,2135.0,2150.5200289534423,True,True
25060,Male,bachelors,22544.76427832055,22347,197.76427832054833,1320.0,1341.142547417532,True,True
25180,Male,bachelors,14731.106342490748,14351,380.1063424907479,934.0,1006.8649189464113,True,True
25220,Male,bachelors,4860.092148240981,4636,224.09214824098126,666.0,752.4320883113959,True,True
25260,Male,bachelors,4597.0,4310,287.0,532.0,648.3083577559756,True,True
25420,Male,bachelors,44907.0,45486,-579.0,1407.0,2130.384716769192,True,True
25500,Male,bachelors,6900.0,6782,118.0,540.0,646.1831369047014,True,True
25540,Male,bachelors,91984.5868235382,92123,-138.41317646180687,1926.0,2027.5018630038232,True,True
25620,Male,bachelors,7462.197936103368,8128,-665.8020638966318,801.0,805.3694137682302,True,True
25740,Male,bachelors,7395.4454694813985,8738,-1342.5545305186015,585.0,526.7336637922745,False,False
25860,Male,bachelors,17679.251745639558,18658,-978.7482543604419,1021.0,1094.5403510110789,True,True
25940,Male,bachelors,19096.606431973247,19984,-887.3935680267532,1137.0,1282.8670493739505,True,True
25980,Male,bachelors,3848.1565654783235,2822,1026.1565654783235,423.0,445.82443648251797,False,False
26140,Male,bachelors,7817.0,7718,99.0,657.0,738.9048127583823,True,True
26300,Male,bachelors,4774.961867670358,5402,-627.0381323296424,599.0,465.48284409261436,False,True
26380,Male,bachelors,6396.126321871105,7106,-709.8736781288953,721.0,596.2528140952505,True,True
26420,Male,bachelors,513409.6418141914,512625,784.6418141914182,5588.0,6345.625229804775,True,True
26580,Male,bachelors,13957.245020895423,15839,-1881.7549791045767,854.0,802.3426047455414,False,False
26620,Male,bachelors,43411.221061082855,44407,-995.7789389171448,1511.0,1974.364988487989,True,True
26820,Male,bachelors,9468.04155983297,10300,-831.9584401670309,797.0,757.0031843179291,False,True
26900,Male,bachelors,162866.83003069408,165405,-2538.16996930592,2941.0,3073.204335780061,True,True
26980,Male,bachelors,14779.72475744877,15434,-654.2752425512299,958.0,1128.3183716228925,True,True
27060,Male,bachelors,7064.0,6766,298.0,491.0,660.4079864220299,True,True
27100,Male,bachelors,8473.0,8132,341.0,606.0,878.508318840095,True,True
27140,Male,bachelors,33297.417256302855,33533,-235.5827436971449,1643.0,1548.2490988029867,True,True
27180,Male,bachelors,6878.634638586423,7509,-630.3653614135774,592.0,652.8351548145199,False,True
27260,Male,bachelors,130334.64987824495,132726,-2391.350121755051,3477.0,3384.646782219171,True,True
27340,Male,bachelors,8408.916889799946,8527,-118.08311020005385,708.0,778.6611195792865,True,True
27500,Male,bachelors,9293.0,8888,405.0,662.0,794.7985649804609,True,True
27620,Male,bachelors,10501.937944716312,9863,638.9379447163119,645.0,676.302491730732,True,True
27740,Male,bachelors,11591.078937175125,11885,-293.92106282487475,838.0,822.9281104679608,True,True
27780,Male,bachelors,7619.0,7354,265.0,468.0,661.799671751203,True,True
27860,Male,bachelors,6171.0,6304,-133.0,792.0,723.7257842632803,True,True
27900,Male,bachelors,10592.30816748571,10259,333.3081674857094,646.0,825.0799562497463,True,True
27980,Male,bachelors,11466.151213885383,10869,597.1512138853832,750.0,860.4951208199483,True,True
28020,Male,bachelors,20176.0,20340,-164.0,947.0,1143.1964160042667,True,True
28100,Male,bachelors,5038.9213945877,4161,877.9213945877,403.0,544.6044184858005,False,False
28140,Male,bachelors,181025.3350495544,182780,-1754.6649504456145,2969.0,3232.695987104534,True,True
28420,Male,bachelors,17984.904466106615,18158,-173.09553389338544,1181.0,1029.7680863569676,True,True
28450,Male,bachelors,10752.0,10849,-97.0,712.0,966.3154822973189,True,True
28660,Male,bachelors,25723.892634494532,24841,882.8926344945321,1412.0,1313.2068720460222,True,True
28700,Male,bachelors,16000.928400801778,16990,-989.0715991982215,1027.0,931.5034638755512,True,True
28740,Male,bachelors,12543.155235750888,13476,-932.8447642491119,770.0,924.3764549613041,False,True
28880,Male,bachelors,46895.58181471982,46386,509.58181471982243,1343.0,1587.2445070933675,True,True
28940,Male,bachelors,60875.95309657684,61224,-348.04690342315735,1877.0,1766.1041194091085,True,True
29020,Male,bachelors,3313.3920294794484,3732,-418.6079705205516,471.0,320.1704442648652,True,True
29100,Male,bachelors,10253.411633996388,10053,200.41163399638754,628.0,693.7276682571342,True,True
29180,Male,bachelors,24122.493671404733,25015,-892.5063285952674,1440.0,1290.2793603548907,True,True
29200,Male,bachelors,13492.889003665487,13497,-4.110996334513402,817.0,955.1188870142944,True,True
29340,Male,bachelors,10374.206421878027,10799,-424.79357812197304,959.0,1094.9391951929979,True,True
29420,Male,bachelors,7601.0,7487,114.0,666.0,780.7601341329167,True,True
29460,Male,bachelors,40201.0,40731,-530.0,1844.0,1884.012474691317,True,True
29540,Male,bachelors,37249.0,36884,365.0,1282.0,1753.0640818036288,True,True
29620,Male,bachelors,32932.0,33122,-190.0,1349.0,1567.4393527374514,True,True
29700,Male,bachelors,10725.0,10642,83.0,925.0,888.7043038252376,True,True
29740,Male,bachelors,11452.0,11419,33.0,1114.0,971.9246229357244,True,True
29820,Male,bachelors,144997.0,144427,570.0,3387.0,3420.14699040224,True,True
29940,Male,bachelors,9666.0,9528,138.0,758.0,993.1106283717842,True,True
30020,Male,bachelors,6288.0,5959,329.0,478.0,745.0191197823383,True,True
30140,Male,bachelors,6973.0,6862,111.0,545.0,751.9117578304985,True,True
30300,Male,bachelors,4182.379127143674,3750,432.37912714367394,413.0,251.3618588196061,False,True
30340,Male,bachelors,4843.0,5662,-819.0,498.0,728.4472538566193,False,True
30460,Male,bachelors,38514.59239369783,40540,-2025.4076063021712,1560.0,1475.8562925896601,False,True
30500,Male,bachelors,14890.0,14694,196.0,864.0,1197.09115101044,True,True
30620,Male,bachelors,3813.0,3862,-49.0,353.0,482.02542151322274,True,True
30700,Male,bachelors,26984.638178717203,26819,165.63817871720312,1042.0,1320.5166615470246,True,True
30780,Male,bachelors,47581.0,47538,43.0,1580.0,2114.7138172214936,True,True
30860,Male,bachelors,12214.389511901692,9776,2438.3895119016925,569.0,672.3679296694725,False,False
30980,Male,bachelors,12529.794418702877,12562,-32.20558129712299,977.0,916.3876058142113,True,True
31020,Male,bachelors,4796.966536350431,4594,202.96653635043094,530.0,454.8980409302354,True,True
31080,Male,bachelors,1061399.0,1063689,-2290.0,8344.0,9253.490014644949,True,True
31140,Male,bachelors,89210.677933267,90084,-873.3220667330024,2131.0,2526.4503532155936,True,True
31180,Male,bachelors,20080.725552251504,18950,1130.7255522515043,1016.0,954.5441018241953,False,True
31340,Male,bachelors,15440.0,15590,-150.0,826.0,952.3864558669186,True,True
31420,Male,bachelors,9033.226610706295,8807,226.2266107062951,746.0,693.6560446781043,True,True
31540,Male,bachelors,65923.67230300925,68460,-2536.3276969907456,1514.0,2515.1773912553213,False,True
31700,Male,bachelors,41288.39547106682,40280,1008.3954710668186,1483.0,1878.6552933655382,True,True
31740,Male,bachelors,8783.0,8568,215.0,639.0,741.4607351530829,True,True
31860,Male,bachelors,6725.0,6727,-2.0,515.0,764.9938038948421,True,True
31900,Male,bachelors,4504.0,4486,18.0,554.0,579.1047215249587,True,True
32580,Male,bachelors,33083.0,33090,-7.0,1714.0,2014.8947875642914,True,True
32780,Male,bachelors,14052.0,14421,-369.0,891.0,1160.7512709130456,True,True
32820,Male,bachelors,74037.41238443746,74223,-185.58761556254467,2452.0,3011.803282718798,True,True
32900,Male,bachelors,8540.0,8780,-240.0,727.0,834.4711437528862,True,True
33100,Male,bachelors,472869.4800241164,474101,-1231.5199758835952,6628.0,7066.610214044183,True,True
33140,Male,bachelors,6003.0,5748,255.0,609.0,787.8974744137082,True,True
33220,Male,bachelors,4999.635319930565,6220,-1220.364680069435,444.0,385.88791699995943,False,False
33260,Male,bachelors,11034.309163941412,11066,-31.690836058587593,1030.0,1083.936748487873,True,True
33340,Male,bachelors,130616.0,130773,-157.0,2218.0,3833.1873866529145,True,True
33460,Male,bachelors,353447.49039075,361035,-7587.5096092500025,3813.0,6466.283630074328,False,False
33500,Male,bachelors,4121.01528772422,3947,174.0152877242199,517.0,527.9826129396216,True,True
33540,Male,bachelors,9847.51902298326,12118,-2270.4809770167394,729.0,699.8148772627743,False,False
33660,Male,bachelors,21295.0,21217,78.0,1184.0,1311.4725230818792,True,True
33700,Male,bachelors,21650.0,21280,370.0,1355.0,1372.4805404663302,True,True
33740,Male,bachelors,10037.799324829804,10073,-35.20067517019561,741.0,810.2913892107678,True,True
33780,Male,bachelors,7409.0,7598,-189.0,563.0,696.9085745912085,True,True
33860,Male,bachelors,20057.310664543103,20862,-804.6893354568965,1369.0,1152.563222121383,True,True
34060,Male,bachelors,8148.084048068617,8817,-668.9159519313826,602.0,453.94465602006346,False,True
34100,Male,bachelors,4453.119946321161,4938,-484.88005367883943,555.0,568.4357571583006,True,True
34580,Male,bachelors,8635.0,7998,637.0,458.0,598.3449789951864,False,True
34620,Male,bachelors,4955.0,4782,173.0,521.0,602.3648816799083,True,True
34740,Male,bachelors,8667.0,8380,287.0,573.0,867.8421188117975,True,True
34820,Male,bachelors,25142.02210019615,25717,-574.9778998038491,1522.0,1376.798167514334,True,True
34900,Male,bachelors,11629.0,11534,95.0,717.0,865.384454407404,True,True
34940,Male,bachelors,34757.0,35081,-324.0,1517.0,1633.164417182177,True,True
34980,Male,bachelors,176899.7406819929,175842,1057.740681992902,3267.0,4148.271330007322,True,True
35300,Male,bachelors,41552.0,42191,-639.0,1464.0,1659.8451463182491,True,True
35380,Male,bachelors,61702.0,61167,535.0,1689.0,1787.3360658519146,True,True
35620,Male,bachelors,1685821.4181852802,1687045,-1223.5818147198297,9934.0,12635.677722534036,True,True
35660,Male,bachelors,9727.0,9492,235.0,583.0,791.1364088685971,True,True
35840,Male,bachelors,77505.0,77520,-15.0,2191.0,2250.8459921127433,True,True
35980,Male,bachelors,19268.0,19203,65.0,1150.0,1140.1421305850427,True,True
36100,Male,bachelors,20528.0,21272,-744.0,1517.0,1656.555797784593,True,True
36220,Male,bachelors,5328.0,5406,-78.0,1035.0,753.6144299615354,True,True
36260,Male,bachelors,46728.97138263259,46627,101.97138263258967,1271.0,1706.8956143328373,True,True
36420,Male,bachelors,97648.58044816717,99530,-1881.4195518328343,2626.0,2705.1109971636142,True,True
36500,Male,bachelors,23677.0,23901,-224.0,1011.0,1405.5067621933556,True,True
36540,Male,bachelors,76166.6247015846,77549,-1382.375298415398,1687.0,2581.7722832453514,True,True
36740,Male,bachelors,218508.0,215921,2587.0,5181.0,5403.3814201883115,True,True
36780,Male,bachelors,11591.0,11832,-241.0,761.0,955.4909255658843,True,True
36980,Male,bachelors,5530.992796283241,5052,478.99279628324075,453.0,576.472085939419,False,True
37100,Male,bachelors,63949.0,62631,1318.0,1740.0,2179.1805874293095,True,True
37140,Male,bachelors,4851.690804524064,4879,-27.309195475935667,396.0,318.36095318838926,True,True
37340,Male,bachelors,47068.0,46883,185.0,1698.0,1748.8584457425363,True,True
37460,Male,bachelors,13229.845144262044,12094,1135.8451442620444,896.0,1018.7486054079685,False,True
37620,Male,bachelors,3865.9101439571205,4277,-411.08985604287955,413.0,422.1198973698659,True,True
37860,Male,bachelors,33452.0,33412,40.0,1406.0,1716.0062931487896,True,True
37900,Male,bachelors,21988.086364302624,23358,-1369.9136356973759,941.0,959.8745535274544,False,False
37980,Male,bachelors,509627.9480673753,511306,-1678.0519326247158,5503.0,5789.096087430979,True,True
38060,Male,bachelors,371163.66368100955,373463,-2299.3363189904485,4744.0,5318.957094947252,True,True
38240,Male,bachelors,7581.066037318607,8034,-452.9339626813926,560.0,648.5326674873223,True,True
38300,Male,bachelors,202624.80636437994,204479,-1854.1936356200604,3142.0,3739.9930979123033,True,True
38340,Male,bachelors,9738.0,9739,-1.0,679.0,851.3186511208656,True,True
38540,Male,bachelors,4505.44352260808,5272,-766.5564773919205,446.0,436.42096327426145,False,False
38860,Male,bachelors,54220.0,54208,12.0,1806.0,2413.2131497947917,True,True
38900,Male,bachelors,229259.21793903713,231493,-2233.782060962869,3246.0,3528.285163082592,True,True
38940,Male,bachelors,34586.0,35244,-658.0,1680.0,1904.197459567941,True,True
39150,Male,bachelors,16424.0,16596,-172.0,951.0,1018.5393141037807,True,True
39300,Male,bachelors,120874.0,120838,36.0,3076.0,2996.152192785982,True,True
39340,Male,bachelors,54861.19447439468,55269,-407.8055256053194,1420.0,1634.6011367240726,True,True
39380,Male,bachelors,9216.866765909936,8920,296.86676590993557,715.0,699.0489707854366,True,True
39460,Male,bachelors,13594.0,13752,-158.0,856.0,910.398569816402,True,True
39540,Male,bachelors,10793.0,11035,-242.0,722.0,1052.4262102066825,True,True
39580,Male,bachelors,147467.39452091604,149990,-2522.6054790839553,3073.0,3075.1944205781497,True,True
39660,Male,bachelors,10370.559662232305,10110,260.5596622323046,800.0,822.6177861789506,True,True
39740,Male,bachelors,24061.0,24391,-330.0,1181.0,1296.1155847536322,True,True
39820,Male,bachelors,9328.0,9332,-4.0,662.0,833.3482976253086,True,True
39900,Male,bachelors,40695.73552071328,39238,1457.7355207132787,1379.0,1659.0152121693782,False,True
40060,Male,bachelors,108290.48570512501,109353,-1062.5142948749854,2214.0,2585.398396843246,True,True
40140,Male,bachelors,230609.0,228422,2187.0,4097.0,4633.924283589316,True,True
40220,Male,bachelors,19800.319317029775,20459,-658.6806829702255,1222.0,1126.5841494873757,True,True
40340,Male,bachelors,18544.458130646963,18126,418.4581306469627,709.0,1456.2237880905673,True,True
40380,Male,bachelors,76702.09558313733,78416,-1713.9044168626715,1756.0,1995.5518751402794,True,True
40420,Male,bachelors,16263.0,16475,-212.0,863.0,1085.788788983037,True,True
40580,Male,bachelors,5785.0,5603,182.0,574.0,639.5059948184614,True,True
40660,Male,bachelors,4027.061257882945,4504,-476.93874211705497,548.0,452.52248410767635,True,True
40900,Male,bachelors,185245.0,184007,1238.0,3067.0,3180.493492267552,True,True
40980,Male,bachelors,9436.0,9621,-185.0,583.0,880.9143952628144,True,True
41060,Male,bachelors,10978.460751992292,10821,157.460751992292,576.0,1035.5596460045829,True,True
41100,Male,bachelors,12601.0,14032,-1431.0,897.0,1173.097584871992,False,True
41140,Male,bachelors,6243.26729285556,5762,481.2672928555603,409.0,638.9304674869461,False,True
41180,Male,bachelors,210832.66313070132,213548,-2715.336869298684,3187.0,3401.5906962226727,True,True
41420,Male,bachelors,24301.4104060467,23839,462.4104060466998,1230.0,1278.2230897544866,True,True
41500,Male,bachelors,22214.539562693742,21590,624.5395626937425,1100.0,1223.9586266176989,True,True
41540,Male,bachelors,8032.688913797263,6802,1230.688913797263,711.0,655.8727820939479,False,False
41620,Male,bachelors,97497.80490869044,95991,1506.8049086904357,1936.0,2457.317610948962,True,True
41660,Male,bachelors,6168.379994151407,6163,5.379994151407118,549.0,769.3882638039887,True,True
41700,Male,bachelors,163730.95299039004,167424,-3693.04700960996,4106.0,4205.50665875994,True,True
41740,Male,bachelors,291702.0,292397,-695.0,3720.0,3860.5121139712473,True,True
41780,Male,bachelors,5833.51708970118,7089,-1255.4829102988197,557.0,482.9584434747659,False,False
41860,Male,bachelors,493877.0,492442,1435.0,5121.0,5344.844529720206,True,True
41940,Male,bachelors,190403.46043730623,190908,-504.53956269376795,2982.0,3752.7123495929795,True,True
42020,Male,bachelors,22390.0,22550,-160.0,1023.0,1295.6848008394056,True,True
42100,Male,bachelors,21930.0,21652,278.0,1010.0,1239.0464977150777,True,True
42140,Male,bachelors,12001.73164253411,12403,-401.2683574658895,762.0,799.8494366483102,True,True
42200,Male,bachelors,29569.0,29489,80.0,1140.0,1432.584779641331,True,True
42220,Male,bachelors,38156.0,38395,-239.0,1342.0,1508.1192771760464,True,True
42340,Male,bachelors,26561.184644271736,27386,-824.815355728264,1399.0,1117.0988852524035,True,True
42540,Male,bachelors,32013.592561128393,31929,84.59256112839284,1252.0,1568.2258737677103,True,True
42660,Male,bachelors,401223.0,401519,-296.0,4480.0,4477.354687252145,True,True
42680,Male,bachelors,12821.0,12350,471.0,750.0,911.6371979980578,True,True
42700,Male,bachelors,4140.568733040963,4853,-712.4312669590372,591.0,477.55046109154034,False,True
43100,Male,bachelors,6492.0,7110,-618.0,491.0,721.1559738390511,False,True
43300,Male,bachelors,6643.508864230318,7401,-757.4911357696819,769.0,524.6915949455923,True,True
43340,Male,bachelors,17122.95758806286,18005,-882.0424119371382,1052.0,1258.037676104071,True,True
43420,Male,bachelors,6860.093193606646,7652,-791.9068063933537,640.0,666.6937901367454,False,True
43580,Male,bachelors,7346.774037059597,7077,269.7740370595966,550.0,657.7377285609107,True,True
43620,Male,bachelors,23573.346215767502,23875,-301.65378423249786,1052.0,1744.970671350708,True,True
43640,Male,bachelors,20940.0,21140,-200.0,1137.0,1327.922773028895,True,True
43780,Male,bachelors,18844.884729111433,19149,-304.11527088856747,941.0,888.0474160551751,True,True
43900,Male,bachelors,18122.903321200334,17835,287.9033212003342,1022.0,1084.2545007315364,True,True
44060,Male,bachelors,41332.30342391274,41462,-129.69657608726266,1487.0,1910.1631786930732,True,True
44100,Male,bachelors,13866.72488413847,14077,-210.27511586153014,772.0,737.8324018666844,True,True
44140,Male,bachelors,26981.0,26439,542.0,1387.0,1360.5101759330946,True,True
44180,Male,bachelors,28265.808744367252,28618,-352.1912556327479,1340.0,1365.9168215771826,True,True
44220,Male,bachelors,5679.0,5425,254.0,483.0,566.9810549072606,True,True
44300,Male,bachelors,11213.0,11237,-24.0,600.0,796.343038833611,True,True
44420,Male,bachelors,6223.389929451577,6886,-662.6100705484232,681.0,544.4797044808564,True,True
44700,Male,bachelors,34000.0,35381,-1381.0,1585.0,1720.6380747516314,True,True
44940,Male,bachelors,4093.739478879493,4525,-431.26052112050684,533.0,496.36977866020374,True,True
45060,Male,bachelors,41717.87252179736,42854,-1136.1274782026376,1348.0,1560.21720724694,True,True
45220,Male,bachelors,25797.2197384796,26578,-780.7802615203982,1225.0,1098.9324305948032,True,True
45300,Male,bachelors,252265.0,252545,-280.0,4349.0,5066.811976247491,True,True
45460,Male,bachelors,7192.271154594889,7383,-190.72884540511131,586.0,634.4358449288965,True,True
45500,Male,bachelors,5542.836648120968,5318,224.83664812096777,505.0,432.9085395360479,True,True
45780,Male,bachelors,33555.87560787193,35596,-2040.1243921280693,1214.0,1491.0749307300441,False,False
45820,Male,bachelors,12740.687751154243,13775,-1034.3122488457575,754.0,999.9025998050614,False,True
45900,Male,bachelors,12758.229358922486,12787,-28.770641077513574,633.0,827.8886133869678,True,True
45940,Male,bachelors,29608.0,29688,-80.0,1271.0,1425.9013340199945,True,True
46060,Male,bachelors,72744.33631899032,71490,1254.3363189903175,2159.0,2218.8786907453655,True,True
46140,Male,bachelors,66908.36851713303,66032,876.368517133029,1319.0,2025.7120529586687,True,True
46220,Male,bachelors,13069.027929453587,12538,531.0279294535867,951.0,1054.780780537088,True,True
46300,Male,bachelors,5548.650213053892,4925,623.650213053892,545.0,581.0844725919105,False,True
46340,Male,bachelors,14199.0,13726,473.0,782.0,917.5027131805932,True,True
46520,Male,bachelors,78192.0,80679,-2487.0,1802.0,2346.8772585722822,False,True
46540,Male,bachelors,15275.187862294006,15186,89.18786229400575,748.0,905.3743517873617,True,True
46660,Male,bachelors,6106.848318128558,6361,-254.15168187144172,602.0,591.3907240705457,True,True
46700,Male,bachelors,26785.0,27372,-587.0,1378.0,1373.1025969087307,True,True
47020,Male,bachelors,3848.890175967757,3770,78.89017596775693,422.0,479.5268872436416,True,True
47220,Male,bachelors,6676.0519326247,5704,972.0519326247004,609.0,652.1689864973876,False,False
47260,Male,bachelors,118777.3564614816,118201,576.3564614815987,2711.0,2864.5544943385457,True,True
47300,Male,bachelors,14196.0,14195,1.0,1006.0,1252.3802671348467,True,True
47380,Male,bachelors,13710.008093433766,13827,-116.99190656623432,974.0,888.0886762288438,True,True
47460,Male,bachelors,3036.095533893382,2869,167.0955338933818,413.0,324.0959158105002,True,True
47580,Male,bachelors,10313.046336481251,10787,-473.9536635187487,1006.0,980.3812239878081,True,True
47900,Male,bachelors,560914.295037598,563759,-2844.704962402,5530.0,5547.157292705453,True,True
47930,Male,bachelors,29509.0,30508,-999.0,1384.0,1503.0931746456206,True,True
47940,Male,bachelors,10538.40500067337,10130,408.4050006733705,634.0,902.0335346886144,True,True
48060,Male,bachelors,5191.409926682658,5537,-345.5900733173421,557.0,559.8622017064874,True,True
48140,Male,bachelors,9006.0,8851,155.0,503.0,846.9452278209908,True,True
48260,Male,bachelors,5011.310059808108,5218,-206.68994019189176,582.0,374.22531141122477,True,True
48300,Male,bachelors,7202.0,7337,-135.0,633.0,818.1302940042619,True,True
48540,Male,bachelors,6299.69975863593,7148,-848.3002413640697,546.0,471.9528031440439,False,False
48620,Male,bachelors,41480.13288323888,40909,571.1328832388826,1219.0,1854.996674668458,True,True
48660,Male,bachelors,7524.726406311949,7961,-436.2735936880508,596.0,781.4252421560151,True,True
48680,Male,bachelors,13208.0,14762,-1554.0,1343.0,1156.7266406794217,False,True
48700,Male,bachelors,5783.284721156216,5930,-146.7152788437843,414.0,477.65104088644426,True,True
48900,Male,bachelors,40426.0,39418,1008.0,1488.0,1563.750575603811,True,True
49020,Male,bachelors,9524.86898810941,8603,921.8689881094106,625.0,749.9496452611769,False,True
49180,Male,bachelors,39317.14269604605,40454,-1136.8573039539478,1370.0,1519.3580460424973,True,True
49340,Male,bachelors,67933.0,67326,607.0,1787.0,2046.8941632003718,True,True
49420,Male,bachelors,8188.0,8337,-149.0,744.0,787.4350565332356,True,True
49620,Male,bachelors,27013.0,27304,-291.0,1187.0,1453.018499229707,True,True
49660,Male,bachelors,23390.0,23291,99.0,1005.0,1210.7700641822955,True,True
49700,Male,bachelors,7343.0,7402,-59.0,749.0,697.7007209721086,True,True
49740,Male,bachelors,7278.939451305148,6995,283.9394513051484,700.0,738.7782652887485,True,True
10180,Male,hs_or_less,25763.361894061967,26699,-935.6381059380328,1336.0901915664226,1044.011657633775,True,True
10420,Male,hs_or_less,92314.0,93572,-1258.0,2455.8967812186243,2569.9057185310808,True,True
10500,Male,hs_or_less,22322.89186070427,23175,-852.1081392957312,1138.1629935997744,981.4057721242064,True,True
10540,Male,hs_or_less,15589.180605523577,18033,-2443.8193944764225,870.777239022702,904.374288670594,False,False
10580,Male,hs_or_less,97918.33903295433,97068,850.3390329543327,2193.398276647449,2009.9241225403557,True,True
10740,Male,hs_or_less,110520.96308562253,110679,-158.0369143774733,3006.3876995490787,2758.779324350832,True,True
10780,Male,hs_or_less,27867.87471313406,28082,-214.12528686593942,1260.7176527676606,968.740510835288,True,True
10900,Male,hs_or_less,127873.0,128041,-168.0,2848.2908910432584,3163.9595764065953,True,True
11020,Male,hs_or_less,23755.00394337923,22469,1286.00394337923,714.7992725234127,735.5238391631989,False,False
11100,Male,hs_or_less,39236.18234702062,39195,41.18234702062182,1555.3594439871447,1542.7259519153677,True,True
11180,Male,hs_or_less,9195.0,9465,-270.0,674.9733328065636,935.6971985116232,True,True
11200,Male,hs_or_less,14837.564233786372,14291,546.5642337863719,763.3433041561314,758.9049309636273,True,True
11260,Male,hs_or_less,47867.284182923424,48667,-799.7158170765761,1602.6955418918467,2081.225441168911,True,True
11460,Male,hs_or_less,21417.0,22177,-760.0,913.5507648729763,1389.318979427061,True,True
11500,Male,hs_or_less,18970.0,19245,-275.0,1127.361077916033,1017.6645289184202,True,True
11540,Male,hs_or_less,32990.355474176045,31762,1228.3554741760454,1064.9751170802067,1242.5904733405034,False,True
11700,Male,hs_or_less,48454.88891711292,48763,-308.11108288708056,1865.4203279690075,2007.8259786385775,True,True
12020,Male,hs_or_less,23832.414532444254,21892,1940.4145324442543,1217.4896303459836,991.3827405612282,False,False
12060,Male,hs_or_less,682448.2491376064,682036,412.24913760635536,7948.456768455119,8566.632117793937,True,True
12100,Male,hs_or_less,53917.0,54176,-259.0,1783.2321778164503,1941.7727302474148,True,True
12220,Male,hs_or_less,21313.41324660711,19787,1526.4132466071096,1204.5368404494734,1106.1330955858798,False,True
12260,Male,hs_or_less,84869.98825115907,84575,294.9882511590695,2143.861002957048,2328.430587886916,True,True
12420,Male,hs_or_less,213430.54637199972,213984,-553.4536280002794,4636.244600967469,5025.825991585453,True,True
12540,Male,hs_or_less,156310.0,155576,734.0,3153.441136282712,2823.4193643993094,True,True
12580,Male,hs_or_less,310355.17132225353,309783,572.1713222535327,5320.82587574523,4006.865441485682,True,True
12620,Male,hs_or_less,22674.386854853135,22491,183.38685485313545,915.8012884900305,1078.5817681496583,True,True
12700,Male,hs_or_less,23397.417764971553,24085,-687.582235028447,1291.121218166598,1241.5741177452542,True,True
12940,Male,hs_or_less,126624.10250159148,127165,-540.8974984085216,2948.222854534575,2673.2833560020968,True,True
12980,Male,hs_or_less,21407.275977400124,20912,495.27597740012425,971.1457151220923,990.8736553419513,True,True
13020,Male,hs_or_less,14577.9646871194,16002,-1424.0353128806,800.4879761745332,686.2132631873862,False,False
13140,Male,hs_or_less,69447.0,68876,571.0,1878.92921633573,1804.4670396155066,True,True
13220,Male,hs_or_less,23294.0,24645,-1351.0,1121.4169608134166,1158.3103705527287,False,True
13380,Male,hs_or_less,22666.0,22788,-122.0,1176.3579387244342,1311.4555003454177,True,True
13460,Male,hs_or_less,28464.0,29227,-763.0,1317.0694742495552,1499.8127261620032,True,True
13740,Male,hs_or_less,23591.35021567383,23974,-382.64978432617136,987.4877214426516,1100.3076734475374,True,True
13780,Male,hs_or_less,34343.02282531166,33629,714.0228253116584,1314.3055200371032,1062.953792350047,True,True
13820,Male,hs_or_less,154642.17327161567,155474,-831.8267283843306,3066.2556971002923,3307.138502253714,True,True
13900,Male,hs_or_less,13808.766979756114,14359,-550.2330202438861,1003.2552018305213,1127.6913376234118,True,True
13980,Male,hs_or_less,21301.0,21553,-252.0,1151.6492521597015,1233.4317062752198,True,True
14010,Male,hs_or_less,14111.0,14195,-84.0,844.6283206239299,963.6902953847516,True,True
14020,Male,hs_or_less,15654.463321457984,15724,-69.53667854201558,839.5719147279762,868.5368704381137,True,True
14260,Male,hs_or_less,93179.35428970799,90192,2987.3542897079897,2283.009198404597,2762.0995660645685,False,True
14460,Male,hs_or_less,511413.06016935484,510217,1196.0601693548379,6301.673666574618,5916.909132969647,True,True
14500,Male,hs_or_less,18622.358914523895,17256,1366.3589145238948,997.2196347846346,965.8570984457077,False,True
14540,Male,hs_or_less,26810.265677015337,27645,-834.7343229846629,1249.0516402455105,1219.789215770935,True,True
14580,Male,hs_or_less,9742.0,9057,685.0,744.6750969382554,1121.486999098741,True,True
14740,Male,hs_or_less,27906.0,27496,410.0,1303.3825225159344,1348.7470765450244,True,True
14860,Male,hs_or_less,99442.0,99226,216.0,2516.8311425282386,2456.689477915097,True,True
15180,Male,hs_or_less,67003.0,66216,787.0,2119.765553074207,1941.5562247756309,True,True
15260,Male,hs_or_less,16673.060273168696,17583,-909.9397268313041,1102.6332119068425,730.7357139698754,True,True
15380,Male,hs_or_less,141690.0,141435,255.0,2399.601008501205,2721.2741087822724,True,True
15500,Male,hs_or_less,23954.0,24016,-62.0,1303.4910816725983,1096.8474646800255,True,True
15540,Male,hs_or_less,22880.05583405032,22805,75.05583405031939,1068.448407738998,1148.7105428009424,True,True
15940,Male,hs_or_less,63130.0,62523,607.0,1474.049863471382,1848.43600160176,True,True
15980,Male,hs_or_less,123422.0,123845,-423.0,3283.041120668457,3126.662387601394,True,True
16020,Male,hs_or_less,15876.122658678245,14341,1535.122658678245,809.6770961315381,678.0626271971654,False,False
16180,Male,hs_or_less,9411.869596327895,9162,249.86959632789512,693.251036782492,500.7025767661276,True,True
16220,Male,hs_or_less,9471.287086754935,10559,-1087.7129132450646,750.973368369345,462.63479737819284,False,False
16300,Male,hs_or_less,33258.04190562239,33655,-396.9580943776091,1237.4392914401901,1423.090705998879,True,True
16540,Male,hs_or_less,29576.364978863512,29288,288.3649788635121,1108.5864873793114,1295.6836325104398,True,True
16580,Male,hs_or_less,22902.342883485682,21135,1767.3428834856823,988.2828542477098,1023.7168229130665,False,False
16620,Male,hs_or_less,35717.06766881382,36029,-311.9323311861808,1385.6529146940081,1424.6357511882893,True,True
16700,Male,hs_or_less,92428.0,91199,1229.0,2830.1909829550373,2906.2373568368002,True,True
16740,Male,hs_or_less,316770.537521157,311760,5010.537521157006,4469.884897846923,5084.93991147746,False,True
16820,Male,hs_or_less,21564.32750552379,18902,2662.32750552379,1033.129711120535,1055.7907649544788,False,False
16860,Male,hs_or_less,77743.46108987942,76904,839.4610898794199,2176.385076221577,1915.6926679387832,True,True
16940,Male,hs_or_less,10441.0,10820,-379.0,738.2404757258979,959.4949535966825,True,True
16980,Male,hs_or_less,1104643.2943525745,1102833,1810.2943525745068,10013.532992905151,8521.933264953099,True,True
17020,Male,hs_or_less,22979.0,22659,320.0,1123.2390662721805,939.8717253101617,True,True
17140,Male,hs_or_less,282585.9857942138,279808,2777.985794213775,3788.1565437558147,3780.400160707251,True,True
17300,Male,hs_or_less,41876.14920784166,40301,1575.1492078416632,1617.9993819529104,1682.1399480735595,True,True
17410,Male,hs_or_less,293355.0,294135,-780.0,4463.281192127603,3556.4718722364096,True,True
17420,Male,hs_or_less,20730.0,19701,1029.0,1065.5866928598537,1064.2661828062564,True,True
17660,Male,hs_or_less,21012.503610560132,21368,-355.4963894398679,1242.9541423560242,1257.4746902455706,True,True
17780,Male,hs_or_less,26965.848771529152,28376,-1410.1512284708479,1270.0649589686348,1080.387236264257,False,True
17820,Male,hs_or_less,65456.0,65580,-124.0,1957.5413150173868,2529.1476719628295,True,True
17860,Male,hs_or_less,21426.535807294695,20531,895.5358072946947,1086.754802151801,999.2011731182369,True,True
17900,Male,hs_or_less,102599.96433925188,101738,861.9643392518774,2692.8809851161263,2395.689294972956,True,True
17980,Male,hs_or_less,46705.99300938137,44573,2132.9930093813673,1846.4422547158088,1829.9691119305317,False,True
18020,Male,hs_or_less,12761.90075852679,11777,984.90075852679,832.0937447187066,692.6471658343668,False,True
18140,Male,hs_or_less,254187.06162543816,258197,-4009.9383745618397,3683.7430692164185,4343.014709490383,False,True
18580,Male,hs_or_less,68450.70745225596,68651,-200.292547744044,2039.8372484097843,1766.3795234307647,True,True
18700,Male,hs_or_less,8055.819394476424,5976,2079.8193944764243,689.6673111000695,692.4950836395088,False,False
18880,Male,hs_or_less,35810.82740513616,34031,1779.8274051361586,1585.358003732911,1465.3813745510206,False,True
19100,Male,hs_or_less,899859.4478664154,902953,-3093.552133584628,8972.111512904863,8125.646004514617,True,True
19140,Male,hs_or_less,27490.063601788646,27873,-382.93639821135366,1339.8003582623794,1032.0371194305035,True,True
19300,Male,hs_or_less,32080.0,32336,-256.0,1689.8751433168072,1684.5079920769895,True,True
19340,Male,hs_or_less,50757.861130605655,50236,521.8611306056555,1460.159237891539,1726.0105830422049,True,True
19430,Male,hs_or_less,102219.0,100757,1462.0,2243.0849292882335,2553.9161142520425,True,True
19460,Male,hs_or_less,26246.0,26341,-95.0,1175.4892598403442,1110.5725652017297,True,True
19500,Male,hs_or_less,16972.518418286883,15812,1160.5184182868834,740.422852159494,668.5807237325021,False,False
19660,Male,hs_or_less,104327.0,103778,549.0,2445.7786081327968,2290.372081500078,True,True
19740,Male,hs_or_less,288589.8222841729,288947,-357.17771582712885,4907.564569111649,4088.2015671441723,True,True
19780,Male,hs_or_less,82112.34420294463,79926,2186.3442029446305,2251.4120013893503,2629.152269516182,True,True
19820,Male,hs_or_less,529575.6146164942,529578,-2.3853835058398545,5438.037053937754,5528.671235139019,True,True
20020,Male,hs_or_less,24443.0,24940,-497.0,855.3426214096899,875.7175692781891,True,True
20100,Male,hs_or_less,27232.0,28138,-906.0,1419.509774534857,1270.034924884942,True,True
20220,Male,hs_or_less,15138.781634700139,13414,1724.781634700139,623.6810082085232,656.8479084586401,False,False
20260,Male,hs_or_less,37129.746931117676,35153,1976.7469311176756,893.6514980684584,1189.4654161511119,False,False
20500,Male,hs_or_less,58436.696182852516,55865,2571.6961828525164,2032.8917826583884,1903.8004475338648,False,True
20580,Male,hs_or_less,9797.72719296669,9904,-106.27280703331053,883.7624115111481,472.89054838249245,True,True
20740,Male,hs_or_less,22887.881602246103,21914,973.8816022461033,979.50446655439,1155.741259098018,True,True
20940,Male,hs_or_less,32194.0,32768,-574.0,1519.6213344119647,1203.8363558411916,True,True
21060,Male,hs_or_less,19748.229477909932,17929,1819.229477909932,1024.3519902845896,986.1924784342448,False,False
21140,Male,hs_or_less,36443.0,36468,-25.0,1464.8979486640017,1348.4335016510825,True,True
21300,Male,hs_or_less,13630.157703976696,13621,9.157703976696212,771.1225583524321,556.6944483741333,True,True
21340,Male,hs_or_less,117857.63207281168,117058,799.6320728116843,3212.5922554846575,3079.785298125076,True,True
21420,Male,hs_or_less,10244.18767085236,10570,-325.8123291476404,689.7702516055617,456.9503063555292,True,True
21500,Male,hs_or_less,42512.0,42191,321.0,1407.2053865729765,1387.3077534576637,True,True
21660,Male,hs_or_less,42772.0,42214,558.0,1413.608149382282,1743.2046449692875,True,True
21780,Male,hs_or_less,38618.50673871624,37162,1456.5067387162417,1330.996619079102,1261.5927750971096,False,True
21820,Male,hs_or_less,11427.234638767844,11248,179.23463876784444,1006.0293236282927,907.9960129529845,True,True
22020,Male,hs_or_less,22504.307528119578,20807,1697.307528119578,1047.5418846041432,1521.6727253479166,False,True
22140,Male,hs_or_less,18688.68388194294,18686,2.683881942939479,912.6845018953702,974.5839972310264,True,True
22180,Male,hs_or_less,43167.94672450405,42482,685.9467245040505,1132.4963576100367,1249.0610734489746,True,True
22220,Male,hs_or_less,76773.3664013688,76944,-170.63359863120422,2498.1022797315563,2226.627576327906,True,True
22380,Male,hs_or_less,14252.0,13882,370.0,830.7406334109342,895.487597038619,True,True
22420,Male,hs_or_less,61155.11532752969,58311,2844.1153275296892,1803.7901762677388,1821.7172433060896,False,False
22500,Male,hs_or_less,32402.013466300454,31198,1204.0134663004537,1254.678843369888,997.8620435025986,True,True
22520,Male,hs_or_less,24404.58350869337,23019,1385.5835086933694,1230.5892897307372,986.9246832871677,False,True
22540,Male,hs_or_less,16029.644525823962,17367,-1337.3554741760381,698.2635605557546,742.3636716052582,False,False
22660,Male,hs_or_less,25875.0,25973,-98.0,1275.0345093369042,1293.4793055437726,True,True
22900,Male,hs_or_less,38722.56243775618,38856,-133.4375622438165,1361.3651236901876,1155.2408541766968,True,True
23060,Male,hs_or_less,58812.29050658454,58569,243.2905065845407,1620.1901123016398,1916.874622618703,True,True
23420,Male,hs_or_less,177765.0,177209,556.0,3774.406443402724,2987.4523624999024,True,True
23460,Male,hs_or_less,18885.922817818595,17949,936.9228178185949,1062.2857431030504,885.3838286897834,True,True
23540,Male,hs_or_less,32474.60901478785,34599,-2124.3909852121506,1536.8087063782532,1347.6974421508874,False,False
23580,Male,hs_or_less,34084.0,34405,-321.0,1534.8495040231144,1129.880497322062,True,True
23900,Male,hs_or_less,18879.63502113649,19186,-306.36497886350844,714.5257168220049,732.5442392119608,True,True
24020,Male,hs_or_less,21301.0,21429,-128.0,975.8165811257769,997.2019307116288,True,True
24140,Male,hs_or_less,19036.0,18660,376.0,1066.1650904057965,871.8656739157128,True,True
24220,Male,hs_or_less,12383.72850280502,9985,2398.728502805019,562.7903694982706,590.1904029796011,False,False
24260,Male,hs_or_less,11785.14950444609,12405,-619.8504955539102,833.566434065096,614.4917579802785,True,True
24300,Male,hs_or_less,22365.007123234987,22116,249.00712323498738,1105.7748414573375,1115.3126509993558,True,True
24340,Male,hs_or_less,140425.06807492807,139884,541.0680749280727,2912.1586495244383,3077.7621923910874,True,True
24420,Male,hs_or_less,13847.893851171102,13600,247.89385117110214,905.6229899908681,695.5624485307518,True,True
24500,Male,hs_or_less,11477.735444301281,11491,-13.26455569871905,532.5204221436019,718.6220820634196,True,True
24540,Male,hs_or_less,44034.0,44127,-93.0,1582.0388743643439,1919.2586943768813,True,True
24580,Male,hs_or_less,44596.992701906696,44724,-127.00729809330369,1366.8456386878513,1713.1756703598949,True,True
24660,Male,hs_or_less,100637.06484355463,100147,490.0648435546318,2786.0274585868674,2551.8411343890943,True,True
24780,Male,hs_or_less,18640.0,18305,335.0,1119.0446818603805,1174.4914086797314,True,True
24860,Male,hs_or_less,119651.9909475128,119274,377.99094751279335,2760.967221826438,2770.8813120705386,True,True
25060,Male,hs_or_less,57611.80982935605,57121,490.809829356047,1881.3824704190267,1620.7223300158303,True,True
25180,Male,hs_or_less,54368.25611250168,55619,-1250.74388749832,1754.2633781733005,1971.8193046435483,True,True
25220,Male,hs_or_less,25222.282605348566,24944,278.282605348566,1683.0965510035364,1150.82496550252,True,True
25260,Male,hs_or_less,32015.0,31995,20.0,1378.0290272704708,1168.8601297198695,True,True
25420,Male,hs_or_less,84960.0,85227,-267.0,2232.5711634794534,2156.9792382722417,True,True
25500,Male,hs_or_less,20862.0,20756,106.0,998.1342595062049,991.5703322218249,True,True
25540,Male,hs_or_less,138837.84442476003,138779,58.84442476002732,3074.963739623607,2832.5141539873,True,True
25620,Male,hs_or_less,20372.763940693898,18717,1655.763940693898,1134.5426391282083,1098.9746982989775,False,False
25740,Male,hs_or_less,12087.83535186985,10663,1424.8353518698495,770.9785989247691,573.7692610920316,False,False
25860,Male,hs_or_less,64844.58515767529,63885,959.5851576752902,2040.7670126695011,2006.3961031469137,True,True
25940,Male,hs_or_less,28052.163218960657,24750,3302.163218960657,1412.3816764600142,1299.478854755681,False,False
25980,Male,hs_or_less,10755.907527119456,11673,-917.0924728805439,789.429540871128,712.2074897696624,False,True
26140,Male,hs_or_less,31593.0,30742,851.0,1267.0189422419855,1316.3998798712344,True,True
26300,Male,hs_or_less,16028.218685955428,15504,524.2186859554276,945.874198823501,652.1397905577935,True,True
26380,Male,hs_or_less,43387.525095333825,40828,2559.5250953338254,1589.1944500280638,1074.5935239651672,False,False
26420,Male,hs_or_less,933165.193137764,930881,2284.1931377639994,9790.62526093201,7502.927307674914,True,True
26580,Male,hs_or_less,66960.53425903613,62871,4089.534259036125,1824.351939730928,1315.818500101345,False,False
26620,Male,hs_or_less,54286.84772716902,52428,1858.8477271690208,2144.8496450800462,2166.077361631636,True,True
26820,Male,hs_or_less,17253.45183456423,17335,-81.5481654357718,950.7291938296626,962.6988628812362,True,True
26900,Male,hs_or_less,252314.6972881413,253280,-965.3027118587052,4373.73193051426,4535.24669684983,True,True
26980,Male,hs_or_less,14281.836557125192,13519,762.8365571251925,797.4998432601727,1116.785219946978,True,True
27060,Male,hs_or_less,6641.0,6646,-5.0,554.434847389664,691.521393476912,True,True
27100,Male,hs_or_less,26819.0,26792,27.0,1069.1510650979121,1256.310365951125,True,True
27140,Male,hs_or_less,81100.43173942858,79341,1759.4317394285754,2375.679060816086,2295.6412064118367,True,True
27180,Male,hs_or_less,32383.28150706607,30501,1882.281507066069,1082.9699903506098,1216.31854751997,False,False
27260,Male,hs_or_less,205106.56609547674,201598,3508.5660954767372,4373.392276025556,4293.150272899916,True,True
27340,Male,hs_or_less,24852.95708352637,23528,1324.9570835263694,1338.7949805702142,1168.0736731168433,True,True
27500,Male,hs_or_less,24402.0,24799,-397.0,1031.1837857530538,1384.9125454911405,True,True
27620,Male,hs_or_less,23210.94577782544,23832,-621.05422217456,934.750234019762,953.9402312532523,True,True
27740,Male,hs_or_less,32613.749026470097,32324,289.7490264700973,1288.9976726123286,1265.303494386496,True,True
27780,Male,hs_or_less,25065.0,24746,319.0,707.4192533427401,864.1324509153675,True,True
27860,Male,hs_or_less,21673.0,20618,1055.0,1022.3414302472536,1120.1392536360156,False,True
27900,Male,hs_or_less,30825.244186933945,31500,-674.7558130660545,1149.9943478121968,1194.379003339693,True,True
27980,Male,hs_or_less,23695.80878875647,24050,-354.19121124353114,1059.7263797792334,969.5533390723783,True,True
28020,Male,hs_or_less,24531.0,23816,715.0,1136.091105501667,1274.5991407997653,True,True
28100,Male,hs_or_less,16656.006459503875,16158,498.0064595038748,709.9556324165617,860.0869801204366,True,True
28140,Male,hs_or_less,244150.30845717838,245559,-1408.6915428216162,3790.253553523827,4402.52365482538,True,True
28420,Male,hs_or_less,39261.26649377284,40302,-1040.7335062271595,1560.621350616478,1304.2877853065743,True,True
28450,Male,hs_or_less,21986.0,22138,-152.0,1018.7727911561046,1286.3575518605821,True,True
28660,Male,hs_or_less,59480.39383057306,56075,3405.3938305730626,1963.1072308969779,2165.0754237842852,False,False
28700,Male,hs_or_less,56465.99961393434,55074,1391.999613934342,1535.0895739337168,1224.2568306580367,True,True
28740,Male,hs_or_less,26746.633139466838,26173,573.6331394668377,1236.8609461050987,1533.623568334309,True,True
28880,Male,hs_or_less,86558.40615079558,88107,-1548.5938492044224,2357.4653762038583,2136.090879917351,True,True
28940,Male,hs_or_less,131166.78404431196,131739,-572.215955688036,2741.6779533708914,2536.038546389677,True,True
29020,Male,hs_or_less,14646.442313856316,13326,1320.442313856316,753.2622385331684,606.9349514106508,False,False
29100,Male,hs_or_less,20005.822022399152,19254,751.822022399152,834.0455623046022,1033.5559421234088,True,True
29180,Male,hs_or_less,67374.037559923,66869,505.03755992300285,2092.50710870955,1780.4654546456811,True,True
29200,Male,hs_or_less,25989.36031091972,26562,-572.6396890802789,1003.4849276396732,1177.0219851015227,True,True
29340,Male,hs_or_less,38205.2843946874,38036,169.28439468739816,1529.7355980691566,1460.2846302947771,True,True
29420,Male,hs_or_less,41196.0,41187,9.0,1657.5677965018506,1548.8660396161606,True,True
29460,Male,hs_or_less,128041.0,127181,860.0,2903.5726269545935,2787.618888070292,True,True
29540,Male,hs_or_less,88661.0,87637,1024.0,2075.8643982688272,2070.190018435808,True,True
29620,Male,hs_or_less,46561.0,47005,-444.0,1462.2585270737866,1565.7575425421078,True,True
29700,Male,hs_or_less,38723.0,38838,-115.0,1743.3123644373088,1270.7912472476548,True,True
29740,Male,hs_or_less,29082.0,29127,-45.0,1434.6762701041653,1379.260596814014,True,True
29820,Male,hs_or_less,339702.0,339581,121.0,4986.675846693867,4591.904870775308,True,True
29940,Male,hs_or_less,8880.0,8995,-115.0,737.1119317986922,1008.5225882888047,True,True
30020,Male,hs_or_less,19264.0,18808,456.0,883.0702123840437,1204.751663295179,True,True
30140,Male,hs_or_less,27348.0,26667,681.0,1028.0316142998715,1281.379293976807,True,True
30300,Male,hs_or_less,8867.958054993116,8940,-72.0419450068839,586.3718956430296,368.72500244234334,True,True
30340,Male,hs_or_less,18118.0,17925,193.0,887.2310860198711,998.5732643627107,True,True
30460,Male,hs_or_less,60353.351723924214,57522,2831.3517239242137,1692.9403415359916,1718.3499958787309,False,False
30500,Male,hs_or_less,24710.0,25323,-613.0,1256.6204677626415,1212.7512456306736,True,True
30620,Male,hs_or_less,17080.0,16642,438.0,787.5061904518592,910.2352244207262,True,True
30700,Male,hs_or_less,30737.857780760547,30997,-259.14221923945297,1303.9835121657022,1600.914445544787,True,True
30780,Male,hs_or_less,95282.0,94514,768.0,2388.198484213571,2564.1391527023743,True,True
30860,Male,hs_or_less,11584.06795632741,12078,-493.9320436725902,736.3300890225796,633.0237567586079,True,True
30980,Male,hs_or_less,45853.42296089425,44384,1469.4229608942478,1685.4420785064078,1431.6632467737672,True,True
31020,Male,hs_or_less,17054.609805735698,17190,-135.3901942643024,907.3786420232735,757.9860752162565,True,True
31080,Male,hs_or_less,1708557.0,1708404,153.0,10878.292145369143,9143.267524495825,True,True
31140,Male,hs_or_less,187630.86876169825,186056,1574.8687616982497,3067.8800498063806,3832.594673360942,True,True
31180,Male,hs_or_less,41873.950713005564,41962,-88.04928699443553,1569.0656455355843,1368.0189709218857,True,True
31340,Male,hs_or_less,36879.0,36436,443.0,1261.1629553709545,1343.070774876086,True,True
31420,Male,hs_or_less,37172.34118429455,37618,-445.65881570545025,1484.4500665229532,1207.5181532950278,True,True
31540,Male,hs_or_less,58229.24900976737,59527,-1297.7509902326274,1746.406310112283,2563.659554888163,True,True
31700,Male,hs_or_less,52341.53483722,51635,706.5348372200024,1862.8496987143112,1988.5579830108488,True,True
31740,Male,hs_or_less,9938.0,9643,295.0,693.2575279071984,1033.3701590530134,True,True
31860,Male,hs_or_less,10235.0,10927,-692.0,615.7458891458391,957.4339504516747,False,True
31900,Male,hs_or_less,25076.0,24776,300.0,1086.0603114007988,1129.486037494488,True,True
32580,Male,hs_or_less,142825.0,143269,-444.0,3380.0362424092436,2715.66619985663,True,True
32780,Male,hs_or_less,27440.0,27262,178.0,1386.3444737870886,1517.4536533305557,True,True
32820,Male,hs_or_less,180315.77269403337,179699,616.7726940333669,3731.3523017801467,3812.228879342538,True,True
32900,Male,hs_or_less,54208.0,53495,713.0,1875.366897436339,1442.944172817334,True,True
33100,Male,hs_or_less,870229.0268971813,867469,2760.026897181291,9842.36328327704,7754.214878969646,True,True
33140,Male,hs_or_less,22285.0,22429,-144.0,937.3057132014079,1164.3989896439064,True,True
33220,Male,hs_or_less,11906.035312880602,9905,2001.0353128806019,632.3464240430241,558.9260438923178,False,False
33260,Male,hs_or_less,25214.68288862983,24753,461.6828886298317,1793.6041926802022,1505.8056107486102,True,True
33340,Male,hs_or_less,176048.0,175965,83.0,3079.273128515884,3638.7488310810563,True,True
33460,Male,hs_or_less,349696.47462921694,342667,7029.474629216944,4432.387844040726,5624.229945247829,False,True
33500,Male,hs_or_less,9626.99333301359,9617,9.993333013590018,673.7633115568108,632.6622176374028,True,True
33540,Male,hs_or_less,13621.77596069252,11488,2133.775960692519,705.4948617814307,750.7913651365114,False,False
33660,Male,hs_or_less,61550.0,62787,-1237.0,2071.883442667565,1895.3693283717819,True,True
33700,Male,hs_or_less,92454.0,92505,-51.0,2379.408539952734,2319.4184706190367,True,True
33740,Male,hs_or_less,37444.71559417439,36931,513.7155941743913,1349.9477767676792,1358.1237409898426,True,True
33780,Male,hs_or_less,23900.0,24055,-155.0,1139.9162249919948,1267.8641010884212,True,True
33860,Male,hs_or_less,55350.876784417946,53394,1956.8767844179456,1828.1129614988238,1475.0103331715363,False,True
34060,Male,hs_or_less,21433.222318669406,19839,1594.2223186694064,825.5489083028334,821.2964662032817,False,False
34100,Male,hs_or_less,24566.792212853405,23240,1326.7922128534046,1147.2632653406106,1036.4646103124094,False,True
34580,Male,hs_or_less,16384.0,17147,-763.0,906.3255485751243,976.4057515852465,True,True
34620,Male,hs_or_less,15873.0,15726,147.0,797.7988468279457,1017.3017692891083,True,True
34740,Male,hs_or_less,27646.0,28304,-658.0,1064.4524413988631,1365.3269103469322,True,True
34820,Male,hs_or_less,56172.05403653808,57081,-908.9459634619197,2097.1027633380295,1791.9984978463601,True,True
34900,Male,hs_or_less,17180.0,17344,-164.0,1195.0635966340872,1202.6119558376884,True,True
34940,Male,hs_or_less,55020.0,54164,856.0,2369.0704928304685,1963.7161231657824,True,True
34980,Male,hs_or_less,246129.5123302627,245708,421.5123302626889,4710.868072871495,4464.682404183337,True,True
35300,Male,hs_or_less,74452.0,73314,1138.0,2139.154973348121,2256.4340038656683,True,True
35380,Male,hs_or_less,135211.0,135975,-764.0,3312.2767094552955,2588.6053158443256,True,True
35620,Male,hs_or_less,2414219.5938492035,2413319,900.5938492035493,16379.034556407774,13132.843433996877,True,True
35660,Male,hs_or_less,20090.0,20102,-12.0,984.9086252033738,990.6742597506509,True,True
35840,Male,hs_or_less,111941.0,110912,1029.0,2870.8202660563757,2873.6273772468307,True,True
35980,Male,hs_or_less,38299.0,37517,782.0,1505.6629768975527,1683.3039526207829,True,True
36100,Male,hs_or_less,65399.0,65333,66.0,2372.3741273247774,2105.394429222824,True,True
36220,Male,hs_or_less,30311.0,29147,1164.0,1737.182488974604,1250.7048697694431,True,True
36260,Male,hs_or_less,61198.47590626544,60807,391.47590626544115,1892.9593233875894,1978.6764992884337,True,True
36420,Male,hs_or_less,173021.1374831196,174770,-1748.8625168804138,2760.4472463715006,3752.0156182840205,True,True
36500,Male,hs_or_less,30444.0,29925,519.0,1467.4883304476393,1694.7694630048506,True,True
36540,Male,hs_or_less,102567.28444093338,101528,1039.2844409333775,2028.6226854691338,2652.629165758712,True,True
36740,Male,hs_or_less,338200.0,335658,2542.0,6202.011044814416,5481.852149376956,True,True
36780,Male,hs_or_less,23983.0,23272,711.0,924.8032223127253,1248.2648155865206,True,True
36980,Male,hs_or_less,16867.229289147544,17438,-570.7707108524555,803.5346912237206,1068.7550758983696,True,True
37100,Male,hs_or_less,101966.0,102680,-714.0,2760.9288292167184,2482.489251694003,True,True
37140,Male,hs_or_less,16724.281239180622,15844,880.2812391806219,733.1480068853765,549.3030912246119,False,True
37340,Male,hs_or_less,75739.0,75235,504.0,2554.4042358248626,2646.4842362346976,True,True
37460,Male,hs_or_less,30575.767696974093,30562,13.767696974093269,1386.6207123795605,1356.7988501040359,True,True
37620,Male,hs_or_less,16066.519077669682,14957,1109.5190776696818,834.8520827068709,602.784877451585,False,False
37860,Male,hs_or_less,66372.0,65087,1285.0,2209.82080721492,2320.067609439971,True,True
37900,Male,hs_or_less,47422.15889971106,46034,1388.1588997110593,1458.7635175037797,1544.5234451964477,True,True
37980,Male,hs_or_less,756067.2714267849,756142,-74.72857321507763,7678.4166336556655,7851.119140774389,True,True
38060,Male,hs_or_less,582694.3301865187,581837,857.3301865187241,6321.660383158842,5895.668778040374,True,True
38240,Male,hs_or_less,12419.32018086249,10590,1829.3201808624908,739.5370173290854,787.5764112554401,False,False
38300,Male,hs_or_less,319578.9059386037,318448,1130.9059386036824,3864.4593412274376,4225.15575461763,True,True
38340,Male,hs_or_less,17599.0,17718,-119.0,945.6659029488163,1054.952877299503,True,True
38540,Male,hs_or_less,11207.433219067196,9625,1582.4332190671958,707.6044092570368,717.0727032258358,False,False
38860,Male,hs_or_less,61695.0,60542,1153.0,1599.1247606112538,2382.855606835001,True,True
38900,Male,hs_or_less,256559.0009953712,257091,-531.9990046288003,4408.7444924830925,4484.258798314987,True,True
38940,Male,hs_or_less,75127.0,75362,-235.0,2956.242547559317,2758.524725115764,True,True
39150,Male,hs_or_less,31134.0,30888,246.0,1363.9431806347359,1401.4409006924802,True,True
39300,Male,hs_or_less,242876.0,241369,1507.0,4260.9305321725205,4067.7296598245375,True,True
39340,Male,hs_or_less,40428.42117696821,41038,-609.5788230317921,1349.8936995185954,1784.8694864366444,True,True
39380,Male,hs_or_less,24075.769039483013,24132,-56.23096051698667,1014.8196884176026,845.5240677708698,True,True
39460,Male,hs_or_less,34820.0,34657,163.0,1405.588133131466,1372.0518409625602,True,True
39540,Male,hs_or_less,27809.0,28464,-655.0,1168.8549952838462,1568.4056222813506,True,True
39580,Male,hs_or_less,127383.60466958312,125996,1387.6046695831174,3479.1404110785757,3252.2115543163914,True,True
39660,Male,hs_or_less,19829.46785482712,19300,529.4678548271186,1075.3752833313588,1346.0581599845616,True,True
39740,Male,hs_or_less,74370.0,74714,-344.0,1872.7186120717656,1860.2401238989955,True,True
39820,Male,hs_or_less,24002.0,23944,58.0,1274.9776468628775,1184.3780093444618,True,True
39900,Male,hs_or_less,72907.44202657923,75599,-2691.5579734207713,2136.029728257545,2080.1702360475288,False,True
40060,Male,hs_or_less,155438.81525098378,154013,1425.8152509837819,2906.0836188933035,2890.8187371832087,True,True
40140,Male,hs_or_less,709639.0,708019,1620.0,7240.135357850708,6797.30326389113,True,True
40220,Male,hs_or_less,47319.778898362514,46026,1293.7788983625142,1716.9539889001103,1649.428171366069,True,True
40340,Male,hs_or_less,22652.980490394737,22988,-335.019509605263,896.9186139221329,1154.5762133607543,True,True
40380,Male,hs_or_less,124886.98900396319,124307,579.9890039631864,2258.522968667797,2192.9700341391494,True,True
40420,Male,hs_or_less,48525.0,49048,-523.0,1539.742835670944,1734.2705745979347,True,True
40580,Male,hs_or_less,25397.0,25505,-108.0,1241.6017880141765,959.3191648045243,True,True
40660,Male,hs_or_less,17760.689027766974,15675,2085.6890277669736,887.2395392451804,814.8612803589366,False,False
40900,Male,hs_or_less,263138.0,263463,-325.0,4108.345043931924,3839.9017632186897,True,True
40980,Male,hs_or_less,27511.0,27947,-436.0,1021.2369950212341,1127.6587785723348,True,True
41060,Male,hs_or_less,25878.43534229481,24752,1126.4353422948116,972.4155490324083,1342.2683950996047,False,True
41100,Male,hs_or_less,18309.0,17591,718.0,1143.5733470136493,1434.1951627345736,True,True
41140,Male,hs_or_less,21731.340720539076,22430,-698.6592794609242,752.117012172973,936.4438959243987,True,True
41180,Male,hs_or_less,319684.38256066793,314483,5201.382560667931,4436.923483676499,5080.697834668662,False,True
41420,Male,hs_or_less,61670.30830096964,59968,1702.308300969642,2114.343869856557,1926.384656747391,True,True
41500,Male,hs_or_less,72670.51989813292,73234,-563.4801018670842,2184.561054308165,1526.0023135181348,True,True
41540,Male,hs_or_less,20024.49849934139,20601,-576.5015006586109,1079.4169722586355,873.9473797560439,True,True
41620,Male,hs_or_less,130995.44238583691,130855,140.44238583691185,2843.6752627541705,3042.1897410854567,True,True
41660,Male,hs_or_less,17261.36201184851,17591,-329.6379881514913,1172.7280162083619,1006.1726403636346,True,True
41700,Male,hs_or_less,342276.5129909741,337126,5150.512990974123,5267.694657058247,4593.082806389804,True,True
41740,Male,hs_or_less,331255.0,330832,423.0,4880.328165195451,4430.376884216935,True,True
41780,Male,hs_or_less,19308.420611118134,17936,1372.4206111181338,904.3544659037185,783.274278938855,False,False
41860,Male,hs_or_less,440618.0,442525,-1907.0,5925.603176048831,5762.60954674269,True,True
41940,Male,hs_or_less,173193.4801018671,171071,2122.4801018671133,3323.411951594325,3360.5821746484444,True,True
42020,Male,hs_or_less,27352.0,26847,505.0,1455.9337210189206,1376.1690402068164,True,True
42100,Male,hs_or_less,26325.0,25986,339.0,1340.1458875809008,1031.1222953886218,True,True
42140,Male,hs_or_less,18347.036914377422,17532,815.0369143774224,968.2623611397894,1133.2890577214341,True,True
42200,Male,hs_or_less,50876.0,51301,-425.0,1783.185912909812,1557.417291761829,True,True
42220,Male,hs_or_less,58518.0,58289,229.0,1944.1409413928816,1681.107908954687,True,True
42340,Male,hs_or_less,50722.91268607883,51003,-280.08731392116897,1881.231777320381,1643.1078525189369,True,True
42540,Male,hs_or_less,93921.03182672239,93085,836.031826722392,1974.3330519443775,2027.1300556535487,True,True
42660,Male,hs_or_less,387077.0,384563,2514.0,5200.17874692784,5587.805810849528,True,True
42680,Male,hs_or_less,23167.0,23210,-43.0,1272.2598005124582,1427.5868811371868,True,True
42700,Male,hs_or_less,21453.28014292247,20425,1028.280142922471,1125.6096126099849,756.7193778465402,True,True
43100,Male,hs_or_less,17874.0,17698,176.0,796.4671995757265,1010.2130365503358,True,True
43300,Male,hs_or_less,20529.848009458598,19540,989.8480094585975,1133.9585530344573,779.4203203092653,True,True
43340,Male,hs_or_less,59623.507255267265,56923,2700.5072552672646,1736.8229616169865,1847.2988234295622,False,False
43420,Male,hs_or_less,17547.18890877981,15916,1631.1889087798118,917.1014120586665,755.4905477657728,False,False
43580,Male,hs_or_less,22350.445239857603,23212,-861.5547601423968,1030.432433495763,1011.1803460299417,True,True
43620,Male,hs_or_less,33390.15692911947,33893,-502.84307088053174,1301.2240391262376,1575.6579165983967,True,True
43640,Male,hs_or_less,30446.0,30336,110.0,1598.533077543283,1549.5604875108943,True,True
43780,Male,hs_or_less,43623.39415575169,44163,-539.6058442483118,1453.1348870631384,1302.4798855125093,True,True
43900,Male,hs_or_less,57523.75367841564,59847,-2323.24632158436,1945.8509706552554,1761.988446290751,False,True
44060,Male,hs_or_less,66914.83867072777,67411,-496.16132927223225,2087.1799155798717,1885.3305305334768,True,True
44100,Male,hs_or_less,24667.702108127793,24638,29.7021081277926,1058.0808097683278,950.9577146246597,True,True
44140,Male,hs_or_less,70275.0,70277,-2.0,2147.749985449889,1878.6677469682475,True,True
44180,Male,hs_or_less,64403.183893018075,62559,1844.1838930180747,1836.2306500001573,1921.4865604555473,False,True
44220,Male,hs_or_less,22339.0,22312,27.0,990.5281419525646,1021.191502243213,True,True
44300,Male,hs_or_less,19129.0,18613,516.0,878.3490194677739,1087.4739668223096,True,True
44420,Male,hs_or_less,21973.372879966617,22759,-785.6271200333831,1061.049951698788,1090.4456384570988,True,True
44700,Male,hs_or_less,127776.0,126764,1012.0,2865.567483065091,2482.0710206989947,True,True
44940,Male,hs_or_less,16448.419023759016,15290,1158.4190237590155,965.3864511168572,742.764645295167,False,True
45060,Male,hs_or_less,83506.81112961604,82009,1497.811129616035,1706.3507845692222,1750.2750376141057,True,True
45220,Male,hs_or_less,42038.22907018246,41863,175.22907018246042,1630.5253754541816,1387.6414334010808,True,True
45300,Male,hs_or_less,435373.0,434774,599.0,5753.326081494078,5601.035652710019,True,True
45460,Male,hs_or_less,28828.907497383516,28174,654.9074973835159,1036.9218871255443,1126.6940702441439,True,True
45500,Male,hs_or_less,27773.467989005618,26410,1363.4679890056177,1048.2776349803519,879.3676818573919,False,True
45780,Male,hs_or_less,82317.92475783496,79708,2609.9247578349605,1987.6380455203607,2238.7288462646125,False,True
45820,Male,hs_or_less,33370.25260675246,32193,1177.2526067524595,1066.7164571712578,1214.4370458509195,False,True
45900,Male,hs_or_less,18098.477206059473,17204,894.4772060594732,775.8969003675682,965.2259641038966,False,True
45940,Male,hs_or_less,45973.0,45918,55.0,1975.328833384457,1792.4933678430305,True,True
46060,Male,hs_or_less,114110.66981348126,114200,-89.33018651873863,2868.095709700079,3118.3981126492417,True,True
46140,Male,hs_or_less,135512.6925899479,136070,-557.3074100521044,1891.9006316400446,2814.15837465486,True,True
46220,Male,hs_or_less,34957.63359489089,35578,-620.3664051091109,1458.9331718759431,1202.5951012588503,True,True
46300,Male,hs_or_less,16379.858082430685,17047,-667.1419175693154,1069.0168380339012,989.8634384771846,True,True
46340,Male,hs_or_less,30498.0,30513,-15.0,1646.8308959938784,1325.1234680271307,True,True
46520,Male,hs_or_less,118980.0,116368,2612.0,2217.7008364520225,2858.921572783827,False,True
46540,Male,hs_or_less,44090.39664662529,44237,-146.60335337471042,1310.29347857646,1344.6868586980938,True,True
46660,Male,hs_or_less,19779.115648403258,20181,-401.8843515967419,1032.064920438632,977.3994992935084,True,True
46700,Male,hs_or_less,59886.0,59152,734.0,1908.4595882543597,1952.0677217459697,True,True
47020,Male,hs_or_less,16241.774423991283,15517,724.7744239912827,978.7742334164708,806.449205160968,True,True
47220,Male,hs_or_less,31984.728573214845,32227,-242.2714267851552,1337.0336570184013,1565.9532438232577,True,True
47260,Male,hs_or_less,203931.55993672105,203121,810.5599367210525,3159.38886495474,3439.9438413416156,True,True
47300,Male,hs_or_less,80144.0,80415,-271.0,2464.679898080073,1975.1203383275158,True,True
47380,Male,hs_or_less,38748.58356178098,38233,515.5835617809789,1555.7715127871445,1341.6862668158599,True,True
47460,Male,hs_or_less,8576.73350622714,7543,1033.7335062271395,640.6902527743027,539.6873731783307,False,False
47580,Male,hs_or_less,23341.48095608545,21809,1532.4809560854483,1132.7938912264667,1249.6767922508093,False,True
47900,Male,hs_or_less,568732.1721120165,562590,6142.172112016473,7609.694211990387,6688.432439148395,True,True
47930,Male,hs_or_less,66139.0,65611,528.0,2160.828313402062,1884.6323198103526,True,True
47940,Male,hs_or_less,22804.89505247694,21551,1253.8950524769389,803.1600089645898,1077.0440324186234,False,True
48060,Male,hs_or_less,17736.930254746047,16253,1483.9302547460466,837.7481721854127,746.0425878070936,False,False
48140,Male,hs_or_less,20429.0,20925,-496.0,799.759963989196,1004.7610310535287,True,True
48260,Male,hs_or_less,21602.794425980188,21015,587.794425980188,730.4313793916579,676.4891970942788,True,True
48300,Male,hs_or_less,18965.0,18831,134.0,1016.4865960749311,932.5257477752291,True,True
48540,Male,hs_or_less,26293.221228897193,25383,910.2212288971932,950.9426901764375,716.2133212686647,True,True
48620,Male,hs_or_less,80493.69033436124,80746,-252.30966563876427,2294.158669316488,2484.4353190364527,True,True
48660,Male,hs_or_less,23397.813580612565,23211,186.8135806125647,977.2630147508909,766.0844117606864,True,True
48680,Male,hs_or_less,21758.0,22784,-1026.0,1417.2716747328298,1479.7173671672067,True,True
48700,Male,hs_or_less,19476.34069410357,18517,959.3406941035682,755.1066149889034,801.4895332230232,False,True
48900,Male,hs_or_less,49213.0,50195,-982.0,1910.262023911903,1822.3256988097655,True,True
49020,Male,hs_or_less,23767.10894895197,23923,-155.89105104803093,1127.6080879454528,1041.2663944097364,True,True
49180,Male,hs_or_less,95750.17390451294,94873,877.1739045129361,2432.660683284868,2114.418351579329,True,True
49340,Male,hs_or_less,113341.0,114212,-871.0,2543.782419940825,2717.5221011063095,True,True
49420,Male,hs_or_less,45423.0,45746,-323.0,1624.9024586109776,1205.2142765966971,True,True
49620,Male,hs_or_less,79226.0,78142,1084.0,1762.041997229351,1816.0343670670857,True,True
49660,Male,hs_or_less,73646.0,73117,529.0,1885.7733161756214,1959.1057384158084,True,True
49700,Male,hs_or_less,27038.0,27569,-531.0,1343.8880161680138,1191.1674902490624,True,True
49740,Male,hs_or_less,35665.67350879106,35432,233.67350879105652,1555.733589018377,1286.8679669241644,True,True
10180,Female,some_college,18312.684607360425,17944,368.6846073604247,1037.2318930692404,936.9062856264215,True,True
10420,Female,some_college,73621.0,72796,825.0,2194.35161266375,2114.075095613623,True,True
10500,Female,some_college,18087.904594573014,17742,345.90459457301404,1041.0715633423094,1026.5447640105133,True,True
10540,Female,some_college,18250.64275024293,20029,-1778.3572497570713,1079.2937505609862,1094.3363655606613,False,False
10580,Female,some_college,91782.15552052807,92229,-446.8444794719253,2288.167388981846,2377.4185580461067,True,True
10740,Female,some_college,104302.33306106266,104646,-343.6669389373419,2712.844632484507,2697.473759798609,True,True
10780,Female,some_college,15068.004658633921,15725,-656.9953413660787,1031.106202095594,806.2995344722679,True,True
10900,Female,some_college,85962.0,84030,1932.0,2217.4070442749116,2495.6728393178364,True,True
11020,Female,some_college,10794.189177995859,11562,-767.8108220041413,721.9736837309238,661.7777150864538,False,True
11100,Female,some_college,30625.287126784653,31051,-425.7128732153469,1560.2054351911481,1142.0677429380114,True,True
11180,Female,some_college,10677.0,10692,-15.0,722.6486006351912,785.2121080064927,True,True
11200,Female,some_college,12791.891212912105,12687,104.8912129121054,892.3906095427046,726.0201050320704,True,True
11260,Female,some_college,42230.89331258045,42792,-561.106687419553,1517.3717408730136,1982.0039604751696,True,True
11460,Female,some_college,27870.0,27256,614.0,1121.5288672165332,1632.2465562101825,True,True
11500,Female,some_college,13563.0,13360,203.0,985.8164129288982,933.6193116134114,True,True
11540,Female,some_college,27366.532704680674,27538,-171.46729531932579,1192.5988428637686,1301.8978094100084,True,True
11700,Female,some_college,42577.60358011007,42701,-123.39641988992662,1815.719692022973,1651.8326282417381,True,True
12020,Female,some_college,18889.227760086953,18283,606.2277600869529,1199.1075848313194,1030.2549701697765,True,True
12060,Female,some_college,595028.0596312053,599889,-4860.94036879472,7042.2708695420115,7842.767477947686,True,True
12100,Female,some_college,35385.0,35600,-215.0,1537.6690151004539,1553.812917463441,True,True
12220,Female,some_college,19091.173638148553,19051,40.17363814855344,1142.7309394603787,1158.0304604433597,True,True
12260,Female,some_college,73697.99012552547,71945,1752.9901255254663,2284.9792121592704,2345.374301471467,True,True
12420,Female,some_college,198561.81425914515,198723,-161.18574085485307,4408.724191872293,4558.607172104206,True,True
12540,Female,some_college,89185.0,89787,-602.0,2684.1376641297666,2326.1990019049854,True,True
12580,Female,some_college,265935.6994391401,268261,-2325.300560859905,4571.383379240905,4567.829144411846,True,True
12620,Female,some_college,18350.31027158743,18357,-6.689728412569821,1003.1914074592146,1111.789741765506,True,True
12700,Female,some_college,28139.418612761547,28133,6.418612761546683,1379.4154559087701,1351.784580861253,True,True
12940,Female,some_college,85444.35279992194,84996,448.3527999219368,2643.9788198849096,3022.6855945091934,True,True
12980,Female,some_college,16146.922602976487,16650,-503.0773970235132,848.9852766685651,766.0498296332016,True,True
13020,Female,some_college,13749.547450675624,14431,-681.4525493243764,820.6229341177348,697.2328038097606,True,True
13140,Female,some_college,47273.0,46705,568.0,1658.4553053971638,1781.461824097348,True,True
13220,Female,some_college,11600.0,11711,-111.0,927.0183385456838,938.6892372425498,True,True
13380,Female,some_college,27662.0,27747,-85.0,1178.4294633112327,1200.7127585959101,True,True
13460,Female,some_college,31652.0,31247,405.0,1323.7163593459136,1314.1483808183534,True,True
13740,Female,some_college,22375.923849864306,22005,370.92384986430625,1092.9629453920202,1179.8182505653808,True,True
13780,Female,some_college,27177.36552902359,27564,-386.6344709764089,1173.2322873156875,953.9372586187718,True,True
13820,Female,some_college,130885.67287473427,131464,-578.3271252657287,2933.729026341731,3408.0206003999588,True,True
13900,Female,some_college,15503.894058836817,15425,78.89405883681684,1058.117668314824,1117.554630056944,True,True
13980,Female,some_college,17712.0,17357,355.0,933.8741885286262,923.3787375875352,True,True
14010,Female,some_college,14263.0,14705,-442.0,929.1399248767648,1032.63287965702,True,True
14020,Female,some_college,13296.671373483825,12985,311.67137348382494,865.3542627155655,950.9845114970738,True,True
14260,Female,some_college,90912.01009833248,91152,-239.989901667519,2513.7945421215313,2963.364119988589,True,True
14460,Female,some_college,383035.79245158413,379794,3241.7924515841296,5500.156088694211,5208.300158172101,True,True
14500,Female,some_college,24339.1180930786,21582,2757.1180930785995,1137.0074757889677,1083.5014598442922,False,False
14540,Female,some_college,17447.28755350583,17916,-468.71244649416985,1024.773633540598,1046.1163162160483,True,True
14580,Female,some_college,9858.0,10079,-221.0,752.1735172152765,843.1532509692411,True,True
14740,Female,some_college,36038.0,36702,-664.0,1294.7698637209626,1495.1969128976793,True,True
14860,Female,some_college,68963.0,69100,-137.0,2033.8384891627948,1952.6529718296078,True,True
15180,Female,some_college,32652.0,32544,108.0,1457.6192918591603,1579.8361955492412,True,True
15260,Female,some_college,14353.698799076059,13992,361.698799076059,931.2282212218443,786.6388261064959,True,True
15380,Female,some_college,129706.0,130538,-832.0,3002.4253529438497,2660.4533177313033,True,True
15500,Female,some_college,21323.0,21514,-191.0,1267.9329635276465,926.6592501554982,True,True
15540,Female,some_college,17194.169339441956,18319,-1124.8306605580437,1100.4767148831456,1059.7622440729826,False,True
15940,Female,some_college,45306.0,44771,535.0,1461.751688899315,1716.6858556467168,True,True
15980,Female,some_college,97852.0,97773,79.0,2853.2109981562876,2664.9446786378135,True,True
16020,Female,some_college,8935.914846159303,8827,108.91484615930312,748.506512997716,659.9837838197692,True,True
16180,Female,some_college,8311.529805131326,7905,406.5298051313257,621.6413757143262,377.61172329162736,True,True
16220,Female,some_college,9780.969369592793,10927,-1146.0306304072074,846.8842896169464,545.4812210639373,False,False
16300,Female,some_college,32116.931812607905,34609,-2492.068187392095,1386.9289815992743,1369.671479378342,False,False
16540,Female,some_college,14107.634986002924,15079,-971.365013997076,898.1720325193833,979.2224973914903,False,True
16580,Female,some_college,21363.00286581488,20409,954.0028658148804,1092.1501728242322,1011.4888686886432,True,True
16620,Female,some_college,20308.752820436403,20464,-155.24717956359746,1150.3047422313794,1082.0212802533836,True,True
16700,Female,some_college,91585.0,91150,435.0,2789.867559580562,3004.0617796401925,True,True
16740,Female,some_college,293966.2506086021,295208,-1241.749391397927,4832.165249657755,4888.026782980174,True,True
16820,Female,some_college,18959.759629753342,18182,777.7596297533419,1047.3055905512965,1017.9713609515,True,True
16860,Female,some_college,67890.04184424815,69519,-1628.958155751854,2125.2933915109224,2011.6047713875403,True,True
16940,Female,some_college,12372.0,12979,-607.0,847.5340701116386,973.4646620435177,True,True
16980,Female,some_college,872839.0199909767,868460,4379.019990976667,8304.169735741196,8766.31022364214,True,True
17020,Female,some_college,25004.0,25240,-236.0,1126.1340950348674,1307.4357135352775,True,True
17140,Female,some_college,219788.86747283442,221160,-1371.1325271655805,3898.1032567134494,4583.302454812574,True,True
17300,Female,some_college,37358.48386833702,37674,-315.51613166298193,1707.1209681800526,1677.579754942266,True,True
17410,Female,some_college,243732.0,242323,1409.0,3591.955177894067,4474.242300989353,True,True
17420,Female,some_college,15922.0,16072,-150.0,1079.1422519760774,768.0248503962943,True,True
17660,Female,some_college,26073.29401249432,26079,-5.705987505680241,1302.9831157770234,1246.3092544779522,True,True
17780,Female,some_college,21659.90099281598,21422,237.9009928159794,1201.0507899335482,1120.1675268937606,True,True
17820,Female,some_college,88646.0,88903,-257.0,2425.4702636808393,2267.2788003987293,True,True
17860,Female,some_college,17987.490196377184,17349,638.4901963771845,1006.922042662688,1055.667409354257,True,True
17900,Female,some_college,97538.98628625539,97162,376.9862862553855,2617.8863611700185,2421.3811324485105,True,True
17980,Female,some_college,37080.1639410321,39179,-2098.8360589678996,1722.5925229142265,1220.7038167402118,False,True
18020,Female,some_college,8129.766313771057,7379,750.766313771057,631.271732299174,570.0041952500077,False,True
18140,Female,some_college,196386.71286606687,197550,-1163.2871339331323,3463.766302740414,3944.0075213256364,True,True
18580,Female,some_college,51282.536601488595,51473,-190.4633985114051,1936.634193646286,1758.0788098931885,True,True
18700,Female,some_college,9724.357249757071,8740,984.3572497570713,645.6198571915211,661.9471606250842,False,False
18880,Female,some_college,35202.98016424619,35544,-341.0198357538102,1478.4444527948963,1248.981013372588,True,True
19100,Female,some_college,742300.9452357057,738845,3455.9452357057016,8025.741959470165,7682.048571563244,True,True
19140,Female,some_college,13211.987736693403,12721,490.98773669340335,1002.0394203822523,809.3167247812355,True,True
19300,Female,some_college,32209.0,30887,1322.0,1536.6801879376203,1772.4948280590977,True,True
19340,Female,some_college,47745.92630206585,47381,364.92630206584727,1364.7021653093395,2031.075461063164,True,True
19430,Female,some_college,98189.0,99533,-1344.0,2523.6043667738413,2671.5420666281398,True,True
19460,Female,some_college,17940.0,18099,-159.0,1172.4866736982558,1029.3263982630824,True,True
19500,Female,some_college,11466.344994020019,11822,-355.65500597998107,680.968428049348,744.6479321924733,True,True
19660,Female,some_college,97069.0,96942,127.0,2764.614439664236,2335.1791007308198,True,True
19740,Female,some_college,268052.2631721219,268926,-873.7368278781069,4418.517511564258,5036.100319050772,True,True
19780,Female,some_college,77667.81649405451,75705,1962.8164940545103,2241.4711686747164,2721.507821722038,True,True
19820,Female,some_college,505993.56903387513,505765,228.56903387513012,5969.240655225755,6661.257112238917,True,True
20020,Female,some_college,18891.0,19146,-255.0,789.4574086041628,779.4261884384885,True,True
20100,Female,some_college,21294.0,20953,341.0,1182.0156513346176,1451.590634403343,True,True
20220,Female,some_college,10274.001467806404,9810,464.0014678064035,637.2676046999408,489.3288669313041,True,True
20260,Female,some_college,36706.074062700834,35924,782.0740627008345,1107.876346890753,1189.2629965636768,True,True
20500,Female,some_college,47845.869756709384,47296,549.8697567093841,2039.8563674925742,1861.5612382328447,True,True
20580,Female,some_college,4887.014166627947,4163,724.0141666279469,628.9570732569911,392.4991381806768,False,True
20740,Female,some_college,20417.64214046747,20076,341.6421404674693,1016.120563712791,1251.8460289235804,True,True
20940,Female,some_college,16737.0,17053,-316.0,1054.4045713102728,876.7961877804044,True,True
21060,Female,some_college,15726.22955129088,15908,-181.7704487091196,988.4027519184677,1191.8399728560667,True,True
21140,Female,some_college,18428.0,17778,650.0,1128.1777342245325,1007.657368390913,True,True
21300,Female,some_college,9233.116373659039,9301,-67.8836263409612,692.769803037055,481.70417492774084,True,True
21340,Female,some_college,79511.06567482036,79862,-350.9343251796381,2559.481197430448,2955.4332817349973,True,True
21420,Female,some_college,6691.936802703471,5935,756.9368027034707,598.0986540697112,463.7260188142901,False,False
21500,Female,some_college,24623.0,23982,641.0,1068.0964375935348,1319.3484044117195,True,True
21660,Female,some_college,51361.0,50935,426.0,1719.1724753496958,1704.666401839008,True,True
21780,Female,some_college,30605.68751996444,31153,-547.3124800355617,1266.839768873712,1271.710217726923,True,True
21820,Female,some_college,9719.30186874158,9102,617.3018687415806,755.0112581942074,819.5805129270758,True,True
22020,Female,some_college,29103.014130721618,27721,1382.0141307216181,1352.034762866695,1470.9249324614204,False,True
22140,Female,some_college,16373.343193330376,16692,-318.6568066696236,961.5503106962215,923.5173563718125,True,True
22180,Female,some_college,49335.70132398399,49022,313.7013239839871,1360.2246138046467,1402.4265846336007,True,True
22220,Female,some_college,49148.55529185383,48691,457.55529185383057,1945.273759654409,2166.501381272707,True,True
22380,Female,some_college,13446.0,13404,42.0,834.867055284852,771.3429382025871,True,True
22420,Female,some_college,57345.252393410556,56670,675.2523934105557,1931.3679090219969,1826.9954812366016,True,True
22500,Female,some_college,23577.20003504363,24548,-970.7999649563717,1428.0045518134737,1312.7918773026422,True,True
22520,Female,some_college,16406.66659068469,17515,-1108.3334093153098,1105.132118798472,906.8372008879709,False,True
22540,Female,some_college,11750.467295319331,12147,-396.53270468066876,747.4891303557531,762.5583991815387,True,True
22660,Female,some_college,36069.0,34945,1124.0,1552.174603580409,1485.3585319464962,True,True
22900,Female,some_college,26050.609586139864,25941,109.6095861398644,1188.3442262240349,1198.9276847299354,True,True
23060,Female,some_college,49393.82561190645,49387,6.82561190645356,1625.2353675698791,1473.6241468739968,True,True
23420,Female,some_college,123019.0,123262,-243.0,2763.8512984601757,3062.1294124679403,True,True
23460,Female,some_college,12993.231747317195,13362,-368.7682526828048,837.7714485466785,834.5847947910762,True,True
23540,Female,some_college,32657.68594382317,32313,344.6859438231695,1518.7534362101046,1554.5190816273214,True,True
23580,Female,some_college,19509.0,20146,-637.0,1138.4063422170486,1046.557674869737,True,True
23900,Female,some_college,10287.365013997078,10173,114.36501399707777,708.947106630671,662.6344747294764,True,True
24020,Female,some_college,14781.0,14951,-170.0,792.3799593629309,813.0889885453806,True,True
24140,Female,some_college,15139.0,15516,-377.0,869.8655068457422,819.2703639908806,True,True
24220,Female,some_college,11672.302889673254,11443,229.30288967325396,684.7868281443504,524.1723330523465,True,True
24260,Female,some_college,8742.37397708802,8547,195.37397708802018,633.2819277383494,548.4798749804022,True,True
24300,Female,some_college,19997.948828852415,20519,-521.0511711475847,1086.9250204130917,1062.18616121777,True,True
24340,Female,some_college,121264.68164460405,120926,338.6816446040466,2838.7969282778927,3002.4944338179876,True,True
24420,Female,some_college,14329.911742176682,14154,175.9117421766823,970.4828695036301,723.5520731892348,True,True
24500,Female,some_college,9926.491189421702,10033,-106.50881057829793,599.8783209951831,611.9831903116126,True,True
24540,Female,some_college,35185.0,36354,-1169.0,1642.1163174391759,2036.4133639228924,True,True
24580,Female,some_college,36445.967763904555,36141,304.9677639045549,1277.6427513197889,2012.5021057069803,True,True
24660,Female,some_college,90275.19226397183,88951,1324.192263971825,2432.5840170485376,2772.0879034014483,True,True
24780,Female,some_college,18397.0,18680,-283.0,1122.8419301041442,1044.5978613640036,True,True
24860,Female,some_college,103240.20835815252,100848,2392.208358152522,2656.723546024313,2484.956012398287,True,True
25060,Female,some_college,53018.87757403869,53245,-226.12242596130818,1824.755326064292,1886.455664357218,True,True
25180,Female,some_college,32401.8842289604,33883,-1481.1157710396,1489.5885337904558,1084.298674225033,True,True
25220,Female,some_college,13560.167518927508,13445,115.16751892750835,1161.6694882796914,1034.4523403256367,True,True
25260,Female,some_college,15410.0,15051,359.0,940.4328790509188,942.7779017271248,True,True
25420,Female,some_college,54535.0,54608,-73.0,1943.4703496580544,2257.1705819712097,True,True
25500,Female,some_college,10863.0,10895,-32.0,791.9766410696719,853.5086106412459,True,True
25540,Female,some_college,108856.89642783797,107645,1211.8964278379717,2408.678060679758,2701.5912903945728,True,True
25620,Female,some_college,18359.492375707265,17577,782.4923757072647,1051.685314150578,1040.3771342432724,True,True
25740,Female,some_college,10926.061209681746,10510,416.0612096817458,733.5700375560605,541.9126791625398,True,True
25860,Female,some_college,47576.71797321113,48261,-684.2820267888674,1728.5167051550297,1679.3159127108038,True,True
25940,Female,some_college,26671.19270629569,26655,16.192706295689277,1511.7106204561771,1342.0644425345404,True,True
25980,Female,some_college,9827.997455629835,9955,-127.0025443701652,783.8194945266416,573.0767732263494,True,True
26140,Female,some_college,22277.0,22595,-318.0,1110.889283412168,1183.76559120461,True,True
26300,Female,some_college,13163.817461965253,14508,-1344.1825380347473,986.1830458895549,750.9193487750734,False,False
26380,Female,some_college,17779.64246081528,18169,-389.3575391847189,1200.122493748034,860.8486074307442,True,True
26420,Female,some_college,672553.3300632167,674553,-1999.6699367832625,8030.183372750587,8461.571463894887,True,True
26580,Female,some_college,41199.8222675694,42264,-1064.1777324306022,1612.3696846567166,1407.4782820128378,True,True
26620,Female,some_college,53366.054006132654,52931,435.05400613265374,1997.2183155579162,2085.543375633424,True,True
26820,Female,some_college,19073.702853074068,19366,-292.2971469259319,933.8800779543378,1105.1809967960942,True,True
26900,Female,some_college,199997.59219556453,199556,441.5921955645317,4068.7715590826674,3848.901716076534,True,True
26980,Female,some_college,15752.089689708038,15403,349.08968970803835,856.2528832068245,1328.726651200738,True,True
27060,Female,some_college,6798.0,6672,126.0,604.0504945780609,663.8050952576366,True,True
27100,Female,some_college,20116.0,19923,193.0,1060.753505768423,1067.984309158496,True,True
27140,Female,some_college,73997.77129907798,73288,709.7712990779837,2426.94087278615,1996.1755930124018,True,True
27180,Female,some_college,19683.93987979847,20223,-539.0601202015314,1124.8208746284895,1044.7290788373937,True,True
27260,Female,some_college,188645.84696427215,190082,-1436.1530357278534,4216.037357519499,4010.526866428922,True,True
27340,Female,some_college,23413.459559220668,22574,839.4595592206679,1400.1317795122,1262.6702660086917,True,True
27500,Female,some_college,21759.0,20365,1394.0,1059.1185013963263,1391.7513726210225,False,True
27620,Female,some_college,14531.363889487959,14267,264.36388948795866,835.9252358913445,788.7652309454086,True,True
27740,Female,some_college,22277.669510603326,22598,-320.33048939667424,1182.0338404631232,1276.5293182395062,True,True
27780,Female,some_college,12869.0,12856,13.0,659.450528849587,811.0327970194855,True,True
27860,Female,some_college,14373.0,13797,576.0,984.5267898843585,1085.449607111035,True,True
27900,Female,some_college,23541.90029731433,22818,723.9002973143288,1057.0771022021052,1193.8782865822175,True,True
27980,Female,some_college,20020.072934310636,20070,-49.9270656893641,1019.695052454409,926.8492519021754,True,True
28020,Female,some_college,27001.0,27705,-704.0,1250.1543904654336,1408.7021635356425,True,True
28100,Female,some_college,12861.167594089668,13072,-210.83240591033245,758.0738750280212,731.7908481916983,True,True
28140,Female,some_college,233290.0231617689,233290,0.023161768913269043,3854.4074771616974,4446.5308395628435,True,True
28420,Female,some_college,32543.460559242594,32369,174.46055924259417,1348.466165686036,1376.1187865915094,True,True
28450,Female,some_college,19489.0,20472,-983.0,974.4382997399066,1342.0185340090316,False,True
28660,Female,some_college,61831.5604294869,60856,975.5604294868972,2160.646662460107,1940.6116063819695,True,True
28700,Female,some_college,37541.790624194175,37742,-200.2093758058254,1450.8500956335909,1057.1181980370125,True,True
28740,Female,some_college,18145.151719788657,17559,586.1517197886569,1073.4304821459095,852.6022057390109,True,True
28880,Female,some_college,62850.4381309847,63595,-744.5618690152987,2000.4207057516676,1903.854822237811,True,True
28940,Female,some_college,99593.27546688475,99767,-173.7245331152517,2437.096838453491,2640.3671464090353,True,True
29020,Female,some_college,10080.607126387038,10943,-862.3928736129619,821.3361065970496,642.4770562115895,False,True
29100,Female,some_college,19452.467216506997,19951,-498.5327834930031,954.386190176702,1239.1779691317602,True,True
29180,Female,some_college,37751.01699693789,37717,34.016996937891236,1595.5669838649833,1786.3298196677777,True,True
29200,Female,some_college,16910.73836417323,17340,-429.26163582676963,992.261054360192,1052.4515754868164,True,True
29340,Female,some_college,24402.836108404525,24711,-308.16389159547543,1487.8151766936644,1260.893270677582,True,True
29420,Female,some_college,34529.0,34244,285.0,1507.4969320035116,1203.3869860320287,True,True
29460,Female,some_college,92235.0,93698,-1463.0,2414.143947655152,2590.295190122402,True,True
29540,Female,some_college,42942.0,42702,240.0,1599.3317354445262,2043.0604308448023,True,True
29620,Female,some_college,53666.0,54334,-668.0,1654.5664084587236,1910.310318206835,True,True
29700,Female,some_college,20284.0,20784,-500.0,1271.4912504614415,1244.9729076188767,True,True
29740,Female,some_college,18883.0,20019,-1136.0,1268.572820140807,1253.663770763517,True,True
29820,Female,some_college,262112.0,262506,-394.0,4582.385950572038,4659.985371589164,True,True
29940,Female,some_college,9164.0,8610,554.0,695.7018039361404,932.6798218674777,True,True
30020,Female,some_college,14244.0,13951,293.0,776.1050186669328,977.1723702934913,True,True
30140,Female,some_college,11667.0,11832,-165.0,765.8381029956657,842.2404016112324,True,True
30300,Female,some_college,8007.94462588645,8535,-527.05537411355,591.3332393836829,309.47206039087735,True,True
30340,Female,some_college,13072.0,13240,-168.0,890.8428593191956,1111.5084966353159,True,True
30460,Female,some_college,50596.10726057726,49880,716.107260577257,1680.120233792808,1743.876294804744,True,True
30500,Female,some_college,22744.0,23241,-497.0,1276.2205922175053,1200.338363608362,True,True
30620,Female,some_college,11382.0,11406,-24.0,736.1888344711566,612.1489058738078,True,True
30700,Female,some_college,33498.541049618725,33493,5.541049618725083,1300.100765325519,1571.0642807923618,True,True
30780,Female,some_college,82037.0,83254,-1217.0,2416.6294709781223,2448.155685592217,True,True
30860,Female,some_college,14645.901924671009,14305,340.9019246710086,790.2290807101444,637.9889777048467,True,True
30980,Female,some_college,37554.02342183136,37637,-82.97657816863648,1598.4911635664428,1347.2858456326242,True,True
31020,Female,some_college,16761.170213419162,16758,3.1702134191618825,1016.16386473836,837.5501211148478,True,True
31080,Female,some_college,1172315.0,1173922,-1607.0,8236.27300421738,8587.890779598256,True,True
31140,Female,some_college,150351.7195902776,149752,599.7195902775857,2617.933918188158,3281.9034607363747,True,True
31180,Female,some_college,33130.62895793059,32773,357.6289579305885,1513.053204616414,1399.7575304537897,True,True
31340,Female,some_college,28580.0,28286,294.0,1192.4789306314808,1259.1425207710802,True,True
31420,Female,some_college,26866.401170694746,27274,-407.5988293052542,1414.3825507973436,1409.6681468397107,True,True
31540,Female,some_college,61236.55998321581,60511,725.5599832158114,1885.3318010366238,2075.852306997242,True,True
31700,Female,some_college,43820.220336825594,42722,1098.2203368255941,1555.9312324135665,1818.5623388071906,True,True
31740,Female,some_college,11430.0,11271,159.0,800.0106249294442,843.013630046988,True,True
31860,Female,some_college,10993.0,11132,-139.0,642.6398680443036,873.0433601703297,True,True
31900,Female,some_college,12605.0,12795,-190.0,853.946719649417,924.2523664785772,True,True
32580,Female,some_college,62486.0,62436,50.0,2362.5903157339826,2096.9058322311475,True,True
32780,Female,some_college,29239.0,29090,149.0,1576.7124024374261,1504.4950479209792,True,True
32820,Female,some_college,145660.37809377362,147067,-1406.6219062263845,3889.000128567753,3547.0920439966385,True,True
32900,Female,some_college,25173.0,25935,-762.0,1386.0007215005337,1286.1646341910314,True,True
33100,Female,some_college,600587.9476078356,597455,3132.9476078356383,7591.49030164697,6592.00585149919,True,True
33140,Female,some_college,12354.0,12326,28.0,836.5130004967048,918.5436074841521,True,True
33220,Female,some_college,11201.452549324376,10166,1035.4525493243764,642.9253455884283,569.0683845144462,False,False
33260,Female,some_college,17227.291661095976,17946,-718.7083389040235,1406.115215762919,1234.8433836247068,True,True
33340,Female,some_college,156896.0,155204,1692.0,2994.6129966992394,4238.449792354364,True,True
33460,Female,some_college,373263.8577754267,371113,2150.8577754267026,4492.855884623944,6385.552894749998,True,True
33500,Female,some_college,8467.955471552761,8368,99.95547155276108,651.9363465860758,608.324911883807,True,True
33540,Female,some_college,13612.78105647491,13351,261.78105647491066,859.3986269479374,808.7965999605816,True,True
33660,Female,some_college,48013.0,47759,254.0,1776.9043305704447,1690.030081190495,True,True
33700,Female,some_college,59047.0,60083,-1036.0,1891.3008750592805,2135.204296987761,True,True
33740,Female,some_college,24144.84883138298,24962,-817.1511686170197,1409.6031356378292,1307.5513952012911,True,True
33780,Female,some_college,21178.0,20838,340.0,1046.6312626708607,1307.2950167918298,True,True
33860,Female,some_college,44380.086980507665,44154,226.08698050766543,1807.999170353792,1744.6193615825418,True,True
34060,Female,some_college,11373.963187000496,9262,2111.963187000496,688.2499545949858,690.3807937938069,False,False
34100,Female,some_college,14462.274745456689,15166,-703.7252545433112,1057.5911308251407,969.2814444010296,True,True
34580,Female,some_college,17935.0,18230,-295.0,873.5782735393549,902.6899091603939,True,True
34620,Female,some_college,11908.0,11772,136.0,829.8469738451782,755.3997799418861,True,True
34740,Female,some_college,24056.0,24300,-244.0,1029.4357677873836,988.5395474126212,True,True
34820,Female,some_college,53882.019100010744,54242,-359.9808999892557,2132.8987317732644,1740.2055220979078,True,True
34900,Female,some_college,14861.0,14855,6.0,1276.4094170758847,1382.7114993663718,True,True
34940,Female,some_college,43921.0,43777,144.0,1789.7276329095441,2003.1886776845934,True,True
34980,Female,some_college,196186.45936610262,194763,1423.4593661026156,4201.504254430786,4404.42792611804,True,True
35300,Female,some_college,48975.0,48678,297.0,1862.159230570791,2043.5611282483085,True,True
35380,Female,some_college,107685.0,107456,229.0,2712.6234534118444,3137.2633575651967,True,True
35620,Female,some_college,1486922.561869015,1488354,-1431.4381309850141,10962.240008319468,10752.404885224962,True,True
35660,Female,some_college,19057.0,19055,2.0,945.8472392516669,1100.669487707368,True,True
35840,Female,some_college,110023.0,109959,64.0,2861.0658852951988,2799.028600714228,True,True
35980,Female,some_college,28665.0,29226,-561.0,1320.8940154304585,1252.4301784386028,True,True
36100,Female,some_college,54649.0,54070,579.0,2023.2540621483995,1993.9918916785998,True,True
36220,Female,some_college,15652.0,15698,-46.0,1133.7645258165383,1016.6281667066136,True,True
36260,Female,some_college,73418.67271306743,75976,-2557.3272869325738,2187.170546619536,2430.301431770881,False,True
36420,Female,some_college,149005.789897965,152059,-3053.2101020349946,2915.3816216749397,4076.2561636431537,False,True
36500,Female,some_college,38275.0,38232,43.0,1603.3009698743401,1567.3808698960984,True,True
36540,Female,some_college,104464.00329796608,102320,2144.0032979660755,2074.4555912335168,2300.9397292364088,False,True
36740,Female,some_college,302164.0,301355,809.0,5344.7877413420265,5511.94941820428,True,True
36780,Female,some_college,18913.0,18475,438.0,974.7179079097706,1586.1176241987068,True,True
36980,Female,some_college,12926.237231507774,12933,-6.762768492226314,858.1241168968508,899.9065393199749,True,True
37100,Female,some_college,89783.0,90718,-935.0,2285.2146507494654,2476.518981403383,True,True
37140,Female,some_college,12455.636525540125,13892,-1436.3634744598749,843.409153376936,505.0641662275225,False,False
37340,Female,some_college,86166.0,84215,1951.0,2423.867364358042,2091.53909742951,True,True
37460,Female,some_college,27154.226196796553,26649,505.22619679655327,1333.1354019753583,1105.0286520116042,True,True
37620,Female,some_college,10344.67214455775,10677,-332.32785544225044,722.009002713955,588.6605017402544,True,True
37860,Female,some_college,66047.0,66003,44.0,2377.1819450769854,1927.0036525270264,True,True
37900,Female,some_college,44764.72504930148,43641,1123.7250493014799,1554.680996217552,1408.6294657969477,True,True
37980,Female,some_college,550823.9763987086,549702,1121.976398708648,7012.139830322838,7685.742320098546,True,True
38060,Female,some_college,569665.6173185065,568193,1472.617318506469,6314.591831623007,5876.967169508148,True,True
38240,Female,some_college,13994.153880278944,13411,583.1538802789437,915.2994045666151,889.4792338475324,True,True
38300,Female,some_college,243110.52432165932,242745,365.5243216593226,3561.6673061924243,3661.4602008189,True,True
38340,Female,some_college,13465.0,13548,-83.0,819.1544420925763,915.9229415376602,True,True
38540,Female,some_college,10422.138488414745,10927,-504.86151158525536,711.2341386632113,573.8657514515249,True,True
38860,Female,some_college,57100.0,57380,-280.0,2067.3313715996283,2383.113095378081,True,True
38900,Female,some_college,286143.07148344035,285137,1006.071483440348,4197.114484976553,4275.365547036285,True,True
38940,Female,some_college,70051.0,69681,370.0,2378.8640146086536,2611.273720218497,True,True
39150,Female,some_college,39029.0,38994,35.0,1624.58025348088,1148.6000909705258,True,True
39300,Female,some_college,162782.0,163056,-274.0,3338.5758940003147,3047.7888603896104,True,True
39340,Female,some_college,68818.95206698724,68510,308.9520669872436,1696.0227003197806,1568.5570079870097,True,True
39380,Female,some_college,20807.713079811878,21290,-482.28692018812217,1000.2974557600354,962.5058043955142,True,True
39460,Female,some_college,30772.0,30635,137.0,1580.2158080464833,1228.2223157357344,True,True
39540,Female,some_college,24187.0,24783,-596.0,1293.6757708174023,1734.01747148241,True,True
39580,Female,some_college,133995.7165022753,135849,-1853.2834977247112,3201.3512771953033,3466.6143940752736,True,True
39660,Female,some_college,17798.573313599314,18497,-698.4266864006859,1125.42480868337,998.0391088208492,True,True
39740,Female,some_college,39949.0,38588,1361.0,1508.690823197384,1778.9896593003289,True,True
39820,Female,some_college,29482.0,29276,206.0,1194.1666550360549,1343.322299661831,True,True
39900,Female,some_college,65451.603552775996,64799,652.6035527759959,2024.8222144178485,1770.6869971466992,True,True
40060,Female,some_college,136972.97353940996,137589,-616.0264605900447,3228.2781788439484,2987.268417825858,True,True
40140,Female,some_college,495346.0,494937,409.0,5832.595562869074,5324.655711943614,True,True
40220,Female,some_college,36835.97570069478,36166,669.9757006947766,1635.2837674238683,1462.9364229886842,True,True
40340,Female,some_college,24130.71130985215,24036,94.71130985215132,993.9144832428996,1509.4393498523136,True,True
40380,Female,some_college,111599.61686492615,112398,-798.3831350738474,2447.8694818147474,2483.403211362582,True,True
40420,Female,some_college,40708.0,40690,18.0,1494.9464873365869,1783.7310050446226,True,True
40580,Female,some_college,16685.0,17725,-1040.0,1086.9195002390932,944.3452719271961,True,True
40660,Female,some_college,11183.45287605324,10782,401.4528760532394,942.8658441156939,658.5967628658154,True,True
40900,Female,some_college,292195.0,289555,2640.0,4342.504576854238,4427.829070311574,True,True
40980,Female,some_college,26110.0,26122,-12.0,1095.7066213179512,1184.3473359819322,True,True
41060,Female,some_college,22516.6404599648,22803,-286.35954003519873,957.0109717239401,1239.6822120414854,True,True
41100,Female,some_college,27545.0,26666,879.0,1495.0040133725395,1361.3369915302933,True,True
41140,Female,some_college,12767.147179953432,13218,-450.852820046568,757.4991749170424,686.0092998446114,True,True
41180,Female,some_college,315585.66282603564,314492,1093.6628260356374,4685.6014555230795,4875.851297866607,True,True
41420,Female,some_college,55130.527757415526,54653,477.52775741552614,1728.4458336899077,1928.2016722682401,True,True
41500,Female,some_college,37399.00048425236,35083,2316.000484252363,1510.8408255008203,1512.495079920276,False,False
41540,Female,some_college,13646.30454604183,13060,586.3045460418307,972.1260206372423,800.8256744726522,True,True
41620,Female,some_college,130320.04718262186,131924,-1603.9528173781437,2779.217515776698,3193.5606463739864,True,True
41660,Female,some_college,13804.33129971412,14147,-342.6687002858798,1004.8711360169522,888.8467937551719,True,True
41700,Female,some_college,272451.83626965963,274386,-1934.1637303403695,5343.457588490808,4919.76849463393,True,True
41740,Female,some_college,322075.0,321176,899.0,4748.168594310863,5042.877158461973,True,True
41780,Female,some_college,13164.488103125912,13356,-191.51189687408805,769.0474627745676,584.848509696276,True,True
41860,Female,some_college,379509.0,380565,-1056.0,4726.649341764206,5026.24700031905,True,True
41940,Female,some_college,142185.99951574765,143787,-1601.0004842523485,2899.61480200388,2942.5118200660268,True,True
42020,Female,some_college,33862.0,33931,-69.0,1533.3936220031699,1446.2546340569666,True,True
42100,Female,some_college,26501.0,26760,-259.0,1239.8201482473173,1173.4502316150865,True,True
42140,Female,some_college,16384.666938937422,17142,-757.333061062578,1129.3688502876287,1044.9371216871107,True,True
42200,Female,some_college,41146.0,41250,-104.0,1588.2550173067295,1582.8099047753649,True,True
42220,Female,some_college,59185.0,58836,349.0,1868.130081123903,1809.7569382354222,True,True
42340,Female,some_college,47544.48083301394,46699,845.4808330139422,1879.7457274855021,1767.5988756853226,True,True
42540,Female,some_college,54207.76968512504,57480,-3272.2303148749634,1699.313096518708,1637.1686278682619,False,False
42660,Female,some_college,405095.0,405545,-450.0,5095.8854971437495,5323.290786380404,True,True
42680,Female,some_college,22571.0,22442,129.0,1106.7727860767086,1209.921431102553,True,True
42700,Female,some_college,12325.831025067584,14606,-2280.168974932416,977.900812966223,636.5404232075456,False,False
43100,Female,some_college,12980.0,13640,-660.0,914.4703385020205,1058.2739647469602,True,True
43300,Female,some_college,17324.810257276065,17560,-235.18974272393461,1047.9546745923699,854.4263907249357,True,True
43340,Female,some_college,46360.01574757148,46835,-474.98425242851954,1950.2566497771518,1580.265690289934,True,True
43420,Female,some_college,14758.259028445538,16353,-1594.7409715544618,924.5496200853689,775.247453915868,False,False
43580,Female,some_college,16285.507500817434,15341,944.5075008174335,785.3184067625054,802.0218645996853,False,True
43620,Female,some_college,30637.108589156083,31405,-767.8914108439167,1220.493342874102,1485.6328753589146,True,True
43640,Female,some_college,30256.0,30654,-398.0,1542.4882495500574,1753.840995125057,True,True
43780,Female,some_college,35244.339950724025,34787,457.3399507240247,1353.6550520719818,1324.126289425301,True,True
43900,Female,some_college,42865.9833048647,43557,-691.0166951353021,1688.949081529695,1657.404027858781,True,True
44060,Female,some_college,81706.34150447694,83227,-1520.6584955230646,2275.5775091171913,2204.978195409257,True,True
44100,Female,some_college,23090.619958201016,22883,207.61995820101583,1161.4663146213065,1000.6021315096439,True,True
44140,Female,some_college,48673.0,47692,981.0,1855.132879337758,2059.82122061661,True,True
44180,Female,some_college,55637.95100838414,55714,-76.04899161586218,1879.9731381059678,2048.767537380869,True,True
44220,Female,some_college,16901.0,16982,-81.0,886.2674539889186,884.244728845612,True,True
44300,Female,some_college,9310.0,9933,-623.0,748.071520644918,867.7405405160002,True,True
44420,Female,some_college,13130.94124127481,14006,-875.0587587251903,927.7639786066281,876.0477034956226,True,True
44700,Female,some_college,81570.0,82388,-818.0,2292.1642611296425,2100.75745675548,True,True
44940,Female,some_college,12740.650275666734,12951,-210.34972433326584,1066.6250512715328,828.0294524538671,True,True
45060,Female,some_college,69732.93831662666,69127,605.9383166266634,1745.7700306741435,1717.111798653404,True,True
45220,Female,some_college,36729.802298556606,35706,1023.8022985566058,1398.2063510083194,1342.2856428585264,True,True
45300,Female,some_college,370611.0,372787,-2176.0,5367.144678504577,4757.085166065455,True,True
45460,Female,some_college,18575.84450438723,18301,274.8445043872307,973.9255618372484,1030.853468066696,True,True
45500,Female,some_college,16554.06163677718,16525,29.061636777179956,885.0146891436323,732.3988593768372,True,True
45780,Female,some_college,69541.34873732527,70036,-494.65126267472806,2001.8806158210334,2206.806156524424,True,True
45820,Female,some_college,26741.65216464034,27441,-699.3478353596583,1160.3900206396124,1401.7623000165472,True,True
45900,Female,some_college,19068.14238616287,19144,-75.8576138371318,940.6917667333971,871.6710677062084,True,True
45940,Female,some_college,28534.0,27625,909.0,1445.2632978111635,1684.1730606584051,True,True
46060,Female,some_college,124902.38268149327,124602,300.38268149326905,2761.326854973891,2677.1504639579057,True,True
46140,Female,some_college,115976.08055523265,117535,-1558.9194447673508,2052.0648137912212,2450.220658505686,True,True
46220,Female,some_college,28468.81396962495,28301,167.8139696249491,1426.8500271577248,1409.3059926838273,True,True
46300,Female,some_college,14699.359622446838,14247,452.35962244683833,854.1206003838099,769.1346571306113,True,True
46340,Female,some_college,31748.0,31677,71.0,1634.4476131097013,1565.3553696505307,True,True
46520,Female,some_college,105333.0,104333,1000.0,2284.6551162046317,2663.592234130677,True,True
46540,Female,some_college,34804.800253321715,34665,139.800253321715,1301.796451062915,1197.3183188548167,True,True
46660,Female,some_college,15048.177681068591,14518,530.1776810685915,1043.9521061811217,958.2378785943322,True,True
46700,Female,some_college,56711.0,56566,145.0,2071.6558594515645,1639.3058886389233,True,True
47020,Female,some_college,11459.437536730613,11608,-148.56246326938708,892.4936974567383,718.8071646325701,True,True
47220,Female,some_college,14491.023601291296,13435,1056.0236012912956,1084.3717074877968,929.7947623310652,True,True
47260,Female,some_college,206848.27984682607,206439,409.2798468260735,3695.975513988154,3410.9707357656935,True,True
47300,Female,some_college,47085.0,46608,477.0,1722.0238093592086,1599.937646967453,True,True
47380,Female,some_college,33623.232435519494,33390,233.23243551949417,1601.1277275720386,1170.3507065000383,True,True
47460,Female,some_college,6417.539440757402,6985,-567.4605592425978,587.0451430682311,379.9266124684802,True,True
47580,Female,some_college,23443.609190550833,23718,-274.39080944916714,1480.472221961628,1203.8980501625713,True,True
47900,Female,some_college,462913.2329570492,460597,2316.2329570492147,5873.483293583119,6140.086444894021,True,True
47930,Female,some_college,47290.0,47573,-283.0,1945.594253692172,2012.05708964265,True,True
47940,Female,some_college,18587.02124210796,18616,-28.97875789204045,895.8091314560262,1148.666314925103,True,True
48060,Female,some_college,11963.859569091313,12323,-359.14043090868654,723.1189390411511,626.9075478116315,True,True
48140,Female,some_college,15662.0,15934,-272.0,741.956198168059,1011.5948866653588,True,True
48260,Female,some_college,12827.251091640628,13395,-567.7489083593719,698.4998210450738,463.8938514116979,True,True
48300,Female,some_college,15269.0,15145,124.0,932.8156302292538,935.2848547768749,True,True
48540,Female,some_college,15226.527105740117,15137,89.5271057401169,773.5256944665769,620.2981686772815,True,True
48620,Female,some_college,73487.8780515417,72360,1127.878051541702,2076.9980741445092,2221.1095185134463,True,True
48660,Female,some_college,16109.920728900903,16101,8.920728900902759,852.6980708316397,891.5474071151245,True,True
48680,Female,some_college,22020.0,21366,654.0,1211.1461513789325,1225.4647186516634,True,True
48700,Female,some_college,10536.020716791312,11316,-779.9792832086878,721.5407126420519,679.7687735252701,False,True
48900,Female,some_college,59642.0,58050,1592.0,1988.1453669186265,2020.1714162067412,True,True
49020,Female,some_college,15273.828777320845,15004,269.8287773208449,949.2360085879591,955.714498767422,True,True
49180,Female,some_college,80603.37526864061,81780,-1176.6247313593922,2473.022644457588,2193.1272830941434,True,True
49340,Female,some_college,84613.0,83419,1194.0,2348.206762616955,2735.513575928202,True,True
49420,Female,some_college,24579.0,23692,887.0,1285.4291112309538,1327.6613500494018,True,True
49620,Female,some_college,43549.0,44614,-1065.0,1762.0085130327832,1741.355695807149,True,True
49660,Female,some_college,45617.0,46228,-611.0,1654.094011838505,1891.3476474296044,True,True
49700,Female,some_college,24205.0,24110,95.0,1256.419117969796,1050.1517534379257,True,True
49740,Female,some_college,21779.74690187959,21670,109.74690187958913,1123.1446923704889,1017.5464132651086,True,True
10180,Female,bachelors,11160.055760306352,11097,63.05576030635166,837.0,883.6669259475984,True,True
10420,Female,bachelors,55583.0,55887,-304.0,1697.0,1834.156152481639,True,True
10500,Female,bachelors,6836.552302986277,6853,-16.447697013722973,684.0,706.9106769358796,True,True
10540,Female,bachelors,8231.175320397604,7208,1023.1753203976041,618.0,714.3372017511197,False,False
10580,Female,bachelors,70812.41617269746,70256,556.4161726974562,2069.0,2293.3976078302867,True,True
10740,Female,bachelors,70904.74989409886,70097,807.7498940988589,2230.0,2747.2714535153523,True,True
10780,Female,bachelors,7379.81627364194,7973,-593.1837263580601,617.0,559.3124936429663,True,True
10900,Female,bachelors,65263.0,66202,-939.0,1724.0,2331.999396545001,True,True
11020,Female,bachelors,7125.015579374755,7486,-360.98442062524464,548.0,503.3886144934975,True,True
11100,Female,bachelors,16631.709155466953,16829,-197.29084453304677,965.0,1131.2214647349376,True,True
11180,Female,bachelors,10031.0,10574,-543.0,586.0,870.8058861135472,True,True
11200,Female,bachelors,13412.657355474974,13112,300.6573554749739,857.0,820.3697771261886,True,True
11260,Female,bachelors,31302.895148173633,30981,321.89514817363306,1075.0,1879.79628428977,True,True
11460,Female,bachelors,34201.0,33816,385.0,1217.0,1552.6103551644082,True,True
11500,Female,bachelors,5687.0,5655,32.0,491.0,705.4632893168503,True,True
11540,Female,bachelors,19473.97241989118,20992,-1518.027580108821,765.0,1172.856251149229,False,False
11700,Female,bachelors,42566.96312171779,42415,151.96312171778845,1786.0,1961.347694731657,True,True
12020,Female,bachelors,14921.008852300904,15084,-162.99114769909647,843.0,932.4592111313461,True,True
12060,Female,bachelors,565382.3598694593,568383,-3000.6401305407053,6250.0,7420.4439011179065,True,True
12100,Female,bachelors,30759.0,30873,-114.0,1216.0,1313.120000664924,True,True
12220,Female,bachelors,13690.469803130944,14527,-836.5301968690565,801.0,961.9772269748678,False,True
12260,Female,bachelors,38680.47457654323,39651,-970.5254234567692,1391.0,2060.855409705447,True,True
12420,Female,bachelors,268375.6203063129,266878,1497.6203063129215,4082.0,4081.0653254552244,True,True
12540,Female,bachelors,38034.0,38012,22.0,1441.0,1979.2179662615486,True,True
12580,Female,bachelors,247147.00431131243,246998,149.00431131242658,3589.0,3980.956319855269,True,True
12620,Female,bachelors,10590.36822349461,11478,-887.63177650539,710.0,884.7571623961177,False,True
12700,Female,bachelors,26115.64321127065,25620,495.6432112706498,1184.0,1355.1713451842127,True,True
12940,Female,bachelors,58297.911492598694,57759,538.9114925986942,2210.0,2361.1252803091475,True,True
12980,Female,bachelors,8161.856166606462,7173,988.8561666064616,527.0,479.6516327051981,False,False
13020,Female,bachelors,6814.918480997908,6041,773.9184809979079,579.0,554.7029115122693,False,True
13140,Female,bachelors,19807.0,19552,255.0,1091.0,1183.1665215936428,True,True
13220,Female,bachelors,6198.0,5868,330.0,685.0,787.3097000124856,True,True
13380,Female,bachelors,19255.0,19272,-17.0,1020.0,1072.1368740102637,True,True
13460,Female,bachelors,25871.0,26162,-291.0,1227.0,1265.2572331432252,True,True
13740,Female,bachelors,15601.40830863412,16823,-1221.5916913658803,827.0,995.1769673481382,False,True
13780,Female,bachelors,13607.797305189724,13714,-106.20269481027572,744.0,782.83055037203,True,True
13820,Female,bachelors,92526.08400746698,90849,1677.0840074669832,2362.0,2199.6331015956575,True,True
13900,Female,bachelors,13570.895179880328,12959,611.8951798803282,857.0,1039.27655283494,True,True
13980,Female,bachelors,11648.0,11342,306.0,901.0,934.3743357174895,True,True
14010,Female,bachelors,16996.0,16937,59.0,701.0,1079.2334012442582,True,True
14020,Female,bachelors,10339.940294308268,10850,-510.05970569173223,611.0,818.1917562283267,True,True
14260,Female,bachelors,69651.59565737259,69921,-269.40434262741474,2229.0,2469.461046216463,True,True
14460,Female,bachelors,499532.25877400493,499472,60.25877400493482,5151.0,5745.1846150504725,True,True
14500,Female,bachelors,37646.99992103476,37935,-288.0000789652404,1017.0,1255.2210444760094,True,True
14540,Female,bachelors,9885.723460453924,9849,36.72346045392442,770.0,902.730663579825,True,True
14580,Female,bachelors,13887.0,13405,482.0,790.0,959.8971793426629,True,True
14740,Female,bachelors,25109.0,25216,-107.0,986.0,1135.7260962854336,True,True
14860,Female,bachelors,96346.0,96481,-135.0,2327.0,2559.9650461519977,True,True
15180,Female,bachelors,20366.0,20708,-342.0,1183.0,1196.004543931063,True,True
15260,Female,bachelors,7099.64170663656,7988,-888.3582933634398,715.0,618.7548855009104,False,True
15380,Female,bachelors,83962.0,83163,799.0,2066.0,2573.9910092660584,True,True
15500,Female,bachelors,13094.0,13004,90.0,881.0,941.5428058159386,True,True
15540,Female,bachelors,23942.929302231896,23109,833.9293022318961,1092.0,1145.4882159815995,True,True
15940,Female,bachelors,23902.0,24161,-259.0,1108.0,1276.2591263718743,True,True
15980,Female,bachelors,60122.0,61007,-885.0,2206.0,2606.4050647613753,True,True
16020,Female,bachelors,6428.998791729962,6834,-405.00120827003775,565.0,533.738529828716,True,True
16180,Female,bachelors,3557.236925598372,3218,339.2369255983722,262.0,299.4655742876827,False,True
16220,Female,bachelors,5105.781110323109,5130,-24.218889676891195,505.0,431.69201864152365,True,True
16300,Female,bachelors,22778.393784007796,22388,390.39378400779606,1085.0,1491.7551450754106,True,True
16540,Female,bachelors,9139.631401368208,8120,1019.6314013682077,673.0,724.3171486482837,False,False
16580,Female,bachelors,13876.948368494046,15467,-1590.051631505954,874.0,839.8666657514515,False,False
16620,Female,bachelors,13278.98558975926,13683,-404.0144102407394,826.0,946.0740708734714,True,True
16700,Female,bachelors,78041.0,78875,-834.0,2514.0,2756.578950625893,True,True
16740,Female,bachelors,249839.3941000079,252331,-2491.605899992108,3992.0,4130.483166621512,True,True
16820,Female,bachelors,22237.079699907896,22929,-691.9203000921043,978.0,1091.3943366752403,True,True
16860,Female,bachelors,40694.77656810393,41817,-1122.223431896069,1653.0,1718.1984049184825,True,True
16940,Female,bachelors,7609.0,7462,147.0,677.0,684.6400279325626,True,True
16980,Female,bachelors,832727.791848294,829090,3637.7918482939713,6782.0,8823.811943869483,True,True
17020,Female,bachelors,14096.0,14038,58.0,864.0,844.0067629016665,True,True
17140,Female,bachelors,174793.15782361428,176411,-1617.8421763857186,2949.0,3371.6923051433846,True,True
17300,Female,bachelors,19313.21183475441,19003,310.2118347544092,1066.0,1183.4566815314909,True,True
17410,Female,bachelors,167199.0,166649,550.0,2977.0,3257.340240066848,True,True
17420,Female,bachelors,6628.0,6448,180.0,579.0,677.1603088218845,True,True
17660,Female,bachelors,13859.855853338526,13484,375.8558533385258,827.0,893.3956043728605,True,True
17780,Female,bachelors,17994.970290507925,18196,-201.0297094920752,1119.0,932.1944716987017,True,True
17820,Female,bachelors,66903.0,66310,593.0,1885.0,2434.0161495024536,True,True
17860,Female,bachelors,18712.29326984664,19921,-1208.7067301533607,1003.0,1137.4423425494876,False,True
17900,Female,bachelors,63420.196423522866,64233,-812.8035764771339,2284.0,2358.289295353763,True,True
17980,Female,bachelors,20357.018378217632,20343,14.018378217631835,1368.0,1090.4149295443224,True,True
18020,Female,bachelors,4880.809389591791,5684,-803.1906104082091,483.0,481.087193363138,False,False
18140,Female,bachelors,187087.61020469695,187159,-71.38979530305369,3302.0,3389.536867004074,True,True
18580,Female,bachelors,23583.849270934796,24210,-626.1507290652044,1324.0,1302.9065935046137,True,True
18700,Female,bachelors,7792.824679602397,9020,-1227.1753203976032,592.0,630.7979147692388,False,False
18880,Female,bachelors,21383.767274166334,22751,-1367.2327258336663,1285.0,1048.8768019536733,False,True
19100,Female,bachelors,678801.6666602045,681995,-3193.3333397954702,6622.0,7402.845075675751,True,True
19140,Female,bachelors,6404.6274184468175,5712,692.6274184468175,749.0,647.9380419037288,True,True
19300,Female,bachelors,17579.0,19149,-1570.0,1157.0,1475.4893042178417,False,True
19340,Female,bachelors,25531.73188665192,25107,424.7318866519199,1040.0,1575.7693271208652,True,True
19430,Female,bachelors,55749.0,55891,-142.0,1715.0,1826.1379797382506,True,True
19460,Female,bachelors,8472.0,8099,373.0,658.0,750.4516322838535,True,True
19500,Female,bachelors,5763.340355701186,6097,-333.6596442988139,591.0,497.7005011507623,True,True
19660,Female,bachelors,52637.0,53779,-1142.0,1888.0,2388.6926844277714,True,True
19740,Female,bachelors,326393.0522540694,328671,-2277.947745930578,3821.0,3478.422915973355,True,True
19780,Female,bachelors,67262.94477327577,67542,-279.05522672423103,1665.0,2574.4981512317263,True,True
19820,Female,bachelors,338447.2173998697,338530,-82.78260013030376,4283.0,5518.753622487981,True,True
20020,Female,bachelors,7670.0,7761,-91.0,499.0,482.5553596298564,True,True
20100,Female,bachelors,12064.0,12234,-170.0,1027.0,1030.6722525007647,True,True
20220,Female,bachelors,6799.477421148427,7712,-912.5225788515727,482.0,491.43876181394046,False,False
20260,Female,bachelors,19616.877979908073,21493,-1876.122020091927,747.0,855.4476505718158,False,False
20500,Female,bachelors,62282.03312410647,63255,-972.9668758935295,1940.0,1913.651929452032,True,True
20580,Female,bachelors,1945.9681491750684,1761,184.96814917506845,346.0,247.50086953615016,True,True
20740,Female,bachelors,13170.30339257706,12930,240.30339257705964,736.0,1147.0238306826172,True,True
20940,Female,bachelors,7380.0,7083,297.0,691.0,818.1882571534195,True,True
21060,Female,bachelors,6181.503788276979,6495,-313.4962117230207,691.0,683.7517215932222,True,True
21140,Female,bachelors,8935.0,8746,189.0,688.0,779.2140315527885,True,True
21300,Female,bachelors,4427.540325732574,4336,91.54032573257427,350.0,286.7434662236589,True,True
21340,Female,bachelors,52535.37320612848,52534,1.3732061284827068,2028.0,1806.074105374855,True,True
21420,Female,bachelors,3625.9714680452107,3701,-75.02853195478929,426.0,377.9394177858447,True,True
21500,Female,bachelors,17932.0,18240,-308.0,963.0,1153.6409746515594,True,True
21660,Female,bachelors,28850.0,28615,235.0,1053.0,1293.1613269701695,True,True
21780,Female,bachelors,17770.25453162694,18850,-1079.7454683730612,866.0,994.1543368783155,False,True
21820,Female,bachelors,7576.189667878741,6905,671.1896678787407,731.0,677.4555636039407,True,True
22020,Female,bachelors,22249.592227928224,23734,-1484.407772071776,919.0,1406.906987170127,False,True
22140,Female,bachelors,5469.133483513867,5392,77.13348351386685,538.0,600.4662309962264,True,True
22180,Female,bachelors,22961.177952010956,23751,-789.8220479890442,946.0,1050.9166730595896,True,True
22220,Female,bachelors,41111.14448981629,42631,-1519.8555101837119,1468.0,1710.6888093058749,False,True
22380,Female,bachelors,10217.0,10697,-480.0,759.0,830.1105851617,True,True
22420,Female,bachelors,22191.85636062482,23329,-1137.1436393751792,1325.0,1385.2389583215672,True,True
22500,Female,bachelors,10127.25351445493,10739,-611.7464855450708,871.0,948.116773027656,True,True
22520,Female,bachelors,9191.65502563922,9719,-527.3449743607798,656.0,860.8203732861381,True,True
22540,Female,bachelors,7239.027580108825,6182,1057.0275801088246,432.0,640.8705743705375,False,False
22660,Female,bachelors,38583.0,38758,-175.0,1390.0,1449.2334233362824,True,True
22900,Female,bachelors,11959.296441010345,11474,485.296441010345,734.0,880.0671769749798,True,True
23060,Female,bachelors,31487.089007835973,31407,80.08900783597346,995.0,1628.3538086846422,True,True
23420,Female,bachelors,60286.0,61258,-972.0,1839.0,2292.1534420782677,True,True
23460,Female,bachelors,3964.7504203354833,4568,-603.2495796645167,549.0,462.74391805177356,False,True
23540,Female,bachelors,24701.34030419169,24911,-209.65969580831006,1524.0,1279.5102257342505,True,True
23580,Female,bachelors,11903.0,12055,-152.0,712.0,887.6430517506743,True,True
23900,Female,bachelors,6190.3685986317905,5976,214.36859863179052,532.0,639.4540019375219,True,True
24020,Female,bachelors,8716.0,8229,487.0,559.0,609.616115333043,True,True
24140,Female,bachelors,6660.0,6472,188.0,624.0,697.2316538999072,True,True
24220,Female,bachelors,7989.150085828354,7695,294.15008582835435,612.0,484.15498996642225,True,True
24260,Female,bachelors,4244.311548661258,3559,685.3115486612578,337.0,416.3987493536739,False,False
24300,Female,bachelors,14219.282109561576,13666,553.2821095615764,928.0,981.8518220376691,True,True
24340,Female,bachelors,92334.64096834141,94138,-1803.3590316585905,2122.0,2558.156210331207,True,True
24420,Female,bachelors,4710.294440801081,4384,326.2944408010808,530.0,435.8528781956038,True,True
24500,Female,bachelors,6838.54917441639,5079,1759.54917441639,447.0,597.3928920549127,False,False
24540,Female,bachelors,25709.0,25475,234.0,982.0,1471.4876707646924,True,True
24580,Female,bachelors,25031.160934374046,25742,-710.8390656259544,961.0,1591.5168051319777,True,True
24660,Female,bachelors,57402.08543287517,58643,-1240.9145671248334,1887.0,2226.6260304465427,True,True
24780,Female,bachelors,11620.0,12202,-582.0,819.0,953.1613919799994,True,True
24860,Female,bachelors,73392.11641144264,73915,-522.8835885573644,2160.0,2174.6446413511885,True,True
25060,Female,bachelors,25250.854765658554,25962,-711.1452343414458,1334.0,1471.4715851557935,True,True
25180,Female,bachelors,17385.58308164711,17051,334.5830816471098,1052.0,1001.0923783429405,True,True
25220,Female,bachelors,7327.053294388335,8110,-782.9467056116646,810.0,689.3336029713274,True,True
25260,Female,bachelors,4393.0,4664,-271.0,481.0,537.1354496609771,True,True
25420,Female,bachelors,48081.0,47174,907.0,1813.0,2158.1597232593213,True,True
25500,Female,bachelors,7945.0,8225,-280.0,652.0,631.0801898352538,True,True
25540,Female,bachelors,100158.02688590893,99800,358.0268859089265,2318.0,2220.088884968804,True,True
25620,Female,bachelors,9472.246643842955,10218,-745.7533561570453,794.0,949.2550112210847,True,True
25740,Female,bachelors,7625.02621750433,9279,-1653.97378249567,633.0,531.8166446732371,False,False
25860,Female,bachelors,21296.09342005813,21730,-433.9065799418713,1207.0,1414.5775912025867,True,True
25940,Female,bachelors,21065.32560531114,22519,-1453.67439468886,972.0,1079.6312925174177,False,False
25980,Female,bachelors,4818.862270957477,3679,1139.8622709574774,514.0,532.0327574874493,False,False
26140,Female,bachelors,9250.0,9333,-83.0,773.0,797.1078307591139,True,True
26300,Female,bachelors,5454.225888799843,6442,-987.7741112001568,592.0,468.78986137178106,False,False
26380,Female,bachelors,10405.958192376736,10924,-518.0418076232636,718.0,820.0529756506163,True,True
26420,Female,bachelors,569907.9179261927,567473,2434.9179261927493,6934.0,7700.861115133281,True,True
26580,Female,bachelors,18190.645785124434,19445,-1254.354214875566,928.0,1026.9942279994505,False,True
26620,Female,bachelors,44952.49543072991,46724,-1771.5045692700878,1460.0,1691.722920143806,False,True
26820,Female,bachelors,11627.875548730777,12011,-383.12445126922285,713.0,843.6969048376939,True,True
26900,Female,bachelors,182347.40672651795,182176,171.4067265179474,3545.0,3711.430426632203,True,True
26980,Female,bachelors,16171.887745316464,16355,-183.11225468353587,818.0,1019.2097320857318,True,True
27060,Female,bachelors,7540.0,7886,-346.0,527.0,609.3295169661897,True,True
27100,Female,bachelors,9155.0,9406,-251.0,693.0,768.0330421554141,True,True
27140,Female,bachelors,45750.842891856366,46057,-306.1571081436341,1593.0,1484.9471424982119,True,True
27180,Female,bachelors,10097.271632785682,10036,61.271632785681504,851.0,761.1107723901141,True,True
27260,Female,bachelors,145101.01510490925,147446,-2344.984895090747,3514.0,3794.129703916017,True,True
27340,Female,bachelors,10464.975809164625,10809,-344.0241908353746,803.0,1021.5293773629346,True,True
27500,Female,bachelors,11708.0,11234,474.0,763.0,1129.2545792977774,True,True
27620,Female,bachelors,11842.899566739714,11107,735.8995667397139,644.0,728.5489623545769,False,True
27740,Female,bachelors,14240.265685248074,14207,33.26568524807408,920.0,944.3283146502848,True,True
27780,Female,bachelors,7310.0,7470,-160.0,440.0,567.584836700647,True,True
27860,Female,bachelors,7532.0,7877,-345.0,658.0,835.4109461546456,True,True
27900,Female,bachelors,11587.442588464726,12001,-413.5574115352738,837.0,938.6177458401711,True,True
27980,Female,bachelors,13860.978783180944,13718,142.97878318094445,669.0,826.6487430849251,True,True
28020,Female,bachelors,22255.0,21235,1020.0,1045.0,1410.687683177074,True,True
28100,Female,bachelors,5236.559650139242,5224,12.559650139241967,448.0,577.8353461406197,True,True
28140,Female,bachelors,190485.07425203273,189539,946.074252032733,3094.0,3907.3166378197398,True,True
28420,Female,bachelors,18413.044594253595,17867,546.0445942535953,989.0,1135.128217572117,True,True
28450,Female,bachelors,13018.0,12694,324.0,719.0,1233.7358529188896,True,True
28660,Female,bachelors,30139.220956853424,28350,1789.2209568534236,1583.0,1427.3741858140193,False,True
28700,Female,bachelors,18009.610639243005,18936,-926.3893607569953,1044.0,895.1716732626105,True,True
28740,Female,bachelors,13812.074359052049,14505,-692.9256409479513,924.0,784.3292526067693,True,True
28880,Female,bachelors,50323.42792925485,49612,711.4279292548526,1719.0,2135.692915765104,True,True
28940,Female,bachelors,67889.6541686061,68250,-360.3458313939045,1895.0,2004.276378312798,True,True
29020,Female,bachelors,4215.418741763797,4292,-76.58125823620321,384.0,404.542386939429,True,True
29100,Female,bachelors,13905.649726689117,13743,162.6497266891165,616.0,1189.8983541644675,True,True
29180,Female,bachelors,28625.374092722202,28654,-28.625907277797523,1681.0,1723.8879026451964,True,True
29200,Female,bachelors,14335.51493112422,14260,75.51493112422031,740.0,846.4577642770182,True,True
29340,Female,bachelors,13378.89715553382,14245,-866.1028444661806,1040.0,1045.0023330737088,True,True
29420,Female,bachelors,8931.0,8808,123.0,584.0,853.3149521044385,True,True
29460,Female,bachelors,46541.0,45998,543.0,1565.0,1991.8975155002956,True,True
29540,Female,bachelors,41455.0,41419,36.0,1316.0,1740.5450309148855,True,True
29620,Female,bachelors,36121.0,35700,421.0,1171.0,1594.0137427520817,True,True
29700,Female,bachelors,12760.0,12660,100.0,1001.0,1101.6064635493703,True,True
29740,Female,bachelors,14045.0,13588,457.0,1074.0,995.2130362917279,True,True
29820,Female,bachelors,153464.0,153302,162.0,3266.0,3673.4244871635105,True,True
29940,Female,bachelors,10513.0,11041,-528.0,745.0,1016.6259707483376,True,True
30020,Female,bachelors,6903.0,7220,-317.0,512.0,751.348145094037,True,True
30140,Female,bachelors,7690.0,7994,-304.0,622.0,902.6073927371468,True,True
30300,Female,bachelors,4090.2360173365337,4321,-230.76398266346632,491.0,295.6499441313428,True,True
30340,Female,bachelors,7293.0,7039,254.0,599.0,827.8324189728861,True,True
30460,Female,bachelors,41278.86554884396,43097,-1818.1344511560383,1507.0,1586.147112805058,False,True
30500,Female,bachelors,14764.0,14348,416.0,900.0,938.8519554953806,True,True
30620,Female,bachelors,4367.0,4509,-142.0,458.0,494.30210814844804,True,True
30700,Female,bachelors,28974.22736472825,30100,-1125.772635271751,1135.0,1401.5964463834573,True,True
30780,Female,bachelors,58217.0,58743,-526.0,2016.0,2400.9923767481023,True,True
30860,Female,bachelors,13096.21180345664,11380,1716.2118034566392,633.0,594.4255814267957,False,False
30980,Female,bachelors,14927.433374530086,15185,-257.56662546991356,959.0,960.7673874988527,True,True
31020,Female,bachelors,5872.909266712026,4810,1062.9092667120258,513.0,586.5023005059471,False,False
31080,Female,bachelors,1141906.0,1141524,382.0,7010.0,8367.248249981292,True,True
31140,Female,bachelors,97810.35992338885,98551,-740.6400766111474,2410.0,2667.758583186751,True,True
31180,Female,bachelors,22215.53566556335,22856,-640.4643344366486,1172.0,1174.6795079268743,True,True
31340,Female,bachelors,19319.0,19273,46.0,899.0,997.6326245429728,True,True
31420,Female,bachelors,11715.258874364157,11851,-135.74112563584276,852.0,819.4336557149028,True,True
31540,Female,bachelors,75575.36967514222,74043,1532.3696751422249,1607.0,2735.566155077301,True,True
31700,Female,bachelors,37378.88871494847,37963,-584.1112850515274,1471.0,1561.4159772672963,True,True
31740,Female,bachelors,8517.0,8902,-385.0,670.0,779.8393119579187,True,True
31860,Female,bachelors,8288.0,8139,149.0,520.0,806.8462567087983,True,True
31900,Female,bachelors,5622.0,5567,55.0,520.0,616.2849304522219,True,True
32580,Female,bachelors,40168.0,39425,743.0,1718.0,1646.1971655003085,True,True
32780,Female,bachelors,17466.0,17239,227.0,973.0,1208.8841313629898,True,True
32820,Female,bachelors,93542.19886007492,93413,129.19886007491732,2499.0,2894.970453622499,True,True
32900,Female,bachelors,9682.0,9704,-22.0,747.0,955.9518767065371,True,True
33100,Female,bachelors,537647.8340682271,538512,-864.1659317729063,6784.0,6410.5763482087295,True,True
33140,Female,bachelors,6013.0,6227,-214.0,534.0,599.7192633224315,True,True
33220,Female,bachelors,5549.081519002098,6897,-1347.9184809979024,409.0,452.74695239837513,False,False
33260,Female,bachelors,12593.307686520342,12869,-275.69231347965797,1074.0,1118.9099249305382,True,True
33340,Female,bachelors,144487.0,146228,-1741.0,2573.0,3250.1184445160993,True,True
33460,Female,bachelors,385167.7081168837,385946,-778.291883116297,4098.0,6386.2696042586595,True,True
33500,Female,bachelors,6109.369732445813,5961,148.3697324458126,525.0,467.48747779472075,True,True
33540,Female,bachelors,11771.203196737404,12575,-803.7968032625959,721.0,982.4585104381749,False,True
33660,Female,bachelors,25750.0,25759,-9.0,1232.0,1561.2076141195955,True,True
33700,Female,bachelors,26384.0,26185,199.0,1324.0,1699.3523194554891,True,True
33740,Female,bachelors,12461.86323665862,12542,-80.13676334137926,804.0,1017.3544956198496,True,True
33780,Female,bachelors,8641.0,8780,-139.0,673.0,973.752535979368,True,True
33860,Female,bachelors,25595.836315897144,26013,-417.16368410285577,1261.0,1456.8740861361684,True,True
34060,Female,bachelors,9054.211307695796,8808,246.21130769579577,686.0,674.5890645281185,True,True
34100,Female,bachelors,5619.317754684872,5801,-181.68224531512806,647.0,687.8894263350824,True,True
34580,Female,bachelors,9916.0,9430,486.0,478.0,640.4923210878487,False,True
34620,Female,bachelors,5990.0,5901,89.0,553.0,586.6668277118624,True,True
34740,Female,bachelors,9934.0,9881,53.0,738.0,842.9359458671817,True,True
34820,Female,bachelors,25500.178568206706,24941,559.1785682067057,1447.0,1574.5988689917879,True,True
34900,Female,bachelors,13864.0,13619,245.0,786.0,1440.657105989746,True,True
34940,Female,bachelors,36419.0,37324,-905.0,1747.0,1678.3902432096208,True,True
34980,Female,bachelors,191095.42926078118,192408,-1312.5707392188197,3804.0,4186.766771818558,True,True
35300,Female,bachelors,44722.0,44727,-5.0,1412.0,2028.6363164925594,True,True
35380,Female,bachelors,73565.0,75225,-1660.0,2369.0,2337.3089751531033,True,True
35620,Female,bachelors,1836836.572070745,1834191,2645.5720707450528,10623.0,12205.445558726014,True,True
35660,Female,bachelors,11152.0,10619,533.0,605.0,838.8458101969635,True,True
35840,Female,bachelors,82206.0,82007,199.0,2199.0,2361.0346095247633,True,True
35980,Female,bachelors,20018.0,20074,-56.0,978.0,1112.4837762552988,True,True
36100,Female,bachelors,24474.0,23492,982.0,1491.0,1698.1896789360721,True,True
36220,Female,bachelors,6519.0,6606,-87.0,709.0,846.0180784873927,True,True
36260,Female,bachelors,46692.67464644349,46581,111.67464644349093,1641.0,1899.8566270913668,True,True
36420,Female,bachelors,105664.55059235674,109150,-3485.44940764326,2192.0,2771.410102567038,False,True
36500,Female,bachelors,27220.0,26742,478.0,1102.0,1387.6537881528664,True,True
36540,Female,bachelors,82557.62397730905,83129,-571.3760226909508,1912.0,2599.488751885462,True,True
36740,Female,bachelors,246635.0,248725,-2090.0,5096.0,5475.392977382195,True,True
36780,Female,bachelors,13340.0,13136,204.0,638.0,1081.2820372837516,True,True
36980,Female,bachelors,6236.673924338263,6315,-78.32607566173738,557.0,751.435826738307,True,True
37100,Female,bachelors,66956.0,67088,-132.0,1765.0,1903.1087043647165,True,True
37140,Female,bachelors,5508.763644174057,6273,-764.2363558259431,554.0,381.0293537848333,False,False
37340,Female,bachelors,49573.0,49871,-298.0,1770.0,2006.9331693980248,True,True
37460,Female,bachelors,14674.504238127269,14387,287.50423812726876,1019.0,1034.022298646653,True,True
37620,Female,bachelors,4601.469371936845,5130,-528.5306280631548,390.0,477.20044319596195,False,True
37860,Female,bachelors,37364.0,37332,32.0,1377.0,1677.2177507564425,True,True
37900,Female,bachelors,27202.997038436417,28009,-806.0029615635831,981.0,1169.2715374080788,True,True
37980,Female,bachelors,555759.188149532,556243,-483.81185046804603,5421.0,6389.160817650378,True,True
38060,Female,bachelors,379477.23532405385,382257,-2779.7646759461495,5226.0,5507.353011233964,True,True
38240,Female,bachelors,8439.862673695106,9647,-1207.1373263048936,555.0,562.3256608497867,False,False
38300,Female,bachelors,203822.52166701184,206924,-3101.478332988161,3171.0,3780.6833032838417,True,True
38340,Female,bachelors,11006.0,10713,293.0,637.0,909.8021949825138,True,True
38540,Female,bachelors,5473.760771873114,5985,-511.2392281268858,478.0,410.8293818492253,False,True
38860,Female,bachelors,62857.0,63069,-212.0,1788.0,2505.563458805474,True,True
38900,Female,bachelors,244486.38616019255,243197,1289.3861601925455,3388.0,4302.493973689695,True,True
38940,Female,bachelors,39914.0,40447,-533.0,1764.0,2079.6395198480313,True,True
39150,Female,bachelors,17865.0,18038,-173.0,1303.0,1306.0984048445584,True,True
39300,Female,bachelors,133907.0,134440,-533.0,2657.0,2863.618508888492,True,True
39340,Female,bachelors,57165.34373370482,57488,-322.65626629517647,1306.0,1620.4540693630163,True,True
39380,Female,bachelors,10723.147291673717,10553,170.1472916737166,700.0,763.2683489925981,True,True
39460,Female,bachelors,14115.0,13590,525.0,942.0,1020.0445242359522,True,True
39540,Female,bachelors,14890.0,15065,-175.0,920.0,1345.5166862510478,True,True
39580,Female,bachelors,162046.36217674572,162989,-942.6378232542775,2663.0,3763.372183563658,True,True
39660,Female,bachelors,12248.921674248159,13162,-913.0783257518415,761.0,1015.0832243666279,False,True
39740,Female,bachelors,27126.0,27614,-488.0,1287.0,1413.3132643786903,True,True
39820,Female,bachelors,11731.0,11521,210.0,723.0,937.1483572579369,True,True
39900,Female,bachelors,40855.23079138479,39722,1133.2307913847908,1512.0,1633.8498417100282,True,True
40060,Female,bachelors,123453.75786771905,124316,-862.2421322809532,2319.0,2605.9861237873915,True,True
40140,Female,bachelors,250649.0,253183,-2534.0,4398.0,4695.488602236859,True,True
40220,Female,bachelors,22752.535561496727,24015,-1262.4644385032734,999.0,1183.4516497564996,False,True
40340,Female,bachelors,21099.896068011993,21346,-246.1039319880074,830.0,1235.0541818875713,True,True
40380,Female,bachelors,78508.4209480671,79278,-769.5790519329021,1975.0,2253.2258060871836,True,True
40420,Female,bachelors,19230.0,19107,123.0,1024.0,1236.3938077868838,True,True
40580,Female,bachelors,8777.0,8455,322.0,675.0,854.9325499206063,True,True
40660,Female,bachelors,5187.730458165665,5481,-293.26954183433463,596.0,546.1233450162451,True,True
40900,Female,bachelors,206126.0,205617,509.0,3210.0,3561.963687262442,True,True
40980,Female,bachelors,11298.0,10854,444.0,690.0,958.8747895769552,True,True
41060,Female,bachelors,13828.31292479614,13325,503.3129247961406,680.0,1084.8390754484337,True,True
41100,Female,bachelors,14354.0,15135,-781.0,1031.0,1004.1171493275822,True,True
41140,Female,bachelors,7811.227830309166,7236,575.2278303091662,519.0,611.9776662506978,False,True
41180,Female,bachelors,231755.96821581761,234027,-2271.0317841823853,3749.0,3822.5401042683816,True,True
41420,Female,bachelors,27370.46582441592,27266,104.46582441592182,1018.0,1316.437928814379,True,True
41500,Female,bachelors,26592.47493530137,25313,1279.4749353013685,1069.0,1105.9110358815778,False,True
41540,Female,bachelors,8475.075798040776,7095,1380.0757980407761,629.0,788.8010743860654,False,False
41620,Female,bachelors,104286.52694257046,103261,1025.526942570461,2189.0,2418.660076700941,True,True
41660,Female,bachelors,7457.189612836646,7324,133.18961283664612,696.0,797.4183334452293,True,True
41700,Female,bachelors,186189.08728736863,187911,-1721.9127126313688,3945.0,3929.4666388363507,True,True
41740,Female,bachelors,300814.0,300660,154.0,4290.0,5387.036784917916,True,True
41780,Female,bachelors,6782.385419440582,8758,-1975.6145805594178,654.0,460.4661457056927,False,False
41860,Female,bachelors,533460.0,531102,2358.0,4590.0,5929.777730220375,True,True
41940,Female,bachelors,195136.52506469865,196371,-1234.4749353013467,2790.0,3329.3713884796753,True,True
42020,Female,bachelors,24127.0,23505,622.0,1176.0,1296.285989904427,True,True
42100,Female,bachelors,23563.0,23650,-87.0,977.0,1023.3646671653757,True,True
42140,Female,bachelors,13876.250105901247,14142,-265.74989409875343,733.0,834.8621121198765,True,True
42200,Female,bachelors,31714.0,31673,41.0,1006.0,1517.2743352402524,True,True
42220,Female,bachelors,44905.0,46482,-1577.0,1429.0,1681.8512500946688,False,True
42340,Female,bachelors,31124.055286255072,34083,-2958.944713744928,1592.0,1304.6408830492512,False,False
42540,Female,bachelors,36238.38922913606,34664,1574.3892291360607,1297.0,1714.663531041485,False,True
42660,Female,bachelors,410322.0,411248,-926.0,4296.0,5399.351702988054,True,True
42680,Female,bachelors,14149.0,13836,313.0,924.0,1130.8478888134116,True,True
42700,Female,bachelors,4446.14278801922,5818,-1371.8572119807804,632.0,352.57270978613707,False,False
43100,Female,bachelors,8238.0,7977,261.0,618.0,866.8876869511414,True,True
43300,Female,bachelors,7873.854714363904,8201,-327.14528563609565,720.0,608.3696865820567,True,True
43340,Female,bachelors,22047.668042012865,22801,-753.331957987135,1300.0,1311.0621078851118,True,True
43420,Female,bachelors,6789.810472745015,7546,-756.1895272549846,709.0,546.8003267023475,False,True
43580,Female,bachelors,8530.295350978782,8025,505.29535097878215,555.0,614.0295569439037,True,True
43620,Female,bachelors,26069.384175175048,26431,-361.61582482495214,969.0,1577.080080915334,True,True
43640,Female,bachelors,24436.0,24388,48.0,1186.0,1380.1641660899438,True,True
43780,Female,bachelors,21627.837916350647,22010,-382.162083649353,1097.0,1077.943883441895,True,True
43900,Female,bachelors,21041.458080261047,20711,330.45808026104714,1077.0,1317.9205426031726,True,True
44060,Female,bachelors,43828.17672611522,43560,268.17672611521994,1522.0,1833.2502836765043,True,True
44100,Female,bachelors,17215.42780012508,17214,1.4278001250786474,867.0,989.436771739546,True,True
44140,Female,bachelors,28939.0,28961,-22.0,1333.0,1698.5085036142739,True,True
44180,Female,bachelors,33902.40964609105,32881,1021.4096460910514,1150.0,1743.1806498401506,True,True
44220,Female,bachelors,6568.0,6513,55.0,488.0,617.6738430889316,True,True
44300,Female,bachelors,11524.0,10922,602.0,667.0,953.1882201505377,True,True
44420,Female,bachelors,8591.845496551086,9137,-545.1545034489136,621.0,592.1383426969711,True,True
44700,Female,bachelors,43845.0,44047,-202.0,1689.0,1958.17057810345,True,True
44940,Female,bachelors,5246.480903728223,5666,-419.519096271777,602.0,578.2491658959458,True,True
45060,Female,bachelors,43585.404460960155,45434,-1848.5955390398449,1406.0,1669.1008665843929,False,True
45220,Female,bachelors,31522.143255660867,32434,-911.856744339133,1323.0,1306.9948551014782,True,True
45300,Female,bachelors,274028.0,274754,-726.0,3949.0,3957.571721407902,True,True
45460,Female,bachelors,8169.1053996624305,8828,-658.8946003375695,592.0,667.9420045651864,False,True
45500,Female,bachelors,7426.33124860164,7243,183.33124860164025,636.0,577.3249794518052,True,True
45780,Female,bachelors,39486.83964147723,39056,430.8396414772287,1369.0,1522.2060707401477,True,True
45820,Female,bachelors,16180.889178984258,16121,59.88917898425825,841.0,999.4758583256565,True,True
45900,Female,bachelors,13285.43187203576,14223,-937.5681279642395,731.0,831.9358266080195,False,True
45940,Female,bachelors,33776.0,33826,-50.0,1353.0,1683.6475351439356,True,True
46060,Female,bachelors,80941.76467594597,80024,917.7646759459749,2287.0,2136.9230635761714,True,True
46140,Female,bachelors,73254.77819561114,72956,298.778195611143,1455.0,2069.5854208544674,True,True
46220,Female,bachelors,16817.168393010033,16666,151.16839301003347,1036.0,1096.1852108023586,True,True
46300,Female,bachelors,6413.297753734787,5836,577.297753734787,665.0,530.136476003359,True,True
46340,Female,bachelors,16053.0,16433,-380.0,977.0,1156.4860687514788,True,True
46520,Female,bachelors,89598.0,90745,-1147.0,1522.0,2299.096573229907,True,True
46540,Female,bachelors,15903.945521918715,15495,408.9455219187148,879.0,891.5868543445797,True,True
46660,Female,bachelors,6976.8395573767575,7460,-483.1604426232425,667.0,606.4480325354752,True,True
46700,Female,bachelors,33706.0,34831,-1125.0,1256.0,1416.5758257030402,True,True
47020,Female,bachelors,5040.876909322173,5424,-383.12309067782735,529.0,502.67273828278627,True,True
47220,Female,bachelors,8480.81185046797,7485,995.8118504679696,739.0,811.4312338632362,False,True
47260,Female,bachelors,144816.1728082542,144523,293.17280825419584,2584.0,2839.458771056418,True,True
47300,Female,bachelors,16518.0,16919,-401.0,944.0,1162.7930666959835,True,True
47380,Female,bachelors,17370.630609330336,18011,-640.3693906696644,1112.0,1146.7346485780577,True,True
47460,Female,bachelors,3710.955405746404,3820,-109.04459425359619,388.0,326.6196342726288,True,True
47580,Female,bachelors,11954.887780919455,12089,-134.1122190805454,1140.0,947.9520101624039,True,True
47900,Female,bachelors,616381.2381778853,614854,1527.2381778853014,6528.0,7220.592600594906,True,True
47930,Female,bachelors,32425.0,32675,-250.0,1285.0,1698.840330008974,True,True
47940,Female,bachelors,11226.21488301091,11700,-473.78511698908915,579.0,860.426072887903,True,True
48060,Female,bachelors,5774.305383803395,5838,-63.69461619660524,518.0,547.2696245624211,True,True
48140,Female,bachelors,10314.0,10296,18.0,570.0,967.657110447058,True,True
48260,Female,bachelors,5576.0129889337395,5945,-368.9870110662605,507.0,374.7889326277126,True,True
48300,Female,bachelors,7945.0,8392,-447.0,570.0,720.3117652525536,True,True
48540,Female,bachelors,6973.661297113079,7225,-251.33870288692106,543.0,447.511293239047,True,True
48620,Female,bachelors,45467.02052845284,46457,-989.979471547158,1385.0,1834.0397901805843,True,True
48660,Female,bachelors,8307.680247786524,8490,-182.31975221347602,596.0,643.2883339093611,True,True
48680,Female,bachelors,13060.0,12554,506.0,1111.0,1171.7070106510203,True,True
48700,Female,bachelors,7117.67517995867,6730,387.67517995867,481.0,553.9975378616173,True,True
48900,Female,bachelors,44447.0,45480,-1033.0,1628.0,1610.1581501183357,True,True
49020,Female,bachelors,9636.937302547813,9436,200.93730254781258,699.0,791.10883277207,True,True
49180,Female,bachelors,51042.64808649358,52201,-1158.3519135064198,1819.0,1980.3872697013594,True,True
49340,Female,bachelors,71208.0,71952,-744.0,1814.0,2102.6062528939533,True,True
49420,Female,bachelors,11134.0,10939,195.0,761.0,935.2847824452988,True,True
49620,Female,bachelors,28748.0,28813,-65.0,1058.0,1691.7335877587968,True,True
49660,Female,bachelors,25258.0,24808,450.0,1058.0,1588.1480813005915,True,True
49700,Female,bachelors,8004.0,8318,-314.0,734.0,844.5800709627833,True,True
49740,Female,bachelors,8500.538442855388,7693,807.538442855388,701.0,838.3540882956281,False,True
10180,Female,graduate,5822.595383821903,5576,246.59538382190294,636.6820242475831,625.9692704879166,True,True
10420,Female,graduate,36384.0,36515,-131.0,1457.9211226949146,1653.4523790152682,True,True
10500,Female,graduate,6912.167502121474,6729,183.16750212147417,732.3994811576534,772.961542136307,True,True
10540,Female,graduate,5129.137926410414,3219,1910.1379264104144,365.6514734005594,563.3381983053143,False,False
10580,Female,graduate,69421.26140745131,69982,-560.7385925486888,1992.9189647348935,2068.199374163092,True,True
10740,Female,graduate,55022.18255793241,54784,238.18255793240678,2011.7487417667246,1901.1947065493694,True,True
10780,Female,graduate,4553.334319891935,4878,-324.6656801080653,609.8048868285658,506.0044928901542,True,True
10900,Female,graduate,42667.0,42600,67.0,1647.733594972197,1997.9812040676209,True,True
11020,Female,graduate,3513.410299675405,3445,68.41029967540499,380.86611820953567,404.49571842662095,True,True
11100,Female,graduate,8602.750241962884,9065,-462.2497580371164,779.0847193983464,722.4652516529316,True,True
11180,Female,graduate,6888.0,6763,125.0,492.16359068911225,818.297888058652,True,True
11200,Female,graduate,15320.085720576291,16778,-1457.9142794237086,877.3534065586114,761.8859011899902,False,False
11260,Female,graduate,19209.237434783976,18967,242.2374347839759,998.956455507446,1369.1084384577716,True,True
11460,Female,graduate,37383.0,37626,-243.0,1244.9935742806065,1566.209372274745,True,True
11500,Female,graduate,3643.0,3814,-171.0,515.2960314227153,492.8371682006137,True,True
11540,Female,graduate,8687.612447353997,8577,110.61244735399669,616.9221993087946,917.7464916884041,True,True
11700,Female,graduate,30551.879497763523,29108,1443.8794977635225,1491.6906515762576,1605.0392400487465,True,True
12020,Female,graduate,16095.42920104183,16408,-312.5707989581697,1080.8519787649,1053.7491710820618,True,True
12060,Female,graduate,391977.7422785215,387630,4347.742278521473,5381.444137032364,6156.264378147278,True,True
12100,Female,graduate,17785.0,17577,208.0,999.4668578797398,979.4829234001479,True,True
12220,Female,graduate,10894.841497518697,12095,-1200.158502481303,754.573389406226,968.2976771822844,False,True
12260,Female,graduate,27610.30237637025,28080,-469.6976236297487,1411.1513030146696,1408.259144095144,True,True
12420,Female,graduate,159796.9843515962,161477,-1680.015648403787,3343.764794359795,3417.2808366755676,True,True
12540,Female,graduate,18864.0,19517,-653.0,1171.0580685858408,1333.4277562287543,True,True
12580,Female,graduate,222671.79418883074,224656,-1984.2058111692604,3540.0207626509764,4294.098252683391,True,True
12620,Female,graduate,7437.004011387319,7591,-153.99598861268078,655.3350288211367,905.1631599126596,True,True
12700,Female,graduate,21457.619538894523,22233,-775.3804611054766,1106.4366226765997,1014.4497954504725,True,True
12940,Female,graduate,39721.34097450657,40356,-634.6590254934272,1891.7922718945651,2066.8974257922105,True,True
12980,Female,graduate,4494.327717369323,4396,98.32771736932318,475.7331184603401,545.1147345600158,True,True
13020,Female,graduate,4395.059113334668,3227,1168.059113334668,356.4056677439347,354.63516422120534,False,False
13140,Female,graduate,9079.0,9179,-100.0,767.953774650532,843.7112630611553,True,True
13220,Female,graduate,3601.0,3632,-31.0,515.731519300498,528.6398884235846,True,True
13380,Female,graduate,13900.0,13167,733.0,855.5097895407159,942.0326291628651,True,True
13460,Female,graduate,14333.0,14784,-451.0,981.4968160926453,1122.42244843018,True,True
13740,Female,graduate,6712.641268624493,7586,-873.358731375507,693.3123394257454,694.4217219661675,False,True
13780,Female,graduate,12639.794855948358,12365,274.7948559483575,757.5994984158847,695.5243841291823,True,True
13820,Female,graduate,58788.78346519521,59277,-488.2165348047929,1852.3692936345064,2183.8535134718786,True,True
13900,Female,graduate,4444.252143282654,5307,-862.7478567173457,558.973165724438,738.4001663677715,False,True
13980,Female,graduate,9872.0,9687,185.0,653.0,802.032566929174,True,True
14010,Female,graduate,9080.0,8840,240.0,632.3922833178785,720.0231897107551,True,True
14020,Female,graduate,12055.820478203912,11727,328.820478203912,842.347909120691,949.7073257782475,True,True
14260,Female,graduate,32888.8808265924,33230,-341.1191734075983,1475.9732382397724,1753.0732363927339,True,True
14460,Female,graduate,455929.10918041825,456776,-846.8908195817494,4945.640201227744,5783.326942913377,True,True
14500,Female,graduate,31808.215150371405,33800,-1991.784849628595,1297.4756259753012,1201.6323303379334,False,False
14540,Female,graduate,7264.678393308997,7468,-203.32160669100267,720.1541501650879,754.9732745606455,True,True
14580,Female,graduate,8024.0,8310,-286.0,701.8133655039636,850.8448242746736,True,True
14740,Female,graduate,13804.0,13771,33.0,772.7541653074411,866.3515526635248,True,True
14860,Female,graduate,78710.0,78790,-80.0,2126.2711492187445,2413.2288764938457,True,True
15180,Female,graduate,9557.0,9676,-119.0,738.8700833028768,1003.5726933187252,True,True
15260,Female,graduate,4528.576927142693,5237,-708.4230728573066,557.248598024257,453.5914615840881,False,True
15380,Female,graduate,76319.0,76633,-314.0,2011.0517148994454,2373.072803684076,True,True
15500,Female,graduate,6146.0,6414,-268.0,630.9746429136436,529.7529609320272,True,True
15540,Female,graduate,19008.316849442697,19661,-652.6831505573027,1035.9044357468501,1160.1280302277517,True,True
15940,Female,graduate,14209.0,14522,-313.0,922.094355258723,980.4720948827406,True,True
15980,Female,graduate,38382.0,38118,264.0,1591.4226339976442,1801.4091488859494,True,True
16020,Female,graduate,3659.4526335403234,4156,-496.5473664596766,455.18677485181837,386.0125861108948,False,True
16180,Female,graduate,1890.9082757474994,2088,-197.09172425250063,308.88671062381434,185.46973524223642,True,True
16220,Female,graduate,3443.7665955688317,3024,419.7665955688317,414.17991259837794,366.56817170344397,False,True
16300,Female,graduate,10626.079514228226,10342,284.0795142282259,757.8766390383068,1096.803611580296,True,True
16540,Female,graduate,6165.0816505220155,6518,-352.9183494779845,519.9932691872078,758.0498946507537,True,True
16580,Female,graduate,15733.801224941413,16700,-966.1987750585868,943.9396167128489,926.3824790855616,False,True
16620,Female,graduate,9408.02498152875,9222,186.02498152874978,754.6085077707513,867.6156061974223,True,True
16700,Female,graduate,50245.0,50690,-445.0,1987.643831273601,2086.8828471026472,True,True
16740,Female,graduate,146280.65532653133,146332,-51.344673468673136,3027.251228424889,3542.5997114136626,True,True
16820,Female,graduate,19801.768498238103,20839,-1037.2315017618967,976.0686451269705,1070.0315534997053,False,True
16860,Female,graduate,26148.842409410085,26253,-104.15759058991534,1461.4355955703281,1278.1501403732454,True,True
16940,Female,graduate,5128.0,4692,436.0,534.7980927415505,632.416072768751,True,True
16980,Female,graduate,596155.8808457943,599271,-3115.119154205662,6428.4057899295685,7190.460965521333,True,True
17020,Female,graduate,8583.0,8679,-96.0,726.3174237205108,760.9185728759024,True,True
17140,Female,graduate,118749.69090875785,119368,-618.3090912421467,2540.6190190581506,2865.3107093515596,True,True
17300,Female,graduate,12583.42967271484,13017,-433.5703272851606,1186.1909627037292,1205.5503447988676,True,True
17410,Female,graduate,116766.0,119035,-2269.0,2346.8429858002855,3067.379124559556,True,True
17420,Female,graduate,4237.0,4875,-638.0,624.1746550445637,650.5781590045505,False,True
17660,Female,graduate,6340.04549613697,6399,-58.95450386303037,737.8414463826223,819.2400032805774,True,True
17780,Female,graduate,13261.916361556192,12922,339.916361556192,805.3111200026981,1008.88799417292,True,True
17820,Female,graduate,42423.0,41379,1044.0,1658.9038549596537,1722.7476026666677,True,True
17860,Female,graduate,13220.327441038218,14971,-1750.6725589617818,928.7696162127613,799.1820204696911,False,False
17900,Female,graduate,47329.84534295116,46444,885.8453429511574,1899.0107951246616,1809.8980068059702,True,True
17980,Female,graduate,13998.674368750815,13441,557.6743687508151,1008.5023549798979,834.009369968269,True,True
18020,Female,graduate,3323.03766966133,3904,-580.9623303386702,560.7075886770216,409.05678956106794,False,True
18140,Female,graduate,120294.57466195506,119724,570.5746619550628,2701.8402987593477,3138.1844432751873,True,True
18580,Female,graduate,13097.365955295512,12830,267.3659552955123,947.328876367653,941.878390800211,True,True
18700,Female,graduate,6015.8620735895865,7658,-1642.1379264104135,608.3592688535286,536.2898129591592,False,False
18880,Female,graduate,12827.609671674309,13656,-828.3903283256914,976.4210157508901,1124.149659969596,True,True
19100,Female,graduate,388113.09836710425,389073,-959.9016328957514,5326.315518254622,6001.807531535325,True,True
19140,Female,graduate,4882.939072484282,4301,581.9390724842824,489.68255023024864,579.8507939642171,False,True
19300,Female,graduate,12780.0,12227,553.0,1024.2699839397815,1201.3593912751505,True,True
19340,Female,graduate,16376.750093840446,15978,398.7500938404464,836.435293373014,1309.1147956519092,True,True
19430,Female,graduate,41968.0,41190,778.0,1252.4480029126958,1954.1318090321467,True,True
19460,Female,graduate,4727.0,4615,112.0,488.2304783603744,581.4789968261966,True,True
19500,Female,graduate,3235.4813436779677,3664,-428.51865632203226,498.3843898036936,404.68177072460105,True,True
19660,Female,graduate,28709.0,28816,-107.0,1490.0130871908475,1377.959561047602,True,True
19740,Female,graduate,208242.44498206576,207438,804.444982065761,3429.81019883025,3866.6019573289386,True,True
19780,Female,graduate,32769.50645196088,32971,-201.49354803912138,1325.7771305917145,1711.5875605091876,True,True
19820,Female,graduate,220711.64729785884,223972,-3260.3527021411574,3467.4882840465375,4828.665894493865,True,True
20020,Female,graduate,4714.0,4789,-75.0,373.82750032601933,476.5860545719944,True,True
20100,Female,graduate,7998.0,7828,170.0,666.3257461632411,788.8369338922336,True,True
20220,Female,graduate,4236.485693481774,4587,-350.51430651822557,374.6598457267605,492.5890782986648,True,True
20260,Female,graduate,12324.246945173347,12358,-33.75305482665317,607.2800013173495,933.9483981297133,True,True
20500,Female,graduate,57392.416845845335,60389,-2996.583154154665,2082.8187631188653,1957.331113545372,False,False
20580,Female,graduate,1047.0019572164313,568,479.00195721643126,210.02142747824567,188.8089979607545,False,False
20740,Female,graduate,5757.702287890074,6230,-472.29771210992567,473.6327691365959,688.3339909918841,True,True
20940,Female,graduate,2832.0,2691,141.0,383.8463234160254,394.53259694225517,True,True
21060,Female,graduate,4639.737356292808,4616,23.737356292807817,512.3172845024849,662.444179452461,True,True
21140,Female,graduate,5115.0,5135,-20.0,602.1802055863344,681.0548334844266,True,True
21300,Female,graduate,4723.343054768295,4341,382.3430547682947,386.99353999776275,361.2116072859159,True,True
21340,Female,graduate,23626.670659177296,23934,-307.32934082270367,1212.4322661493302,1404.5822409822802,True,True
21420,Female,graduate,1563.7341532569249,1545,18.734153256924856,312.2771205195795,296.3419558917062,True,True
21500,Female,graduate,12444.0,12376,68.0,788.3032411451827,1093.739148686171,True,True
21660,Female,graduate,19889.0,20343,-454.0,950.0863118685586,986.6471529712383,True,True
21780,Female,graduate,10837.539563840319,11175,-337.4604361596812,741.3352817720198,821.459692935519,True,True
21820,Female,graduate,4471.347222801007,4334,137.34722280100686,513.3556272215199,603.1884930751911,True,True
22020,Female,graduate,11797.289834156696,11902,-104.71016584330391,856.4443939918108,1104.7061086366723,True,True
22140,Female,graduate,3211.8739077741884,3160,51.87390777418841,417.0995085108588,459.1800157328624,True,True
22180,Female,graduate,14308.539062894895,14370,-61.46093710510468,746.8902195102036,808.3387402557659,True,True
22220,Female,graduate,25400.962871135132,24922,478.96287113513245,1449.0569346992547,1602.2853786416686,True,True
22380,Female,graduate,8117.0,8023,94.0,666.5320697460851,750.6879593246451,True,True
22420,Female,graduate,11631.066036761425,12868,-1236.9339632385745,818.3434486815422,892.9820400685601,False,False
22500,Female,graduate,7190.165738340499,7222,-31.834261659500953,710.3865145116424,666.0452855508424,True,True
22520,Female,graduate,5449.708123002078,6013,-563.2918769979224,574.3204680315686,506.7545205201407,True,True
22540,Female,graduate,3340.3875526460033,3198,142.38755264600331,414.3054428800085,476.5644344489899,True,True
22660,Female,graduate,28292.0,28294,-2.0,1264.1340909887685,1355.5148360208013,True,True
22900,Female,graduate,6492.396703758559,6284,208.39670375855894,666.0397886012516,642.0216072223875,True,True
23060,Female,graduate,15089.562721641076,15464,-374.43727835892423,860.8582926359019,1115.146738087028,True,True
23420,Female,graduate,32647.0,32477,170.0,1421.2111032496193,1658.334323301924,True,True
23460,Female,graduate,3361.729424841406,3088,273.72942484140594,398.68283133337957,419.87044957589876,True,True
23540,Female,graduate,24333.348627479285,24747,-413.6513725207151,1214.4154972660717,1215.8949914398067,True,True
23580,Female,graduate,8646.0,8222,424.0,646.6219915839547,610.1527640855608,True,True
23900,Female,graduate,4442.918349477985,4928,-485.08165052201457,496.1804107378686,489.00760851558766,True,True
24020,Female,graduate,6979.0,7155,-176.0,553.1826099942043,635.3774968335754,True,True
24140,Female,graduate,2843.0,2991,-148.0,443.1320344998768,401.05137110319174,True,True
24220,Female,graduate,3572.374344848937,3928,-355.6256551510628,341.5801516481893,304.334468726351,False,True
24260,Female,graduate,2339.993134778523,2360,-20.0068652214768,318.45878854256796,324.8338316344176,True,True
24300,Female,graduate,6331.153835217255,6147,184.1538352172547,593.284080352743,566.0501702461355,True,True
24340,Female,graduate,52873.978929077006,52607,266.9789290770059,1790.1245766705736,1831.8784317674174,True,True
24420,Female,graduate,3258.339308814017,2673,585.3393088140169,361.1384775955063,365.4192556698175,False,False
24500,Female,graduate,4139.865508523436,3569,570.8655085234359,444.4603469377218,460.5161029157581,False,True
24540,Female,graduate,16034.0,15600,434.0,1017.9749505758971,1217.8205645378346,True,True
24580,Female,graduate,11703.859235366719,11686,17.859235366719076,709.6957094417297,1000.2015001568301,True,True
24660,Female,graduate,35557.973016800825,35260,297.97301680082455,1569.6652509372818,1616.7338647449226,True,True
24780,Female,graduate,9324.0,9190,134.0,750.9367483350379,779.6401097974629,True,True
24860,Female,graduate,44571.71300781332,44203,368.71300781331956,1915.9373684961624,1792.7461385938527,True,True
25060,Female,graduate,15414.839338068508,16503,-1088.1606619314916,1037.4545773189302,1213.1564008378416,False,True
25180,Female,graduate,12308.305480737166,11743,565.3054807371664,811.3889326334197,811.3487025737892,True,True
25220,Female,graduate,3290.5098096905494,3791,-500.49019030945055,619.2656941894973,558.6515292981811,True,True
25260,Female,graduate,2267.0,2173,94.0,334.3800233267532,446.4941837121174,True,True
25420,Female,graduate,30322.0,30743,-421.0,1394.4411066803789,1570.31440652939,True,True
25500,Female,graduate,6164.0,6199,-35.0,532.0432313261771,538.7334816644034,True,True
25540,Female,graduate,83655.33487394174,86002,-2346.6651260582585,1988.7775139517241,2174.6814361892343,False,True
25620,Female,graduate,6929.657936430563,7466,-536.3420635694374,763.1677404083587,633.9830124342476,True,True
25740,Female,graduate,4353.60125182274,4904,-550.3987481772601,498.0933647419929,419.9348107993019,False,True
25860,Female,graduate,9737.720890293393,9834,-96.27910970660741,765.0071895087,805.6578482648766,True,True
25940,Female,graduate,14613.004604690275,14996,-382.9953953097247,970.8728032033856,968.3932754961264,True,True
25980,Female,graduate,2769.4278313450477,1953,816.4278313450477,306.52569223476195,336.38788090341563,False,False
26140,Female,graduate,5434.0,5313,121.0,584.2276953380419,683.9096155286164,True,True
26300,Female,graduate,3526.7882180891984,3710,-183.21178191080162,431.6827538829875,417.60024187550505,True,True
26380,Female,graduate,4685.704940701151,5163,-477.2950592988491,511.33355063011464,476.6947769156904,True,True
26420,Female,graduate,342085.1652677143,341708,377.16526771429926,6043.553342198611,5763.621290922865,True,True
26580,Female,graduate,13701.055830942129,14826,-1124.9441690578715,938.3096503820047,1078.2545012561754,False,True
26620,Female,graduate,30146.89564208938,30668,-521.104357910619,1438.458549976328,1438.8286676947257,True,True
26820,Female,graduate,3658.864899360958,3650,8.864899360958134,501.6233646870927,572.9945189935183,True,True
26900,Female,graduate,108195.53777992603,108931,-735.4622200739686,2874.2905211547422,3147.290688702591,True,True
26980,Female,graduate,12404.459232112556,12511,-106.54076788744351,823.8755974053364,1000.8424068420369,True,True
27060,Female,graduate,11478.0,11084,394.0,688.9296045315515,780.413035222375,True,True
27100,Female,graduate,5191.0,4938,253.0,492.07519750542195,651.0654600220703,True,True
27140,Female,graduate,31749.6395437077,31544,205.6395437077008,1559.7951788616351,1529.5055806693988,True,True
27180,Female,graduate,5971.550550245849,6588,-616.4494497541509,537.2122485573091,617.6774385404705,False,True
27260,Female,graduate,76839.91096302029,79493,-2653.0890369797125,2260.96904003571,2670.4672072561607,False,True
27340,Female,graduate,5823.3433182837025,6313,-489.6566817162975,718.6661255409218,656.3224102367147,True,True
27500,Female,graduate,4579.0,5053,-474.0,515.7034031301325,749.7713485248353,True,True
27620,Female,graduate,7344.492536222888,6387,957.4925362228878,461.9967532353447,631.2096411224801,False,False
27740,Female,graduate,9134.133618651254,9383,-248.86638134874556,740.6760425449172,711.3839122647363,True,True
27780,Female,graduate,4253.0,4764,-511.0,385.3336216838598,536.8706436889616,False,True
27860,Female,graduate,5201.0,5553,-352.0,720.4616575502127,674.0871999823169,True,True
27900,Female,graduate,5970.825744216585,6005,-34.17425578341499,533.9765912472194,733.4294140533334,True,True
27980,Female,graduate,6921.560220704261,6819,102.56022070426116,582.876487774211,558.8727766028026,True,True
28020,Female,graduate,15366.0,15213,153.0,869.7419157428254,1105.0990138156174,True,True
28100,Female,graduate,3470.312389073069,3429,41.31238907306897,343.44286278797523,487.41624593878373,True,True
28140,Female,graduate,121981.26123889798,123785,-1803.738761102024,2660.3569309399068,2767.0074849401103,True,True
28420,Female,graduate,12005.875660873582,11520,485.8756608735821,851.0987016791884,869.5543415187814,True,True
28450,Female,graduate,7022.0,6688,334.0,649.7822712262931,895.5106383127171,True,True
28660,Female,graduate,15054.40504372992,14020,1034.4050437299193,925.9735417386395,1055.3519427746755,False,True
28700,Female,graduate,10169.765680597246,10724,-554.2343194027544,827.6557255284349,711.4343937275133,True,True
28740,Female,graduate,13312.56827744648,14443,-1130.4317225535196,799.0813475485459,956.4958795521334,False,True
28880,Female,graduate,46163.993046897966,45528,635.9930468979655,1516.948911466698,1617.9420819714976,True,True
28940,Female,graduate,43096.38972709375,43646,-549.6102729062477,1805.7787793636296,1851.8619822505632,True,True
29020,Female,graduate,1906.2915849581614,1990,-83.70841504183863,281.98758837934696,281.272009446325,True,True
29100,Female,graduate,6894.4527775942215,7541,-646.5472224057785,505.39291645214024,718.1995451557749,False,True
29180,Female,graduate,13034.767507002802,13813,-778.2324929971983,1238.5047436324173,1083.210039222468,True,True
29200,Female,graduate,10210.868214057928,10339,-128.13178594207238,732.7605338717418,812.4597621463316,True,True
29340,Female,graduate,7800.798159921716,7769,31.798159921716433,1025.7548440051355,913.3923128908923,True,True
29420,Female,graduate,3865.0,4542,-677.0,514.0924041454026,599.3619071489695,False,True
29460,Female,graduate,22999.0,22262,737.0,1206.5148154912977,1450.9815725070391,True,True
29540,Female,graduate,24220.0,24710,-490.0,1169.624726140825,1484.1769895842106,True,True
29620,Female,graduate,25953.0,25851,102.0,1052.5103324908503,1284.8663683069342,True,True
29700,Female,graduate,5295.0,5189,106.0,598.5490790236003,722.6348508271657,True,True
29740,Female,graduate,10519.0,10369,150.0,898.9555050167945,1036.8902286392229,True,True
29820,Female,graduate,80406.0,80207,199.0,1984.6274209533638,2164.880874144118,True,True
29940,Female,graduate,9074.0,9176,-102.0,806.9578675494774,880.2155056064396,True,True
30020,Female,graduate,3322.0,3416,-94.0,363.08676648977445,503.6494649059006,True,True
30140,Female,graduate,5282.0,5182,100.0,465.6737055063341,581.6066103658469,True,True
30300,Female,graduate,2350.378798612991,2174,176.37879861299098,340.8269355552756,208.51075858004629,True,True
30340,Female,graduate,3679.0,3392,287.0,493.41767297088177,645.8463575805008,True,True
30460,Female,graduate,31370.411413974332,33198,-1827.5885860256676,1399.566718666888,1644.952330406479,False,True
30500,Female,graduate,12184.0,11950,234.0,801.880913851926,944.8058609841496,True,True
30620,Female,graduate,2985.0,2903,82.0,299.876641304387,469.9067104290489,True,True
30700,Female,graduate,18326.137070240562,17197,1129.137070240562,876.7240158681636,1198.8521772483346,False,True
30780,Female,graduate,37848.0,37039,809.0,1698.9894054996341,1916.712959267115,True,True
30860,Female,graduate,5523.144835669144,4210,1313.1448356691444,454.49202413243734,456.0388228285104,False,False
30980,Female,graduate,7005.009958183389,7247,-241.99004181661076,684.1447215319286,771.252581413157,True,True
31020,Female,graduate,2889.018534350299,2500,389.018534350299,313.84868965793055,381.7440814367607,False,True
31080,Female,graduate,660310.0,660657,-347.0,7172.163620554121,6987.008871240969,True,True
31140,Female,graduate,70467.7574696832,71219,-751.2425303167984,2082.1990778981726,2436.0163870414704,True,True
31180,Female,graduate,14022.607246483352,14209,-186.39275351664764,947.4059320059168,974.9958779758599,True,True
31340,Female,graduate,11168.0,11009,159.0,677.4142012092749,849.9355397366909,True,True
31420,Female,graduate,10651.190033560883,10827,-175.8099664391175,850.7614236670584,877.1330403420908,True,True
31540,Female,graduate,47135.77137950067,48186,-1050.2286204993288,1503.6256182973207,2432.272920791867,True,True
31700,Female,graduate,24474.739350725675,26255,-1780.2606492743253,1224.4500806484518,1215.171391477915,False,False
31740,Female,graduate,6373.0,6438,-65.0,604.6503121639813,738.9547086924543,True,True
31860,Female,graduate,3715.0,3913,-198.0,388.19067479783695,492.96041918444126,True,True
31900,Female,graduate,3358.0,3294,64.0,391.515006098106,498.51941446898536,True,True
32580,Female,graduate,18781.0,19411,-630.0,1115.247954492632,989.6860571173569,True,True
32780,Female,graduate,10071.0,10332,-261.0,774.1479186822115,976.3115189470778,True,True
32820,Female,graduate,63691.226230582004,64744,-1052.773769417996,2226.3903521170764,2249.6634336001075,True,True
32900,Female,graduate,4661.0,4645,16.0,507.15086512792226,638.8718121178536,True,True
33100,Female,graduate,335220.8420847514,333966,1254.8420847514062,5130.617993965249,5646.248879477189,True,True
33140,Female,graduate,3559.0,3603,-44.0,374.79060820676926,468.59796388668826,True,True
33220,Female,graduate,3571.940886665332,4602,-1030.059113334668,415.243302173557,288.0234961437556,False,False
33260,Female,graduate,6114.870130531816,5507,607.8701305318164,739.7154858457405,844.3698625548708,True,True
33340,Female,graduate,81144.0,82757,-1613.0,1940.2417375162302,2959.3866608228554,True,True
33460,Female,graduate,218335.10548152716,219329,-993.8945184728364,3671.2087927547786,5367.891765635798,True,True
33500,Female,graduate,2282.375074422495,2176,106.37507442249489,365.3204073139085,328.19495009909895,True,True
33540,Female,graduate,7140.346123044288,8335,-1194.653876955712,667.3732089318539,692.6616330153415,False,False
33660,Female,graduate,15021.0,15373,-352.0,977.608306020361,1135.9629654416556,True,True
33700,Female,graduate,11271.0,11319,-48.0,883.9966063283275,893.8638472426882,True,True
33740,Female,graduate,8830.687097934806,8831,-0.3129020651940664,729.678011180274,794.6453852330704,True,True
33780,Female,graduate,5050.0,5029,21.0,471.2982070833709,659.908209021338,True,True
33860,Female,graduate,18442.92062058306,19047,-604.0793794169404,1075.0413945518562,1276.360400620276,True,True
34060,Female,graduate,8006.355205235257,10223,-2216.644794764743,651.6517474848049,586.2841874263958,False,False
34100,Female,graduate,3600.242069802771,3981,-380.75793019722914,447.48407792903646,499.3794734606488,True,True
34580,Female,graduate,6103.0,6006,97.0,449.94888598595287,527.849972551387,True,True
34620,Female,graduate,4413.0,4293,120.0,457.3423225549982,464.32248589611726,True,True
34740,Female,graduate,4227.0,4397,-170.0,411.46324258674673,480.1069957129348,True,True
34820,Female,graduate,15666.613084343095,15939,-272.38691565690533,946.7042832901941,1128.0714780862434,True,True
34900,Female,graduate,7161.0,6872,289.0,578.4686681230022,696.2605087878387,True,True
34940,Female,graduate,24160.0,23965,195.0,1308.4437320725717,1459.1664169351109,True,True
34980,Female,graduate,114494.49864651474,116042,-1547.5013534852624,2735.0968904227143,3275.386737416927,True,True
35300,Female,graduate,45177.0,46433,-1256.0,1665.4491886575224,1863.6990093799345,True,True
35380,Female,graduate,53706.0,53022,684.0,1867.8792787543846,1822.28215273493,True,True
35620,Female,graduate,1450432.0069531016,1450751,-318.9930468983948,11241.782821243258,13766.357891981805,True,True
35660,Female,graduate,6846.0,6953,-107.0,497.080476381843,782.7966317433603,True,True
35840,Female,graduate,54254.0,53959,295.0,1881.8557330465053,2063.773527539117,True,True
35980,Female,graduate,17456.0,17307,149.0,1009.505819695954,1099.137004756459,True,True
36100,Female,graduate,12739.0,13299,-560.0,928.0657304307707,999.3381769545032,True,True
36220,Female,graduate,2750.0,2871,-121.0,506.81160207714265,518.1329594056915,True,True
36260,Female,graduate,18543.743461019018,18625,-81.25653898098244,1044.270558811269,1342.268613917302,True,True
36420,Female,graduate,64281.025221457676,62349,1932.0252214576758,1987.622197501326,3115.8243265744263,True,True
36500,Female,graduate,17241.0,17337,-96.0,1027.876451719758,1268.9200953084082,True,True
36540,Female,graduate,48828.86058783875,51177,-2348.1394121612466,1446.6544162307734,2041.5915215523098,False,True
36740,Female,graduate,131672.0,130998,674.0,3628.9019000243034,4309.13349997015,True,True
36780,Female,graduate,6141.0,6559,-418.0,515.5686181295366,633.2188138254422,True,True
36980,Female,graduate,4779.973350562753,4787,-7.026649437247215,474.7989048007588,575.7739500373831,True,True
37100,Female,graduate,42034.0,41455,579.0,1548.408860734141,1441.6803368591286,True,True
37140,Female,graduate,3875.548785801833,3957,-81.45121419816678,474.7852145970849,343.9662581740845,True,True
37340,Female,graduate,31698.0,31965,-267.0,1561.6689790093162,1867.3598458927247,True,True
37460,Female,graduate,7960.061613548229,7225,735.0616135482287,698.2649926782811,791.6876676874997,False,True
37620,Female,graduate,2935.1167424508126,3227,-291.8832575491874,445.91142618237535,330.181782631009,True,True
37860,Female,graduate,20609.0,20242,367.0,1217.9889162057264,1399.2307533954147,True,True
37900,Female,graduate,15264.874033729859,15101,163.87403372985864,812.0153939427503,1054.816863731009,True,True
37980,Female,graduate,424449.5384263325,429222,-4772.461573667475,5082.3328305021505,6526.355346688669,True,True
38060,Female,graduate,238479.63398559758,239786,-1306.366014402418,4165.969515010882,4894.423795618523,True,True
38240,Female,graduate,6279.228736404013,6993,-713.771263595987,618.3575017738525,632.8517617056193,False,True
38300,Female,graduate,146545.1306474881,144706,1839.130647488113,2549.6840980796032,3151.0639680823965,True,True
38340,Female,graduate,9759.0,9895,-136.0,669.6245216537399,715.7770039588098,True,True
38540,Female,graduate,2401.8093270379877,2823,-421.1906729620123,320.30298156589174,269.4092619055496,False,False
38860,Female,graduate,41644.0,42252,-608.0,1403.628868326667,2025.2159805299164,True,True
38900,Female,graduate,157484.47509343215,157489,-4.524906567850849,2926.0386190206036,3424.9781916256034,True,True
38940,Female,graduate,20382.0,20348,34.0,1297.883661966665,1442.6221393291107,True,True
39150,Female,graduate,12667.0,12599,68.0,775.4727590315472,1075.4426384058102,True,True
39300,Female,graduate,93163.0,92737,426.0,2274.268453811027,2641.5622871853693,True,True
39340,Female,graduate,17350.34038807491,17783,-432.65961192508985,900.278290308058,901.0217076284359,True,True
39380,Female,graduate,5841.109043542983,6092,-250.89095645701673,555.8884780241447,591.7596174729528,True,True
39460,Female,graduate,9269.0,9147,122.0,871.0924175998779,844.0361789535447,True,True
39540,Female,graduate,7136.0,7106,30.0,606.6803112018717,1017.5332961388783,True,True
39580,Female,graduate,109119.64977802224,109260,-140.35022197775834,2985.6438166666835,2946.6186836609277,True,True
39660,Female,graduate,6263.40428182044,5994,269.4042818204398,631.5987650399579,759.3198629819074,True,True
39740,Female,graduate,17992.0,17218,774.0,1083.3512819025968,1370.928038195295,True,True
39820,Female,graduate,4928.0,5122,-194.0,564.8716668412393,579.6641327365787,True,True
39900,Female,graduate,26527.453119395963,25381,1146.4531193959629,1242.596072744478,1125.4733666704458,True,True
40060,Female,graduate,84789.10050909445,84470,319.1005090944527,2223.3519739348512,2336.8541035596336,True,True
40140,Female,graduate,143343.0,146352,-3009.0,2919.1755685467087,3810.7660238990993,False,True
40220,Female,graduate,14203.942718184282,14811,-607.0572818157179,875.1839806577815,1112.2622815781451,True,True
40340,Female,graduate,14999.697396103435,14816,183.69739610343458,725.8574240165902,1157.8504704541897,True,True
40380,Female,graduate,71007.22793531895,71361,-353.7720646810485,1767.8238034374353,2270.654121558054,True,True
40420,Female,graduate,11473.0,11669,-196.0,726.9319087782569,840.0828336970707,True,True
40580,Female,graduate,4783.0,4355,428.0,634.4288770224761,845.3845298013799,True,True
40660,Female,graduate,3122.083318536155,4032,-909.9166814638452,445.1977088889834,318.98920694271027,False,False
40900,Female,graduate,118916.0,119981,-1065.0,2515.70526890572,2865.141626876628,True,True
40980,Female,graduate,6224.0,6321,-97.0,562.2223759332245,763.0496120510448,True,True
41060,Female,graduate,6161.740345356715,6478,-316.2596546432851,521.1890252106235,657.3568511438444,True,True
41100,Female,graduate,6653.0,6768,-115.0,805.9813893633028,814.4129855308363,True,True
41140,Female,graduate,3912.3727842824665,3960,-47.627215717533545,372.8927459739597,387.1585990284624,True,True
41180,Female,graduate,162626.55593416948,166226,-3599.444065830525,2862.910057965496,3773.1305579088653,False,True
41420,Female,graduate,15588.67824212533,15128,460.67824212533014,938.9914802595389,1027.2741613735411,True,True
41500,Female,graduate,17626.97009563658,16801,825.9700956365814,887.4728164851023,958.2969384806177,True,True
41540,Female,graduate,6080.530441208994,5142,938.5304412089936,483.1925082200675,541.8030847316217,False,False
41620,Female,graduate,53177.67554598389,53246,-68.3244540161104,1895.056199694352,1988.0827537589266,True,True
41660,Female,graduate,3361.8356474810666,3648,-286.16435251893336,546.8537281577222,450.7628350453866,True,True
41700,Female,graduate,108532.42899815083,109591,-1058.5710018491664,2962.801883352986,3363.7719013723467,True,True
41740,Female,graduate,196867.0,198196,-1329.0,3304.862024351395,3993.665566705918,True,True
41780,Female,graduate,4065.299123651954,5030,-964.7008763480462,514.3354936225965,349.26452722680597,False,False
41860,Female,graduate,392007.0,389422,2585.0,4466.081727868401,5470.94456372035,True,True
41940,Female,graduate,170916.02990436347,173275,-2358.970095636527,2901.1938921761157,2939.027153307475,True,True
42020,Female,graduate,15890.0,16149,-259.0,880.7388943381574,959.2048460235176,True,True
42100,Female,graduate,18640.0,18256,384.0,994.4757412828128,1019.4140785985841,True,True
42140,Female,graduate,14308.817442067624,15038,-729.1825579323759,815.085885045251,791.6434294555263,True,True
42200,Female,graduate,20333.0,20678,-345.0,850.8525136590947,1226.0352301957926,True,True
42220,Female,graduate,29076.0,28781,295.0,1263.1033211895217,1390.926342975249,True,True
42340,Female,graduate,22857.053012216442,22441,416.05301221644186,1468.9472420750856,1373.3927754191084,True,True
42540,Female,graduate,24120.65972802602,23933,187.65972802602118,988.8225321057364,1360.140933990894,True,True
42660,Female,graduate,281453.0,279631,1822.0,3943.844317414165,4074.6159053865126,True,True
42680,Female,graduate,9186.0,9277,-91.0,789.8594811737086,796.0799002157383,True,True
42700,Female,graduate,2265.586043470051,3286,-1020.4139565299488,431.4232260785226,335.0211823907408,False,False
43100,Female,graduate,4400.0,3959,441.0,414.70591989987315,763.4879897115279,False,True
43300,Female,graduate,4205.243518778654,4016,189.2435187786541,560.1865760619403,439.3870529456702,True,True
43340,Female,graduate,16216.045370850334,16308,-91.95462914966629,1242.5252512524644,1330.3201978633344,True,True
43420,Female,graduate,4962.142404382988,4968,-5.8575956170116115,635.2487701680343,552.1019568856742,True,True
43580,Female,graduate,4320.134771470124,4932,-611.8652285298758,560.0785659173184,481.1834853299917,False,True
43620,Female,graduate,12623.137338739156,11989,634.1373387391559,875.6214935689964,1007.8260904897714,True,True
43640,Female,graduate,13565.0,13405,160.0,1056.9134307028178,1137.1939254174065,True,True
43780,Female,graduate,15018.704858975852,14806,212.7048589758524,932.9013881434629,1041.3428848589974,True,True
43900,Female,graduate,14468.368090696047,13722,746.3680906960471,939.6047041176412,1037.743084712356,True,True
44060,Female,graduate,26270.6748712395,26180,90.67487123949832,1081.7176156465234,1379.3955585657466,True,True
44100,Female,graduate,11849.351899282026,11645,204.35189928202635,731.2106399663506,875.8462146361584,True,True
44140,Female,graduate,24243.0,23901,342.0,1230.0056910437447,1218.3059797670905,True,True
44180,Female,graduate,21049.619205790295,21883,-833.3807942097046,1087.2244478487412,1365.3071003911923,True,True
44220,Female,graduate,3979.0,3834,145.0,362.5548234405384,397.9521564035682,True,True
44300,Female,graduate,10551.0,10969,-418.0,718.6897800859562,743.5310834642355,True,True
44420,Female,graduate,5750.536903446907,5399,351.53690344690676,532.0939766620179,537.1642393833237,True,True
44700,Female,graduate,20551.0,21074,-523.0,1128.4502647436439,1209.6163859350204,True,True
44940,Female,graduate,3863.2465439132548,4018,-154.75345608674525,603.3058925619739,579.8061470833841,True,True
45060,Female,graduate,39720.243400232524,40495,-774.7565997674756,1364.4137935391886,1386.6770661514095,True,True
45220,Female,graduate,22803.55890212118,22414,389.55890212118175,1142.2578518005469,1184.6301112346714,True,True
45300,Female,graduate,165243.0,166653,-1410.0,3137.1958816752262,3362.492588868413,True,True
45460,Female,graduate,5382.260247573245,5429,-46.73975242675533,546.5464298666674,651.365844037666,True,True
45500,Female,graduate,3965.531520691939,4615,-649.468479308061,483.5317983338841,349.32454245354614,False,False
45780,Female,graduate,27223.238872922833,27427,-203.76112707716675,1183.4910223571617,1303.739289393986,True,True
45820,Female,graduate,10196.229017200905,10478,-281.7709827990948,735.9334209016465,941.4317685805244,True,True
45900,Female,graduate,9902.850316511694,9742,160.85031651169447,550.3898618252339,787.3522347801387,True,True
45940,Female,graduate,28239.0,28169,70.0,1366.4340452433114,1323.7906385447627,True,True
46060,Female,graduate,60285.36601440245,60472,-186.63398559755296,1883.8049262065326,1829.0239204563795,True,True
46140,Female,graduate,38979.089956982265,38777,202.089956982265,1259.5324529364061,1753.8536460321234,True,True
46220,Female,graduate,12036.119430659059,12160,-123.88056934094129,819.7871675014193,969.57219370092,True,True
46300,Female,graduate,2908.0740276778324,2965,-56.92597232216758,438.89862155172005,492.44995768011296,True,True
46340,Female,graduate,8273.0,8385,-112.0,790.3980010096179,870.1906955346053,True,True
46520,Female,graduate,54625.0,53000,1625.0,1486.964021084572,1619.9909971744444,False,True
46540,Female,graduate,13690.74226827233,13186,504.74226827232997,766.6896373370388,940.8155798296438,True,True
46660,Female,graduate,5885.9732970277755,5970,-84.02670297222448,519.7268513363534,542.9689053445177,True,True
46700,Female,graduate,15619.0,15687,-68.0,963.4048993024687,1021.730211269712,True,True
47020,Female,graduate,2131.615073705165,2184,-52.38492629483517,383.2910121565597,318.1584832237583,True,True
47220,Female,graduate,4273.461573667502,3740,533.4615736675023,475.35250078231417,492.90536241580975,False,True
47260,Female,graduate,94055.53130785198,95519,-1463.468692148017,2156.9517843475314,2858.3473291269656,True,True
47300,Female,graduate,9496.0,9803,-307.0,891.5699636035301,1145.3490731557563,True,True
47380,Female,graduate,10247.726940286519,10700,-452.2730597134814,886.7694176052757,1044.9591461749044,True,True
47460,Female,graduate,2299.1243391264206,2728,-428.87566087357936,350.7434960195271,272.24663497953827,False,True
47580,Female,graduate,8599.88851186085,9317,-717.1114881391495,1048.0806266695324,849.0742375520887,True,True
47900,Female,graduate,608120.5641219144,611366,-3245.4358780855546,6286.90535955489,7726.287986722735,True,True
47930,Female,graduate,28975.0,28734,241.0,1209.912806775761,1465.7748477128061,True,True
47940,Female,graduate,6643.520120191046,6725,-81.47987980895414,561.4561425436541,827.532831552801,True,True
48060,Female,graduate,4470.991374118986,4851,-380.00862588101427,416.4384708453339,397.47313259891683,True,True
48140,Female,graduate,4837.0,4554,283.0,411.1800092416945,684.6107789667791,True,True
48260,Female,graduate,3690.534774051698,3638,52.53477405169815,387.227323416104,303.30701451539153,True,True
48300,Female,graduate,4112.0,3969,143.0,417.7762559073936,588.5851607594691,True,True
48540,Female,graduate,4398.0409910517,5104,-705.9590089482999,431.9282347798069,389.59085173708746,False,False
48620,Female,graduate,26412.768018561776,26381,31.768018561775534,1192.9677279792609,1495.518680890242,True,True
48660,Female,graduate,4131.202841050668,4268,-136.7971589493318,480.5299158221057,532.8883260053135,True,True
48680,Female,graduate,8879.0,9339,-460.0,1129.5029880438565,1259.0717596179736,True,True
48700,Female,graduate,3976.879222697447,3930,46.87922269744695,393.8349908273768,454.55575676904886,True,True
48900,Female,graduate,25151.0,25451,-300.0,1135.2700119354865,1346.550870484012,True,True
49020,Female,graduate,6723.037250748783,6530,193.03725074878275,633.2835068119175,602.2552638605354,True,True
49180,Female,graduate,30351.53657820364,30114,237.53657820363878,1354.9328396640183,1573.8784473365065,True,True
49340,Female,graduate,55021.0,55751,-730.0,1855.4247492151223,1653.3101531552543,True,True
49420,Female,graduate,6160.0,6009,151.0,566.1068803680097,574.8512460160889,True,True
49620,Female,graduate,19216.0,19715,-499.0,969.4802731360758,1310.6096047240767,True,True
49660,Female,graduate,15542.0,14900,642.0,910.082413850526,1136.875316739923,True,True
49700,Female,graduate,3856.0,4203,-347.0,519.5103463839772,560.2992914829092,True,True
49740,Female,graduate,4652.608302650792,4458,194.6083026507922,527.0265647953621,473.64073591416945,True,True
10180,Female,hs_or_less,22991.951111454542,22015,976.9511114545421,1059.5060169720605,927.0355454425742,True,True
10420,Female,hs_or_less,89919.0,89830,89.0,2173.59287816279,2502.535099271337,True,True
10500,Female,hs_or_less,20535.553917058827,21603,-1067.4460829411728,940.6635955536921,974.2480384225224,False,True
10540,Female,hs_or_less,14718.218499264032,16337,-1618.7815007359677,924.0,911.5813528491136,False,False
10580,Female,hs_or_less,94737.84955764284,94505,232.8495576428395,2162.165581078378,2435.162639663716,True,True
10740,Female,hs_or_less,104798.31776142737,104706,92.31776142737363,2752.451452796216,2932.952917641417,True,True
10780,Female,hs_or_less,23842.586176822588,23224,618.5861768225877,1190.6741787743615,902.6294111782428,True,True
10900,Female,hs_or_less,121615.0,122252,-637.0,2502.88833150822,3032.7390379620124,True,True
11020,Female,hs_or_less,21561.171987478774,22192,-630.8280125212259,808.2035634665316,738.1077729361145,True,True
11100,Female,hs_or_less,32922.95759583852,32105,817.9575958385176,1432.7012947575638,1254.3038346756082,True,True
11180,Female,hs_or_less,7550.0,7391,159.0,518.4737216098806,621.9717590524107,True,True
11200,Female,hs_or_less,12121.540790144812,11006,1115.5407901448125,759.6551849359023,771.196293731873,False,False
11260,Female,hs_or_less,39494.70346555761,38538,956.7034655576135,1378.7233224980275,1885.6452983286101,True,True
11460,Female,hs_or_less,20704.0,21515,-811.0,1143.6966380994568,1315.8064926481402,True,True
11500,Female,hs_or_less,18607.0,18534,73.0,1089.73620661149,1062.2875832807706,True,True
11540,Female,hs_or_less,29625.34087941084,28195,1430.34087941084,1010.9213619268315,1378.054835824809,False,True
11700,Female,hs_or_less,47109.53516282198,48523,-1413.4648371780204,1953.053250682121,1851.6733693249118,True,True
12020,Female,hs_or_less,22579.00997285882,21729,850.0099728588211,1124.8226526879694,1023.4856337565401,True,True
12060,Female,hs_or_less,662122.2733178163,657588,4534.273317816318,8446.121417550188,7797.802686872623,True,True
12100,Female,hs_or_less,55741.0,55734,7.0,1828.0675589266389,1933.7682036202013,True,True
12220,Female,hs_or_less,21584.272060852105,19052,2532.272060852105,1121.4490625971382,1231.8876510207854,False,False
12260,Female,hs_or_less,84824.65913695275,84985,-160.34086304725497,2563.3427394712553,2425.5343641212107,True,True
12420,Female,hs_or_less,202923.6059987796,201130,1793.6059987795888,4086.365010617627,4284.329890662144,True,True
12540,Female,hs_or_less,132251.0,131191,1060.0,2958.9935789048277,2446.247083185793,True,True
12580,Female,hs_or_less,310553.73217564,305655,4898.732175640005,4186.560760337774,3997.1838695684633,False,True
12620,Female,hs_or_less,19965.52865923711,19820,145.5286592371085,890.0044943706745,1170.7880480582053,True,True
12700,Female,hs_or_less,20664.2553598452,21198,-533.7446401548004,1156.7700722269747,1355.901579602711,True,True
12940,Female,hs_or_less,111771.22162767856,112428,-656.7783723214379,2819.494103558296,2846.27873271185,True,True
12980,Female,hs_or_less,18931.46699170691,19501,-569.5330082930886,956.4920281946944,881.5636915654936,True,True
13020,Female,hs_or_less,13103.569228669603,14964,-1860.430771330397,841.3114762084255,577.5423336583793,False,False
13140,Female,hs_or_less,55601.0,56486,-885.0,2071.404113156098,1665.6908862863784,True,True
13220,Female,hs_or_less,19413.0,19483,-70.0,1056.6702418446353,1290.6178230817402,True,True
13380,Female,hs_or_less,19254.0,19959,-705.0,1146.9276350319578,1124.0192433761977,True,True
13460,Female,hs_or_less,25019.0,24383,636.0,1419.681302264702,1460.2166136009582,True,True
13740,Female,hs_or_less,20998.044494821672,20731,267.04449482167183,978.1881209665142,1099.476735916605,True,True
13780,Female,hs_or_less,31503.36557196036,31502,1.3655719603593752,1135.2383009747336,1041.9301220239668,True,True
13820,Female,hs_or_less,146381.9913773615,146787,-405.00862263850286,3004.3243832848675,3160.221420259936,True,True
13900,Female,hs_or_less,13018.68506208741,12681,337.6850620874102,811.7758311258102,1032.8483069301979,True,True
13980,Female,hs_or_less,17635.0,18670,-1035.0,956.5521418093214,982.0032072268145,False,True
14010,Female,hs_or_less,14232.0,13988,244.0,790.7831561180346,913.4077843589357,True,True
14020,Female,hs_or_less,14021.842339935492,14565,-543.1576600645076,912.6998411306972,935.909866149812,True,True
14260,Female,hs_or_less,82241.43977343572,81531,710.439773435719,2195.3134172595946,2261.586309656462,True,True
14460,Female,hs_or_less,477748.5251886245,480117,-2368.4748113754904,5482.608229665877,5078.603648272055,True,True
14500,Female,hs_or_less,16544.2335966763,16844,-299.7664033237015,1078.6371030147257,876.5613719158345,True,True
14540,Female,hs_or_less,26034.734771837157,25452,582.7347718371566,1166.6820475176603,1133.9508784970155,True,True
14580,Female,hs_or_less,7472.0,7122,350.0,594.8335901745967,877.4722048945482,True,True
14740,Female,hs_or_less,23688.0,23085,603.0,1050.0066666455027,1216.1461747915012,True,True
14860,Female,hs_or_less,97160.0,96807,353.0,2491.8242313614337,2298.663898606917,True,True
15180,Female,hs_or_less,71425.0,70905,520.0,2080.795040363178,1681.9663669712602,True,True
15260,Female,hs_or_less,15838.300698830304,17283,-1444.699301169696,1167.9935787494724,779.9309768075339,False,False
15380,Female,hs_or_less,140159.0,139987,172.0,2628.5994369625814,2881.403642431281,True,True
15500,Female,hs_or_less,22947.0,22637,310.0,1200.9562856324121,1062.9601908344216,True,True
15540,Female,hs_or_less,20384.976499483302,19033,1351.9764994833022,920.800738487975,1201.819706437135,False,True
15940,Female,hs_or_less,62350.0,62847,-497.0,1648.374350686154,1826.9969424256024,True,True
15980,Female,hs_or_less,121926.0,121217,709.0,3238.678125408575,2946.1457689912427,True,True
16020,Female,hs_or_less,15153.57936294255,13660,1493.5793629425498,821.8114138900725,692.4350071740382,False,False
16180,Female,hs_or_less,7662.831521393293,7096,566.8315213932929,620.2773573168699,400.5284093250484,True,True
16220,Female,hs_or_less,7448.37453105192,8408,-959.6254689480802,642.2312667567658,541.243750861319,False,False
16300,Female,hs_or_less,31747.687573964176,29259,2488.6875739641764,1100.9686644042145,1423.5577065450282,False,False
16540,Female,hs_or_less,27722.80682221407,27560,162.80682221406823,1056.4042786736525,1334.4337388694626,True,True
16580,Female,hs_or_less,22035.57188435356,20846,1189.5718843535615,1087.9154378902801,853.33430294816,False,True
16620,Female,hs_or_less,34778.63453691406,34258,520.6345369140618,1222.7612195355232,1409.2867056154548,True,True
16700,Female,hs_or_less,84423.0,83637,786.0,2916.3756616732353,2438.6538285522406,True,True
16740,Female,hs_or_less,296338.6354671305,291722,4616.635467130516,5253.077669328714,5171.813732727641,True,True
16820,Female,hs_or_less,20841.644414429742,20037,804.644414429742,1036.6185412194786,1069.3888134418853,True,True
16860,Female,hs_or_less,76286.5771718611,74859,1427.5771718611068,1869.856678999757,1788.9026864548684,True,True
16940,Female,hs_or_less,9353.0,9326,27.0,707.4637799915979,702.8410490688844,True,True
16980,Female,hs_or_less,1041392.7311825661,1043876,-2483.2688174338546,8611.737571477663,7850.360486108648,True,True
17020,Female,hs_or_less,20967.0,20708,259.0,1007.817939907799,1207.02663868802,True,True
17140,Female,hs_or_less,276886.54115643585,273926,2960.541156435851,3852.3473363651933,5056.39132456155,True,True
17300,Female,hs_or_less,37589.08543615571,36873,716.0854361557067,1588.293423772824,1666.4575909069686,True,True
17410,Female,hs_or_less,280028.0,279567,461.0,3480.449970908934,4084.025650933923,True,True
17420,Female,hs_or_less,19501.0,18957,544.0,1025.2472872434241,952.4975446024782,True,True
17660,Female,hs_or_less,18796.391257986048,19393,-596.608742013952,1089.1896070014623,1109.8872552658374,True,True
17780,Female,hs_or_less,24938.413208932725,26010,-1071.586791067275,1169.6033515683853,1399.6459449336683,True,True
17820,Female,hs_or_less,59277.0,60851,-1574.0,1847.4709740615683,1774.1935096139457,True,True
17860,Female,hs_or_less,18039.133948575873,16376,1663.1339485758726,858.2482158443441,926.918681901206,False,False
17900,Female,hs_or_less,90813.74378045907,92224,-1410.2562195409264,2530.2638202369335,2682.235647318984,True,True
17980,Female,hs_or_less,42756.98890164619,41458,1298.9889016461893,1635.121708008306,1489.2933065612663,True,True
18020,Female,hs_or_less,11824.873976598674,11142,682.8739765986738,842.3039831319807,657.621182508259,True,True
18140,Female,hs_or_less,247848.97616035293,248942,-1093.0238396470668,3897.1555011315627,3573.179835134614,True,True
18580,Female,hs_or_less,62348.085963274076,64441,-2092.9140367259242,2200.340200968932,1870.5938421190758,True,True
18700,Female,hs_or_less,7569.781500735966,5228,2341.781500735966,550.8983572311683,764.6750128801872,False,False
18880,Female,hs_or_less,34750.26277183277,32764,1986.2627718327713,1416.7063915998967,1431.4049835566739,False,True
19100,Female,hs_or_less,880396.6795369182,879465,931.6795369181782,9378.117135118327,8301.40076317349,True,True
19140,Female,hs_or_less,24590.38459397996,25496,-905.6154060200388,1288.0473593777522,940.4456547707246,True,True
19300,Female,hs_or_less,29942.0,30292,-350.0,1579.2292423837648,1748.5159539674637,True,True
19340,Female,hs_or_less,44193.266411728604,46228,-2034.733588271396,1435.3689421190636,1798.4656078305952,False,True
19430,Female,hs_or_less,96706.0,95974,732.0,2248.5170668687397,2230.570200587173,True,True
19460,Female,hs_or_less,25046.0,25255,-209.0,1153.5493054048447,1176.4421383694355,True,True
19500,Female,hs_or_less,15797.683483747434,15670,127.68348374743437,763.2227721969517,706.2346387059249,True,True
19660,Female,hs_or_less,97904.0,96501,1403.0,2469.1804308312508,2730.748754986442,True,True
19740,Female,hs_or_less,258609.56036752847,257942,667.5603675284656,4384.835686773223,4553.417936328991,True,True
19780,Female,hs_or_less,69497.3881722892,71694,-2196.6118277108035,1910.217788630396,2339.3678565008677,False,True
19820,Female,hs_or_less,531767.7194598237,528615,3152.719459823682,5359.024444803364,6931.739148189506,True,True
20020,Female,hs_or_less,25366.0,25008,358.0,849.320316488426,866.5948369898704,True,True
20100,Female,hs_or_less,25899.0,26053,-154.0,1419.159610473748,1494.3534836991382,True,True
20220,Female,hs_or_less,13304.452247238489,12155,1149.4522472384888,638.5052858042759,599.1675203797477,False,False
20260,Female,hs_or_less,30070.620637279644,27499,2571.620637279644,887.3990083384136,1157.4540796565511,False,False
20500,Female,hs_or_less,48588.7518012292,47195,1393.7518012291985,1808.3708137436856,1727.9768225985651,True,True
20580,Female,hs_or_less,9591.861677337685,10846,-1254.1383226623147,883.6894250810066,404.0241434928619,False,False
20740,Female,hs_or_less,19051.82929510696,18281,770.8292951069598,763.3839138991599,1011.2762932618145,False,True
20940,Female,hs_or_less,27471.0,27567,-96.0,1419.0066948397389,1155.8951595592482,True,True
21060,Female,hs_or_less,17122.836709311792,16728,394.8367093117922,975.6597767664709,912.0181164143651,True,True
21140,Female,hs_or_less,34738.0,35412,-674.0,1461.097874887237,1089.8972917957683,True,True
21300,Female,hs_or_less,11817.5495092965,11682,135.5495092964993,711.9838481314025,457.9084122711945,True,True
21340,Female,hs_or_less,127430.81880216807,126509,921.8188021680689,3230.1606771180905,3067.2343646386253,True,True
21420,Female,hs_or_less,8990.771408917435,9271,-280.2285910825649,744.0692172103345,519.3130822332877,True,True
21500,Female,hs_or_less,40256.0,40515,-259.0,1300.0565372321314,1597.5732365802514,True,True
21660,Female,hs_or_less,36803.0,37153,-350.0,1462.3122101658046,1471.1237391255536,True,True
21780,Female,hs_or_less,37138.20510237156,35403,1735.2051023715612,1238.0436179715157,1311.2403772824507,False,True
21820,Female,hs_or_less,9023.287975347026,8341,682.2879753470261,728.1572632337056,852.6239395634203,True,True
22020,Female,hs_or_less,18350.00027478469,17100,1250.0002747846884,952.9034578591894,1354.765188712558,False,True
22140,Female,hs_or_less,16175.06479417889,16011,164.06479417889022,901.7682629145916,955.1274987557243,True,True
22180,Female,hs_or_less,43312.57678443269,42600,712.576784432691,1289.0903769712968,1448.9752331382833,True,True
22220,Female,hs_or_less,71378.94354270867,71127,251.94354270867188,1965.536822346506,2345.710859751319,True,True
22380,Female,hs_or_less,12081.0,11807,274.0,718.3641138030212,855.7591356669819,True,True
22420,Female,hs_or_less,56507.43372751844,55091,1416.433727518437,1749.22382787338,1666.0704145362538,True,True
22500,Female,hs_or_less,32303.02272680441,31339,964.0227268044109,1444.3389491390171,1312.640593889962,True,True
22520,Female,hs_or_less,24523.76335496721,22917,1606.76335496721,1137.4656038755634,1053.4971858158806,False,False
22540,Female,hs_or_less,14810.659120589182,15780,-969.3408794108182,745.8532027148506,836.74922394394,False,True
22660,Female,hs_or_less,21782.0,22581,-799.0,1150.412534702226,1168.466207402893,True,True
22900,Female,hs_or_less,35077.83415880917,36207,-1129.1658411908284,1290.5030027086339,1171.7626677213798,True,True
23060,Female,hs_or_less,58507.044707371446,58928,-420.95529262855416,1695.2064770994712,1783.2512871950257,True,True
23420,Female,hs_or_less,158377.0,156624,1753.0,3098.683107386104,3112.0478509817294,True,True
23460,Female,hs_or_less,18052.055974654588,17126,926.0559746545878,909.1809500863951,790.5925533426087,False,True
23540,Female,hs_or_less,31349.666050719985,33320,-1970.333949280015,1440.4218132200026,1401.3168184110286,False,True
23580,Female,hs_or_less,32288.0,31837,451.0,1356.5750992849603,1169.7873057446168,True,True
23900,Female,hs_or_less,17389.19317778595,17152,237.19317778594996,836.1094425970801,672.9725432992141,True,True
24020,Female,hs_or_less,17050.0,17179,-129.0,827.5814159344083,834.347097342437,True,True
24140,Female,hs_or_less,16035.0,15637,398.0,805.8591688378311,903.1870964506744,True,True
24220,Female,hs_or_less,9943.66975703921,8403,1540.6697570392098,561.1310007475972,476.89088350712694,False,False
24260,Female,hs_or_less,10260.240700119797,10501,-240.7592998802029,715.534765053383,618.9658471249883,True,True
24300,Female,hs_or_less,16974.376532526367,17233,-258.62346747363335,1022.3067054460711,924.1055171670937,True,True
24340,Female,hs_or_less,125125.3160532457,123654,1471.3160532456968,2725.698992919064,2563.532293213776,True,True
24420,Female,hs_or_less,12299.318977152736,13150,-850.6810228472641,801.0112358762516,607.66241678771,False,True
24500,Female,hs_or_less,9318.297440226223,10573,-1254.7025597737775,670.1753501882921,568.4418234773746,False,False
24540,Female,hs_or_less,36655.0,36126,529.0,1548.3355579460158,1880.828214600552,True,True
24580,Female,hs_or_less,41863.973077723596,40587,1276.9730777235964,1287.6785313112896,1716.1726057398087,True,True
24660,Female,hs_or_less,97575.11554952835,98286,-710.8844504716544,2695.166599674313,2217.8945775524912,True,True
24780,Female,hs_or_less,18894.0,18190,704.0,1135.7829898356463,963.7889908980338,True,True
24860,Female,hs_or_less,125279.54688818972,122866,2413.546888189725,3084.6982024178637,2644.4084499354494,True,True
25060,Female,hs_or_less,56750.01268201993,55778,972.0126820199293,2094.3793830154077,2138.8937179001196,True,True
25180,Female,hs_or_less,44106.50249039837,43667,439.5024903983722,1547.8594897470507,1246.0099351260562,True,True
25220,Female,hs_or_less,22574.85825825449,21403,1171.8582582544914,1361.9845814105238,1144.6781853523803,True,True
25260,Female,hs_or_less,19674.0,19763,-89.0,1062.281506946252,841.0376813808642,True,True
25420,Female,hs_or_less,82444.0,83200,-756.0,2149.3478080571326,2198.41962928259,True,True
25500,Female,hs_or_less,18083.0,17670,413.0,1020.6978005266789,964.9987690840595,True,True
25540,Female,hs_or_less,127929.73307483371,127148,781.7330748337117,2800.090534250634,2821.2109263772277,True,True
25620,Female,hs_or_less,18322.999733372508,17552,770.9997333725078,1287.5181552118013,1104.3030468773118,True,True
25740,Female,hs_or_less,10100.20670677699,9304,796.2067067769894,699.3568473962345,493.4705839013124,False,True
25860,Female,hs_or_less,56661.24599103826,55587,1074.2459910382604,1770.4770543556897,1924.0904196035965,True,True
25940,Female,hs_or_less,25431.42178776385,22703,2728.421787763851,1274.488524860071,1105.2116437982197,False,False
25980,Female,hs_or_less,9315.643629070632,10319,-1003.3563709293685,739.8797199545343,631.5996571003341,False,False
26140,Female,hs_or_less,30567.0,30259,308.0,1442.5584910151824,1264.8049209458152,True,True
26300,Female,hs_or_less,14043.934026792562,14031,12.934026792561781,771.0155640452402,524.5037317847784,True,True
26380,Female,hs_or_less,37802.17394602843,35817,1985.1739460284298,1366.952084017578,1005.1179261908766,False,False
26420,Female,hs_or_less,883249.28994441,883457,-207.71005559002515,8819.635650070812,7733.6776225027015,True,True
26580,Female,hs_or_less,60209.05847952056,57611,2598.0584795205577,1747.9756863297612,1432.690586531793,False,False
26620,Female,hs_or_less,53351.13624139008,52230,1121.1362413900788,1955.706266288473,2208.9309985032455,True,True
26820,Female,hs_or_less,15235.2930552565,15541,-305.70694474350057,885.5563223194785,965.8056872575391,True,True
26900,Female,hs_or_less,246968.37734265195,247886,-917.6226573480526,4312.9967539983145,4726.141636109425,True,True
26980,Female,hs_or_less,10676.944905942573,10828,-151.0550940574267,740.2911589368065,911.0310308698226,True,True
27060,Female,hs_or_less,6056.0,6264,-208.0,530.537463333175,513.0810114324053,True,True
27100,Female,hs_or_less,20833.0,20946,-113.0,953.045119603474,1078.5677430237054,True,True
27140,Female,hs_or_less,68722.78427737755,68475,247.78427737754828,1885.0328909597308,1886.2650878968177,True,True
27180,Female,hs_or_less,28816.346438802095,27998,818.3464388020948,1025.8913197800243,1211.1386302058115,True,True
27260,Female,hs_or_less,201313.2879370315,195169,6144.287937031506,4224.578440507407,4351.865197087297,False,False
27340,Female,hs_or_less,19530.695556973435,17603,1927.6955569734346,1032.7536008167679,1037.953031730453,False,False
27500,Female,hs_or_less,19734.0,21459,-1725.0,1023.6869638712803,1294.3340444819491,False,False
27620,Female,hs_or_less,18178.80871805529,19212,-1033.1912819447098,783.5662065199085,811.9503803351378,False,True
27740,Female,hs_or_less,30586.370327799286,30304,282.3703277992863,1189.2947490004317,1291.3415409696336,True,True
27780,Female,hs_or_less,23317.0,22885,432.0,731.9111967991745,973.5362389428553,True,True
27860,Female,hs_or_less,19362.0,19064,298.0,971.6130917191266,1017.1243316643988,True,True
27900,Female,hs_or_less,28801.36783498426,29443,-641.6321650157406,1170.9316803298132,1311.1484885085567,True,True
27980,Female,hs_or_less,19893.80126188915,19995,-101.19873811084835,1039.1645682951282,1019.2793423123904,True,True
28020,Female,hs_or_less,22458.0,22273,185.0,1145.6744738362638,1336.0389837800394,True,True
28100,Female,hs_or_less,15090.876785882074,15007,83.87678588207382,693.6785999293909,785.8185198318762,True,True
28140,Female,hs_or_less,229676.6761776479,229979,-302.3238223521039,3719.336903266495,4184.725602961601,True,True
28420,Female,hs_or_less,36079.33878269893,35947,132.3387826989274,1552.8222692890517,1601.9861229419546,True,True
28450,Female,hs_or_less,19624.0,19086,538.0,1041.279501382794,1464.9242690178562,True,True
28660,Female,hs_or_less,56465.60411251778,56712,-246.39588748222013,1765.0753524991503,1533.019353570774,True,True
28700,Female,hs_or_less,51883.91685300997,50593,1290.9168530099705,1540.1077884356016,1297.2437358628129,True,True
28740,Female,hs_or_less,21467.439043127073,21569,-101.56095687292691,1126.010657143173,1173.515283176549,True,True
28880,Female,hs_or_less,81764.32485973868,81455,309.3248597386846,2089.7172057481844,2139.0044599197267,True,True
28940,Female,hs_or_less,124208.40622080152,124498,-289.5937791984761,2414.845957820084,2392.99554831914,True,True
29020,Female,hs_or_less,13911.429725704304,13295,616.4297257043036,752.7037930022673,704.4824314679694,True,True
29100,Female,hs_or_less,16189.389823465963,15712,477.38982346596276,751.3581037028881,961.4301454096784,True,True
29180,Female,hs_or_less,65637.80587183037,65181,456.8058718303655,1984.4535771844098,1963.8301314432204,True,True
29200,Female,hs_or_less,24882.459525750688,24839,43.459525750688044,1044.3907314793635,1140.6855751570897,True,True
29340,Female,hs_or_less,37795.034178441376,38019,-223.96582155862416,1657.6513505559606,1487.2277519943195,True,True
29420,Female,hs_or_less,38564.0,38236,328.0,1367.1199654748664,1331.4533360472121,True,True
29460,Female,hs_or_less,120535.0,120052,483.0,2969.7786112772783,2999.0137293831704,True,True
29540,Female,hs_or_less,87989.0,87723,266.0,2003.2333863032534,2373.693361641042,True,True
29620,Female,hs_or_less,44306.0,44235,71.0,1362.8341792015638,1613.8695020780026,True,True
29700,Female,hs_or_less,40643.0,40386,257.0,1784.6422610708287,1427.3269337607098,True,True
29740,Female,hs_or_less,28670.0,27776,894.0,1439.5190168941847,1334.3741745505645,True,True
29820,Female,hs_or_less,323460.0,323662,-202.0,4553.926327906503,4574.425112917059,True,True
29940,Female,hs_or_less,8062.0,7491,571.0,633.5795135576907,967.799789858419,True,True
30020,Female,hs_or_less,16323.0,16256,67.0,646.4000309405933,976.904478814971,True,True
30140,Female,hs_or_less,26474.0,26133,341.0,1014.9571419523093,1115.3255885710012,True,True
30300,Female,hs_or_less,7746.688357490282,8607,-860.3116425097178,593.7659471542638,343.9094961502275,False,False
30340,Female,hs_or_less,16598.0,16997,-399.0,897.4006908845123,1282.650446085663,True,True
30460,Female,hs_or_less,55009.035674845996,52302,2707.0356748459963,1605.4251773284234,1801.4529709360884,False,False
30500,Female,hs_or_less,22512.0,22535,-23.0,1113.7311165627007,1256.811220161962,True,True
30620,Female,hs_or_less,16148.0,16084,64.0,725.3468136002253,826.4909574822946,True,True
30700,Female,hs_or_less,28367.779413210697,27658,709.7794132106974,1169.0278012091928,1342.1948131715324,True,True
30780,Female,hs_or_less,91088.0,90089,999.0,2504.719944424925,2509.119287287623,True,True
30860,Female,hs_or_less,10230.516395150427,10575,-344.48360484957266,765.433210672231,598.3307783324237,True,True
30980,Female,hs_or_less,40257.29430437816,38852,1405.2943043781634,1571.292461637871,1424.1753713113794,True,True
31020,Female,hs_or_less,15563.94033034613,15941,-377.0596696538705,939.943083383244,763.2321221100312,True,True
31080,Female,hs_or_less,1690372.0,1690014,358.0,10784.691650668554,8828.21262777891,True,True
31140,Female,hs_or_less,174913.92792226,174417,496.9279222599871,3002.987345960685,3728.915010122383,True,True
31180,Female,hs_or_less,42175.39339480937,41710,465.39339480936906,1646.5318095925143,1530.3462680084792,True,True
31340,Female,hs_or_less,33873.0,34472,-599.0,1150.0556508273849,1415.8994329634609,True,True
31420,Female,hs_or_less,34485.81168564684,35011,-525.1883143531595,1628.3546910915938,1535.405234712325,True,True
31540,Female,hs_or_less,50930.176615401695,52445,-1514.823384598305,1613.231849425246,1877.7136154245804,True,True
31700,Female,hs_or_less,49607.39916894215,47769,1838.3991689421528,1634.9764524298203,1884.1178384325624,False,True
31740,Female,hs_or_less,9448.0,8994,454.0,586.7725283276305,851.6497202811729,True,True
31860,Female,hs_or_less,8624.0,8152,472.0,558.8640263964035,806.4286806911384,True,True
31900,Female,hs_or_less,21610.0,21587,23.0,998.1773389533545,1081.8963156091945,True,True
32580,Female,hs_or_less,145867.0,145265,602.0,3344.9711508471937,2596.4202357808913,True,True
32780,Female,hs_or_less,27174.0,26923,251.0,1337.584389861066,1485.1544308673763,True,True
32820,Female,hs_or_less,174428.11936181848,172115,2313.119361818477,3813.514258528477,3740.2900408904816,True,True
32900,Female,hs_or_less,47440.0,46429,1011.0,1760.7299622599712,1505.664869601217,True,True
33100,Female,hs_or_less,863170.5863089423,865745,-2574.413691057707,9756.4645235864,8229.056626674075,True,True
33140,Female,hs_or_less,16423.0,16232,191.0,836.5315295910848,993.9199039868606,True,True
33220,Female,hs_or_less,10720.430771330402,8991,1729.4307713304024,530.5826985494344,471.6918822598619,False,False
33260,Female,hs_or_less,19573.83250574218,19188,385.8325057421789,1496.3341872723486,1429.5804586918587,True,True
33340,Female,hs_or_less,176848.0,174719,2129.0,3001.9088926881177,3741.878737480846,True,True
33460,Female,hs_or_less,312244.30768017727,311766,478.3076801772695,4217.492738582961,5299.888373075757,True,True
33500,Female,hs_or_less,8083.992552606426,7620,463.9925526064262,565.2910754646672,578.9035391136892,True,True
33540,Female,hs_or_less,11568.032941648347,9077,2491.0329416483473,768.5603424585477,866.3097149014496,False,False
33660,Female,hs_or_less,61247.0,61135,112.0,1719.8037678758585,1875.4607413566407,True,True
33700,Female,hs_or_less,83146.0,82360,786.0,2405.3621348977786,2141.2615954364965,True,True
33740,Female,hs_or_less,32998.71146376469,32418,580.7114637646882,1407.4295719502272,1501.3120081132104,True,True
33780,Female,hs_or_less,21751.0,21811,-60.0,1009.196710260195,1298.2915903977425,True,True
33860,Female,hs_or_less,53100.25646834588,51452,1648.2564683458768,1763.3916184444113,1848.1052870109818,True,True
34060,Female,hs_or_less,17729.007955141125,16135,1594.0079551411254,904.5181037436454,846.3907160597782,False,False
34100,Female,hs_or_less,20825.063023635466,19372,1453.0630236354664,1075.2269527871779,991.7782043262783,False,True
34580,Female,hs_or_less,14243.0,14439,-196.0,784.3423997209381,820.1325633533277,True,True
34620,Female,hs_or_less,14353.0,14777,-424.0,811.4542500967013,822.7486864042993,True,True
34740,Female,hs_or_less,24048.0,23595,453.0,1005.340240913493,1062.8041252430996,True,True
34820,Female,hs_or_less,56079.76132366591,55706,373.761323665909,2102.245941844103,2097.7952351118947,True,True
34900,Female,hs_or_less,13438.0,13882,-444.0,1090.6200071518952,1647.7977398667592,True,True
34940,Female,hs_or_less,53467.0,52895,572.0,1856.0290945995432,1902.1286226156606,True,True
34980,Female,hs_or_less,230069.01244217547,228234,1835.0124421754736,4145.527831290004,4532.448117673649,True,True
35300,Female,hs_or_less,71128.0,70384,744.0,2229.0906217558763,2527.137641265311,True,True
35380,Female,hs_or_less,128838.0,127930,908.0,2908.656734645737,3272.895530431349,True,True
35620,Female,hs_or_less,2511286.675140261,2513028,-1741.3248597388156,14695.902456127014,15037.39038492246,True,True
35660,Female,hs_or_less,18950.0,19173,-223.0,837.2371229227715,1049.3131229916548,True,True
35840,Female,hs_or_less,119364.0,120045,-681.0,2810.6243078718294,2913.5509111908877,True,True
35980,Female,hs_or_less,34472.0,34252,220.0,1408.8651461371312,1370.4789106494852,True,True
36100,Female,hs_or_less,66583.0,66807,-224.0,2290.561939786829,2322.6803796349704,True,True
36220,Female,hs_or_less,23114.0,22802,312.0,1553.8561709501944,1217.9819837927612,True,True
36260,Female,hs_or_less,62552.716180898205,60108,2444.7161808982055,1946.3653305584746,2259.131119095217,False,True
36420,Female,hs_or_less,171722.11756978967,169964,1758.1175697896688,2768.936438418188,3701.3777872018663,True,True
36500,Female,hs_or_less,28020.0,28483,-463.0,1333.8661851925028,1469.3671871251245,True,True
36540,Female,hs_or_less,92900.33841471828,92856,44.338414718280546,2012.3446523893465,2288.1057871936882,True,True
36740,Female,hs_or_less,323108.0,322881,227.0,5926.744468930646,5635.546977088937,True,True
36780,Female,hs_or_less,19229.0,19698,-469.0,774.7825501390697,1270.4717435976293,True,True
36980,Female,hs_or_less,15225.97074888898,15268,-42.02925111102013,895.8325736430887,931.0735584869047,True,True
37100,Female,hs_or_less,95988.0,95482,506.0,2375.841535119714,2431.882983480856,True,True
37140,Female,hs_or_less,14668.140871549433,13926,742.1408715494326,722.7253973674925,522.0210260778384,False,True
37340,Female,hs_or_less,77623.0,78655,-1032.0,2334.67706546323,2358.646725233296,True,True
37460,Female,hs_or_less,27117.229582976175,28238,-1120.7704170238248,1263.0566099743908,1306.3136828429936,True,True
37620,Female,hs_or_less,14495.182804636896,13837,658.1828046368955,719.9395807982778,694.625614687045,True,True
37860,Female,hs_or_less,61675.0,61839,-164.0,2078.858100015487,1763.2106518302062,True,True
37900,Female,hs_or_less,42374.408953862614,42910,-535.591046137386,1334.0742108293675,1626.3409203183935,True,True
37980,Female,hs_or_less,758302.058085303,757000,1302.0580853030551,7745.179210321734,8985.896924841656,True,True
38060,Female,hs_or_less,558076.2437975521,556689,1387.2437975520734,6103.294929789974,6722.771069951598,True,True
38240,Female,hs_or_less,10868.240536176641,9651,1217.2405361766414,736.6654600291777,679.6506923311598,False,False
38300,Female,hs_or_less,322616.89849975583,324047,-1430.101500244171,3553.0512239482277,4499.484301160707,True,True
38340,Female,hs_or_less,15574.0,15613,-39.0,901.9911307767943,871.7156738502814,True,True
38540,Female,hs_or_less,10420.269796978391,9442,978.2697969783912,705.8470089190716,618.245358442512,False,False
38860,Female,hs_or_less,55926.0,54597,1329.0,1705.5189825973794,2567.6683223972873,True,True
38900,Female,hs_or_less,230978.83100889344,232137,-1158.1689911065623,4194.374923632841,4384.7101970783815,True,True
38940,Female,hs_or_less,70805.0,70441,364.0,2565.1541863989387,2621.2524252137086,True,True
39150,Female,hs_or_less,29642.0,29520,122.0,1380.476367055952,1656.343180885607,True,True
39300,Female,hs_or_less,229035.0,228573,462.0,4070.8370146690963,3358.245502132215,True,True
39340,Female,hs_or_less,40640.539483218105,39900,740.5394832181046,1407.240562235185,1600.9388056490118,True,True
39380,Female,hs_or_less,22731.236526034438,22594,137.2365260344377,1065.236593438284,1115.7822980328542,True,True
39460,Female,hs_or_less,31831.0,32609,-778.0,1379.130160644745,1393.9406198741035,True,True
39540,Female,hs_or_less,23930.0,22897,1033.0,1022.961387345583,1512.2082467991968,False,True
39580,Female,hs_or_less,118825.13399849921,115805,3020.1339984992082,3261.7069150982893,3467.1812929689067,True,True
39660,Female,hs_or_less,16987.946786750035,15749,1238.9467867500352,964.6626353290563,901.8222989005308,False,True
39740,Female,hs_or_less,66427.0,67997,-1570.0,1635.9242036231385,1877.8478388420478,True,True
39820,Female,hs_or_less,20412.0,20667,-255.0,956.287090783934,1092.5850503999677,True,True
39900,Female,hs_or_less,64603.5240651578,66814,-2210.4759348422012,1992.5190086922635,2097.9448373417217,False,True
40060,Female,hs_or_less,145824.18451077212,146010,-185.81548922788352,3032.9324094018316,2936.8540751595697,True,True
40140,Female,hs_or_less,663849.0,657335,6514.0,6486.4437868527,6792.655148954733,False,True
40220,Female,hs_or_less,44901.81677813757,43462,1439.8167781375669,1627.7552027255203,2002.1604706031264,True,True
40340,Female,hs_or_less,19317.85294840758,19880,-562.1470515924193,891.888445939289,1146.7847101076227,True,True
40380,Female,hs_or_less,124537.82056877422,123692,845.8205687742156,2379.7148988902013,2727.595802411807,True,True
40420,Female,hs_or_less,47070.0,47036,34.0,1569.611735430135,1675.8061971559391,True,True
40580,Female,hs_or_less,24180.0,23902,278.0,1159.6365810028587,1333.6604037811687,True,True
40660,Female,hs_or_less,15229.373356911501,14011,1218.373356911501,957.572451566982,710.395537562243,False,False
40900,Female,hs_or_less,242612.0,244513,-1901.0,4206.316797389374,4526.180582259037,True,True
40980,Female,hs_or_less,24953.0,25103,-150.0,1066.119130303926,1131.3471803424227,True,True
41060,Female,hs_or_less,20216.584891859024,20237,-20.415108140976372,827.7064697101262,1312.6950374286303,True,True
41100,Female,hs_or_less,17781.0,17714,67.0,1134.2878823297021,1272.071384339338,True,True
41140,Female,hs_or_less,16605.56914068852,16756,-150.43085931148016,694.8834434637222,786.3075905104978,True,True
41180,Female,hs_or_less,315723.93887033046,310835,4888.938870330458,4304.416685219961,4009.5040497798627,False,True
41420,Female,hs_or_less,52974.332747880275,51865,1109.3327478802748,1719.222207860287,1926.9465523540346,True,True
41500,Female,hs_or_less,59148.43872760802,60744,-1595.5612723919767,1944.3286759187604,1555.3760190406929,True,True
41540,Female,hs_or_less,17317.305156353155,17378,-60.694843646844674,1012.0592868009265,792.7452394763077,True,True
41620,Female,hs_or_less,121387.32599517486,120492,895.3259951748623,2555.204297115986,3210.828317297353,True,True
41660,Female,hs_or_less,15769.58168990378,15356,413.58168990378,931.8272372065543,871.6884794861753,True,True
41700,Female,hs_or_less,329327.55309659604,326514,2813.553096596035,5197.786740527164,4791.171293495768,True,True
41740,Female,hs_or_less,324716.0,325149,-433.0,5243.148004777283,4290.345578856236,True,True
41780,Female,hs_or_less,18040.49101990082,16018,2022.491019900819,743.6827280500738,804.2627546006041,False,False
41860,Female,hs_or_less,415803.0,420364,-4561.0,5067.802581000961,5413.870543796277,True,True
41940,Female,hs_or_less,174597.56127239196,172402,2195.561272391962,3232.8430212430667,2894.683253090619,True,True
42020,Female,hs_or_less,22296.0,22385,-89.0,1193.9635672833572,1347.924031532842,True,True
42100,Female,hs_or_less,21592.0,21668,-76.0,1098.2686374471411,1068.7710079052247,True,True
42140,Female,hs_or_less,16932.682238572837,15900,1032.6822385728374,1073.5390072093328,1106.2157209272068,True,True
42200,Female,hs_or_less,46348.0,46103,245.0,1737.8066635848766,1555.0454813855124,True,True
42220,Female,hs_or_less,49213.0,48410,803.0,1919.4879525540139,1772.5852431286626,True,True
42340,Female,hs_or_less,45161.59857551268,45449,-287.40142448731785,1772.5887848003551,1627.0314429644147,True,True
42540,Female,hs_or_less,91371.70158468111,90452,919.7015846811119,1917.8162060009818,2138.6911284486714,True,True
42660,Female,hs_or_less,342939.0,343437,-498.0,5202.78896362326,5180.785457173338,True,True
42680,Female,hs_or_less,23254.0,23618,-364.0,1405.0227756161107,1640.378460516048,True,True
42700,Female,hs_or_less,18611.000295401456,18661,-49.99970459854376,1004.2250743732702,652.4317137724695,True,True
43100,Female,hs_or_less,15597.0,15605,-8.0,894.2136210101029,1125.4294279457285,True,True
43300,Female,hs_or_less,19734.559087178044,20585,-850.4409128219559,1158.2901190979744,816.4067122043335,True,True
43340,Female,hs_or_less,54876.311451833724,53663,1213.3114518337243,1889.515017140642,2037.240789455789,True,True
43420,Female,hs_or_less,17777.706356227165,15835,1942.706356227165,877.220610792975,796.441554178308,False,False
43580,Female,hs_or_less,17480.749947956567,18220,-739.2500520434332,879.04152347884,671.4651975824194,True,True
43620,Female,hs_or_less,27921.248110274923,28414,-492.7518897250775,1134.6263702206115,1245.4864401124776,True,True
43640,Female,hs_or_less,29672.0,29279,393.0,1428.8201426351743,1655.6855538850818,True,True
43780,Female,hs_or_less,39513.51586080939,39811,-297.4841391906084,1386.7854917037457,1431.560318153583,True,True
43900,Female,hs_or_less,54112.34385677519,55096,-983.6561432248127,1824.1809120808166,1722.8239777229924,True,True
44060,Female,hs_or_less,59584.22186646297,58317,1267.221866462969,1956.741168371535,2040.6677673816505,True,True
44100,Female,hs_or_less,24241.738645708017,25114,-872.2613542919826,1076.1537994171651,1026.6594129377675,True,True
44140,Female,hs_or_less,66873.0,68089,-1216.0,2056.3326579131112,1929.7982912807236,True,True
44180,Female,hs_or_less,56667.47142615972,56619,48.47142615971825,1646.0552846122757,2011.5287921432966,True,True
44220,Female,hs_or_less,21424.0,21416,8.0,840.8174593810478,914.1578187004966,True,True
44300,Female,hs_or_less,15158.0,14883,275.0,700.3684744475582,1078.0496549643483,True,True
44420,Female,hs_or_less,18937.4994687815,18619,318.4994687815015,903.3476628629754,1150.3662384942927,True,True
44700,Female,hs_or_less,114154.0,112830,1324.0,2456.3774139981015,2336.615233810436,True,True
44940,Female,hs_or_less,15349.80669035063,14583,766.8066903506297,906.2803098379662,745.9367251034483,True,True
45060,Female,hs_or_less,78732.59205691346,78507,225.59205691346142,1873.6672596808644,1833.9115866569566,True,True
45220,Female,hs_or_less,36080.22562937306,37898,-1817.7743706269393,1487.5456295522501,1715.3742962284848,False,True
45300,Female,hs_or_less,438943.0,434585,4358.0,5452.7909367589,4831.032978078938,True,True
45460,Female,hs_or_less,24668.413171627297,23738,930.4131716272968,936.1228551851515,960.2760815958474,True,True
45500,Female,hs_or_less,23692.72906385857,22651,1041.7290638585691,1088.2113765257188,765.8313688634163,True,True
45780,Female,hs_or_less,74350.28945685022,74360,-9.71054314977664,1734.795376982542,1946.4125321262538,True,True
45820,Female,hs_or_less,29020.28328565505,28576,444.28328565504853,1208.1225103440463,1478.7335089529438,True,True
45900,Female,hs_or_less,16231.42296644923,15757,474.42296644923044,727.3169872895861,794.1210412543937,True,True
45940,Female,hs_or_less,43591.0,44563,-972.0,1972.9911302385524,2125.8559733587317,True,True
46060,Female,hs_or_less,108878.75620244793,109188,-309.2437975520734,2432.599843788534,2491.7354666515967,True,True
46140,Female,hs_or_less,128010.19273604114,127864,146.1927360411355,1692.9432949747609,2618.9893140506806,True,True
46220,Female,hs_or_less,33611.291399578724,33766,-154.70860042127606,1451.7744315147584,1504.0292232295492,True,True
46300,Female,hs_or_less,14354.05061825651,15663,-1308.9493817434904,845.1987931841834,763.5483279182699,False,False
46340,Female,hs_or_less,28151.0,28008,143.0,1469.7271855688048,1486.0064956835654,True,True
46520,Female,hs_or_less,108734.0,109792,-1058.0,2066.216348788287,2446.491069863888,True,True
46540,Female,hs_or_less,38398.59837899564,39356,-957.4016210043628,1271.015735543821,1330.6712282777255,True,True
46660,Female,hs_or_less,20560.99950407859,21033,-472.0004959214093,1153.6459595560502,1000.9868469385831,True,True
46700,Female,hs_or_less,54663.0,53635,1028.0,1892.086150258492,2118.653736465683,True,True
47020,Female,hs_or_less,14884.635144153042,14599,285.63514415304235,954.8848098069211,617.0364204983567,True,True
47220,Female,hs_or_less,25094.941914696938,25965,-870.0580853030624,1356.66502866404,1142.4446464387877,True,True
47260,Female,hs_or_less,190188.55040567147,189382,806.5504056714708,3603.7093390005803,3856.8245592283984,True,True
47300,Female,hs_or_less,72091.0,72057,34.0,2245.1144736961633,1786.8993751957607,True,True
47380,Female,hs_or_less,37463.24620909752,37167,296.24620909751684,1499.973333096292,1404.2661261509354,True,True
47460,Female,hs_or_less,6533.661217301078,6748,-214.33878269892193,578.1496346102798,435.1204217060304,True,True
47580,Female,hs_or_less,25331.84487056093,23765,1566.8448705609298,1270.5239076853297,1276.2600045125873,False,True
47900,Female,hs_or_less,557639.6686294631,556981,658.6686294630636,6524.512548842251,6433.280200175655,True,True
47930,Female,hs_or_less,60915.0,61021,-106.0,1823.4006690796184,2255.336964507466,True,True
47940,Female,hs_or_less,19462.4801890772,18344,1118.4801890771996,864.0190970111714,1122.6276691385765,False,True
48060,Female,hs_or_less,14707.643285914735,13263,1444.6432859147353,735.3706548401289,668.4042539088631,False,False
48140,Female,hs_or_less,17586.0,17602,-16.0,719.2934032785231,1086.4389392546414,True,True
48260,Female,hs_or_less,19723.53674764303,20031,-307.46325235697077,773.2916655441205,568.0421384592303,True,True
48300,Female,hs_or_less,15302.0,15092,210.0,837.1146874831429,718.1069404073812,True,True
48540,Female,hs_or_less,23359.698451214423,22429,930.6984512144227,924.0178569703077,750.4729448464461,False,True
48620,Female,hs_or_less,74116.81165470941,74312,-195.1883452905895,2030.1568904890084,2312.78265009787,True,True
48660,Female,hs_or_less,19823.154517639217,19830,-6.845482360782626,928.170781699144,942.1013162138961,True,True
48680,Female,hs_or_less,20963.0,21954,-991.0,1550.1180600199457,1681.8886981333665,True,True
48700,Female,hs_or_less,19058.142389805194,19172,-113.8576101948056,729.6183934084995,735.386027777728,True,True
48900,Female,hs_or_less,46301.0,46544,-243.0,1970.1708047781035,2074.384330911825,True,True
49020,Female,hs_or_less,20768.58255633596,20919,-150.41744366403873,1143.6358686225262,933.3916808106535,True,True
49180,Female,hs_or_less,89044.85972769842,87161,1883.859727698422,2277.13372466353,2365.0413567011033,True,True
49340,Female,hs_or_less,99594.0,99410,184.0,2227.842454034845,2273.9527952980357,True,True
49420,Female,hs_or_less,37950.0,39069,-1119.0,1476.6052282177523,1391.059407718628,True,True
49620,Female,hs_or_less,74398.0,73012,1386.0,1781.7679422416377,2237.240398899948,True,True
49660,Female,hs_or_less,71979.0,72772,-793.0,1625.8846822576318,1871.8238802468838,True,True
49700,Female,hs_or_less,24053.0,23456,597.0,1168.2872078388943,1094.453065965485,True,True
49740,Female,hs_or_less,34127.542014971514,34163,-35.45798502848629,1640.8607497286296,996.9908309556829,True,True
