cbsa,sex,band,est,published,gap,pub_moe,moe,pass_pub_moe,pass_combined_moe
41860,Female,65-69,127167.0,127070,97.0,2310.922326691228,2473.418630351522,True,True
41860,Female,50-54,154094.0,153837,257.0,207.0,640.5997305211343,False,True
41860,Male,55-59,154084.0,153326,758.0,2226.0,2456.7964855795954,True,True
31080,Male,55-59,413085.0,413312,-227.0,3957.0,4456.3807519401325,True,True
44700,Female,50-54,23597.0,23461,136.0,88.0,250.1611811612665,False,True
44700,Female,65-69,19050.0,19045,5.0,936.7262140027896,794.7442586753931,True,True
44700,Male,50-54,23921.0,23884,37.0,117.0,426.27470011132493,True,True
17020,Male,30-34,6842.0,6898,-56.0,32.0,229.5588511716549,False,True
17020,Male,18-24,14712.0,15080,-368.0,998.7582290023947,380.24113619353443,True,True
37100,Female,60-64,28823.0,28420,403.0,1153.65332747754,995.1256832675709,True,True
23420,Female,60-64,30077.0,29844,233.0,1274.7489949005646,1317.6307268265643,True,True
20940,Male,60-64,4904.0,4735,169.0,528.9092549766925,440.7631614725192,True,True
34900,Male,30-34,4087.0,4101,-14.0,92.0,173.74813639288337,True,True
42020,Female,60-64,10258.0,9978,280.0,641.599563590874,749.8460538695593,True,True
41500,Female,55-59,12241.641676674892,12367,-125.35832332510836,647.0,732.5581230808571,True,True
47930,Female,55-59,16832.0,16428,404.0,771.0,757.208706180139,True,True
25540,Male,45-49,32553.002877286384,32391,162.00287728638432,117.0,394.15141759302884,False,True
25540,Male,35-39,38132.88853207897,37812,320.88853207897046,1224.0,1404.351517299631,True,True
25540,Male,40-44,36011.83691976892,36429,-417.16308023108286,1208.0,1432.0088727335865,True,True
33100,Female,60-64,210454.42135279134,210126,328.421352791338,3754.8395438420534,3113.283408592856,True,True
38940,Female,45-49,14566.0,14443,123.0,158.0,290.734611993911,True,True
37460,Female,65-69,6760.692040537054,6656,104.6920405370538,532.9024300939151,436.2194665402964,True,True
19660,Male,25-29,18869.0,19333,-464.0,163.0,433.18178897404033,False,False
29460,Male,55-59,22909.0,22249,660.0,985.0,1224.4388739096983,True,True
45220,Female,60-64,11883.597216073933,12341,-457.40278392606706,741.0998583187019,666.6685239362695,True,True
45300,Female,60-64,117442.0,116163,1279.0,2662.5269951683117,2200.134490389451,True,True
19660,Female,65-69,31176.0,31068,108.0,1218.7994092548618,1067.7722116742643,True,True
38940,Female,40-44,14531.0,14679,-148.0,1049.0,979.560552409855,True,True
42700,Male,60-64,3401.611663277741,3741,-339.3883367222588,434.3109485150012,299.1306828446171,True,True
19660,Female,50-54,22185.0,22325,-140.0,80.0,270.52924008321173,False,True
38940,Female,35-39,14137.0,13969,168.0,1005.0,997.2899158901838,True,True
38060,Male,40-44,167760.8316496603,167410,350.83164966030745,3058.0,3144.2257929633806,True,True
38060,Female,30-34,178840.7991043029,178262,578.7991043028887,47.0,1015.413895379628,False,True
38060,Male,35-39,174811.6492786076,175920,-1108.3507213924022,3043.0,3691.67061037969,True,True
38060,Female,18-24,220947.89361052442,220701,246.8936105244211,3135.6016966445213,1334.2478072279487,True,True
46060,Male,25-29,36091.90004834729,36970,-878.0999516527081,45.0,627.5121934223027,False,False
38060,Male,45-49,153319.81597496118,152938,381.8159749611805,67.0,1321.358056498928,False,True
29420,Female,40-44,4834.0,5103,-269.0,612.0,515.7907927154187,True,True
39150,Male,45-49,5575.0,5425,150.0,93.0,195.2286526710411,False,True
29420,Female,45-49,4965.0,4943,22.0,87.0,183.4565922466402,True,True
39150,Male,40-44,5309.0,5292,17.0,490.0,640.996788404591,True,True
39150,Male,35-39,6372.0,6273,99.0,494.0,666.6629134858936,True,True
22380,Female,60-64,4483.0,4396,87.0,459.02723230762683,327.06823934960426,True,True
16980,Male,18-24,418804.3051730057,419815,-1010.6948269943241,3692.1530304146386,1879.3534258288948,True,True
16980,Male,30-34,334731.73016066017,336511,-1779.2698393398314,395.0,1113.5205942722935,False,False
37900,Male,18-24,15204.226090687096,15030,174.22609068709608,619.1744503772745,282.90204613723984,True,True
37900,Male,30-34,11456.62515778647,11661,-204.37484221353043,109.0,259.66052855113975,False,True
44100,Female,18-24,8236.296243150402,8186,50.296243150402006,453.756542652555,274.8595617349636,True,True
19340,Male,35-39,11850.923959978303,12127,-276.0760400216968,655.0,698.3189475764196,True,True
44100,Female,30-34,6681.705464381943,6712,-30.294535618057125,15.0,142.74280656488233,False,True
28100,Male,55-59,3272.6154568566376,2893,379.6154568566376,312.0,334.46416658267765,False,True
14010,Male,60-64,4440.0,4557,-117.0,411.86648321998723,363.1806471699036,True,True
19340,Male,40-44,12821.139440962725,12814,7.1394409627246205,689.0,771.6334547608898,True,True
16580,Female,30-34,7476.179711155153,7548,-71.8202888448468,86.0,212.86973802865117,True,True
16580,Female,18-24,23651.53559329089,23794,-142.46440670911034,1303.3261295623595,828.7735945774814,True,True
19340,Male,45-49,11043.211936214295,11287,-243.78806378570516,97.0,247.440172280236,False,True
10780,Male,30-34,5513.195520604699,5275,238.1955206046987,133.0,160.66913685361914,False,False
43340,Male,25-29,12173.206997750141,11945,228.20699775014145,149.0,334.05933733691353,False,True
12940,Male,55-59,23905.060562188355,24696,-790.9394378116449,990.0,1242.0000725805937,True,True
10780,Male,18-24,7265.8039643048905,6373,892.8039643048905,465.6329026175019,290.19203510178033,False,False
29340,Female,25-29,7802.415339269184,7893,-90.58466073081581,166.0,278.5529752292122,True,True
25220,Male,25-29,4607.2133909019385,4669,-61.78660909806149,162.0,171.3818113531888,True,True
29340,Male,45-49,6952.7657086730505,6898,54.76570867305054,181.0,351.00414250938536,True,True
29340,Male,35-39,8183.479604033228,8882,-698.5203959667724,562.0,787.3726716783772,False,True
29340,Male,40-44,6970.193133932121,6766,204.19313393212087,581.0,707.1501050338171,True,True
16300,Female,25-29,9234.44351429509,8594,640.4435142950897,59.0,363.1763590022518,False,False
26980,Male,35-39,6314.701484677835,6061,253.70148467783474,471.0,750.5598204540828,True,True
16300,Male,60-64,9205.60629804188,8969,236.6062980418792,705.0992837891697,721.1859937231843,True,True
20220,Male,40-44,2847.1217399300253,2756,91.12173993002534,297.0,282.1804040957521,True,True
26980,Female,50-54,4279.191383006866,4181,98.19138300686609,113.0,320.07142161703547,True,True
26980,Female,65-69,4249.771203582232,4342,-92.22879641776763,413.4948609112331,433.1688938360409,True,True
26980,Male,45-49,4575.7675400702265,4663,-87.23245992977354,140.0,259.3849033458795,True,True
26980,Male,40-44,5188.760645244595,5463,-274.23935475540475,457.0,729.4440069664593,True,True
11180,Male,45-49,3009.0,3115,-106.0,105.0,209.13152263886477,False,True
17980,Male,65-69,8589.908171866657,8743,-153.09182813334337,641.775661738586,439.21370840843986,True,True
12220,Male,18-24,16657.687229675415,17616,-958.3127703245846,1256.9248187540893,549.1994433485207,True,True
12220,Male,30-34,6625.044787567139,6352,273.0447875671389,71.0,318.0494578745054,False,True
17980,Male,50-54,9014.713273626425,9094,-79.28672637357522,272.0,367.21388920652515,True,True
26620,Female,60-64,18703.774311360263,18456,247.7743113602628,990.9656906270772,1059.2389844609145,True,True
46220,Male,60-64,7667.772159338672,7813,-145.22784066132772,667.8689991308175,582.3539850063034,True,True
22520,Female,65-69,4689.210054942834,4844,-154.78994505716582,411.80820778610035,388.5330652766657,True,True
26420,Female,60-64,202060.5915565196,202592,-531.4084434804099,3910.908334389851,3367.144377695863,True,True
12420,Female,60-64,63685.52767291663,63681,4.527672916628944,2046.0738012105037,1606.1161687758588,True,True
13140,Male,18-24,17612.0,17542,70.0,997.6542487254791,467.23733979103173,True,True
19100,Female,30-34,303184.7714479293,303992,-807.2285520706791,343.0,924.2023426939802,False,True
41700,Female,30-34,97143.06158970547,97208,-64.93841029453324,221.0,660.0113603267058,True,True
19100,Female,18-24,364497.27499484754,364065,432.27499484753935,3595.6274834860187,1609.6773547077637,True,True
32580,Male,25-29,32036.0,32264,-228.0,219.0,365.4960862529858,False,True
41700,Female,18-24,122971.27148653877,123206,-234.72851346123207,2723.455525614472,1553.2432994690894,True,True
15180,Male,18-24,23937.0,24337,-400.0,893.8528961747564,280.35283810985396,True,True
28660,Female,60-64,13911.045572062292,13207,704.0455720622922,827.565707361053,750.324740855911,True,True
10180,Female,55-59,4955.026940624131,4743,212.02694062413138,368.0,451.9720932574583,True,True
31180,Male,18-24,28523.33605917383,28711,-187.66394082616898,1245.0301201175816,1011.0991405044356,True,True
15180,Female,60-64,11116.0,11146,-30.0,813.8034160655753,706.975376378131,True,True
21340,Male,30-34,33637.57826993916,33781,-143.4217300608434,69.0,627.5410152199852,False,True
30980,Female,65-69,9195.395191705436,8921,274.39519170543645,651.1105896850396,607.7125893743765,True,True
43300,Male,40-44,4361.36342729745,4136,225.36342729744956,402.0,342.76227811763493,True,True
15180,Male,30-34,13401.0,13491,-90.0,164.0,257.80094455315714,True,True
43300,Male,45-49,4198.169819073852,4219,-20.830180926148387,172.0,182.64123936935016,True,True
31180,Male,30-34,12323.19119352525,12454,-130.80880647474987,163.0,314.5830291658811,True,True
48660,Female,25-29,4831.644808350136,4692,139.64480835013637,88.0,149.7409495878914,False,True
41660,Female,55-59,3314.0209947966205,3544,-229.97900520337953,390.0,425.8560534710002,True,True
21340,Male,18-24,51288.77778147979,50956,332.77778147978825,1551.0918734878344,896.8197583489788,True,True
30980,Female,50-54,8482.804005115599,8330,152.80400511559856,144.0,176.6482489962302,False,True
17780,Male,25-29,10665.532551900093,10563,102.53255190009259,170.0,239.87164977269887,True,True
13140,Male,30-34,14109.0,14394,-285.0,226.0,468.54757669045733,False,True
33260,Female,25-29,6799.301169193129,6725,74.30116919312877,256.0,251.23909887521023,True,True
41620,Male,55-59,32098.20000634151,31759,339.20000634151074,863.0,1168.7749108147705,True,True
36420,Male,65-69,36165.425383143025,34912,1253.425383143025,1237.2182507544899,1500.7107762101302,False,True
36420,Male,50-54,40499.28264288142,41212,-712.7173571185776,159.0,938.0535938231088,False,True
46140,Female,65-69,28771.725703618074,28620,151.72570361807448,912.8115906363153,1118.0907743317189,True,True
46140,Male,55-59,29161.18338145125,29444,-282.81661854874983,738.0,1067.3012644313774,True,True
22900,Female,40-44,6947.067347830517,7041,-93.93265216948294,513.0,515.5891042370505,True,True
46140,Female,50-54,30014.65412281345,30556,-541.3458771865517,112.0,329.8995749000697,False,False
22900,Male,60-64,7798.691155803822,7667,131.69115580382186,597.8176979648562,454.0561880166261,True,True
22900,Female,35-39,7512.872964974849,7397,115.87296497484931,541.0,579.0896081376684,True,True
22900,Female,45-49,6555.062125500572,6573,-17.93787449942829,128.0,117.85770113556282,True,True
11020,Male,60-64,4899.742589826102,4931,-31.25741017389828,381.24139334547607,317.8039721832212,True,True
38300,Female,50-54,76512.00096605711,75986,526.0009660571086,144.0,817.9543703967793,False,True
37980,Male,40-44,202471.7640104756,202062,409.7640104755992,2788.0,4093.0163130200885,True,True
37980,Male,35-39,210188.3677155227,208569,1619.367715522705,2821.0,3784.8307236187493,True,True
38300,Female,65-69,88583.91202733445,88409,174.91202733444516,1584.6617935698457,1861.956508729258,True,True
29540,Female,18-24,24760.0,24380,380.0,858.0378779517837,658.0065799671004,True,True
37980,Male,45-49,179213.47919171202,178704,509.4791917120165,240.0,1522.5508807277515,False,True
29540,Male,25-29,17424.0,17417,7.0,23.0,341.16423554316185,True,True
49620,Male,55-59,15396.0,15902,-506.0,620.0,905.0038925579271,True,True
48700,Male,65-69,3621.9464569904558,3847,-225.05354300954423,304.4552512274998,237.38430286539906,True,True
48700,Male,50-54,3396.7127295326954,3439,-42.28727046730455,93.0,78.5508956001131,True,True
27780,Male,35-39,3445.0,3307,138.0,246.0,314.8669228896551,True,True
16540,Female,55-59,5033.454620074739,5255,-221.54537992526093,477.0,567.8966086320726,True,True
25420,Male,60-64,20187.0,19632,555.0,870.2011261771614,1056.0848113190295,True,True
27780,Male,45-49,3919.0,3855,64.0,60.0,229.01537338953906,False,True
23900,Male,25-29,2871.784294749528,2774,97.78429474952782,44.0,167.032151511433,False,True
49620,Female,25-29,13256.0,13449,-193.0,41.0,342.7396088395679,False,True
48700,Female,40-44,3714.9602560834696,3724,-9.03974391653037,290.0,323.5947039790218,True,True
29540,Female,30-34,18481.0,18532,-51.0,63.0,418.84491108881815,True,True
44300,Male,60-64,4786.0,4764,22.0,379.27298875612007,489.1966980992922,True,True
27780,Male,40-44,3949.0,4127,-178.0,242.0,346.2412396815983,True,True
23900,Female,60-64,4414.092667493936,4568,-153.90733250606445,371.96370790710216,332.00733206958597,True,True
48700,Female,45-49,3171.5914493374667,3122,49.591449337466656,127.0,154.54456034462524,True,True
12060,Female,50-54,220153.56454387627,220388,-234.4354561237269,331.0,936.9363380896422,True,True
12060,Female,65-69,155381.72485415233,156752,-1370.2751458476705,3237.523281769569,2313.741640476532,True,True
10500,Male,45-49,4157.345520835383,4191,-33.65447916461744,270.0,276.76296886298127,True,True
16860,Male,55-59,18153.37358848311,18055,98.37358848311123,900.0,1023.6677501600053,True,True
16860,Female,50-54,18623.295550782772,18772,-148.7044492172281,190.0,283.01868488863903,True,True
31420,Female,35-39,7700.026248839673,7548,152.02624883967292,551.0,522.501917240993,True,True
16860,Female,65-69,18155.28580280476,18410,-254.71419719524056,955.134022009477,738.5004072573867,True,True
31420,Female,45-49,6760.748559221641,6980,-219.2514407783592,242.0,184.21631316210153,True,True
40660,Male,60-64,2951.875185058202,2615,336.8751850582021,371.183243156261,248.67828660611013,True,True
10500,Male,35-39,4455.359497786615,4411,44.359497786615066,445.0,427.27844630187343,True,True
31420,Female,40-44,7193.610372768795,7704,-510.38962723120494,543.0,508.5447833970433,True,True
19140,Female,55-59,5059.647215183488,4950,109.64721518348779,313.0,427.0387598914837,True,True
10500,Male,40-44,3870.086518474271,3694,176.0865184742711,424.0,447.2284750636007,True,True
14460,Female,50-54,161982.0266921606,162619,-636.973307839391,175.0,933.3280844170125,False,True
14460,Female,65-69,143608.5364910087,143433,175.53649100870825,2638.94543331233,2417.762822663485,True,True
14460,Male,65-69,132307.4898450144,131422,885.4898450144101,2310.4255019368184,2052.486085845933,True,True
14460,Male,50-54,155820.53123944678,156369,-548.4687605532235,251.0,840.5700448671345,False,True
39300,Male,65-69,48979.0,47931,1048.0,1521.9083415238908,1317.1434978837726,True,True
39300,Male,50-54,53941.0,53610,331.0,297.0,682.0375125955317,False,True
11200,Female,18-24,18407.477524630758,21887,-3479.522475369242,1045.03827681095,600.8331703469843,False,False
11200,Female,30-34,3898.655674727271,4130,-231.34432527272884,148.0,190.36871484614886,False,True
11200,Male,55-59,4218.3666011855,4209,9.366601185500258,384.0,373.7843218902322,True,True
38340,Male,60-64,5459.0,5280,179.0,482.6530845234494,403.9049536524651,True,True
34900,Male,18-24,5840.0,5718,122.0,323.3836730572525,294.26953446840196,True,True
44700,Male,65-69,16803.0,17096,-293.0,956.9059514915768,812.81545758247,True,True
25260,Male,60-64,3908.0,3847,61.0,423.4548382059178,425.1387851278686,True,True
42680,Female,65-69,7694.0,7737,-43.0,650.6027974117542,610.022028575608,True,True
37460,Female,50-54,6902.417400441588,6927,-24.582599558411857,85.0,49.77395931467537,True,True
42700,Female,45-49,2424.3123430814317,2346,78.31234308143166,45.0,107.39276183880503,False,True
48680,Male,18-24,2157.0,2176,-19.0,294.5895449604415,270.80492428822265,True,True
42700,Female,40-44,2941.4297305484934,2904,37.42973054849335,376.0,328.17082618708974,True,True
36100,Female,25-29,10689.0,10493,196.0,110.0,450.8161441402693,False,True
42680,Female,50-54,4843.0,4837,6.0,34.0,61.11125184857532,True,True
42700,Female,35-39,2455.2757035540353,2393,62.27570355403532,388.0,305.9853766398522,True,True
39460,Male,60-64,9741.0,9502,239.0,843.6023944963646,719.7670196068657,True,True
48680,Male,30-34,2629.0,2690,-61.0,273.0,337.00586294603244,True,True
29420,Female,35-39,5070.0,4878,192.0,609.0,515.0000845825174,True,True
20220,Male,35-39,3221.9282441286164,3394,-172.07175587138363,287.0,325.87462928047313,True,True
20220,Male,45-49,2594.434577125259,2473,121.43457712525878,96.0,120.5022122088689,False,True
11180,Male,40-44,3605.0,3525,80.0,366.0,429.47387050611127,True,True
11180,Male,35-39,3562.0,3611,-49.0,357.0,468.9939428060345,True,True
22520,Female,50-54,4845.812192318037,4810,35.81219231803698,57.0,153.7117291674226,True,True
19300,Female,60-64,11226.0,11000,226.0,1044.5611518719236,893.0279877522038,True,True
23460,Female,40-44,3317.883496941574,3240,77.88349694157387,320.0,348.8455189262014,True,True
22520,Male,60-64,5118.596375656494,5120,-1.4036243435057258,541.7342521938224,527.871686332056,True,True
23460,Female,45-49,3301.9629873178783,3430,-128.0370126821217,105.0,112.13978419252204,False,True
17980,Female,55-59,10621.142525648582,11019,-397.8574743514182,644.0,667.7344448940058,True,True
23460,Female,35-39,2865.418916360875,3131,-265.58108363912515,325.0,313.1098528292568,True,True
43300,Male,35-39,4279.748441374332,4316,-36.25155862566771,417.0,355.15282155322683,True,True
46340,Male,60-64,6423.0,6431,-8.0,623.9439077353028,593.8567336098414,True,True
20580,Male,55-59,1420.7055155722114,1348,72.70551557221143,223.0,161.3789696935941,True,True
15540,Female,18-24,14398.866098522132,15208,-809.1339014778678,904.2776122408428,510.4755355684251,True,True
15540,Female,30-34,7534.093958826418,7433,101.0939588264182,126.0,230.2145950600792,True,True
48700,Female,35-39,3075.2705314833306,3290,-214.72946851666939,269.0,280.802582175675,True,True
13780,Male,55-59,7229.150406057748,7303,-73.84959394225189,508.0,357.3510691902146,True,True
28880,Female,30-34,21021.503535368098,20923,98.5035353680978,37.0,407.86225243885315,False,True
45460,Female,18-24,9612.568237007632,9618,-5.4317629923680215,629.6872239453489,353.141867382845,True,True
29020,Male,25-29,2588.223187417655,2786,-197.77681258234497,139.0,170.58364780924757,False,True
45460,Male,40-44,5063.599799570924,5050,13.599799570924006,435.0,504.10107916119927,True,True
45460,Male,45-49,4899.33049105458,4980,-80.6695089454197,151.0,214.6664566547739,True,True
18020,Female,45-49,2194.5641780373962,2236,-41.43582196260377,77.0,101.72951549394072,True,True
18020,Female,35-39,2938.3398810807844,2851,87.33988108078438,373.0,307.2451038921559,True,True
21780,Male,60-64,9245.010691555626,9292,-46.98930844437382,754.214823508528,565.3612773753065,True,True
18020,Female,40-44,2545.614475479646,2605,-59.38552452035401,400.0,363.1340267052463,True,True
48620,Male,25-29,22630.749289320636,22877,-246.2507106793637,168.0,372.69063713016845,False,True
29940,Male,55-59,3019.0,3220,-201.0,309.0,388.78470951639804,True,True
27900,Male,55-59,6359.287897822642,6251,108.28789782264175,440.0,509.30164539384134,True,True
27900,Female,55-59,6524.015866603556,6355,169.01586660355588,422.0,556.8461141627962,True,True
31740,Male,25-29,7184.0,7235,-51.0,224.0,513.5802229715432,True,True
39380,Female,55-59,4783.39782454241,5130,-346.6021754575904,383.0,393.3216358669141,True,True
19740,Female,60-64,87705.77566672557,87485,220.7756667255744,1960.1584119657268,1759.418395944125,True,True
14500,Female,60-64,9864.225922975154,9649,215.2259229751544,657.5416336628426,603.625630760952,True,True
24540,Male,25-29,12475.0,12496,-21.0,85.0,215.89708480546932,True,True
24300,Female,18-24,6501.680334009556,6558,-56.319665990444264,385.83545715758163,289.97999182153393,True,True
17820,Male,55-59,21899.0,21423,476.0,772.0,1028.1642160520857,True,True
27180,Female,30-34,6083.503919441315,6069,14.503919441314792,237.0,252.158152869137,True,True
28940,Female,65-69,29003.851585381824,30117,-1113.1484146181756,1176.265701276714,910.8125137554952,True,True
28940,Female,50-54,30444.231390240537,30497,-52.76860975946329,230.0,462.5122463514928,True,True
34980,Male,25-29,75746.94014884379,75913,-166.05985115621297,379.0,818.1821749224732,True,True
32820,Female,25-29,48213.298432168274,48348,-134.7015678317257,243.0,433.830625067073,True,True
17420,Female,18-24,5683.0,5875,-192.0,454.43261326625753,306.64053139629146,True,True
17420,Female,30-34,4316.0,4167,149.0,50.0,174.99004029158345,False,True
17300,Female,60-64,9059.928812485776,9127,-67.07118751422422,709.3412436902285,618.5494672364208,True,True
28700,Male,25-29,9429.819964842147,9282,147.81996484214687,178.0,184.58943727986633,True,True
45060,Male,40-44,18839.338527572232,19267,-427.6614724277679,744.0,835.9143054597009,True,True
40380,Female,65-69,33639.43882333285,33672,-32.561176667149994,1059.2015861015316,1036.2164015915769,True,True
40380,Female,50-54,33386.578840822345,33929,-542.4211591776548,230.0,358.8998425548552,False,False
10580,Female,25-29,28831.193712139087,28583,248.19371213908744,113.0,254.66428672113932,False,True
45060,Male,45-49,17300.596184479808,17126,174.59618447980756,89.0,426.3794278015568,False,True
45060,Male,35-39,20322.513384573427,20014,308.5133845734272,725.0,775.577278126629,True,True
46540,Male,25-29,8545.411124476454,8663,-117.58887552354645,30.0,214.75244707797677,False,True
15380,Female,18-24,50727.0,50465,262.0,1511.615030356605,740.5288663617374,True,True
15380,Male,18-24,51478.0,51165,313.0,1505.592906465755,747.5423728023717,True,True
15380,Female,30-34,40573.0,40598,-25.0,82.0,373.2675006044593,True,True
21300,Female,18-24,3075.763711512124,3166,-90.23628848787621,322.21886971436044,163.50098332562914,True,True
48060,Male,60-64,3625.876366281592,3118,507.8763662815918,273.40263349134,259.9533334280402,False,False
15380,Male,30-34,40979.0,40688,291.0,65.0,503.4142141529677,False,True
48060,Female,30-34,3692.2595339673508,3820,-127.74046603264924,165.0,141.06895331455564,True,True
30700,Male,18-24,25649.48183035921,25291,358.481830359211,981.7418194209718,834.8012448709045,True,True
24260,Male,55-59,2658.523801305153,2478,180.52380130515303,221.0,273.0252105313591,True,True
30700,Male,30-34,10776.210759167043,11390,-613.7892408329571,30.0,909.2449214178919,False,True
24260,Female,25-29,2239.9690928851533,2280,-40.03090711484674,92.0,111.88209413173686,True,True
12580,Female,40-44,97751.01895595706,97977,-225.9810440429428,2014.0,2290.1702867136846,True,True
12580,Female,35-39,104665.01748838862,103660,1005.0174883886211,2023.0,2349.0332880615033,True,True
12580,Female,45-49,86905.08053243758,86349,556.0805324375833,120.0,782.159189273439,False,True
25180,Male,60-64,10411.087129404932,9904,507.08712940493206,732.942698988127,751.0408878647452,True,True
25180,Female,60-64,10038.87140585895,9817,221.8714058589503,686.644740750266,637.1193349528287,True,True
41540,Male,30-34,4314.577636089028,4664,-349.4223639109723,303.0,279.0016254458286,False,True
41540,Male,18-24,7689.062165203697,8138,-448.9378347963029,653.6145653211838,385.8303078503054,True,True
17410,Male,30-34,71588.0,71455,133.0,302.0,597.5258428208357,True,True
17410,Male,18-24,89140.0,89249,-109.0,1802.4990984741157,923.9075538460274,True,True
44220,Female,35-39,4011.0,3986,25.0,320.0,339.14119669947206,True,True
48540,Male,65-69,5086.320178564994,4813,273.3201785649944,374.41287371029324,340.08510431428215,True,True
44220,Female,40-44,3972.0,4012,-40.0,310.0,358.9460111597565,True,True
41780,Female,18-24,4390.0036889545,4078,312.0036889544999,374.7799354287793,225.773249057536,True,True
49020,Female,25-29,4236.844776947133,4393,-156.15522305286686,203.0,198.40687376638203,True,True
40060,Male,40-44,42106.253717667416,41673,433.2537176674159,1315.0,1639.676238014607,True,True
40060,Male,45-49,38085.44625493172,38400,-314.5537450682823,436.0,652.0576435512227,True,True
40060,Female,18-24,58761.2554357692,58494,267.2554357691988,1278.0868515089262,1002.3934800344614,True,True
47260,Male,55-59,51843.99876691399,52756,-912.0012330860118,1358.0,1458.7401388022017,True,True
40060,Male,35-39,48094.30509897808,48422,-327.69490102191776,1358.0,1703.0079753551138,True,True
40220,Female,45-49,9406.48649391547,9504,-97.51350608452958,317.0,321.84124043718066,True,True
40060,Female,30-34,51080.2036569973,50996,84.20365699729882,490.0,556.2908890593275,True,True
31340,Female,60-64,8796.0,9122,-326.0,583.211796862855,696.2422419406195,True,True
40220,Female,40-44,9089.842612799914,9027,62.842612799913695,757.0,724.1127438026837,True,True
43100,Male,55-59,4659.0,4314,345.0,295.0,452.7747079591571,False,True
24580,Male,65-69,9555.209244690439,9604,-48.790755309561064,714.3563536499133,866.4999305219499,True,True
33340,Female,45-49,45825.0,45697,128.0,137.0,858.08094492303,True,True
33460,Male,55-59,115209.40362618536,116417,-1207.5963738146384,1945.0,2845.947585743659,True,True
33460,Female,25-29,125544.61978893455,124165,1379.6197889345494,222.0,1771.4987950518353,False,True
20260,Male,65-69,10489.9838036832,9920,569.9838036832007,457.08861285313156,459.8668801717531,False,True
33340,Male,18-24,67278.0,68136,-858.0,1508.9158359563996,974.6804074304305,True,True
33340,Male,30-34,53465.0,53759,-294.0,171.0,961.3146927359428,False,True
48140,Male,25-29,4296.0,4267,29.0,69.0,242.81503928401966,True,True
11540,Male,60-64,8164.892394320276,8230,-65.10760567972375,529.1200241911092,618.2137085034152,True,True
24580,Male,50-54,10210.3001090372,10219,-8.699890962800055,80.0,369.90887134439976,True,True
36780,Female,18-24,9739.0,9734,5.0,534.2686590096783,499.0170607191201,True,True
20260,Male,50-54,8244.414718888354,8513,-268.5852811116456,147.0,212.7561276418963,False,False
22540,Male,55-59,3781.9268920704326,3791,-9.073107929567414,264.0,323.1418858605823,True,True
27500,Female,40-44,5247.0,5144,103.0,382.0,625.4755316067528,True,True
29100,Male,30-34,5513.518433304832,5179,334.5184333048319,244.0,473.46047967149,False,True
36780,Female,30-34,5013.0,5159,-146.0,149.0,211.0977936762959,True,True
29100,Male,18-24,10492.287917840269,10086,406.2879178402691,656.4434476784729,532.7461744250246,True,True
45460,Male,35-39,5654.177964631291,5968,-313.8220353687093,468.0,526.8666976913296,True,True
45460,Female,30-34,5059.079769589904,5060,-0.9202304100963374,163.0,284.08051797518857,True,True
31140,Male,60-64,44032.8113985586,43749,283.8113985586024,1488.4112334969795,1337.3682113184946,True,True
41140,Male,65-69,3505.059251952592,3637,-131.94074804740785,321.822932681933,379.41617758339646,True,True
41140,Male,50-54,3855.674567155929,3745,110.6745671559288,163.0,256.279162118477,True,True
24300,Female,30-34,4972.493395412831,5046,-73.50660458716902,74.0,246.64476568138997,True,True
27180,Female,18-24,8901.864912080116,8853,48.86491208011648,564.648563267454,466.491093365482,True,True
10740,Male,65-69,26005.99055684749,25888,117.99055684748964,1236.5516568263536,957.8791630786968,True,True
22140,Male,40-44,3951.3039356331024,4106,-154.69606436689764,449.0,489.13965642305317,True,True
42140,Female,60-64,6501.044388842762,6326,175.0443888427617,509.0481313196229,523.4100256600071,True,True
22140,Male,45-49,3362.361340323503,3335,27.3613403235031,43.0,201.72010991341818,True,True
22140,Male,35-39,4186.686786888307,4054,132.68678688830732,442.0,519.9053362482292,True,True
10740,Male,50-54,26633.249474221328,26859,-225.75052577867245,200.0,590.5728119224416,False,True
28880,Female,18-24,35601.884485091025,35918,-316.11551490897546,1037.302270314685,715.9042391173372,True,True
28740,Female,35-39,5822.1541851624515,5777,45.15418516245154,485.0,538.8948565249021,True,True
48060,Female,18-24,4938.276272556271,4948,-9.72372744372933,472.9460857222523,187.40060488352535,True,True
24020,Male,35-39,3787.0,3916,-129.0,305.0,338.52685174517546,True,True
21300,Female,30-34,2442.3005188088737,2417,25.300518808873676,70.0,105.62215499120164,True,True
28740,Female,45-49,5070.849383422767,5254,-183.15061657723345,21.0,206.54338053662835,False,True
28740,Female,40-44,5428.885174559911,5329,99.88517455991132,483.0,531.2078481087266,True,True
24020,Male,40-44,3932.0,3799,133.0,303.0,336.9129074126576,True,True
24020,Male,45-49,3698.0,3603,95.0,80.0,155.92092388050426,False,True
29820,Male,45-49,74771.0,74785,-14.0,0.0,762.2895211400981,False,True
29820,Male,35-39,87041.0,85978,1063.0,1899.0,1933.6556223666098,True,True
29820,Male,40-44,81429.0,82061,-632.0,1900.0,1983.7263301004377,True,True
44220,Female,45-49,3930.0,3921,9.0,69.0,79.43323292237325,True,True
48260,Male,25-29,3183.2941578582454,3231,-47.7058421417546,122.0,84.6155076521001,True,True
48540,Male,50-54,4511.975098538025,4502,9.975098538025122,91.0,118.68878844882813,True,True
41780,Female,30-34,3320.9279974277465,3142,178.9279974277465,111.0,146.84757717904824,False,True
40220,Female,35-39,9775.00625748453,10082,-306.9937425154694,794.0,721.449296801051,True,True
44420,Female,25-29,3576.8033681995726,3841,-264.19663180042744,230.0,172.29774618144504,False,True
33340,Female,35-39,55388.0,54448,940.0,1230.0,2041.495104945148,True,True
33340,Female,40-44,50163.0,50540,-377.0,1255.0,1917.9066216867807,True,True
20740,Female,60-64,6502.752594299708,5892,610.7525942997081,492.1351440407401,457.6335772831578,False,True
27500,Female,45-49,4523.0,4972,-449.0,179.0,231.1198656433497,False,False
27500,Female,35-39,5383.0,5131,252.0,390.0,631.4097380831643,True,True
47220,Female,30-34,4768.439026051812,4711,57.43902605181211,53.0,175.24873727313644,False,True
47220,Female,18-24,5585.019977843899,6110,-524.9800221561009,441.70691640498455,291.81151863552594,False,True
47220,Male,25-29,5100.6773270252215,5454,-353.32267297477847,64.0,268.8646108441164,False,False
33220,Female,60-64,3375.691295675493,2926,449.69129567549317,238.53092042752024,259.8931418099054,False,False
33780,Female,60-64,6293.0,6086,207.0,478.26457113192066,456.87487392611126,True,True
29620,Female,25-29,16155.0,16364,-209.0,154.0,395.74098381706693,False,True
28020,Female,18-24,19849.0,20035,-186.0,1238.880946661139,730.485213142607,True,True
28020,Male,60-64,7401.0,7114,287.0,528.6482762669334,518.566779670179,True,True
13020,Male,18-24,3954.4528402537153,3947,7.452840253715294,328.3321488980328,115.14763511958591,True,True
13020,Male,30-34,3160.5054828765437,3182,-21.494517123456262,109.0,114.46338575016888,True,True
12980,Female,45-49,3885.804788696472,3867,18.80478869647186,68.0,104.90118372901543,True,True
33780,Male,18-24,6121.0,6178,-57.0,486.63538712263824,142.20879908166725,True,True
45900,Male,25-29,4273.234627503541,4162,111.23462750354065,120.0,164.8826194127719,True,True
33220,Male,65-69,2643.6056018284603,2108,535.6056018284603,238.3463865889307,248.9885885355707,False,False
11460,Male,30-34,13062.0,13008,54.0,9.0,374.68427562082184,False,True
28020,Female,30-34,8502.0,8536,-34.0,32.0,296.2623992152059,False,True
45900,Female,65-69,6768.123185647864,6296,472.1231856478644,403.4910160090309,423.3286461446183,False,True
22420,Male,55-59,13743.611922309183,13296,447.6119223091828,703.0,864.7236209140419,True,True
27100,Male,40-44,5547.0,5591,-44.0,379.0,458.55492553646184,True,True
45900,Female,50-54,4704.650113842891,4757,-52.34988615710881,130.0,193.97990490737988,True,True
11460,Male,18-24,32911.0,32833,78.0,1470.1377486480646,806.0115597976868,True,True
27100,Male,45-49,5070.0,5062,8.0,71.0,244.20383750311953,True,True
27140,Female,55-59,20157.75140381039,19695,462.7514038103909,744.0,903.7845420744791,True,True
27140,Male,55-59,16549.739086872032,16891,-341.2609131279678,1013.0,901.3868482201036,True,True
25620,Male,60-64,4770.679519271772,4677,93.67951927177182,533.9138507287482,429.1451850883281,True,True
25620,Female,25-29,5267.002267885737,5363,-95.99773211426327,147.0,174.7962181517656,True,True
39580,Female,50-54,51820.03872191854,51775,45.03872191854316,127.0,408.51881911301126,True,True
49180,Male,45-49,20168.39330911121,19642,526.3933091112085,216.0,378.1292853019084,False,False
25860,Male,45-49,12033.12216205122,11970,63.122162051220585,297.0,383.07869029354754,True,True
39580,Female,65-69,36893.5862588595,35821,1072.5862588594973,1365.9374070578783,1288.1950281906472,True,True
11700,Female,18-24,14972.141537022351,14749,223.14153702235126,1086.7916083592106,529.8892618530505,True,True
22180,Male,55-59,9192.457508324445,9452,-259.54249167555463,422.0,499.47746704427766,True,True
20500,Male,60-64,16788.150846368848,17152,-363.84915363115215,982.1919364360512,862.1815831534207,True,True
48900,Male,18-24,19993.0,19861,132.0,1146.0872567130305,498.4325569247057,True,True
11700,Female,30-34,14235.226849455601,13959,276.22684945560104,103.0,408.4663705367494,False,True
48900,Female,35-39,14381.0,14331,50.0,781.0,924.8909184060573,True,True
48900,Female,45-49,12776.0,12827,-51.0,216.0,251.78094004759376,True,True
48900,Male,30-34,12597.0,12901,-304.0,166.0,396.0277285367781,False,True
48900,Female,40-44,12925.0,12988,-63.0,745.0,841.8026923788317,True,True
40580,Male,60-64,4695.0,4763,-68.0,518.6106439324207,426.2394668229351,True,True
49180,Male,40-44,20788.380720757134,20279,509.38072075713353,854.0,1130.430152311636,True,True
40580,Female,18-24,5522.0,5567,-45.0,396.5463402932878,182.26384723457912,True,True
49180,Male,35-39,19497.019731512006,19452,45.01973151200582,863.0,1085.5491386351634,True,True
25860,Male,35-39,10688.954011166294,10902,-213.04598883370636,709.0,786.4552527001205,True,True
27340,Male,60-64,4573.3130216091295,4035,538.3130216091295,455.548021617919,403.049844451761,False,True
38240,Female,40-44,3157.878890200588,3342,-184.1211097994119,313.0,413.0186526191838,True,True
26820,Female,60-64,4218.088041610271,4116,102.08804161027092,406.0,405.5567767924167,True,True
46300,Female,45-49,3170.321839515054,3207,-36.67816048494615,89.0,86.47211649370149,True,True
46300,Female,35-39,4092.289452586275,4084,8.28945258627482,327.0,406.2799804003607,True,True
30300,Female,30-34,1749.7571821279607,2019,-269.24281787203927,95.0,59.19006129086559,False,False
17660,Male,50-54,5173.445927514298,5314,-140.5540724857019,93.0,217.9106663071143,False,True
26820,Male,55-59,3933.7079602762255,3895,38.70796027622555,345.0,434.1014681679325,True,True
46300,Female,40-44,3566.723472786498,3703,-136.27652721350205,338.0,397.02534625289144,True,True
17660,Male,65-69,5348.4648467416355,5739,-390.5351532583645,526.6431429345681,541.9629957739277,True,True
38540,Male,60-64,2637.970221534385,2599,38.97022153438502,336.1339018903032,229.32851020223217,True,True
30300,Female,18-24,2923.77031905182,2732,191.77031905182002,338.6354972533151,142.94869754539027,True,True
22220,Male,55-59,15328.593744534406,15565,-236.40625546559386,646.0,825.3535522622,True,True
26300,Female,60-64,3970.395122177896,4528,-557.6048778221038,475.5333847376018,327.35996839306705,False,True
30780,Male,65-69,19475.0,19060,415.0,1010.9564777971403,949.3717428653804,True,True
27860,Female,60-64,4166.0,4143,23.0,429.26099287030496,448.27336592335047,True,True
30780,Male,50-54,21537.0,21584,-47.0,197.0,337.1349141868134,True,True
21060,Female,25-29,3775.251953412089,3888,-112.74804658791118,96.0,292.84066188314324,False,True
33220,Male,50-54,2743.0376122499747,2722,21.0376122499747,116.0,136.56237424582062,True,True
12980,Female,40-44,4245.411209010758,3996,249.41120901075828,373.0,383.0917747515513,True,True
33780,Male,30-34,4961.0,5052,-91.0,167.0,222.59895412490152,True,True
27100,Male,35-39,5031.0,4741,290.0,374.0,480.2857739083576,True,True
12980,Female,35-39,4091.82137349532,4277,-185.17862650467987,342.0,345.5876370684412,True,True
38240,Female,45-49,2976.560032492692,2957,19.56003249269179,123.0,144.74783950306394,True,True
38240,Female,35-39,3450.7784706295497,3510,-59.2215293704503,304.0,420.09101696469776,True,True
25860,Male,40-44,10571.859450296663,10452,119.85945029666254,655.0,734.2760635048054,True,True
40580,Female,30-34,4744.0,4635,109.0,79.0,204.44411816251895,False,True
24860,Male,25-29,30717.81641717276,31001,-283.1835828272415,115.0,509.38682752003325,False,True
24860,Female,55-59,30012.698438799118,29686,326.69843879911787,1086.0,1142.5586776678986,True,True
44940,Female,65-69,3386.4923385826523,3335,51.49233858265234,393.0852324878156,283.69736103414397,True,True
34820,Female,18-24,14693.25024300759,14972,-278.74975699241077,756.7192345910073,489.614649499218,True,True
43900,Female,25-29,12571.084982100858,12738,-166.91501789914219,42.0,165.92463579567467,False,True
17900,Female,40-44,26704.481344369866,26229,475.48134436986584,1222.0,1133.2618456716016,True,True
17900,Female,45-49,26167.561162044683,26381,-213.43883795531656,257.0,402.8940138927038,True,True
34820,Female,30-34,10921.58678948646,10702,219.58678948646048,46.0,193.13295610856125,False,False
17900,Female,35-39,29956.790348342794,30137,-180.20965165720554,1179.0,1136.194335750267,True,True
43900,Male,60-64,10995.337840742537,11420,-424.6621592574629,870.0,769.4461996884908,True,True
24220,Male,30-34,3412.012187884984,3919,-506.9878121150159,230.0,154.73823788919867,False,False
24220,Male,18-24,7949.576814880288,8698,-748.4231851197119,595.0588206219617,514.9362217559049,False,True
24220,Female,30-34,3171.186790455279,3018,153.18679045527915,122.0,172.28002800237317,False,True
24220,Female,18-24,7052.298168097619,7686,-633.701831902381,633.3008763613075,419.5453214601543,False,True
13740,Male,30-34,6245.429364421455,6413,-167.57063557854508,142.0,301.33134654329206,False,True
13740,Male,18-24,7672.953260957837,7488,184.9532609578373,584.2482349138934,425.2406420071908,True,True
33540,Male,55-59,3020.5339086364334,3287,-266.46609136356665,323.0,370.65032749934653,True,True
13460,Male,65-69,8947.0,8872,75.0,607.289058027559,629.9762626014174,True,True
32780,Female,25-29,6424.0,6473,-49.0,111.0,243.26346543665372,True,True
21660,Female,25-29,12131.0,12201,-70.0,20.0,265.55186647574146,False,True
13460,Male,50-54,8065.0,8152,-87.0,113.0,331.61441533240077,True,True
32780,Male,30-34,7168.0,7191,-23.0,108.0,205.70394484549877,True,True
11260,Male,45-49,11873.559426239222,11856,17.559426239222375,208.0,720.9378129559425,True,True
11260,Male,40-44,14073.307742607725,13769,304.30774260772523,668.0,1081.392101020223,True,True
21820,Female,25-29,3785.1397053405435,3808,-22.860294659456486,81.0,273.02389606804917,True,True
11260,Male,35-39,15740.10259691649,16648,-907.8974030835107,683.0,1336.1820093707897,False,True
25940,Male,25-29,5974.013515819337,6517,-542.986484180663,314.0,458.8143571451706,False,True
44940,Female,50-54,3346.697730355456,3249,97.69773035545586,94.0,143.91019246674995,False,True
32780,Male,18-24,8286.0,8247,39.0,563.4279013325485,391.72247910670126,True,True
38900,Male,25-29,90118.72671601754,90554,-435.27328398246027,162.0,866.7185799660651,False,True
38900,Female,25-29,89436.35477708849,89488,-51.645222911509336,151.0,836.6926924519495,True,True
42660,Male,55-59,118753.0,119505,-752.0,1943.0,2056.402420050913,True,True
48300,Female,55-59,3568.0,3422,146.0,333.0,386.6913574884367,True,True
36500,Male,40-44,10507.0,10519,-12.0,701.0,926.6984529338549,True,True
36500,Male,35-39,11061.0,11210,-149.0,694.0,842.9618681403982,True,True
28420,Female,25-29,10109.942095282084,10047,62.942095282083756,189.0,387.2030034954971,True,True
47460,Female,35-39,1876.2753598317374,1757,119.27535983173743,223.0,244.37109901712236,True,True
49420,Female,60-64,6979.0,6790,189.0,538.8580518095652,635.7397216127447,True,True
36500,Male,45-49,9050.0,8817,233.0,59.0,333.7289062304163,False,True
47460,Female,40-44,1980.0258957069032,1674,306.02589570690316,218.0,249.28350720662075,False,True
31020,Male,30-34,3414.3560884305207,3750,-335.6439115694793,120.0,125.73502248032015,False,False
47460,Female,45-49,1713.3916763495438,1549,164.3916763495438,54.0,188.5972943015367,False,True
31020,Male,18-24,4056.5249714969855,4190,-133.47502850301453,401.16704750016544,114.9663334408991,True,True
20100,Female,60-64,6454.0,6449,5.0,734.0108991016414,644.9559159208093,True,True
37620,Female,18-24,3013.5708950973208,3091,-77.42910490267923,381.01968453086516,126.67883228599628,True,True
16220,Male,60-64,2465.8683076845673,2576,-110.1316923154327,371.3812057711052,257.05885226985356,True,True
33500,Female,25-29,2378.5073255803923,2812,-433.49267441960774,136.0,211.5650228515346,False,False
37620,Female,30-34,2419.3037415510735,2513,-93.69625844892653,40.0,57.4343247893918,False,False
38860,Female,60-64,22729.0,22839,-110.0,1014.8285569493992,1333.129709195152,True,True
12620,Female,25-29,4632.445331536586,4602,30.44533153658631,90.0,272.17921119696194,True,True
30340,Male,55-59,3673.0,3665,8.0,349.0,489.24053381491194,True,True
31080,Male,25-29,484425.0,485872,-1447.0,0.0,1311.794520686262,False,False
41860,Male,25-29,162301.0,162124,177.0,209.0,991.9816481568598,True,True
41860,Female,60-64,139801.0,141497,-1696.0,2469.4958999763494,2895.6443962916096,True,True
23420,Female,50-54,31494.0,31452,42.0,180.0,404.6123205844701,True,True
44700,Male,60-64,19932.0,20548,-616.0,1071.272607696099,964.752601263661,True,True
44700,Female,60-64,22758.0,22741,17.0,1146.787251411525,923.0941354887648,True,True
23420,Female,65-69,26488.0,26199,289.0,987.0729456326924,1014.7923536307809,True,True
37100,Female,50-54,27161.0,27258,-97.0,25.0,280.73119081694506,False,True
17020,Male,40-44,5795.0,5802,-7.0,437.0,542.4341043205156,True,True
37100,Female,65-69,24525.0,24362,163.0,1005.5058428472706,876.4212807969408,True,True
42020,Female,65-69,10158.0,10492,-334.0,620.8776046854967,599.3831265361498,True,True
20940,Male,65-69,3663.0,3514,149.0,430.758633111398,365.2409395779038,True,True
41500,Female,25-29,14048.8965650528,13991,57.896565052800725,71.0,261.292419784491,True,True
25540,Male,18-24,58279.3271027064,58073,206.32710270639654,1564.4753114063512,798.251701813142,True,True
47930,Female,25-29,13810.0,14127,-317.0,30.0,383.21156807304243,False,True
25540,Male,30-34,37936.80362433925,38057,-120.19637566075107,174.0,525.0859914434109,True,True
45300,Female,65-69,107915.0,108472,-557.0,2383.8038929408604,2100.7424501188266,True,True
45300,Female,50-54,108896.0,108825,71.0,95.0,501.2724208763634,True,True
33100,Female,50-54,215126.8440708821,214675,451.8440708820999,96.0,730.6676322877703,False,True
33100,Female,65-69,187069.93409919596,186988,81.93409919596161,3469.3990834148785,2934.3241699175555,True,True
45220,Female,65-69,11253.147199216362,11442,-188.85280078363758,609.7253480051489,555.5632533125425,True,True
19660,Female,60-64,30925.0,30285,640.0,1426.1591776516393,1263.492738957668,True,True
37460,Female,60-64,8372.796308581941,8164,208.79630858194105,610.9468061951056,479.0521603339091,True,True
39460,Male,65-69,10328.0,10460,-132.0,876.8169706386847,818.9290961669087,True,True
39460,Male,50-54,5466.0,5338,128.0,57.0,263.16864031928276,False,True
19660,Male,55-59,21763.0,22182,-419.0,982.0,989.9049760235827,True,True
38940,Female,18-24,16484.0,16471,13.0,908.5510442457264,258.00895508441175,True,True
45220,Female,50-54,10412.94930185922,10698,-285.0506981407798,142.0,243.5347194711313,False,False
36100,Female,55-59,14417.0,14743,-326.0,730.0,919.9760853855115,True,True
48680,Male,45-49,2455.0,2591,-136.0,364.0,356.50038311690497,True,True
38060,Female,40-44,164200.25318710395,162145,2055.2531871039537,2597.0,3072.2683360877345,True,True
38060,Male,18-24,237935.25494287384,236845,1090.254942873842,2633.364767744871,1381.9798724797104,True,True
38060,Female,35-39,165624.2695997354,166270,-645.7304002646124,2601.0,3188.9084019596016,True,True
39150,Male,18-24,8812.0,8658,154.0,532.9737329362489,255.72925777812364,True,True
38060,Female,45-49,151244.81745082574,151992,-747.1825491742638,51.0,1050.1559181679727,False,True
29420,Female,18-24,5811.0,5835,-24.0,368.23905279043936,105.96277427710169,True,True
38060,Male,30-34,188263.1403343597,188439,-175.8596656403097,63.0,1215.111504942059,False,True
46060,Male,55-59,27614.56858953154,28180,-565.43141046846,1185.0,1334.7165026884793,True,True
29420,Female,30-34,5635.0,5540,95.0,113.0,211.8814917766533,True,True
22380,Female,50-54,3495.0,3515,-20.0,103.0,166.27565283663753,True,True
22380,Female,65-69,4130.0,4279,-149.0,391.9923468640683,365.0792050398105,True,True
16980,Male,40-44,314315.43262653326,312761,1554.4326265332638,3395.0,4169.6981731033,True,True
16980,Male,35-39,331202.64248862024,330783,419.64248862024397,3438.0,4236.439291314904,True,True
16980,Male,45-49,293188.67360095785,293303,-114.32639904215466,276.0,1213.6207378893141,True,True
37900,Male,45-49,10488.002783838692,10671,-182.99721616130773,70.0,184.75091792610345,False,True
16580,Female,40-44,6685.18367708323,6784,-98.81632291677033,574.0,487.2956621261523,True,True
16580,Female,45-49,6074.101212953326,5996,78.10121295332556,36.0,140.24680717082288,False,True
19340,Male,18-24,16794.47339631334,16442,352.47339631334034,682.4089682880787,415.2630662539892,True,True
16580,Female,35-39,6995.507792614677,7344,-348.4922073853231,569.0,447.75702406200475,True,True
19340,Male,30-34,11585.550099970791,11678,-92.44990002920895,86.0,238.94798013841324,False,True
37900,Male,40-44,12454.436845694465,12350,104.43684569446486,539.0,683.5923686303287,True,True
14010,Male,50-54,4705.0,4709,-4.0,8.0,33.06818263074038,True,True
44100,Female,45-49,6269.923295059255,6146,123.923295059255,10.0,100.20039314420235,False,False
44100,Female,35-39,7000.360013511047,7113,-112.63998648895267,515.0,598.1344804660499,True,True
37900,Male,35-39,11140.789602792576,11091,49.78960279257626,542.0,708.8609578058089,True,True
44100,Female,40-44,6736.001538620156,6653,83.00153862015577,513.0,577.600226930824,True,True
14010,Male,65-69,3754.0,3840,-86.0,383.5635540559087,352.5410011987967,True,True
10780,Male,45-49,4169.703757129605,4254,-84.29624287039496,128.0,129.2824441588341,True,True
29340,Female,55-59,7584.989047268965,7423,161.9890472689649,623.0,657.2240033383173,True,True
10780,Male,35-39,5340.503508889879,5126,214.5035088898794,461.0,452.26039418233864,True,True
43340,Male,55-59,10550.188956110534,10546,4.188956110534491,638.0,750.4327696971279,True,True
25220,Male,55-59,3754.5792182669793,3755,-0.42078173302070354,515.0,494.8504350689182,True,True
12940,Male,25-29,29687.694354913714,29594,93.69435491371405,319.0,717.6475105579234,True,True
29340,Male,18-24,10472.223996970599,10222,250.22399697059882,801.1610325022056,354.2246130739672,True,True
29340,Male,30-34,8607.321816653226,8442,165.32181665322605,203.0,310.0565048853359,True,True
26980,Male,18-24,16672.611099087982,16476,196.61109908798244,1000.5353566966037,534.4430712931716,True,True
16300,Male,65-69,8130.114895538762,7747,383.11489553876163,580.8003099172727,543.3317372032159,True,True
26980,Female,60-64,4695.414985418646,4531,164.4149854186462,419.3149174546501,470.33601243001283,True,True
16300,Female,55-59,8603.837702250443,8539,64.83770225044282,521.0,650.8278324826954,True,True
11180,Male,18-24,17860.0,18113,-253.0,999.6349333631754,660.2507259452655,True,True
26980,Male,30-34,5964.292744249085,5967,-2.7072557509145554,40.0,138.9734414450022,True,True
23460,Female,18-24,3955.0972978946934,3969,-13.902702105306616,450.1855173148066,175.3401017387139,True,True
12220,Male,45-49,5513.088679898952,5618,-104.91132010104775,209.0,344.9168219360502,True,True
12220,Male,35-39,5554.736765706861,5707,-152.26323429313925,510.0,520.6418718209153,True,True
12220,Male,40-44,5596.22429601401,5731,-134.77570398598982,521.0,545.8193217327598,True,True
19300,Female,65-69,8686.0,8944,-258.0,818.5658189785352,662.6376699854529,True,True
17980,Female,25-29,11614.090681909569,11472,142.09068190956896,219.0,315.9838974093503,True,True
46220,Male,50-54,7511.252357563217,7221,290.2523575632167,138.0,254.5956537026673,False,False
26620,Female,65-69,13720.48013146646,13995,-274.5198685335399,838.2869437131894,818.6149163494795,True,True
22520,Male,65-69,4763.448208603095,4790,-26.551791396905173,432.15853572502766,305.5887028756694,True,True
17980,Male,60-64,10442.900470048988,10148,294.9004700489877,790.8678777140971,607.883599087968,True,True
22520,Female,60-64,5712.458114277348,5515,197.4581142773477,415.5791140083919,520.5745584064722,True,True
46220,Male,65-69,6826.62472071363,6967,-140.37527928636973,565.8003181335267,526.2617261525471,True,True
41700,Female,45-49,81890.34334897873,82699,-808.6566510212724,248.0,773.1733744540894,False,True
26420,Female,50-54,230449.01895512402,230748,-298.98104487598175,278.0,933.7266886037645,False,True
19100,Female,35-39,292734.7580253327,293338,-603.2419746672967,3593.0,4464.413131109643,True,True
12420,Female,50-54,72830.27422029959,72945,-114.72577970041311,350.0,524.3041630783532,True,True
19100,Female,40-44,289403.3027185189,288367,1036.302718518884,3518.0,4225.14055891103,True,True
19100,Female,45-49,265695.9620355357,265056,639.9620355357183,296.0,758.985381765345,False,True
41700,Female,40-44,89654.19353572323,90009,-354.8064642767713,2031.0,2368.2305178080233,True,True
48660,Female,55-59,4221.50707332438,4389,-167.49292667561986,295.0,366.9824741082404,True,True
26420,Female,65-69,173650.80963057157,172300,1350.8096305715735,3385.7973950016562,2636.6086520244053,True,True
41700,Female,35-39,96356.18566426139,97004,-647.8143357386143,2005.0,2376.268003384552,True,True
13140,Male,45-49,12525.0,12460,65.0,195.0,415.6357081673205,True,True
15180,Female,65-69,9943.0,9891,52.0,731.8046187337164,711.5861019801117,True,True
10180,Female,25-29,6179.438063651329,5936,243.43806365132878,111.0,135.37504368598402,False,False
32580,Male,55-59,17957.0,18329,-372.0,830.0,918.0401462395314,True,True
46340,Male,65-69,5925.0,6047,-122.0,532.3532661682466,476.88930181306233,True,True
43300,Male,30-34,4438.8611291586885,4548,-109.13887084131147,114.0,137.8311050570067,True,True
15180,Female,50-54,12697.0,12658,39.0,95.0,150.7510346772121,True,True
15180,Male,45-49,12412.0,12394,18.0,42.0,185.67561769454278,True,True
31180,Male,40-44,11583.620872734022,11147,436.62087273402176,814.0,756.8075455482561,True,True
30980,Female,60-64,10218.756912579076,9862,356.756912579076,628.0398076555339,505.834825252197,True,True
17780,Male,55-59,5972.803055825158,6194,-221.19694417484243,496.0,452.0941072141999,True,True
31180,Male,45-49,9057.90504161861,9241,-183.09495838139082,124.0,183.095203280278,False,True
15180,Male,40-44,13612.0,13719,-107.0,727.0,869.306471841203,True,True
15180,Male,35-39,11679.0,11335,344.0,738.0,873.6808559336755,True,True
21340,Male,35-39,30406.562851183153,29724,682.5628511831528,1284.0,1515.885367245283,True,True
12420,Female,65-69,52402.739887071526,51969,433.739887071526,1787.7236922969948,1490.2081956144236,True,True
28660,Female,50-54,13350.769576892864,12963,387.7695768928643,98.0,207.1658256663388,False,False
21340,Male,40-44,28297.413223869167,28752,-454.58677613083273,1271.0,1540.967617084143,True,True
28660,Female,65-69,11925.104306435585,11390,535.1043064355854,656.9330255056447,540.0467785174075,True,True
13140,Male,40-44,14929.0,14540,389.0,725.0,1016.9704120431677,True,True
41660,Female,25-29,3936.3149011221985,4018,-81.68509887780147,96.0,178.83925972623433,True,True
31180,Male,35-39,11749.688822420228,12249,-499.31117757977154,757.0,706.6149986085053,True,True
21340,Male,45-49,25011.05248752822,25093,-81.94751247177919,169.0,432.8169151177958,True,True
33260,Female,55-59,4108.149930447793,4272,-163.85006955220706,488.0,483.71174093360094,True,True
41620,Male,25-29,52725.019628426584,53713,-987.980371573416,58.0,603.4913846979704,False,False
36420,Male,60-64,40973.494757629065,40651,322.49475762906513,1332.9954988671193,1533.4013640924065,True,True
46140,Female,60-64,32716.06707459651,32671,45.06707459651079,881.8440905284789,1115.4613345650516,True,True
46140,Male,25-29,35071.89889712554,34678,393.8988971255385,117.0,418.39792244482317,False,True
22900,Female,18-24,10057.665927951859,9727,330.665927951859,529.0699386659575,229.02036829363814,True,True
22900,Male,50-54,7202.6069450588,7110,92.60694505880019,118.0,208.64782330345952,True,True
22900,Female,30-34,7420.506800582422,7526,-105.49319941757767,134.0,194.9771008693579,True,True
22900,Male,65-69,6658.542862837728,6499,159.54286283772763,495.767082408665,472.93902758944904,True,True
38300,Female,60-64,94041.42422386598,94949,-907.575776134021,2120.643298624264,1868.6058503532345,True,True
37980,Male,30-34,224653.08870957076,225169,-515.9112904292415,217.0,1583.230975245318,False,True
37980,Male,18-24,277355.532834961,276946,409.53283496102085,3317.3662746220834,2103.09553311746,True,True
27780,Male,18-24,5776.0,5912,-136.0,325.31523173684934,340.9827487865039,True,True
25420,Male,65-69,17465.0,17119,346.0,911.9369495749144,908.1814679202336,True,True
23900,Male,55-59,4147.580604198975,4016,131.58060419897538,292.0,347.2400430006334,True,True
29540,Female,45-49,14813.0,14933,-120.0,29.0,417.1948321827585,False,True
49620,Male,25-29,14029.0,13917,112.0,28.0,368.0293689826262,False,True
49620,Female,55-59,15268.0,15215,53.0,758.0,832.3626852445393,True,True
25420,Male,50-54,18930.0,19088,-158.0,61.0,446.0871800808672,False,True
23900,Female,50-54,3255.4475942140402,3440,-184.55240578595976,28.0,145.16592933575225,False,False
29540,Female,35-39,17117.0,16367,750.0,866.0,1170.0608748672012,True,True
48700,Male,60-64,3794.784221181227,3830,-35.21577881877283,343.11076928595526,315.0475022841208,True,True
11020,Male,65-69,3809.325385265525,3722,87.3253852655248,303.58689036254515,271.3261194982179,True,True
48700,Female,30-34,3308.2038084760857,3608,-299.79619152391433,52.0,134.18788690454224,False,False
44300,Male,50-54,4741.0,4663,78.0,127.0,225.1313368958218,True,True
11020,Male,50-54,3877.1567164509775,3875,2.1567164509774557,92.0,93.79296892432723,True,True
44300,Male,65-69,4002.0,4316,-314.0,369.00542001439493,403.0098925739913,True,True
29540,Male,55-59,16281.0,16684,-403.0,723.0,1094.0262926787912,True,True
27780,Male,30-34,3563.0,3567,-4.0,122.0,188.43545007508538,True,True
48700,Female,18-24,5548.950543835759,4895,653.9505438357592,416.9772176030724,288.3964943802442,False,False
23900,Female,65-69,4039.68110060263,3897,142.68110060263007,358.5749572962395,268.323745210434,True,True
10500,Male,30-34,4411.006889582651,4309,102.00688958265073,264.0,264.2854892006508,True,True
12060,Female,60-64,190781.16050785064,189210,1571.16050785064,3171.9919608977575,3190.380329504775,True,True
40660,Male,65-69,2607.8861941088735,2780,-172.1138058911265,357.5989373586001,206.62520392087657,True,True
19140,Female,25-29,4422.036770545814,4533,-110.96322945418615,126.0,122.66483705622073,True,True
16860,Female,60-64,20044.960944625334,19788,256.9609446253344,1129.5862074228776,1073.3742644822355,True,True
10500,Male,18-24,6843.407971158582,6699,144.40797115858186,537.4030145058734,319.78990956801357,True,True
40660,Male,50-54,3142.275916685691,3113,29.275916685690845,38.0,108.70549850091871,True,True
31420,Female,18-24,10990.230611581612,10479,511.2306115816118,764.537768851219,398.8276294564774,True,True
31420,Female,30-34,8040.719359112773,8247,-206.28064088722658,190.0,185.44342106798342,False,True
14460,Female,60-64,167830.37234865554,168188,-357.6276513444609,2965.154970654991,2975.3630107249846,True,True
14460,Male,60-64,156047.6040769847,155886,161.6040769846877,2733.3541665872717,2912.8670404830414,True,True
11200,Male,25-29,4180.426810979704,4063,117.42681097970399,135.0,286.22793082828633,True,True
11200,Female,45-49,4225.1665134226205,4104,121.16651342262048,149.0,246.70926094411905,True,True
38340,Male,65-69,5074.0,4986,88.0,464.077579721322,333.58474735065454,True,True
11200,Female,35-39,4455.136312487152,4150,305.1363124871523,323.0,432.4142728665454,True,True
39300,Male,60-64,56852.0,57749,-897.0,1852.7109866355302,1525.9736345572128,True,True
25260,Male,65-69,3245.0,3219,26.0,407.33278777923096,303.1418568673749,True,True
42020,Female,50-54,7230.0,7139,91.0,63.0,117.70834254100261,False,True
34900,Male,45-49,4334.0,4244,90.0,77.0,329.4185918345381,False,True
25260,Male,50-54,5224.0,4865,359.0,318.0,446.5200920479391,False,True
17020,Male,35-39,7089.0,6972,117.0,395.0,513.1715855844417,True,True
17020,Male,45-49,5240.0,5408,-168.0,135.0,202.42659105833897,False,True
34900,Male,35-39,4337.0,4275,62.0,426.0,452.594778430441,True,True
34900,Male,40-44,4621.0,4782,-161.0,416.0,441.0187936967652,True,True
42700,Female,30-34,2385.8607679204874,2219,166.86076792048743,98.0,120.51157076586466,False,False
29460,Male,25-29,24691.0,25091,-400.0,67.0,231.30624546529216,False,False
42700,Male,65-69,3465.8965008767123,4134,-668.1034991232877,432.80134010883097,297.66817712509504,False,False
48680,Male,40-44,2693.0,2436,257.0,314.0,466.31310899839616,True,True
42680,Female,60-64,7699.0,7535,164.0,656.8683277491768,564.7315187801634,True,True
48680,Male,35-39,2592.0,3266,-674.0,424.0,437.9622123796755,False,False
38940,Female,30-34,14586.0,14739,-153.0,225.0,209.32423009830944,True,True
42700,Female,18-24,3318.736058551681,2818,500.7360585516808,281.52797374328543,139.685962479411,False,False
42700,Male,50-54,2874.0770212084844,2667,207.07702120848444,68.0,224.2571922054068,False,True
39150,Male,30-34,5737.0,5851,-114.0,100.0,184.94402207492408,False,True
20940,Male,50-54,5224.0,5160,64.0,241.0,220.5085531674452,True,True
28100,Male,25-29,3345.2275412081685,3383,-37.77245879183147,56.0,108.88758182409813,True,True
10780,Male,40-44,4954.349314185281,5013,-58.6506858147186,438.0,433.02473939920367,True,True
16300,Male,50-54,8611.89563473156,8522,89.89563473155977,123.0,253.86587453932904,True,True
11180,Male,30-34,3721.0,3757,-36.0,76.0,195.80233986408334,True,True
20220,Male,18-24,5069.341602172664,5118,-48.65839782733565,350.2770332179945,237.35795293894918,True,True
20220,Male,30-34,3081.9594430879197,3102,-20.04055691208032,157.0,175.23123658516474,True,True
22520,Male,50-54,4721.120912969788,4685,36.12091296978815,110.0,152.91600860403344,True,True
26620,Female,50-54,16569.263622303795,16682,-112.73637769620473,85.0,338.52924131095904,False,True
23460,Female,30-34,3189.483887310391,3156,33.483887310390855,62.0,110.10127788637901,True,True
19300,Female,50-54,8051.0,8398,-347.0,92.0,284.75610463166544,False,False
43300,Male,18-24,6311.632744720695,6090,221.63274472069497,527.7470985235258,268.0325582154206,True,True
46340,Male,50-54,6620.0,6673,-53.0,65.0,158.51860505946928,True,True
13140,Male,35-39,13251.0,13661,-410.0,700.0,913.660825962649,True,True
20580,Male,25-29,2248.8930127590816,2429,-180.10698724091844,282.0,166.9766803780155,True,True
15540,Female,45-49,6241.720849806756,6272,-30.279150193244277,137.0,235.9852822263882,True,True
15540,Female,35-39,8092.276803933631,8161,-68.72319606636938,476.0,769.2481304084328,True,True
15540,Female,40-44,6453.578564618187,6772,-318.42143538181335,482.0,731.8590815322533,True,True
29540,Female,40-44,16961.0,17180,-219.0,863.0,1095.2666456895327,True,True
16540,Female,25-29,4542.93972053712,4728,-185.06027946288032,126.0,255.67310379416367,False,True
10580,Female,55-59,31138.47430833467,31615,-476.52569166533067,810.0,1060.9884600126115,True,True
13780,Male,25-29,7415.913312589043,7247,168.91331258904302,61.0,205.01626627350592,False,True
16860,Male,25-29,19247.90758839382,19143,104.90758839382033,280.0,323.16896263221986,True,True
21780,Male,65-69,7764.133955275294,7924,-159.86604472470572,621.6309194369276,566.5080226156293,True,True
45460,Female,35-39,4966.386910109391,4551,415.38691010939056,431.0,474.80353848359687,True,True
31140,Male,50-54,42936.248323994034,43272,-335.75167600596615,345.0,474.4468662883816,True,True
45460,Female,45-49,4505.941367528047,4550,-44.05863247195339,111.0,176.6318570106555,True,True
31140,Male,65-69,36733.7725687276,37422,-688.2274312723966,1441.7503251256787,1204.5359591842566,True,True
45460,Male,18-24,11244.549419826417,10972,272.54941982641685,623.3450088033111,373.2844860520525,True,True
18020,Female,18-24,3094.96085122882,3321,-226.03914877117995,373.7178079781588,138.61067005617903,True,True
48620,Male,55-59,19331.315345199026,19022,309.3153451990256,803.0,1039.767087360809,True,True
27900,Female,25-29,6412.086964312708,6376,36.086964312708005,105.0,184.58122036662286,True,True
31740,Male,55-59,2068.0,2211,-143.0,258.0,323.78744395629366,True,True
27900,Male,25-29,6511.196719633534,6531,-19.803280366466424,135.0,271.3863304894982,True,True
19740,Female,65-69,76508.98430493989,76363,145.98430493989144,1869.978609503328,1989.6496533438713,True,True
17820,Male,25-29,33219.0,33117,102.0,151.0,668.400969968626,True,True
19740,Female,50-54,90982.44092269376,91457,-474.5590773062431,220.0,495.31473738479417,False,True
14500,Female,65-69,8756.5026796167,8969,-212.49732038329967,647.7113554663065,514.7015388451099,True,True
24540,Male,55-59,9191.0,9110,81.0,576.0,712.2247820965654,True,True
24300,Female,40-44,4975.429966104344,5070,-94.5700338956558,447.0,526.1084476309792,True,True
14500,Female,50-54,10028.68187879637,10254,-225.31812120363065,45.0,276.62952757741465,False,True
24300,Female,45-49,4549.297267993911,4414,135.2972679939112,141.0,192.44907930565296,True,True
39380,Female,25-29,5193.123710119429,5246,-52.876289880570766,95.0,181.8404195776351,True,True
24300,Female,35-39,5120.568158499078,5152,-31.43184150092202,419.0,477.89206135717274,True,True
17300,Female,50-54,8880.517002647466,8594,286.51700264746614,106.0,412.26040957287233,False,True
32820,Female,55-59,41690.692644411145,40388,1302.692644411145,1346.0,1464.39983794373,True,True
34980,Male,55-59,61579.80239534707,62467,-887.1976046529307,1794.0,1997.8059585188553,True,True
28940,Female,60-64,32534.683017129788,32528,6.683017129787913,1303.3157714076815,1149.8714374787787,True,True
28700,Male,55-59,10919.192332725364,11251,-331.8076672746356,684.0,597.9955746475682,True,True
27180,Female,35-39,5996.905672616033,5538,458.90567261603337,480.0,512.7000935494727,True,True
27180,Female,40-44,5581.817304858724,6113,-531.1826951412759,519.0,520.9658187619302,False,True
17300,Female,65-69,7998.821482092376,7645,353.82148209237585,559.9151721466386,519.6817528786084,True,True
17420,Female,40-44,3592.0,3584,8.0,383.0,425.5728183651418,True,True
27180,Female,45-49,5062.714696117335,5135,-72.28530388266518,125.0,148.00462986492425,True,True
15380,Male,35-39,37343.0,37399,-56.0,1211.0,1436.2943783505002,True,True
48060,Female,35-39,3618.7098858105974,3736,-117.29011418940263,284.0,342.0602168181508,True,True
15380,Female,40-44,33828.0,34330,-502.0,1059.0,1393.5092984359667,True,True
15380,Male,40-44,34729.0,34293,436.0,1225.0,1411.1641872191913,True,True
15380,Female,45-49,31585.0,31485,100.0,104.0,433.17725997852193,True,True
15380,Female,35-39,39096.0,38768,328.0,1047.0,1462.576845218312,True,True
45060,Male,30-34,20709.708686761565,20811,-101.29131323843467,142.0,305.09381799399205,True,True
40380,Female,60-64,39644.58228463816,38727,917.5822846381634,1186.1403795504139,1229.1541920439226,True,True
46540,Male,55-59,9546.871927623435,9914,-367.1280723765649,532.0,562.3581668903458,True,True
15380,Male,45-49,30363.0,30647,-284.0,137.0,409.66445351653346,False,True
21300,Female,45-49,2382.2825897676626,2407,-24.717410232337443,135.0,174.0107836795359,True,True
28880,Female,35-39,21565.617742597107,21667,-101.38225740289272,902.0,869.0785721816336,True,True
28880,Female,45-49,21095.798713381246,21047,48.79871338124576,34.0,277.57112085098134,False,True
28880,Female,40-44,21964.050119537074,21559,405.05011953707435,895.0,898.2428187176108,True,True
24020,Male,18-24,4470.0,4515,-45.0,316.07752213657966,141.17751887694445,True,True
21300,Female,40-44,2426.359414588208,2543,-116.64058541179202,279.0,231.6464860649413,True,True
45060,Male,18-24,35490.2182110345,34127,1363.218211034502,983.944612262296,820.605488388966,False,False
30700,Male,35-39,12894.972569905327,12236,658.972569905327,475.0,895.5673369506817,False,True
30700,Male,45-49,9974.665628102157,9841,133.66562810215692,50.0,398.07017509777273,False,True
30700,Male,40-44,10343.494421739488,10369,-25.505578260512266,478.0,902.3486710711425,True,True
24260,Male,25-29,2217.2823478340324,2300,-82.71765216596759,72.0,113.52016343025781,False,True
24260,Female,55-59,2180.978754471782,2283,-102.02124552821806,248.0,222.07791864531563,True,True
12580,Female,30-34,106039.63056381716,106583,-543.3694361828384,214.0,554.3935047226962,False,True
12580,Female,18-24,119628.1549028872,119570,58.15490288719593,2083.491540659573,1214.9716932703332,True,True
25180,Male,65-69,8718.925226387744,8483,235.92522638774426,531.7790894723108,456.2273664806574,True,True
25180,Male,50-54,10278.90253840119,10378,-99.0974615988107,140.0,339.00112635965144,True,True
41540,Male,45-49,3402.0766966246815,3137,265.0766966246815,129.0,178.28448001683734,False,False
25180,Female,50-54,9895.381018726226,9700,195.3810187262261,112.0,236.10448245043855,False,True
41540,Male,40-44,3580.8619352624846,3769,-188.13806473751538,471.0,440.0944016508657,True,True
41540,Male,35-39,3882.859002744716,3793,89.85900274471578,408.0,422.5623956070338,True,True
17410,Male,45-49,61237.0,60919,318.0,212.0,709.3158169170839,False,True
17410,Male,35-39,66614.0,67041,-427.0,1387.0,2074.455424697648,True,True
17410,Male,40-44,64590.0,64717,-127.0,1393.0,1925.5933942183901,True,True
44220,Female,30-34,4157.0,4157,0.0,110.0,135.2806234277474,True,True
48540,Male,60-64,5265.087338872012,5114,151.08733887201197,401.31907505126145,332.75662218522456,True,True
40060,Female,45-49,40385.1353183596,40432,-46.864681640399795,385.0,525.4190568905988,True,True
40060,Female,35-39,47788.19692185819,47112,676.1969218581871,1441.0,1815.4570332690503,True,True
40060,Female,40-44,44485.04339038731,45496,-1010.9566096126873,1475.0,1847.3233890503504,True,True
47260,Male,25-29,67278.68103137125,66766,512.6810313712485,326.0,679.496527751589,False,True
40220,Female,18-24,12792.35742317788,12844,-51.642576822119736,646.0054179339365,515.821145776037,True,True
40060,Male,30-34,48892.12152210488,48900,-7.878477895123069,486.0,589.7357645973125,True,True
31340,Female,65-69,8566.0,8699,-133.0,515.7838694647206,516.6477298157324,True,True
44420,Female,55-59,4306.414268010442,4274,32.414268010442356,332.0,361.91860910792445,True,True
40060,Male,18-24,59324.385630249984,59764,-439.6143697500156,1514.6953489068355,976.440162787179,True,True
40220,Female,30-34,9952.724903458387,9847,105.72490345838742,199.0,228.15999393853792,True,True
31340,Female,50-54,7922.0,7920,2.0,185.0,182.58647840475484,True,True
33460,Male,25-29,125643.11092355908,127001,-1357.8890764409152,330.0,1380.5134895910267,False,True
11540,Male,50-54,7857.182394280609,7919,-61.817605719391395,66.0,322.1586358173766,True,True
33340,Female,18-24,67541.0,67283,258.0,1401.4742238086294,1243.1980707860876,True,True
24580,Male,60-64,10316.074576943645,11186,-869.9254230563547,658.0524295221468,681.597966436009,False,True
33340,Female,30-34,55123.0,55110,13.0,137.0,933.059022974967,True,True
29100,Male,40-44,5338.955613139145,5327,11.955613139144589,333.0,518.5891546579181,True,True
29100,Male,35-39,5124.027863697641,4997,127.0278636976409,323.0,490.85904086749616,True,True
33340,Male,45-49,44938.0,44603,335.0,189.0,869.6360607058564,False,True
20740,Female,65-69,4921.284839588147,4903,18.284839588147406,438.0182644593716,548.5092902177574,True,True
27500,Female,30-34,5089.0,5150,-61.0,91.0,239.5305846155142,True,True
20260,Male,60-64,11405.528642450307,10804,601.5286424503065,470.2393007820593,546.0750937520924,False,True
48140,Male,55-59,4665.0,4735,-70.0,288.0,459.4691430199639,True,True
27500,Female,18-24,7193.0,6725,468.0,454.8395321429306,436.4840966533031,False,True
33460,Female,55-59,114726.86879471828,115509,-782.1312052817229,1808.0,2799.721651067059,True,True
29100,Male,45-49,4715.603654188302,4509,206.60365418830224,127.0,305.06321148410296,False,True
36780,Female,35-39,5263.0,5345,-82.0,329.0,555.1170651617099,True,True
43100,Male,25-29,3756.0,3837,-81.0,103.0,440.59966940523236,True,True
22540,Male,25-29,2894.238374193185,3137,-242.76162580681512,156.0,155.79251404102877,False,False
20740,Female,50-54,4948.55028427315,4798,150.55028427315028,133.0,239.48580368671054,False,True
36780,Female,40-44,5160.0,4910,250.0,333.0,520.0237630700159,True,True
11540,Male,65-69,6702.213176783576,6854,-151.78682321642373,571.7359530412618,531.0153849000895,True,True
18020,Female,30-34,2632.1932811051265,2682,-49.806718894873484,118.0,167.88172630625135,True,True
29020,Male,55-59,2746.7089037901783,2601,145.70890379017828,314.0,276.8980350162268,True,True
45460,Male,30-34,5813.632312123918,5940,-126.36768787608162,190.0,303.414817030113,True,True
21780,Male,50-54,8155.020800458915,8135,20.02080045891489,151.0,200.45353059424806,True,True
45460,Female,40-44,4491.174647008455,4744,-252.8253529915446,428.0,486.8082543180597,True,True
29940,Male,25-29,4278.0,4687,-409.0,286.0,361.641380888927,False,True
41140,Male,60-64,4099.903800954438,4146,-46.09619904556166,330.80054413498175,366.407861710269,True,True
17420,Female,35-39,4227.0,4321,-94.0,416.0,441.85998342800855,True,True
17420,Female,45-49,4084.0,4206,-122.0,142.0,116.20094167540124,True,True
22140,Male,18-24,5112.63373894121,5239,-126.36626105878986,406.5402809070708,249.4309857426685,True,True
42140,Female,65-69,6921.348920314721,6902,19.348920314721,519.3418912431385,533.2232640311654,True,True
10740,Male,60-64,29332.886633708145,30150,-817.1133662918546,1451.9559221959873,1319.1405989575887,True,True
42140,Female,50-54,4715.790821601947,4740,-24.209178398053155,2.0,104.98321395637304,False,True
22140,Male,30-34,4064.5277561248345,4065,-0.4722438751655318,37.0,210.19281024573564,True,True
21300,Female,35-39,2431.4283378986765,2331,100.42833789867655,271.0,234.3132735563306,True,True
28740,Female,30-34,5883.0519001501825,5831,52.05190015018252,19.0,272.2120401368955,False,True
48060,Male,65-69,3137.195350985563,2966,171.19535098556298,254.57415422622933,210.2077752378668,True,True
24020,Male,30-34,4051.0,4159,-108.0,118.0,206.5673994456773,True,True
48060,Male,50-54,3177.6553058904383,3026,151.65530589043829,101.0,112.30173341879394,False,False
48060,Female,40-44,3193.118061313635,3106,87.11806131363483,300.0,385.070442982467,True,True
28740,Female,18-24,8389.00325406097,8392,-2.9967459390300064,761.2739323003251,368.8226837664685,True,True
48060,Female,45-49,2624.2229660087896,2578,46.222966008789626,148.0,150.75557269036304,True,True
25180,Female,65-69,9072.735439799832,8916,156.7354397998315,644.6658048942878,496.3001201789681,True,True
29820,Male,30-34,89813.0,89618,195.0,0.0,756.6705861131052,False,True
29820,Male,18-24,96027.0,95648,379.0,1765.1405043225313,596.8452420257281,True,True
48260,Male,55-59,3898.9104140653762,3504,394.91041406537624,334.0,227.433536614269,False,True
41780,Female,40-44,3214.5829702637284,2906,308.5829702637284,302.0,307.99496251459163,False,True
44220,Female,18-24,5372.0,5381,-9.0,379.6537896557863,196.6356514406785,True,True
41780,Female,35-39,3477.108496613352,3293,184.10849661335214,338.0,336.75652361941627,True,True
41780,Female,45-49,3104.584052668246,3121,-16.41594733175407,191.0,109.67997653839116,True,True
49020,Female,55-59,5241.467067855959,4941,300.4670678559587,401.0,381.22570262472806,True,True
33340,Male,35-39,51394.0,51361,33.0,1335.0,2194.5624345345022,True,True
33340,Male,40-44,52189.0,51232,957.0,1360.0,2046.1498986389047,True,True
36780,Female,45-49,4460.0,4668,-208.0,146.0,197.39657288691717,False,True
47220,Male,55-59,4748.244720062299,4147,601.2447200622992,366.0,447.25453553576165,False,False
47220,Female,45-49,4814.932323910139,4512,302.9323239101386,71.0,146.58675315838732,False,False
47220,Female,35-39,4638.268376334578,5018,-379.7316236654224,475.0,463.670829275112,True,True
47220,Female,40-44,4366.38963617528,4064,302.38963617528043,490.0,472.1902618943401,True,True
33220,Male,60-64,3197.379060515569,3270,-72.62093948443089,352.61877431583247,230.0750508227365,True,True
45900,Male,55-59,5655.526844625969,5510,145.5268446259688,353.0,431.5940083113084,True,True
45900,Female,60-64,6715.122101466577,6611,104.12210146657708,445.05505277437305,415.21906718035024,True,True
11460,Male,40-44,10078.0,10477,-399.0,624.0,864.0136025708739,True,True
33220,Female,65-69,2936.678044561032,2790,146.67804456103204,310.1032086257735,217.42698609940825,True,True
29620,Female,55-59,14227.0,14610,-383.0,504.0,739.9927869800489,True,True
13020,Male,40-44,3216.003516919148,3350,-133.99648308085216,370.0,270.0792249840442,True,True
13020,Male,45-49,2936.0014400871632,2997,-60.998559912836754,131.0,129.6529153431219,True,True
13020,Male,35-39,3294.163408601024,2905,389.163408601024,374.0,288.99320782376896,False,True
12980,Female,18-24,5354.184697875271,5436,-81.81530212472899,424.9741168588977,255.7731058339044,True,True
33780,Male,45-49,4824.0,4712,112.0,165.0,190.47366846889886,True,True
11460,Male,45-49,10018.0,9990,28.0,26.0,322.5597108017367,False,True
28020,Male,65-69,5962.0,6266,-304.0,506.951674225463,580.7110957309151,True,True
33780,Male,40-44,4699.0,4789,-90.0,377.0,491.6322693856151,True,True
28020,Female,45-49,6847.0,7011,-164.0,26.0,297.30434104213816,False,True
22420,Male,25-29,13260.040712671032,12918,342.04071267103245,115.0,457.9947502200449,False,True
11460,Male,35-39,12589.0,12259,330.0,616.0,874.037201541645,True,True
28020,Female,35-39,8029.0,8256,-227.0,545.0,712.4640089725585,True,True
28020,Female,40-44,8246.0,7715,531.0,537.0,676.8409422078056,True,True
28020,Male,50-54,7038.0,7061,-23.0,27.0,321.02313031345574,True,True
27100,Male,18-24,7402.0,7371,31.0,521.9971264288722,261.35395339223396,True,True
25620,Male,65-69,3648.6580189025613,3571,77.65801890256125,407.9215610874228,305.8793331729583,True,True
25620,Female,55-59,4690.796096964607,4448,242.7960969646074,423.0,462.3281035864153,True,True
27140,Male,25-29,19084.070473111555,19286,-201.92952688844525,393.0,486.77762599883863,True,True
27140,Female,25-29,20428.724538925948,20210,218.72453892594785,214.0,315.71575214495607,False,True
25620,Male,50-54,4439.615457369095,4418,21.615457369094656,183.0,161.84934381823254,True,True
40580,Female,40-44,5220.0,5062,158.0,483.0,501.87060182381674,True,True
48900,Male,40-44,11277.0,11252,25.0,849.0,867.1157635179112,True,True
49180,Male,30-34,20996.08171532258,21116,-119.91828467742016,163.0,399.69196322429406,True,True
11700,Female,40-44,14662.651875360698,14348,314.6518753606979,857.0,963.1567484090596,True,True
25860,Male,30-34,11438.8101515108,11373,65.81015151079919,291.0,380.3112493796939,True,True
48900,Male,35-39,14720.0,14705,15.0,806.0,986.706940867576,True,True
20500,Male,50-54,17917.981198210462,18100,-182.01880178953797,142.0,343.9130431916482,False,True
11700,Female,35-39,13378.897480669431,13619,-240.1025193305686,887.0,932.6178993621509,True,True
48900,Female,18-24,21425.0,21462,-37.0,1198.1435640189368,565.0270894291265,True,True
48900,Male,45-49,12797.0,12571,226.0,210.0,405.6623031891798,False,True
49180,Male,18-24,29732.387514507434,30006,-273.6124854925656,1112.4324698605305,929.0974044696839,True,True
27340,Male,65-69,4611.197199211204,4019,592.197199211204,504.2786927880257,320.40604211893617,False,True
40580,Female,45-49,4601.0,4610,-9.0,131.0,139.4960969928908,True,True
22180,Male,25-29,18049.863032551293,18342,-292.13696744870686,59.0,491.38213775463504,False,True
27340,Male,50-54,3825.196429463853,3824,1.1964294638528372,121.0,203.65955113305196,True,True
39580,Female,60-64,42758.88454072934,42834,-75.1154592706589,1609.606784279937,1430.9744890975994,True,True
20500,Male,65-69,15612.809808067148,15887,-274.19019193285203,902.9756364376616,879.1465366125457,True,True
11700,Female,45-49,12337.193056003365,12664,-326.8069439966348,268.0,424.1104939267492,False,True
25860,Male,18-24,15155.315198710388,15400,-244.68480128961164,886.5759978704589,369.7912601440072,True,True
40580,Male,65-69,3641.0,3771,-130.0,408.7505351678454,394.2255456112655,True,True
48900,Female,30-34,13203.0,13207,-4.0,162.0,245.89256189950117,True,True
26820,Male,25-29,5513.289747006068,5386,127.28974700606796,151.0,111.02006433564921,True,True
26820,Female,50-54,3917.9213238985285,4004,-86.0786761014715,98.0,121.3956432805757,True,True
38540,Male,65-69,2327.204458750781,2088,239.2044587507812,264.09278672466615,219.27997487369245,True,True
17660,Male,60-64,5535.00964625457,5687,-151.99035374543018,577.7542730261715,539.970538261931,True,True
38540,Male,50-54,2232.5150922555986,2283,-50.484907744401426,124.0,121.10423977882814,True,True
46300,Female,18-24,5005.566078919338,5070,-64.433921080662,411.8919761296644,119.8455649147835,True,True
46300,Female,30-34,3899.8252063399163,4045,-145.17479366008365,100.0,171.16951527896623,False,True
26820,Female,65-69,3917.0951738831386,4044,-126.90482611686139,377.00397875884545,399.2986135360047,True,True
30300,Female,45-49,1687.106189623549,1820,-132.89381037645103,101.0,109.95576287594861,False,True
30300,Female,35-39,2002.2101723102144,2056,-53.789827689785625,239.0,165.5991102649461,True,True
30300,Female,40-44,1497.8228224400382,1688,-190.17717755996182,221.0,160.1357860071447,True,True
22220,Male,25-29,21130.243705986548,21641,-510.75629401345213,103.0,537.293856573243,False,True
27860,Female,50-54,3915.0,3839,76.0,105.0,135.36011219613408,True,True
26300,Female,50-54,2930.814478149288,2953,-22.18552185071212,109.0,106.08874054648749,True,True
26300,Female,65-69,3404.731463776271,3628,-223.26853622372892,360.94597933762884,250.13751487188995,True,True
30780,Male,60-64,22108.0,21772,336.0,1032.2000775043566,1040.1633010518108,True,True
27860,Female,65-69,3471.0,3371,100.0,412.22566635278787,438.4417237843588,True,True
21060,Female,55-59,3926.485790036301,3872,54.48579003630084,333.0,370.92694282997644,True,True
33220,Female,50-54,2676.4519908172606,2599,77.4519908172606,59.0,107.4623278210962,False,True
12980,Female,30-34,4171.000846911815,4379,-207.99915308818527,140.0,146.08069659593863,False,False
33780,Female,50-54,4982.0,5027,-45.0,87.0,147.10890195277105,True,True
33780,Female,65-69,4856.0,5049,-193.0,419.3435345870972,480.8294479815583,True,True
33780,Male,35-39,4435.0,4490,-55.0,384.0,521.122265522929,True,True
27100,Male,30-34,5259.0,5736,-477.0,77.0,297.2636073903935,False,False
40580,Female,35-39,3370.0,3603,-233.0,493.0,508.57270782062227,True,True
40580,Male,50-54,4320.0,4292,28.0,103.0,135.4235697081568,True,True
38240,Female,18-24,3080.5257663107477,2996,84.52576631074771,320.0703047769349,88.44571600385147,True,True
38240,Female,30-34,3236.282990991011,3206,30.282990991011047,194.0,211.60396611133183,True,True
24860,Female,25-29,31543.520566058705,31443,100.5205660587053,136.0,454.27434463287545,True,True
17900,Female,18-24,46480.69503666464,46233,247.69503666464152,1786.6309076023508,876.2564606227626,True,True
43900,Male,65-69,9008.435207674516,9312,-303.5647923254837,646.3342788371974,501.4329394224761,True,True
43900,Male,50-54,11892.238218216686,11963,-70.76178178331429,54.0,257.2637895983468,False,True
25940,Male,55-59,6451.498658681555,6962,-510.50134131844516,599.0,566.4855292562409,True,True
17900,Female,30-34,30235.027398075814,30351,-115.97260192418616,216.0,397.7528622074127,True,True
43900,Female,55-59,12408.39643147561,12183,225.39643147561037,666.0,737.8220426998865,True,True
24860,Male,55-59,29105.776313675837,28906,199.77631367583672,1218.0,1109.5190377152085,True,True
34820,Female,45-49,10628.280863409116,10854,-225.71913659088386,48.0,321.0129817852364,False,True
34820,Female,40-44,11166.051892128598,11145,21.05189212859841,695.0,847.4640390062202,True,True
34820,Female,35-39,10169.378175089578,9947,222.37817508957778,694.0,898.6163315196318,True,True
24220,Male,40-44,2899.935732302168,2911,-11.064267697831838,305.0,257.8738540907387,True,True
24220,Female,40-44,2500.4117552013017,2764,-263.58824479869827,239.0,255.4797828661884,False,True
24220,Male,45-49,2717.36156271593,2486,231.36156271593018,126.0,141.66821650342763,False,False
24220,Female,35-39,3117.1692129653193,3149,-31.830787034680725,247.0,235.97527810333185,True,True
24220,Female,45-49,2223.0591610081783,2152,71.05916100817831,102.0,75.38832559746852,True,True
13740,Male,45-49,5052.586378924788,5422,-369.4136210752122,138.0,326.1819271357789,False,False
13740,Male,35-39,6182.594641658736,6617,-434.4053583412642,498.0,647.9388652755641,True,True
33540,Male,25-29,4523.696285989181,5147,-623.303714010819,132.0,162.865743610289,False,False
13740,Male,40-44,6501.555377427547,6111,390.5553774275468,518.0,705.6052513838273,True,True
32780,Male,35-39,7327.0,7216,111.0,557.0,653.1059165393849,True,True
32780,Female,55-59,6657.0,6772,-115.0,557.0,642.7727779773736,True,True
13460,Male,60-64,8679.0,8485,194.0,618.0129448482451,760.7539891014375,True,True
38340,Male,50-54,3833.0,3829,4.0,94.0,165.40554754904687,True,True
11260,Male,30-34,16812.559545765467,16951,-138.4404542345328,68.0,706.4027233430121,False,True
11260,Male,18-24,20351.93101622555,20881,-529.0689837744503,933.4554086832429,2212.8463827082933,True,True
21820,Female,55-59,2475.7934756608165,2294,181.7934756608165,348.0,351.8112788645188,True,True
44940,Female,60-64,3834.9643510946685,3572,262.9643510946685,436.2900411423575,317.59894617048604,True,True
24220,Male,35-39,3378.3287141056726,3533,-154.6712858943274,302.0,282.45914436362176,True,True
32780,Male,40-44,7057.0,6834,223.0,550.0,671.3776852860094,True,True
38900,Male,55-59,73957.37336937134,74381,-423.62663062865613,1595.0,1554.097768619064,True,True
38900,Female,55-59,72303.82043869574,73185,-881.1795613042632,1262.0,1654.3411118641768,True,True
32780,Male,45-49,6040.0,6043,-3.0,69.0,117.74971589668488,True,True
21660,Female,55-59,11576.0,11348,228.0,612.0,747.1227997064807,True,True
11200,Female,40-44,4391.540222566743,4451,-59.45977743325693,283.0,422.0660901706312,True,True
42660,Male,25-29,168405.0,168372,33.0,92.0,1061.3260942937143,True,True
31020,Male,35-39,3149.2276618984033,3293,-143.7723381015967,326.0,339.67653928963864,True,True
36500,Male,30-34,11070.0,11189,-119.0,55.0,236.77659374925554,False,True
49420,Female,50-54,6746.0,6835,-89.0,140.0,144.39970788578486,True,True
28420,Female,55-59,7662.015225340407,7671,-8.984774659593313,502.0,646.0530556142581,True,True
36500,Male,18-24,11424.0,11367,57.0,652.4001839362095,248.95595434232942,True,True
31020,Male,45-49,3365.7637943375184,3340,25.763794337518448,82.0,150.33852646845068,True,True
48300,Female,25-29,3584.0,3602,-18.0,115.0,145.83275242550968,True,True
47460,Female,30-34,1745.649764813351,1719,26.649764813351112,57.0,162.06664153537272,True,True
31020,Male,40-44,3603.128894798469,3763,-159.871105201531,349.0,365.5869959770067,True,True
49420,Female,65-69,5909.0,5831,78.0,581.1781138343047,505.83723252025453,True,True
47460,Female,18-24,3737.6871200209857,4066,-328.31287997901427,392.9249292167653,383.38606884249737,True,True
20100,Female,65-69,6882.0,6590,292.0,526.3078946776307,565.6946680520332,True,True
20100,Female,50-54,5666.0,5605,61.0,25.0,198.72798308240337,False,True
37620,Female,35-39,2412.374032174164,2421,-8.625967825836142,360.0,334.7923310413696,True,True
37620,Female,40-44,2786.080815530752,2881,-94.9191844692482,358.0,320.2866243715247,True,True
37620,Female,45-49,2699.4622418347953,2767,-67.53775816520465,82.0,71.72204420411911,True,True
16220,Male,65-69,2318.8628079836203,2221,97.86280798362031,337.50407404948464,202.41934282712015,True,True
16220,Male,50-54,2054.3826548733828,2300,-245.61734512661724,89.0,70.1349303988557,False,False
33500,Female,55-59,1970.1920549464746,1989,-18.807945053525373,287.0,261.29621948631296,True,True
12620,Female,55-59,5343.361422452522,5602,-258.63857754747823,397.0,491.0929008381917,True,True
38860,Female,50-54,18505.0,18620,-115.0,191.0,433.7299162944032,True,True
30340,Male,25-29,3300.0,3375,-75.0,88.0,209.5206349414062,True,True
38860,Female,65-69,20032.0,20443,-411.0,952.7670229389764,1018.7562827088481,True,True
41860,Male,65-69,119064.0,118368,696.0,2314.789191265589,2140.4316230050426,True,True
41860,Female,55-59,152799.0,151339,1460.0,1855.0,2927.5297625218523,True,True
37100,Male,35-39,29438.0,29296,142.0,960.0,1112.0766366864068,True,True
31080,Male,50-54,433633.0,434325,-692.0,0.0,1456.510812756809,False,True
31080,Male,65-69,310790.0,311963,-1173.0,4020.763236003831,3637.3516734397567,True,True
41860,Male,50-54,159482.0,159574,-92.0,177.0,1167.0045532494723,True,True
44700,Female,55-59,21597.0,21512,85.0,941.0,926.9022514591278,True,True
42220,Female,35-39,16121.0,15811,310.0,743.0,924.4835604757935,True,True
12540,Female,40-44,29845.0,29634,211.0,1087.0,1394.2958768447427,True,True
42220,Female,45-49,14209.0,14429,-220.0,65.0,194.64979922607165,False,False
23420,Female,25-29,42127.0,41995,132.0,210.0,558.7508325966951,True,True
41500,Female,50-54,12332.692341634169,11990,342.69234163416877,55.0,248.27912068896126,False,False
41500,Male,40-44,15632.712594894796,15866,-233.28740510520402,807.0,882.5044729060469,True,True
37100,Female,25-29,26532.0,26521,11.0,83.0,247.9975943482114,True,True
42200,Female,40-44,11715.0,12348,-633.0,619.0,665.0872522693921,False,True
25260,Male,25-29,7566.0,7637,-71.0,128.0,320.3989603564594,True,True
41500,Female,65-69,11117.781072987409,11005,112.78107298740906,628.8091920447729,591.7547431150824,True,True
17020,Female,40-44,5433.0,5528,-95.0,418.0,441.45514353244323,True,True
42220,Female,40-44,15702.0,16031,-329.0,736.0,869.2456133956041,True,True
42100,Male,18-24,18753.0,18475,278.0,965.2217361829353,663.716016981284,True,True
42200,Female,35-39,13014.0,12371,643.0,619.0,657.1959262122674,False,True
12540,Female,45-49,24929.0,24772,157.0,25.0,310.29492458586884,False,True
37100,Male,45-49,25380.0,25239,141.0,29.0,359.5350625982117,False,True
41500,Male,35-39,15902.771207308027,15242,660.7712073080274,818.0,906.9672575188135,True,True
20940,Male,25-29,6953.0,6893,60.0,138.0,324.5260235905589,True,True
12540,Female,35-39,28758.0,29010,-252.0,1091.0,1429.440779196099,True,True
37100,Male,40-44,25882.0,25939,-57.0,964.0,1211.923425689511,True,True
47930,Female,50-54,15374.0,15437,-63.0,31.0,301.3128587884195,False,True
47930,Female,65-69,14125.0,14005,120.0,836.2069121933877,826.6359879747555,True,True
35980,Female,40-44,8153.0,8274,-121.0,549.0,507.3223738462557,True,True
45300,Female,25-29,104611.0,104709,-98.0,120.0,620.5398114716331,True,True
33100,Female,25-29,187614.71354770282,188449,-834.2864522971795,176.0,778.6332072502656,False,False
34940,Female,30-34,8878.0,8986,-108.0,37.0,124.55322566577713,False,True
29460,Male,50-54,23200.0,23288,-88.0,40.0,225.7531019554327,False,True
34940,Female,18-24,11740.0,11959,-219.0,781.433298497063,430.79186380722194,True,True
19660,Female,55-59,25761.0,26352,-591.0,1103.0,1304.2533725632072,True,True
29460,Male,65-69,21939.0,21596,343.0,1138.0333914257526,1107.2924998707433,True,True
19660,Male,60-64,28763.0,28505,258.0,1348.7446014720504,1024.520540238823,True,True
37460,Female,55-59,7319.2745299048265,7297,22.274529904826522,533.0,477.26969262778516,True,True
46060,Male,60-64,32470.6889997201,31940,530.6889997200997,1299.0246341005238,1266.2177767738215,True,True
22380,Female,25-29,5038.0,4981,57.0,46.0,186.6114565748845,False,True
46520,Female,35-39,32252.0,32666,-414.0,861.0,1297.493319849374,True,True
46520,Female,45-49,28895.0,28511,384.0,0.0,468.08633256190035,False,True
46520,Female,40-44,33211.0,32607,604.0,860.0,1375.711739536121,True,True
27980,Female,45-49,4963.233274244225,5068,-104.76672575577504,101.0,127.32291915713051,False,True
27980,Female,35-39,5552.757301587087,5588,-35.24269841291334,411.0,528.3191519171181,True,True
27980,Female,40-44,5642.165547021768,5774,-131.83445297823164,426.0,503.2186924312681,True,True
41180,Male,45-49,80351.72429931676,80541,-189.27570068323985,306.0,910.3122526440037,True,True
41180,Male,35-39,94578.3026523371,95646,-1067.6973476629064,1860.0,2350.903058037755,True,True
41180,Male,40-44,91051.7793064035,89644,1407.7793064035068,1831.0,2408.350340164067,True,True
28100,Male,65-69,2801.059639107918,3113,-311.940360892082,311.20732639190874,274.82519938940067,False,True
14010,Male,25-29,5697.0,5639,58.0,19.0,89.07261082257554,False,True
25220,Male,60-64,4060.725097368355,3864,196.7250973683549,610.8886968998526,488.5342716777899,True,True
12940,Male,65-69,22120.53922424727,21844,276.5392242472699,1396.6864358187202,1008.6414832434344,True,True
33740,Female,35-39,6836.7173419550745,6764,72.71734195507452,585.0,656.9679965475981,True,True
12940,Female,30-34,30220.93970082633,29859,361.9397008263295,303.0,544.8520114358162,False,True
33740,Female,40-44,7433.279805245381,7502,-68.72019475461911,577.0,672.9233412496657,True,True
43340,Male,60-64,12405.702690409526,12141,264.70269040952553,857.0180861568792,796.9039862154831,True,True
25220,Female,45-49,3826.392778539641,3817,9.392778539640858,92.0,88.1162532823219,True,True
26380,Female,45-49,5928.936990666368,5707,221.93699066636782,105.0,241.63884313191807,False,True
12940,Female,18-24,49939.132437645305,50382,-442.8675623546951,1890.5393410347217,801.8272043321472,True,True
33740,Female,45-49,6535.033293348089,6553,-17.96670665191141,150.0,142.03258692552646,True,True
26380,Female,40-44,6687.719325175392,6934,-246.28067482460756,549.0,544.4373032626531,True,True
12940,Male,50-54,24603.164826854492,24278,325.1648268544923,276.0,585.9565600382253,False,True
16300,Male,25-29,8290.807633922203,8958,-667.1923660777975,94.0,425.6109291899964,False,False
16300,Female,60-64,9301.27593490532,9361,-59.724065094680554,672.0119046564577,686.4089959227244,True,True
13820,Female,45-49,37140.61553416792,37284,-143.38446583208133,264.0,415.4935974469237,True,True
19300,Male,18-24,8623.0,8574,49.0,656.7845917802883,449.7076196763848,True,True
13820,Female,35-39,39865.24467323341,39502,363.2446732334065,1281.0,1637.9988744803675,True,True
19460,Male,18-24,6536.0,6603,-67.0,470.7727689660905,146.80000645435953,True,True
22520,Male,25-29,4627.167610873139,4651,-23.832389126861017,231.0,208.49646577156918,True,True
26620,Female,25-29,16974.55039308439,17355,-380.44960691560846,69.0,447.15704070727185,False,True
19460,Male,30-34,4843.0,4788,55.0,40.0,158.9745906976961,False,True
23460,Male,45-49,3154.2876862868193,3225,-70.71231371318072,112.0,94.69442511026121,True,True
19300,Male,30-34,6641.0,6797,-156.0,209.0,539.3858175404225,True,True
13820,Female,40-44,39996.72583380827,39754,242.72583380826836,1266.0,1601.2662372306147,True,True
46220,Male,25-29,9319.908270459178,9335,-15.091729540821689,327.0,274.34441828899327,True,True
12220,Female,45-49,5637.932827623416,5611,26.932827623416415,95.0,192.3926190516952,True,True
33660,Female,40-44,14342.0,13214,1128.0,859.0,928.4219549906982,False,True
17980,Female,65-69,9044.388408587349,9116,-71.61159141265125,593.4610349466931,485.434888892738,True,True
33660,Female,35-39,12843.0,13990,-1147.0,858.0,929.8385599816509,False,True
23460,Male,35-39,2822.081148633383,2596,226.08114863338278,325.0,388.3740513400194,True,True
20020,Female,35-39,5097.0,4954,143.0,293.0,353.3896878252816,True,True
26420,Female,25-29,261046.4264641824,260971,75.42646418241202,451.0,1385.8811622510138,True,True
12420,Female,25-29,95546.72423574785,95922,-375.2757642521465,195.0,493.94568327404454,False,True
11100,Female,30-34,9481.875873648518,9462,19.87587364851788,242.0,213.26332407849614,True,True
48660,Female,60-64,4787.5176627500105,4862,-74.48233724998954,425.5091068355647,354.9828875393369,True,True
47020,Male,18-24,4461.913940004928,4561,-99.08605999507199,357.990223330191,164.21526391059308,True,True
15180,Female,25-29,13982.0,13814,168.0,114.0,249.96531450383273,False,True
30980,Male,45-49,8161.378630080434,7991,170.37863008043405,166.0,265.6347479173562,False,True
30980,Male,35-39,9493.087841903596,9673,-179.9121580964038,582.0,748.6242473451659,True,True
46340,Female,35-39,8032.0,7864,168.0,677.0,715.5085351316573,True,True
30980,Male,40-44,9208.088562589048,9352,-143.9114374109522,621.0,759.8103252283004,True,True
11100,Female,18-24,12818.157947883214,12718,100.15794788321364,829.1459461397613,413.7372324146335,True,True
10180,Female,65-69,4867.473584337296,4823,44.473584337296415,470.11168885702045,375.9971644862703,True,True
41660,Male,45-49,3045.853330341029,2978,67.85333034102905,101.0,160.93896022682958,True,True
32580,Male,60-64,18297.0,18188,109.0,1046.759284649532,873.8629563981988,True,True
30980,Female,55-59,8611.054979843717,8664,-52.945020156283135,478.0,492.8068612374471,True,True
33260,Female,60-64,4241.354414186647,4221,20.354414186646864,555.1333173211639,501.80144566920353,True,True
47380,Male,35-39,9455.629069246746,9510,-54.37093075325356,551.0,621.4347868140701,True,True
47380,Male,45-49,7666.383949321693,7567,99.38394932169285,131.0,191.31703870457753,True,True
28660,Female,25-29,18696.110952886836,19420,-723.8890471131635,151.0,311.9238448740776,False,False
41660,Male,35-39,4598.797215499455,4996,-397.202784500545,443.0,513.3699217482273,True,True
10180,Female,50-54,4410.039042896934,4343,67.039042896934,98.0,108.96735579407297,True,True
46340,Female,45-49,6959.0,6916,43.0,25.0,185.85879461300723,False,True
46340,Male,25-29,7844.0,7782,62.0,40.0,147.4671624760916,False,True
41620,Female,18-24,61754.45570095071,61659,95.45570095071162,1141.2440580349148,567.4064317468363,True,True
41620,Female,30-34,49761.515991294335,50046,-284.4840087056655,118.0,510.7544063965066,False,True
41620,Male,50-54,36637.934188120256,36822,-184.0658118797437,60.0,559.8650833476757,False,True
41100,Female,18-24,8980.0,8991,-11.0,603.4749373420573,221.10078999463119,True,True
41620,Male,65-69,26033.035246552376,25800,233.0352465523756,1043.7509281433,944.4166276327715,True,True
41100,Female,30-34,5435.0,5350,85.0,137.0,235.21601846494215,True,True
36420,Male,55-59,38249.127984455925,39854,-1604.872015544075,1076.0,1619.469100953263,False,True
46140,Male,65-69,25822.728928129076,26608,-785.2710718709241,816.0796529751248,990.8783949344978,True,True
46140,Female,55-59,30595.85856621167,30856,-260.14143378832887,755.0,1143.152729739796,True,True
46140,Male,50-54,30286.472793288565,30667,-380.5272067114347,92.0,291.13107754047303,False,False
22900,Male,25-29,7348.662441541778,7448,-99.33755845822179,178.0,170.90514586469564,True,True
30140,Female,30-34,4398.0,4361,37.0,104.0,164.07998880119416,True,True
38300,Female,55-59,82731.97186633942,82710,21.97186633941601,1528.0,1891.9163467815433,True,True
49620,Male,65-69,13381.0,13269,112.0,769.2502843678383,724.3498380314929,True,True
30140,Male,45-49,4066.0,4119,-53.0,106.0,52.183071560612454,True,True
39740,Male,30-34,14056.0,14102,-46.0,38.0,230.4556349115812,False,True
25420,Male,25-29,19406.0,19512,-106.0,153.0,652.4507366202065,True,True
23900,Female,25-29,2860.0602794628817,2754,106.06027946288168,76.0,221.96349846195972,False,True
44300,Male,25-29,5474.0,5644,-170.0,0.0,210.27868414618254,False,True
11020,Male,25-29,3385.9556170945175,3485,-99.04438290548251,120.0,116.64377364020811,True,True
48700,Male,55-59,3895.2929479563454,4011,-115.70705204365458,329.0,336.03843070718284,True,True
49620,Female,60-64,17069.0,17024,45.0,978.0414101662567,851.9102265820032,True,True
23900,Male,60-64,3357.001240902412,3811,-453.99875909758794,350.9558376776201,321.0382705801275,False,True
16540,Female,50-54,5757.552405785959,5191,566.5524057859593,204.0,466.91021373946603,False,False
39740,Male,18-24,20703.0,20675,28.0,705.1397024703687,577.4278053358705,True,True
29540,Male,60-64,18076.0,17756,320.0,927.3968945386868,1024.3769777058396,True,True
30140,Female,18-24,6085.0,5917,168.0,454.32477370268947,300.42177021231333,True,True
49620,Male,50-54,15591.0,15532,59.0,31.0,283.3213447571503,False,True
12060,Female,55-59,202795.26378050566,204117,-1321.7362194943416,2635.0,3104.4843747095656,True,True
19140,Female,50-54,4708.32015370519,4728,-19.679846294809977,157.0,144.22661949568376,True,True
31420,Male,35-39,6490.03496627779,6483,7.034966277789863,582.0,532.9835936230235,True,True
15260,Female,45-49,3245.225871096099,3485,-239.77412890390087,179.0,124.55727662945496,False,False
16860,Male,65-69,15486.162957154387,15869,-382.8370428456128,817.1272850664087,724.974596339128,True,True
31420,Male,45-49,6292.154132305921,6498,-205.84586769407906,312.0,298.4973301346131,True,True
15260,Female,40-44,3548.721916864043,3359,189.72191686404312,474.0,333.42131980597236,True,True
40660,Male,25-29,3247.4824133678108,3197,50.48241336781075,47.0,128.4508664458378,False,True
16860,Female,55-59,18602.158420351345,19104,-501.84157964865517,1037.0,1014.0251214814323,True,True
19140,Female,65-69,3721.0519167080647,3184,537.0519167080647,359.0891254271006,314.0737322652307,False,False
23580,Male,40-44,7281.0,6750,531.0,515.0,615.6891311540671,False,True
23580,Male,35-39,6191.0,6374,-183.0,521.0,627.1006681107907,True,True
16860,Male,50-54,17915.254259916434,18286,-370.7457400835665,193.0,336.59405547262537,False,True
23580,Male,45-49,6341.0,6571,-230.0,167.0,217.2605375666506,False,True
14460,Male,55-59,165798.02730921243,166255,-456.9726907875738,2531.0,3015.075442152629,True,True
14460,Female,55-59,170662.79920821442,169553,1109.7992082144192,2227.0,3088.578325414383,True,True
44140,Female,18-24,22366.0,22107,259.0,977.2978051750654,576.5671026851516,True,True
44140,Male,18-24,22857.0,23016,-159.0,876.8129789185376,555.9346801794704,True,True
49340,Male,30-34,29372.0,29678,-306.0,19.0,396.0282410052975,False,True
39300,Male,55-59,57175.0,56887,288.0,1320.0,1572.1645908328906,True,True
11200,Male,50-54,4326.645525502891,4222,104.64552550289136,37.0,180.93932646109513,False,True
49340,Male,18-24,40410.0,40584,-174.0,950.4472631345728,687.8181515088128,True,True
11200,Male,65-69,4586.490620558476,4387,199.4906205584757,406.01600953656987,329.7969943510635,True,True
17020,Female,35-39,6585.0,6482,103.0,418.0,447.50319498580126,True,True
42200,Female,45-49,11186.0,11130,56.0,39.0,204.01415742234656,False,True
42100,Male,30-34,7888.0,7985,-97.0,125.0,306.5341747546267,True,True
44700,Male,55-59,23805.0,23369,436.0,939.0,1029.8465317008404,True,True
46700,Female,45-49,12912.0,12893,19.0,76.0,212.04873122115112,True,True
46700,Female,40-44,14596.0,14909,-313.0,718.0,827.9168316284855,True,True
41500,Male,45-49,13877.031319856807,13823,54.031319856807386,96.0,325.73502628724805,True,True
17020,Female,45-49,5196.0,5188,8.0,76.0,140.84216791323541,True,True
46700,Female,35-39,15870.0,15498,372.0,733.0,754.8556204624498,True,True
42020,Female,25-29,7532.0,7396,136.0,117.0,192.9799553289149,False,True
35980,Female,35-39,8763.0,8625,138.0,553.0,511.3524240017838,True,True
35980,Female,45-49,7532.0,7641,-109.0,43.0,158.30465003830432,False,True
45220,Female,25-29,13321.602504289318,13434,-112.39749571068205,142.0,276.8757186900585,True,True
39460,Male,25-29,3999.0,3975,24.0,190.0,334.2808381585759,True,True
36100,Female,60-64,14675.0,14385,290.0,902.2959603145744,929.9257166710953,True,True
42700,Male,25-29,3133.2026219827226,2574,559.2026219827226,49.0,150.44862436520515,False,False
42680,Female,55-59,6178.0,6291,-113.0,491.0,565.5492296365543,True,True
28100,Female,18-24,5329.952356393009,5239,90.95235639300881,336.3183016132188,309.0129971344603,True,True
28100,Male,50-54,3503.485722255613,3330,173.48572225561293,30.0,108.83174480053418,False,False
28100,Female,30-34,3422.567691008379,3355,67.56769100837892,57.0,90.37826762325003,False,True
29340,Female,60-64,8189.9284702935265,8562,-372.0715297064735,755.0344363007557,605.0765181702502,True,True
26380,Female,35-39,6579.748753440772,6806,-226.2512465592281,588.0,547.7773172654203,True,True
26980,Female,55-59,4470.40299596976,4515,-44.59700403023999,400.0,447.7928225207081,True,True
22520,Female,55-59,4930.0982338111135,5258,-327.90176618888654,362.0,522.4732292715586,True,True
20020,Female,45-49,4831.0,4806,25.0,125.0,135.06592034540023,True,True
12220,Female,40-44,6626.759311520737,6581,45.759311520737356,523.0,584.9175899777831,True,True
12220,Female,35-39,6328.91436010385,6044,284.9143601038504,514.0,701.8718756586525,True,True
17980,Male,55-59,8275.100853446302,8648,-372.8991465536983,665.0,609.9670248419436,True,True
33660,Female,45-49,12559.0,12460,99.0,0.0,255.38141561446872,False,True
23460,Male,40-44,3135.260496001493,3108,27.26049600149281,344.0,401.62629196842494,True,True
17980,Female,50-54,9607.410315084104,9713,-105.58968491589621,165.0,304.9654932051098,True,True
19300,Female,25-29,6288.0,6489,-201.0,121.0,445.73566071860347,False,True
20020,Female,40-44,4731.0,4884,-153.0,299.0,376.75833301501115,True,True
41660,Female,50-54,3128.048598165003,3130,-1.9514018349968865,101.0,134.9545382813515,True,True
41660,Female,65-69,3162.3791625543736,3404,-241.62083744562642,343.45596515419555,325.709048668401,True,True
47380,Male,40-44,8440.19953626333,8151,289.1995362633297,550.0,623.173368630367,True,True
47020,Male,30-34,3210.482092973325,3331,-120.51790702667495,147.0,215.37103436708622,True,True
20580,Male,50-54,1555.4867474366552,1691,-135.51325256334485,98.0,110.23738398107449,False,True
46340,Female,40-44,7499.0,7684,-185.0,677.0,698.7760761637093,True,True
17780,Male,60-64,5830.99394908095,5906,-75.00605091904981,494.631175725914,453.980155753362,True,True
41660,Male,40-44,3639.34301475495,3368,271.3430147549502,423.0,519.8115170781965,True,True
20580,Male,65-69,1198.9511969403802,1075,123.95119694038021,216.06017680266763,151.3105856645349,True,True
15540,Male,18-24,14147.604411850945,14538,-390.3955881490547,898.178156047006,586.708491587763,True,True
15540,Male,30-34,8193.084961367073,7928,265.08496136707254,166.0,350.8426934804684,False,True
30140,Male,40-44,4114.0,4413,-299.0,481.0,509.91404752296245,True,True
30140,Male,35-39,4912.0,4528,384.0,459.0,550.8767049950924,True,True
16540,Female,65-69,4781.318899397369,4462,319.318899397369,419.9773803432752,455.9355530413259,True,True
28880,Male,30-34,22022.758206568065,21872,150.75820656806536,37.0,468.35462110473225,False,True
10580,Female,60-64,32267.208687662125,31847,420.20868766212516,1054.846434321129,1026.095952765047,True,True
13780,Male,65-69,7866.359577337707,7586,280.3595773377074,576.147550545865,359.9179100625978,True,True
13780,Male,50-54,6862.988207763752,6896,-33.01179223624786,92.0,243.90769726200728,True,True
31420,Male,40-44,6798.300668420207,7035,-236.69933157979267,614.0,570.9234305227795,True,True
15260,Female,35-39,3587.872218012397,3720,-132.12778198760316,441.0,356.18393924264154,True,True
26900,Female,45-49,66134.95683261423,65358,776.9568326142326,382.0,786.3504208763111,False,True
21780,Male,25-29,8783.541395559225,8749,34.54139555922484,183.0,229.9607355143454,True,True
31140,Male,25-29,45927.041772490535,45886,41.04177249053464,267.0,487.82076335645814,True,True
26900,Female,40-44,72564.39822052032,71944,620.398220520321,1891.0,2250.6349074661493,True,True
26900,Female,35-39,75499.15785275227,76362,-862.8421472477348,1930.0,2276.8301496056188,True,True
29020,Male,60-64,2791.8318797049765,2682,109.83187970497647,378.35036672375514,290.0411056057606,True,True
18020,Male,45-49,2266.277127062494,2494,-227.72287293750605,191.0,153.23170318684,False,True
18020,Male,35-39,2658.2473782893308,3060,-401.75262171066925,368.0,330.9741904073699,False,True
18020,Male,40-44,3392.130211083368,2907,485.13021108336807,390.0,371.66805628867155,False,True
27900,Male,65-69,5214.707426736747,5123,91.70742673674704,415.865362827923,465.3042626604186,True,True
48620,Male,60-64,19560.009254649307,19834,-273.99074535069303,1062.5299995764826,1029.826423111693,True,True
45820,Male,18-24,9961.015377833335,9844,117.01537783333515,488.6235769997187,292.2834950120975,True,True
31740,Male,60-64,2974.0,2857,117.0,361.1204785109812,351.58580035675504,True,True
27900,Female,65-69,6266.009910578507,6260,6.009910578506606,517.4263232577175,421.30184787478726,True,True
45820,Male,30-34,6442.29812375278,6625,-182.70187624721984,98.0,242.02530961907038,False,True
29940,Male,50-54,2749.0,2747,2.0,193.0,271.87376386385654,True,True
27900,Female,50-54,6152.108819781992,6084,68.10881978199177,112.0,186.16036247803547,True,True
29940,Female,18-24,13413.0,13857,-444.0,967.1452838121065,734.9060283260711,True,True
27900,Male,50-54,5909.202312487096,6024,-114.7976875129043,167.0,155.45790311295022,True,True
29940,Male,65-69,2738.0,2710,28.0,319.6623218335248,339.5705967707599,True,True
29940,Female,30-34,3862.0,3728,134.0,161.0,275.16233190155225,True,True
19740,Female,25-29,119176.28855235022,119629,-452.7114476497809,192.0,670.4329584160004,False,True
17820,Male,50-54,21309.0,21207,102.0,83.0,431.0931140963052,False,True
39380,Female,65-69,5988.922319585883,5781,207.9223195858831,398.8144932170846,437.4603271843245,True,True
39380,Female,50-54,5053.766620428323,4969,84.76662042832322,95.0,177.16117435755473,True,True
22660,Male,40-44,11782.0,11609,173.0,713.0,843.112971903825,True,True
14500,Female,25-29,10507.038505099208,10419,88.03850509920812,56.0,351.71731136017195,False,True
22660,Male,35-39,12823.0,13097,-274.0,750.0,834.0978136892878,True,True
17820,Male,65-69,18481.0,18244,237.0,975.0,770.1821662981753,True,True
22660,Male,45-49,10846.0,10717,129.0,127.0,249.1965973082297,False,True
24540,Male,60-64,9827.0,9964,-137.0,718.9248917654751,670.7755525760833,True,True
17300,Female,25-29,14022.244367774752,14104,-81.75563222524761,110.0,216.50081571140475,True,True
32820,Female,60-64,44634.09226569682,46027,-1392.9077343031822,1678.000297973752,1477.3656317583932,True,True
28700,Male,60-64,11215.01921750205,11065,150.0192175020493,759.1113225344488,585.8796400665354,True,True
34980,Female,30-34,81411.12893836638,82208,-796.8710616336175,383.0,585.4826975914729,False,False
34980,Female,18-24,93658.41513909184,93821,-162.5848609081586,2219.234552723078,1022.5088979501513,True,True
34980,Male,60-64,59093.34318027385,58308,785.3431802738487,2076.686061974703,1917.15489941888,True,True
28940,Female,55-59,31206.74895858829,31311,-104.2510414117096,1110.0,1186.7454118205928,True,True
28700,Female,35-39,8117.486297885943,8515,-397.5137021140572,521.0,668.5869687039419,True,True
28700,Female,40-44,9536.151602908352,9179,357.1516029083523,500.0,559.9716994564252,True,True
34100,Female,30-34,3673.9175841749347,3814,-140.08241582506525,134.0,133.98052005859773,False,True
28700,Female,45-49,9493.944009153207,9542,-48.055990846793065,165.0,181.37770809524966,True,True
34100,Female,18-24,4733.800537932515,4871,-137.199462067485,390.5163248828402,283.21584565689494,True,True
35620,Female,35-39,679474.3822574029,680762,-1287.6177425971255,4758.0,5893.337324912274,True,True
40380,Female,55-59,36272.777259618364,37417,-1144.222740381636,952.0,1205.2400644943448,False,True
45060,Female,35-39,20270.350002595063,20732,-461.6499974049366,717.0,954.3055307414683,True,True
35620,Female,40-44,649270.9498804628,648429,841.9498804628383,4731.0,5940.84146855836,True,True
35620,Female,45-49,622059.2012866186,622523,-463.7987133814022,314.0,1520.449699771496,False,True
45060,Female,40-44,19702.28537241775,19113,589.2853724177512,694.0,926.6778056483449,True,True
45060,Female,45-49,17597.471430461166,17804,-206.52856953883384,99.0,262.2626887937029,False,True
46540,Male,60-64,10782.814503657406,10550,232.81450365740602,652.0222388845337,542.2564664595523,True,True
48060,Male,25-29,5414.027372474007,5760,-345.9726275259927,115.0,164.49401128370994,False,False
24260,Male,50-54,2284.1715594466623,2405,-120.82844055333771,157.0,129.012932881172,True,True
24260,Female,60-64,2598.7353396149615,2317,281.7353396149615,252.60443384865596,221.43823532729456,False,True
24260,Male,65-69,2429.033556624992,2158,271.0335566249919,303.7103883636515,246.5002379569014,True,True
47900,Female,35-39,241657.02687271874,240682,975.0268727187358,2899.0,2935.643797148462,True,True
47900,Female,45-49,210273.58700689435,210439,-165.41299310565228,453.0,713.3516103644989,True,True
47900,Female,40-44,229108.67800187136,229539,-430.32199812863837,2816.0,3036.124845605776,True,True
25180,Female,25-29,8910.152934028647,9325,-414.847065971353,145.0,164.606868447956,False,False
41540,Female,30-34,3525.856992520551,3683,-157.1430074794489,140.0,115.36595642122454,False,True
41540,Female,18-24,8792.727610463513,9699,-906.272389536487,747.2502927399895,398.0124151386508,False,False
48540,Male,55-59,4935.108293854943,4467,468.10829385494344,372.0,335.8611862659821,False,True
10420,Male,18-24,33041.0,32978,63.0,1270.0240155209665,753.5196287597623,True,True
10420,Male,30-34,23064.0,22785,279.0,115.0,585.4765069987865,False,True
47260,Male,65-69,45614.89888138894,45451,163.8988813889373,1457.5355913321637,1142.4131819177173,True,True
49020,Male,30-34,4509.036448912607,4633,-123.96355108739317,171.0,200.3616934970416,True,True
47260,Male,50-54,48213.45623735083,48410,-196.54376264916937,300.0,528.0633109895332,True,True
47260,Female,30-34,66831.61777743281,67082,-250.38222256719018,334.0,421.4437710050706,True,True
47260,Female,18-24,82244.84960530787,81744,500.84960530787066,1788.136180496329,1187.354405475009,True,True
31340,Female,25-29,8175.0,8161,14.0,299.0,316.7921507313589,True,True
40220,Male,30-34,9268.96384961297,9443,-174.03615038702992,238.0,266.2884883826279,True,True
40220,Male,18-24,12451.837137869376,12411,40.83713786937551,697.6711259612225,377.47162891096764,True,True
49020,Female,60-64,5016.749321368108,5023,-6.2506786318917875,530.6995383453805,380.1758484752707,True,True
25500,Female,18-24,13403.0,13292,111.0,703.2794608119876,474.8159356569133,True,True
11540,Male,25-29,7866.761625806816,7831,35.76162580681557,90.0,304.2700894550678,True,True
24580,Male,55-59,11970.510407040414,11589,381.51040704041407,558.0,757.2241365925786,True,True
33460,Male,50-54,114557.77446244934,115655,-1097.2255375506647,314.0,1583.4526635941083,False,True
28450,Male,30-34,5443.0,5582,-139.0,32.0,286.4360235549991,False,True
22540,Male,50-54,3478.817605719393,3323,155.8176057193932,86.0,77.42502005608975,False,False
22540,Male,65-69,3298.7868232164246,3100,198.78682321642464,287.2107240337658,293.17697061050114,True,True
48140,Female,18-24,4834.0,4875,-41.0,320.16089705021756,207.84853287610667,True,True
33460,Female,60-64,120848.48611380707,120282,566.4861138070701,1985.9934541684672,2634.565748258451,True,True
28450,Male,18-24,8202.0,8178,24.0,483.0258792238776,395.8433676610611,True,True
20260,Male,55-59,8815.68848213713,8600,215.68848213712954,398.0,551.6380936591589,True,True
48140,Male,60-64,5525.0,5231,294.0,391.56097864828155,454.85157269432415,True,True
48140,Female,30-34,4223.0,4107,116.0,65.0,242.80055114743868,False,True
43100,Male,50-54,3899.0,3878,21.0,59.0,257.9698839351214,True,True
34620,Male,40-44,2865.0,2984,-119.0,351.0,393.65317443944235,True,True
34620,Male,45-49,2695.0,2756,-61.0,93.0,123.07744451157573,True,True
34620,Male,35-39,2927.0,2901,26.0,337.0,371.50113452552205,True,True
41140,Male,55-59,3877.256800372643,3809,68.25680037264283,258.0,402.8513428019935,True,True
31700,Male,18-24,17960.430515348504,17996,-35.56948465149617,785.2674703564385,596.9812194069,True,True
31700,Male,30-34,16788.911504231353,16029,759.9115042313533,7.0,596.1898654707218,False,False
42140,Male,45-49,4515.937736016303,4385,130.93773601630255,106.0,329.9476631968059,False,True
29740,Female,35-39,5702.0,5882,-180.0,485.0,683.3582249797686,True,True
10740,Male,55-59,27427.482228276218,26525,902.4822282762179,1247.0,1346.5632110933375,True,True
29740,Male,40-44,6850.0,5948,902.0,701.0,674.5418730108607,False,True
29740,Female,40-44,6707.0,6577,130.0,522.0,648.946870698018,True,True
29740,Male,35-39,6816.0,7174,-358.0,721.0,611.3497042027174,True,True
42140,Male,35-39,4703.071065938308,4725,-21.928934061692416,401.0,476.78994414181005,True,True
29740,Female,45-49,5948.0,5795,153.0,136.0,187.97319340134646,False,True
42140,Female,25-29,4018.402192444775,4015,3.40219244477521,92.0,190.02629767104327,True,True
42140,Male,40-44,4640.959160067971,4598,42.959160067971425,401.0,494.95520420356956,True,True
29740,Male,45-49,5347.0,5435,-88.0,136.0,186.72996340638534,True,True
28880,Male,18-24,37016.44689407019,36112,904.4468940701918,1045.172713000105,782.7389313934682,True,True
25180,Male,25-29,9839.654148148573,10302,-462.34585185142714,122.0,428.8730958927437,False,False
27620,Male,30-34,5247.05349536099,5194,53.05349536099038,249.0,286.67269864850346,True,True
27620,Male,18-24,7155.644324507513,6931,224.64432450751337,456.04495392450076,432.1560262783459,True,True
16180,Male,30-34,2112.3001082875962,2206,-93.69989171240377,103.0,167.65979635378636,True,True
16180,Male,18-24,2245.311265194685,2527,-281.6887348053151,299.20895708517816,138.86722836103337,True,True
48260,Male,60-64,4296.356983403159,4630,-333.64301659684133,391.0613762569758,230.05336584176214,True,True
25500,Female,30-34,4022.0,3862,160.0,92.0,174.62974757325856,False,True
44420,Female,60-64,4708.2707178093815,4782,-73.7292821906185,434.0518402218795,384.4958971152982,True,True
33460,Male,65-69,91093.33877083143,91633,-539.6612291685742,1615.0061919385944,2271.6199820640427,True,True
43100,Male,65-69,3787.0,3962,-175.0,359.2005011132362,452.7452725553852,True,True
20740,Female,25-29,4927.5565324802565,5198,-270.44346751974354,195.0,257.3945165319032,False,True
45940,Male,45-49,12954.0,12761,193.0,30.0,285.07451324390615,False,True
45940,Male,40-44,13280.0,12899,381.0,753.0,830.6618849786296,True,True
45940,Male,35-39,11988.0,12473,-485.0,758.0,888.4009789827452,True,True
47220,Male,60-64,5456.568039864631,4954,502.5680398646309,457.5248627123995,468.5856314759375,False,True
45900,Male,60-64,5995.502780660769,6052,-56.49721933923138,416.5585192983094,401.8532226971552,True,True
45900,Female,55-59,5428.851183857006,5510,-81.14881614299429,344.0,428.84505288048484,True,True
29620,Female,60-64,15026.0,14675,351.0,691.5865817090439,746.3597225282859,True,True
22420,Male,50-54,12903.261905977695,12665,238.26190597769528,59.0,260.4218866316043,False,True
22420,Male,65-69,11423.652427995381,12217,-793.347572004619,678.2219400756658,664.8961021048439,False,True
35660,Male,30-34,4586.0,4549,37.0,17.0,97.77584426891951,False,True
34740,Male,40-44,5691.0,6020,-329.0,396.0,509.37498710184036,True,True
28020,Male,25-29,9923.0,9400,523.0,0.0,444.5434072506306,False,False
33220,Male,55-59,2833.0722791413414,2665,168.07227914134137,262.0,229.7234698232445,True,True
34740,Male,35-39,5774.0,5164,610.0,377.0,511.89204519483405,False,True
35660,Male,18-24,6245.0,6270,-25.0,485.50077239897365,295.60334180282877,True,True
27140,Female,65-69,18152.290769323045,17877,275.2907693230445,932.0053647914265,739.7382731972132,True,True
27140,Male,50-54,17631.97443694289,17430,201.97443694289177,261.0,379.11948193075995,True,True
27140,Female,50-54,19527.216440777374,19636,-108.78355922262563,220.0,314.4891776928915,True,True
27140,Male,65-69,15564.580390912563,15140,424.5803909125625,890.8108665704522,750.3273198031718,True,True
25620,Female,60-64,4666.571606256242,4725,-58.428393743757624,548.4414280486112,452.6732222563028,True,True
25620,Male,25-29,5203.484734630456,5234,-30.515265369544068,140.0,151.7525048442896,True,True
22180,Male,50-54,9105.849110614236,9130,-24.150889385764458,30.0,147.96659972854803,True,True
39580,Female,55-59,47124.16715648068,47099,25.167156480682024,1254.0,1429.7198169444464,True,True
22180,Female,40-44,12650.847774061076,12746,-95.15222593892395,598.0,609.695238033635,True,True
22180,Female,35-39,13025.727391556497,13376,-350.2726084435035,593.0,623.9800590288839,True,True
20500,Male,25-29,21383.281613548323,20966,417.28161354832264,213.0,223.07584593262442,False,False
22180,Male,65-69,8045.133378737044,7939,106.13337873704404,490.6495694485016,416.71657945098383,True,True
22180,Female,45-49,10612.970459874821,10697,-84.02954012517876,59.0,175.83613186650638,False,True
27340,Male,25-29,10196.997930777437,10472,-275.00206922256257,302.0,546.8021087210253,True,True
26820,Female,25-29,5244.90279391185,5070,174.90279391184959,80.0,119.87962381968026,False,False
30300,Male,30-34,1865.687365419846,1998,-132.31263458015405,119.0,103.9722190849479,False,True
17660,Male,55-59,5792.694643088796,5941,-148.3053569112044,467.0,549.5945222012247,True,True
26820,Male,50-54,3984.770429448762,3960,24.770429448762115,70.0,91.18168814091987,True,True
26820,Male,65-69,3623.2482128637243,3868,-244.75178713627565,379.5207504208433,371.2310369110661,True,True
30300,Male,18-24,3206.8104126084418,2584,622.8104126084418,273.00915735557294,102.38560360965833,False,False
38540,Male,25-29,2924.1335943510285,3308,-383.8664056489715,59.0,125.72311058581155,False,False
22220,Male,65-69,12096.015588245258,11996,100.01558824525819,848.2906341578929,611.3621457600095,True,True
22220,Female,30-34,21098.91294208406,20945,153.9129420840618,138.0,348.1325059425113,False,True
30780,Male,55-59,21699.0,22107,-408.0,948.0,1056.2770317251056,True,True
22220,Female,18-24,32302.25916383857,31651,651.2591638385711,1199.419026028852,677.4018217736012,True,True
27860,Female,25-29,5031.0,4910,121.0,149.0,179.9358569567222,True,True
27860,Male,18-24,6757.0,6955,-198.0,459.01416100159696,357.21829319934056,True,True
22220,Male,50-54,16326.27818641681,16444,-117.72181358318994,196.0,305.09718910558195,True,True
26300,Female,25-29,2554.531527263598,2665,-110.46847273640196,56.0,124.62049771580615,False,True
27860,Male,30-34,4926.0,4726,200.0,135.0,189.5932973202112,False,True
14540,Male,18-24,12091.86903831648,12129,-37.13096168352058,869.4791544367237,471.8909070863365,True,True
14540,Male,30-34,6109.072439025864,6255,-145.9275609741362,172.0,159.88676715826242,True,True
21060,Female,60-64,4403.756270600703,4614,-210.24372939929708,455.1713962893538,371.97986061663664,True,True
33780,Female,25-29,4367.0,4395,-28.0,147.0,222.80126797215496,True,True
33220,Female,25-29,2492.2611495239034,2453,39.26114952390344,93.0,80.18585046318742,True,True
34740,Male,45-49,5225.0,5180,45.0,80.0,190.82070905040678,True,True
24780,Male,18-24,14958.0,14893,65.0,991.974798066967,438.6030896636503,True,True
24780,Male,30-34,5511.0,5470,41.0,21.0,99.55784083260345,False,True
40580,Male,25-29,4277.0,4290,-13.0,88.0,130.13343288236888,True,True
49020,Male,18-24,5658.557072535829,5753,-94.44292746417068,554.6575520084442,222.1355319877108,True,True
24860,Female,50-54,31199.426388373373,30695,504.4263883733729,186.0,421.83366008665485,False,False
24860,Male,60-64,30871.873413570862,30007,864.8734135708619,1450.5299031733196,1063.2931950402526,True,True
25940,Male,60-64,9061.219257206212,8101,960.2192572062122,707.9357315463036,600.9382057919632,False,False
43900,Male,25-29,12084.213247348966,12468,-383.7867526510345,63.0,381.33466100440296,False,True
34820,Male,45-49,9558.883656074562,10095,-536.1163439254378,124.0,326.88317563161866,False,False
34820,Male,40-44,10142.265099668628,10336,-193.73490033137205,750.0,891.8859041701929,True,True
24860,Female,65-69,29752.71220858364,28376,1376.7122085836418,1179.2205052491242,825.1436091773592,False,True
44940,Female,55-59,3332.926099035177,3445,-112.07390096482322,396.0,319.14759279103276,True,True
34820,Male,35-39,10175.859722026835,9635,540.8597220268348,757.0,756.1237897601995,True,True
43900,Female,60-64,11979.169643054513,12218,-238.83035694548744,832.7988952922548,719.0019435290807,True,True
41060,Female,40-44,5455.155700312519,5744,-288.844299687481,410.0,569.767777324004,True,True
43620,Male,30-34,10785.58504063217,11125,-339.4149593678303,199.0,427.830009248326,False,True
22020,Male,35-39,9210.80102217318,9674,-463.1989778268198,613.0,840.1516682185882,True,True
40340,Male,18-24,9310.154532827259,8660,650.1545328272587,497.2755775221623,353.97392448604484,False,False
43620,Male,18-24,12829.324207199068,12430,399.32420719906804,624.3981101829185,477.1059991728441,True,True
22020,Male,45-49,7376.235252512269,7158,218.23525251226874,249.0,505.7942515351415,True,True
41060,Female,35-39,5894.142383761588,6221,-326.85761623841245,415.0,593.6389892061783,True,True
31860,Male,35-39,3715.0,3350,365.0,314.0,524.267848722149,False,True
22020,Male,40-44,9656.961214120134,9323,333.9612141201342,609.0,918.9929649129507,True,True
40340,Male,30-34,7886.426483986883,7547,339.4264839868829,86.0,519.6205368544007,False,True
31860,Male,40-44,2912.0,3359,-447.0,291.0,505.26075250186415,False,True
41060,Female,45-49,4829.9478669234095,4940,-110.05213307659051,169.0,261.20554679247914,True,True
33540,Male,50-54,3680.9362458641745,3641,39.93624586417445,190.0,168.32743203189528,True,True
33540,Female,35-39,4137.407305517585,4492,-354.592694482415,415.0,465.0192966603888,True,True
33540,Male,65-69,3462.6065881304935,3469,-6.393411869506508,328.09754647055803,352.91687479807973,True,True
33540,Female,45-49,3343.659454219807,3507,-163.34054578019322,211.0,159.8697126186382,True,True
33540,Female,40-44,3929.1347880235444,3957,-27.865211976455612,423.0,444.85079082403905,True,True
21660,Male,18-24,24483.0,24274,209.0,1126.015541633418,639.8830099049356,True,True
13460,Male,55-59,7711.0,7973,-262.0,562.0,791.7715838714156,True,True
10540,Female,30-34,4500.023678445839,4553,-52.97632155416068,92.0,174.6330823887985,True,True
32780,Female,60-64,8158.0,8056,102.0,673.17902522286,683.1182133551265,True,True
24420,Male,18-24,2772.7343390460323,2887,-114.26566095396765,362.6361813167572,124.97510554499682,True,True
44140,Male,30-34,15489.0,15575,-86.0,49.0,310.64203694123563,False,True
25220,Female,35-39,4576.982117007026,4737,-160.01788299297368,601.0,470.87981480451845,True,True
25220,Female,40-44,4319.531852643388,4363,-43.46814735661155,604.0,446.96520641825595,True,True
21820,Female,60-64,2832.4068951385693,2400,432.4068951385693,388.81486597093993,354.3145420987878,False,True
31860,Male,45-49,2522.0,2619,-97.0,100.0,247.52057595026315,True,True
38900,Female,60-64,77156.5832832508,76444,712.5832832508022,1887.542582301125,1718.6142578330373,True,True
21660,Male,30-34,12418.0,12727,-309.0,62.0,194.16819360737227,False,False
38900,Male,60-64,73633.54946718263,73902,-268.4505328173691,1815.8854589428265,1600.858851028168,True,True
24420,Male,30-34,2622.9366459693147,2641,-18.063354030685332,127.0,104.29333265168889,True,True
21660,Female,60-64,12721.0,12827,-106.0,731.8859200722474,757.8403594796532,True,True
10540,Female,18-24,5753.751917392764,4850,903.751917392764,403.00496274859944,281.77033786206334,False,False
44140,Female,30-34,15513.0,15611,-98.0,46.0,228.83777047834567,False,True
38340,Male,25-29,3421.0,3274,147.0,110.0,275.2864617607448,False,True
42660,Male,65-69,96197.0,95406,791.0,2033.4514992986678,1891.4380679783042,True,True
42660,Male,50-54,130638.0,130686,-48.0,141.0,907.7108658481236,True,True
44060,Female,30-34,21691.904510219818,21471,220.9045102198179,96.0,311.1293050417487,False,True
28420,Female,60-64,9322.510276432258,8777,545.5102764322583,627.2073022534097,654.1935566810464,True,True
48300,Female,50-54,3457.0,3336,121.0,85.0,161.94814047635745,False,True
48300,Female,65-69,3904.0,3754,150.0,388.90230135600893,406.414886507618,True,True
13380,Male,30-34,8059.0,8168,-109.0,103.0,152.50888951549678,False,True
44060,Female,18-24,24871.411273580445,25100,-228.58872641955531,862.4488390623527,445.30703538485096,True,True
13380,Male,18-24,14712.0,14612,100.0,1135.3457623120808,334.04397359853687,True,True
49420,Female,25-29,8761.0,8624,137.0,55.0,145.4458171923483,False,True
20100,Male,40-44,5047.0,5316,-269.0,472.0,596.6770113501525,True,True
20100,Female,25-29,6057.0,6024,33.0,76.0,147.84651989056084,True,True
20100,Male,35-39,5977.0,5653,324.0,482.0,617.8947151881946,True,True
20100,Male,45-49,4583.0,4648,-65.0,46.0,243.49750977936097,False,True
37620,Male,35-39,2429.5771070510505,2774,-344.42289294894954,355.0,236.859158663605,True,True
37620,Male,45-49,2723.172412406694,2742,-18.827587593305907,93.0,69.24637707349365,True,True
37620,Male,40-44,2645.9684055817165,2438,207.96840558171652,344.0,247.14740608473411,True,True
16940,Male,18-24,5143.0,4894,249.0,445.45482374759393,294.1035045927709,True,True
16940,Male,30-34,3748.0,3734,14.0,158.0,159.33376931382122,True,True
16220,Female,18-24,4357.191990443394,2976,1381.1919904433944,279.32418441660224,108.09783785811383,False,False
16220,Male,25-29,2886.1422468259047,2464,422.14224682590475,89.0,154.6295898296776,False,False
16220,Female,30-34,2584.5529408740717,2755,-170.44705912592826,47.0,101.66916339519994,False,False
33500,Female,60-64,2545.09925469089,2291,254.09925469089012,326.87918257362304,251.62296678689694,True,True
13900,Male,35-39,4931.9371842383625,4909,22.937184238362534,495.0,749.6628242590284,True,True
13900,Female,18-24,5500.101869159081,5802,-301.8981308409193,412.9418845309834,499.46812568968863,True,True
13900,Male,40-44,5302.202938514088,5274,28.20293851408769,447.0,727.3958757860618,True,True
13900,Female,30-34,4632.731574295746,4521,111.73157429574621,219.0,336.57461103888386,True,True
13900,Male,45-49,4002.8567844650693,3799,203.85678446506927,167.0,265.12430506499953,False,True
12620,Female,60-64,6122.982989705925,6103,19.98298970592532,451.16959117387336,468.2740075482095,True,True
38860,Female,25-29,17697.0,17573,124.0,159.0,379.6767265599118,True,True
30340,Female,35-39,4012.0,3622,390.0,343.0,535.4678410114841,False,True
30340,Male,50-54,3519.0,3644,-125.0,99.0,125.09140723886674,False,True
30340,Female,40-44,3195.0,3477,-282.0,381.0,550.6169103492009,True,True
30340,Male,65-69,2948.0,3022,-74.0,358.28061627724156,360.92777020825093,True,True
30340,Female,45-49,3392.0,3290,102.0,146.0,238.8483919796196,True,True
31080,Female,45-49,420799.0,420834,-35.0,0.0,1119.8899160079307,False,True
40140,Male,18-24,231551.0,231022,529.0,2435.0689928624197,1509.4523943983793,True,True
40140,Male,30-34,175170.0,175559,-389.0,0.0,964.0678949865254,False,True
31080,Female,40-44,435884.0,435206,678.0,4253.0,4847.743983149662,True,True
40900,Female,60-64,76463.0,76825,-362.0,1905.2317444342564,2013.4041659534605,True,True
49700,Male,55-59,5124.0,4886,238.0,390.0,470.1584396695438,True,True
41940,Male,50-54,66479.01013157307,66218,261.0101315730717,106.0,552.1720549773198,False,True
31080,Female,35-39,452390.0,453294,-904.0,4253.0,4784.811856293176,True,True
42100,Female,25-29,7732.0,7829,-97.0,148.0,207.03127224226296,True,True
41740,Female,55-59,97256.0,97089,167.0,1701.0,2279.2121770866356,True,True
42020,Male,65-69,9413.0,9399,14.0,724.2244127340641,622.7395135909557,True,True
40900,Male,30-34,87891.0,88577,-686.0,134.0,730.7172582829147,False,True
41940,Male,65-69,44634.360026441966,45032,-397.6399735580344,1421.9226420589835,1216.8723300790168,True,True
40140,Female,25-29,161588.0,161332,256.0,0.0,835.5970148507593,False,True
33700,Male,35-39,20060.0,19783,277.0,962.0,1129.636423958501,True,True
33700,Female,35-39,18832.0,18572,260.0,945.0,835.4693298716896,True,True
33700,Male,40-44,17510.0,18073,-563.0,963.0,1081.0298701307934,True,True
12540,Male,35-39,34741.0,34311,430.0,1429.0,1400.9169046262166,True,True
41940,Female,55-59,61968.358323325105,62183,-214.64167667489528,1189.0,1691.8171261375655,True,True
23420,Male,55-59,31235.0,30741,494.0,1049.0,1308.743122475721,True,True
32900,Female,35-39,9533.0,9578,-45.0,609.0,726.1090373559607,True,True
33700,Female,45-49,16015.0,15913,102.0,61.0,373.736976826618,False,True
40900,Male,18-24,110059.0,109934,125.0,2023.4038153566876,746.8512868662341,True,True
42220,Male,55-59,16088.0,15983,105.0,724.0,796.452364054185,True,True
12540,Male,40-44,29745.0,30210,-465.0,1425.0,1457.849312520416,True,True
12540,Male,45-49,26321.0,26428,-107.0,37.0,501.36890642021274,False,True
33700,Female,40-44,17758.0,17973,-215.0,936.0,878.2925978681593,True,True
46700,Male,25-29,15429.0,15535,-106.0,98.0,351.11001925856516,False,True
39820,Female,60-64,6246.0,6402,-156.0,559.682945961372,525.7599886628403,True,True
35300,Male,30-34,18536.0,18582,-46.0,41.0,328.91342048288334,False,True
14860,Female,35-39,29055.0,29594,-539.0,998.0,1148.2679741811144,True,True
35300,Female,25-29,18989.0,19066,-77.0,72.0,304.7808126998811,False,True
14860,Female,40-44,33117.0,32704,413.0,993.0,1155.8598674747516,True,True
14860,Male,18-24,43576.0,43583,-7.0,1150.70630484064,571.4451564892296,True,True
14860,Male,30-34,28407.0,28378,29.0,51.0,452.0253771678643,True,True
47930,Male,30-34,15316.0,15061,255.0,22.0,522.5706999918767,False,True
47930,Male,18-24,19352.0,18835,517.0,770.5621324721324,452.0620426556515,True,True
35300,Male,18-24,29145.0,29259,-114.0,1081.709757744655,656.511751019165,True,True
14860,Female,45-49,30883.0,30886,-3.0,45.0,207.78472892334992,True,True
35980,Male,60-64,9947.0,10285,-338.0,738.4849355267852,603.5921727913642,True,True
23540,Female,40-44,10499.41793193891,10353,146.41793193890953,738.0,713.7198112963578,True,True
36740,Male,65-69,65522.0,65430,92.0,2083.7936558114384,1697.810907215892,True,True
45300,Male,45-49,99433.0,99549,-116.0,114.0,621.861784880692,False,True
45300,Male,35-39,109361.0,109378,-17.0,2156.0,2478.105170963795,True,True
37340,Male,60-64,24433.0,24884,-451.0,1316.1371509079136,1256.3945285816872,True,True
18880,Male,55-59,9407.208864132117,9348,59.208864132117014,769.0,735.3541549942481,True,True
36100,Male,18-24,13416.0,13247,169.0,792.2461738626448,501.8422936665462,True,True
27260,Female,55-59,54623.85217320717,55638,-1014.1478267928323,1758.0,1577.8476150154893,True,True
45300,Male,40-44,105501.0,105273,228.0,2140.0,2654.750799058878,True,True
36740,Male,50-54,88435.0,87899,536.0,100.0,741.0303239940658,False,True
27260,Male,55-59,51061.899288795714,51243,-181.1007112042862,1594.0,1656.7825216805247,True,True
15980,Male,60-64,28333.0,28946,-613.0,1259.3732568226148,1087.033936027873,True,True
23540,Female,45-49,8502.826082624295,8757,-254.17391737570506,145.0,315.75136906197866,False,True
37860,Male,60-64,16762.0,17116,-354.0,1043.3800841495874,854.8989191024282,True,True
23540,Male,60-64,10093.139063037528,10255,-161.8609369624719,736.806623205845,703.5526236981316,True,True
23540,Female,35-39,10338.591675511821,10362,-23.40832448817855,719.0,759.9510130736176,True,True
42680,Male,65-69,6804.0,6742,62.0,579.718034910076,486.6535871682752,True,True
15980,Female,55-59,29363.0,28449,914.0,1262.0,1307.5643402659007,True,True
45220,Male,45-49,10022.1841749277,10022,0.18417492769913224,220.0,258.01721104933057,True,True
35840,Male,55-59,28772.0,28427,345.0,1006.0,1201.2286846407515,True,True
48680,Female,65-69,9854.0,8961,893.0,807.1393931657653,973.7329440733481,False,True
45220,Male,40-44,11845.915660491666,11969,-123.08433950833387,624.0,572.8901379028258,True,True
39460,Female,40-44,4362.0,4327,35.0,390.0,435.92934526136236,True,True
49740,Male,40-44,6969.560130821817,6873,96.56013082181744,660.0,554.8766963069692,True,True
43420,Male,35-39,3762.708581743077,3638,124.70858174307705,372.0,422.8670994370721,True,True
43420,Male,45-49,3310.6466012882415,3271,39.64660128824153,133.0,206.8088930175327,True,True
49740,Male,45-49,5087.358826924633,5019,68.35882692463292,115.0,337.0901161666371,True,True
49740,Male,35-39,5982.303082690956,6306,-323.6969173090438,640.0,613.9300023987669,True,True
27980,Male,55-59,5574.84083715873,5703,-128.1591628412698,421.0,419.36898411039476,True,True
16980,Female,30-34,333457.03084529436,334156,-698.9691547056427,182.0,922.2757667038944,False,True
16980,Female,18-24,406791.5206979255,408823,-2031.4793020745274,3547.2807895626192,1639.404315604318,True,True
40420,Male,55-59,11000.0,10815,185.0,496.0,628.4827935413189,True,True
40420,Female,55-59,11472.0,11381,91.0,568.0,762.2688428951757,True,True
41180,Female,50-54,86771.59906555235,87347,-575.4009344476508,232.0,701.2700554283779,False,True
37900,Female,65-69,11487.66204670844,11646,-158.33795329156055,647.4025023121242,594.0250605118865,True,True
44100,Male,55-59,7047.277078127227,6868,179.27707812722656,443.0,549.4609341815342,True,True
41180,Female,65-69,88394.58300544352,88025,369.58300544352096,1997.0122683649192,1949.1316796407168,True,True
16580,Male,55-59,5853.5575309958485,5977,-123.44246900415146,401.0,424.80919766010857,True,True
19500,Male,25-29,2945.013666125608,2867,78.01366612560787,81.0,155.94180835199586,True,True
14010,Female,60-64,5195.0,4986,209.0,487.8001640016125,456.10083533825065,True,True
16020,Female,30-34,3227.737675950631,3156,71.737675950631,190.0,169.45945907248736,True,True
16020,Male,60-64,3303.094283686875,3180,123.09428368687486,410.11461812522606,268.46147399045503,True,True
35380,Female,55-59,32560.0,33006,-446.0,987.0,1357.3864799615842,True,True
43340,Female,65-69,11971.351097434213,11860,111.35109743421344,779.3176502556579,801.8621486875918,True,True
43340,Female,50-54,11497.986377346971,11462,35.986377346971494,144.0,193.81292674839156,True,True
33740,Male,25-29,6947.345538630925,6963,-15.654461369074852,232.0,234.8421072871233,True,True
43640,Female,60-64,10432.0,10471,-39.0,787.9048165863692,840.3201982324952,True,True
29180,Male,18-24,17020.265347601126,16997,23.26534760112554,838.3907203684927,380.7872470481498,True,True
26380,Male,18-24,8504.3618119343,8664,-159.6381880657009,688.7989547030396,442.6629883337499,True,True
29180,Male,30-34,14624.712178583926,14554,70.71217858392629,230.0,300.00304597783867,True,True
26380,Male,30-34,6584.827353948393,6855,-270.17264605160744,205.0,278.74740147442503,False,True
19780,Male,55-59,20370.6975047507,20514,-143.30249524929968,632.0,1213.2401919520005,True,True
36540,Male,65-69,23943.680434307294,23708,235.6804343072945,722.0560920039384,952.9669999511613,True,True
36540,Male,50-54,28449.227462015217,28594,-144.7725379847834,166.0,630.590707959673,True,True
47940,Female,55-59,4310.043933593028,4480,-169.95606640697224,312.0,391.2680870383083,True,True
47940,Male,60-64,4818.048565329951,5033,-214.9514346700489,396.547601177967,457.8279949746689,True,True
20220,Female,55-59,3449.8367415402545,3102,347.8367415402545,281.0,326.9273822195752,False,True
11180,Female,45-49,2773.0,2813,-40.0,118.0,156.70038945388745,True,True
13820,Male,55-59,36361.591177504495,35553,808.5911775044951,1132.0,1409.7927342299904,True,True
33860,Male,60-64,11668.627623958799,11337,331.6276239587987,695.6004600343505,742.3698846626944,True,True
33660,Male,60-64,12643.0,12571,72.0,771.368264838527,899.6977071633562,True,True
11500,Female,60-64,3886.0,4035,-149.0,464.9053667145605,393.9170527741215,True,True
20020,Male,25-29,4558.0,4394,164.0,81.0,146.1302675098489,False,True
26620,Male,60-64,18961.571063462856,18401,560.5710634628558,1246.903765332353,981.6890211794569,True,True
19460,Female,18-24,5792.0,5992,-200.0,455.89253119567553,125.07518190072722,True,True
46220,Female,60-64,9272.8428823465,9186,86.84288234650012,630.0420620879212,571.8202812415211,True,True
26420,Male,65-69,156301.32178469098,157301,-999.6782153090171,3068.9674159234733,2296.2639996566995,True,True
19100,Male,30-34,299651.72137679637,299933,-281.27862320363056,362.0,974.6229143205255,True,True
19100,Male,18-24,370998.473598163,371446,-447.52640183700714,3985.4967068108335,1566.1667912438638,True,True
12420,Male,25-29,101153.09738325934,101479,-325.9026167406555,264.0,710.9009922508184,False,True
10180,Male,35-39,6664.840777045218,6712,-47.15922295478231,648.0,568.7799437909833,True,True
26420,Male,50-54,230063.13641702157,230223,-159.86358297843253,332.0,1119.2543705974608,True,True
29700,Female,18-24,15179.0,15174,5.0,745.9028086822036,283.58125371090733,True,True
13140,Female,65-69,10779.0,10801,-22.0,762.6958764802653,580.6611167184781,True,True
18580,Male,25-29,15675.613876030524,15280,395.6138760305239,157.0,478.9973770029123,False,True
21340,Female,60-64,25326.756621137458,25696,-369.24337886254216,1168.9807526217016,1082.3001459173383,True,True
31180,Female,60-64,9545.628759688869,9548,-2.3712403111312597,651.2457293526,655.0489790538383,True,True
20580,Female,45-49,1519.5508373784614,1747,-227.44916262153856,75.0,78.02638704985952,False,False
10180,Male,45-49,4698.602960500548,4962,-263.39703949945215,233.0,160.44999087711162,False,True
18580,Female,25-29,14303.346457299906,14551,-247.65354270009448,295.0,303.65860318957806,True,True
17780,Female,60-64,6334.590490856939,6244,90.59049085693914,509.3544934522518,462.50854535617214,True,True
48660,Male,55-59,3731.5446017911017,4009,-277.45539820889826,312.0,313.6298677052724,True,True
10180,Male,40-44,5992.316605565717,5803,189.3166055657166,608.0,511.08014111865276,True,True
29700,Female,30-34,8579.0,8611,-32.0,66.0,148.93201710847805,True,True
20580,Female,40-44,1529.1474794022652,1639,-109.85252059773484,315.0,194.6730029082326,True,True
39340,Male,35-39,23105.630337919007,23379,-273.3696620809933,871.0,961.0978470239484,True,True
36260,Male,30-34,23853.678766890604,23577,276.6787668906036,106.0,324.2042106320522,False,True
36260,Female,18-24,30464.53166808601,29953,511.5316680860087,904.9740327766317,377.71999553213686,True,True
36260,Female,30-34,23163.97810802205,22960,203.97810802204913,162.0,337.08304474183285,False,True
41100,Male,30-34,5508.0,5564,-56.0,157.0,302.1319154566429,True,True
36260,Male,18-24,33225.47646465371,32645,580.4764646537078,1193.8756216624913,456.6238994243407,True,True
39340,Male,40-44,22149.50022914767,22027,122.50022914767032,875.0,984.2398150412889,True,True
41100,Male,18-24,9113.0,9121,-8.0,723.7174863163111,375.7685565810424,True,True
30860,Male,50-54,3840.5010750835545,3246,594.5010750835545,111.0,115.58416252301159,False,False
30860,Female,18-24,12427.75662949299,14340,-1912.2433705070107,807.0613359590459,443.55118029656995,False,False
30860,Female,30-34,4254.687140467637,4370,-115.31285953236329,90.0,101.16704784293127,False,True
30860,Male,65-69,3449.8972797469164,2873,576.8972797469164,294.3229518742974,246.04758604507714,False,False
30020,Female,60-64,3799.0,3718,81.0,325.8297101247828,416.22254721933314,True,True
21420,Male,55-59,1691.9723907209213,1480,211.97239072092134,172.0,201.12179521359485,False,True
30020,Male,55-59,3301.0,3522,-221.0,271.0,363.4796779549718,True,True
38300,Male,65-69,81716.43859657271,81536,180.4385965727124,1689.6585453872033,1596.8854572254127,True,True
38300,Male,50-54,75838.405891628,75923,-84.59410837199539,256.0,733.7316289109091,True,True
21500,Male,60-64,9447.0,9122,325.0,587.7992854708144,659.9687927262167,True,True
44300,Female,30-34,4559.0,4400,159.0,73.0,228.35242750516142,False,True
42540,Male,65-69,17217.32342250235,17328,-110.6765774976484,818.7466030463883,856.4338597776014,True,True
42540,Female,60-64,20344.956172065627,20221,123.95617206562747,861.5195877053521,849.3118020680386,True,True
37980,Female,65-69,189543.7666628728,189966,-422.23333712719614,2788.8305792930482,3083.3421136730717,True,True
21500,Female,30-34,8786.0,8642,144.0,21.0,284.7473142608197,False,True
10900,Male,65-69,24763.0,25644,-881.0,1044.465892214772,1021.2312495237061,True,True
25420,Female,60-64,20874.0,20558,316.0,1053.9013236541646,1080.3721441620244,True,True
37980,Female,50-54,201597.4776823936,201787,-189.5223176064028,179.0,1004.7853801612672,False,True
42540,Male,50-54,18548.31958022665,18671,-122.68041977335088,78.0,373.3090950483725,False,True
10900,Male,50-54,28083.0,27951,132.0,146.0,484.0740580427751,True,True
10900,Female,25-29,25632.0,25368,264.0,166.0,549.488113693099,False,True
21500,Female,18-24,13077.0,13035,42.0,568.2499450065966,475.9951829719499,True,True
44300,Female,18-24,17094.0,17089,5.0,1070.1836291029686,984.6530160156674,True,True
39740,Female,60-64,15337.0,15304,33.0,889.4099167425558,843.8149322763256,True,True
12260,Male,45-49,16722.261687446204,17005,-282.7383125537963,316.0,387.89282975791156,True,True
12260,Male,35-39,20171.571823260634,20546,-374.4281767393659,997.0,1119.9904055373045,True,True
12260,Male,40-44,19359.770598925617,18861,498.7705989256174,993.0,1162.6092304312212,True,True
23580,Female,60-64,6551.0,6277,274.0,517.6040958106881,531.0873010096834,True,True
47580,Female,35-39,7174.843906540948,7214,-39.15609345905159,784.0,742.2995763863394,True,True
42340,Female,45-49,12050.119704851479,12792,-741.8802951485213,213.0,291.9133153016232,False,False
10500,Female,50-54,4585.577644449102,4707,-121.42235555089792,106.0,100.9098589033894,False,True
47580,Male,55-59,6107.21930223667,5797,310.21930223667005,572.0,715.5546425546152,True,True
10500,Female,65-69,4602.486435623044,4819,-216.5135643769563,435.6145084819834,379.37314548766625,True,True
46660,Male,18-24,10584.62612286329,10645,-60.37387713670978,759.2983603301143,262.14126441327636,True,True
12260,Female,65-69,19862.02045722104,19599,263.02045722103867,1090.4503656746601,859.637482965854,True,True
42340,Female,35-39,14427.075502022584,14647,-219.92449797741574,895.0,781.416081060681,True,True
42340,Male,55-59,11145.369656545296,11627,-481.6303434547044,604.0,678.8778081949969,True,True
12020,Female,25-29,7903.38636863634,7803,100.3863686363402,133.0,211.48437160197048,True,True
12260,Female,50-54,19045.28889418469,19059,-13.711105815309566,235.0,287.3977478409155,True,True
47580,Female,40-44,7116.991839243766,7635,-518.0081607562342,768.0,734.7912492637317,True,True
40660,Female,25-29,3318.004705672005,3201,117.004705672005,63.0,117.75841490066455,False,True
42340,Female,40-44,13864.709730706105,15063,-1198.290269293895,901.0,789.9523277304296,False,False
49340,Female,40-44,27478.0,26574,904.0,1084.0,1118.2966015015872,True,True
49340,Female,45-49,26820.0,26645,175.0,34.0,344.69011424031294,False,True
39300,Female,50-54,55927.0,55871,56.0,290.0,662.974184946141,True,True
39300,Female,65-69,53113.0,53316,-203.0,1681.3387523042463,1472.041648825705,True,True
49340,Female,35-39,28521.0,29548,-1027.0,1080.0,1219.398789013463,True,True
33700,Male,45-49,16826.0,16462,364.0,39.0,414.27652043351435,False,True
47300,Male,60-64,11938.0,11926,12.0,904.5623251053518,761.1666705369134,True,True
42020,Male,50-54,7675.0,7654,21.0,157.0,252.6984514149226,True,True
39820,Male,25-29,5498.0,5499,-1.0,117.0,113.92025850348129,True,True
32900,Female,45-49,8011.0,8087,-76.0,69.0,173.05407818439298,False,True
32900,Female,40-44,8757.0,8614,143.0,614.0,711.7733656113792,True,True
26140,Female,50-54,4753.0,4954,-201.0,82.0,158.7165017570637,False,False
36100,Male,30-34,10985.0,11099,-114.0,144.0,480.05781651406323,True,True
37860,Female,25-29,17259.0,17144,115.0,151.0,256.7275351613068,True,True
45220,Male,35-39,11109.833650946479,11542,-432.1663490535211,658.0,626.1368975700899,True,True
26140,Male,50-54,4313.0,4373,-60.0,149.0,208.24459066503985,True,True
18880,Female,60-64,10075.18486189715,10485,-409.81513810284923,750.301272823124,700.4931667340651,True,True
39460,Female,35-39,3637.0,3685,-48.0,381.0,472.02013071213395,True,True
26140,Male,65-69,7235.0,7269,-34.0,642.9657844706824,596.1657933326936,True,True
48680,Female,50-54,2319.0,2550,-231.0,176.0,250.71332695929829,False,True
42680,Male,50-54,4780.0,4465,315.0,40.0,365.0643804214539,False,True
26140,Female,65-69,7869.0,7942,-73.0,618.8570109484097,659.4947381850366,True,True
39460,Female,45-49,4295.0,4294,1.0,101.0,132.86570397397517,True,True
22380,Male,60-64,4237.0,4344,-107.0,435.22982434571276,328.8463622518121,True,True
43420,Male,40-44,4064.6892958351127,4106,-41.310704164887284,351.0,398.2193386766393,True,True
37900,Female,50-54,10984.828491823082,11168,-183.171508176918,111.0,135.46764017325333,False,False
16020,Female,18-24,5935.84374415287,6440,-504.1562558471296,544.1084450732225,266.74156167456056,True,True
11180,Female,40-44,2939.0,3190,-251.0,314.0,435.49942009002723,True,True
11180,Female,35-39,3393.0,3370,23.0,302.0,440.36668434811236,True,True
43580,Male,55-59,4086.7578850306745,4147,-60.242114969325485,355.0,442.6273641850324,True,True
33860,Female,60-64,13199.053938912713,12977,222.05393891271342,768.2512609817181,764.7973818444409,True,True
19460,Female,30-34,4804.0,4816,-12.0,123.0,133.1764406952296,True,True
13140,Female,50-54,11105.0,11101,4.0,158.0,175.13649926557287,True,True
43300,Female,60-64,5408.227741819147,5239,169.227741819147,526.10360196448,351.11464881815283,True,True
20580,Female,35-39,1553.0085679319584,1629,-75.9914320680416,304.0,208.01559827429966,True,True
33260,Male,35-39,7957.038658683937,7982,-24.961341316063226,706.0,902.8731526400184,True,True
29700,Male,55-59,6325.0,6313,12.0,405.0,523.4392843336751,True,True
33260,Male,40-44,6837.9698163951925,7317,-479.03018360480746,728.0,848.1946074184268,True,True
33260,Male,45-49,5120.479561340389,5092,28.47956134038941,400.0,420.42891719313457,True,True
36220,Male,25-29,6593.0,6599,-6.0,198.0,233.352686670306,True,True
45500,Male,55-59,4250.098968556026,4118,132.0989685560262,405.0,363.6044225199393,True,True
45500,Female,25-29,4457.177822684323,4508,-50.822177315677436,129.0,147.11333230944598,True,True
36220,Female,25-29,5920.0,5857,63.0,248.0,206.24456061312262,True,True
39340,Male,45-49,19313.026819496903,19304,9.026819496903045,148.0,343.0596662577013,True,True
27780,Female,25-29,3147.0,3177,-30.0,35.0,168.18787630206882,True,True
11020,Female,25-29,3200.473849725691,3290,-89.5261502743092,100.0,126.88181172236867,True,True
13780,Female,35-39,7096.29209897009,7307,-210.70790102991032,439.0,427.1484896451598,True,True
13780,Female,45-49,6184.506953976081,6317,-132.4930460239193,73.0,224.26158382232717,False,True
13780,Female,40-44,6415.880042525245,6161,254.8800425252448,441.0,430.81525350237314,True,True
47580,Female,45-49,6484.87421712995,6225,259.87421712995,236.0,294.92360160025726,False,True
46660,Male,30-34,4872.45027977509,4860,12.450279775090166,179.0,199.15079797901566,True,True
25980,Female,50-54,2067.580621334885,1903,164.5806213348851,153.0,118.22192120838088,False,True
25980,Male,65-69,1373.7894698098557,1255,118.78946980985575,219.93862780330335,179.60693355288922,True,True
25980,Female,65-69,1778.3979272871675,1830,-51.60207271283252,256.1640099623677,180.47043763265765,True,True
15260,Male,25-29,3766.370483146377,3401,365.37048314637696,220.0,166.91052759309795,False,False
25980,Male,50-54,2020.554347490358,1719,301.55434749035794,132.0,128.62358678786484,False,False
23060,Female,35-39,14979.09877529136,14333,646.0987752913607,774.0,899.3338408662729,True,True
43780,Female,55-59,10018.71934329935,9800,218.71934329934993,475.0,582.2831660734981,True,True
21140,Male,30-34,6611.0,6440,171.0,170.0,260.91872844575573,False,True
33140,Male,60-64,4242.0,4317,-75.0,431.8564576337837,427.61362877894805,True,True
26900,Male,25-29,73508.77594494919,73841,-332.22405505081406,341.0,689.8491358992521,True,True
14020,Male,60-64,4169.6037051761505,4134,35.60370517615047,453.9823785126467,474.43464816441985,True,True
29200,Female,40-44,6155.54198565253,6078,77.54198565252955,426.0,503.4850128996601,True,True
29200,Female,45-49,5653.960114917409,5600,53.960114917408646,107.0,194.83637456420323,True,True
31140,Female,65-69,42118.196983408445,41466,652.1969834084448,1354.5043373869278,1242.3708860005456,True,True
23060,Female,40-44,13826.855450985278,14678,-851.1445490147216,779.0,937.4012714613261,False,True
14020,Female,25-29,5646.714145507813,5593,53.714145507812646,62.0,100.98987820361577,True,True
17140,Male,55-59,70904.06940011334,72186,-1281.930599886662,1541.0,1842.4353445038273,True,True
21140,Male,18-24,10079.0,9738,341.0,562.8951945078231,299.99180860900185,True,True
23060,Female,45-49,13005.913695683172,12940,65.91369568317168,37.0,264.42424517412536,False,True
31140,Female,50-54,43540.129611912846,43536,4.129611912845576,194.0,531.1363463148923,True,True
23060,Male,55-59,13014.731411429428,12797,217.73141142942768,542.0,692.5512548044156,True,True
33140,Female,65-69,3428.0,3417,11.0,337.6166465090251,338.0060722790347,True,True
28140,Male,55-59,65804.06777061554,65714,90.06777061554021,1430.0,1861.845522704269,True,True
28140,Female,45-49,65765.08453464115,66390,-624.9154653588485,192.0,585.3884101981462,False,False
28140,Female,40-44,75601.46322514911,73661,1940.463225149113,1551.0,1919.848418227945,False,True
28140,Female,35-39,77671.83223902826,78775,-1103.1677609717444,1541.0,1969.565104905134,True,True
45820,Female,18-24,9362.575273400555,9454,-91.42472659944542,519.7201169860563,456.32898944217925,True,True
45820,Female,30-34,7064.288437113331,7026,38.28843711333138,168.0,390.24196241762144,True,True
31740,Female,45-49,2567.0,2575,-8.0,191.0,288.9839440782135,True,True
31740,Female,40-44,2970.0,3199,-229.0,346.0,445.34573718207974,True,True
19740,Male,40-44,115064.41479093241,113945,1119.4147909324092,2142.0,2699.626321166273,True,True
19740,Male,35-39,127081.27178814143,128668,-1586.7282118585717,2120.0,2744.4010804353734,True,True
19740,Male,45-49,99107.63476488029,99450,-342.3652351197088,230.0,740.3079827265225,False,True
17820,Female,35-39,28225.0,28288,-63.0,845.0,1225.0001436499917,True,True
17820,Female,40-44,22834.0,23039,-205.0,834.0,1199.090758447312,True,True
14500,Male,35-39,11530.452679665172,11121,409.4526796651717,509.0,666.4778460638408,True,True
22660,Female,50-54,9739.0,9635,104.0,68.0,316.49517852172727,False,True
14500,Male,40-44,10151.293898478852,10281,-129.7061015211475,515.0,668.4233960792819,True,True
22660,Female,65-69,10681.0,10798,-117.0,697.648192142716,698.5659603117304,True,True
17820,Female,45-49,21400.0,21207,193.0,141.0,348.2144843573426,False,True
14500,Male,45-49,10131.608489401982,10134,-2.391510598017703,153.0,363.16561567925424,True,True
24300,Male,65-69,5319.485481086926,5182,137.48548108692557,434.16356364854016,403.2050445439641,True,True
28940,Male,55-59,30949.746303633518,31187,-237.25369636648247,1100.0,1106.2096652017783,True,True
27740,Male,55-59,6221.261180459307,6464,-242.73881954069293,478.0,495.93607705886546,True,True
17300,Male,30-34,14045.961802979988,14229,-183.03819702001238,128.0,328.9389629678079,False,True
17300,Male,18-24,20087.33227787671,20481,-393.6677221232894,936.5137478969542,628.4909490431164,True,True
27740,Female,60-64,7278.3976819605505,7344,-65.60231803944953,600.6213449420525,549.0338645574599,True,True
17420,Male,60-64,4708.0,4545,163.0,511.54374202017175,500.92397367764306,True,True
35620,Male,60-64,612709.4845189973,612370,339.4845189972548,6143.954508295125,5198.438723296735,True,True
40380,Male,60-64,36542.810449122364,36526,16.810449122363934,1240.3048012484674,1248.2306874592061,True,True
27060,Female,50-54,2550.0,2491,59.0,75.0,107.06915666988324,True,True
21300,Male,65-69,2763.5197866825442,2856,-92.48021331745576,318.0440221101475,215.86141154588682,True,True
46540,Female,60-64,10263.108062546606,10429,-165.89193745339435,566.0397512542737,531.5924643397166,True,True
24020,Female,65-69,4698.0,4759,-61.0,355.8440669731617,334.61560383333887,True,True
30700,Female,30-34,10115.121730097406,10288,-172.87826990259418,14.0,316.2266392081685,False,True
30700,Female,18-24,24730.217927068014,24909,-178.78207293198648,1096.6339407477776,649.5484570541525,True,True
47900,Male,60-64,183857.3681300726,182319,1538.368130072602,2732.0148242643195,2962.8010688680056,True,True
30500,Male,30-34,6871.0,7214,-343.0,297.0,436.4098501781324,False,True
30500,Male,18-24,8947.0,8840,107.0,595.8472958736995,379.96170687485073,True,True
30620,Male,18-24,4976.0,4966,10.0,372.3721257022335,265.15389595006894,True,True
18140,Male,60-64,61191.85039276232,61003,188.85039276231691,1726.9626515938323,1825.189714301483,True,True
17410,Female,30-34,72926.0,73158,-232.0,197.0,614.080284688004,False,True
48260,Female,35-39,2958.006408016477,3055,-96.99359198352295,265.0,251.65499959268266,True,True
49660,Male,65-69,14800.0,14399,401.0,803.8270958359142,778.9109741210801,True,True
10420,Female,18-24,34104.0,34009,95.0,1201.1315498312415,887.7947042017935,True,True
17410,Female,18-24,86195.0,86121,74.0,1716.5960503275078,700.6430416098129,True,True
18140,Female,25-29,79993.24169334324,80094,-100.7583066567604,285.0,624.1844347769301,True,True
19430,Male,55-59,26025.0,26145,-120.0,916.0,1131.673024455938,True,True
30620,Female,60-64,3680.0,3780,-100.0,365.59130186589505,351.4851525438166,True,True
48540,Female,65-69,4861.099500671138,5128,-266.90049932886177,403.6087214122113,271.7854565726667,True,True
10420,Female,30-34,22805.0,23006,-201.0,145.0,406.4039001935144,False,True
48540,Female,50-54,4247.677787137038,4173,74.67778713703774,62.0,70.58226739142043,False,True
48260,Female,40-44,3189.3691872450636,2896,293.3691872450636,288.0,251.67715190731045,False,True
31900,Male,18-24,5901.0,5843,58.0,568.9068465047683,315.1027449935973,True,True
15940,Male,25-29,11891.0,11949,-58.0,36.0,232.04472856003434,False,True
31900,Male,30-34,4448.0,4446,2.0,214.0,258.33833353763043,True,True
49660,Male,50-54,12944.0,13205,-261.0,121.0,244.917243523195,False,True
30620,Male,30-34,3190.0,3143,47.0,72.0,110.00979777956142,True,True
16820,Male,45-49,6034.900013814922,5960,74.9000138149222,231.0,262.1995318011426,True,True
16820,Female,60-64,7722.091831010929,7320,402.0918310109291,598.4145720150872,470.62547843116283,True,True
31340,Male,25-29,8594.0,8587,7.0,272.0,297.0152161337867,True,True
13980,Male,25-29,5892.0,5889,3.0,136.0,170.8651451327918,True,True
31540,Male,18-24,44367.26176060416,43561,806.2617606041604,1451.7775311665353,997.8428918439048,True,True
20740,Male,18-24,10446.070707586845,10426,20.070707586844946,739.6120604749492,489.097506244859,True,True
11540,Female,50-54,7594.225063083836,7838,-243.77493691616382,134.0,264.48160753262255,False,True
22540,Female,50-54,3332.7749369161647,3088,244.77493691616473,122.0,213.70413623702507,False,True
39540,Female,60-64,7301.0,7088,213.0,568.1144250941002,754.4441496931698,True,True
22540,Female,65-69,3674.972043663595,3638,36.97204366359483,324.4456811239749,380.27281995950733,True,True
43100,Female,35-39,2946.0,3005,-59.0,321.0,388.96545907381034,True,True
31540,Male,30-34,25420.561449161483,25231,189.56144916148332,93.0,760.6759811119887,False,True
31540,Female,60-64,20762.90091520918,20397,365.9009152091785,821.676335304845,1166.149590943339,True,True
27500,Male,30-34,4982.0,5136,-154.0,77.0,196.99621932603176,False,True
11540,Female,65-69,7615.0279563364065,7094,521.0279563364065,579.2029005452234,570.6749932701691,True,True
43100,Female,40-44,4222.0,3904,318.0,317.0,523.3140333227268,False,True
28450,Female,60-64,6117.0,6071,46.0,516.3816418115579,619.5835231548689,True,True
29100,Female,30-34,4975.037867879322,4834,141.03786787932222,141.0,241.46815787937396,False,True
29100,Female,18-24,11725.839679927492,11612,113.8396799274924,765.3489400267044,419.7748716224914,True,True
20260,Female,35-39,8005.421508349002,8794,-788.5784916509983,461.0,577.0417294810525,False,False
36780,Male,65-69,4673.0,4482,191.0,374.2191871083042,477.33693784369973,True,True
20260,Female,45-49,7046.135966150542,7374,-327.8640338494579,117.0,127.36815379067347,False,False
27500,Male,18-24,6736.0,7087,-351.0,484.692686142467,285.8636585222928,True,True
20740,Male,30-34,6020.168645624353,5770,250.1686456243533,187.0,352.57380559147873,False,True
43100,Female,45-49,3457.0,3374,83.0,93.0,229.88073085297953,True,True
20260,Female,40-44,7942.963909112325,7713,229.96390911232538,439.0,480.42896902291545,True,True
29020,Female,45-49,2557.2936475174847,2439,118.29364751748471,173.0,156.31409261491882,True,True
21140,Female,25-29,6587.0,6474,113.0,92.0,258.4079811219073,False,True
29200,Female,35-39,5999.010789819908,6267,-267.9892101800924,431.0,534.1479744906907,True,True
34620,Female,25-29,3315.0,3464,-149.0,88.0,162.06172325305565,False,True
29020,Female,40-44,2572.0468225911063,2352,220.04682259110632,279.0,303.6517832763291,True,True
29020,Female,35-39,2331.8729581874973,2543,-211.12704181250274,273.0,313.6106371619662,True,True
33140,Female,50-54,3174.0,3325,-151.0,112.0,175.01091528459017,False,True
31740,Female,35-39,4630.0,4357,273.0,385.0,482.11509464416275,True,True
24300,Male,50-54,4445.899932254511,4301,144.89993225451144,65.0,214.02072091252163,False,True
22140,Female,55-59,3613.6278897171064,3465,148.62788971710643,310.0,361.2608113042082,True,True
10740,Female,50-54,27065.20917839805,27208,-142.79082160194957,143.0,365.4585514055807,True,True
10740,Female,65-69,30675.65107968528,31017,-341.34892031471827,1345.655602299489,1234.2934478933328,True,True
21300,Male,50-54,2548.529097366538,2490,58.529097366537826,77.0,142.27054295276076,True,True
24020,Female,50-54,4096.0,4104,-8.0,53.0,62.79613786890082,True,True
27060,Female,65-69,3053.0,3018,35.0,314.21330334662787,319.5365393796929,True,True
27060,Male,50-54,2424.0,2377,47.0,120.0,136.21851572932368,True,True
27060,Male,65-69,2478.0,2666,-188.0,317.3168763239674,300.995670245022,True,True
28740,Male,25-29,5999.216262868637,5665,334.2162628686374,91.0,409.2408100280773,False,True
30500,Female,25-29,6174.0,6144,30.0,74.0,202.37110653450506,True,True
44180,Female,35-39,16101.888572359458,15959,142.8885723594576,720.0,1041.9538549502884,True,True
44180,Male,25-29,16573.114571881866,16793,-219.88542811813386,181.0,353.5208929077392,False,True
44180,Female,40-44,14920.550743625003,14664,256.5507436250027,771.0,995.9916290045699,True,True
17860,Female,60-64,6338.244753645836,6328,10.244753645835772,519.2244216136218,476.5213930517069,True,True
44180,Female,45-49,13607.37478999991,13423,184.37478999991072,144.0,342.0250121896794,False,True
29820,Female,60-64,68563.0,68097,466.0,1838.86595487545,1872.091055692471,True,True
39900,Female,65-69,17752.397036376944,17624,128.39703637694402,779.8262627021483,739.0636592234459,True,True
39900,Female,50-54,16426.003609953485,16457,-30.996390046515444,124.0,171.8964102651543,True,True
16180,Female,40-44,1709.5590273590287,1675,34.55902735902873,214.0,149.82742710992179,True,True
16180,Female,45-49,1416.3813906930454,1455,-38.61860930695457,39.0,38.814973313020346,True,True
16180,Female,35-39,1484.8997221375275,1465,19.899722137527533,216.0,139.06045759770893,True,True
48260,Female,45-49,3356.275404768284,3483,-126.7245952317162,125.0,79.65107498329183,False,True
41780,Male,25-29,3241.544660384079,3110,131.54466038407918,169.0,145.8474602119481,True,True
31900,Female,65-69,3922.0,3995,-73.0,442.76404551408643,422.08981882414554,True,True
26580,Male,60-64,12029.994752337901,11636,393.99475233790145,649.8030470842684,602.3923314422207,True,True
31900,Female,50-54,3476.0,3459,17.0,119.0,136.1161708615108,True,True
13980,Female,65-69,4661.0,4525,136.0,411.83006204015754,381.9954239352875,True,True
25500,Male,55-59,3873.0,3947,-74.0,348.0,448.2806097259283,True,True
13980,Female,50-54,5407.0,5131,276.0,135.0,276.22484194945247,False,True
16820,Male,35-39,6946.068697682891,7347,-400.93130231710893,536.0,557.2129122165774,True,True
16820,Male,40-44,7006.03510256458,6430,576.0351025645796,535.0,529.6027648094155,False,True
44420,Male,60-64,4130.244301928982,4085,45.24430192898217,384.51657961653615,418.3005199630227,True,True
36780,Male,50-54,5582.0,5306,276.0,85.0,300.1482705264183,False,True
45940,Female,60-64,12806.0,13026,-220.0,828.1183490298956,817.794341072375,True,True
12100,Male,55-59,12379.0,12399,-20.0,646.0,762.7309078297209,True,True
12100,Female,25-29,10691.0,10760,-69.0,64.0,223.5030814189147,False,True
19820,Male,25-29,148907.3760117918,148965,-57.62398820818635,100.0,898.9148221877304,True,True
40980,Female,40-44,5579.0,5615,-36.0,351.0,532.4243959767904,True,True
22420,Female,30-34,13053.663364046039,13354,-300.3366359539614,26.0,443.9251689315163,False,True
24340,Female,60-64,36010.97348326762,35605,405.9734832676186,1245.3051834791343,1523.9376997706675,True,True
11460,Female,30-34,11994.0,11856,138.0,39.0,385.36753925797905,False,True
34740,Female,60-64,5954.0,6024,-70.0,463.2763753959401,486.1175401960415,True,True
22420,Female,18-24,16048.356194084372,16245,-196.64380591562804,674.3715593054025,436.4086219664958,True,True
35660,Female,40-44,4853.0,4642,211.0,369.0,568.2601249768894,True,True
27100,Female,45-49,3992.0,4072,-80.0,178.0,163.0082120208979,True,True
29620,Male,55-59,13721.0,13770,-49.0,612.0,723.5357236282464,True,True
12980,Male,30-34,4133.611872219848,4168,-34.38812778015199,110.0,105.57210274932218,True,True
12980,Male,18-24,5842.22912300444,5840,2.2291230044402255,414.31751109505376,294.81526896020597,True,True
11460,Female,18-24,32252.0,32191,61.0,1417.746803911051,806.5155851787678,True,True
35660,Female,35-39,4291.0,4554,-263.0,371.0,576.5897476022272,True,True
27100,Female,40-44,4663.0,4682,-19.0,346.0,446.53796943821027,True,True
27100,Female,35-39,4411.0,4344,67.0,363.0,504.48907631384844,True,True
25060,Female,25-29,13562.812985394987,13135,427.81298539498675,198.0,343.6302591723813,False,False
24660,Male,45-49,22423.48637293084,22456,-32.51362706915825,110.0,416.4527246077469,True,True
24660,Female,25-29,25474.629107391564,25648,-173.3708926084364,85.0,338.3809017053855,False,True
24660,Male,35-39,22819.253164681955,23109,-289.74683531804476,929.0,1224.8301179520683,True,True
20500,Female,60-64,20275.342963543182,19779,496.3429635431821,1008.2226936545319,967.9103558871932,True,True
39580,Male,45-49,51402.7318180822,51729,-326.2681819178033,189.0,628.5526187928403,False,True
16740,Female,60-64,87502.82188770515,85349,2153.821887705155,2171.6302631893855,1914.3942686734736,True,True
24140,Female,40-44,3265.0,3306,-41.0,331.0,384.9869380966061,True,True
24140,Male,25-29,4338.0,4340,-2.0,70.0,97.2555385826432,True,True
49180,Female,55-59,23305.40424895222,23751,-445.5957510477783,917.0,926.6775779309579,True,True
39580,Male,40-44,54890.75077680694,53511,1379.7507768069408,1670.0,2035.3902762625664,True,True
24780,Female,55-59,5065.0,4982,83.0,422.0,488.1480333490037,True,True
39580,Male,35-39,52454.8146684577,54567,-2112.1853315422995,1677.0,1876.477563074511,False,True
15500,Male,55-59,5866.0,5771,95.0,459.0,579.9235134567316,True,True
11700,Male,30-34,13672.001754747207,13496,176.0017547472071,69.0,276.74874611341625,False,True
24660,Male,40-44,23649.59366639845,22943,706.5936663984503,975.0,1286.9180934148712,True,True
15500,Female,50-54,5932.0,5891,41.0,16.0,113.33560548212552,False,True
11700,Male,18-24,15235.487365604218,15397,-161.5126343957818,837.8651442803907,448.52709017609646,True,True
24140,Female,35-39,3639.0,3533,106.0,322.0,361.35917600947954,True,True
27340,Female,18-24,10954.420818281655,10914,40.42081828165465,800.3205607754933,436.7118404438817,True,True
15500,Female,65-69,5521.0,5283,238.0,466.3142717095414,386.96068260386613,True,True
24140,Female,45-49,3434.0,3432,2.0,60.0,115.30206209669453,True,True
17660,Female,55-59,4988.851888100485,4899,89.85188810048476,460.0,476.6420435778962,True,True
38540,Female,65-69,2403.6767729883363,2351,52.676772988336324,284.1003343891027,235.9690948959204,True,True
46300,Male,30-34,3980.358455672347,4024,-43.64154432765281,93.0,117.36355022494934,True,True
38540,Female,50-54,2380.340079920146,2332,48.340079920145854,164.0,149.78101015925674,True,True
26300,Male,60-64,3393.926899801973,3473,-79.07310019802708,428.0946157101255,250.13950770524386,True,True
21060,Male,30-34,4403.622338433365,4284,119.62233843336526,110.0,215.35023064299705,False,True
36980,Male,65-69,2925.3104934862436,2989,-63.68950651375644,369.9310746612131,305.1126953440763,True,True
14540,Female,65-69,5195.102459985323,4761,434.10245998532264,425.2117119741647,438.76461212991677,False,True
21060,Male,18-24,5600.0504767599705,5784,-183.94952324002952,426.4023921133651,254.47231834091096,True,True
14540,Female,50-54,5509.637345501289,5539,-29.36265449871098,203.0,228.3110965454569,True,True
36980,Male,50-54,3553.3246180915285,3409,144.32461809152846,108.0,212.5357413288175,False,True
35660,Female,45-49,4383.0,4275,108.0,0.0,144.08876052194356,False,True
40980,Female,35-39,5133.0,5148,-15.0,352.0,505.8459255395857,True,True
40980,Female,45-49,5512.0,5252,260.0,42.0,161.553321921123,False,False
38240,Male,18-24,3357.3859991029667,3311,46.38599910296671,406.67062839600305,213.73506460926072,True,True
27340,Female,30-34,7231.4611762143195,7821,-589.5388237856805,16.0,315.67276247366937,False,False
38240,Male,30-34,3205.242899946751,3215,-9.757100053248905,165.0,222.96495920290548,True,True
46300,Male,18-24,5555.712983098582,5297,258.7129830985823,499.64587459519765,248.1463468693321,True,True
16700,Female,40-44,28781.0,28485,296.0,1224.0,1144.5667195613805,True,True
16700,Female,45-49,25232.0,24875,357.0,86.0,352.91787214945634,False,True
22500,Male,50-54,6045.549057656203,6037,8.549057656203331,144.0,141.0109337870755,True,True
22500,Male,65-69,4907.482936271538,5167,-259.51706372846184,410.35837995586246,400.6861740147963,True,True
16700,Male,25-29,29585.0,29159,426.0,115.0,400.6743556446432,False,False
44940,Male,60-64,3317.736835633175,3148,169.7368356331749,384.68948516953253,343.89391422835433,True,True
17900,Male,60-64,26231.522590867684,26103,128.5225908676839,1118.9392298065163,1167.4591326136779,True,True
16700,Female,35-39,32041.0,32042,-1.0,1241.0,1148.3734867493022,True,True
43620,Female,45-49,8041.326886569951,8215,-173.67311343004894,201.0,402.44417804897614,True,True
41060,Male,65-69,4875.053653601542,5088,-212.94634639845845,370.4065334197009,423.59708137357916,True,True
41060,Male,50-54,5550.125180638439,5546,4.125180638438906,186.0,540.2771001887432,True,True
40340,Female,60-64,7872.659739333536,7746,126.65973933353598,459.25265377567496,519.9304812418809,True,True
43620,Female,40-44,9628.197477364452,9620,8.197477364452425,570.0,716.104813290651,True,True
31860,Female,60-64,3189.0,3106,83.0,276.69839175535515,372.7373625674652,True,True
22020,Female,25-29,9501.30120825378,10100,-598.6987917462193,154.0,334.3379603067608,False,False
43620,Female,35-39,9925.80322832552,10787,-861.1967716744803,603.0,826.7048353840376,False,True
25740,Male,45-49,2672.0087650219366,2675,-2.991234978063403,96.0,112.92399841235259,True,True
25740,Female,45-49,2521.703201942212,2688,-166.29679805778778,109.0,75.31506312051518,False,False
14580,Male,50-54,3231.0,3301,-70.0,108.0,118.39086828172181,True,True
25740,Female,35-39,3021.8099543823982,3052,-30.190045617601754,367.0,262.7892730808028,True,True
25740,Female,40-44,2717.357544255318,2950,-232.64245574468214,367.0,268.4378675545564,True,True
25740,Male,40-44,3210.1515052410828,3187,23.15150524108276,383.0,279.2902449722644,True,True
25740,Male,35-39,2907.976279908254,3187,-279.0237200917459,415.0,299.17748092818584,True,True
14580,Female,18-24,8439.0,8861,-422.0,572.0428305642856,426.544249496755,True,True
14580,Female,30-34,4331.0,4329,2.0,64.0,163.18698485173383,True,True
14580,Male,65-69,2684.0,2880,-196.0,319.8327688026979,334.5213774129391,True,True
13460,Female,25-29,7316.0,7412,-96.0,162.0,197.47812204140487,True,True
10540,Male,40-44,3898.5176246858687,4028,-129.48237531413133,439.0,437.5954600341395,True,True
10540,Male,35-39,4142.5593371956575,4394,-251.44066280434254,438.0,400.8992654322777,True,True
41420,Male,35-39,15035.3875890793,14690,345.3875890793006,916.0,894.6468021785628,True,True
41420,Male,40-44,14782.062446671152,14771,11.06244667115243,854.0,971.265482062522,True,True
10540,Male,45-49,3617.0555645872523,3670,-52.94443541274768,46.0,156.1822143650021,False,True
12700,Male,25-29,5347.265936575129,5403,-55.73406342487124,253.0,408.54208059818853,True,True
11260,Female,40-44,12937.820947881957,13633,-695.1790521180428,777.0,964.4613756371682,True,True
11260,Female,45-49,11357.87566163248,11317,40.87566163248084,114.0,564.1152009758715,True,True
11260,Female,35-39,15525.71622452297,14949,576.7162245229702,791.0,1146.7809774782006,True,True
24500,Male,65-69,2495.0687452338243,2439,56.0687452338243,268.7601160886786,240.5331512087662,True,True
24500,Female,50-54,2314.0036431284634,2149,165.0036431284634,80.0,96.48725859219469,False,False
24500,Female,65-69,3104.1681488367685,3014,90.16814883676852,296.98821525441036,198.07833051841766,True,True
24500,Male,50-54,2339.425522461356,2224,115.4255224613562,73.0,122.36556482529535,False,True
24420,Female,55-59,3054.915634507881,3178,-123.0843654921191,363.0,289.03192604051156,True,True
18700,Male,60-64,2846.018161951433,2504,342.01816195143283,270.8578963220382,279.2143861025305,False,True
41420,Male,45-49,12935.683755739672,13111,-175.31624426032795,206.0,345.10380629740536,True,True
18700,Female,25-29,3225.4039133153346,3282,-56.59608668466535,100.0,154.9457430026371,True,True
41420,Female,60-64,13989.624843258205,12910,1079.6248432582051,811.459179503196,859.5674368783594,False,True
39660,Male,18-24,7165.48088618835,7483,-317.51911381164973,2828.6051332768243,554.2540944839683,True,True
39660,Male,30-34,5293.529689995499,5139,154.5296899954992,175.0,259.25555829843006,True,True
28420,Male,45-49,8733.75170719257,9177,-443.2482928074296,159.0,254.41356984671876,False,False
31020,Female,50-54,3383.7308930105255,3351,32.730893010525506,68.0,108.38789859074124,True,True
14740,Female,35-39,9265.0,9357,-92.0,502.0,580.3906428152508,True,True
14740,Male,40-44,9666.0,9747,-81.0,505.0,709.265743549271,True,True
36500,Female,60-64,10285.0,10557,-272.0,693.4277179346093,656.3662345529743,True,True
14740,Male,35-39,9725.0,9537,188.0,512.0,668.3219182241071,True,True
13380,Female,18-24,15514.0,15357,157.0,782.7010923717943,425.6457764444515,True,True
28420,Male,35-39,11344.687846950641,12695,-1350.312153049359,687.0,703.7882332392943,False,False
14740,Female,40-44,8653.0,8494,159.0,501.0,612.9494936157057,True,True
14740,Female,45-49,7132.0,7225,-93.0,43.0,110.7183988888026,False,True
34580,Female,45-49,3553.0,3588,-35.0,43.0,68.36355591614586,True,True
28420,Male,40-44,10180.70572458125,9557,623.7057245812503,787.0,710.8475924852244,True,True
34580,Female,40-44,3644.0,3710,-66.0,371.0,372.9899204988655,True,True
47460,Male,50-54,1799.436855126905,1742,57.4368551269049,54.0,169.49595885449273,False,True
49420,Male,55-59,6406.0,6777,-371.0,540.0,694.4506367941137,True,True
31020,Female,65-69,4330.092838758957,3334,996.0928387589574,343.20984834354624,320.61411410444964,False,False
13380,Female,30-34,7748.0,7664,84.0,80.0,223.52245230345432,False,True
47460,Male,65-69,1687.267354075654,1731,-43.73264592434589,262.0686932847951,209.6175252807743,True,True
14740,Male,45-49,7749.0,7668,81.0,83.0,270.88859875878865,True,True
34580,Female,35-39,4563.0,4462,101.0,369.0,388.0514554685371,True,True
34060,Male,18-24,12735.712158494644,13528,-792.2878415053565,778.2846522963176,410.7879512874067,False,True
13220,Male,40-44,3355.0,3473,-118.0,320.0,455.5955127522658,True,True
34060,Male,30-34,5368.505866226268,5569,-200.49413377373185,119.0,180.19228529237736,False,True
16620,Male,45-49,6262.368052704372,6331,-68.63194729562838,111.0,179.05307482847195,True,True
13220,Male,45-49,3873.0,3870,3.0,181.0,242.12142489874788,True,True
16620,Male,35-39,5595.7178190517225,5129,466.7178190517225,508.0,513.9887064592651,True,True
16620,Male,40-44,6819.890846051214,6946,-126.10915394878612,513.0,483.2554382333355,True,True
13220,Female,18-24,3907.0,3811,96.0,357.4534934785223,281.3043792295989,True,True
13220,Male,35-39,3679.0,3625,54.0,344.0,491.0922894922603,True,True
16620,Female,65-69,7649.270390364243,7753,-103.72960963575679,627.9888534042623,457.2274433161804,True,True
16620,Female,50-54,6703.087608697384,6674,29.087608697383985,78.0,221.65186249417764,True,True
16940,Female,55-59,2997.0,2708,289.0,285.0,312.966167668328,False,True
33500,Male,35-39,2795.7708283266124,2981,-185.22917167338755,287.0,348.8456775578725,True,True
33500,Male,45-49,1921.4609572424458,1937,-15.53904275755417,170.0,92.71174156617373,True,True
33500,Male,40-44,2427.3613395830903,2515,-87.63866041690972,308.0,380.4473111324332,True,True
13220,Female,30-34,3080.0,3087,-7.0,172.0,201.2827404454987,True,True
12620,Male,55-59,5466.191371267699,5559,-92.80862873230126,362.0,494.48208045046147,True,True
40900,Female,55-59,75357.0,74850,507.0,1628.0,1926.6416690617382,True,True
42200,Male,30-34,14521.0,14643,-122.0,56.0,333.0442559724608,False,True
40140,Female,50-54,140497.0,140409,88.0,0.0,757.4449792039353,False,True
40140,Female,65-69,115828.0,115076,752.0,2391.1608059685154,2093.1773073037198,True,True
42100,Female,50-54,8193.0,8011,182.0,110.0,300.7876989672284,False,True
41740,Male,45-49,100363.0,100253,110.0,0.0,676.3126973116799,False,True
41940,Female,60-64,54065.13356096371,54486,-420.8664390362901,1406.1920210270005,1630.6378010360957,True,True
41740,Male,40-44,114972.0,116923,-1951.0,2420.0,2740.1144768485497,True,True
42020,Male,25-29,7758.0,7927,-169.0,189.0,170.90750438468172,True,True
32900,Male,18-24,16880.0,16856,24.0,816.1899288768516,393.84886678775655,True,True
41740,Male,35-39,128697.0,127269,1428.0,2420.0,2767.5843434667895,True,True
47300,Female,40-44,15025.0,15077,-52.0,764.0,886.4410326242801,True,True
41740,Female,60-64,96039.0,96318,-279.0,2041.2106701661148,2125.781411301795,True,True
39820,Female,55-59,6400.0,6261,139.0,438.0,540.030350250104,True,True
41940,Male,25-29,80589.88589347269,80295,294.8858934726886,70.0,699.2855207024376,False,True
25260,Female,40-44,4046.0,3858,188.0,426.0,439.50247286989185,True,True
39820,Male,50-54,4968.0,5099,-131.0,149.0,123.65050405780805,True,True
42220,Male,60-64,16020.0,16024,-4.0,809.2990794508542,839.0204740007838,True,True
32900,Male,30-34,11029.0,11047,-18.0,182.0,199.84346666203527,True,True
47300,Male,55-59,11574.0,11544,30.0,797.0,732.7434569803405,True,True
42200,Male,18-24,32969.0,32859,110.0,1308.527798711208,680.3759573748547,True,True
46700,Male,65-69,12152.0,12294,-142.0,763.8337515454525,648.0726938498103,True,True
23420,Male,60-64,28876.0,29559,-683.0,1268.9164669118295,1348.7540485064355,True,True
46700,Male,50-54,13686.0,13744,-58.0,0.0,222.63997854439802,False,True
47300,Female,45-49,13426.0,13375,51.0,63.0,270.2963267901545,True,True
47300,Female,35-39,16058.0,16144,-86.0,776.0,923.2718388995736,True,True
20940,Female,35-39,5373.0,5282,91.0,498.0,445.04835813650635,True,True
25540,Female,18-24,56654.23358874663,56033,621.2335887466324,1324.6444806060229,714.3856830218061,True,True
35300,Female,65-69,17346.0,17682,-336.0,909.497113794211,874.6530898754946,True,True
25540,Female,30-34,36378.26682892228,36636,-257.73317107772164,86.0,339.84523285795035,False,True
35300,Female,50-54,18847.0,18843,4.0,43.0,192.83231402568398,True,True
33100,Male,45-49,203975.97013857507,203628,347.9701385750668,57.0,898.8497489045944,False,True
23540,Male,55-59,7285.424260244725,7704,-418.5757397552752,616.0,635.7964138470527,True,True
35840,Female,35-39,21746.0,21877,-131.0,961.0,1257.604436558352,True,True
18880,Male,60-64,10454.311383980505,10839,-384.6886160194954,796.6636680557235,701.455033909375,True,True
33100,Male,35-39,213279.12027402548,214884,-1604.8797259745188,3164.0,4186.451745004341,True,True
37460,Male,35-39,7126.41631456209,7242,-115.58368543791039,559.0,591.7207979854937,True,True
34940,Male,30-34,9445.0,9524,-79.0,6.0,257.9541489150737,False,True
33100,Male,40-44,207122.6926957956,205967,1155.6926957955875,3183.0,4348.311822960215,True,True
36740,Female,40-44,104088.0,103805,283.0,2475.0,3036.525903135852,True,True
36740,Male,25-29,99186.0,99090,96.0,113.0,668.7323592056467,True,True
15980,Female,60-64,31197.0,32094,-897.0,1423.9020331469437,1268.6611783323,True,True
29460,Female,30-34,27540.0,27604,-64.0,55.0,236.38255059331266,False,True
36740,Female,35-39,97902.0,97943,-41.0,2452.0,3015.1145721066723,True,True
36740,Female,45-49,92559.0,92569,-10.0,95.0,521.5150740942203,True,True
37340,Female,35-39,17984.0,17814,170.0,940.0,1094.599736646917,True,True
27260,Male,60-64,53812.42970312646,54086,-273.57029687354225,2183.6162666549267,1558.4045350087952,True,True
37340,Female,40-44,19503.0,19036,467.0,937.0,1052.6813733948654,True,True
34940,Male,18-24,13283.0,13165,118.0,723.4293331072497,363.6384031596498,True,True
37860,Female,65-69,15904.0,15874,30.0,909.4465349870766,779.7195885380846,True,True
27260,Female,60-64,58527.981202907824,57772,755.9812029078239,1962.973509755035,1519.7979783407654,True,True
38940,Male,30-34,14956.0,15013,-57.0,272.0,402.7145125442464,True,True
29460,Female,18-24,33946.0,34017,-71.0,1209.3742183460006,656.6751609500317,True,True
35840,Male,60-64,34201.0,34449,-248.0,1296.7131525514808,1286.5568031241373,True,True
37860,Female,50-54,15826.0,15927,-101.0,68.0,164.1232748766914,False,True
37340,Female,45-49,17521.0,17480,41.0,13.0,361.299076092093,False,True
37460,Male,40-44,7246.446875724937,6775,471.44687572493694,567.0,624.6453690733516,True,True
37340,Male,55-59,23963.0,23518,445.0,1118.0,1273.2407328359,True,True
18880,Female,55-59,10302.165915438814,10360,-57.83408456118559,699.0,712.8762990307725,True,True
38940,Male,18-24,18637.0,18561,76.0,1004.869643287128,312.8935296310872,True,True
46060,Female,18-24,60767.10638947557,60755,12.106389475571632,1702.554844931581,759.4049979934472,True,True
46060,Female,30-34,31968.200895697097,31972,-3.799104302903288,42.0,496.16427787439534,True,True
29420,Male,40-44,5850.0,5641,209.0,538.0,651.7249390434971,True,True
43420,Female,18-24,4752.211884242621,4322,430.2118842426207,360.2984873684595,217.2398078934012,False,False
39150,Female,35-39,5448.0,5641,-193.0,502.0,567.1647737199041,True,True
49740,Female,18-24,8903.516222398697,9187,-283.4837776013028,581.3604733725883,196.1418509660913,True,True
49740,Female,30-34,6233.432995796169,6670,-436.56700420383095,140.0,136.53577520379676,False,False
39150,Female,45-49,5633.0,5554,79.0,92.0,158.13661445882798,True,True
22380,Male,55-59,3394.0,3374,20.0,334.0,341.54217177019297,True,True
46520,Male,35-39,35975.0,36279,-304.0,936.0,1459.8091380189912,True,True
46520,Male,40-44,33468.0,32595,873.0,937.0,1392.5696952908677,True,True
27980,Male,60-64,5570.304160306619,5617,-46.69583969338055,490.2295380737477,405.0545378363874,True,True
46520,Male,45-49,29014.0,29119,-105.0,0.0,476.53935126204425,False,True
40420,Female,60-64,11099.0,11064,35.0,661.1633686162596,763.8303802317632,True,True
19500,Female,35-39,3515.675555044331,3318,197.67555504433085,238.0,296.66492811755177,True,True
19340,Female,35-39,12456.011137581281,12291,165.01113758128122,617.0,863.9149063234215,True,True
37900,Female,25-29,11038.657158417247,10947,91.65715841724705,147.0,147.59026653017494,True,True
19500,Male,50-54,3043.6322598900265,2869,174.6322598900265,82.0,136.5470594386383,False,False
19340,Female,45-49,11042.922735762815,11004,38.92273576281514,122.0,334.10876294014184,True,True
19340,Female,40-44,12040.940235123737,11893,147.94023512373678,595.0,799.8019119667534,True,True
14010,Female,55-59,4666.0,4858,-192.0,403.0,462.9853888123793,True,True
44100,Male,60-64,6541.432102041845,6794,-252.5678979581553,480.33529955646605,558.9618126369836,True,True
16580,Male,60-64,5644.459304993436,5665,-20.54069500656442,514.4754610280261,395.73544180549226,True,True
41180,Female,25-29,89682.10440766528,90451,-768.8955923347239,232.0,852.5036335453475,False,True
19500,Female,45-49,2906.336109399645,3087,-180.663890600355,92.0,124.97290932430035,False,False
40420,Male,60-64,10861.0,11030,-169.0,717.7415969553388,618.5519366754905,True,True
43340,Female,25-29,12361.562620561894,12344,17.56262056189371,156.0,224.931768990566,True,True
35380,Female,60-64,34614.0,34140,474.0,1413.1019071531962,1377.2734379263618,True,True
35380,Male,35-39,35375.0,34937,438.0,1251.0,1401.5453578242661,True,True
35380,Male,40-44,30947.0,31494,-547.0,1281.0,1462.654689314091,True,True
43640,Female,55-59,8421.0,8422,-1.0,597.0,836.271712871331,True,True
33740,Male,50-54,6262.497379848107,6326,-63.5026201518931,190.0,181.47251166371294,True,True
10780,Female,45-49,4013.718083003292,4272,-258.2819169967079,129.0,82.05281407430532,False,False
10780,Female,40-44,4655.70305614993,4380,275.7030561499296,497.0,398.80233253842607,True,True
33740,Male,65-69,5761.308013546715,5780,-18.6919864532847,513.522151420949,353.3110004922327,True,True
10780,Female,35-39,4849.707757107553,5042,-192.29224289244667,509.0,388.00208485129195,True,True
29180,Female,18-24,16460.54275043351,16446,14.542750433509354,857.1359285434254,284.98576136892876,True,True
35380,Male,45-49,27978.0,27685,293.0,315.0,531.2140303469968,True,True
29180,Female,30-34,15605.01906724228,15788,-182.98093275772044,218.0,260.80238439520355,True,True
19780,Male,60-64,21654.254651455893,21216,438.2546514558926,905.8371818378841,1214.0489932223904,True,True
43580,Female,45-49,3847.3643168630106,4082,-234.63568313698943,206.0,119.4177282192566,False,True
47940,Male,55-59,4902.366118383945,4410,492.3661183839449,304.0,463.025386303702,False,True
43580,Male,60-64,4713.508374945178,4384,329.5083749451778,429.21905829075206,447.9342446019271,True,True
43580,Female,40-44,4724.294598783265,4608,116.29459878326543,392.0,422.04890309371564,True,True
19780,Female,45-49,21977.01884568271,21464,513.0188456827091,222.0,507.8981295726386,False,True
20220,Female,60-64,3442.0320578350784,3404,38.032057835078376,315.9050490258109,330.8270749044259,True,True
36540,Female,45-49,28244.321130673736,28413,-168.67886932626425,152.0,607.2073139441806,False,True
36540,Female,40-44,34347.316676346345,33867,480.31667634634505,896.0,1536.4882953294798,True,True
19780,Female,35-39,27473.482285897087,27135,338.4822858970874,939.0,1365.7192685700595,True,True
33860,Male,55-59,11186.504157411717,11766,-579.4958425882833,582.0,792.4623872281531,True,True
33660,Male,55-59,12432.0,12386,46.0,682.0,861.8354225126163,True,True
46220,Female,55-59,6583.507239560329,6719,-135.49276043967075,487.0,536.8372483694078,True,True
33860,Female,55-59,12957.400185832754,12767,190.40018583275378,722.0,740.0154086485247,True,True
11500,Male,18-24,6331.0,6249,82.0,438.1860335519607,319.19083376367496,True,True
13820,Male,60-64,35237.572984811486,35869,-631.4270151885139,1382.2318908200607,1430.812861078386,True,True
20020,Male,50-54,4819.0,4807,12.0,92.0,144.4507648776911,True,True
26620,Male,55-59,16768.83323175035,16834,-65.1667682496518,992.0,1034.9247730328068,True,True
11500,Male,30-34,3181.0,3169,12.0,220.0,322.30058949488443,True,True
26420,Male,25-29,257266.18349225714,256892,374.18349225714337,594.0,1844.463893001558,True,True
12420,Male,50-54,77886.63911881145,77944,-57.36088118854968,269.0,743.0388796222234,True,True
17780,Female,55-59,6025.565981805824,6281,-255.43401819417613,439.0,490.7687610998005,True,True
31180,Female,55-59,8886.5611238861,8979,-92.43887611389982,606.0,620.0321404677773,True,True
12420,Male,65-69,46656.16195715344,46855,-198.8380428465607,1381.111508894195,1256.975932066047,True,True
47020,Female,45-49,2795.26506117837,2828,-32.73493882162984,153.0,251.53128589741848,True,True
41700,Male,30-34,101982.87168486082,101638,344.87168486081646,339.0,873.288070753089,False,True
32580,Female,18-24,49137.0,49393,-256.0,1323.206333116646,433.32481840271976,True,True
32580,Female,30-34,28737.0,28810,-73.0,129.0,345.50365416663834,True,True
11100,Male,40-44,9804.345376010515,10302,-497.6546239894851,553.0,719.6604654814905,True,True
47020,Female,40-44,3189.0723128765685,3065,124.0723128765685,360.0,369.6456267212919,True,True
21340,Female,55-59,22601.01502715769,22354,247.01502715768947,907.0,1087.3951205803758,True,True
18580,Female,65-69,12514.588220738568,12504,10.588220738567543,729.9657526213131,615.1164877651296,True,True
41700,Male,18-24,132478.3441645574,132595,-116.65583544259425,2256.506592057732,1364.4783141609512,True,True
11100,Male,35-39,10007.526522992352,9616,391.5265229923516,487.0,837.3862692965295,True,True
45500,Male,60-64,5041.545586462108,4698,343.5455864621081,439.16397848639633,393.21889933492633,True,True
47020,Female,35-39,2947.3146561302474,3115,-167.68534386975261,351.0,354.78582286926803,True,True
48660,Male,60-64,5036.15687250953,4922,114.15687250953033,389.39054944875073,364.88010424665845,True,True
18580,Female,50-54,13025.269234929288,13277,-251.73076507071164,173.0,313.0305053510295,False,True
18580,Male,65-69,11837.879074832623,12090,-252.1209251673772,754.9364211640607,577.8137888183942,True,True
11100,Male,45-49,8300.815989890658,8268,32.815989890657875,277.0,481.3442660317642,True,True
47380,Female,35-39,9720.148967015266,9670,50.14896701526595,551.0,581.307247086184,True,True
29700,Male,60-64,5147.0,5124,23.0,482.17527933314875,540.1273019934745,True,True
28660,Male,18-24,31520.071850274726,30364,1156.0718502747259,1180.8573156821276,862.3288969326279,True,True
45500,Female,50-54,4410.147510966039,4397,13.14751096603868,87.0,138.04081787187448,True,True
36220,Female,65-69,2965.0,2985,-20.0,385.25056781268995,324.25991980585576,True,True
47380,Female,40-44,9063.537270234841,9046,17.537270234841344,581.0,576.413229997494,True,True
36220,Male,65-69,2632.0,2741,-109.0,374.5130171302461,339.67816071430025,True,True
43300,Female,55-59,4260.580156467956,4438,-177.41984353204407,413.0,348.8835071355239,True,True
47380,Female,45-49,8128.9356556054245,8082,46.93565560542447,97.0,129.9868386944113,True,True
39340,Female,45-49,18362.50817933085,18187,175.5081793308491,113.0,262.3986610145519,False,True
39340,Female,40-44,20691.623767551122,20611,80.623767551122,750.0,995.136289002644,True,True
36420,Female,30-34,52755.19859408786,52866,-110.80140591214149,130.0,615.96638759096,True,True
21420,Male,60-64,1997.8795510789778,2062,-64.12044892102222,269.4160351575236,196.858090715776,True,True
21420,Female,35-39,1794.235834768912,2354,-559.7641652310881,276.0,230.42604313501536,False,False
36420,Female,18-24,75374.34945382443,73831,1543.3494538244267,1632.2677476443623,1163.1781132673302,True,True
30020,Female,55-59,3460.0,3534,-74.0,243.0,400.6402481263584,True,True
30020,Male,60-64,3874.0,3542,332.0,360.84345636300515,342.32861049910804,True,True
21420,Female,40-44,2068.4968960492774,1766,302.49689604927744,259.0,237.85965925821387,False,True
21420,Female,45-49,1611.7916921981127,1539,72.79169219811274,154.0,107.29383288791963,True,True
39740,Female,55-59,14358.0,14357,1.0,728.0,859.1180030080268,True,True
37980,Female,25-29,210751.00471181446,211878,-1126.9952881855424,236.0,1373.3359396751746,False,True
38300,Male,25-29,77007.87181908944,77497,-489.1281809105567,202.0,665.7829386402492,False,True
25420,Female,55-59,19259.0,19593,-334.0,842.0,1047.453992196674,True,True
16540,Male,18-24,5873.167400814612,5985,-111.83259918538806,510.0647017781176,335.11432600327225,True,True
42540,Female,55-59,19013.422210594887,19437,-423.57778940511344,651.0,845.168649434658,True,True
27780,Female,65-69,5324.0,5220,104.0,378.41379467455994,425.0090776692305,True,True
27780,Female,50-54,4123.0,4071,52.0,34.0,112.80011015619623,False,True
21500,Male,55-59,8509.0,8720,-211.0,468.0,651.4545814684628,True,True
10900,Female,65-69,27626.0,27771,-145.0,1085.987568989627,950.6648418606843,True,True
11020,Female,50-54,3723.532462169247,3795,-71.46753783075292,65.0,54.62919973428039,False,True
10900,Male,25-29,25987.0,25928,59.0,198.0,486.9088850082734,True,True
42540,Male,25-29,17409.734161232755,17306,103.73416123275456,80.0,434.7704135323412,False,True
11020,Female,65-69,3984.961113242337,4057,-72.03888675766302,370.46592285930967,308.0881421141796,True,True
10900,Female,50-54,28024.0,28280,-256.0,154.0,413.66239046473635,False,True
12060,Male,30-34,218537.92470971355,219229,-691.0752902864479,570.0,996.3028667035508,False,True
12020,Female,65-69,6470.870417210396,6069,401.8704172103962,508.39551532247015,410.90628051813565,True,True
12060,Male,18-24,286432.1304055237,286785,-352.86959447630215,3564.6032037240834,1483.4820427653613,True,True
23580,Female,55-59,6774.0,6936,-162.0,450.0,515.4085848225172,True,True
19140,Male,35-39,4862.01391344681,4678,184.01391344680997,477.0,455.3008728340497,True,True
12260,Female,25-29,20719.291761547738,20888,-168.70823845226187,365.0,326.75357140685543,True,True
46660,Female,40-44,4507.079722989932,4312,195.07972298993172,417.0,412.7822716266857,True,True
47580,Male,60-64,5735.500840934169,6038,-302.499159065831,736.3592873047776,682.2892987066974,True,True
46660,Female,45-49,4035.673327240377,3835,200.67332724037715,160.0,124.4386997620124,False,True
42340,Male,60-64,11457.541263140032,11651,-193.45873685996776,773.3724846411333,663.4618614669928,True,True
15260,Male,65-69,3410.280518892572,3947,-536.7194811074278,470.8003823277972,267.2671542058418,False,True
10500,Female,25-29,4674.52126204404,4751,-76.47873795596024,153.0,174.583582018786,True,True
12020,Male,18-24,19220.740415306744,19662,-441.25958469325633,1175.2459317096145,733.7159987085693,True,True
19140,Male,45-49,4362.560639040657,4517,-154.4393609593426,191.0,119.96758938685613,True,True
12020,Female,50-54,6046.789835919905,6207,-160.21016408009473,179.0,254.75768820712787,True,True
12020,Male,30-34,6803.569437304675,6772,31.569437304675375,174.0,232.82932906275937,True,True
12700,Male,65-69,10328.436329346641,11067,-738.5636706533587,741.8524111978069,597.6720449657191,True,True
38340,Female,30-34,3449.0,3481,-32.0,148.0,171.34789361850937,True,True
12700,Female,30-34,5724.81408612176,5280,444.81408612175983,113.0,298.0050672363217,False,False
25260,Female,35-39,5017.0,5166,-149.0,429.0,471.68607344822044,True,True
42100,Female,65-69,8365.0,8504,-139.0,558.2436743931811,513.9849817553039,True,True
49700,Female,30-34,6715.0,6707,8.0,124.0,158.39265854593768,True,True
34900,Female,45-49,4084.0,4069,15.0,47.0,69.02338455190386,True,True
49700,Male,60-64,5419.0,5661,-242.0,477.0712735011405,472.14494722092496,True,True
49700,Female,18-24,7583.0,7687,-104.0,589.2452799980667,220.10874537941467,True,True
34900,Female,40-44,4399.0,4169,230.0,392.0,471.68607344822044,True,True
25260,Female,45-49,3522.0,3550,-28.0,76.0,93.53817740634035,True,True
39820,Male,65-69,5231.0,5516,-285.0,512.1532973632015,461.79298940786236,True,True
20940,Female,40-44,5241.0,5266,-25.0,493.0,466.9521640743835,True,True
20940,Female,45-49,4607.0,4635,-28.0,53.0,72.19563735953857,True,True
34900,Female,35-39,4188.0,4416,-228.0,393.0,476.1534834536024,True,True
35980,Male,55-59,9809.0,9533,276.0,540.0,604.6952651284364,True,True
37860,Male,55-59,16874.0,16803,71.0,792.0,927.1867790977986,True,True
37460,Male,45-49,6470.689268712316,6402,68.68926871231633,109.0,150.58633500850456,True,True
35840,Female,45-49,23080.0,22867,213.0,61.0,451.0440315714753,False,True
35840,Female,40-44,22473.0,22117,356.0,954.0,1180.304465731724,True,True
26140,Male,25-29,3440.0,3358,82.0,195.0,247.3860693405148,True,True
15980,Male,55-59,26132.0,25784,348.0,1246.0,1073.2320895873363,True,True
42680,Male,25-29,3511.0,3453,58.0,221.0,275.9989412253243,True,True
26140,Female,25-29,3151.0,3126,25.0,128.0,113.43643762587926,True,True
48680,Female,25-29,1315.0,1347,-32.0,124.0,134.79216726594316,True,True
29420,Male,35-39,5572.0,5393,179.0,516.0,666.0434159947833,True,True
29420,Male,45-49,4764.0,5104,-340.0,56.0,367.38194203716654,False,True
43420,Female,30-34,3690.890461574472,3667,23.89046157447183,146.0,127.52900491479049,True,True
39150,Female,40-44,5545.0,5464,81.0,498.0,558.4227447384733,True,True
37140,Female,40-44,3266.045657998547,3321,-54.954342001452915,341.0,253.0434742660744,True,True
37140,Male,45-49,3038.269840962163,3350,-311.730159037837,136.0,88.25849052723277,False,False
19500,Male,65-69,2742.032297908757,2960,-217.96770209124315,293.29336848964044,228.05586315424569,True,True
37140,Male,40-44,3311.269487964716,3335,-23.730512035283937,334.0,229.74968810124156,True,True
37140,Female,45-49,2949.851262737624,3266,-316.148737262376,126.0,78.37402018795841,False,False
37140,Female,35-39,2799.9440579668235,2895,-95.0559420331765,341.0,249.1306658444061,True,True
16020,Male,55-59,2783.3588634197677,2904,-120.64113658023234,294.0,265.49244399195993,True,True
37140,Male,35-39,2719.4779352402356,2962,-242.52206475976436,324.0,225.3256034346224,True,True
19500,Female,40-44,2450.8690991818285,2795,-344.13090081817154,241.0,287.69798869815236,False,True
43640,Male,35-39,9786.0,9614,172.0,713.0,674.0366172174921,True,True
43640,Male,45-49,7998.0,8119,-121.0,96.0,244.86724290674326,False,True
43640,Male,40-44,8038.0,8046,-8.0,742.0,703.7723545001963,True,True
47940,Female,60-64,5815.759157100758,5334,481.7591571007579,386.7428085950662,395.96472429150043,False,True
19780,Female,40-44,23986.36438432383,24456,-469.6356156761685,999.0,1408.7923553765013,True,True
36540,Female,35-39,33454.82652798096,34109,-654.1734720190434,890.0,1607.8482125291864,True,True
36540,Male,25-29,33588.71847168825,34146,-557.2815283117525,145.0,582.951800749819,False,True
43580,Female,35-39,3903.336370296958,4261,-357.6636297030418,457.0,425.82694063472667,True,True
11500,Female,55-59,3812.0,3643,169.0,360.0,398.0237186556852,True,True
20020,Male,65-69,4531.0,4576,-45.0,360.7672379803909,284.1134547104378,True,True
28660,Male,30-34,18887.9193702703,19442,-554.0806297296986,171.0,278.7379978794603,False,False
18580,Male,50-54,12603.88545563236,12744,-140.1145443676396,137.0,313.7605114750785,False,True
45500,Female,65-69,4548.367216637334,4415,133.36721663733442,494.45019971681677,284.09004330309114,True,True
36220,Male,50-54,4459.0,4338,121.0,156.0,247.9023732565907,True,True
36220,Female,50-54,4059.0,4021,38.0,119.0,140.96987761575167,True,True
13140,Female,25-29,12422.0,12324,98.0,209.0,315.5616410089319,True,True
39340,Female,35-39,22607.656038553418,22826,-218.3439614465824,744.0,979.9779346805849,True,True
30860,Male,25-29,5765.646679177005,6513,-747.3533208229946,212.0,170.4825236307735,False,False
16540,Male,30-34,5526.843253025017,5178,348.84325302501657,352.0,535.0376011759439,True,True
10580,Male,18-24,50938.32214103511,49810,1128.3221410351107,1188.6067474148042,891.6030117063019,True,True
19140,Male,40-44,4281.538161687041,4534,-252.46183831295912,518.0,438.81669277525117,True,True
15260,Male,50-54,3188.5750442509316,3484,-295.42495574906843,138.0,197.5712558253312,False,False
46660,Female,35-39,4884.045985917896,5112,-227.95401408210364,398.0,439.52802897455757,True,True
40660,Female,65-69,2658.684255143125,2627,31.68425514312503,357.39753776432207,253.12333111242734,True,True
40660,Female,50-54,3249.652175174312,3101,148.6521751743121,27.0,112.42558483150218,False,False
25980,Female,25-29,3294.4997995137633,3936,-641.5002004862367,157.0,151.06272116130484,False,False
25980,Male,25-29,3944.7026894430796,4644,-699.2973105569204,134.0,202.85436896920166,False,False
26900,Male,65-69,49437.132535163546,50293,-855.867464836454,1486.8436367015868,1599.8367330300962,True,True
43780,Female,60-64,10160.808650266446,10557,-396.1913497335536,646.4503074482988,603.2657865538259,True,True
21780,Female,18-24,11967.047812669834,12024,-56.95218733016554,637.7374067749201,434.5554059752017,True,True
26900,Male,50-54,64714.11755092909,64930,-215.88244907090848,272.0,816.5232256458054,True,True
17140,Female,40-44,73705.92662412568,72036,1669.9266241256846,1528.0,1777.9558065622723,False,True
43780,Male,35-39,10164.036912988893,10140,24.036912988893164,479.0,661.4694138973905,True,True
29200,Male,35-39,6025.321958104885,6398,-372.6780418951148,455.0,526.4868934892106,True,True
29200,Male,40-44,6673.685944338474,6334,339.68594433847375,460.0,526.1476767025101,True,True
23060,Male,60-64,13360.74454000546,13645,-284.2554599945397,711.629819498874,643.5899358002515,True,True
29200,Male,45-49,5876.515117552603,5716,160.51511755260344,74.0,143.66952956745263,False,True
21780,Female,30-34,9058.854503887233,8904,154.85450388723257,81.0,251.84793454276485,False,True
14020,Female,50-54,4204.068679089727,4165,39.068679089727084,182.0,259.66849237033546,True,True
43780,Male,40-44,9982.28004938306,9561,421.28004938306003,476.0,695.3344403056927,True,True
17140,Male,60-64,72801.69323709632,71728,1073.6932370963186,1820.358755850066,1836.7163680630863,True,True
31140,Female,25-29,45819.14148642377,45854,-34.858513576233236,276.0,535.0725125378011,True,True
21140,Female,50-54,6285.0,6105,180.0,50.0,373.743131160962,False,True
34620,Female,65-69,2998.0,3083,-85.0,327.0550412392385,331.1744951872049,True,True
14020,Male,55-59,4098.011106291947,4424,-325.9888937080532,398.0,447.02370728038244,True,True
43780,Male,45-49,8655.307702944527,8848,-192.69229705547332,72.0,220.72756681406955,False,True
34620,Female,50-54,3206.0,3222,-16.0,99.0,196.92512046460706,True,True
48620,Female,30-34,21647.772241035753,21934,-286.2277589642472,152.0,313.29283106217787,False,True
48620,Female,18-24,28914.343195982034,28949,-34.65680401796635,989.5195804025304,538.738051669323,True,True
28140,Male,60-64,67568.217562618,67834,-265.782437382004,1543.8526484091674,1760.754057692484,True,True
24300,Male,25-29,5258.227354155713,5006,252.22735415571333,105.0,203.9105741624662,False,False
22660,Female,25-29,13592.0,13491,101.0,18.0,305.60275002852967,False,True
39380,Male,35-39,5076.045302297256,5169,-92.95469770274394,415.0,531.8591261780294,True,True
24540,Female,40-44,12107.0,11927,180.0,753.0,857.4125991886871,True,True
39380,Male,40-44,5844.472865987752,5747,97.4728659877519,437.0,540.2473028775473,True,True
24540,Female,35-39,12680.0,12736,-56.0,762.0,828.1665871157808,True,True
28940,Male,60-64,29108.065240864977,29064,44.06524086497666,1309.1940268730223,1197.1771178013817,True,True
32820,Male,35-39,41097.443931175774,41051,46.443931175774196,1562.0,1546.7911917714212,True,True
32820,Male,40-44,41180.42098115891,40879,301.42098115890985,1603.0,1529.2101623535623,True,True
27740,Male,60-64,8091.447748924656,7907,184.44774892465557,606.8970258618838,508.4671223268813,True,True
17420,Male,55-59,3938.0,4135,-197.0,430.0,533.8957676609265,True,True
27180,Male,30-34,5499.605710164433,5621,-121.39428983556718,219.0,242.4273565971937,True,True
32820,Male,45-49,37843.23103728103,37570,273.2310372810316,239.0,512.6567915737727,False,True
27180,Male,18-24,8609.04880655341,8483,126.04880655341003,514.8757131580397,505.9668080446508,True,True
34100,Male,30-34,3694.6232525762093,3723,-28.376747423790675,124.0,140.59225372393752,True,True
34100,Male,18-24,4858.062146080369,4972,-113.93785391963138,460.5670418082475,259.8732707095041,True,True
40380,Male,55-59,34921.12753256042,35440,-518.872467439578,1059.0,1233.462504294272,True,True
35620,Male,55-59,640963.2564736354,642433,-1469.7435263645602,5272.0,5242.3220064987245,True,True
10580,Male,30-34,29736.89005103574,29771,-34.109948964258365,90.0,375.7887630951411,True,True
46540,Female,55-59,9994.389382605445,9957,37.38938260544455,529.0,533.3585254484855,True,True
28740,Male,65-69,5828.868994197157,6175,-346.131005802843,507.42487128638066,470.0024803063152,True,True
12580,Male,18-24,121394.20642637633,121732,-337.79357362366864,2159.260753128255,1061.3864001901702,True,True
47900,Male,55-59,195508.91438930988,197923,-2414.085610690119,2585.0,2814.920820369143,True,True
30500,Female,50-54,6843.0,6800,43.0,142.0,162.3049068035221,True,True
12580,Male,30-34,100045.89545244248,100359,-313.1045475575229,206.0,696.0131380267327,False,True
30500,Female,65-69,5562.0,5527,35.0,569.3197695495916,526.8167397254952,True,True
45780,Male,45-49,16659.65246582506,16556,103.65246582506006,152.0,486.7570216739981,True,True
45780,Female,35-39,18359.134531206804,18404,-44.86546879319576,755.0,878.6288328231155,True,True
18140,Female,65-69,55085.899586633284,56132,-1046.1004133667157,1480.6984838244416,1532.5008096184547,True,True
18140,Male,55-59,63680.662191857715,64775,-1094.3378081422852,1492.0,1765.6810657515925,True,True
18140,Female,50-54,66751.30891927094,66767,-15.691080729055102,231.0,567.6154594706501,True,True
19430,Male,60-64,25424.0,25136,288.0,1023.0527845619697,1159.7918480733947,True,True
45780,Female,40-44,18519.83615260899,18496,23.836152608990233,754.0,845.7854434983179,True,True
48540,Female,25-29,3456.2157396703988,3443,13.215739670398762,75.0,58.01759903737361,True,True
45780,Male,40-44,18179.59073792212,17986,193.59073792212075,687.0,1021.2249879118266,True,True
15940,Male,50-54,12558.0,12592,-34.0,101.0,305.7381971393172,True,True
15940,Female,18-24,16162.0,15977,185.0,676.9711958421865,367.16901161454246,True,True
26580,Female,40-44,11602.76298597765,11549,53.762985977649805,647.0,642.4173515233292,True,True
45780,Female,45-49,17120.276400011357,17181,-60.7235999886434,102.0,342.48757648554295,True,True
44220,Male,40-44,3793.0,3506,287.0,336.0,443.8883984221147,True,True
15940,Female,30-34,12210.0,12242,-32.0,149.0,310.95438959556435,True,True
19430,Female,30-34,27873.0,27694,179.0,113.0,374.62920270081725,False,True
41780,Male,65-69,3829.9715430190026,4247,-417.02845698099736,373.6763305321866,251.5575977236993,False,True
49660,Female,30-34,12365.0,12468,-103.0,58.0,254.05905320909153,False,True
45780,Male,35-39,17832.29016026957,18124,-291.70983973042894,698.0,925.9662641530275,True,True
31900,Female,25-29,3625.0,3576,49.0,179.0,195.00640687551783,True,True
19430,Female,18-24,38364.0,37641,723.0,1153.0780545999478,1284.8819005165417,True,True
30620,Female,55-59,2900.0,2883,17.0,365.0,363.57886606966036,True,True
41780,Male,50-54,4006.7038123286497,3738,268.70381232864975,195.0,188.8606496076433,False,True
49660,Female,18-24,16270.0,16197,73.0,687.4721812553581,289.86118320025196,True,True
13980,Female,25-29,5063.0,5181,-118.0,170.0,168.5583266632058,True,True
16820,Female,55-59,7239.052381641691,7334,-94.94761835830923,468.0,471.6102157977937,True,True
13980,Male,65-69,4553.0,4668,-115.0,461.62863862633134,367.7502265617929,True,True
44420,Male,55-59,4737.401362553542,4712,25.40136255354173,379.0,454.1365818210295,True,True
13980,Male,50-54,5372.0,5471,-99.0,198.0,196.7367733419454,True,True
31340,Male,65-69,7346.0,7623,-277.0,516.9535762522588,462.9850965757429,True,True
24580,Female,18-24,14249.071034971628,14442,-192.92896502837175,550.7948801504966,458.1325992111147,True,True
24580,Female,30-34,10762.8110777268,10299,463.81107772679934,178.0,651.84908572221,False,True
11540,Female,25-29,7607.687078886981,7396,211.687078886981,136.0,297.8330371899923,False,True
39540,Female,55-59,6969.0,7243,-274.0,469.0,783.0142977733549,True,True
22540,Female,25-29,2812.312921113019,3057,-244.687078886981,122.0,159.18744058145526,False,False
28450,Female,55-59,6035.0,6074,-39.0,403.0,623.9197888200454,True,True
36780,Male,25-29,6111.0,6256,-145.0,30.0,416.7752859365584,False,True
21140,Female,65-69,5607.0,5362,245.0,568.8453216824412,519.2538324990967,True,True
33140,Male,55-59,3461.0,3383,78.0,381.0,380.1309908176391,True,True
17140,Female,35-39,74657.87215894349,75495,-837.1278410565137,1563.0,1810.543434007926,True,True
14020,Female,65-69,4029.493723837328,4075,-45.50627616267184,343.5127362995439,378.1632071821718,True,True
17140,Female,45-49,65631.4831950393,65987,-355.51680496070185,376.0,777.3902362356893,True,True
33140,Female,25-29,3136.0,3109,27.0,48.0,84.86271050202204,True,True
41140,Female,30-34,3669.7360413768397,3665,4.736041376839694,117.0,140.60304622048935,True,True
41140,Female,18-24,4809.591018101832,4891,-81.40898189816835,406.19822747028326,249.9570000546057,True,True
24540,Female,45-49,10152.0,10242,-90.0,101.0,150.49232849633898,True,True
39380,Male,45-49,4906.337534255845,4890,16.33753425584473,121.0,178.208900507841,True,True
27740,Female,55-59,7693.275617455338,7523,170.27561745533785,488.0,547.5706378568316,True,True
31700,Female,40-44,13985.287279935803,13652,333.28727993580287,699.0,948.0685191611614,True,True
31700,Female,45-49,12042.525061713088,12708,-665.4749382869122,64.0,457.42709673928573,False,False
31700,Female,35-39,13348.612903743131,13627,-278.387096256869,699.0,915.8778647051157,True,True
10740,Female,25-29,30066.59780755522,30069,-2.402192444780667,175.0,609.9454318166659,True,True
22140,Female,60-64,3941.83247705542,4258,-316.16752294458,444.3253312607779,413.14909966032076,True,True
21300,Male,25-29,2642.868868871941,2570,72.86886887194078,148.0,146.4488707775726,True,True
24020,Female,25-29,3502.0,3421,81.0,108.0,107.62813999484521,True,True
27060,Female,25-29,3100.0,3037,63.0,157.0,183.74326004305573,True,True
27060,Male,25-29,3430.0,3378,52.0,78.0,153.7797876104009,True,True
28740,Male,50-54,6130.8439853912,6085,45.84398539119957,63.0,281.1140819060642,True,True
44180,Male,65-69,12325.699038515444,12191,134.69903851544404,746.5788638851224,622.5506831343156,True,True
27620,Female,40-44,4555.4360306579365,4471,84.4360306579365,378.0,418.50285349319097,True,True
27620,Female,35-39,4528.4092209813625,4317,211.40922098136252,361.0,383.4170960399035,True,True
17860,Male,18-24,18020.739158155226,18040,-19.260841844774404,1024.4788919250607,523.7849526092987,True,True
17860,Male,30-34,7247.967103569739,7218,29.967103569739265,82.0,200.71041566991087,True,True
27620,Female,45-49,4110.336613926811,4118,-7.663386073189031,87.0,168.98229174772746,True,True
44180,Male,50-54,14010.968343194683,13923,87.96834319468326,152.0,365.4389922381559,True,True
17860,Female,55-59,5314.487884193314,5438,-123.51211580668587,448.0,462.8515562179848,True,True
29820,Female,55-59,71662.0,72024,-362.0,1514.0,1857.6932997359254,True,True
39900,Male,18-24,24610.400081673164,24563,47.400081673164095,882.4936260393046,445.98887889226194,True,True
39900,Male,30-34,21658.822203148935,22318,-659.1777968510651,126.0,307.5825821536869,False,False
39900,Female,25-29,19022.485914156023,19253,-230.51408584397723,106.0,276.13296998496685,False,True
44220,Male,45-49,3696.0,3805,-109.0,134.0,141.8706405453574,True,True
49660,Male,25-29,13340.0,13395,-55.0,112.0,276.12024495905763,True,True
15940,Male,65-69,11518.0,11671,-153.0,670.3431956841212,609.9895344030502,True,True
26580,Female,35-39,10444.625777484685,10567,-122.37422251531461,657.0,640.1440439318247,True,True
44220,Male,35-39,3740.0,4015,-275.0,359.0,432.8804294346188,True,True
26580,Male,55-59,11698.29741956322,12199,-500.7025804367804,494.0,632.2673657444623,False,True
26580,Female,45-49,11361.885656415285,11429,-67.11434358471524,144.0,139.9407585149318,True,True
31340,Male,50-54,7683.0,7691,-8.0,177.0,218.28908269196606,True,True
25500,Male,60-64,3761.0,3746,15.0,407.2554480912441,428.94333126882856,True,True
31540,Female,55-59,21325.651293216655,20993,332.6512932166552,686.0,1123.1365418871599,True,True
39540,Male,30-34,5703.0,6035,-332.0,83.0,354.4207759200214,False,True
39540,Male,18-24,8502.0,8558,-56.0,614.7747554999311,331.33481215192285,True,True
12100,Male,60-64,14791.0,14679,112.0,804.0329595234265,681.9290903908192,True,True
12100,Female,65-69,14277.0,14597,-320.0,741.2422006335041,758.1546949394628,True,True
45940,Female,55-59,12695.0,12467,228.0,633.0,830.879631895469,True,True
12100,Female,50-54,12379.0,12442,-63.0,133.0,263.64300608256235,True,True
19820,Male,65-69,122583.20975024911,123058,-474.79024975089123,2068.8665979226403,2378.467497296012,True,True
40980,Male,18-24,8445.0,8603,-158.0,549.5998544395732,243.45083006379338,True,True
19820,Female,30-34,153454.9114064021,153426,28.911406402097782,162.0,922.7532278774262,True,True
19820,Female,18-24,172089.40723126766,171381,708.4072312676581,2152.9352057133538,982.8186661048762,True,True
24340,Female,55-59,34768.55054801812,35354,-585.4494519818836,1094.0,1497.4674840951363,True,True
19820,Male,50-54,145137.87567560762,144124,1013.8756756076182,147.0,925.154963285522,False,False
24340,Male,18-24,59065.87097978237,58662,403.8709797823685,1351.5420822157184,789.1126667813016,True,True
29620,Male,60-64,13766.0,13631,135.0,709.710504360757,740.5326118856955,True,True
24340,Male,30-34,42173.45755820975,43283,-1109.5424417902468,331.0,614.4263901015604,False,False
13020,Female,18-24,3687.2801253921543,3599,88.28012539215433,385.0999870163592,147.38284042664384,True,True
13020,Female,30-34,3158.9547241192668,3051,107.95472411926676,119.0,91.84774633919024,True,True
34740,Female,55-59,6236.0,6136,100.0,404.0,499.8735206954856,True,True
40980,Male,30-34,5952.0,5884,68.0,59.0,174.9579497979443,False,True
25060,Male,18-24,19100.131281811733,18637,463.13128181173306,876.3121589935861,443.0496554062637,True,True
25060,Female,65-69,12564.49635685168,13223,-658.5036431483204,767.440551443563,653.3432988672395,True,True
25060,Female,50-54,13391.774605361323,13797,-405.22539463867724,161.0,258.64016266237184,False,False
25060,Male,30-34,13470.70738744859,13419,51.70738744859045,184.0,284.1293701143407,True,True
24660,Female,65-69,22967.82800662825,22130,837.8280066282496,1099.2843126325417,986.8178017602908,True,True
25860,Female,45-49,11446.77848545472,11272,174.7784854547208,237.0,306.55499035389647,True,True
16740,Male,40-44,93890.31708181369,93961,-70.68291818631405,2068.0,2389.3187428381807,True,True
16740,Female,55-59,86067.71683582362,87993,-1925.2831641763769,1831.0,1836.7881371280657,False,True
16740,Male,45-49,89363.72844743959,90158,-794.2715525604144,313.0,710.7831353791302,False,False
49180,Female,60-64,25382.50870304543,24652,730.5087030454306,1146.6128378838255,978.9232374241842,True,True
16740,Male,35-39,94109.43476912477,95110,-1000.5652308752324,2069.0,2284.199697197839,True,True
20500,Female,55-59,17330.101032847895,18257,-926.8989671521049,878.0,947.1765481882272,False,True
24140,Male,50-54,3559.0,3480,79.0,80.0,146.80092812206604,True,True
25860,Female,35-39,10325.974359495991,10366,-40.02564050400906,570.0,811.4785427991234,True,True
24660,Female,50-54,26872.634245396748,26663,209.63424539674816,99.0,317.1371718959463,False,True
14260,Female,40-44,28151.09251019004,27718,433.0925101900393,887.0,1290.8509639049526,True,True
14260,Male,40-44,28396.94213662871,27718,678.9421366287097,1167.0,1392.5632823443593,True,True
14260,Female,35-39,27347.65381219813,28000,-652.3461878018716,931.0,1243.3439844754623,True,True
14260,Male,35-39,29201.017836280553,29555,-353.98216371944727,1192.0,1399.599009889927,True,True
17660,Female,60-64,6970.34241608648,7337,-366.6575839135203,690.1420143709554,495.8554974867719,True,True
14260,Female,45-49,24135.251902300446,24339,-203.7480976995539,107.0,362.74356877186784,False,True
14260,Male,45-49,25752.71263962833,25820,-67.28736037166891,189.0,344.3089375093166,True,True
38540,Female,25-29,2991.0282833542933,3239,-247.9717166457067,139.0,137.14796221401093,False,False
26300,Male,55-59,3225.006966064443,3282,-56.99303393555692,347.0,258.73207523684135,True,True
30780,Female,45-49,23470.0,23344,126.0,250.0,359.424971317033,True,True
30780,Female,40-44,25150.0,25113,37.0,1126.0,1410.3542072388234,True,True
30780,Female,35-39,26605.0,26649,-44.0,1138.0,1472.4573172031169,True,True
30460,Female,35-39,17490.90528733536,17827,-336.0947126646388,862.0,1037.7202189451375,True,True
30460,Male,30-34,17554.905716165104,17901,-346.0942838348965,187.0,312.552794873572,False,True
30460,Male,18-24,30324.713665785268,30452,-127.28633421473205,1265.0035573072512,616.2098044526573,True,True
36980,Female,35-39,2983.414912237565,2967,16.414912237565204,307.0,472.4712864983851,True,True
30460,Female,45-49,15891.550319678116,15906,-14.449680321884443,182.0,373.26699394355893,True,True
36980,Female,45-49,3134.0765922509886,3212,-77.9234077490114,107.0,134.0471697871574,True,True
30460,Female,40-44,16003.200459088997,16059,-55.79954091100262,826.0,993.9534144380011,True,True
14540,Female,25-29,6242.651249429092,6223,19.651249429091877,105.0,177.75044014262403,True,True
36980,Female,40-44,3915.0830383729253,3822,93.08303837292533,312.0,485.07188450609203,True,True
36980,Male,25-29,3361.893769074266,3496,-134.10623092573405,122.0,150.5489972628419,False,True
24780,Female,60-64,5165.0,5253,-88.0,532.0620264593217,501.74562949392,True,True
25860,Female,40-44,10991.564635249935,10723,268.56463524993524,619.0,798.3290289850684,True,True
15500,Female,25-29,5567.0,5609,-42.0,64.0,81.77238578059222,True,True
15500,Male,60-64,5320.0,5360,-40.0,546.1071323467585,561.7436554236727,True,True
24140,Male,65-69,2990.0,3038,-48.0,379.52602018833966,356.3623986249812,True,True
25940,Female,40-44,6630.255120382795,6733,-102.74487961720479,487.0,644.0295025709446,True,True
16700,Male,50-54,24377.0,24446,-69.0,119.0,454.3140379379665,True,True
22500,Female,30-34,6751.812408569946,6738,13.812408569945546,87.0,150.8421140103755,True,True
17900,Male,55-59,23387.473850156995,23965,-577.5261498430045,945.0,1062.6072639210984,True,True
16700,Male,65-69,20759.0,20617,142.0,1084.6317347376482,802.9509388701779,True,True
22500,Female,18-24,8880.710950986417,9091,-210.28904901358328,686.4619435919227,205.96240723274624,True,True
25940,Female,45-49,5603.208967315628,5574,29.208967315627888,301.0,363.62865063537305,True,True
40340,Female,55-59,6740.489580969266,6930,-189.51041903073383,382.0,495.6723440013765,True,True
22020,Female,65-69,6589.90489418112,5790,799.9048941811197,456.2126697056977,500.6187858986974,False,False
41060,Male,25-29,6886.29918270007,6875,11.29918270006965,259.0,692.3211926146626,True,True
22020,Female,50-54,6114.803535994131,6258,-143.19646400586862,198.0,270.70875866308535,True,True
31860,Female,55-59,2369.0,2291,78.0,228.0,291.53744258671134,True,True
13740,Female,40-44,6286.06673463803,6558,-271.93326536197037,522.0,670.323653780763,True,True
13740,Female,45-49,5148.898199334745,5373,-224.1018006652548,98.0,286.10126442008095,False,True
14580,Male,25-29,6515.0,6281,234.0,144.0,385.9860263289981,False,True
13740,Female,35-39,5848.772624496099,5921,-72.22737550390138,501.0,597.7981312116427,True,True
18700,Male,55-59,2224.6063355368915,2364,-139.3936644631085,223.0,290.5936896604755,True,True
13460,Female,65-69,9633.0,9496,137.0,686.6010486446987,600.7465902472939,True,True
13460,Female,50-54,7924.0,7947,-23.0,166.0,293.81514417657235,True,True
18700,Female,65-69,2514.916280142006,2777,-262.08371985799386,319.62478001556764,296.3049354646561,True,True
18700,Female,50-54,2371.7966056065866,2407,-35.20339439341342,45.0,134.72730789058062,True,True
39300,Female,25-29,53728.0,53813,-85.0,308.0,513.5180456785331,True,True
12700,Male,50-54,6976.997817973525,6567,409.99781797352534,135.0,382.6729806205036,False,False
21820,Male,35-39,4025.396427651212,3877,148.39642765121198,397.0,441.53396976848165,True,True
21820,Male,45-49,2789.537082858408,2628,161.5370828584082,276.0,195.257895074228,True,True
21820,Male,40-44,2948.520496927247,2972,-23.479503072752777,384.0,489.58537557721155,True,True
44940,Male,55-59,2834.80657584824,2905,-70.19342415176015,311.0,345.42489903108697,True,True
22500,Male,25-29,5771.582142677268,5748,23.582142677268166,141.0,201.24237725559647,True,True
25940,Female,35-39,5112.836339628921,4775,337.83633962892145,628.0,508.41382559355225,True,True
24500,Male,25-29,2806.715449041414,3128,-321.2845509585859,99.0,127.33922849411232,False,False
24500,Female,25-29,2587.580509592138,2753,-165.4194904078622,47.0,133.61955473080909,False,False
24420,Female,60-64,3866.207972020037,3500,366.2079720200368,430.35101951778853,281.3666230366593,True,True
41420,Female,55-59,12399.644959238281,12490,-90.35504076171856,621.0,820.5435650698045,True,True
12700,Female,18-24,6785.929221486917,6997,-211.0707785130826,647.3592511117764,281.7171517022191,True,True
38340,Female,18-24,6582.0,6341,241.0,444.77634829203765,337.99186160135577,True,True
39660,Female,35-39,4691.453726668819,4858,-166.5462733311806,336.0,483.44929550822087,True,True
39660,Female,40-44,4055.9202798589267,4190,-134.07972014107327,390.0,454.67202059208347,True,True
39660,Female,45-49,3864.1974682035034,3974,-109.80253179649662,129.0,100.27373023298404,True,True
42660,Female,18-24,157663.0,157116,547.0,1914.880152907748,1164.0737050059374,True,True
42660,Female,30-34,173949.0,174765,-816.0,0.0,740.2188357328865,False,False
34580,Male,35-39,4045.0,4364,-319.0,335.0,366.99651377090765,True,True
44060,Male,30-34,22738.664434413844,22745,-6.335565586156008,86.0,399.1966566150317,True,True
48300,Male,35-39,3728.0,4134,-406.0,394.0,418.0179346047846,False,True
31020,Female,25-29,3111.5338175273405,3368,-256.4661824726595,118.0,126.6126156457293,False,False
36500,Female,55-59,8717.0,8384,333.0,547.0,633.471537592653,True,True
49420,Male,60-64,7229.0,6902,327.0,612.1976804921757,680.7624362681522,True,True
44060,Male,18-24,27423.27349701478,26657,766.2734970147794,914.2242613276022,602.8703582437975,True,True
34580,Male,45-49,3623.0,3689,-66.0,59.0,120.52922970176155,False,True
48300,Male,40-44,4303.0,4041,262.0,399.0,448.01266202809495,True,True
48300,Male,45-49,3464.0,3402,62.0,72.0,140.83448243416808,True,True
47460,Male,25-29,2148.02235488027,1964,184.0223548802701,58.0,234.2718914853858,False,True
34580,Male,40-44,4264.0,4132,132.0,320.0,358.5849090992955,True,True
34060,Female,18-24,11199.919997677222,12088,-888.0800023227785,640.9906395572403,448.7073072638271,False,False
34060,Female,30-34,4701.524546079822,4919,-217.47545392017764,141.0,173.60081014461116,False,True
16620,Female,25-29,6017.314466258344,6109,-91.6855337416564,180.0,118.85281928291575,True,True
16940,Female,60-64,3334.0,3640,-306.0,377.6188554614295,332.45262790170574,True,True
38860,Male,18-24,21855.0,21761,94.0,894.5272494452028,577.8058694838605,True,True
12620,Male,60-64,5602.269133091581,5693,-90.73086690841865,444.79770682862113,469.6535054375399,True,True
38860,Male,30-34,18413.0,19091,-678.0,208.0,476.5965586373868,False,False
40140,Female,35-39,155179.0,156705,-1526.0,2802.0,3624.60802102724,True,True
40900,Male,55-59,72624.0,72317,307.0,1577.0,1953.873982288136,True,True
40140,Male,55-59,135362.0,136444,-1082.0,2100.0,2357.361566446692,True,True
31080,Female,25-29,478614.0,479360,-746.0,0.0,1087.0583315380322,False,True
41940,Female,30-34,75863.38124724197,76217,-353.6187527580332,160.0,529.3989327014755,False,True
40140,Female,45-49,142184.0,142003,181.0,155.0,788.3730934105693,False,True
12540,Male,25-29,35127.0,35483,-356.0,26.0,596.5500133884418,False,True
41740,Male,65-69,79040.0,79095,-55.0,1887.3182031655394,1909.1215092808393,True,True
41940,Female,18-24,82664.51587865187,82274,390.5158786518732,1536.6733550107517,900.7400402955924,True,True
23420,Male,18-24,57791.0,57721,70.0,1412.4988495570535,521.3086496680734,True,True
42100,Female,40-44,8207.0,8322,-115.0,515.0,566.608423976603,True,True
41740,Female,30-34,128907.0,129823,-916.0,0.0,848.4294617563974,False,False
42100,Female,45-49,7410.0,7465,-55.0,102.0,150.66395061112,True,True
40140,Female,40-44,157119.0,156067,1052.0,2790.0,3443.5791489852895,True,True
47300,Female,65-69,9764.0,10020,-256.0,674.2291895194096,790.4777022867248,True,True
41740,Female,18-24,146979.0,146660,319.0,2448.4548188602544,1518.343064577716,True,True
32900,Male,60-64,7439.0,7026,413.0,589.7694464788761,633.5876114624954,True,True
23420,Male,30-34,44394.0,44956,-562.0,127.0,508.64493285468797,False,False
32900,Female,25-29,10212.0,10003,209.0,64.0,221.9689635737393,False,True
47300,Female,50-54,12610.0,12654,-44.0,68.0,165.46197971890703,True,True
41740,Male,50-54,99434.0,99523,-89.0,0.0,710.3157810746922,False,True
46700,Male,40-44,15720.0,15617,103.0,738.0,945.9071842350602,True,True
20940,Female,65-69,4416.0,4674,-258.0,479.7707786016151,360.69921414351603,True,True
39820,Male,35-39,5569.0,5405,164.0,477.0,471.55582739480593,True,True
42200,Male,60-64,11621.0,11811,-190.0,775.5804278087477,729.2187776252406,True,True
46700,Male,45-49,13370.0,13326,44.0,87.0,244.5299554732508,True,True
42220,Male,30-34,15897.0,16113,-216.0,76.0,319.37368917539214,False,True
42220,Male,18-24,19395.0,19271,124.0,893.672758900035,458.94954611454847,True,True
49700,Male,18-24,8926.0,8863,63.0,533.6056596401504,244.39103481152904,True,True
34900,Female,65-69,4270.0,4087,183.0,530.6486596609851,657.7754191743562,True,True
33700,Male,25-29,19711.0,19417,294.0,52.0,372.64224612723393,False,True
42100,Female,35-39,7327.0,7284,43.0,544.0,634.2569438632502,True,True
47930,Male,55-59,16457.0,15768,689.0,819.0,903.7722669255512,True,True
14860,Male,55-59,32789.0,32808,-19.0,1019.0,1126.250364245779,True,True
35300,Female,45-49,16944.0,16965,-21.0,59.0,247.5916271681052,True,True
35300,Female,35-39,18896.0,18940,-44.0,833.0,1064.846631906445,True,True
25540,Female,60-64,40683.35887932533,40810,-126.64112067467067,1502.622041632559,1369.116031275466,True,True
14860,Female,25-29,26393.0,26277,116.0,57.0,590.3460159474273,False,True
35300,Female,40-44,17288.0,17290,-2.0,835.0,997.1441968197229,True,True
35300,Male,55-59,18665.0,18800,-135.0,881.0,1026.8658697804694,True,True
33100,Male,50-54,212638.81252698431,212340,298.8125269843149,63.0,709.4338179511399,False,True
33100,Male,65-69,160051.2138098364,158553,1498.213809836394,3237.6573320844195,2327.999342079996,True,True
37860,Female,45-49,14428.0,14480,-52.0,107.0,223.27898351333923,True,True
15980,Female,18-24,29174.0,29174,0.0,991.6385430185738,578.822183463972,True,True
23540,Female,25-29,12562.444841670946,12553,9.444841670945607,102.0,159.50983151771442,True,True
37340,Female,65-69,24601.0,24361,240.0,1140.723016336569,976.5150777644194,True,True
27260,Male,30-34,59434.36803339359,59926,-491.63196660640824,215.0,855.4392307253873,False,True
36740,Female,65-69,73796.0,74421,-625.0,2311.7011052469566,1942.1127003424003,True,True
27260,Female,18-24,66535.2857475745,66795,-259.7142524255032,1923.2488138563872,1273.9374763820383,True,True
27260,Male,18-24,69913.78686715994,68830,1083.7868671599426,1914.2298712537113,1189.989708055889,True,True
36100,Male,55-59,11770.0,11441,329.0,719.0,925.2096269481312,True,True
45300,Male,25-29,105148.0,104580,568.0,101.0,1065.3137354202283,False,True
37460,Male,65-69,6036.326519589079,6077,-40.673480410921,504.4412750757019,467.1123315669781,True,True
37460,Male,50-54,6820.188056907286,6726,94.18805690728641,94.0,126.70970943923179,False,True
35840,Male,30-34,21010.0,21237,-227.0,54.0,538.847741392455,False,True
34940,Male,60-64,13454.0,13407,47.0,1103.2026105842933,1070.0143354676377,True,True
27260,Female,30-34,61769.37825081158,62002,-232.62174918842356,214.0,544.9897661398811,False,True
35840,Female,65-69,40567.0,41184,-617.0,1314.896573879482,1219.5287686136191,True,True
36740,Female,50-54,90051.0,90116,-65.0,86.0,394.37138191684244,True,True
15980,Female,30-34,22196.0,22467,-271.0,45.0,356.09918789748735,False,True
38940,Male,60-64,19229.0,19543,-314.0,1288.8351329786133,982.219637113436,True,True
35840,Female,50-54,27406.0,27502,-96.0,4.0,315.9594969256344,False,True
37860,Female,40-44,16118.0,15545,573.0,950.0,985.7741935954451,True,True
46060,Female,60-64,36315.587394081274,35842,473.5873940812744,1154.177196101188,1232.3336656468061,True,True
39150,Female,50-54,6843.0,6774,69.0,44.0,183.20345133553025,False,True
29420,Male,50-54,5926.0,5940,-14.0,128.0,149.54714813813735,True,True
43420,Female,60-64,4286.940855142756,4293,-6.059144857244064,440.65519400093314,335.3797603526909,True,True
43420,Male,25-29,4329.062211353911,4026,303.06221135391115,79.0,229.41662768945105,False,False
29420,Male,65-69,10531.0,10813,-282.0,872.2774787875702,625.1527027125053,True,True
39150,Female,65-69,13455.0,13283,172.0,851.8227515158303,681.1444251698754,True,True
49740,Female,60-64,5674.926465440705,5364,310.9264654407052,518.8111409752107,419.7012938659857,True,True
49740,Male,25-29,8133.408002812844,8218,-84.59199718715627,197.0,381.6947512652147,True,True
46520,Male,65-69,27971.0,27349,622.0,920.6524860119588,1009.3794260645993,True,True
46520,Male,50-54,29736.0,29866,-130.0,0.0,367.8749289959157,False,True
27980,Male,18-24,5426.8450700384,5448,-21.15492996159992,357.91479432960017,115.01365467711118,True,True
27980,Male,30-34,4794.4709092567,4868,-73.5290907433,80.0,107.2483055383544,True,True
16980,Female,55-59,296600.6807154477,297500,-899.3192845523008,3276.0,4051.71490776415,True,True
19340,Female,65-69,12450.968082926654,12007,443.96808292665446,711.7668157479667,638.6597836508856,True,True
44100,Male,18-24,8268.507095134753,8313,-44.4929048652466,558.6358384493426,244.06316435845255,True,True
37140,Male,50-54,3219.38432952343,3245,-25.615670476569903,95.0,101.43897840366098,True,True
44100,Male,30-34,6116.762355195991,6113,3.762355195991404,18.0,115.65841859755909,True,True
16580,Male,30-34,7517.6519383462055,7631,-113.3480616537945,104.0,154.01290911969852,False,True
40420,Male,30-34,10130.0,10307,-177.0,54.0,256.79814649837334,False,True
16580,Male,18-24,25679.72651329297,25943,-263.2734867070285,1204.1407725012887,727.4623987154724,True,True
19340,Female,50-54,10999.716519859689,11365,-365.28348014031144,104.0,281.20131982963403,False,False
40420,Female,18-24,14027.0,13987,40.0,711.0351608746223,293.6382597474314,True,True
40420,Male,18-24,14489.0,14447,42.0,635.2975680734187,308.11578955605313,True,True
16020,Female,55-59,3151.393325867157,3154,-2.6066741328431817,367.0,303.5179447053576,True,True
37140,Female,65-69,3642.422263430791,3796,-153.5777365692088,370.6669664267373,193.5150253711612,True,True
10780,Female,65-69,4198.892908234437,4341,-142.10709176556338,478.08472052555703,316.8557443914756,True,True
29180,Female,60-64,14057.023588336044,14071,-13.976411663956242,972.4715934154581,786.6872104865093,True,True
35380,Female,30-34,38087.0,38159,-72.0,238.0,356.93145406891506,True,True
35380,Male,65-69,26134.0,26562,-428.0,1090.1582453937594,939.2368758285899,True,True
33740,Male,35-39,7031.657880887409,7088,-56.34211911259081,520.0,629.8227015428786,True,True
33740,Male,40-44,6505.280365625789,6644,-138.71963437421073,540.0,542.5292428648744,True,True
29180,Male,55-59,12048.781774944022,12604,-555.2182250559781,713.0,798.356704074248,True,True
43640,Male,50-54,8470.0,8425,45.0,126.0,241.9534425127074,True,True
10780,Female,50-54,4257.089677192926,4515,-257.9103228070744,103.0,85.17159372474572,False,False
43640,Male,65-69,7674.0,7724,-50.0,639.1752498337213,788.2486584836349,True,True
35380,Male,50-54,27573.0,27992,-419.0,273.0,441.67085925069813,False,True
35380,Female,18-24,40512.0,40944,-432.0,1407.2192437569918,786.8056667333746,True,True
33740,Male,45-49,6044.362717807962,6256,-211.63728219203767,189.0,203.36327494651303,False,True
26380,Male,55-59,6704.7781207275975,6758,-53.221879272402475,486.0,452.5081520295669,True,True
36540,Female,65-69,25146.269839689798,25199,-52.730160310202336,843.6515868532459,1098.7667483969567,True,True
19780,Female,65-69,18352.531358258137,18034,318.5313582581366,863.9126113213072,997.4178315963354,True,True
19780,Male,30-34,26821.8526895107,26954,-132.14731048930116,198.0,753.5787959027328,True,True
20220,Female,30-34,2862.9533252544584,2852,10.953325254458377,78.0,132.98644305019556,True,True
36540,Female,50-54,27579.391044745396,27973,-393.60895525460364,177.0,464.4692411223054,False,True
43580,Female,50-54,4050.263932194094,3728,322.2639321940942,125.0,167.76016841511466,False,False
19780,Male,18-24,30776.34856904249,31394,-617.6514309575105,1037.2183955175497,692.7131527330997,True,True
19780,Female,50-54,21109.008144965796,21654,-544.9918550342045,215.0,465.53448336795196,False,False
47940,Female,30-34,4894.970570873752,4873,21.970570873751967,82.0,208.86612935610873,True,True
43580,Male,18-24,6966.404162574468,7247,-280.5958374255324,483.46147726576936,341.37664749153635,True,True
13820,Male,18-24,50907.496507270705,50970,-62.50349272929452,1426.4771291541972,853.2549727888527,True,True
13820,Male,30-34,39237.15263087605,39505,-267.84736912394874,232.0,506.519758845131,False,True
20020,Male,40-44,4900.0,4621,279.0,348.0,430.40726348715356,True,True
20020,Male,35-39,4304.0,4391,-87.0,344.0,471.40545461417815,True,True
20020,Male,45-49,4179.0,4336,-157.0,152.0,167.9733495788841,False,True
12420,Male,45-49,84682.71249407376,85275,-592.2875059262442,299.0,680.6511447225823,False,True
36220,Male,40-44,5727.0,5213,514.0,663.0,730.8786093676912,True,True
36220,Female,40-44,5140.0,5075,65.0,616.0,622.7060534493784,True,True
11100,Male,50-54,7859.049684717289,7687,172.04968471728898,64.0,270.06527618034954,False,True
19100,Male,55-59,236146.10033859886,236747,-600.8996614011412,3601.0,3440.7233039881717,True,True
32580,Female,60-64,19675.0,19186,489.0,1047.3012938023137,971.6066857839133,True,True
12420,Male,35-39,107741.5036780062,107794,-52.496321993807214,2683.0,2951.992492700162,True,True
41700,Male,60-64,68281.3909060582,68709,-427.60909394180635,1944.5835029640666,1780.4355542740427,True,True
12420,Male,40-44,99959.05431911163,99544,415.0543191116303,2680.0,2817.8420667027412,True,True
28660,Male,60-64,12216.631910085367,11498,718.631910085367,814.1363522162611,686.0064459357477,True,True
47380,Female,65-69,8413.473060287783,8317,96.47306028778257,624.5870635868149,547.8588725001124,True,True
29700,Male,18-24,15679.0,15666,13.0,772.0194298073073,281.25242879617946,True,True
18580,Female,35-39,14561.698686047288,14552,9.698686047287993,723.0,895.7379973692834,True,True
48660,Male,18-24,10183.634111454972,10004,179.6341114549723,489.72237032833203,628.3155500948102,True,True
36220,Female,35-39,5496.0,5518,-22.0,581.0,654.3221941902934,True,True
29700,Female,55-59,6546.0,6671,-125.0,520.0,485.3504132080759,True,True
47020,Female,50-54,2833.5383120007064,2594,239.53831200070636,87.0,146.85044598326715,False,False
47380,Female,50-54,8281.181320835698,8386,-104.81867916430201,186.0,149.9876510087367,True,True
18580,Male,35-39,14636.00809020913,15150,-513.9919097908696,940.0,1074.6361638600522,True,True
20580,Female,25-29,1835.5301599547502,2047,-211.46984004524984,134.0,90.57459213582032,False,False
18580,Male,40-44,15263.365183099046,15502,-238.63481690095432,893.0,869.3685572728434,True,True
45500,Female,35-39,4905.146703860445,5207,-301.8532961395549,425.0,407.0367624894637,True,True
36220,Male,45-49,4792.0,4713,79.0,164.0,234.83289671327992,True,True
10180,Male,25-29,7102.834981730625,7135,-32.16501826937474,303.0,203.50955555317577,True,True
18580,Female,45-49,12883.376297545296,13007,-123.62370245470447,109.0,245.96634140049065,False,True
39340,Male,25-29,32303.44012584368,32085,218.44012584368102,26.0,458.23731798003485,False,True
41100,Male,55-59,4449.0,4559,-110.0,444.0,555.549038579179,True,True
39340,Female,65-69,10438.95591306147,10428,10.95591306147071,558.455906943422,584.6649953289491,True,True
36260,Male,55-59,15852.858760978677,15659,193.8587609786773,654.0,993.1458355241891,True,True
36260,Female,55-59,15661.017648908091,15515,146.01764890809136,690.0,730.0426991601939,True,True
39340,Female,50-54,14694.844755785107,14604,90.84475578510683,87.0,201.95784817765127,False,True
30860,Female,55-59,3549.047759992717,3000,549.0477599927171,264.0,253.07429066447514,False,False
36420,Female,60-64,44371.70172473286,44451,-79.2982752671378,1415.6118818376738,1813.6607481363405,True,True
21420,Female,50-54,1603.069538315603,1420,183.06953831560304,98.0,95.42232170596179,False,False
21420,Female,65-69,1683.8955838702825,1701,-17.104416129717492,266.3174797117155,252.041605613075,True,True
21420,Male,30-34,1968.867963764402,2094,-125.13203623559798,142.0,137.45829485154377,True,True
21420,Male,18-24,2920.0443921514484,3091,-170.9556078485516,357.16102810917096,150.2488616762975,True,True
30020,Male,18-24,9068.0,8671,397.0,511.47922733968386,545.6502442590859,True,True
30020,Male,30-34,5516.0,5463,53.0,35.0,343.24729406799406,False,True
21500,Female,55-59,8663.0,8731,-68.0,534.0,687.648172385414,True,True
10900,Female,40-44,28007.0,27556,451.0,1061.0,1436.9020857081737,True,True
10900,Female,45-49,25346.0,25905,-559.0,163.0,529.7265259145515,False,False
11020,Female,45-49,3320.3669520099993,3393,-72.6330479900007,43.0,62.36672436051958,False,True
44300,Female,55-59,4747.0,4484,263.0,341.0,378.2537910285897,True,True
27780,Female,45-49,3816.0,3824,-8.0,71.0,138.066859931158,True,True
10900,Female,35-39,27331.0,26956,375.0,1053.0,1296.3800293413194,True,True
11020,Female,35-39,3154.4830036088183,3645,-490.5169963911817,334.0,306.6290439359761,False,False
11020,Female,40-44,3644.473136344995,3590,54.473136344995055,350.0,303.0290394401547,True,True
27780,Female,35-39,3440.0,3540,-100.0,262.0,357.5486116285449,True,True
16540,Male,60-64,5896.998759097588,5582,314.99875909758794,567.8283191247157,552.8871690477542,True,True
27780,Female,40-44,3219.0,3289,-70.0,261.0,350.8658132961945,True,True
12060,Male,60-64,177329.70106424633,177145,184.70106424632831,3271.033170116133,2894.2877684486098,True,True
46660,Female,65-69,4139.306594507225,4147,-7.693405492775128,386.0906629277636,362.2587460142717,True,True
40660,Female,45-49,3150.1035790553897,2886,264.1035790553897,54.0,146.9765723966204,False,False
12020,Female,40-44,6658.812039699826,6848,-189.18796030017438,559.0,623.4727012806526,True,True
19140,Male,65-69,3478.1615891949127,3016,462.1615891949127,345.90461112855957,319.3660601068803,False,True
12260,Male,25-29,20760.763511725097,20457,303.7635117250975,334.0,446.09922743063805,True,True
12020,Male,60-64,5995.60716330331,5408,587.6071633033098,567.9058020481918,445.0087652508337,False,True
47580,Male,18-24,9009.41991220784,9461,-451.58008779215925,637.8879211899219,197.7000465056297,True,True
15260,Male,35-39,3405.487178074056,3194,211.48717807405592,472.0,370.0501191128289,True,True
15260,Male,40-44,3422.126961585085,3504,-81.87303841491484,352.0,330.87379608636934,True,True
40660,Female,40-44,3353.4946452190666,3052,301.49464521906657,354.0,346.3296838806244,True,True
46660,Male,55-59,3610.605261832565,4056,-445.3947381674352,424.0,370.84163851208274,False,True
47580,Female,25-29,6519.905004072661,6749,-229.09499592733937,122.0,134.47619467014397,False,False
46660,Female,50-54,4183.855786207862,4325,-141.14421379213763,173.0,182.5956774036136,True,True
42340,Male,18-24,22168.47676392171,20087,2081.47676392171,1126.6525640143016,506.10222578833077,False,False
42340,Male,30-34,15545.361941451027,15692,-146.63805854897328,266.0,277.95483817042964,True,True
40660,Female,35-39,3072.4046560443676,3349,-276.5953439556324,372.0,377.9686191227816,True,True
42340,Female,25-29,15919.331673888826,15330,589.3316738888261,201.0,168.08463450335947,False,False
12700,Female,60-64,11161.940303229137,11474,-312.0596967708625,823.1676621442317,718.9329249758472,True,True
49340,Female,25-29,26505.0,26777,-272.0,39.0,293.8236632637848,False,True
38340,Female,60-64,5702.0,5858,-156.0,514.9951456081892,503.6525542760108,True,True
39820,Male,45-49,4767.0,4723,44.0,98.0,189.0390598527193,True,True
49700,Female,60-64,5904.0,5453,451.0,498.5107822304348,357.2766180164188,True,True
46700,Male,35-39,16217.0,16436,-219.0,727.0,952.022769801227,True,True
49700,Male,30-34,6982.0,6875,107.0,162.0,210.44623293729921,True,True
33700,Female,25-29,18470.0,18699,-229.0,109.0,326.0821970627191,False,True
39820,Male,40-44,5924.0,6088,-164.0,477.0,437.26594040983804,True,True
20940,Female,50-54,4776.0,4833,-57.0,68.0,50.377033916756154,True,True
34900,Female,50-54,4441.0,4418,23.0,65.0,102.17158432020128,True,True
25260,Female,50-54,3261.0,3243,18.0,68.0,92.8951760050004,True,True
25260,Female,65-69,2548.0,2527,21.0,326.3816784073518,271.66864973253723,True,True
45220,Male,25-29,13361.726515889879,13188,173.726515889879,164.0,207.80426199668074,False,True
39460,Female,25-29,3284.0,3358,-74.0,113.0,172.9187663145617,True,True
37860,Female,35-39,17236.0,17494,-258.0,964.0,948.8924097309452,True,True
18880,Male,18-24,13096.418546814963,12837,259.4185468149626,692.8022805967082,419.5225039285178,True,True
29460,Female,60-64,24259.0,24009,250.0,1229.2131629623887,1033.2005881646362,True,True
37340,Female,50-54,20156.0,20189,-33.0,45.0,278.0432022568615,True,True
35840,Male,18-24,27527.0,27452,75.0,1115.335823866516,536.6578980551764,True,True
18880,Male,30-34,11880.531739539092,11611,269.5317395390921,330.0,374.5736351227749,True,True
37140,Male,65-69,3258.260985150964,3376,-117.73901484903581,329.02431521089744,195.75998878202898,True,True
37140,Female,50-54,3037.790477368984,3105,-67.20952263101617,104.0,81.63010750794339,True,True
19500,Female,65-69,3453.1924448964646,3598,-144.80755510353538,305.26709616334347,280.0904382517148,True,True
19500,Male,35-39,3060.1784856297627,3067,-6.82151437023731,274.0,318.2156334590348,True,True
19500,Male,40-44,2855.831255626129,2561,294.83125562612895,263.0,303.0754731991653,False,True
19500,Male,45-49,2970.998763585756,2750,220.99876358575602,62.0,137.42344517857643,False,False
40420,Female,30-34,10640.0,10757,-117.0,86.0,241.60704748878914,False,True
19500,Female,50-54,2752.2441666872433,2865,-112.75583331275675,61.0,74.36916807195506,False,False
47940,Female,18-24,11324.829952640797,11710,-385.1700473592027,797.021329702035,385.2696210990077,True,True
11180,Female,25-29,3729.0,3778,-49.0,83.0,143.5638349785558,True,True
20220,Female,18-24,4426.782037789499,4580,-153.21796221050136,334.88356185396736,272.85633224015294,True,True
43580,Male,30-34,4458.705080325957,4752,-293.29491967404283,259.0,264.12309564396554,False,True
43580,Female,65-69,4173.405245068403,3809,364.405245068403,364.6601157242179,349.6553848139098,True,True
19460,Female,55-59,5713.0,5530,183.0,442.0,454.3405426439512,True,True
11500,Male,60-64,3467.0,3266,201.0,420.77309799938496,451.37223314300144,True,True
18580,Female,40-44,14481.50376542714,14951,-469.49623457286,750.0,818.0621432611024,True,True
45500,Female,40-44,4151.824777818863,4089,62.82477781886337,422.0,410.2648495763887,True,True
11100,Male,65-69,6255.757650824751,6470,-214.24234917524882,548.7740883095703,445.9800145713185,True,True
36220,Male,35-39,6740.0,7331,-591.0,708.0,746.3648890346799,True,True
47020,Female,65-69,2869.008288191375,3146,-276.99171180862504,356.11374587342175,247.29068264214177,True,True
18580,Male,45-49,13213.6804811074,13162,51.68048110739983,166.0,318.4689965660706,True,True
45500,Female,45-49,4398.211709642823,4414,-15.788290357177175,122.0,112.52741537322103,True,True
45500,Male,18-24,6502.576761428735,6814,-311.42323857126485,550.7186214392973,209.6453963810363,True,True
48660,Male,30-34,5718.019800434509,5574,144.0198004345093,56.0,285.47509831598296,False,True
45500,Male,30-34,5105.233369220832,5203,-97.76663077916783,262.0,354.1719451043693,True,True
29700,Male,30-34,9301.0,9210,91.0,72.0,189.59971996616977,False,True
33260,Male,25-29,7234.980963651085,7053,181.9809636510854,78.0,226.19116179964303,False,True
36220,Female,45-49,4550.0,4451,99.0,140.0,207.372460786142,True,True
10580,Male,60-64,30171.945687861007,29737,434.9456878610072,1035.5172620482963,977.412819772575,True,True
13780,Female,25-29,7119.302001637103,7000,119.30200163710288,77.0,186.46836570691372,False,True
12020,Female,35-39,7027.535896597581,7173,-145.4641034024189,507.0,584.7022604605227,True,True
19140,Male,50-54,4794.725474308969,4658,136.72547430896884,133.0,159.78492263991353,False,True
47580,Male,30-34,6697.904704693032,6877,-179.09529530696818,191.0,214.30185976052826,True,True
15260,Male,45-49,2832.291489666684,2967,-134.7085103333161,117.0,142.0195212390632,False,True
12020,Female,45-49,6224.446647158857,6274,-49.55335284114335,194.0,251.08091753266334,True,True
23060,Male,30-34,15385.45688857164,15469,-83.54311142836013,88.0,294.21757050764944,True,True
23060,Male,18-24,20512.446540775316,20189,323.44654077531595,775.5391672894413,318.3822325125879,True,True
34620,Female,45-49,3078.0,3059,19.0,120.0,189.14567381386232,True,True
21780,Female,60-64,9493.75010932049,9683,-189.24989067950992,643.904496024061,540.1882487967347,True,True
26900,Male,40-44,71278.66587654893,71225,53.66587654892646,1726.0,2044.9914546567636,True,True
26900,Male,35-39,74593.55711686952,74335,258.5571168695169,1783.0,1914.9114333396587,True,True
29200,Female,25-29,7779.229261351352,7766,13.229261351351852,46.0,55.80594465966037,True,True
43780,Female,18-24,17814.63130103773,17804,10.631301037730736,652.991577281055,721.2019739932422,True,True
26900,Male,45-49,64635.27182916918,64820,-184.7281708308219,347.0,796.6178646651402,True,True
14020,Female,45-49,3844.6030736355624,3963,-118.3969263644376,188.0,232.45897008349928,True,True
14020,Female,35-39,4884.3836486800965,5079,-194.61635131990352,419.0,525.9913377738769,True,True
43780,Male,50-54,9325.434950440333,9460,-134.5650495596674,98.0,156.3151755470595,False,True
29200,Male,65-69,4856.8512784062905,4808,48.851278406290476,488.9836398081228,368.43789261876987,True,True
14020,Female,40-44,4064.5613460470495,3868,196.56134604704948,406.0,458.8538722637674,True,True
17140,Male,30-34,77929.057486005,76976,953.0574860049965,363.0,874.5315036913154,False,False
23060,Female,25-29,15977.265497931126,16040,-62.73450206887355,139.0,263.4465571037494,True,True
21140,Female,35-39,6091.0,6125,-34.0,472.0,686.0663750031771,True,True
31740,Female,25-29,5444.0,5317,127.0,85.0,233.9176118102269,False,True
28140,Female,25-29,76955.99235828451,75879,1076.9923582845076,233.0,754.0111267131267,False,False
48620,Female,60-64,19997.048690303993,20809,-811.9513096960072,1049.5622897189094,986.1978441414545,True,True
28140,Male,18-24,93172.93332731733,91601,1571.9333273173252,1644.907900157331,1060.2557571897694,True,True
45820,Female,55-59,6454.181931134558,6936,-481.818068865442,511.0,536.9229900642265,True,True
28140,Male,30-34,78578.59055204649,79125,-546.4094479535124,359.0,824.8814888009097,False,True
17820,Female,25-29,29079.0,29053,26.0,161.0,471.3915340974528,True,True
19740,Male,25-29,124900.89972890686,125417,-516.1002710931352,286.0,746.462554536217,False,True
39380,Male,50-54,4811.58791487634,4981,-169.4120851236603,90.0,203.00289804509202,False,True
14500,Male,25-29,11956.699053142505,12241,-284.30094685749464,122.0,389.15035876701495,False,True
24540,Female,50-54,9837.0,9880,-43.0,75.0,123.11481564986401,True,True
24540,Female,65-69,8120.0,8301,-181.0,557.6602908581532,585.7457874037594,True,True
39380,Male,65-69,4556.918310383327,4598,-41.08168961667343,400.930168483241,384.78194045388466,True,True
28940,Male,30-34,31220.95705284748,30742,478.95705284747964,338.0,570.0710589255388,False,True
28940,Male,18-24,46330.216566559146,46172,158.21656655914558,1484.5100201750072,1082.3832113921862,True,True
32820,Male,50-54,39787.40336526264,39631,156.40336526263854,181.0,582.7352485766626,True,True
27740,Male,30-34,6677.400889820154,6736,-58.59911017984632,186.0,286.5339735718734,True,True
32820,Male,65-69,31836.91885653979,30991,845.918856539789,1269.371891921355,1087.5914054357113,True,True
34100,Male,60-64,4548.298886315891,4459,89.29888631589074,498.53485334528017,477.8858737055831,True,True
27740,Male,18-24,10527.51198241257,10398,129.51198241257043,641.0608395464506,447.05840545351595,True,True
17300,Male,55-59,8403.652169769137,8044,359.6521697691369,548.0,616.3553836046801,True,True
27180,Male,60-64,6287.847788118525,6488,-200.1522118814746,553.5431329173906,460.2901591626908,True,True
30700,Female,55-59,8432.28895623104,8369,63.288956231039265,480.0,736.6760670733614,True,True
12580,Male,60-64,90195.40148109847,90824,-628.5985189015337,2105.619386308931,2147.079904775302,True,True
30500,Female,45-49,5916.0,6042,-126.0,206.0,184.94804571825028,True,True
30500,Female,40-44,7184.0,7376,-192.0,585.0,653.4115182696889,True,True
30500,Female,35-39,7403.0,7309,94.0,558.0,637.4002476211474,True,True
18140,Female,35-39,76831.90783348051,78100,-1268.092166519491,1569.0,2383.094341330794,True,True
19430,Female,60-64,29172.0,28351,821.0,1197.5074112505527,1165.438965312534,True,True
18140,Female,40-44,76546.39769063918,75036,1510.3976906391763,1486.0,2399.3301096830974,False,True
15940,Female,60-64,13924.0,14110,-186.0,783.2036772130223,820.2764912843413,True,True
15940,Male,45-49,11310.0,11047,263.0,82.0,332.89512660708925,False,True
18140,Female,45-49,65264.54079003303,65926,-661.459209966968,151.0,671.458993954223,False,True
19430,Male,18-24,38456.0,38383,73.0,1109.32727362127,1241.4466901175217,True,True
45780,Male,50-54,17706.106622209114,17762,-55.89337779088601,121.0,263.5468598534936,True,True
49660,Female,60-64,16879.0,17181,-302.0,943.4882087233523,755.5708126468029,True,True
15940,Male,40-44,11079.0,11477,-398.0,545.0,852.1100793918881,True,True
44220,Male,65-69,4238.0,4231,7.0,390.1512527213004,336.0328757874741,True,True
17410,Female,55-59,73889.0,74287,-398.0,1496.0,1680.741991676593,True,True
10420,Female,55-59,22793.0,23243,-450.0,765.0,943.4850857373159,True,True
19430,Male,30-34,28055.0,27583,472.0,145.0,382.8602770185881,False,False
45780,Female,65-69,19038.4373683751,19017,21.43736837510005,811.2268486681145,719.1120462806708,True,True
45780,Female,50-54,18376.796875433727,18411,-34.20312456627289,74.0,168.44488250135936,True,True
31900,Male,55-59,3538.0,3497,41.0,394.0,377.4724834640268,True,True
15940,Male,35-39,12395.0,12131,264.0,552.0,855.1978309169172,True,True
45780,Male,65-69,16488.981572872668,16750,-261.01842712733196,781.2822793331486,657.3410361565273,True,True
44220,Male,50-54,4252.0,4289,-37.0,62.0,73.73014052950124,True,True
30620,Male,55-59,2824.0,2987,-163.0,293.0,325.90269047677407,True,True
31340,Male,35-39,6848.0,7276,-428.0,586.0,648.8269758196325,True,True
31340,Male,40-44,7279.0,6748,531.0,568.0,670.1610681927517,True,True
31340,Male,45-49,6579.0,6672,-93.0,226.0,233.67339356460764,True,True
13980,Male,40-44,4554.0,4894,-340.0,441.0,501.76221337402444,True,True
25500,Male,18-24,11109.0,11379,-270.0,700.8637528079191,603.3707741399562,True,True
16820,Male,25-29,7326.768439565203,7232,94.76843956520315,210.0,219.8869190098641,True,True
25500,Male,30-34,4352.0,4310,42.0,188.0,237.61311814323298,True,True
20260,Female,25-29,7533.750943269593,7814,-280.24905673040666,168.0,250.4719743707027,False,True
24580,Female,60-64,11873.026539407683,10993,880.0265394076832,637.8354019651151,818.9594177955778,False,True
39540,Male,60-64,7343.0,7098,245.0,565.3777498274936,734.6111220001029,True,True
20740,Male,55-59,5319.249519549084,5239,80.24951954908374,348.0,452.7488595806668,True,True
29100,Female,55-59,5268.273545241752,5234,34.27354524175189,420.0,504.5263583721779,True,True
43100,Female,25-29,3224.0,3376,-152.0,109.0,421.4137164192096,False,True
21140,Male,55-59,6071.0,6082,-11.0,412.0,521.0548860484853,True,True
43780,Female,30-34,10482.029617255863,10472,10.029617255862831,92.0,177.72536349816698,True,True
21140,Female,40-44,6490.0,6353,137.0,465.0,637.348239234251,True,True
17140,Female,50-54,70095.01629584219,69982,113.01629584218608,249.0,737.1503057639565,True,True
17140,Female,65-69,68716.47368585193,68420,296.4736858519318,1616.343094766702,1759.826385294746,True,True
43780,Male,65-69,9589.790283257014,9413,176.79028325701438,605.5683281017923,582.369887928049,True,True
29020,Female,25-29,2492.340147983501,2627,-134.65985201649892,176.0,134.50479092453602,True,True
17140,Male,18-24,105981.65442504402,106183,-201.34557495597983,2285.2927602388277,1058.7727158543864,True,True
21140,Female,45-49,5693.0,6000,-307.0,60.0,292.59158637724016,False,False
29200,Male,50-54,5465.746770931911,5787,-321.25322906808924,72.0,157.49399523767522,False,False
34620,Female,40-44,2693.0,2872,-179.0,338.0,419.198968493781,True,True
34620,Female,35-39,3320.0,3075,245.0,340.0,359.0004749143795,True,True
41140,Female,60-64,4136.6531737509085,4096,40.653173750908536,380.0447342090139,351.3240251386947,True,True
31700,Female,50-54,14534.123082923661,14455,79.12308292366106,4.0,380.87187104745374,False,True
31700,Female,65-69,12723.971209416166,13174,-450.02879058383405,690.8668467946627,668.5771996953108,True,True
22140,Female,18-24,4860.248380181499,5042,-181.75161981850124,396.6484589658707,174.96893568751207,True,True
22140,Female,30-34,4185.15123751948,4100,85.15123751947976,68.0,220.49057630826331,False,True
28740,Male,40-44,5962.094592532134,6232,-269.9054074678661,494.0,526.2878003728662,True,True
28740,Male,35-39,5913.697595659383,5681,232.6975956593833,515.0,558.8002429757381,True,True
28740,Male,45-49,5306.40737380272,5669,-362.59262619727997,61.0,300.55702537513514,False,False
30500,Male,55-59,7616.0,7822,-206.0,485.0,502.4673974622632,True,True
27620,Female,65-69,5122.1546889342,4790,332.15468893419984,423.8171775659878,336.5351839533852,True,True
17860,Male,60-64,5932.481116269343,6293,-360.51888373065685,499.795958367012,490.22074808499343,True,True
44180,Male,40-44,15631.734778814172,15505,126.73477881417239,701.0,786.8392623555579,True,True
27620,Female,50-54,4433.258454658141,4400,33.25845465814109,63.0,196.6481638463367,True,True
44180,Male,45-49,14260.405402858138,13651,609.4054028581377,190.0,363.3470307915838,False,False
44180,Male,35-39,14945.114763060425,15446,-500.8852369395754,713.0,808.884162182788,True,True
44180,Female,25-29,16026.062692204905,16560,-533.937307795095,144.0,450.10056414069385,False,False
39900,Male,60-64,18880.011916861746,18397,483.0119168617457,959.7338172639328,1058.9367729835942,True,True
16180,Female,25-29,1424.1064966892372,1604,-179.89350331076275,53.0,34.731057827707026,False,False
41780,Male,40-44,2994.245932281785,3284,-289.7540677182151,368.0,257.03327418497133,True,True
48260,Female,25-29,2836.9386389483107,2968,-131.06136105168935,104.0,40.48419572035847,False,False
26580,Female,65-69,13131.363881806694,12806,325.3638818066938,749.6832664532402,655.3924240233342,True,True
41780,Male,45-49,3362.039875052659,3029,333.0398750526592,162.0,160.37651866546324,False,False
41780,Male,35-39,3444.6411523731713,2986,458.6411523731713,378.0,245.98313673016386,False,False
26580,Female,50-54,12065.84408807891,12326,-260.1559119210906,143.0,179.16777598122758,False,False
13980,Male,45-49,4748.0,4699,49.0,115.0,188.03508516364704,True,True
13980,Male,35-39,5420.0,5056,364.0,422.0,501.4873625750703,True,True
31540,Male,55-59,21143.19491980964,20327,816.1949198096409,709.0,1208.8993750906127,False,True
27500,Male,55-59,5622.0,5490,132.0,402.0,611.3206005035329,True,True
12100,Female,35-39,10536.0,11141,-605.0,581.0,774.7142301318274,False,True
12100,Male,18-24,15685.0,15444,241.0,936.1746631905822,516.5555387794714,True,True
12100,Male,30-34,10727.0,11011,-284.0,149.0,348.30714292489034,False,True
12100,Female,45-49,10431.0,10357,74.0,86.0,223.4607017548052,True,True
12100,Female,40-44,10061.0,9590,471.0,565.0,772.7780355234613,True,True
19820,Male,45-49,128178.86503900951,128096,82.86503900951357,174.0,1059.8799316715372,True,True
19820,Male,35-39,133288.27419491726,134539,-1250.7258050827368,2116.0,2963.6979397987534,True,True
19820,Female,60-64,155194.89526722487,155898,-703.1047327751294,2667.2127774139053,3223.8302238387273,True,True
22420,Female,55-59,13884.36850584898,14037,-152.6314941510209,662.0,689.6544608133204,True,True
19820,Male,40-44,132587.46132555787,132234,353.46132555787335,2134.0,3060.0303177887836,True,True
29620,Male,18-24,33699.0,33640,59.0,1390.8637604021467,1424.3255084653229,True,True
24340,Male,60-64,35526.7097490313,35841,-314.29025096869736,1316.3103737340978,1300.018805229135,True,True
13020,Female,60-64,4146.308704324507,4283,-136.69129567549317,364.2430507230028,319.0560711179431,True,True
29620,Male,30-34,15578.0,15586,-8.0,144.0,292.51065105607694,True,True
11460,Female,55-59,9831.0,10416,-585.0,423.0,760.464480672832,False,True
40980,Male,60-64,6745.0,6596,149.0,466.74404120459855,515.0390971482166,True,True
35660,Female,25-29,4055.0,4142,-87.0,81.0,63.8251520562231,False,True
25060,Male,60-64,14059.788025517902,14411,-351.2119744820975,954.5161077739862,812.6615778980515,True,True
25060,Female,40-44,13963.618895110678,14289,-325.38110488932216,768.0,909.4079405268768,True,True
25060,Female,45-49,13174.100135329372,12781,393.1001353293723,133.0,337.0959488288385,False,False
25060,Female,35-39,13998.389601424667,13723,275.3896014246675,752.0,861.8998957694083,True,True
24660,Female,35-39,24714.61943873041,25161,-446.38056126959054,1145.0,1211.5940103175938,True,True
24140,Male,45-49,3186.0,3187,-1.0,37.0,115.44279026318623,True,True
24140,Female,25-29,3787.0,3863,-76.0,64.0,33.642160398077884,False,False
16740,Male,50-54,93183.31176377396,93262,-78.68823622603668,255.0,615.6372981154768,True,True
39580,Male,25-29,49737.114512247324,49770,-32.885487752675544,121.0,454.5555156043486,True,True
49180,Female,30-34,22914.449885214097,22575,339.44988521409687,166.0,255.51262327353433,False,False
24660,Female,45-49,24916.88049622206,24811,105.88049622206017,175.0,345.8176961934275,True,True
16740,Male,65-69,61680.628341650765,61117,563.6283416507649,1679.3084886345332,1418.2967113656634,True,True
27340,Female,55-59,4442.686641890603,4201,241.6866418906029,382.0,427.33111171936673,True,True
25860,Female,50-54,12968.414593803755,13239,-270.58540619624546,284.0,266.45723861634167,True,True
25860,Female,65-69,12116.998095345149,12012,104.99809534514861,766.932200393229,668.928482821937,True,True
24780,Female,30-34,6070.0,6009,61.0,22.0,139.26311958393723,False,True
49180,Female,18-24,31470.04118359765,31412,58.04118359764834,1153.1777833447886,860.3192772090015,True,True
24140,Male,35-39,3720.0,3757,-37.0,373.0,490.7057334008846,True,True
11700,Male,55-59,13430.779892401373,13492,-61.22010759862678,805.0,944.7625171044621,True,True
24140,Male,40-44,3342.0,3292,50.0,383.0,512.2565393262443,True,True
24660,Female,40-44,24696.092116745196,24334,362.0921167451961,1135.0,1157.3878232860745,True,True
14260,Female,65-69,21634.556648897706,22376,-741.4433511022944,1019.6724964418722,1059.437079940941,True,True
14260,Male,65-69,20150.926279391224,19802,348.92627939122394,995.1502399135519,968.7942013362862,True,True
14260,Female,50-54,23693.498532919795,23961,-267.50146708020475,116.0,311.6316137485815,False,True
17660,Female,30-34,6087.994928487216,6047,40.994928487216384,92.0,159.46844673947035,True,True
17660,Female,18-24,6275.427559638359,6158,117.42755963835862,502.1065623948765,138.18893959725028,True,True
14260,Male,50-54,24689.403843272084,25032,-342.5961567279155,98.0,364.23542648906505,False,True
46300,Male,55-59,3219.3444255696986,3197,22.344425569698615,380.0,337.09813588028044,True,True
30780,Female,65-69,22065.0,21679,386.0,1108.365463193436,945.1686020936953,True,True
30780,Female,50-54,23327.0,23186,141.0,237.0,408.4487299359003,True,True
36980,Female,65-69,3380.551617879636,3410,-29.44838212036393,386.7428085950662,362.93343171946157,True,True
30460,Female,65-69,15135.87701990415,15079,56.877019904150075,757.5994984158847,662.7525568649431,True,True
30460,Male,60-64,15145.411617371268,15035,110.41161737126822,867.5770859122548,765.7108291425014,True,True
21060,Male,55-59,3740.1300559469955,4129,-388.8699440530045,362.0,368.88401982945334,False,True
36980,Female,50-54,3337.0435325933895,3484,-146.9564674066105,138.0,133.98187405752137,False,True
30460,Female,50-54,15261.392396357196,15502,-240.60760364280395,181.0,276.0764193466031,False,True
40980,Female,25-29,5896.0,5882,14.0,73.0,121.65773192649945,True,True
12980,Male,55-59,4378.062677929272,3950,428.06267792927156,331.0,359.06805534775367,False,True
27100,Female,25-29,4683.0,4579,104.0,49.0,169.90031131151585,False,True
24660,Male,25-29,23981.184772197197,24478,-496.81522780280284,167.0,279.12008653538174,False,False
38240,Male,55-59,3235.409263633923,3166,69.40926363392282,368.0,342.8674786531347,True,True
15500,Male,18-24,8409.0,8624,-215.0,478.8204256294838,332.5344206262714,True,True
15500,Male,30-34,5704.0,5717,-13.0,138.0,125.90753058296394,True,True
24780,Female,18-24,17587.0,17573,14.0,1156.6909699656171,401.76712990549635,True,True
25940,Female,50-54,6698.498809909584,6359,339.49880990958445,210.0,256.2981624754386,False,False
16700,Male,45-49,24442.0,24440,2.0,199.0,520.3451196525725,True,True
22500,Female,60-64,7167.518919885106,6587,580.5189198851058,585.8131101298434,500.0535522859262,True,True
16700,Female,25-29,29782.0,29814,-32.0,107.0,363.6510535355288,True,True
16700,Male,40-44,27849.0,26963,886.0,1220.0,1248.1594546376077,True,True
25940,Female,65-69,9806.809089733175,9490,316.8090897331749,784.0408152641035,733.9790420210943,True,True
16700,Male,35-39,31320.0,31778,-458.0,1213.0,1287.3067818506786,True,True
43620,Female,25-29,10126.48036847823,10271,-144.51963152177086,135.0,424.64358688723155,False,True
22020,Female,45-49,6068.37293253266,6053,15.372932532660343,150.0,216.46486072972849,True,True
22020,Female,40-44,7933.106731730282,8236,-302.89326826971774,527.0,779.5466701677183,True,True
22020,Female,35-39,9127.94764111435,9133,-5.052358885650392,576.0,1024.6506655576834,True,True
25740,Male,25-29,2934.5755674446536,2732,202.57556744465364,180.0,112.70835511184148,False,True
25740,Female,25-29,2673.8748238528115,2406,267.87482385281146,119.0,101.81086031425667,False,False
13740,Female,50-54,4989.010897192151,5227,-237.98910280784912,46.0,256.9170800859823,False,True
14580,Female,55-59,2668.0,2766,-98.0,303.0,442.85725059690515,True,True
13740,Female,65-69,6253.6739730705,6035,218.67397307050032,538.0037174592755,493.41147701211304,True,True
13460,Female,45-49,8215.0,7993,222.0,186.0,335.6618368350802,False,True
41420,Male,25-29,15518.16305003991,15646,-127.83694996009035,200.0,485.7238861708342,True,True
10540,Male,25-29,4573.327478718039,4469,104.32747871803895,102.0,165.9451511770934,False,True
18700,Female,40-44,2891.3703070450747,2879,12.370307045074696,260.0,356.85119897835557,True,True
24420,Female,30-34,2295.2244706985825,2363,-67.77552930141746,95.0,64.3135112138548,True,True
12700,Male,40-44,5657.143789958842,5219,438.1437899588418,389.0,485.48497649420955,False,True
11260,Female,25-29,14445.825066545993,14194,251.82506654599274,60.0,559.1329096380238,False,True
21820,Male,65-69,2483.876381322886,2050,433.8763813228861,343.6000582072128,295.01873985936334,False,True
21820,Male,50-54,3064.58353685734,2752,312.5835368573398,202.0,240.03085427990828,False,True
13460,Female,40-44,8556.0,9028,-472.0,688.0,730.7011489897905,True,True
18700,Female,45-49,2444.7614827792877,2436,8.76148277928769,67.0,159.45953695184636,True,True
18700,Female,35-39,2578.3499896068906,2280,298.34998960689063,263.0,309.98925222855644,False,True
13460,Female,35-39,9032.0,8640,392.0,674.0,701.6483274974722,True,True
24420,Female,18-24,2511.062065189702,2475,36.062065189702025,291.25590122776913,109.59242715700687,True,True
12700,Male,45-49,5157.500130391407,4833,324.50013039140686,167.0,326.9045416204682,False,True
12700,Male,35-39,5808.269965107057,5568,240.26996510705703,460.0,553.8267951332309,True,True
39660,Female,50-54,4349.633940187679,4225,124.6339401876794,182.0,193.8257377212874,True,True
39660,Male,55-59,4214.583333360736,4797,-582.4166666392639,435.0,564.0888302612979,False,True
39660,Female,65-69,5088.832213664469,5163,-74.16778633553076,492.90972804358404,425.2469390126802,True,True
49420,Male,18-24,12655.0,12718,-63.0,608.668218325879,272.0471437981844,True,True
34580,Male,65-69,4247.0,4268,-21.0,334.79097956784915,293.8063945866393,True,True
44060,Male,60-64,20309.694917702873,20180,129.69491770287277,956.7742680486343,830.954924653357,True,True
42660,Female,60-64,119855.0,119638,217.0,2388.0002093802254,2235.991596531894,True,True
34580,Female,25-29,3921.0,3892,29.0,45.0,79.19953251124656,True,True
28420,Male,25-29,10488.977645119725,10729,-240.0223548802751,187.0,481.9937282112224,False,True
14740,Male,25-29,11005.0,10824,181.0,0.0,401.8548477046781,False,True
48300,Male,50-54,3483.0,3495,-12.0,48.0,66.16602259657142,True,True
49420,Male,30-34,8856.0,8666,190.0,60.0,261.66128265135063,False,True
48300,Male,65-69,4320.0,4327,-7.0,433.47087560757757,345.418469394371,True,True
13380,Female,55-59,6865.0,6663,202.0,532.0,641.2693395709404,True,True
34580,Male,50-54,3710.0,3673,37.0,47.0,74.09259691426668,True,True
14740,Female,25-29,8636.0,8706,-70.0,56.0,247.0853521154178,False,True
13220,Male,25-29,3365.0,3316,49.0,132.0,212.22317073366423,True,True
34060,Male,55-59,4266.718566069844,4242,24.7185660698442,364.0,367.40574028760705,True,True
16620,Male,25-29,6232.114725778904,6095,137.11472577890436,101.0,192.15709995791406,False,True
34060,Female,60-64,4050.3629366089845,4083,-32.637063391015545,453.27695727888045,343.87443595504783,True,True
13220,Female,55-59,3329.0,3582,-253.0,425.0,454.01672190845574,True,True
16940,Female,18-24,4294.0,4103,191.0,341.48206395065614,227.27745295673304,True,True
16940,Female,30-34,3536.0,3565,-29.0,117.0,131.2174956751195,True,True
33500,Male,25-29,2737.680660261876,3432,-694.3193397381242,164.0,270.29521625207184,False,False
38860,Male,60-64,21655.0,21293,362.0,1074.2262331557538,1043.24189362355,True,True
12620,Male,30-34,5305.650226335524,5274,31.650226335524167,120.0,299.3040943874605,True,True
12620,Male,18-24,8498.850644836908,8474,24.85064483690803,559.6409563282516,408.46153369240653,True,True
41740,Male,18-24,176129.0,173412,2717.0,2451.5278909284307,1804.5206879244972,False,True
41740,Female,50-54,98365.0,98629,-264.0,0.0,603.9605794793233,False,True
40140,Female,60-64,134980.0,135207,-227.0,2781.809842530578,2274.832458536507,True,True
41940,Female,65-69,47630.21892701259,47927,-296.7810729874109,1377.4414688109255,1427.7235288435922,True,True
40900,Female,25-29,79195.0,79181,14.0,159.0,642.9620914622417,True,True
41940,Female,50-54,64116.307658365826,64250,-133.69234163417423,20.0,395.1281572931877,False,True
41940,Male,55-59,63636.83125801843,64179,-542.1687419815717,1466.0,1647.0992534722268,True,True
42100,Female,60-64,8447.0,8575,-128.0,603.2918033588721,664.1317492015422,True,True
32900,Male,35-39,10508.0,10528,-20.0,579.0,759.4893028682169,True,True
41740,Female,65-69,85867.0,86145,-278.0,2017.1973131054879,1565.95787744235,True,True
41740,Male,30-34,139677.0,139943,-266.0,0.0,927.0804654465005,False,True
46700,Male,60-64,14226.0,13924,302.0,820.4882692641011,798.6890898027843,True,True
49700,Male,50-54,5058.0,5033,25.0,149.0,162.16187728239336,True,True
49700,Female,45-49,4910.0,4921,-11.0,97.0,118.58898442203643,True,True
47300,Male,25-29,16737.0,16755,-18.0,31.0,337.9598353484479,True,True
42200,Male,45-49,11791.0,11735,56.0,92.0,301.07702097428495,True,True
25260,Female,30-34,5195.0,5177,18.0,38.0,91.04818661703263,True,True
39820,Female,25-29,5255.0,5244,11.0,29.0,108.46589137258773,True,True
23420,Male,65-69,24897.0,24637,260.0,1194.2633712879249,973.1735052452107,True,True
42200,Male,40-44,13912.0,14061,-149.0,531.0,812.6854419346394,True,True
39820,Male,60-64,6503.0,6580,-77.0,565.0884886458049,549.6216780170248,True,True
47300,Female,18-24,23851.0,23834,17.0,1077.9248582345617,216.89716440343335,True,True
20940,Female,30-34,5906.0,5961,-55.0,101.0,102.84671030835163,True,True
25540,Female,45-49,33862.841506483805,33854,8.841506483804551,183.0,438.14251610291353,True,True
25540,Female,40-44,36709.68784511882,36150,559.6878451188168,1170.0,1361.6636248344346,True,True
25540,Female,35-39,37901.536254317965,38077,-175.46374568203464,1177.0,1374.349323569733,True,True
36740,Female,18-24,127597.0,127794,-197.0,2458.032139741057,1040.496049656725,True,True
23540,Male,25-29,12545.187520906838,12736,-190.81247909316153,150.0,256.3550886341265,False,True
35840,Male,65-69,34736.0,34852,-116.0,1394.3227746831076,1269.4962305925726,True,True
36740,Female,30-34,105276.0,105197,79.0,104.0,755.4733914333119,True,True
35840,Male,50-54,25599.0,25544,55.0,46.0,300.705820021828,False,True
27260,Female,50-54,54059.738385359815,54217,-157.26161464018514,214.0,666.1239143339318,True,True
38940,Male,45-49,14284.0,14170,114.0,173.0,263.53084830812503,True,True
36740,Male,55-59,84300.0,83579,721.0,2221.0,2145.4986520142584,True,True
33100,Male,30-34,214584.78702369516,215072,-487.2129763048433,107.0,1031.8943040312627,False,True
27260,Male,50-54,52028.02391170124,52008,20.02391170123883,225.0,561.9102470924806,True,True
29460,Female,35-39,26511.0,26115,396.0,1107.0,1359.9487207267227,True,True
15980,Female,65-69,33800.0,34175,-375.0,1352.7575540354599,1216.1506805742658,True,True
33100,Male,18-24,246265.4088582484,247357,-1091.591141751589,3274.3136685418517,1338.346785599719,True,True
27260,Male,65-69,44156.85734333426,44598,-441.1426566657392,1531.9386410688908,1383.319168029402,True,True
27260,Female,65-69,50093.73284550153,50606,-512.2671544984696,1625.1390709720815,1340.2685796979138,True,True
35840,Female,30-34,21087.0,21237,-150.0,57.0,445.6379082071565,False,True
26140,Male,55-59,5675.0,5541,134.0,565.0,481.60124782723517,True,True
26140,Female,55-59,5833.0,6096,-263.0,509.0,542.4299886517614,True,True
15980,Male,25-29,21419.0,21511,-92.0,34.0,405.9288742224431,False,True
34940,Male,45-49,9666.0,9696,-30.0,46.0,249.21044214428497,True,True
37860,Female,60-64,18236.0,18412,-176.0,1067.0168695948532,851.6358985138543,True,True
35840,Female,18-24,25959.0,26107,-148.0,1130.506965922811,493.73928948636444,True,True
29460,Female,40-44,24720.0,24908,-188.0,1104.0,1415.3141594209746,True,True
29460,Female,45-49,23547.0,23428,119.0,56.0,248.07559928376673,False,True
37460,Male,30-34,7687.504283139397,7825,-137.49571686060335,167.0,192.71142161385208,True,True
37340,Female,30-34,17920.0,18348,-428.0,27.0,433.9985764291169,False,True
18880,Female,25-29,9637.359679340243,9427,210.35967934024302,160.0,291.45624975720284,False,True
37460,Male,18-24,8375.022820328155,8201,174.02282032815492,572.3233351873747,220.58057446121043,True,True
38940,Male,35-39,14263.0,14004,259.0,975.0,1116.081524443891,True,True
15980,Female,50-54,24436.0,24699,-263.0,2.0,289.17092805769744,False,True
29420,Male,18-24,6565.0,6684,-119.0,465.2934557889247,281.27215184985874,True,True
29420,Male,30-34,6167.0,6260,-93.0,148.0,269.0394859751074,True,True
46060,Female,40-44,29295.746812896006,29169,126.7468128960063,1033.0,1471.9756505519497,True,True
46060,Female,35-39,31218.73040026464,31297,-78.2695997353585,1051.0,1351.6696821155965,True,True
46060,Female,45-49,28068.18254917428,28526,-457.8174508257216,109.0,392.5506919726399,False,False
49740,Female,35-39,5447.417981507513,5492,-44.582018492486895,421.0,536.8299945332378,True,True
43420,Female,35-39,3798.6027976550276,3500,298.60279765502764,395.0,300.05687774106644,True,True
43420,Female,40-44,3367.050145565413,3432,-64.949854434587,391.0,298.5601195345724,True,True
43420,Female,45-49,3214.7546586361377,3059,155.75465863613772,81.0,109.86196981112461,False,False
49740,Female,45-49,4857.459727680033,4993,-135.5402723199668,94.0,162.09811856708592,False,True
39150,Female,30-34,5546.0,5532,14.0,83.0,144.19905236339108,True,True
49740,Female,40-44,6370.253711019735,5906,464.2537110197354,431.0,584.4467198154455,False,True
27980,Male,65-69,5229.979904137502,5193,36.97990413750176,457.5904282215702,429.33277725956873,True,True
46520,Male,30-34,37845.0,37710,135.0,0.0,596.2994533055519,False,True
46520,Male,18-24,48890.0,49132,-242.0,1177.9681659535627,772.9035607241049,True,True
27980,Male,50-54,5492.194541008783,5475,17.194541008782835,53.0,114.16707198466966,True,True
40420,Male,50-54,10721.0,10659,62.0,58.0,145.93523651349594,False,True
44100,Male,65-69,6140.476519531895,5944,196.47651953189506,505.81913763715977,455.7741893900516,True,True
44100,Male,50-54,6354.328007405744,6303,51.32800740574385,75.0,165.25662659626354,True,True
19340,Female,18-24,15858.085150329312,15444,414.08515032931246,638.8286155143647,379.6678457307355,True,True
41180,Female,55-59,92692.29632968163,94508,-1815.7036703183694,1716.0,2424.969305680769,False,True
37140,Male,30-34,3115.1976624236604,2993,122.1976624236604,139.0,120.20330915512966,True,True
37140,Female,30-34,3100.3861451375856,3216,-115.61385486241443,100.0,94.82271720350302,False,True
19500,Female,18-24,4188.195905436804,4338,-149.80409456319558,418.9343624006033,220.89365627892346,True,True
37900,Female,55-59,10876.241915446837,10628,248.24191544683708,603.0,669.2466216746284,True,True
19500,Male,60-64,3170.467665808791,3155,15.467665808791025,352.15053599277684,343.37148434264776,True,True
19340,Female,30-34,11355.744883506553,12021,-665.2551164934466,117.0,213.68844828980394,False,False
40420,Female,50-54,10821.0,10697,124.0,58.0,228.33702170804455,False,True
14010,Female,25-29,5566.0,5582,-16.0,20.0,22.918103161038438,True,True
16580,Male,65-69,5410.920196479079,5356,54.920196479079095,498.53485334528017,494.50270165175107,True,True
16580,Male,50-54,5744.449747154183,5847,-102.55025284581734,46.0,179.9410052625978,False,True
35380,Female,50-54,29674.0,29628,46.0,149.0,332.75772218500055,True,True
10780,Female,18-24,6117.616333408404,5855,262.616333408404,517.4978260823904,203.54436271471852,True,True
35380,Female,65-69,29701.0,30286,-585.0,1028.3078332872894,1080.8492497603447,True,True
10780,Female,30-34,5038.32578976269,4927,111.32578976268996,129.0,122.54667655507635,True,True
33740,Male,60-64,6646.061348824027,6630,16.061348824026936,610.0,529.4345313703571,True,True
35380,Male,18-24,38554.0,38943,-389.0,1279.8558512582579,719.0966554660786,True,True
29180,Female,45-49,12078.322240434636,12379,-300.6777595653639,164.0,370.66535422992393,False,True
43340,Female,55-59,11943.23739480639,11791,152.2373948063905,767.0,808.0336446177087,True,True
35380,Male,30-34,34223.0,34266,-43.0,215.0,448.65275351879876,True,True
29180,Female,40-44,12695.464485794319,12674,21.464485794318534,799.0,851.7343944808814,True,True
43640,Male,30-34,7648.0,7598,50.0,75.0,269.5788137029689,True,True
19780,Female,18-24,30834.44109154172,30493,341.4410915417211,947.0575484098102,609.8765292024508,True,True
19780,Female,30-34,25987.50656228209,26191,-203.49343771790882,194.0,507.1983941882194,False,True
36540,Female,18-24,42484.153027234875,42138,346.1530272348755,1036.2808499629818,605.756843401422,True,True
47940,Male,25-29,5275.987988130746,5375,-99.01201186925391,90.0,302.74477490450283,False,True
43580,Male,50-54,4368.212017510063,4080,288.21201751006265,254.0,287.03077699666255,False,True
43580,Female,18-24,6476.804340546665,6713,-236.19565945333488,482.76391745862696,184.3260336958997,True,True
47940,Female,65-69,4962.226110420853,4796,166.22611042085282,312.50759990758627,408.4659145623079,True,True
20220,Female,50-54,2889.4661646729924,2767,122.46616467299236,108.0,141.36838758703223,False,True
19780,Male,65-69,16423.955405819983,16032,391.95540581998284,822.0024330864234,777.6755589381614,True,True
13820,Male,65-69,32236.037077135876,32151,85.03707713587573,1375.8204824758207,1079.2073015761084,True,True
46220,Female,25-29,9327.090746463618,9161,166.09074646361842,198.0,286.76857388450327,True,True
13820,Male,50-54,35830.24683717434,36405,-574.753162825662,245.0,418.2338824890105,False,False
33660,Male,25-29,13471.0,13498,-27.0,95.0,313.38480487652873,True,True
33860,Female,25-29,13280.327163678963,13047,233.3271636789632,123.0,271.86075189959854,False,True
20020,Male,60-64,5133.0,5114,19.0,362.3147802671042,386.943374484562,True,True
33860,Male,25-29,12323.053915798988,12414,-90.94608420101213,207.0,404.66451012444566,True,True
26620,Male,25-29,18291.13432165657,18470,-178.86567834343077,93.0,420.5791868380388,False,True
11500,Female,25-29,3649.0,3603,46.0,90.0,152.1042469574732,True,True
11500,Male,45-49,3520.0,3503,17.0,194.0,250.90052088925603,True,True
29700,Male,50-54,7416.0,7388,28.0,73.0,126.47686027491353,True,True
11100,Male,30-34,10086.336615083776,9793,293.33661508377554,236.0,299.5485633408174,False,True
28660,Male,35-39,17389.22207537469,17738,-348.7779246253085,840.0,916.2274596074889,True,True
41700,Male,45-49,81391.14269011408,82029,-637.8573098859197,362.0,677.2763982535511,False,True
48660,Male,65-69,3890.827517772345,4055,-164.1724822276551,384.0117185711915,328.7495693593151,True,True
41700,Male,40-44,92550.25947841376,92871,-320.7405215862382,2358.0,2727.7160966687075,True,True
26420,Male,55-59,206909.20124892308,207346,-436.79875107691623,3116.0,3479.478071611819,True,True
28660,Male,45-49,13359.293539400389,13209,150.2935394003889,169.0,288.12659557018003,True,True
47020,Female,18-24,4273.33756959804,4264,9.337569598040318,333.84876815708037,170.48201399105739,True,True
41700,Male,35-39,99397.69457653162,99615,-217.30542346838047,2293.0,2879.90823359224,True,True
31180,Female,25-29,12908.61278725705,12830,78.61278725705051,99.0,114.9277136065033,True,True
13140,Female,55-59,11248.0,11394,-146.0,640.0,708.4276105538237,True,True
47020,Female,30-34,3149.0654316551054,3408,-258.9345683448946,169.0,216.276108351448,False,True
21340,Female,25-29,32361.34829383478,32295,66.34829383478063,132.0,344.72818294781484,True,True
32580,Female,40-44,26956.0,26991,-35.0,947.0,1128.7808525938506,True,True
18580,Female,60-64,13573.23637501939,14095,-521.7636249806092,902.6499875366974,851.3496776584014,True,True
12420,Male,60-64,59419.4678038269,59294,125.46780382689758,2164.731161137567,1910.345428649986,True,True
28660,Male,40-44,16245.786754419667,16313,-67.21324558033302,836.0,849.960406568285,True,True
32580,Female,45-49,27293.0,27290,3.0,88.0,276.53888481323924,True,True
45500,Male,65-69,3995.647695036611,3780,215.6476950366109,403.88612256426933,274.160774448459,True,True
48660,Male,50-54,4051.205680081608,3999,52.20568008160808,82.0,222.6185269880786,True,True
18580,Male,60-64,11978.778080325093,12415,-436.22191967490653,855.6266709260528,821.666837014996,True,True
11100,Male,18-24,13277.476826125525,12983,294.4768261255249,671.9129407892067,497.53039646388356,True,True
17780,Female,25-29,9956.520285736671,9934,22.520285736671212,221.0,256.4611922283874,True,True
29700,Male,65-69,4402.0,4368,34.0,418.3359893673983,409.34511986678183,True,True
32580,Female,35-39,27772.0,27618,154.0,957.0,1128.948291497445,True,True
45500,Male,50-54,4552.7165455327395,4563,-10.283454467260526,125.0,256.0222726746612,True,True
47380,Female,30-34,9630.97429484196,9692,-61.02570515803927,168.0,134.55493440503386,True,True
47380,Female,18-24,20287.60049338222,20262,25.6004933822187,1198.0175290871166,817.9296141203882,True,True
39340,Female,18-24,59398.49290685254,59507,-108.507093147462,1339.269950383417,630.4559352200033,True,True
39340,Female,30-34,23635.192755806936,23656,-20.807244193063525,74.0,298.1532177334242,True,True
30860,Male,55-59,3412.536283876562,2762,650.5362838765618,229.0,295.80482557055956,False,False
36420,Female,35-39,51973.27963281232,50806,1167.2796328123222,1228.0,2217.3998740042052,True,True
21420,Female,18-24,2493.364046674917,2548,-54.63595332508294,296.87539473657966,113.54160069930292,True,True
36420,Female,40-44,49161.92337811865,50381,-1219.0766218813515,1251.0,2120.915200898346,True,True
36420,Female,45-49,42462.1918898017,42722,-259.8081101982971,181.0,783.2687460630402,False,True
30020,Female,25-29,4616.0,4482,134.0,68.0,195.9791584231599,False,True
21420,Male,50-54,1628.7375377619821,1515,113.73753776198214,80.0,133.3982046446615,False,True
30020,Male,50-54,3339.0,3267,72.0,61.0,161.92767040410357,False,True
21420,Female,30-34,1986.524856835099,2135,-148.47514316490106,132.0,121.22436584582645,False,True
21420,Male,65-69,1631.8559284677283,1682,-50.14407153227171,271.97426348829407,201.65280699184734,True,True
30020,Male,65-69,2795.0,2956,-161.0,333.11409456821247,352.2219284041668,True,True
37980,Female,55-59,213598.90857976954,212866,732.9085797695443,2837.0,3490.4066952844646,True,True
38300,Male,55-59,81435.07155010547,80526,909.0715501054656,1314.0,1924.948975882767,True,True
10900,Male,55-59,28208.0,28752,-544.0,948.0,1297.6235577301493,True,True
16540,Male,40-44,4441.102511738796,4631,-189.89748826120376,435.0,538.2890161769161,True,True
42540,Male,55-59,19087.90174122813,19551,-463.09825877187177,743.0,1180.936042953321,True,True
10900,Female,60-64,31809.0,30579,1230.0,1094.278300981976,1360.1163012468824,False,True
16540,Male,45-49,4463.086399445468,4788,-324.9136005545324,210.0,254.40149093521117,False,True
25420,Female,25-29,18578.0,18906,-328.0,44.0,366.40671803850705,False,True
27780,Female,60-64,5113.0,5230,-117.0,420.34509631967876,384.52574338560225,True,True
11020,Female,60-64,4574.774702018719,4654,-79.22529798128107,404.50463532572775,333.0203599332674,True,True
39740,Female,25-29,12686.0,12647,39.0,18.0,284.80100256363215,False,True
21500,Male,25-29,7865.0,8248,-383.0,55.0,277.60782353213676,False,False
42540,Female,25-29,15747.961672593501,16058,-310.03832740649887,78.0,243.8083621221815,False,False
16540,Male,35-39,4425.019007974196,4522,-96.98099202580397,405.0,620.0557324769492,True,True
12060,Male,45-49,201103.94779777568,201028,75.94779777567601,528.0,1054.5369176848965,True,True
12260,Female,55-59,18867.985339369352,19156,-288.014660630648,978.0,1076.0704033341008,True,True
12060,Male,35-39,214804.56210816145,214827,-22.43789183854824,2745.0,4016.9310668615985,True,True
12060,Male,40-44,206595.23514858357,206842,-246.76485141643207,2762.0,4099.134917357301,True,True
23580,Female,25-29,6849.0,6890,-41.0,22.0,288.76193369279133,False,True
19140,Male,30-34,4889.5407230501405,5209,-319.4592769498595,248.0,228.4883139887297,False,True
40660,Female,60-64,3027.5949197665163,2845,182.59491976651634,381.09578848368295,280.4410943322065,True,True
10500,Female,55-59,5127.411513005141,5219,-91.58848699485861,365.0,462.63812301030623,True,True
12020,Male,35-39,6305.252509810662,6465,-159.74749018933835,653.0,625.3418755089991,True,True
12020,Male,40-44,6644.867118571155,6527,117.8671185711546,607.0,610.2136150692904,True,True
15260,Male,60-64,3396.065430449806,3562,-165.93456955019383,473.8744559479863,327.4078667247885,True,True
46660,Female,18-24,10813.34679803958,10953,-139.65320196042012,815.8535407780001,310.6220347804672,True,True
12020,Female,60-64,6633.264033305356,6009,624.264033305356,560.1178447434075,468.05562649187743,False,True
42340,Male,65-69,9570.732649681884,9591,-20.26735031811586,823.2192903473533,643.4149513323013,True,True
47580,Male,65-69,5010.06355404141,4842,168.0635540414096,545.3668490108287,395.5139912749419,True,True
25980,Male,55-59,2109.3776318716746,1901,208.37763187167457,254.0,197.6831807854349,True,True
19140,Male,18-24,6665.416515929086,6975,-309.583484070914,516.0271310696754,169.39999147418237,True,True
38340,Female,40-44,3478.0,3581,-103.0,346.0,421.49397505925276,True,True
12700,Female,35-39,5525.629434540346,5520,5.6294345403457555,482.0,458.3410942677503,True,True
39300,Female,55-59,58553.0,58620,-67.0,1511.0,1966.7649168596636,True,True
12700,Female,45-49,5399.5887853081995,5294,105.58878530819948,192.0,259.25264238841555,True,True
38340,Female,35-39,3894.0,3777,117.0,349.0,448.4360214609772,True,True
38340,Female,45-49,3315.0,3246,69.0,97.0,143.9327999232628,True,True
12700,Male,60-64,10293.616452437846,10774,-480.3835475621545,737.8685519792804,577.2194056489238,True,True
34900,Female,30-34,4150.0,4150,0.0,104.0,101.36190467823698,True,True
42220,Male,65-69,15522.0,15150,372.0,838.8337141531688,660.3098438858079,True,True
23420,Male,50-54,32021.0,31817,204.0,86.0,400.4585175442645,False,True
42200,Male,35-39,13113.0,12991,122.0,547.0,808.7464790201562,True,True
42220,Male,50-54,15317.0,15395,-78.0,57.0,298.8261469211655,False,True
34900,Female,18-24,5478.0,5405,73.0,402.6623896020089,266.9931792761755,True,True
42020,Male,55-59,7949.0,7902,47.0,508.0,532.161822239016,True,True
49700,Female,40-44,5790.0,5823,-33.0,570.0,622.4962347586932,True,True
47300,Female,30-34,16576.0,16642,-66.0,61.0,206.12808357608625,False,True
20940,Female,18-24,8100.0,8060,40.0,601.9950165906691,109.77032122231401,True,True
25260,Female,18-24,6730.0,6753,-23.0,453.2835757006865,198.87532954403872,True,True
32900,Male,45-49,7976.0,8069,-93.0,65.0,191.89543715914667,False,True
49700,Female,35-39,6277.0,6371,-94.0,564.0,638.0887995265628,True,True
32900,Male,40-44,9092.0,8877,215.0,579.0,749.006634269684,True,True
49700,Male,65-69,4597.0,4571,26.0,440.6404429917889,375.36470626911637,True,True
35300,Female,60-64,20805.0,20537,268.0,1130.346849422778,949.8477003196356,True,True
35980,Male,25-29,10030.0,10004,26.0,0.0,222.53694731999002,False,True
18880,Male,65-69,9055.507137955532,9209,-153.49286204446798,576.6003815468735,508.6477138888948,True,True
37860,Male,25-29,19466.0,19333,133.0,141.0,591.6643330819004,True,True
37340,Female,18-24,20460.0,20635,-175.0,873.415136117986,491.40613381143305,True,True
37340,Male,25-29,18362.0,18230,132.0,26.0,389.1097896352648,False,True
48680,Female,55-59,4405.0,4848,-443.0,438.0,659.1366385896403,False,True
34940,Male,35-39,9653.0,9776,-123.0,713.0,693.9024552575817,True,True
42680,Male,55-59,5880.0,5756,124.0,554.0,608.4124289729377,True,True
38940,Male,40-44,14974.0,15451,-477.0,1027.0,1105.5698543522703,True,True
34940,Male,40-44,10352.0,10341,11.0,703.0,792.5790271922416,True,True
18880,Male,50-54,8527.087068057428,8303,224.08706805742804,124.0,325.1752511076568,False,True
22380,Male,25-29,5436.0,5479,-43.0,208.0,219.53725280974527,True,True
39150,Female,18-24,6881.0,7014,-133.0,517.1498815623958,254.25868412897918,True,True
37140,Female,18-24,4559.032245230037,3616,943.032245230037,334.85967210161334,151.0905025413601,False,False
37140,Male,18-24,4655.707559141357,3856,799.7075591413568,421.8186814260364,134.43788925084576,False,False
40420,Male,65-69,9902.0,9830,72.0,720.6344426961565,504.3687766889918,True,True
19500,Female,30-34,3185.260188743304,3290,-104.73981125669616,101.0,126.06620541661844,False,True
40420,Female,65-69,9917.0,10549,-632.0,718.092612411519,619.1877021025208,True,True
16020,Male,25-29,3020.1376582192033,3085,-64.86234178079667,150.0,134.64078048788616,True,True
43640,Male,18-24,10788.0,10761,27.0,724.2879261730103,328.0884352826994,True,True
43640,Female,25-29,7249.0,7211,38.0,87.0,220.75170647415163,True,True
29180,Female,35-39,16351.539126097792,15865,486.5391260977922,778.0,851.1182628628338,True,True
19780,Male,50-54,22446.69360791237,22390,56.69360791236977,185.0,511.7709882076349,True,True
20220,Female,65-69,3067.9856108101158,2964,103.98561081011576,283.59301824974466,270.0731708148322,True,True
47940,Female,50-54,4365.409967180956,4293,72.4099671809563,105.0,207.0338248436057,True,True
36540,Male,55-59,26474.046593323437,27939,-1464.9534066765627,874.0,1108.1595001317357,False,False
43580,Male,65-69,4170.115163902011,4114,56.11516390201086,329.75748664738455,345.263862465844,True,True
36540,Female,30-34,33896.50151265826,34283,-386.49848734174157,180.0,389.5667092960171,False,True
43580,Female,30-34,4565.6784960761825,4521,44.678496076182455,145.0,217.0975089688771,True,True
11500,Male,40-44,3751.0,3842,-91.0,447.0,613.3202213556553,True,True
11500,Male,35-39,3369.0,3337,32.0,381.0,501.7620785479409,True,True
43300,Female,25-29,4093.72324490679,4373,-279.2767550932099,86.0,108.7860587808934,False,False
45500,Female,60-64,5096.291760300747,4650,446.2917603007472,497.64646085348585,328.39999860624135,True,True
36220,Female,60-64,3385.0,3310,75.0,487.86166071951175,433.1738241572314,True,True
36220,Male,60-64,4212.0,4129,83.0,644.2887551401158,518.0102126864875,True,True
10580,Male,35-39,29324.779596484925,29355,-30.220403515075304,1102.0,1245.0032878148756,True,True
10580,Male,40-44,28544.61279629633,28258,286.6127962963292,1111.0,1224.9557697583957,True,True
10580,Male,45-49,25166.292462609203,25586,-419.70753739079737,87.0,470.8743381425465,False,True
46660,Female,30-34,5091.114990648332,5206,-114.88500935166758,234.0,198.41832902912063,True,True
42340,Male,50-54,11237.457051156862,11887,-649.5429488431382,135.0,220.24897360733627,False,False
25980,Female,55-59,2321.6287509139474,2237,84.62875091394744,256.0,277.8436223391132,True,True
12020,Male,45-49,5263.033208636445,5588,-324.9667913635549,219.0,234.5819824523973,False,False
47580,Male,50-54,5425.220459803789,5428,-2.779540196211201,225.0,227.93703737968264,True,True
23060,Male,65-69,11444.7182768268,11571,-126.28172317320059,605.6145638935708,596.6644805239922,True,True
26900,Male,60-64,61574.42974632204,61745,-170.57025367795723,2090.5563852716336,1991.0323383837654,True,True
29200,Male,30-34,7565.288075426645,7492,73.28807542664526,72.0,102.68667080092793,False,True
33140,Male,25-29,4211.0,4125,86.0,17.0,295.93476848158616,False,True
43780,Female,65-69,10902.815513861577,10541,361.8155138615766,628.9904609769532,593.8641093743219,True,True
23060,Male,50-54,13384.511208306529,13406,-21.488791693471285,35.0,328.7708339329563,True,True
14020,Female,60-64,4268.552651504173,4483,-214.4473484958271,439.84088031923545,500.39956838762333,True,True
14020,Male,25-29,6251.128730648239,6212,39.12873064823907,41.0,68.65411007269165,True,True
21780,Female,35-39,8950.075615006393,9038,-87.92438499360651,572.0,617.7182091013582,True,True
43780,Female,50-54,9914.40706351404,9756,158.4070635140397,62.0,243.0463404675616,False,True
34620,Female,60-64,3583.0,3691,-108.0,345.4070062983668,390.5962351297053,True,True
21140,Female,60-64,5989.0,5771,218.0,495.025251881154,507.00090235866446,True,True
48620,Female,35-39,19981.8125944818,21022,-1040.1874055182016,884.0,1106.536997937338,False,True
28140,Male,65-69,55387.637973301724,56017,-629.3620266982762,1672.1868914687736,1543.7356631972632,True,True
28140,Male,50-54,67114.03249226928,68052,-937.9675077307184,352.0,825.3842464835856,False,False
48620,Female,45-49,18265.573141664732,18041,224.57314166473225,141.0,478.73685092311797,False,True
48620,Female,40-44,22144.63246429524,20903,1241.6324642952386,920.0,1148.4494349992017,False,True
24540,Female,30-34,13863.0,13983,-120.0,150.0,251.54384522136496,True,True
22660,Female,55-59,10558.0,10584,-26.0,528.0,703.2769404144785,True,True
24540,Female,18-24,15638.0,15410,228.0,707.2602067132011,486.5901936267828,True,True
39380,Male,18-24,7059.843827181378,7314,-254.1561728186216,401.9975124301144,276.178141366527,True,True
24300,Male,55-59,4168.839324532442,4046,122.83932453244233,369.0,433.19992325985487,True,True
39380,Male,30-34,5791.597134350576,5793,-1.402865649423802,200.0,208.44871088748468,True,True
28940,Male,50-54,29395.282917973323,29960,-564.7170820266765,253.0,387.2817623058824,False,False
34100,Male,35-39,3328.3106338645202,3322,6.310633864520241,434.0,419.97481900351505,True,True
28940,Male,65-69,25480.357774824923,25885,-404.64222517507733,1122.8998174369788,784.6280633956662,True,True
32820,Male,30-34,45331.48504778354,45471,-139.51495221645746,297.0,426.31334583308825,True,True
32820,Male,18-24,57917.114636419996,58133,-215.8853635800042,1412.8941927830265,645.6600171333147,True,True
27740,Female,25-29,6787.028865681756,6621,166.02886568175563,210.0,297.58747734313255,True,True
27740,Male,65-69,6142.818975018027,6206,-63.18102498197277,564.8805183399406,460.8942755489208,True,True
27180,Male,40-44,5089.754148363225,4834,255.75414836322489,427.0,438.6324404395988,True,True
17420,Male,25-29,3981.0,3997,-16.0,106.0,126.69597348574264,True,True
34100,Male,45-49,3728.0121022165504,3658,70.01210221655037,237.0,248.08505307944552,True,True
35620,Male,25-29,681222.6006290683,682920,-1697.399370931671,333.0,2220.2328404866676,False,True
40380,Male,25-29,33611.41031014876,33454,157.41031014876353,257.0,535.223894624176,True,True
46540,Female,25-29,8056.733429965787,8025,31.733429965786854,38.0,185.23475930157446,True,True
27060,Male,55-59,2531.0,2635,-104.0,252.0,328.52569247891404,True,True
27060,Female,55-59,2441.0,2502,-61.0,270.0,310.9968105182109,True,True
12580,Male,40-44,91602.6003216557,91110,492.6003216557001,1928.0,2513.979647845435,True,True
12580,Male,45-49,80235.27587842647,80684,-448.72412157352665,142.0,977.9364872020122,False,True
12580,Male,35-39,98480.70347524897,98422,58.70347524897079,1894.0,2651.32106237974,True,True
47900,Male,25-29,213769.74563433736,213308,461.7456343373633,375.0,1040.6965486698534,False,True
30500,Female,60-64,6906.0,7212,-306.0,557.602905300896,505.70588287684575,True,True
45780,Female,18-24,30685.422329934954,31398,-712.5776700650458,1144.1791817718063,682.8236186305265,True,True
18140,Female,60-64,66308.01103040576,66235,73.01103040575981,1897.2256059836427,1756.92088130418,True,True
48540,Female,55-59,4533.59313097599,4570,-36.40686902401012,355.0,300.46285592738525,True,True
15940,Male,60-64,13394.0,13433,-39.0,716.2492582893193,773.6178084719871,True,True
15940,Female,40-44,12312.0,12252,60.0,623.0,806.8144785458737,True,True
19430,Male,50-54,23314.0,23690,-376.0,105.0,506.41065171089167,False,True
19430,Female,45-49,22421.0,22591,-170.0,252.0,498.9237813822368,True,True
19430,Male,65-69,21907.0,22373,-466.0,895.6439024523083,955.7454246987008,True,True
15940,Female,45-49,11684.0,11560,124.0,111.0,288.4199192605289,False,True
45780,Male,18-24,30625.68066029749,31294,-668.3193397025098,1121.2979086754776,668.6737099468488,True,True
19430,Female,40-44,24196.0,24631,-435.0,1107.0,1278.9873413183182,True,True
49660,Male,55-59,13804.0,13577,227.0,606.0,780.283862887411,True,True
15940,Female,35-39,11476.0,11738,-262.0,636.0,797.8183012605377,True,True
18140,Male,25-29,80425.7088778559,80424,1.708877855897299,264.0,588.7135426268079,True,True
49660,Female,35-39,12207.0,11821,386.0,677.0,787.2533303287767,True,True
26580,Female,18-24,15967.383010976584,16449,-481.61698902341595,777.2277658447362,393.0325527376474,True,True
49660,Female,45-49,11857.0,12037,-180.0,167.0,158.53951529902568,False,True
31900,Female,55-59,4080.0,3823,257.0,391.0,419.43064716499913,True,True
45780,Female,30-34,20476.96322715536,20624,-147.03677284463993,138.0,354.83721022898675,False,True
19430,Female,35-39,26762.0,26300,462.0,1145.0,1344.2361862262153,True,True
44220,Male,18-24,5583.0,5545,38.0,360.2124373199793,178.48250000000002,True,True
41780,Male,60-64,4276.534034099146,4630,-353.4659659008539,466.97430336154474,271.2673282132702,True,True
45780,Male,30-34,20412.443203579238,20148,264.4432035792379,140.0,398.65595392866663,False,True
31340,Male,60-64,8884.0,8877,7.0,679.8830781833005,641.1663683114938,True,True
44420,Male,25-29,3476.1143926611685,3874,-397.8856073388315,221.0,182.4413907170152,False,False
16820,Female,25-29,7744.309199590734,7848,-103.69080040926565,253.0,263.68227207188573,True,True
25500,Male,65-69,3760.0,3713,47.0,402.19025348707794,422.056640507231,True,True
13980,Female,55-59,5381.0,5168,213.0,426.0,511.9768835955878,True,True
25500,Male,50-54,3831.0,3785,46.0,184.0,234.90260169110516,True,True
24580,Female,35-39,10591.224698351583,10994,-402.77530164841664,529.0,953.0911734076066,True,True
22540,Female,55-59,3689.6549331398255,3493,196.65493313982552,272.0,362.67799799178357,True,True
11540,Female,55-59,8249.345066860176,8134,115.3450668601763,398.0,564.9107245736351,True,True
39540,Female,25-29,6038.0,5824,214.0,58.0,271.49702150530123,False,True
24580,Female,45-49,8903.417061891647,9331,-427.5829381083531,98.0,459.3119779530527,False,True
31540,Female,25-29,26772.305704024024,25597,1175.3057040240237,85.0,737.6854373023775,False,False
36780,Male,55-59,5588.0,5537,51.0,376.0,487.6666243680205,True,True
24580,Female,40-44,10891.025519943956,9945,946.0255199439562,513.0,975.9464544879618,False,True
39540,Male,35-39,6312.0,6282,30.0,402.0,803.7137357013379,True,True
43780,Male,18-24,17142.127909199284,17127,15.12790919928375,623.668181006535,666.3127379536478,True,True
17140,Male,50-54,68370.25625246314,69555,-1184.7437475368642,288.0,691.0473534902238,False,False
17140,Female,18-24,101274.72043047466,101625,-350.2795695253444,2012.4678879425628,1185.9619099198128,True,True
17140,Male,65-69,59411.12577490324,60489,-1077.8742250967625,1537.1886676657489,1579.7466512385552,True,True
33140,Female,55-59,3741.0,3685,56.0,371.0,497.547647426857,True,True
29200,Male,18-24,27070.009081951015,26810,260.0090819510151,1285.5181834575503,795.1574158094859,True,True
31140,Female,55-59,44655.70437750368,44893,-237.29562249632,1357.0,1316.845554660878,True,True
21780,Female,45-49,7459.099044211376,7537,-77.90095578862383,129.0,112.16441262395064,True,True
21780,Female,40-44,7921.8935214829335,8232,-310.10647851706653,568.0,639.0643631893901,True,True
43780,Male,30-34,10373.674830094255,10451,-77.3251699057455,107.0,307.3848242132844,True,True
17140,Female,30-34,77195.85042040511,77078,117.85042040511325,157.0,886.250696595973,True,True
41140,Female,45-49,3114.629860018184,3240,-125.37013998181601,113.0,119.69390652361596,False,True
41140,Female,35-39,3809.9123021685496,3695,114.91230216854956,343.0,485.0896959680087,True,True
41140,Female,40-44,3424.1609031929816,3530,-105.83909680701845,314.0,479.93731394928267,True,True
27180,Male,45-49,4739.639579629256,4829,-89.36042037074367,153.0,220.57913932558026,True,True
27180,Male,35-39,5602.869631632544,5940,-337.13036836745596,419.0,487.11830161475075,True,True
27740,Male,50-54,6896.48678117482,6970,-73.51321882518005,191.0,290.4674335566584,True,True
34100,Male,40-44,3532.2655091721167,3715,-182.7344908278833,434.0,411.74272936782165,True,True
31700,Female,18-24,17226.545107336853,16882,344.5451073368531,780.0089743073473,598.8598952128474,True,True
31700,Female,30-34,15432.333485832118,14872,560.3334858321177,50.0,388.80948077628506,False,False
10740,Female,55-59,29277.511774466093,28932,345.5117744660929,1203.0,1422.1383834214207,True,True
22140,Female,50-54,3440.1028830118985,3321,119.10288301189848,37.0,117.57061322605938,False,True
22140,Female,65-69,3781.7368742213484,3636,145.73687422134844,397.37262110014575,301.2638527497397,True,True
21300,Male,55-59,2735.7536069555795,2808,-72.24639304442053,275.0,221.3970430115576,True,True
28740,Male,60-64,6710.617500791905,7056,-345.3824992080954,590.5387370867385,560.3260151217158,True,True
24020,Female,55-59,4722.0,4741,-19.0,389.0,390.820808835392,True,True
17860,Male,40-44,6259.963926840708,6130,129.96392684070815,531.0,541.1599968103044,True,True
17860,Male,45-49,5453.582578423589,5550,-96.41742157641056,52.0,299.4458841702417,False,True
44180,Male,60-64,14675.922317489742,13899,776.9223174897415,809.8623339802883,943.6015780492537,True,True
17860,Male,35-39,7076.989052279801,7114,-37.0109477201986,522.0,530.1126780571618,True,True
27620,Female,30-34,4774.246989543373,4807,-32.753010456626725,197.0,235.2802468280247,True,True
17860,Female,25-29,7828.02605163899,7874,-45.973948361010116,48.0,204.15909493132338,True,True
27620,Female,18-24,6841.289257372677,6641,200.28925737267673,442.1549502154194,411.4083050771903,True,True
29820,Female,25-29,80755.0,81063,-308.0,0.0,378.96655144451734,False,True
39900,Male,35-39,20072.453512443695,20312,-239.54648755630478,835.0,898.7829197372944,True,True
39900,Female,55-59,17255.454285007498,16844,411.4542850074977,840.0,874.8128484005715,True,True
39900,Male,45-49,16135.400118881145,16179,-43.59988111885468,136.0,254.37401813829533,True,True
39900,Male,40-44,18949.284135448077,18706,243.284135448077,831.0,862.0920117015154,True,True
49660,Female,40-44,12005.0,12157,-152.0,652.0,796.8089470859686,True,True
44220,Male,30-34,4036.0,4024,12.0,67.0,60.31679128775005,True,True
30620,Female,25-29,2842.0,2863,-21.0,3.0,92.57857734108902,False,True
26580,Male,25-29,10912.327003475473,11209,-296.67299652452675,194.0,286.5299764338307,False,True
26580,Female,30-34,10637.490332206615,10821,-183.50966779338523,199.0,192.76542823634765,True,True
13980,Male,60-64,5036.0,4963,73.0,487.98565552688126,460.07594562474134,True,True
28450,Female,25-29,5419.0,5419,0.0,70.0,95.91633747699085,True,True
39540,Male,45-49,5781.0,5739,42.0,57.0,354.717464818833,True,True
39540,Male,40-44,6209.0,6091,118.0,402.0,703.1472597072038,True,True
12100,Female,60-64,16536.0,16145,391.0,902.854362563531,813.1028831596283,True,True
12100,Male,50-54,11330.0,11439,-109.0,123.0,305.04106634394327,True,True
45940,Female,25-29,11573.0,11561,12.0,30.0,232.2682331082966,True,True
12100,Male,65-69,12714.0,12686,28.0,724.4121754912737,689.0353044855539,True,True
19820,Female,45-49,134083.47578621292,134857,-773.524213787081,140.0,835.7413849514553,False,True
40980,Male,40-44,5745.0,5644,101.0,379.0,559.5709964796692,True,True
24340,Male,35-39,40598.14467358228,40518,80.14467358228285,1186.0,1624.4522679446147,True,True
19820,Female,35-39,137799.84705867994,138547,-747.1529413200624,2367.0,3126.2908068633415,True,True
19820,Female,40-44,137048.03449362778,134551,2497.0344936277834,2387.0,3105.3649834934713,False,True
19820,Male,60-64,147997.00683058504,147841,156.00683058504364,2792.2023565637214,3378.6505377858684,True,True
24340,Female,25-29,40140.49225825044,40143,-2.507741749563138,153.0,420.62238170747725,True,True
24340,Male,40-44,37248.736596377676,37232,16.736596377675596,1277.0,1616.566031045233,True,True
40980,Male,35-39,4859.0,5051,-192.0,394.0,576.7868264272338,True,True
13020,Female,35-39,3117.121671101857,2786,331.1216711018569,324.0,272.9219461534848,False,True
29620,Male,50-54,12892.0,13115,-223.0,113.0,308.7111066454364,False,True
24340,Male,45-49,32984.071097457454,33385,-400.928902542546,338.0,697.8185310532192,False,True
34740,Female,25-29,5594.0,5553,41.0,52.0,112.09923681720585,True,True
29620,Male,65-69,12894.0,12831,63.0,691.8590896996295,628.6785623442636,True,True
25060,Female,60-64,14926.989797966358,15760,-833.0102020336417,871.9248820856072,773.6310749834096,True,True
25060,Male,40-44,13410.886417393664,12650,760.8864173936636,730.0,992.1195561884563,False,True
25060,Male,45-49,11916.860863890135,12069,-152.13913610986492,169.0,258.8513523429489,True,True
25060,Male,35-39,12289.131677471134,12842,-552.868322528866,729.0,936.554155051886,True,True
25860,Female,30-34,11071.259840738396,11135,-63.740159261604276,284.0,233.06529641122518,True,True
20500,Female,25-29,23050.8787263188,22721,329.8787263187987,315.0,241.59413851454835,False,True
16740,Female,25-29,96802.02344725431,96317,485.02344725430885,254.0,575.6890816860298,False,True
24660,Female,60-64,25989.41625597729,26311,-321.58374402271147,1291.9400140873415,995.1097859628912,True,True
16740,Male,30-34,99299.07803232467,99088,211.07803232467268,298.0,698.3089771225507,True,True
16740,Male,18-24,118845.85749214697,118977,-131.1425078530301,1940.7034806997178,942.7511214443481,True,True
49180,Female,50-54,23972.691616345295,24127,-154.3083836547048,246.0,340.8922489673503,True,True
49180,Female,65-69,21499.79545913858,21804,-304.20454086142126,905.0270714183084,775.4622662118553,True,True
24140,Male,60-64,4013.0,3784,229.0,490.40799340956914,361.00048780091697,True,True
24780,Female,65-69,4622.0,4513,109.0,485.83227558489773,462.2488051444806,True,True
15500,Male,50-54,5751.0,5672,79.0,156.0,203.94351488218496,True,True
15500,Male,65-69,4881.0,4677,204.0,412.9309869699778,398.2159041603562,True,True
24780,Female,50-54,5078.0,5077,1.0,16.0,27.35848159163809,True,True
15500,Female,55-59,6264.0,6191,73.0,476.0,552.4521330079195,True,True
17660,Female,50-54,5231.2553829891085,5384,-152.7446170108915,56.0,180.2621441206876,False,True
14260,Male,18-24,38101.2830261453,37403,698.2830261452982,1229.5556107797647,615.6611186201907,True,True
14260,Female,18-24,34793.07085632834,34782,11.070856328340597,1245.542853538167,634.0357068703487,True,True
14260,Female,30-34,28366.74695780166,28060,306.74695780166076,196.0,440.39317300289383,False,True
38540,Female,55-59,2309.976196060036,2375,-65.02380393996418,237.0,239.81974081070973,True,True
17660,Female,65-69,5777.253692484852,6108,-330.74630751514815,509.9019513592785,535.3590850237862,True,True
14260,Male,30-34,28689.208906933964,28705,-15.79109306603641,152.0,449.12845653279015,True,True
30780,Female,30-34,27481.0,27521,-40.0,240.0,411.18073966778894,True,True
26300,Male,25-29,2799.8581266930955,2533,266.8581266930955,146.0,126.15211221583067,False,False
30780,Female,18-24,35664.0,36010,-346.0,1273.4578909410393,586.6088221368224,True,True
30460,Male,35-39,17814.124198716847,17810,4.124198716846877,839.0,884.4072078056556,True,True
30460,Female,30-34,17859.347519175608,18113,-253.65248082439211,257.0,272.29813521862786,True,True
36980,Female,30-34,3604.607680800385,3582,22.60768080038497,87.0,205.41601868524404,True,True
36980,Male,55-59,3606.0228818128435,3659,-52.97711818715652,386.0,441.47457638746374,True,True
30460,Male,40-44,16434.537804344105,16202,232.5378043441051,801.0,844.878015841289,True,True
30460,Male,45-49,15569.81734523267,15940,-370.18265476732995,238.0,455.32925268419655,False,True
30460,Female,18-24,31462.298300803137,31196,266.29830080313695,1134.6885035109856,622.1187764757632,True,True
14540,Female,55-59,5603.249302661324,5516,87.24930266132378,396.0,526.5861114490903,True,True
36980,Female,18-24,4506.821710805595,4592,-85.1782891944049,451.70897710804906,217.59166873965142,True,True
40980,Male,45-49,5048.0,5029,19.0,69.0,148.49166343603267,True,True
13020,Female,40-44,3115.724497365891,3322,-206.27550263410922,268.0,285.68714708521463,True,True
13020,Female,45-49,2948.1440108827965,2813,135.14401088279647,92.0,136.97502732051203,False,True
25860,Female,18-24,13754.193806410309,13587,167.19380641030875,738.6812573769555,352.8936214740028,True,True
25940,Female,18-24,8606.429130464872,8251,355.4291304648723,637.6127351300318,399.50531806821266,True,True
25940,Female,30-34,5839.002957861148,5998,-158.9970421388516,289.0,399.98345792042744,True,True
22500,Female,40-44,5671.145423490557,6043,-371.8545765094432,563.0,588.3368137747221,True,True
16700,Male,60-64,26761.0,26563,198.0,1178.5351076654442,1164.3040517155516,True,True
17900,Male,25-29,27878.892542504625,27401,477.89254250462545,218.0,544.5077993112126,False,True
22500,Female,35-39,6694.565244029478,6440,254.56524402947798,541.0,583.0561473168058,True,True
22500,Female,45-49,6509.744260617278,6600,-90.25573938272191,158.0,167.29564459242553,True,True
22020,Female,60-64,6307.674892635855,6270,37.67489263585503,486.2149730314771,590.2454957489786,True,True
41060,Male,55-59,5927.281064862109,6367,-439.7189351378911,338.0,518.0370669084105,False,True
31860,Female,25-29,3084.0,2924,160.0,98.0,245.7893692346152,False,True
40340,Female,25-29,7871.886480047471,7785,86.8864800474712,54.0,374.55462540169344,False,True
13740,Female,30-34,6275.817703267052,6434,-158.1822967329481,121.0,325.5508216868211,False,True
13740,Female,18-24,7793.135439256499,7108,685.135439256499,619.0928847919349,395.7087505442066,False,True
14580,Male,55-59,3044.0,2959,85.0,327.0,430.7097251847815,True,True
18700,Male,25-29,3669.672521281964,3721,-51.32747871803622,107.0,148.21910841766305,True,True
13460,Female,60-64,9745.0,9399,346.0,631.5354305183519,601.7859907319628,True,True
41420,Female,25-29,14037.86456700476,14290,-252.13543299523917,170.0,300.31654217668984,False,True
24420,Female,65-69,4055.9984765445706,3502,553.9984765445706,441.56086783137835,333.95500532200737,False,False
24420,Female,50-54,2599.2169699581036,2609,-9.783030041896382,150.0,104.95838912331533,True,True
21820,Male,18-24,5925.884083840711,7040,-1114.1159161592886,687.8044780313661,953.0313715068417,False,True
21820,Male,30-34,4267.087575901738,4466,-198.9124240982619,146.0,258.8521800437042,False,True
22500,Male,55-59,6450.678265796226,6288,162.6782657962258,390.0,496.8248589603689,True,True
44940,Male,25-29,3727.525797272837,3797,-69.47420272716317,67.0,222.00670932288662,False,True
24500,Male,55-59,2560.88583754148,2221,339.8858375414802,239.0,279.5882782470413,False,True
24500,Female,55-59,2551.31283233935,2419,132.31283233934982,268.0,255.93263601558996,True,True
18700,Female,60-64,3400.086055830917,2890,510.08605583091685,346.69871646719434,281.20792095447035,False,False
12700,Female,40-44,5680.234942528128,5145,535.2349425281282,481.0,518.207994333644,False,True
39660,Female,18-24,6095.284897277755,5267,828.2848972777547,392.74928389495506,294.93149034477176,False,False
39660,Female,30-34,4738.274303883092,4891,-152.72569611690778,185.0,225.22830780290676,True,True
42660,Female,45-49,125437.0,125094,343.0,149.0,970.0705313551948,False,True
42660,Female,35-39,162314.0,161871,443.0,2417.0,2930.6703626348444,True,True
42660,Female,40-44,144560.0,143777,783.0,2418.0,2940.910416725151,True,True
44060,Male,35-39,19776.91373549279,19619,157.9137354927916,794.0,1099.1951184544687,True,True
44060,Male,45-49,17132.867518177194,17093,39.86751817719414,117.0,401.1484893551396,True,True
34580,Male,18-24,5158.0,4797,361.0,316.709646206111,263.78486735880057,False,True
49420,Male,50-54,6688.0,6874,-186.0,115.0,200.34722366431734,False,True
49420,Male,65-69,5660.0,5691,-31.0,524.6503597635286,522.9785904126478,True,True
47460,Male,55-59,1566.9551993481043,1442,124.95519934810432,221.0,198.0704205023058,True,True
48300,Male,30-34,4217.0,4277,-60.0,82.0,157.49919324793382,True,True
44060,Male,40-44,21046.492103361816,21034,12.49210336181568,789.0,1045.1766879588406,True,True
34580,Male,30-34,4301.0,4305,-4.0,53.0,99.11176192813849,True,True
31020,Female,55-59,3317.359554744741,3346,-28.640445255258783,361.0,318.52059085320633,True,True
48300,Male,18-24,5318.0,5269,49.0,335.85413500506434,279.05135335633116,True,True
36500,Female,25-29,9988.0,10108,-120.0,70.0,185.20939503370235,False,True
16620,Female,55-59,6974.206131807206,6749,225.20613180720557,486.0,549.8149880634996,True,True
34060,Female,40-44,4250.513514050647,4328,-77.48648594935275,385.0,415.51183743323475,True,True
34060,Female,35-39,4080.9153921877014,4013,67.9153921877014,375.0,406.3872439543949,True,True
34060,Female,45-49,3783.176612429361,3579,204.17661242936083,116.0,140.38584667426002,False,False
16940,Female,65-69,2928.0,2949,-21.0,377.41356626385334,350.3786284631956,True,True
16940,Female,50-54,2865.0,2777,88.0,84.0,145.12545772106975,False,True
38860,Male,45-49,16617.0,16287,330.0,216.0,459.34780412830975,False,True
38860,Male,35-39,18832.0,18703,129.0,816.0,1147.575215110648,True,True
12620,Male,50-54,4813.722955303387,5033,-219.2770446966133,114.0,228.75303819007777,False,True
12620,Male,65-69,4983.542131017978,5115,-131.45786898202186,461.18326075433396,500.66860913616574,True,True
38860,Male,40-44,17903.0,17701,202.0,806.0,1104.439083320126,True,True
31080,Female,60-64,402490.0,400254,2236.0,4171.434765161743,4146.716362176674,True,True
40140,Male,65-69,105507.0,105738,-231.0,2061.2513189807787,2029.33866701045,True,True
40140,Male,50-54,140539.0,140997,-458.0,0.0,856.6237796467303,False,True
41940,Male,30-34,89291.79879798302,89156,135.79879798302136,40.0,645.683624981903,False,True
41740,Male,55-59,95642.0,94667,975.0,1932.0,2117.8320576665187,True,True
41940,Male,18-24,88945.7776330415,88356,589.7776330415072,1566.8324734954915,1209.055267510923,True,True
40900,Male,50-54,73744.0,73229,515.0,75.0,634.2312379861938,False,True
40900,Female,40-44,85003.0,82506,2497.0,1491.0,2314.161625386989,False,True
32900,Male,25-29,10753.0,10849,-96.0,68.0,183.47355421490587,False,True
42020,Male,18-24,22600.0,22527,73.0,1129.6548145340682,828.6815466133538,True,True
33700,Male,60-64,14676.0,14855,-179.0,895.416104389462,852.1866097318416,True,True
47300,Male,45-49,13482.0,13623,-141.0,122.0,188.62527191829307,False,True
47300,Male,40-44,14370.0,14515,-145.0,831.0,1149.6320561765622,True,True
40900,Female,35-39,83336.0,86151,-2815.0,1433.0,2225.7365804259607,False,False
42200,Male,25-29,15839.0,15857,-18.0,102.0,527.7815292855558,True,True
40900,Male,65-69,60855.0,60643,212.0,1604.9803737117784,1420.5535582749071,True,True
40900,Female,45-49,73390.0,73529,-139.0,132.0,428.92345876916085,False,True
12540,Male,60-64,21939.0,22032,-93.0,1088.2577819616085,1088.0036093512051,True,True
32900,Female,60-64,6233.0,6362,-129.0,608.6485028322998,663.0604040818981,True,True
47300,Male,35-39,17505.0,17491,14.0,830.0,1159.0207611767576,True,True
42020,Male,30-34,8374.0,8475,-101.0,132.0,311.20100261125447,True,True
14860,Male,65-69,25763.0,25770,-7.0,1169.80724907995,1120.4717382507915,True,True
25540,Female,25-29,35634.06237917962,35635,-0.9376208203830174,66.0,286.5664245410299,True,True
47930,Male,50-54,14712.0,14652,60.0,43.0,170.29564065544955,False,True
47930,Male,65-69,13260.0,13284,-24.0,763.9221164490526,719.300303843082,True,True
14860,Male,50-54,33117.0,33043,74.0,34.0,300.29293648452676,False,True
35980,Male,40-44,7956.0,7556,400.0,512.0,654.965689707293,True,True
14860,Female,60-64,34539.0,34904,-365.0,1326.5594596549377,1325.6140410504106,True,True
35300,Male,50-54,17555.0,17602,-47.0,45.0,216.33094730065784,False,True
45300,Male,60-64,109088.0,109718,-630.0,2324.6524471412927,2218.611841514024,True,True
36740,Female,55-59,86386.0,85268,1118.0,2380.0,2441.9503625286384,True,True
37860,Male,45-49,14939.0,14693,246.0,103.0,379.24332473031086,False,True
15980,Male,45-49,21266.0,21095,171.0,4.0,369.3380361521813,False,True
39460,Female,60-64,9386.0,9250,136.0,676.0473356208129,764.1580986230861,True,True
45220,Male,60-64,10909.98537985234,10853,56.985379852339975,768.9895968086954,531.6259221750904,True,True
35840,Female,55-59,32872.0,32810,62.0,1162.0,1359.7935572753315,True,True
37340,Female,55-59,23894.0,23805,89.0,1001.0,1101.231117701911,True,True
33100,Male,55-59,212931.9032796762,212629,302.9032796761894,2658.0,3443.99668015115,True,True
23540,Female,60-64,10991.380863119184,11081,-89.61913688081586,743.5657334762004,693.5393629277127,True,True
36740,Male,18-24,125194.0,125913,-719.0,2607.667540159213,1289.8568148882846,True,True
36740,Male,30-34,105712.0,105907,-195.0,236.0,793.1610203302039,True,True
37340,Male,40-44,20055.0,19850,205.0,1029.0,1103.120429677218,True,True
37340,Male,35-39,16428.0,16098,330.0,1027.0,1098.1261539117443,True,True
26140,Female,30-34,3500.0,3505,-5.0,94.0,128.70745333410184,True,True
26140,Female,18-24,4027.0,4105,-78.0,522.0229879995708,275.2468937653975,True,True
37460,Male,55-59,7128.31746594325,7113,15.317465943249772,571.0,542.671186497866,True,True
23540,Male,45-49,8788.928227237433,8652,136.92822723743302,157.0,482.7414849969383,True,True
36100,Male,50-54,10871.0,10912,-41.0,36.0,323.4508832129695,False,True
23540,Male,40-44,9932.618541471671,9804,128.61854147167105,743.0,820.1102726628172,True,True
15980,Male,35-39,21944.0,21112,832.0,933.0,1254.0146926790771,True,True
23540,Male,35-39,10135.464377254262,10188,-52.53562274573778,721.0,801.8046917026236,True,True
37860,Male,40-44,16640.0,16972,-332.0,820.0,932.8821686613214,True,True
26140,Male,18-24,4295.0,4450,-155.0,429.57071594791,337.41953535250445,True,True
15980,Male,40-44,22620.0,23041,-421.0,939.0,1254.8205672659935,True,True
29420,Male,55-59,7165.0,7073,92.0,620.0,599.3769188144469,True,True
46060,Female,25-29,33819.49344767042,34420,-600.506552329578,100.0,443.9693370936869,False,False
22380,Male,35-39,4361.0,4389,-28.0,355.0,466.43205576884407,True,True
22380,Male,40-44,4239.0,4181,58.0,349.0,425.32683044630517,True,True
43420,Female,25-29,3367.004776611534,3275,92.004776611534,125.0,141.40798476740864,True,True
22380,Male,45-49,3855.0,3907,-52.0,123.0,187.2632192296448,True,True
49740,Male,60-64,5074.627109108789,4828,246.62710910878923,473.5271903491921,464.3241010076819,True,True
49740,Female,25-29,6369.243369221487,6568,-198.75663077851277,128.0,166.6414876634652,False,True
43420,Male,60-64,4001.6480598371263,3918,83.64805983712631,370.8274531369003,315.44422070064013,True,True
46520,Male,55-59,28836.0,29248,-412.0,938.0,1177.3987954958168,True,True
16980,Female,50-54,301753.5314965416,302465,-711.4685034584254,186.0,1035.0894062151322,False,True
37900,Female,18-24,14558.592535886892,14678,-119.40746411310829,645.5857805125512,324.9897491318794,True,True
16980,Female,65-69,264814.56362662755,264915,-100.43637337244581,3444.8960797098075,3903.288954356,True,True
37900,Female,30-34,11454.684723275435,11461,-6.315276724564683,108.0,178.81627672439632,True,True
14010,Female,45-49,4707.0,4701,6.0,13.0,14.7821351214904,True,True
19500,Female,55-59,3388.3897301957804,3483,-94.61026980421957,321.0,353.492466239258,True,True
41180,Female,18-24,115068.3914576593,114582,486.39145765929425,2220.8930636120235,1320.632784552827,True,True
14010,Female,40-44,5483.0,5144,339.0,407.0,511.21984476348337,True,True
37140,Female,55-59,3367.2954476976915,3353,14.295447697691543,277.0,242.53145856189496,True,True
19340,Female,55-59,11779.370604352189,11906,-126.62939564781118,529.0,815.9619539248379,True,True
41180,Female,30-34,97696.90264995427,97499,197.90264995426696,182.0,688.1908020854772,False,True
37140,Male,55-59,3149.9360964524394,3392,-242.06390354756059,280.0,205.37806247860834,True,True
10780,Female,55-59,4693.003588709567,4951,-257.99641129043266,405.0,343.6507253782336,True,True
29180,Male,65-69,10382.59856282939,10491,-108.40143717061073,694.4609420262597,672.1951911406718,True,True
29180,Female,25-29,13767.177596038417,13700,67.1775960384166,189.0,224.6011350250798,True,True
43640,Male,55-59,9619.0,9717,-98.0,602.0,770.9332470956873,True,True
35380,Male,55-59,28681.0,28967,-286.0,1052.0,1312.7073717078952,True,True
43640,Female,45-49,8559.0,8430,129.0,91.0,252.20403751972333,False,True
43340,Female,30-34,13489.485892704266,13696,-206.514107295734,167.0,283.69094166594425,False,True
43640,Female,35-39,9395.0,9306,89.0,716.0,894.3126126367949,True,True
29180,Male,50-54,11968.450337827442,11743,225.45033782744213,211.0,535.8743931217648,False,True
26380,Male,65-69,5534.098551700789,5107,427.09855170078936,454.92526858814955,409.4789076301594,True,True
26380,Male,50-54,6085.725014832043,6015,70.72501483204269,275.0,266.79165534049355,True,True
19780,Female,55-59,19120.267512763854,20581,-1460.732487236146,864.0,1125.9887786925378,False,False
36540,Male,30-34,34452.18146845907,34764,-311.81853154092823,128.0,460.695276845866,False,True
47940,Male,35-39,5189.518372448771,5401,-211.4816275512294,287.0,492.260517361886,True,True
47940,Male,40-44,5146.110970257898,5032,114.11097025789786,326.0,528.9031276550476,True,True
36540,Female,55-59,27493.56315302418,28138,-644.4368469758192,923.0,1257.8740046927687,True,True
33860,Female,35-39,12533.674004973183,12894,-360.3259950268166,850.0,792.1090742202894,True,True
33860,Male,40-44,11027.329375056963,11091,-63.67062494303718,627.0,978.272055428711,True,True
46220,Female,40-44,8098.8135063398,8374,-275.18649366019963,693.0,586.7593696576203,True,True
33860,Male,45-49,10333.081377898745,10562,-228.9186221012551,158.0,428.62977012575215,False,True
33860,Female,45-49,12529.692993317227,12436,93.69299331722686,130.0,278.74489225304524,True,True
46220,Female,45-49,7942.269778722064,7954,-11.730221277935925,22.0,267.77238332302875,True,True
26620,Male,40-44,17631.842507033885,17347,284.84250703388534,833.0,1159.3499516353208,True,True
46220,Female,35-39,8799.578093011694,8377,422.57809301169436,681.0,636.7024666231379,True,True
26620,Male,35-39,16970.97081970621,16854,116.97081970621002,842.0,1171.6965374944916,True,True
33860,Male,35-39,12148.939193035545,12328,-179.06080696445497,643.0,1052.5840157570938,True,True
33660,Male,35-39,11197.0,11319,-122.0,767.0,835.5679494085147,True,True
11500,Female,40-44,3318.0,3373,-55.0,348.0,505.8205147554812,True,True
26620,Male,45-49,14902.649487614199,15114,-211.35051238580127,184.0,514.9030592741209,False,True
33660,Male,40-44,12729.0,12869,-140.0,768.0,856.798372384075,True,True
33860,Female,40-44,13314.08234824834,13286,28.082348248339258,871.0,851.0612510647875,True,True
11500,Female,45-49,3309.0,3357,-48.0,89.0,109.76354179553428,True,True
33660,Male,45-49,10784.0,11167,-383.0,0.0,223.98654893207316,False,False
29700,Female,65-69,4904.0,4890,14.0,515.3882032022076,438.0301725024202,True,True
26420,Male,30-34,274291.166410236,274205,86.16641023597913,434.0,1422.376520020656,True,True
13140,Female,18-24,15385.0,15329,56.0,725.89255403262,425.17108647431564,True,True
26420,Male,18-24,343772.2149483362,344348,-575.7850516638136,4516.107948222673,1774.8343625750674,True,True
19100,Male,65-69,161366.34336539006,162583,-1216.6566346099426,3004.0539276118197,2725.475769184369,True,True
19100,Male,50-54,253798.52042384294,253931,-132.47957615705673,300.0,767.8134584568043,True,True
28660,Male,25-29,20606.368139847338,20579,27.36813984733817,309.0,450.2464877935326,True,True
41700,Male,25-29,98303.36330362453,97794,509.3633036245301,256.0,854.7803344034946,False,True
31180,Female,45-49,9284.23361292421,9257,27.23361292421032,84.0,130.95386896505502,True,True
43300,Female,45-49,4043.6545378176806,4093,-49.34546218231935,188.0,157.68502335735874,True,True
32580,Female,25-29,31525.0,31297,228.0,102.0,321.51502906746055,False,True
47380,Female,55-59,8547.959958303654,8466,81.95995830365428,446.0,545.2242832409876,True,True
10180,Male,60-64,4977.013073507096,4836,141.01307350709612,457.91811495069726,387.6960421353183,True,True
31180,Female,40-44,11176.878932497117,10959,217.8789324971167,609.0,775.2502835125993,True,True
31180,Female,35-39,11334.299784623476,11618,-283.7002153765243,591.0,803.4152397955802,True,True
21340,Female,40-44,27612.808641683383,27388,224.80864168338303,992.0,1298.6018609309365,True,True
43300,Female,40-44,4099.732910567611,3875,224.73291056761082,362.0,332.23409498907284,True,True
47020,Female,55-59,3274.2927547883496,3317,-42.70724521165039,323.0,290.4662713385321,True,True
11100,Male,55-59,6716.85322508031,6984,-267.14677491968996,517.0,593.4177279855394,True,True
17780,Female,45-49,6574.53646332976,6609,-34.46353667023959,162.0,197.84000786630392,True,True
33260,Male,60-64,4554.707516320232,4481,73.70751632023166,626.3194073314351,516.7877525601509,True,True
21340,Female,45-49,25732.32244874621,25972,-239.67755125378972,115.0,302.61212574653354,False,True
17780,Female,35-39,8008.35813025859,8331,-322.6418697414101,630.0,553.5056075346636,True,True
21340,Female,35-39,27585.462796713487,27752,-166.53720328651252,1009.0,1273.7954899148406,True,True
43300,Female,35-39,4630.788933837972,5163,-532.2110661620281,420.0,336.1387698686763,False,True
36260,Male,50-54,16798.51396146978,17170,-371.48603853021996,134.0,239.09007269275062,False,False
36260,Male,65-69,12591.972667225858,12769,-177.02733277414154,721.2503032928305,682.2486715402815,True,True
36260,Female,65-69,13747.577867002243,13700,47.57786700224278,721.201774817561,745.0447445084044,True,True
36260,Female,50-54,16874.586391714205,16993,-118.41360828579491,166.0,345.1816126397943,True,True
39340,Female,55-59,12738.180698021735,12630,108.18069802173522,496.0,575.7423641615263,True,True
39340,Male,60-64,11316.152077009116,11189,127.1520770091156,645.0364330795587,678.6706432537321,True,True
41100,Male,50-54,4731.0,4751,-20.0,124.0,219.49256636615283,True,True
30860,Male,30-34,4850.367720122153,5160,-309.6322798778474,185.0,175.97620582441013,False,False
30860,Female,65-69,3488.9026943241183,3151,337.90269432411833,305.73517952633455,207.94306564747544,False,True
30860,Female,50-54,3822.7393686434234,3211,611.7393686434234,85.0,105.02269289130271,False,False
30860,Male,18-24,12144.608398042534,13262,-1117.3916019574663,696.3634108710767,370.2152063005513,False,False
36420,Female,25-29,51309.214238329354,51216,93.21423832935398,209.0,953.1595135596172,True,True
21420,Female,55-59,2066.5773888856693,1880,186.57738888566928,273.0,217.50072177101208,True,True
30020,Female,40-44,3830.0,3740,90.0,351.0,462.04928552455317,True,True
30020,Female,35-39,4076.0,4410,-334.0,360.0,476.31684438249715,True,True
30020,Female,45-49,3242.0,3276,-34.0,60.0,148.0129828722805,True,True
42540,Male,30-34,19087.076492739885,19064,23.076492739884998,51.0,447.7855230078984,True,True
38300,Male,30-34,84221.31562288852,84022,199.31562288852,254.0,644.4363041309557,True,True
37980,Female,18-24,280179.980022156,278211,1968.980022156029,3259.232731794402,2109.0040242698906,True,True
38300,Male,18-24,99705.91316607127,99746,-40.086833928726264,1650.071816618901,1206.6934227493375,True,True
37980,Female,30-34,230179.5609739482,231058,-878.4390260518121,183.0,1027.6712652515266,False,True
42540,Female,35-39,17234.16202448156,17269,-34.837975518439634,705.0,851.1310203888193,True,True
10900,Male,18-24,42008.0,41465,543.0,1223.7373084122262,916.9409873998163,True,True
16540,Male,25-29,4410.215705250474,4627,-216.78429474952645,151.0,377.3607167558442,False,True
42540,Male,18-24,25516.943373592687,25209,307.94337359268684,778.9826698970909,639.970647738581,True,True
25420,Female,40-44,18531.0,18882,-351.0,956.0,1148.1973914064167,True,True
42540,Female,45-49,16419.501869380496,16438,-18.49813061950408,17.0,268.19669911219756,False,True
10900,Male,30-34,28387.0,28464,-77.0,361.0,470.48610461946697,True,True
25420,Female,45-49,16580.0,17222,-642.0,47.0,406.80204766415574,False,False
25420,Female,35-39,20301.0,19625,676.0,955.0,1011.1341452633771,True,True
21500,Male,35-39,8647.0,8171,476.0,478.0,622.0121106718904,True,True
44300,Female,50-54,3986.0,3975,11.0,51.0,114.36240654166036,True,True
21500,Female,50-54,8144.0,8182,-38.0,13.0,234.9123932953517,False,True
21500,Male,45-49,7468.0,7398,70.0,24.0,261.7781178856437,False,True
42540,Female,40-44,16512.21748613152,16410,102.21748613152158,715.0,816.7501733070015,True,True
44300,Female,65-69,3931.0,4044,-113.0,382.83286170338096,349.64125759841335,True,True
21500,Male,40-44,7603.0,8229,-626.0,477.0,703.3468695654371,False,True
39740,Female,40-44,13075.0,13202,-127.0,627.0,1051.4463099862733,True,True
21500,Female,65-69,9439.0,8991,448.0,592.1705835314685,565.4567563273517,True,True
39740,Female,45-49,12666.0,12449,217.0,18.0,388.74068366650283,False,True
12260,Female,30-34,22216.03924874135,22446,-229.96075125865173,248.0,308.4954824739395,True,True
12060,Male,25-29,210338.48279092248,211788,-1449.5172090775159,387.0,1090.341843479364,False,False
10500,Female,30-34,5150.471725900586,5195,-44.528274099414375,202.0,195.10723252586598,True,True
47580,Female,60-64,7305.993227446806,7110,195.99322744680558,656.9665136062872,546.6565224366097,True,True
46660,Male,65-69,2931.756140563736,3005,-73.24385943626385,406.80830866637916,284.2679411406337,True,True
10500,Female,18-24,7060.781499418618,6975,85.7814994186183,533.0112569167746,330.1834936007237,True,True
46660,Female,55-59,3847.944806552354,4288,-440.05519344764616,365.0,382.62743032878643,False,True
25980,Male,30-34,3567.722654681228,3672,-104.27734531877195,134.0,158.54394270234533,True,True
25980,Female,30-34,3491.424803865031,3578,-86.57519613496879,206.0,177.63954164478767,True,True
12020,Male,25-29,7260.376753810688,7269,-8.62324618931234,109.0,250.28132246836444,True,True
12260,Male,60-64,18130.046419576123,17907,223.0464195761233,970.5323281581093,836.2425008862969,True,True
12260,Female,18-24,25814.768186332967,25923,-108.23181366703284,1327.2486579386698,492.3581989493217,True,True
23580,Female,35-39,6125.0,5909,216.0,580.0,571.2017047462306,True,True
23580,Female,40-44,7262.0,7210,52.0,600.0,545.9602343451857,True,True
42340,Female,60-64,12771.000411614468,12638,133.00041161446825,826.8282772135941,673.4189876812661,True,True
23580,Female,45-49,6500.0,6529,-29.0,8.0,264.78573249893964,False,True
46660,Male,50-54,3761.4397181349964,3697,64.43971813499638,159.0,141.66373510500884,True,True
49340,Female,60-64,31216.0,31428,-212.0,1281.4854661680718,1097.7844365687192,True,True
12700,Female,25-29,5254.761629409465,4896,358.76162940946506,153.0,236.16547063238033,False,False
39300,Female,30-34,57969.0,58428,-459.0,353.0,393.502258251144,False,True
39820,Female,35-39,5560.0,5466,94.0,451.0,541.3548542534278,True,True
25260,Female,55-59,4039.0,3774,265.0,305.0,349.9495380872791,True,True
34900,Female,55-59,4375.0,4452,-77.0,466.0,420.8337948332453,True,True
39820,Female,45-49,4752.0,4689,63.0,53.0,116.22597300087448,False,True
33700,Female,60-64,15172.0,15383,-211.0,856.5518081237118,818.0088970986196,True,True
47300,Female,55-59,11868.0,11880,-12.0,647.0,688.6375539897602,True,True
49700,Female,25-29,6297.0,6180,117.0,221.0,210.9352525332122,True,True
20940,Female,55-59,4430.0,4661,-231.0,470.0,453.20988957656255,True,True
39820,Female,40-44,5962.0,6117,-155.0,449.0,500.7778264385315,True,True
35300,Male,65-69,15677.0,15396,281.0,910.0796668424144,720.8728977652719,True,True
35980,Male,35-39,8845.0,9315,-470.0,509.0,651.8529148607836,True,True
35980,Male,45-49,7323.0,7488,-165.0,35.0,204.4904389604805,False,True
37860,Male,35-39,17467.0,16943,524.0,800.0,905.7495331043511,True,True
29460,Female,25-29,25317.0,25258,59.0,78.0,203.9773467569377,True,True
42680,Male,18-24,5351.0,5457,-106.0,661.9841387827959,333.09990840399524,True,True
18880,Female,40-44,9051.584223123018,9459,-407.4157768769819,569.0,628.0997076156567,True,True
18880,Female,35-39,10121.803794427515,9726,395.80379442751473,621.0,654.4872698342795,True,True
37340,Male,45-49,16947.0,16785,162.0,19.0,283.6857229466263,False,True
42680,Male,30-34,3944.0,3973,-29.0,287.0,395.7122637251719,True,True
38940,Male,25-29,13519.0,13513,6.0,204.0,303.0579352450617,True,True
36100,Male,65-69,14485.0,14339,146.0,858.2831700551981,943.0468792012675,True,True
18880,Female,45-49,8400.714940395988,8393,7.714940395988378,273.0,326.0803542723974,True,True
34940,Male,25-29,9074.0,9025,49.0,114.0,267.6648039946605,True,True
48680,Female,18-24,1909.0,1904,5.0,288.22040177614076,164.9685689040491,True,True
48680,Female,30-34,1466.0,1652,-186.0,196.0,179.22914794683928,True,True
26140,Male,30-34,4052.0,4040,12.0,240.0,297.2483592805854,True,True
39150,Female,55-59,8141.0,8625,-484.0,687.0,755.9419368617208,True,True
16020,Female,65-69,3026.595202326167,3083,-56.404797673832945,332.54323027239633,268.51993922185335,True,True
16020,Female,50-54,2943.840672395505,2902,41.84067239550495,146.0,116.38239300417194,True,True
16020,Male,45-49,2662.7778678311743,2523,139.77786783117426,95.0,131.10905851072286,False,True
16020,Male,40-44,2673.209933052768,2940,-266.79006694723194,298.0,316.2154736984684,True,True
14010,Female,35-39,5034.0,5369,-335.0,410.0,512.3278488990229,True,True
16020,Male,35-39,3152.7422730781227,2955,197.7422730781227,318.0,330.1204017114334,True,True
43340,Female,18-24,15983.257648628827,15473,510.25764862882716,790.9734508818864,303.70449960996496,True,True
43640,Female,40-44,9381.0,9333,48.0,720.0,922.8854643535134,True,True
47940,Male,45-49,4548.733303611187,4463,85.73330361118678,156.0,324.4676739993208,True,True
36540,Male,18-24,44301.772124661715,43877,424.77212466171477,984.1183871872327,591.1812016951455,True,True
11180,Female,60-64,3417.0,3257,160.0,295.22195040342103,392.7698882663359,True,True
43580,Female,55-59,4078.7026518698467,4077,1.7026518698467044,337.0,394.5928093792525,True,True
11500,Male,25-29,3549.0,3561,-12.0,81.0,137.51649032025213,True,True
19460,Female,65-69,5029.0,5018,11.0,436.5375127065256,410.76410896036185,True,True
19460,Female,50-54,4975.0,5022,-47.0,93.0,135.26862106564107,True,True
11500,Female,35-39,3887.0,3884,3.0,318.0,451.02888265608897,True,True
13140,Female,30-34,12758.0,12784,-26.0,196.0,245.64620367257868,True,True
29700,Female,50-54,7873.0,7860,13.0,59.0,150.46940078467782,True,True
17780,Female,40-44,7935.662140386785,7746,189.6621403867848,605.0,562.9271076262705,True,True
20580,Female,60-64,1366.7706938644483,1646,-279.2293061355517,276.1231609264243,158.0887169376899,False,True
41100,Male,65-69,5844.0,6013,-169.0,586.2371533773683,525.424948517864,True,True
39740,Female,35-39,13606.0,13316,290.0,626.0,1001.0757618838096,True,True
10580,Male,25-29,28884.894816312837,29103,-218.10518368716293,63.0,442.1945780235816,False,True
13780,Female,60-64,9095.922600998681,9227,-131.07739900131855,580.5867721538272,512.3085041965458,True,True
19140,Male,55-59,4487.061330014059,4662,-174.93866998594058,396.0,402.7544837839409,True,True
25980,Male,18-24,6015.193414562813,6575,-559.8065854371871,534.9542036473777,260.21912124172786,False,True
25980,Female,18-24,4124.600186475049,4592,-467.39981352495124,494.5037916942599,220.84029022977552,True,True
29200,Male,55-59,5377.206820347633,5286,91.20682034763286,420.0,459.5958992789193,True,True
29200,Female,60-64,6269.175597333832,6135,134.17559733383223,525.4578955539635,549.0529554088084,True,True
33140,Female,30-34,3210.0,3223,-13.0,12.0,30.499116278180914,False,True
31140,Female,18-24,54272.875957071636,54522,-249.12404292836436,1301.9569885368717,690.2377794519034,True,True
14020,Male,35-39,4807.687916116538,5020,-212.31208388346204,397.0,462.70721124980406,True,True
31140,Female,30-34,48708.80337866794,48848,-139.19662133206293,288.0,511.1845092458473,True,True
33140,Male,35-39,3838.0,3753,85.0,362.0,424.14196526487456,True,True
14020,Male,45-49,3941.3001165416704,3969,-27.699883458329623,155.0,187.24197746948283,True,True
21780,Female,25-29,8801.165325157748,8650,151.16532515774816,144.0,267.43305602955434,False,True
17140,Female,55-59,71925.5391009004,71882,43.53910090039426,1471.0,2024.1204877072432,True,True
21140,Male,65-69,4329.0,4567,-238.0,438.092455995307,448.6185237551499,True,True
29020,Female,60-64,3019.0763002467993,3170,-150.9236997532007,374.97333238511777,314.8590488617097,True,True
21140,Male,50-54,6163.0,6184,-21.0,75.0,177.7026430304288,True,True
43780,Male,55-59,9473.531016469138,9669,-195.4689835308618,475.0,517.2481469682277,True,True
48620,Female,25-29,22073.8162233684,21961,112.81622336840155,164.0,358.6792520863099,True,True
28140,Female,60-64,70472.66605656684,71388,-915.3339434331574,1845.5492407410864,1672.7245033356978,True,True
45820,Female,65-69,7948.516084086676,8008,-59.48391591332438,616.6360352752667,463.2674419304475,True,True
31740,Female,60-64,2699.0,2491,208.0,275.7535131235865,352.31775739025704,True,True
45820,Female,50-54,6518.310142511458,6838,-319.68985748854175,106.0,240.80439013460665,False,False
19740,Male,60-64,82859.86178264969,82219,640.861782649692,1903.2319879615306,1989.572433302325,True,True
39380,Male,55-59,4736.766620428324,4541,195.76662042832413,407.0,429.0386454635457,True,True
22660,Female,18-24,26458.0,26262,196.0,1266.9167297024694,606.0976772404346,True,True
22660,Female,30-34,12286.0,12345,-59.0,9.0,246.47540637708664,False,True
24300,Male,30-34,5289.997358092778,5185,104.99735809277809,79.0,224.95996274010037,False,True
14500,Male,60-64,9786.418023667904,9611,175.41802366790398,645.6353459964843,531.3066998672969,True,True
17820,Female,60-64,22382.0,22557,-175.0,992.1013053111058,1017.8747719009937,True,True
24540,Female,55-59,8921.0,9065,-144.0,481.0,680.1124135473856,True,True
17300,Male,50-54,8286.889209601706,8059,227.88920960170617,146.0,252.74968737550304,False,True
32820,Male,55-59,37887.8129382145,38627,-739.187061785502,1260.0,1271.1372499673294,True,True
27180,Male,25-29,5800.478383555705,5515,285.47838355570457,141.0,232.8332761113073,False,False
17300,Male,65-69,6833.0993926239735,6567,266.0993926239735,530.6015454180283,415.7222345162609,True,True
27740,Female,40-44,6407.226678723598,6122,285.2266787235976,486.0,538.1627753301995,True,True
27740,Female,35-39,5483.418286317816,5886,-402.5817136821843,496.0,541.0587668752806,True,True
34100,Male,25-29,3801.75879062194,3826,-24.24120937805992,214.0,230.89603717886465,True,True
17420,Male,35-39,3831.0,3704,127.0,416.0,459.78765239238425,True,True
17420,Male,45-49,4430.0,4313,117.0,202.0,242.06190371214964,True,True
35620,Male,35-39,683086.8458031504,683398,-311.1541968495585,5842.0,5584.419152570107,True,True
35620,Male,45-49,603131.455757101,602386,745.45575710095,330.0,2026.7197345315778,False,True
35620,Male,40-44,640286.0275349139,638675,1611.0275349138537,5914.0,5375.929525021182,True,True
46540,Female,35-39,8350.976578117405,8294,56.97657811740464,492.0,518.4178769264047,True,True
40380,Male,40-44,30478.286587171126,30248,230.28658717112557,957.0,1271.908477142229,True,True
40380,Male,45-49,27790.483508197656,27842,-51.51649180234381,198.0,408.79271889493043,True,True
27060,Female,30-34,2569.0,2794,-225.0,119.0,172.5337607977059,False,False
27060,Male,18-24,14011.0,14076,-65.0,1101.6537568582971,629.1780938305544,True,True
21300,Male,30-34,2779.70613890282,2882,-102.29386109718007,186.0,177.73586242747132,True,True
40380,Male,35-39,34080.92862324505,34325,-244.07137675495323,1031.0,1371.812107074364,True,True
46540,Female,40-44,8221.109056629613,8423,-201.8909433703866,491.0,517.3409901746329,True,True
30700,Female,65-69,9500.520885058213,9378,122.52088505821303,609.0361237233798,620.9582987265889,True,True
30700,Female,50-54,8483.72505730835,8657,-173.27494269165072,24.0,299.9769964578747,False,True
47900,Male,40-44,230433.81492916823,230501,-67.18507083176519,3225.0,3314.995456883926,True,True
12580,Male,25-29,91466.69190956322,91296,170.69190956321836,184.0,773.4555369528023,True,True
47900,Male,35-39,233582.9313026167,233410,172.93130261669285,3196.0,3059.619783524419,True,True
47900,Male,45-49,206464.67059698663,207448,-983.3294030133693,479.0,790.6261790392933,False,False
30500,Male,65-69,4949.0,5038,-89.0,502.28677067985774,439.3834723706617,True,True
30620,Female,35-39,2748.0,2896,-148.0,303.0,387.0080574355009,True,True
17410,Female,50-54,69745.0,69778,-33.0,152.0,720.1799854949456,True,True
18140,Male,35-39,78911.49852849994,78170,741.498528499942,1789.0,2215.5513660342904,True,True
45780,Female,55-59,19113.42010262008,19346,-232.57989737992102,722.0,925.8808950868886,True,True
45780,Male,55-59,18476.785409463468,18506,-29.21459053653234,793.0,909.579359080427,True,True
18140,Male,45-49,66481.2026635381,66905,-423.7973364618956,266.0,715.993389193446,False,True
17410,Female,65-69,75505.0,75799,-294.0,1931.713488072183,1376.35927107033,True,True
48260,Female,60-64,4464.878857779852,4599,-134.1211422201477,413.7305886685199,246.7025006019053,True,True
48540,Female,30-34,3836.509285390209,3769,67.50928539020879,82.0,97.46046458605461,True,True
19430,Female,25-29,26451.0,26690,-239.0,115.0,451.9602698910603,False,True
26580,Male,45-49,11556.379775643054,11471,85.37977564305402,158.0,220.17844895769858,True,True
18140,Male,40-44,76556.05900503759,76888,-331.9409949624096,1831.0,2130.682493738318,True,True
10420,Female,50-54,22781.0,22529,252.0,207.0,381.8349394371867,False,True
26580,Male,40-44,11643.358313293927,11167,476.3583132939275,565.0,668.4480027148275,True,True
48540,Female,18-24,5108.125174223681,5030,78.12517422368092,334.51905775306733,275.6389276447337,True,True
31900,Female,18-24,4423.0,4460,-37.0,395.3972685793365,189.56831829514658,True,True
49660,Male,30-34,13648.0,13413,235.0,168.0,370.2452482443225,False,True
15940,Female,25-29,11555.0,11863,-308.0,103.0,278.9410255614079,False,False
26580,Female,55-59,11574.328310329383,11902,-327.6716896706166,659.0,611.0853521399787,True,True
10420,Female,65-69,23879.0,23655,224.0,948.0005274260136,1027.7136018907456,True,True
49660,Male,18-24,17386.0,17333,53.0,681.3457272193024,366.7988524791211,True,True
31900,Male,65-69,3677.0,3630,47.0,388.2396167317292,339.86114034264057,True,True
16820,Female,40-44,7243.745372749969,7190,53.74537274996874,560.0,618.0372992140952,True,True
44420,Male,35-39,3871.2256583880867,4299,-427.7743416119133,376.0,314.86084236180324,False,True
13980,Female,18-24,18470.0,18412,58.0,930.5691806631037,652.9151925154599,True,True
16820,Female,45-49,6426.418643166499,6293,133.41864316649935,267.0,345.42198846046074,True,True
16820,Male,60-64,6966.591690152496,6846,120.59169015249608,492.04572958211924,486.13101868095856,True,True
11540,Female,18-24,9464.856225040043,9524,-59.14377495995723,461.1084471141252,375.7545486487723,True,True
22540,Female,30-34,2977.7569362698528,3037,-59.24306373014724,131.0,126.17864319348588,True,True
31540,Female,40-44,22125.15244710062,22399,-273.8475528993804,919.0,1241.5426277633453,True,True
31540,Male,50-54,19635.187091358825,20156,-520.8129086411755,96.0,520.9091037390891,False,True
20260,Female,60-64,10598.750759939305,10486,112.75075993930477,466.82759130111407,551.8662134800514,True,True
31540,Male,65-69,16014.912658604404,17214,-1199.087341395596,810.5306903504642,911.4243981070935,False,True
28450,Female,35-39,5603.0,5468,135.0,445.0,640.1268673854817,True,True
31540,Female,35-39,24833.19445680523,23736,1097.1944568052313,932.0,1231.0143729941067,False,True
20740,Male,65-69,4807.555107998771,4817,-9.444892001229164,491.46413907832584,404.0612752935004,True,True
24580,Female,25-29,9920.504234712813,10114,-193.49576528718717,55.0,393.8457592642014,False,True
27500,Male,65-69,5026.0,4727,299.0,396.79339712248236,494.2870532216072,True,True
28450,Female,45-49,5042.0,5166,-124.0,71.0,245.23882672050524,False,True
43100,Female,60-64,4667.0,4867,-200.0,401.01122178811903,511.233210097163,True,True
36780,Male,30-34,6173.0,6065,108.0,51.0,432.38692792740625,False,True
39540,Male,25-29,5932.0,6030,-98.0,59.0,112.5190822316375,False,True
11540,Female,30-34,7757.243063730147,7780,-22.756936269853213,138.0,363.55535449165467,True,True
20740,Male,50-54,5336.35442753806,5114,222.35442753806,143.0,327.7967914477396,False,True
36780,Male,18-24,10140.0,9748,392.0,589.9169433064285,522.1942318297379,True,True
29100,Female,50-54,4674.220071118479,4785,-110.7799288815213,123.0,157.65736682060805,True,True
31540,Female,45-49,19268.182923930653,19474,-205.8170760693465,81.0,886.3467956569896,False,True
22540,Female,18-24,4819.1437749599545,4320,499.1437749599545,348.16806286619686,291.91340754004796,False,False
14020,Male,40-44,4475.236985482672,4240,235.23698548267203,415.0,476.3417083686543,True,True
23060,Female,60-64,13903.999347562603,13783,120.99934756260336,791.3437938089867,728.4366222726279,True,True
33140,Female,18-24,3903.0,3884,19.0,444.75611294281276,52.12340261341349,True,True
33140,Male,40-44,4062.0,3968,94.0,359.0,524.8171350360999,True,True
33140,Male,45-49,3425.0,3587,-162.0,89.0,210.9195367906918,False,True
41140,Female,25-29,3491.170097124685,3470,21.17009712468507,123.0,178.11507899972958,True,True
24300,Male,18-24,7055.128367701132,7059,-3.871632298867553,547.9717145984818,360.4577924266282,True,True
17420,Male,40-44,3779.0,3896,-117.0,426.0,449.96899534023447,True,True
27740,Female,45-49,6138.8571797629975,6282,-143.14282023700252,170.0,135.08372265456475,True,True
31700,Female,55-59,15131.323586156868,15204,-72.67641384313174,600.0,832.5908763865721,True,True
10740,Female,30-34,32309.578090820272,32638,-328.42190917972766,287.0,525.1070701257933,False,True
10740,Female,18-24,38703.64325141084,39095,-391.3567485891617,1436.4880786139508,646.7183666128337,True,True
21300,Male,18-24,3408.529086695561,3400,8.529086695561091,298.0285221249805,165.80774954901705,True,True
27060,Female,18-24,15002.0,14521,481.0,833.6486070281651,710.6387624410521,True,True
46540,Female,45-49,7709.649814839123,7865,-155.35018516087712,52.0,136.50179431632333,False,False
27060,Male,30-34,2738.0,2716,22.0,143.0,157.2855719781697,True,True
24020,Female,30-34,3828.0,3742,86.0,101.0,139.38790800316934,True,True
24020,Female,18-24,3808.0,3887,-79.0,286.79260799399975,64.01565636623592,True,True
30500,Male,50-54,6650.0,6703,-53.0,161.0,186.25112505364902,True,True
17860,Female,40-44,6450.734969760715,6673,-222.2650302392849,507.0,615.0037495088301,True,True
17860,Male,25-29,7643.696626942799,7688,-44.30337305720059,73.0,256.13947499627074,True,True
44180,Female,60-64,16183.858018258465,15839,344.85801825846465,845.0923026510181,855.8477525679275,True,True
17860,Female,35-39,6569.61952775801,6776,-206.38047224199,505.0,633.8492330745087,True,True
17860,Female,45-49,5507.120403361177,5591,-83.87959663882339,41.0,491.8486996861902,False,True
27620,Female,55-59,5013.1683331463055,4936,77.16833314630549,392.0,365.7476526386955,True,True
29820,Female,40-44,79889.0,79563,326.0,1788.0,2001.3882207339236,True,True
29820,Female,35-39,83342.0,83709,-367.0,1788.0,2084.248042555756,True,True
29820,Female,45-49,74780.0,74641,139.0,0.0,473.2533775553007,False,True
39900,Female,30-34,20259.811980532053,20336,-76.18801946794702,123.0,253.16044688263972,True,True
39900,Female,18-24,22991.50428563465,23121,-129.49571436534825,781.8580433812778,370.1656909533772,True,True
39900,Male,25-29,20557.630977618028,21135,-577.3690223819722,216.0,276.56167989485317,False,False
16180,Female,60-64,2462.7427961434178,2169,293.74279614341776,288.0433995077825,165.74048813494443,False,True
49660,Female,25-29,12457.0,12589,-132.0,103.0,138.23188609181312,False,True
44220,Male,55-59,4739.0,4779,-40.0,334.0,394.2058106734983,True,True
30620,Male,50-54,3039.0,3005,34.0,83.0,161.9727846815631,True,True
26580,Male,35-39,10590.085006876565,10913,-322.9149931234351,554.0,640.4335838106426,True,True
30620,Male,65-69,3260.0,3129,131.0,274.36107595648474,308.57827987198,True,True
30620,Female,40-44,3326.0,3090,236.0,287.0,381.8430892821029,True,True
31900,Male,50-54,3903.0,3822,81.0,126.0,180.96420626051994,True,True
30620,Female,45-49,2805.0,2820,-15.0,43.0,157.15863731831604,True,True
31900,Female,30-34,3591.0,3605,-14.0,68.0,71.72841370405455,True,True
44420,Male,40-44,4024.353447073685,4026,-1.646552926315053,365.0,355.59309123835305,True,True
44420,Male,45-49,3557.700045180943,3743,-185.2999548190569,202.0,190.31798941536243,True,True
16820,Female,35-39,7351.617468919709,7430,-78.3825310802913,550.0,620.9101283818719,True,True
13980,Female,30-34,5335.0,5284,51.0,174.0,202.2738047702915,True,True
28450,Female,40-44,5468.0,5342,126.0,447.0,640.8414150981505,True,True
29100,Female,65-69,5805.5738257178,5753,52.57382571779999,427.18731254567945,432.66749915332485,True,True
39540,Female,35-39,6379.0,6229,150.0,433.0,822.7275542722208,True,True
39540,Female,45-49,5514.0,5612,-98.0,56.0,345.1304480355942,False,True
39540,Female,40-44,6151.0,6132,19.0,447.0,721.8492613047755,True,True
27500,Male,50-54,5232.0,5275,-43.0,36.0,307.63567176532047,False,True
45940,Female,45-49,12882.0,12813,69.0,35.0,127.62910361669081,False,True
45940,Female,40-44,14031.0,14019,12.0,800.0,845.3568412185472,True,True
45940,Female,35-39,10915.0,10993,-78.0,799.0,805.3228505854034,True,True
40980,Female,60-64,6535.0,6436,99.0,455.98793843697223,552.7918416852315,True,True
34740,Female,35-39,5653.0,5850,-197.0,369.0,593.5569412154153,True,True
19820,Female,25-29,145703.52971831773,146141,-437.47028168226825,188.0,895.9414553704552,False,True
11460,Female,50-54,10287.0,10514,-227.0,3.0,365.0276869019664,False,True
24340,Male,25-29,43082.18550306882,43295,-212.81449693118338,389.0,516.3970900229222,True,True
22420,Female,65-69,13923.885804981786,14059,-135.11419501821365,793.2780092754368,726.0566928217038,True,True
24340,Female,40-44,33784.62585747643,35031,-1246.3741425235712,1197.0,1483.5459136112859,False,True
22420,Female,50-54,13522.535725618904,13427,95.5357256189036,115.0,357.78059881177126,True,True
12980,Male,65-69,4162.258009245816,4042,120.25800924581563,309.864486509829,313.8857321614231,True,True
13020,Female,25-29,3061.738850476097,3217,-155.261149523903,40.0,98.5740159568039,False,False
34740,Female,40-44,5409.0,5127,282.0,370.0,577.9863816194115,True,True
24340,Female,35-39,40800.46477531514,39603,1197.4647753151366,1239.0,1482.2048970265023,True,True
24340,Female,45-49,31855.45009914098,31958,-102.54990085901954,196.0,617.7225931796005,True,True
35660,Female,60-64,5985.0,5903,82.0,399.3707550635124,479.02233353075513,True,True
34740,Female,45-49,4900.0,4862,38.0,50.0,150.41993695983254,True,True
25060,Male,25-29,13103.95714969889,12896,207.95714969889013,209.0,298.6524549600348,True,True
16740,Female,40-44,100016.89342304169,98964,1052.8934230416926,2010.0,2308.598027789148,True,True
24660,Male,60-64,25076.348630055214,24347,729.348630055214,1102.848130977244,1093.398557720496,True,True
16740,Female,35-39,97319.23347472065,98593,-1273.7665252793522,1991.0,2335.0499486581475,True,True
16740,Male,55-59,84538.18164655243,84645,-106.81835344756837,1768.0,2176.606351489307,True,True
39580,Male,60-64,42238.30766654962,41948,290.30766654961917,1779.3720802575272,1602.5744617649343,True,True
27340,Female,50-54,4674.8226893736955,4178,496.82268937369554,4.0,245.6581744863724,False,False
11700,Male,65-69,13113.538306203907,12622,491.53830620390727,876.6213549760239,718.9192990667902,True,True
16740,Female,45-49,94132.85364488147,94231,-98.14635511852975,230.0,630.0035012642785,True,True
38240,Male,65-69,3235.864824062382,2992,243.864824062382,419.3149174546501,324.1380742714214,True,True
11700,Male,50-54,13035.271621289052,13255,-219.72837871094816,119.0,431.49163982833795,False,True
20500,Female,45-49,18398.836079415152,18563,-164.1639205848478,155.0,188.58564896617335,False,True
20500,Female,40-44,17939.69671161776,18181,-241.3032883822416,917.0,943.8487471956882,True,True
20500,Female,35-39,22185.029547674352,21624,561.0295476743522,921.0,929.1356167208402,True,True
46300,Male,50-54,3178.075749640244,3167,11.075749640243885,52.0,94.92246364565351,True,True
46300,Male,65-69,3065.368028463986,2808,257.36802846398587,321.822932681933,318.1498302177171,True,True
14260,Female,55-59,23924.515190060163,24061,-136.48480993983685,944.0,912.3622574448563,True,True
14260,Male,55-59,23207.46118555754,22937,270.46118555753856,919.0,1310.7732740427846,True,True
38540,Female,18-24,4411.719294866565,4494,-82.28070513343482,315.0523765979238,308.30041765985925,True,True
38540,Female,30-34,2854.574014524781,3106,-251.42598547521902,88.0,120.99592001977969,False,False
26300,Male,40-44,2556.844489990157,2931,-374.15551000984306,410.0,286.33148506159034,True,True
30780,Female,55-59,22835.0,22536,299.0,849.0,980.1786714312601,True,True
26300,Male,45-49,2845.069953562425,2736,109.06995356242487,158.0,150.84282397358706,True,True
26300,Male,35-39,2763.3512602750934,2632,131.3512602750934,392.0,297.2756981796449,True,True
21060,Male,65-69,3148.6445754758824,3100,48.64457547588245,431.0406013358834,318.3431425622019,True,True
30460,Female,55-59,15130.41129736723,14935,195.41129736723087,643.0,739.9831596492669,True,True
30460,Male,25-29,19275.472492379562,19416,-140.52750762043797,320.0,328.7576019770383,True,True
36980,Male,18-24,4817.131609487005,4784,33.131609487005335,443.51775612707996,180.71511377644777,True,True
36980,Male,30-34,3785.999313355507,3896,-110.00068664449282,156.0,259.4122101042565,True,True
14540,Female,18-24,12189.175361751579,12055,134.17536175157875,828.0030193181665,563.8708454186483,True,True
14540,Female,30-34,6056.017730597803,6119,-62.982269402196835,118.0,230.4122181759492,True,True
36980,Female,55-59,3990.846038674997,3429,561.8460386749971,330.0,423.58001281725757,False,False
21060,Male,50-54,3775.3072176813257,3790,-14.69278231867429,28.0,247.68709260356837,True,True
11460,Female,65-69,9768.0,9626,142.0,645.440934555595,612.8505950097054,True,True
12980,Male,50-54,4291.560015246523,4174,117.56001524652311,66.0,152.2057889639673,False,True
27100,Female,60-64,5903.0,5900,3.0,434.27640967476003,455.4388306032436,True,True
40980,Male,25-29,6082.0,6042,40.0,25.0,187.1197442281279,False,True
38240,Male,50-54,2833.6143442292278,2799,34.614344229227754,60.0,67.75190497620663,True,True
25860,Female,55-59,13146.1442508617,13146,0.14425086170012946,711.0,776.0130590651275,True,True
15500,Female,30-34,6080.0,6071,9.0,122.0,153.5768511242824,True,True
24140,Female,60-64,4201.0,4050,151.0,415.865362827923,396.5929200184366,True,True
15500,Female,18-24,9204.0,9346,-142.0,665.232290256569,369.3600155657756,True,True
27340,Female,65-69,4872.889048630259,4458,414.8890486302589,430.0290687848904,429.3520764464604,True,True
16700,Female,60-64,30024.0,29427,597.0,1414.4977907370517,1261.799338282934,True,True
25940,Female,55-59,8161.43542874503,8333,-171.56457125497036,558.0,574.2276665389765,True,True
22500,Male,30-34,5895.343752673869,5835,60.34375267386895,146.0,164.6128515633136,True,True
17900,Male,35-39,25746.363944214903,25734,12.363944214903313,1084.0,1319.3497134074555,True,True
17900,Male,40-44,26644.666742873793,26780,-135.33325712620717,1049.0,1271.1807898991844,True,True
17900,Male,45-49,24104.633624523703,24079,25.633624523703475,250.0,504.10449448404773,True,True
22500,Female,25-29,6151.5256921023665,6328,-176.47430789763348,124.0,134.6507138969237,False,True
22500,Male,18-24,8196.158117696084,8359,-162.84188230391555,544.0128674948783,230.2570046627089,True,True
40340,Female,40-44,7816.412812887078,7616,200.41281288707796,481.0,749.0834470914747,True,True
41060,Male,30-34,6645.463824353463,6436,209.46382435346277,205.0,642.9082511573283,False,True
40340,Female,45-49,6168.426328909147,6174,-5.573671090853168,256.0,364.8186670051279,True,True
41060,Male,18-24,12744.662837168324,13271,-526.3371628316763,701.6580363681442,738.4422556593172,True,True
31860,Female,35-39,3483.0,3294,189.0,245.0,360.6035488542091,True,True
43620,Female,60-64,9115.33614688886,8940,175.33614688885973,673.5948337094043,659.7982571096469,True,True
31860,Female,40-44,2515.0,2905,-390.0,298.0,351.16569833199827,False,True
40340,Female,35-39,8201.480032910684,7877,324.4800329106838,468.0,715.8620518530678,True,True
31860,Female,45-49,2562.0,2615,-53.0,201.0,220.2190567168291,True,True
25740,Female,60-64,3567.0537268205617,3503,64.05372682056168,367.6003264416396,234.69625633753216,True,True
25740,Male,60-64,3256.4719489836234,3375,-118.5280510163766,392.48566852816424,265.9838480995841,True,True
13740,Female,55-59,5461.859844070807,5415,46.85984407080741,481.0,539.1482114257044,True,True
14580,Female,65-69,2853.0,2766,87.0,413.96255869341616,335.2098724773034,True,True
14580,Female,50-54,3136.0,2972,164.0,26.0,185.65120474292647,False,True
14580,Male,18-24,10377.0,10860,-483.0,841.6721451966912,462.86190240448616,True,True
14580,Male,30-34,5057.0,4993,64.0,104.0,276.59392183307284,True,True
41420,Female,45-49,12169.759752889942,12386,-216.24024711005768,150.0,229.6345002241137,False,True
10540,Male,60-64,4219.981838048568,4232,-12.018161951432376,438.98974931084666,466.47995577823264,True,True
18700,Male,45-49,2443.944435412747,2355,88.94443541274723,100.0,214.40511181161116,True,True
39300,Female,18-24,79959.0,80539,-580.0,1618.3590454531404,734.2847732572833,True,True
11260,Female,60-64,12455.072224628662,11862,593.0722246286623,739.114334863017,992.4061157771245,True,True
21820,Male,55-59,2839.140342469578,2382,457.1403424695782,294.0,370.0896060955221,False,True
44940,Male,45-49,2606.931303139961,2464,142.93130313996107,70.0,132.90506625993177,False,True
44940,Male,35-39,2916.4231345007197,2962,-45.5768654992803,393.0,401.73447644177025,True,True
44940,Male,40-44,2986.8145556564837,2846,140.81455565648366,391.0,390.4649420534672,True,True
24500,Female,18-24,3152.29118283757,3258,-105.70881716243002,288.50303291300077,146.36789741540196,True,True
24500,Male,18-24,3832.4637036049276,4233,-400.53629639507244,366.30451812665376,248.54105129748746,False,True
24500,Female,30-34,2829.8130946969495,2978,-148.18690530305048,90.0,106.79668737296507,False,False
24500,Male,30-34,3223.562437104713,3082,141.5624371047129,82.0,190.2156774763316,False,True
41420,Female,40-44,14127.322145264747,13171,956.3221452647467,737.0,878.7239641045538,False,True
18700,Male,40-44,2996.4823753141313,2889,107.48237531413133,291.0,328.60865338909906,True,True
18700,Male,35-39,2572.4406628043416,2378,194.44066280434163,278.0,327.2876290149765,True,True
41420,Male,60-64,13040.030002021236,12478,562.0300020212362,844.0764183413727,709.5970893165794,True,True
41420,Female,35-39,13719.53306198416,14878,-1158.4669380158393,786.0,857.9554205391091,False,True
38340,Female,25-29,3308.0,3384,-76.0,147.0,238.65798103405217,True,True
39660,Male,65-69,5747.564382593955,5620,127.56438259395509,566.3920903402518,505.24037203520396,True,True
39660,Male,50-54,4191.828960577729,4170,21.82896057772905,150.0,164.7561160599895,True,True
39660,Female,55-59,5027.963954338489,4965,62.9639543384892,428.0,550.2892443116297,True,True
36500,Female,40-44,11253.0,11186,67.0,623.0,775.1807455353558,True,True
34580,Female,60-64,5129.0,4884,245.0,406.2339227587967,347.1860088032783,True,True
42660,Female,25-29,154905.0,155240,-335.0,0.0,884.2324876927165,False,True
36500,Female,45-49,9300.0,9064,236.0,21.0,302.47273950101686,False,True
48300,Male,55-59,4112.0,3965,147.0,391.0,419.71942094689877,True,True
34580,Male,55-59,3697.0,4094,-397.0,276.0,372.14375847076894,False,True
13380,Female,65-69,7404.0,7526,-122.0,532.0620264593217,592.725709713186,True,True
28420,Male,60-64,8119.277203697271,8290,-170.72279630272897,580.4084768505711,665.7616398350967,True,True
14740,Female,60-64,10073.0,9683,390.0,749.87465619262,608.133384129255,True,True
47460,Male,30-34,2214.767122492115,2121,93.76712249211505,109.0,229.07994707447463,True,True
36500,Female,35-39,10309.0,10492,-183.0,621.0,796.8030039280411,True,True
31020,Female,30-34,3435.8255692162265,3730,-294.17443078377346,83.0,91.16652133195171,False,False
13380,Female,50-54,6447.0,6439,8.0,45.0,158.1994883564735,True,True
44060,Male,25-29,20760.793541075844,21388,-627.2064589241563,70.0,403.4882160235255,False,False
31020,Female,18-24,3731.0159658048865,3993,-261.9840341951135,397.16495313660295,108.86572289196414,True,True
47460,Male,18-24,4040.064061857064,4113,-72.93593814293581,438.26361929779205,308.3580456452524,True,True
14740,Male,60-64,9086.0,8645,441.0,690.2789291293774,713.7020704704099,True,True
16620,Female,18-24,7560.603629981891,7664,-103.39637001810934,566.9779537160153,336.9851041808382,True,True
16620,Male,60-64,7262.1394851359155,6992,270.1394851359155,683.0592946443229,560.8564074141342,True,True
34060,Male,50-54,4363.9084757501705,4269,94.90847575017051,191.0,177.71545359120083,True,True
34060,Male,65-69,3563.376288273036,3200,363.37628827303615,352.15053599277684,282.46851371661603,False,True
34060,Female,25-29,4757.514267192628,4832,-74.48573280737219,68.0,123.92070175829829,False,True
16620,Female,30-34,6169.112845068575,6207,-37.88715493142536,143.0,203.69830083230806,True,True
13220,Female,50-54,3429.0,3536,-107.0,169.0,157.64344925733513,True,True
13220,Female,65-69,3957.0,3803,154.0,470.89383092157834,419.148130489091,True,True
13220,Male,60-64,3920.0,3483,437.0,480.1760093965545,408.36126888608084,True,True
33500,Male,60-64,2757.4928988249085,2205,552.4928988249085,292.35765767292634,275.0585911750928,False,False
38860,Male,25-29,17461.0,17450,11.0,229.0,569.4093304622783,True,True
31080,Male,40-44,444666.0,444376,290.0,4208.0,5086.720884105742,True,True
31080,Male,35-39,471939.0,473296,-1357.0,4207.0,5117.28625575424,True,True
41860,Male,35-39,186735.0,187001,-266.0,2464.0,2914.199539912075,True,True
31080,Male,45-49,416265.0,415761,504.0,0.0,1381.4566125411795,False,True
41860,Male,45-49,157323.0,157326,-3.0,229.0,1054.918440710584,True,True
17020,Female,65-69,6159.0,6116,43.0,478.715990959149,482.35315973361264,True,True
41860,Male,40-44,171983.0,171781,202.0,2507.0,3002.9171320020223,True,True
46700,Female,65-69,15054.0,14985,69.0,807.7883386135256,692.2473903291367,True,True
41500,Male,65-69,10237.639973558034,10045,192.6399735580344,592.3731931814606,553.5714306261611,True,True
41500,Female,40-44,13289.318174935244,13727,-437.6818250647557,742.0,672.971186552576,True,True
42100,Male,60-64,8076.0,7876,200.0,593.219183776115,690.6653518202575,True,True
37100,Male,50-54,27253.0,27445,-192.0,47.0,291.52073466564946,False,True
42220,Female,50-54,15429.0,15300,129.0,48.0,342.39243547426685,False,True
37100,Male,65-69,23216.0,23141,75.0,1027.455595147547,838.8447617817911,True,True
42220,Female,65-69,17675.0,17531,144.0,810.364115691212,857.6684366357724,True,True
12540,Female,50-54,24351.0,24261,90.0,49.0,299.92347182864836,False,True
42200,Female,65-69,11022.0,11122,-100.0,636.12891775174,602.8005929264668,True,True
46700,Female,50-54,13675.0,13638,37.0,113.0,263.87230618947115,True,True
41500,Female,35-39,14103.5977286312,13442,661.5977286312009,738.0,679.5477787534493,True,True
47930,Female,35-39,15287.0,15142,145.0,813.0,952.4713362156889,True,True
35980,Female,50-54,9073.0,8947,126.0,0.0,134.55808401485956,False,True
25540,Male,55-59,40011.85844199645,39488,523.8584419964536,1082.0,1353.3627962987653,True,True
47930,Female,45-49,13586.0,13783,-197.0,39.0,306.2698886541901,False,True
35980,Female,65-69,9011.0,9165,-154.0,637.4801957708177,548.4592573325297,True,True
47930,Female,40-44,14215.0,14252,-37.0,813.0,1019.9400629228171,True,True
42700,Female,55-59,2910.102711348409,3177,-266.8972886515912,373.0,305.9239594579024,True,True
29460,Male,40-44,24757.0,24879,-122.0,1288.0,1345.376804059926,True,True
19660,Male,18-24,28423.0,28110,313.0,956.4047260443666,692.0977555257278,True,True
34940,Female,60-64,16194.0,15957,237.0,889.2181959451797,849.1783335208512,True,True
19660,Male,30-34,20746.0,20591,155.0,378.0,433.07682904855346,True,True
36100,Female,18-24,12507.0,12660,-153.0,755.4038654918309,446.92957743082974,True,True
29460,Male,45-49,22956.0,22896,60.0,43.0,266.8748247704343,False,True
38940,Female,55-59,17838.0,18328,-490.0,811.0,1218.2671647723664,True,True
38060,Male,55-59,144702.43141046845,144531,171.4314104684454,2203.0,2711.946100419715,True,True
38060,Female,25-29,176617.50655232958,176832,-214.49344767042203,145.0,1168.5550447153641,False,True
46060,Male,18-24,62127.74505712614,62004,123.74505712614337,1672.192871650875,910.0692049452417,True,True
46060,Male,30-34,34959.85966564035,34998,-38.14033435964666,112.0,595.0556995452414,True,True
29420,Female,55-59,7432.0,7614,-182.0,631.0,586.3852798171608,True,True
39150,Male,55-59,7927.0,8211,-284.0,563.0,679.6708233503554,True,True
27980,Female,65-69,5588.4257753314,5402,186.42577533139956,430.84684053617013,414.31134562887854,True,True
46520,Female,65-69,30442.0,30104,338.0,992.9355467501402,870.489718781187,True,True
46520,Female,50-54,29337.0,29498,-161.0,0.0,454.76396157374876,False,True
27980,Female,50-54,5199.280288470488,5241,-41.7197115295121,66.0,115.28647973944803,True,True
16980,Male,25-29,326783.4206943414,327140,-356.5793056585826,365.0,1138.2020574805258,True,True
41180,Male,50-54,83372.78158021046,83520,-147.21841978954035,173.0,705.5125261666026,True,True
41180,Male,65-69,79764.43685559956,80175,-410.56314440043934,1738.0736463107655,1828.4427237526984,True,True
37900,Male,25-29,10959.244069454573,10860,99.24406945457304,117.0,192.24282245259428,True,True
28100,Female,60-64,3731.4684951507093,3993,-261.53150484929074,373.73921389118374,373.58325432428677,True,True
19340,Male,55-59,11249.329814452585,11559,-309.6701855474148,557.0,774.4005760175107,True,True
16580,Female,25-29,8105.295631100169,8018,87.29563110016898,40.0,157.33619013388116,False,True
44100,Female,25-29,6141.224809371519,6242,-100.77519062848114,45.0,125.745265633595,False,True
28100,Male,45-49,3177.19561059661,3065,112.1956105966101,16.0,126.58648884964002,False,True
26380,Female,65-69,5846.525905891342,5639,207.5259058913416,426.4563283620024,398.98255467506294,True,True
33740,Female,65-69,6800.877477877651,7135,-334.12252212234944,547.032905774415,449.0530688799857,True,True
43340,Male,30-34,12676.586083598339,12857,-180.41391640166148,239.0,447.44394442114685,True,True
25220,Female,50-54,3859.774198716259,3887,-27.22580128374102,8.0,44.95913923746566,False,True
12940,Female,60-64,28244.54321363836,27791,453.5432136383606,1244.0578764671682,1076.3199327451298,True,True
12940,Male,35-39,29738.797029556834,29237,501.7970295568339,1295.0,1562.542277791574,True,True
12940,Male,40-44,28721.57247441852,28964,-242.42752558147913,1376.0,1594.154211328559,True,True
33740,Female,50-54,6741.187165250243,6906,-164.8128347497568,155.0,173.83943783939893,False,True
10780,Male,25-29,5644.889760601902,4969,675.8897606019018,95.0,265.30255311471853,False,False
43340,Male,18-24,16192.955061902121,15860,332.9550619021211,728.4586467329494,373.21146111598233,True,True
12940,Male,45-49,24236.38960697857,24647,-410.61039302143035,345.0,616.0904347470255,False,True
25220,Female,65-69,4229.472021436501,3770,459.47202143650065,624.6671113481164,478.8437667586015,True,True
25220,Male,30-34,4460.3030327891165,4873,-412.6969672108835,77.0,126.73013271568367,False,False
26380,Female,50-54,6330.123988918075,6101,229.12398891807516,96.0,196.40464291682113,False,False
16300,Female,18-24,11521.588974670718,11897,-375.411025329282,649.7284047969582,357.00511299641187,True,True
20220,Male,55-59,3447.3371886155205,3113,334.3371886155205,246.0,326.6414623491021,False,True
26980,Male,55-59,3766.9740476875813,4131,-364.02595231241867,383.0,569.6372490422959,True,True
13820,Female,65-69,36741.814300476806,36812,-70.18569952319376,1427.849431837965,1120.3848894203888,True,True
23460,Male,50-54,3509.7263647072027,3590,-80.27363529279728,115.0,95.94113114444757,True,True
33660,Female,65-69,12813.0,12885,-72.0,701.6851145635056,643.2293926226864,True,True
12220,Male,25-29,6988.578946938499,6876,112.57894693849903,55.0,250.1306402889389,False,True
13820,Female,50-54,37658.930676512224,37628,30.930676512223727,166.0,410.4983805724338,True,True
19300,Male,60-64,8672.0,8875,-203.0,752.6287265312161,762.9044647300211,True,True
23460,Female,55-59,3936.12783748289,3833,103.12783748288984,351.0,391.798730506235,True,True
33660,Female,50-54,12836.0,12772,64.0,0.0,284.86560515662467,False,True
19460,Male,60-64,5508.0,5481,27.0,508.3512565146269,469.23808818658364,True,True
13140,Male,25-29,13846.0,13853,-7.0,265.0,453.6230298069643,True,True
47380,Male,50-54,7988.392665765623,8095,-106.60733423437705,244.0,193.87870940368856,True,True
41700,Female,25-29,94048.0833404555,94345,-296.91665954449854,289.0,790.8596803540144,False,True
10180,Female,35-39,5493.633203532296,5223,270.63320353229574,448.0,424.53056052784376,True,True
47380,Male,65-69,7610.477435433811,7618,-7.5225645661894305,538.861763349377,389.067557012912,True,True
19100,Female,25-29,292619.6968442398,293206,-586.3031557602226,291.0,867.4130198993864,False,True
31180,Male,25-29,13493.349581643726,13401,92.3495816437262,120.0,231.65084149312156,True,True
15180,Male,25-29,15243.0,15074,169.0,123.0,233.38863239508902,False,True
32580,Male,30-34,29882.0,29913,-31.0,88.0,456.14977957766246,True,True
41660,Female,35-39,3955.1773586285044,3831,124.17735862850441,396.0,541.8137449105665,True,True
30980,Male,65-69,8630.95057690446,8358,272.95057690446083,580.6212190404343,483.4449154748815,True,True
32580,Male,18-24,50450.0,50338,112.0,1397.4326459618724,487.6270866822823,True,True
11100,Female,60-64,7658.751284888324,7448,210.75128488832434,611.7679298557583,509.4526395424379,True,True
21340,Male,25-29,35933.38269643943,35899,34.38269643943204,154.0,719.9172764964717,True,True
46340,Female,65-69,7187.0,7460,-273.0,617.3240640052841,480.5267162786061,True,True
48660,Female,18-24,7488.725581627667,7310,178.72558162766745,462.456484439347,371.3250446820413,True,True
20580,Male,35-39,1683.091681631694,1467,216.09168163169397,283.0,236.82432153263235,True,True
17780,Male,30-34,9200.199956378896,9180,20.199956378895877,203.0,290.8799223314055,True,True
41660,Male,65-69,2868.255407399662,2882,-13.74459260033791,345.15069172754096,317.70659174370047,True,True
33260,Female,18-24,7281.375502676183,7220,61.375502676182805,577.7187897238587,252.18062020853014,True,True
10180,Female,45-49,4331.773481414037,4133,198.77348141403672,120.0,109.61668062693252,False,False
10180,Female,40-44,5736.441636978778,5815,-78.55836302122225,465.0,450.5585797097003,True,True
43300,Male,55-59,4514.232931055982,4396,118.23293105598168,392.0,399.8185239590377,True,True
47020,Male,60-64,2657.4258910814665,2888,-230.5741089185335,361.53146474408004,234.19710576788077,True,True
20580,Male,40-44,1752.5298639263524,1930,-177.4701360736476,300.0,246.7486748436991,True,True
41620,Male,35-39,50517.787674680425,49805,712.787674680425,1344.0,1935.9412057189681,True,True
41620,Male,45-49,41104.51628744161,41579,-474.4837125583872,81.0,622.904204562195,False,True
41620,Male,40-44,47045.51209003203,47170,-124.48790996796743,1356.0,1802.4577648606075,True,True
41620,Female,60-64,31571.867909887224,31046,525.8679098872235,1196.6127193039526,1097.97304936327,True,True
41100,Female,60-64,5620.0,5503,117.0,596.4704519085585,529.4388480669887,True,True
46140,Male,40-44,34107.06048658041,33831,276.06048658041254,774.0,1095.3367878921117,True,True
46140,Male,45-49,29924.655806377792,30380,-455.34419362220797,152.0,349.55846518584804,False,False
46140,Male,35-39,34223.50301746211,34847,-623.4969825378867,782.0,1045.6634833979347,True,True
22900,Female,55-59,6806.4453606830275,7332,-525.5546393169725,385.0,545.9105491654942,False,True
49620,Female,30-34,14394.0,14798,-404.0,38.0,297.49632847734443,False,False
23900,Male,30-34,2923.156746974984,3017,-93.84325302501611,83.0,194.02647694073556,False,True
16540,Female,40-44,4449.656064367664,4886,-436.34393563233607,436.0,475.9832414242851,False,True
16540,Female,45-49,4339.4788705784495,4655,-315.52112942155054,228.0,275.0795677467404,False,True
27780,Male,55-59,4484.0,4466,18.0,355.0,384.8544209990318,True,True
37980,Male,55-59,203873.7552799377,201199,2674.755279937701,2641.0,3238.5842171271065,False,True
49620,Male,35-39,14284.0,14618,-334.0,796.0,1078.421526620041,True,True
30140,Female,60-64,5358.0,5509,-151.0,431.5669125408017,511.62488417540834,True,True
39740,Male,60-64,14426.0,14334,92.0,790.7951694339059,775.6092139005957,True,True
29540,Male,30-34,18052.0,18375,-323.0,40.0,377.25144046279,False,True
49620,Female,18-24,17568.0,17408,160.0,763.55942794258,419.7684169872717,True,True
48700,Female,55-59,3740.259905770514,3771,-30.740094229486203,292.0,306.2456702045529,True,True
49620,Male,45-49,13534.0,13668,-134.0,46.0,393.28007581588724,False,True
23900,Male,18-24,5728.832599185393,5516,212.8325991853926,350.6322860205546,317.91121808641367,True,True
29540,Male,18-24,24305.0,24559,-254.0,760.8002365930231,559.3232230472825,True,True
30140,Male,50-54,4342.0,4412,-70.0,87.0,132.90235882970626,True,True
29540,Female,25-29,17083.0,17395,-312.0,50.0,413.80579077781164,False,True
23580,Male,50-54,7375.0,7223,152.0,24.0,373.47822207091275,False,True
19140,Female,35-39,3998.793696941089,4294,-295.2063030589111,523.0,440.78264857871784,True,True
31420,Male,50-54,6506.4109756274665,6931,-424.58902437253346,197.0,229.8854349002344,False,False
31420,Female,55-59,7659.935853708426,7748,-88.0641462915737,485.0,556.6382636311306,True,True
15260,Female,50-54,3482.3919119727125,3832,-349.6080880272875,181.0,119.98288126134474,False,False
15260,Female,65-69,3730.9424811688104,4281,-550.0575188311896,448.8763749630849,253.42945361604572,False,False
31420,Male,65-69,6261.6678639292495,6399,-137.3321360707505,514.0622530394544,394.0280326053269,True,True
10500,Male,55-59,3577.645277878663,3697,-119.35472212133709,358.0,403.4950534188699,True,True
16860,Male,45-49,17298.458574778557,17118,180.4585747785568,172.0,400.44156590680296,False,True
19140,Female,45-49,4546.426350499894,4636,-89.5736495001056,157.0,149.21693337596616,True,True
23580,Male,65-69,5246.0,5368,-122.0,542.0055350270881,392.63930875709576,True,True
16860,Male,40-44,17500.16876648392,17180,320.16876648391917,858.0,931.1264173343271,True,True
44140,Female,60-64,16741.0,16673,68.0,836.2684975532678,728.8992030015193,True,True
44140,Male,60-64,15957.0,15599,358.0,814.1038017353807,852.8488975420851,True,True
11200,Male,45-49,3430.177577428958,3643,-212.8224225710419,104.0,184.96294102295016,False,False
49340,Male,60-64,31888.0,30898,990.0,1315.0216728252049,1304.8058185257876,True,True
11200,Male,35-39,4181.724656432549,3934,247.72465643254873,364.0,367.0531465319111,True,True
11200,Female,25-29,3988.679602174182,3944,44.67960217418204,168.0,198.4432697708659,True,True
42200,Female,50-54,11538.0,11349,189.0,61.0,185.9093822504663,False,True
34900,Male,25-29,4032.0,4150,-118.0,68.0,157.1564849998243,False,True
12540,Female,65-69,20199.0,20140,59.0,1061.1559734553634,787.0715621657283,True,True
41500,Female,45-49,12232.382526399682,12178,54.38252639968232,100.0,344.26387378599776,True,True
41500,Male,50-54,13567.989868426936,13383,184.98986842693557,83.0,423.27651860833316,False,True
17020,Female,50-54,5310.0,5297,13.0,62.0,93.32747702981153,True,True
17020,Male,25-29,7628.0,7239,389.0,44.0,239.197650686101,False,False
36100,Female,30-34,11799.0,11767,32.0,75.0,385.8712093464606,True,True
29460,Male,35-39,26464.0,26355,109.0,1288.0,1256.415958728438,True,True
48680,Male,25-29,1892.0,1969,-77.0,225.0,258.1208913232325,True,True
28100,Male,40-44,3210.536357581014,3056,154.53635758101382,333.0,301.4660460346998,True,True
28100,Male,35-39,3338.4714472127444,3343,-4.528552787255649,329.0,286.77711895703146,True,True
29340,Male,55-59,7133.703931745144,7282,-148.29606825485644,640.0,602.6055481672838,True,True
25220,Male,18-24,6515.1756608527385,6537,-21.824339147261526,495.75094553616333,287.05119678939127,True,True
29340,Female,30-34,8617.728645918423,8616,1.7286459184233536,167.0,308.3652213773599,True,True
29340,Female,18-24,10029.016513795199,9667,362.016513795199,912.1233469218952,344.48665062744385,True,True
16300,Female,30-34,8896.7979817404,8708,188.79798174039934,182.0,348.9674919895065,False,True
11180,Male,55-59,2776.0,3007,-231.0,277.0,347.02853095783064,True,True
12220,Female,65-69,5423.916665721545,5379,44.91666572154463,544.0036764581652,389.86061398265855,True,True
17980,Female,45-49,9366.629131189939,9445,-78.37086881006144,143.0,233.50726667510358,True,True
12220,Female,50-54,5853.776734209192,5897,-43.223265790808,146.0,298.0729789628399,True,True
20020,Female,65-69,5075.0,5206,-131.0,321.0996729988992,386.125163274488,True,True
23460,Male,65-69,3411.9339980938194,3256,155.93399809381935,377.9761897262842,282.578729566339,True,True
20020,Female,50-54,5006.0,5031,-25.0,93.0,84.14058418058434,True,True
17980,Female,35-39,11613.770473612922,12113,-499.2295263870783,685.0,669.172779024058,True,True
17980,Female,40-44,10319.414049535077,9889,430.41404953507663,651.0,744.5109071896063,True,True
41660,Female,40-44,3806.2748163600836,3936,-129.7251836399164,385.0,543.3428455161242,True,True
33260,Female,30-34,7464.795576975365,7553,-88.2044230246347,122.0,116.17054601961912,True,True
17780,Male,18-24,35118.94476947398,35135,-16.05523052602075,1645.7101810464685,912.4624022145564,True,True
46340,Female,50-54,7108.0,7164,-56.0,15.0,90.58933003533032,False,True
30980,Male,50-54,8465.185843219015,8479,-13.814156780985286,207.0,302.83766133586687,True,True
41660,Male,50-54,3084.4248625622795,3069,15.424862562279486,124.0,150.0010230553736,True,True
20580,Male,45-49,1551.970288019512,1515,36.970288019512054,62.0,88.14013728627265,True,True
41660,Female,45-49,3062.8601646107318,2944,118.86016461073177,94.0,160.14513523579078,False,True
48660,Female,30-34,4830.558762605763,4786,44.55876260576315,64.0,72.99818942314292,True,True
15540,Female,25-29,7710.719475790146,8029,-318.28052420985387,198.0,205.7610829619856,False,False
15540,Male,60-64,7396.868096915777,7635,-238.13190308422327,602.429248957917,577.1795576076348,True,True
49620,Male,40-44,15305.0,14691,614.0,795.0,1120.3073802382319,True,True
30140,Male,65-69,3860.0,3771,89.0,370.3039292257105,419.7946855353817,True,True
16540,Female,35-39,4359.810444586402,4642,-282.1895554135981,400.0,402.7604494724325,True,True
10580,Female,18-24,48960.99614985934,48713,247.99614985934022,1339.973880342449,937.6349126798459,True,True
13780,Male,40-44,6628.465503174955,6506,122.4655031749553,457.0,445.87741634074234,True,True
13780,Male,45-49,6153.900038100128,6131,22.90003810012786,145.0,286.64970298448844,True,True
13780,Male,35-39,6698.83384437211,7083,-384.16615562788957,433.0,427.7192080914574,True,True
16860,Male,35-39,18897.48943061773,19109,-211.51056938226975,867.0,897.1381887633852,True,True
19140,Female,40-44,4887.582251648991,4715,172.58225164899068,526.0,432.7354244397659,True,True
34620,Male,50-54,3233.0,3202,31.0,125.0,144.5542287517041,True,True
45460,Male,55-59,4789.642205527466,4647,142.6422055274661,372.0,405.46127290506564,True,True
26900,Female,50-54,65602.0122114865,66258,-655.9877885135065,316.0,817.3741170287631,False,True
34620,Male,65-69,3127.0,2924,203.0,325.27219370859234,290.1506753007823,True,True
26900,Female,65-69,57403.58809831507,57645,-241.41190168492903,1518.205849020481,1565.6105161056482,True,True
45460,Female,25-29,5054.498117989973,5030,24.498117989973252,101.0,252.8087471457823,True,True
18020,Male,65-69,2175.971148323081,2082,93.9711483230808,270.9335711941213,196.05875176660948,True,True
48620,Male,30-34,21840.963303923494,22043,-202.0366960765059,160.0,461.07231563655745,False,True
48620,Male,18-24,31619.66782312517,31497,122.66782312517171,1016.3011364748147,505.67281791109673,True,True
29940,Male,40-44,3422.0,3378,44.0,402.0,484.3360233492342,True,True
29940,Female,60-64,3671.0,3307,364.0,393.88957843537827,414.806084741714,True,True
29940,Male,45-49,2974.0,2943,31.0,208.0,259.79024139678535,True,True
27900,Female,45-49,5853.056169037379,5942,-88.94383096262118,150.0,176.58088202005717,True,True
27900,Male,45-49,5892.8628239878835,5864,28.86282398788353,162.0,225.36651089097666,True,True
27900,Female,40-44,6198.776092587759,6012,186.7760925877592,507.0,598.249452832512,True,True
31740,Male,30-34,5497.0,5356,141.0,193.0,261.3001077185963,True,True
31740,Male,18-24,17145.0,16935,210.0,901.6279720594298,756.4759249754746,True,True
27900,Male,40-44,6713.459431820711,6474,239.45943182071096,447.0,560.8879938025323,True,True
45820,Male,60-64,8073.566985336946,8170,-96.43301466305365,482.05912500439194,663.1891274540365,True,True
27900,Male,35-39,6119.778974036779,6386,-266.2210259632211,466.0,573.7500671596,True,True
29940,Male,35-39,4406.0,4562,-156.0,440.0,523.3389825091859,True,True
24540,Male,30-34,14597.0,14593,4.0,110.0,301.8926839168184,True,True
24300,Female,25-29,4877.184944217951,4827,50.18494421795094,66.0,159.65002698872675,True,True
17820,Male,45-49,21940.0,21953,-13.0,113.0,457.6131594070477,True,True
24540,Male,18-24,15752.0,15558,194.0,774.9858063216384,386.30453038211965,True,True
22660,Male,50-54,10024.0,10181,-157.0,112.0,234.61616065128595,False,True
17820,Male,40-44,25654.0,25919,-265.0,1107.0,1066.8036171772667,True,True
22660,Male,65-69,10162.0,9923,239.0,643.0085535978507,643.4526370196178,True,True
39380,Female,45-49,4847.208935277598,4888,-40.79106472240164,115.0,197.2854404567555,True,True
17820,Male,35-39,28869.0,28589,280.0,1105.0,1069.6089926200837,True,True
39380,Female,35-39,5333.226173156951,5402,-68.77382684304939,384.0,534.5859418275234,True,True
39380,Female,40-44,5183.568833102141,5319,-135.43116689785893,397.0,529.3626784436893,True,True
32820,Female,18-24,58166.513883025706,58346,-179.48611697429442,1525.6218404309766,620.5182818129732,True,True
34980,Male,30-34,78702.38635970172,79348,-645.6136402982811,327.0,742.5981452725631,False,True
32820,Female,30-34,49492.37173455249,49728,-235.62826544750715,182.0,401.51022740559466,False,True
34980,Female,60-64,63898.86615475351,61756,2142.8661547535085,2026.2075411961134,2074.8819733970536,False,True
28700,Female,65-69,11139.183068493541,10901,238.1830684935412,630.7336997497438,555.11643429875,True,True
34980,Male,18-24,94067.64826074165,94369,-301.35173925834533,2011.4266081565095,1182.9107946155027,True,True
28700,Male,18-24,12002.500329665161,12031,-28.49967033483881,699.486240036214,299.33358203621367,True,True
34100,Female,60-64,5046.679108701028,4899,147.67910870102787,514.8019036483839,440.9591297492153,True,True
28700,Female,50-54,11086.49395956626,11093,-6.506040433740054,187.0,219.1569838397287,True,True
28700,Male,30-34,9460.825555217898,9331,129.825555217898,160.0,168.9487751119538,True,True
27180,Female,25-29,5538.953019766924,5603,-64.04698023307628,133.0,149.42905217174072,True,True
35620,Female,50-54,658018.6780867863,657731,287.6780867862981,280.0,1526.7570860061153,False,True
45060,Female,50-54,20255.7729589797,20546,-290.2270410202982,75.0,250.29235220001547,False,False
35620,Female,65-69,566353.4934330187,568381,-2027.5065669813193,5718.755546445398,5040.178109799877,True,True
45060,Male,55-59,21329.122853328794,21710,-380.877146671206,801.0,771.0138814679921,True,True
46540,Male,30-34,8965.50898509436,8911,54.50898509436047,53.0,241.11598014207183,False,True
15380,Male,25-29,37504.0,37822,-318.0,69.0,484.63791103900445,False,True
15380,Female,25-29,37832.0,37794,38.0,104.0,437.84557440808976,True,True
45060,Female,65-69,20629.00535505741,20946,-316.99464494259155,737.4618634207467,798.9857999753267,True,True
10580,Female,30-34,29565.58687817036,29649,-83.41312182963884,150.0,212.21316607058344,True,True
24020,Male,55-59,5093.0,4998,95.0,367.0,380.81057175123175,True,True
28880,Male,60-64,25367.515481002654,24681,686.5154810026543,1049.5903962975271,995.0281859271003,True,True
30700,Male,25-29,12766.434156920453,12952,-185.56584307954654,61.0,365.0070481470013,False,True
24260,Male,45-49,2172.824010382365,2179,-6.1759896176349685,74.0,102.3703614786519,True,True
24260,Female,18-24,2737.2782986889724,2917,-179.72170131102757,276.09237584547674,47.60895205125601,True,True
24260,Male,35-39,2808.866722572443,2702,106.866722572443,295.0,346.3817991891484,True,True
24260,Female,30-34,2275.892207387148,2392,-116.10779261285188,134.0,125.98880011786355,True,True
24260,Male,40-44,2031.0187037342566,2178,-146.98129626574337,263.0,329.75688096977296,True,True
12580,Female,55-59,96711.63333395017,96810,-98.36666604982747,1512.0,2060.7438285407097,True,True
47900,Female,50-54,211393.40387358406,211701,-307.5961264159414,394.0,636.1050201832544,True,True
47900,Female,65-69,160258.2848763776,160580,-321.7151236223872,2367.4501050708545,2343.157250119013,True,True
41540,Male,25-29,4319.613421460424,4561,-241.38657853957557,264.0,272.0917229661123,True,True
17410,Male,25-29,69085.0,69415,-330.0,281.0,712.4288754807387,False,True
44220,Female,55-59,4530.0,4631,-101.0,291.0,373.44760870837024,True,True
10420,Male,60-64,24384.0,24483,-99.0,1123.4420323274362,1051.2053913977754,True,True
48260,Male,18-24,4893.091704241122,5171,-277.908295758878,389.67807225965385,231.76706746685653,True,True
47260,Female,60-64,61437.162790009366,61088,349.1627900093663,1699.5440565045674,1552.27740905983,True,True
49020,Female,30-34,4270.802471160751,4327,-56.19752883924866,115.0,130.36494857309654,True,True
47260,Male,40-44,58254.04725130141,57097,1157.0472513014101,1468.0,1854.340994002292,True,True
40220,Female,55-59,11807.570822852707,11289,518.5708228527074,546.0,780.5511839688343,True,True
47260,Male,35-39,61388.25744760612,63381,-1992.74255239388,1443.0,1868.3777786430371,False,True
40060,Male,55-59,41459.366801758544,41510,-50.63319824145583,1099.0,1448.8563700149152,True,True
40220,Male,60-64,10115.518698891436,9806,309.51869889143563,628.7972646250936,676.4795176406706,True,True
47260,Male,45-49,47105.5084016198,47114,-8.491598380198411,440.0,625.2072304652911,True,True
40060,Female,25-29,46936.08788981495,47443,-506.9121101850469,429.0,505.23522530704236,False,True
49020,Male,60-64,5137.260453184852,5013,124.26045318485194,506.92800277751473,479.4776902697042,True,True
33340,Male,25-29,53750.0,53073,677.0,131.0,781.7321431171293,False,True
33460,Female,18-24,151096.19868229044,151624,-527.8013177095563,2222.0319529655735,1940.6239616743342,True,True
33460,Male,45-49,110903.99855211751,111948,-1044.0014478824887,280.0,1660.8572883617912,False,True
33460,Male,35-39,139642.43278158456,139763,-120.56721841543913,2350.0,3800.3643516208344,True,True
43100,Male,45-49,3421.0,3497,-76.0,65.0,202.52448749163642,False,True
33460,Male,40-44,131326.90995740454,129513,1813.9099574045395,2296.0,3226.4338233625117,True,True
48140,Male,18-24,5441.0,5264,177.0,405.28138373233975,301.7658232719537,True,True
33340,Female,55-59,49695.0,50793,-1098.0,1251.0,1833.4100261275435,True,True
29100,Male,25-29,5206.390794189649,5264,-57.60920581035134,133.0,251.233285773992,True,True
48140,Female,60-64,5043.0,5109,-66.0,443.87948814965534,468.6300125218722,True,True
27500,Female,55-59,5504.0,5683,-179.0,384.0,539.783884191164,True,True
33460,Female,30-34,129835.21699307294,131076,-1240.7830069270567,316.0,1629.6343841597834,False,True
22540,Male,40-44,3629.8180595459035,3250,379.81805954590345,298.0,373.12882419031234,False,True
28450,Male,60-64,5781.0,6058,-277.0,450.1777426750461,648.4909435942418,True,True
48140,Male,30-34,4279.0,4318,-39.0,116.0,279.84201202196215,True,True
22540,Male,45-49,3275.4703154240415,3119,156.47031542404147,138.0,90.56708095792642,False,True
22540,Male,35-39,3040.807893050508,3376,-335.192106949492,303.0,371.7915162255197,False,True
43100,Male,35-39,4040.0,3925,115.0,341.0,595.3611580230105,True,True
18020,Male,50-54,2468.446575618843,2503,-34.55342438115713,156.0,116.18742545768333,True,True
29020,Male,18-24,3466.9166328590723,3267,199.91663285907225,315.5534819963171,166.72894318500585,True,True
18020,Female,55-59,2352.810470367753,2366,-13.189529632246831,270.0,272.11142206484124,True,True
29020,Male,30-34,2466.217427620073,2560,-93.78257237992693,165.0,118.3372606140929,True,True
27900,Female,35-39,6454.816337429005,6735,-280.1836625709948,478.0,531.1373431806422,True,True
17420,Female,25-29,3966.0,3981,-15.0,99.0,124.99456484683644,True,True
31700,Male,60-64,16594.377633661545,16256,338.3776336615447,900.3493766310943,912.6784142819098,True,True
22140,Male,55-59,3007.636932042652,3201,-193.363067957348,417.0,421.9479154896541,True,True
42140,Male,65-69,5823.009443152523,5921,-97.99055684747691,482.5453346577915,576.7873463260016,True,True
29740,Male,50-54,5334.0,5347,-13.0,129.0,209.3904727118691,True,True
29740,Female,65-69,6059.0,6105,-46.0,550.4552661206903,545.891583186396,True,True
29740,Male,65-69,5510.0,5437,73.0,561.6012820498187,628.1688334615942,True,True
29740,Female,50-54,5940.0,5925,15.0,138.0,218.78345394190575,True,True
42140,Male,50-54,4822.75052577868,4639,183.75052577867973,87.0,199.15874002329286,False,True
28880,Female,25-29,20248.586146981866,19913,335.5861469818665,28.0,367.5989201673382,False,True
21300,Female,25-29,2417.1066721444195,2360,57.10667214441946,122.0,114.65263317810245,True,True
46540,Male,18-24,13795.290596389168,13612,183.29059638916806,643.9456498804849,449.1249945182761,True,True
48060,Female,25-29,4060.256136257699,4408,-347.7438637423011,170.0,180.97743027461658,False,False
28740,Female,55-59,6708.695616258983,6689,19.695616258983137,503.0,522.775150342828,True,True
41540,Female,60-64,4435.64012466372,3944,491.6401246637197,447.97321348491363,428.1188211584998,False,True
27620,Male,60-64,5260.94553876387,4923,337.94553876387,413.29892329886366,344.8105980890049,True,True
29820,Male,55-59,71618.0,72000,-382.0,1663.0,1741.4843214220307,True,True
16180,Male,60-64,2729.360174994611,2152,577.360174994611,302.2482423439382,208.04009346785048,False,False
48260,Male,30-34,3312.844344244996,3303,9.844344244996137,115.0,100.59761237956218,True,True
41780,Female,25-29,3058.185182241209,2853,205.18518224120908,87.0,143.92731337462092,False,False
44420,Female,18-24,5091.655562737142,5064,27.655562737141736,449.13583691351107,254.73227343748937,True,True
44420,Female,30-34,3957.775760679173,4001,-43.22423932082711,216.0,256.08461194157485,True,True
25500,Female,60-64,3741.0,3587,154.0,383.89191187103694,415.1497356060221,True,True
43100,Male,40-44,3906.0,3676,230.0,340.0,559.5291644487802,True,True
36780,Female,25-29,5415.0,5429,-14.0,128.0,385.71058354354244,True,True
47220,Male,18-24,6436.467165038981,6766,-329.53283496101903,543.3958041796053,248.84752491728332,True,True
47220,Male,30-34,5995.911290429236,6183,-187.08870957076397,59.0,462.01095581390626,False,True
45940,Male,65-69,10255.0,10337,-82.0,720.2221879392498,675.1916477175203,True,True
45940,Male,50-54,12754.0,13054,-300.0,27.0,292.22488589697485,False,False
47220,Female,25-29,4172.995288185579,4505,-332.00471181442117,57.0,197.90807344473015,False,False
29620,Female,30-34,15520.0,15619,-99.0,129.0,442.68154238543764,True,True
27100,Male,55-59,5832.0,5866,-34.0,435.0,554.6104753247995,True,True
45900,Male,30-34,4584.984942447499,4730,-145.01505755250128,151.0,176.6893701470917,True,True
45900,Male,18-24,5441.103928782554,5640,-198.89607121744575,427.79200553540034,174.51759040275678,True,True
34740,Male,65-69,5672.0,5706,-34.0,412.50696963808986,409.12509235562663,True,True
35660,Male,60-64,6176.0,5959,217.0,448.7594010157336,549.3318576268357,True,True
22420,Male,45-49,11264.481264036058,11458,-193.51873596394216,156.0,400.70238057991116,False,True
13020,Male,25-29,3287.8121256840736,3230,57.812125684073635,61.0,144.0345414964296,True,True
12980,Female,55-59,4554.993442772596,4332,222.9934427725957,348.0,333.68557856340396,True,True
34740,Male,50-54,5316.0,5336,-20.0,46.0,183.5402806538663,True,True
22420,Male,40-44,10818.688875230424,11115,-296.31112476957605,725.0,875.8532841517211,True,True
28020,Female,25-29,9661.0,9384,277.0,50.0,541.3133641512558,False,True
11460,Male,25-29,14179.0,14219,-40.0,3.0,370.49694866489796,False,True
29620,Female,18-24,33536.0,33714,-178.0,1358.4505879861806,1276.9548122222259,True,True
22420,Male,35-39,12330.040699157784,11721,609.0406991577838,697.0,848.5465997239838,True,True
27140,Male,35-39,18343.05863800746,18388,-44.941361992539896,1049.0,1054.045914922144,True,True
27140,Male,45-49,17844.884986854566,17861,-16.115013145434204,385.0,406.71274830124986,True,True
27140,Female,40-44,22030.14607894441,21881,149.14607894440996,1081.0,895.6760225067403,True,True
27140,Female,35-39,19539.114828470952,19871,-331.8851715290475,1112.0,899.4706311519867,True,True
27140,Male,40-44,20717.962263270703,20418,299.96226327070326,968.0,1014.6103464302929,True,True
27140,Female,45-49,19449.15398883313,19257,192.15398883313173,183.0,337.10198278806257,False,True
25620,Female,30-34,5513.109794927246,5594,-80.89020507275382,173.0,184.4767710810972,True,True
25620,Female,18-24,10571.696775410672,10929,-357.30322458932824,863.9502300480045,450.20775619368493,True,True
49180,Male,55-59,22941.934926130703,23401,-459.0650738692966,970.0,1039.063911735747,True,True
25860,Male,55-59,13849.368358229396,13758,91.36835822939611,870.0,895.9028241440201,True,True
22180,Male,35-39,12020.66626476901,12705,-684.33373523099,613.0,593.2799460660178,False,True
22180,Male,45-49,9161.171383071702,9197,-35.82861692829829,44.0,175.1936977870943,True,True
48900,Female,55-59,15682.0,16067,-385.0,781.0,903.3347913481468,True,True
22180,Female,65-69,10214.288642934252,9627,587.2886429342525,505.8903043150758,412.6741316869765,False,True
22180,Female,50-54,10889.120844275069,10805,84.12084427506852,55.0,105.03028178421657,False,True
11700,Female,25-29,12400.607353776602,12787,-386.3926462233976,282.0,397.4971848527755,False,True
48900,Male,25-29,12734.0,12748,-14.0,202.0,341.7859138938438,True,True
26820,Male,45-49,4540.711504859312,4834,-293.2884951406877,102.0,289.1611956503928,False,True
30300,Female,25-29,1499.2533410196559,1711,-211.74665898034414,56.0,70.31821617908142,False,False
26820,Male,35-39,5913.290836970677,5850,63.29083697067745,441.0,503.2691517644607,True,True
26820,Male,40-44,5370.742131560839,5838,-467.25786843916103,428.0,487.6444296459073,False,True
30300,Male,60-64,2398.615169537445,2223,175.61516953744513,306.80938707933956,178.3715280954796,True,True
46300,Female,55-59,3309.304305151104,3066,243.30430515110402,291.0,299.22683788376986,True,True
22220,Male,40-44,20117.45324363938,20733,-615.5467563606217,899.0,1027.498056736195,True,True
22220,Female,60-64,14473.563831441865,14710,-236.43616855813525,748.7462854665791,809.2104723214036,True,True
27860,Male,60-64,3341.0,3451,-110.0,431.3444099556641,420.0894896224494,True,True
22220,Male,35-39,21461.928304852714,21337,124.92830485271406,918.0,1131.5245474301992,True,True
22220,Male,45-49,18198.532821122197,17837,361.53282112219676,228.0,542.8998004475758,False,True
21060,Female,18-24,4883.988465198319,4750,133.98846519831932,446.52771470536965,273.2344849267876,True,True
14540,Male,60-64,4937.041399580698,4940,-2.958600419301547,567.8177524523163,525.7900553787521,True,True
21060,Female,30-34,4254.4787282866355,4197,57.47872828663549,64.0,87.83459160302615,True,True
33780,Male,25-29,4569.0,4643,-74.0,113.0,146.14091491177274,True,True
24780,Male,60-64,3957.0,4259,-302.0,608.9811162917944,398.3877899625565,True,True
22180,Male,40-44,11266.064506754534,11081,185.0645067545338,632.0,548.6639528821088,True,True
38240,Female,55-59,3428.0310575980507,3254,174.03105759805067,352.0,364.1478775803472,True,True
40580,Female,25-29,4568.0,4591,-23.0,65.0,83.2181421325903,True,True
49020,Female,18-24,5414.796942169149,5485,-70.20305783085132,477.0754657284317,261.0222624185281,True,True
17900,Female,55-59,27528.44723176518,27287,241.44723176518164,775.0,1253.7212365528844,True,True
24860,Female,45-49,29252.42355143791,29095,157.42355143791065,205.0,580.3410245858752,True,True
24860,Male,30-34,32228.84886718919,31986,242.84886718919006,203.0,477.1178366512676,False,True
24860,Male,18-24,44746.8474288239,47547,-2800.1525711760987,1529.1128146739206,852.4117412814352,False,False
24860,Female,40-44,32333.586066052274,31138,1195.586066052274,1236.0,1309.9266703544997,True,True
24860,Female,35-39,29846.719428933917,30450,-603.2805710660832,1259.0,1266.7642914746373,True,True
34820,Female,25-29,9537.325332878372,9538,-0.6746671216278628,89.0,337.53307720758704,True,True
34820,Male,50-54,11557.018026187561,11632,-74.98197381243881,152.0,373.8475081293375,True,True
34820,Male,65-69,15694.51344316901,15514,180.5134431690094,899.8844370251105,850.0344080870134,True,True
43900,Female,18-24,16618.5481808464,16477,141.5481808463992,715.9350529203051,325.08728885770853,True,True
43900,Female,30-34,13840.949448428208,13834,6.949448428207688,31.0,256.7853673475873,True,True
25940,Male,18-24,13003.938483629216,13110,-106.06151637078437,793.8727857786788,741.1189516808261,True,True
25940,Male,30-34,5868.929419228074,5745,123.92941922807404,219.0,322.27584620296534,True,True
24220,Male,25-29,3653.7539640271425,4318,-664.2460359728575,150.0,259.59629401274105,False,False
41060,Female,65-69,4485.0994644533785,4683,-197.90053554662154,337.4996296294264,419.9637101512059,True,True
43620,Male,60-64,9614.582635190543,8838,776.5826351905434,773.1416429089821,702.6786598833887,False,True
40340,Male,60-64,7249.273210546923,7181,68.27321054692311,386.79322641432077,692.3143731741434,True,True
22020,Male,65-69,6461.965060870063,5759,702.9650608700631,497.8051827773592,537.9946309282916,False,True
31860,Male,50-54,2907.0,2686,221.0,136.0,357.6063150431631,False,True
24220,Female,25-29,3128.0795793683255,3526,-397.92042063167446,119.0,129.02301586987858,False,False
22020,Male,50-54,6425.195495075623,6717,-291.8045049243774,249.0,302.7603767234679,False,True
41060,Female,50-54,5104.593046382299,5393,-288.4069536177012,147.0,313.52045996783266,False,True
33540,Male,45-49,3315.7157752709536,3348,-32.2842247290464,72.0,128.62786857641586,True,True
13740,Male,25-29,6084.308043470786,6034,50.30804347078629,65.0,329.4169256296976,True,True
33540,Female,50-54,3406.548186690458,3271,135.5481866904579,177.0,203.2260546382236,True,True
33540,Male,40-44,4423.143089862507,4102,321.1430898625067,464.0,419.18141517713826,True,True
33540,Male,35-39,3832.318071912054,5046,-1213.6819280879458,459.0,456.1803807839542,False,False
33540,Female,65-69,4435.172816077564,3774,661.1728160775638,365.1985761198967,362.0734475458996,False,False
24420,Male,60-64,3356.3032317976763,3002,354.3032317976763,380.5522303179946,288.94282412336946,True,True
21660,Male,60-64,11061.0,10940,121.0,671.8243818141761,626.8591897288418,True,True
10540,Female,60-64,4791.91394416908,4975,-183.08605583091958,447.286261805569,434.20228030254253,True,True
32780,Female,18-24,7751.0,7911,-160.0,470.120197396368,276.03791126627874,True,True
21660,Female,18-24,25188.0,25002,186.0,1270.31846400814,582.5670594457346,True,True
32780,Female,30-34,7342.0,7238,104.0,129.0,226.48519863613603,True,True
32780,Male,25-29,6293.0,6500,-207.0,204.0,306.3772202755126,False,True
11260,Male,55-59,11923.701561308853,11058,865.7015613088533,665.0,746.5943991990961,False,True
21820,Female,18-24,3546.090323231423,4293,-746.9096767685769,512.3250921046128,230.85741998946568,False,False
21820,Female,30-34,3820.4664434382667,3679,141.46644343826665,172.0,193.83975587995891,True,True
31860,Male,65-69,2385.0,2569,-184.0,231.25094594401122,317.36373266923556,True,True
38900,Female,18-24,96849.06075060471,97199,-349.939249395291,1746.8262649731369,864.0321515463936,True,True
38900,Male,18-24,99766.18396372549,99388,378.18396372548887,1953.718761746429,901.5999021156443,True,True
38900,Male,30-34,102024.45811414949,102319,-294.5418858505145,168.0,758.3764418737675,False,True
38900,Female,30-34,100030.58792762086,99651,379.58792762085795,139.0,703.6470318644742,False,True
21660,Female,30-34,12000.0,12056,-56.0,14.0,211.50887759146187,False,True
11200,Male,40-44,4034.039663997034,3908,126.03966399703404,370.0,407.8052461882515,True,True
42660,Male,45-49,130330.0,130511,-181.0,95.0,942.1250485557903,False,True
44060,Female,60-64,20201.798848483366,20524,-322.2011515166341,992.7789280600188,848.412863000577,True,True
42660,Male,40-44,155045.0,155633,-588.0,2702.0,3103.072904568148,True,True
42660,Male,35-39,174440.0,173079,1361.0,2721.0,3008.0538773983503,True,True
48300,Female,35-39,3758.0,3928,-170.0,337.0,376.19031652210293,True,True
31020,Male,25-29,3192.0304523825926,3440,-247.96954761740744,115.0,134.855895971494,False,False
36500,Male,55-59,8413.0,8407,6.0,530.0,659.7720547838852,True,True
28420,Female,18-24,13797.312879979012,13571,226.312879979012,639.793716755643,313.912952418284,True,True
47460,Female,55-59,1325.9847746595935,1384,-58.01522534040646,227.0,172.24718854985426,True,True
13380,Male,60-64,6735.0,6626,109.0,549.5243397703144,667.8834718468859,True,True
48300,Female,45-49,3410.0,3376,34.0,45.0,89.24257660304302,True,True
48300,Female,40-44,3945.0,3793,152.0,340.0,371.16482436546977,True,True
28420,Female,30-34,10771.350235186652,10878,-106.64976481334816,187.0,271.9086529394477,True,True
20100,Male,65-69,4950.0,4815,135.0,545.3604312745838,515.8410241816271,True,True
20100,Male,50-54,5028.0,5067,-39.0,27.0,90.05830405909275,False,True
37620,Male,50-54,3021.827480075134,2908,113.82748007513419,67.0,55.59422945061728,False,False
37620,Male,65-69,2872.6616525266145,3026,-153.3383474733855,327.1849629796577,269.387728795837,True,True
37620,Female,25-29,2346.719507227212,2459,-112.28049277278797,100.0,112.91936002803135,False,True
16220,Female,60-64,2529.409672948438,2764,-234.59032705156187,370.0337822415678,214.9428920324286,True,True
16940,Male,60-64,3350.0,3236,114.0,412.60392630221054,384.76915710104674,True,True
13900,Male,50-54,3676.6558326203617,3688,-11.344167379638293,99.0,123.55708613372735,True,True
33500,Female,18-24,3203.4859089848137,3693,-489.5140910151863,390.4663877979768,274.2290370935492,False,False
33500,Female,30-34,2417.68277050102,2778,-360.31722949897994,135.0,176.5171238243967,False,False
13900,Female,60-64,4903.73781161155,4467,436.73781161154966,440.0,468.5452323919151,True,True
13900,Male,65-69,4071.983264863875,3967,104.98326486387487,425.1035168050248,434.4427498675578,True,True
12620,Female,30-34,5110.375394122684,5013,97.37539412268416,79.0,201.4872006974816,False,True
30340,Female,65-69,3391.0,3445,-54.0,346.5284981065771,394.90468351711155,True,True
30340,Male,45-49,3204.0,3134,70.0,64.0,229.41440351196349,False,True
30340,Female,50-54,3637.0,3562,75.0,100.0,195.94463608695696,True,True
12620,Female,18-24,7592.101703448396,7455,137.1017034483957,482.56191312618114,456.58167504637527,True,True
30340,Male,40-44,3188.0,3030,158.0,295.0,437.09773527639106,True,True
30340,Male,35-39,3693.0,3952,-259.0,306.0,447.9000006753739,True,True
12540,Female,55-59,23766.0,23866,-100.0,962.0,1111.214302981765,True,True
41860,Female,45-49,153195.0,153172,23.0,164.0,814.5485391560469,True,True
17020,Male,60-64,5663.0,5680,-17.0,517.8735366863227,520.3646209474181,True,True
41860,Female,35-39,177691.0,176967,724.0,2456.0,2811.050850931685,True,True
23420,Female,18-24,55827.0,56088,-261.0,1530.5299735712463,637.0474626067904,True,True
41860,Female,40-44,165434.0,166381,-947.0,2469.0,2838.678033741675,True,True
42020,Female,18-24,19824.0,19432,392.0,1034.4752292829442,698.6610528244365,True,True
44700,Female,40-44,27829.0,27135,694.0,967.0,974.8857640911062,True,True
44700,Male,40-44,28798.0,28294,504.0,1166.0,1231.1363423606867,True,True
46700,Female,55-59,13782.0,14419,-637.0,704.0,782.5476111825402,True,True
42100,Male,25-29,8160.0,8120,40.0,132.0,362.5031003126042,True,True
44700,Male,45-49,24670.0,24449,221.0,107.0,387.0353259264586,False,True
44700,Female,35-39,26867.0,27631,-764.0,955.0,1002.9125343406074,True,True
42200,Female,55-59,11690.0,12022,-332.0,673.0,750.1888992480494,True,True
25260,Male,18-24,9302.0,9148,154.0,683.7704293108909,317.6177229056181,True,True
37100,Female,18-24,36379.0,36380,-1.0,1081.9214389224385,365.8936340693836,True,True
23420,Female,30-34,43750.0,43546,204.0,146.0,535.2089092085912,False,True
37100,Female,30-34,27222.0,27348,-126.0,43.0,295.11616344458326,False,True
37100,Male,55-59,27930.0,28096,-166.0,918.0,1186.7619325885248,True,True
20940,Male,30-34,7501.0,7592,-91.0,237.0,285.4835770364033,True,True
41500,Male,55-59,12319.168741981573,12253,66.16874198157348,551.0,723.176220906014,True,True
44700,Male,35-39,28783.0,28794,-11.0,1141.0,1142.0607238616956,True,True
44700,Female,45-49,23893.0,23942,-49.0,75.0,269.56275246684214,True,True
42020,Female,30-34,7275.0,7309,-34.0,68.0,117.61865034402496,True,True
42220,Female,55-59,15855.0,16283,-428.0,751.0,1016.3379929389878,True,True
25540,Male,65-69,33120.38348949698,32330,790.3834894969768,1163.2927404570185,1026.7747708160887,True,True
25540,Male,50-54,36250.446734713616,36113,137.44673471361602,19.0,485.56070670521734,False,True
35980,Female,55-59,10071.0,10367,-296.0,519.0,661.847510016469,True,True
45300,Female,18-24,127985.0,128155,-170.0,2486.7820571976144,1068.3416374274898,True,True
45300,Female,30-34,114943.0,114972,-29.0,95.0,612.694598586849,True,True
19660,Female,40-44,20240.0,19606,634.0,912.0,1108.8254254187177,True,True
19660,Female,45-49,19483.0,19409,74.0,86.0,419.5711085978157,True,True
37460,Female,45-49,6272.692045006496,6311,-38.3079549935037,148.0,72.5107909708512,True,True
33100,Female,18-24,240429.65915110597,240065,364.6591511059669,2988.456959703452,1548.520747367733,True,True
33100,Female,30-34,209060.92898734834,209394,-333.0710126516642,145.0,851.8791979535546,False,True
42700,Female,65-69,4128.267176432577,5025,-896.7328235674231,492.1757816065313,322.65444342454174,False,False
37460,Female,40-44,7069.605497450095,6511,558.6054974500948,510.0,558.1740911621977,False,True
37460,Female,35-39,6328.767814939986,6858,-529.2321850600138,497.0,563.5485656516308,False,True
19660,Female,35-39,18434.0,18988,-554.0,888.0,1106.0274662966106,True,True
38940,Female,65-69,20914.0,21014,-100.0,1249.3390252449492,1035.1703466694503,True,True
42680,Female,40-44,4287.0,4308,-21.0,474.0,469.3325108318728,True,True
38940,Female,50-54,16057.0,16070,-13.0,156.0,229.85600952009062,True,True
38060,Male,65-69,119788.66301941527,119906,-117.33698058473237,2241.764483615529,2287.080747352004,True,True
38060,Male,50-54,154447.66910099494,154441,6.66910099494271,136.0,764.3566155839977,True,True
39150,Male,65-69,11733.0,11663,70.0,735.8817839843571,771.1135555456473,True,True
29420,Female,50-54,6117.0,6130,-13.0,81.0,109.56428616912541,True,True
38060,Female,60-64,151952.4126059187,150316,1636.412605918711,2819.685266124572,3048.396932097518,True,True
29420,Female,65-69,11102.0,11235,-133.0,785.5246654306916,612.7036525433809,True,True
22380,Female,30-34,4649.0,4666,-17.0,45.0,136.1698369867571,True,True
39150,Male,50-54,6161.0,6295,-134.0,107.0,120.71318909920325,False,True
22380,Female,18-24,15526.0,15297,229.0,948.2009280737917,698.900373031629,True,True
46520,Female,55-59,29483.0,29220,263.0,877.0,941.318892027962,True,True
27980,Female,55-59,5568.886820662646,5520,48.88682066264573,421.0,337.14925382460115,True,True
16980,Male,60-64,280165.9195830397,281006,-840.0804169602925,3840.349202872051,4103.329600734303,True,True
41180,Male,55-59,86814.30124473569,89096,-2281.6987552643113,1811.0,2253.521695090709,False,True
19340,Male,65-69,10784.254977780687,10525,259.2549777806871,576.6749517709261,703.52671091587,True,True
37900,Male,60-64,11741.802258969523,11334,407.8022589695229,700.1785486574121,696.8313278480115,True,True
16580,Female,60-64,6864.658669914343,6679,185.65866991434268,552.0072463292488,412.4278416930291,True,True
19340,Male,50-54,11492.365989587814,11529,-36.6340104121864,156.0,335.39401407443984,True,True
14010,Male,18-24,13819.0,13876,-57.0,802.6013954635265,586.0888221720322,True,True
44100,Female,60-64,7223.657514929995,7283,-59.34248507000484,568.8110406804706,530.8358029936105,True,True
14010,Male,30-34,5394.0,5379,15.0,25.0,55.952976898016786,True,True
33740,Female,55-59,7246.185887608888,7289,-42.81411239111185,511.0,555.2236413192519,True,True
10780,Male,60-64,4165.856754562054,4536,-370.14324543794555,455.60070236995904,307.943751061789,True,True
29340,Male,65-69,6211.717244881959,6439,-227.28275511804077,645.653932071973,445.68723820710477,True,True
25220,Female,55-59,3850.9424554745756,3601,249.94245547457558,422.0,411.9349921208371,True,True
12940,Female,25-29,29541.89242413734,29559,-17.10757586266118,321.0,446.4339804827856,True,True
29340,Male,50-54,6638.078451705514,6877,-238.92154829448555,149.0,247.55402738276427,False,True
26380,Female,55-59,7113.946377333823,6791,322.94637733382297,495.0,492.0357800568867,True,True
26980,Female,35-39,5464.798848610644,5431,33.7988486106442,402.0,686.8827701457119,True,True
20220,Male,65-69,3213.369108894487,2936,277.369108894487,322.6840560052511,277.9522798422818,True,True
26980,Female,40-44,5118.958523109562,5330,-211.0414768904384,397.0,723.5425345760127,True,True
26980,Female,45-49,4854.841379911472,4651,203.84137991147236,114.0,436.7829816011532,False,True
16300,Male,18-24,12584.995628289449,12078,506.9956282894491,532.7738732332883,527.2223930737439,True,True
19460,Male,25-29,4831.0,4761,70.0,118.0,237.75685278241718,True,True
22520,Male,18-24,7567.171810255547,7666,-98.82818974445308,652.2093222271512,371.6260676434345,True,True
46220,Male,18-24,22551.35300821643,23037,-485.64699178357114,1345.5623359770443,995.0691580149835,True,True
17980,Male,35-39,10426.134993427899,10746,-319.86500657210127,1089.0,815.0124904206945,True,True
13820,Female,55-59,37852.93399831028,38523,-670.0660016897236,1060.0,1488.4210691151786,True,True
26620,Female,18-24,24087.56464743788,23381,706.5646474378809,959.8197747494057,892.8281702576335,True,True
17980,Male,45-49,8795.452971037093,8817,-21.547028962906552,287.0,284.63828403878733,True,True
46220,Male,30-34,8895.900357104947,9068,-172.09964289505297,176.0,316.49660335747467,True,True
12220,Male,60-64,5859.097952951382,5727,132.09795295138156,674.4961082170897,627.5004755043732,True,True
22520,Female,45-49,4500.301789437099,4502,-1.698210562901295,122.0,199.43754123587905,True,True
17980,Male,40-44,10223.686767039439,9894,329.68676703943856,1074.0,792.7038328458614,True,True
19300,Female,18-24,8609.0,8597,12.0,898.4403152129806,443.4700030709518,True,True
23460,Female,65-69,4002.3590145461694,3719,283.3590145461694,417.9688983644597,314.50241917128926,True,True
12220,Female,55-59,5841.523907525975,5813,28.52390752597512,449.0,441.9780681217459,True,True
33660,Female,55-59,12941.0,12814,127.0,608.0,753.53803333508,True,True
26620,Female,30-34,17464.92260780826,18108,-643.0773921917389,248.0,503.83753783172267,False,False
19300,Male,25-29,6417.0,6589,-172.0,203.0,390.87654268483544,True,True
26420,Female,18-24,333546.2013134437,334438,-891.7986865562852,4131.445146676887,1573.7303979160001,True,True
12420,Female,30-34,104918.2943849242,104793,125.29438492420013,174.0,601.526127732331,True,True
19100,Female,60-64,222543.95121502018,221122,1421.9512150201772,3427.2079014848223,3166.0105418909934,True,True
12420,Female,18-24,113233.22114623555,113094,139.22114623554808,2488.865805944547,1630.0147218202528,True,True
28660,Female,30-34,19128.125880739684,19454,-325.87411926031564,164.0,295.4719348923318,False,True
28660,Female,18-24,23693.77613569513,23903,-209.2238643048695,1019.3772608803868,492.66336145202047,True,True
26420,Female,30-34,277527.135297731,277689,-161.86470226902748,436.0,1331.7307018964652,True,True
31180,Male,60-64,9840.242413627426,10119,-278.7575863725742,747.9204503154062,576.6218649587414,True,True
41700,Female,60-64,74846.96873726834,74015,831.9687372683402,2104.0152090705046,1830.5670512485683,True,True
46340,Female,55-59,6468.0,6534,-66.0,563.0,585.2860529582949,True,True
46340,Male,30-34,7759.0,7762,-3.0,69.0,160.73510409210553,True,True
30980,Female,45-49,8016.08604745559,8190,-173.91395254440977,146.0,220.7255822188173,False,True
13140,Male,60-64,12198.0,11883,315.0,792.6695402246764,630.3674556925112,True,True
30980,Female,35-39,9356.856712337323,9586,-229.1432876626768,645.0,632.1056112943048,True,True
47380,Male,55-59,7811.095486564533,7615,196.09548656453262,509.0,543.6778247997726,True,True
21340,Male,60-64,20638.877497919402,20530,108.87749791940223,1131.632891003085,1079.9597356033576,True,True
15180,Female,30-34,12926.0,13025,-99.0,88.0,210.5108370339874,False,True
30980,Female,40-44,9059.022772816323,8847,212.02277281632269,646.0,608.3636416375971,True,True
15180,Male,60-64,9707.0,9613,94.0,646.353618385478,552.2603349032954,True,True
43300,Male,65-69,3944.2266878128303,4276,-331.7733121871697,477.62432936357,307.1429208649976,True,True
15180,Female,18-24,22145.0,22267,-122.0,915.741775829846,225.48684115154037,True,True
43300,Male,50-54,4335.833491100864,4318,17.833491100864194,51.0,174.6817525522209,True,True
11100,Female,25-29,8758.366866098608,8755,3.3668660986077157,162.0,151.1043821717066,True,True
46340,Male,18-24,11423.0,11386,37.0,810.3764557290642,307.91174857822494,True,True
41100,Female,25-29,5698.0,5842,-144.0,181.0,191.05171922152388,True,True
41620,Female,25-29,50953.458250414755,51198,-244.54174958524527,71.0,452.7549883022087,False,True
46140,Female,40-44,33749.17792652192,33364,385.1779265219229,742.0,1107.7121470707168,True,True
46140,Female,35-39,34988.530456989654,35513,-524.4695430103457,740.0,1070.0956730819912,True,True
36420,Male,45-49,41755.66983708778,42233,-477.33016291222157,202.0,1027.0397975650944,False,True
36420,Male,35-39,53450.55464893762,53164,286.5546489376211,1282.0,2140.985444953893,True,True
46140,Female,45-49,30866.983537330278,30655,211.9835373302776,171.0,374.06639611473815,False,True
36420,Male,40-44,48054.96678539636,48223,-168.03321460363804,1253.0,2231.0647513879107,True,True
22900,Male,30-34,7534.711573607367,7586,-51.28842639263257,208.0,175.48659098481494,True,True
22900,Female,65-69,6809.105659064989,6665,144.10565906498869,549.1019941686608,526.5431490621313,True,True
38300,Female,35-39,76948.04145679862,78169,-1220.9585432013846,1609.0,2061.191603597758,True,True
37980,Male,50-54,190933.7913137265,192095,-1161.2086862734868,191.0,1431.175234436559,False,True
29540,Female,60-64,18822.0,18947,-125.0,921.6213973210474,1079.9021572815059,True,True
38300,Female,40-44,73554.69971990983,72911,643.699719909826,1570.0,1889.4857001867056,True,True
38300,Female,45-49,67158.35026405026,67317,-158.64973594974435,226.0,651.6690529581472,True,True
30140,Female,25-29,3756.0,3848,-92.0,97.0,115.20932221938466,True,True
23900,Female,30-34,2805.108193075103,3000,-194.89180692489708,62.0,155.7682389152697,False,False
37980,Male,65-69,165986.86095395838,167497,-1510.139046041615,2669.580678683452,2880.988032811322,True,True
48700,Male,35-39,3615.2329381510813,3718,-102.76706184891873,334.0,355.5375483776526,True,True
48700,Female,65-69,3879.724364805182,3934,-54.27563519481782,325.0876804802052,251.23411573942846,True,True
48700,Female,50-54,3462.3372226107535,3499,-36.66277738924646,158.0,173.19243547462793,True,True
25420,Male,18-24,26926.0,26606,320.0,878.1400799416913,733.6841077679481,True,True
27780,Male,65-69,5113.0,5026,87.0,395.28470752104744,403.37650742668444,True,True
44300,Male,30-34,5631.0,5642,-11.0,224.0,285.40536670672475,True,True
25420,Male,30-34,20352.0,20795,-443.0,51.0,646.9248773862774,False,True
48700,Male,45-49,3000.6964717470246,2926,74.69647174702459,67.0,96.0092438240482,False,True
44300,Male,18-24,20756.0,20475,281.0,1223.3981363399243,830.539061616761,True,True
11020,Male,30-34,3779.627425765785,4017,-237.37257423421488,158.0,181.40248037280531,False,True
27780,Male,50-54,4355.0,4376,-21.0,73.0,178.05937749104933,True,True
11020,Male,18-24,5111.461790205748,5248,-136.538209794252,349.15469350991117,246.964703587686,True,True
39740,Male,25-29,13520.0,13546,-26.0,33.0,295.21861320892356,True,True
16860,Female,35-39,18003.27270151621,18450,-446.72729848379095,962.0,870.0987459527718,True,True
12060,Female,45-49,219629.91798216623,219116,513.9179821662256,457.0,1035.0484601294697,False,True
12060,Female,40-44,225253.477110728,224013,1240.4771107280103,3529.0,3974.8603519784647,True,True
12060,Female,35-39,227085.52410586656,229189,-2103.475894133444,3568.0,3900.3731226762334,True,True
23580,Male,55-59,6747.0,6642,105.0,529.0,501.40722559612163,True,True
10500,Male,50-54,4278.57633294833,4158,120.57633294832976,184.0,178.7265742538592,True,True
10500,Male,65-69,3401.2606077954724,3456,-54.739392204527576,351.7456467392312,392.0560245987989,True,True
31420,Female,65-69,6934.336700196855,6972,-37.66329980314458,557.0718086566578,443.65461425658424,True,True
31420,Male,55-59,7300.09186217149,6928,372.09186217149,461.0,515.2758438056053,True,True
31420,Female,50-54,7103.647950178879,7297,-193.352049821121,202.0,190.55476304381855,True,True
15260,Female,55-59,3719.7145521587126,4131,-411.28544784128735,413.0,299.6410386976374,True,True
40660,Male,18-24,4888.897784718487,4881,7.897784718486946,436.6577607234297,263.6799547787301,True,True
14460,Female,45-49,147638.1536109371,148371,-732.8463890629064,169.0,941.2913123652527,False,True
14460,Male,45-49,144191.8174378585,144320,-128.1825621415046,204.0,809.4862830566839,True,True
14460,Female,35-39,174031.71194587438,173822,209.71194587438367,2242.0,2831.546056548046,True,True
14460,Male,35-39,174278.37328081147,172031,2247.373280811473,2812.0,2674.9072906011056,True,True
39300,Male,40-44,52027.0,51549,478.0,1473.0,1789.2128934003356,True,True
14460,Female,40-44,158547.5409172834,157541,1006.5409172833897,2256.0,2769.7619310575283,True,True
14460,Male,40-44,156578.54692604652,157766,-1187.453073953482,2853.0,2816.65181930839,True,True
39300,Male,35-39,55890.0,56774,-884.0,1465.0,1844.6218704069813,True,True
11200,Female,60-64,5399.115467428944,5164,235.1154674289437,446.80644579056826,346.27698027717526,True,True
17020,Female,55-59,6384.0,6371,13.0,447.0,511.4675098381128,True,True
25260,Male,30-34,7131.0,7448,-317.0,36.0,398.6361460279286,False,True
34900,Male,60-64,4590.0,4631,-41.0,655.6645483782085,596.077729302144,True,True
20940,Male,18-24,9603.0,9669,-66.0,811.6464747659537,302.2216903843105,True,True
34940,Female,25-29,8549.0,8385,164.0,88.0,216.10942939862665,False,True
45220,Female,18-24,37594.21010389572,38220,-625.7898961042811,1469.0983629423865,785.7817623346556,True,True
42700,Male,30-34,2831.826931807361,2432,399.8269318073608,84.0,189.31729520741803,False,False
42680,Female,45-49,4088.0,4103,-15.0,53.0,95.93890469981403,True,True
45220,Female,30-34,12438.391564562507,12667,-228.60843543749252,179.0,210.5021669344023,False,True
42700,Female,50-54,2766.239474913728,2747,19.239474913727918,53.0,131.9012101328305,True,True
48680,Male,60-64,5437.0,5117,320.0,610.4834150081392,691.840730383446,True,True
42700,Male,18-24,4123.724658931515,3072,1051.7246589315146,322.78011091143765,194.2802687585168,False,False
42680,Female,35-39,3838.0,3763,75.0,443.0,425.20752199367314,True,True
39460,Male,30-34,4528.0,4318,210.0,77.0,437.0401561856187,False,True
39460,Male,18-24,5335.0,5263,72.0,559.1582960128554,333.7686352831105,True,True
28100,Female,25-29,3159.5175284054935,3289,-129.48247159450648,56.0,72.55622853170212,False,False
16300,Male,30-34,9032.300429519237,9371,-338.6995704807632,97.0,433.63979445151966,False,True
20220,Male,50-54,2946.4753036690636,2778,168.47530366906358,89.0,121.67529706170457,False,False
11180,Male,50-54,2839.0,2806,33.0,82.0,137.22938636185037,True,True
26980,Male,50-54,4459.3033664303075,4429,30.303366430307506,138.0,265.0678411321544,True,True
11180,Male,65-69,2685.0,2717,-32.0,294.1054232753963,350.87044071850795,True,True
26980,Male,65-69,3979.5307976532204,4002,-22.46920234677964,395.98989886106943,428.6380883752222,True,True
23460,Male,55-59,3450.79696147937,3353,97.79696147937011,356.0,378.156655285807,True,True
22520,Male,30-34,4384.262667215505,4302,82.26266721550473,236.0,234.10613999786057,True,True
22520,Female,35-39,4347.191018506107,4136,211.19101850610696,397.0,489.0719376485441,True,True
22520,Female,40-44,4700.726365874495,4737,-36.27363412550494,395.0,507.7889504700697,True,True
23460,Female,50-54,3569.266640474861,3574,-4.733359525138894,90.0,108.48353450325413,True,True
20020,Female,55-59,5223.0,5118,105.0,331.0,395.86421721816436,True,True
19300,Female,30-34,7464.0,7288,176.0,101.0,483.8530586797504,False,True
41660,Male,55-59,3085.654962676956,3267,-181.34503732304393,289.0,308.65430985009453,True,True
30980,Male,55-59,8413.760363279765,8374,39.76036327976544,569.0,541.5533899071607,True,True
47020,Male,25-29,3080.1864467040905,3008,72.18644670409049,129.0,134.91112354953702,True,True
15540,Female,60-64,8281.248752027032,8285,-3.7512479729684856,595.3360395608518,663.1756439132386,True,True
15540,Male,25-29,7637.3690509281005,8114,-476.6309490718995,209.0,257.48044985707384,False,False
22900,Female,50-54,7179.507103663399,7300,-120.492896336601,201.0,179.82352841342404,True,True
22900,Male,18-24,10042.764870279469,9821,221.7648702794686,523.9837783748653,217.2036925396458,True,True
48700,Male,40-44,3233.980885065694,3265,-31.01911493430589,311.0,354.914174649412,True,True
30140,Male,55-59,4415.0,4514,-99.0,377.0,510.0799914964319,True,True
23900,Female,18-24,4922.745024679166,5112,-189.2549753208341,330.29229479356616,363.83524823744574,True,True
16860,Female,40-44,18945.415810609073,18565,380.41581060907265,963.0,946.8719407804764,True,True
16860,Female,45-49,17473.314900190955,17422,51.314900190955086,144.0,265.1973040019434,True,True
40660,Male,30-34,3300.2119391299934,3249,51.211939129993425,35.0,114.49103309745682,False,True
26900,Female,55-59,64340.396112565875,64820,-479.6038874341248,1873.0,2063.812560388135,True,True
21780,Male,30-34,8978.713421396978,8771,207.71342139697845,103.0,198.0268909579863,False,True
31140,Male,18-24,56839.12132416179,56582,257.1213241617879,1226.7412115030618,683.3293463438358,True,True
21780,Male,18-24,11940.122069781857,11980,-39.877930218142865,603.6505611692911,317.02870774474167,True,True
31140,Male,30-34,47351.169343664245,47746,-394.8306563357546,302.0,691.3279104917766,False,True
45460,Male,65-69,4678.540673820175,4717,-38.45932617982544,478.60213121130164,372.29846807889925,True,True
18020,Female,65-69,2193.877737691358,2145,48.87773769135811,317.4161306550126,249.15086127931772,True,True
34620,Male,55-59,3193.0,3282,-89.0,312.0,324.5497871359647,True,True
45820,Male,25-29,6863.940997483704,6780,83.94099748370445,100.0,196.2424567823617,True,True
19740,Female,30-34,128438.0297372796,128113,325.0297372796049,154.0,676.0297409071344,False,True
19740,Female,18-24,118316.39734287295,117710,606.3973428729514,1735.4950302435325,781.9384181349502,True,True
14500,Female,30-34,10356.604654135868,10250,106.60465413586826,29.0,276.8811763711632,False,True
14500,Female,18-24,24499.747305318848,24575,-75.2526946811522,1240.9121644983582,630.3903280850633,True,True
22660,Male,55-59,9515.0,9601,-86.0,579.0,670.7818055159591,True,True
24300,Female,60-64,5467.165517500301,5616,-148.83448249969933,505.15938078986517,551.1884212397331,True,True
28940,Female,35-39,29498.269712607056,29296,202.26971260705614,1072.0,1275.5048423171147,True,True
34100,Female,25-29,3507.0052485089745,3513,-5.994751491025454,165.0,162.94004271586772,True,True
28940,Female,40-44,28616.5163622081,28337,279.5163622081018,1045.0,1293.4450659504905,True,True
34980,Female,25-29,79714.45872524208,79969,-254.54127475792484,461.0,796.3933528673134,True,True
17300,Female,30-34,13547.34846290167,13635,-87.65153709833066,120.0,188.82680826854332,True,True
17300,Female,18-24,15668.434141631891,16125,-456.5658583681088,872.8000916590236,288.6266080888864,True,True
28700,Female,55-59,11883.61065191408,11483,400.6106519140794,596.0,616.067083003123,True,True
28940,Female,45-49,27273.769154215646,28007,-733.2308457843537,277.0,373.96958700722047,False,False
17420,Female,60-64,4513.0,4449,64.0,425.9624396587098,479.41083118891885,True,True
27180,Female,60-64,6159.1937263678155,6285,-125.80627363218446,499.14426772226886,430.3728823332183,True,True
35620,Female,55-59,679955.1379982743,681448,-1492.8620017257053,5880.0,6061.723573084611,True,True
21300,Female,60-64,3217.7173249192647,3139,78.71732491926468,326.683332908185,236.37763987482805,True,True
45060,Male,65-69,18848.86018905386,19211,-362.13981094614064,715.6144213191906,598.1748698729265,True,True
28880,Female,60-64,24351.776860452188,23905,446.776860452188,1039.6634070698074,944.603011634852,True,True
48060,Male,30-34,4491.054157505515,4689,-197.94584249448508,24.0,151.28554862457594,False,False
48060,Male,18-24,8714.913992672173,8356,358.91399267217275,590.208437757374,340.8706134499382,True,True
45060,Male,50-54,19636.511473113445,19690,-53.48852688655461,80.0,257.6174685506946,True,True
15380,Male,60-64,39659.0,39922,-263.0,1446.0625850909773,1206.9730001977052,True,True
24020,Male,50-54,4391.0,4372,19.0,137.0,149.30085611358697,True,True
45060,Female,55-59,22030.76825203672,23019,-988.2317479632802,792.0,676.7517463768932,False,True
40380,Female,45-49,28988.47496308911,29180,-191.52503691089078,223.0,399.6645769782101,True,True
40380,Female,40-44,30050.530003143453,30353,-302.46999685654737,976.0,1269.6152994253514,True,True
40380,Female,35-39,35781.96352183238,35420,361.96352183238196,964.0,1369.3700230080537,True,True
15380,Female,60-64,43388.0,42661,727.0,1336.9644722280393,1520.9972807930988,True,True
48060,Female,60-64,3680.2191323614843,3361,319.2191323614843,323.1129833355509,296.0036044549246,True,True
30700,Male,60-64,10088.294537200502,9561,527.2945372005015,652.7059062089143,767.3979232700683,True,True
12580,Female,50-54,91112.64114491924,92361,-1248.3588550807617,161.0,578.7337693091245,False,False
47900,Female,55-59,204252.51428375498,204833,-580.4857162450207,2438.0,3135.031966660288,True,True
12580,Female,65-69,83424.7046676171,83670,-245.29533238289878,1858.344693537773,1690.7140381374827,True,True
25180,Male,30-34,10549.255077494257,10845,-295.7449225057426,127.0,531.3084434737677,False,True
41540,Male,60-64,4715.998780307078,4275,440.99878030707805,485.3246336216615,341.1358502507852,True,True
25180,Female,30-34,9870.234299473519,10105,-234.76570052648094,125.0,200.28512541219158,False,True
41540,Female,25-29,3593.5782539437287,3836,-242.42174605627133,194.0,178.84199944833654,False,True
25180,Male,18-24,12505.239032125086,12521,-15.760967874914058,715.0202794326885,297.125506700913,True,True
17410,Male,60-64,75919.0,75945,-26.0,1545.9495463953538,1804.1670520651628,True,True
48540,Male,35-39,3972.8154617362115,4406,-433.18453826378845,384.0,301.7992242221936,False,True
10420,Male,25-29,23168.0,23224,-56.0,314.0,597.9364563009601,True,True
48540,Male,45-49,4021.5856432380856,4318,-296.4143567619144,94.0,107.22745084943523,False,False
40220,Female,65-69,11547.577142294138,11059,488.57714229413796,622.371271830569,628.1549520948541,True,True
40060,Female,60-64,46468.882587341184,46363,105.88258734118426,1388.9744418094956,1448.5687875854437,True,True
47260,Female,25-29,62164.308111366314,61848,316.3081113663138,474.0,612.4044683034041,True,True
40060,Male,50-54,41510.361461700966,41593,-82.63853829903383,381.0,597.6393513877255,True,True
40060,Male,65-69,35171.37608692378,35722,-550.6239130762187,1399.6360241148411,1285.2615859056725,True,True
25500,Female,25-29,3930.0,3999,-69.0,112.0,111.74140036262298,True,True
31340,Female,18-24,17367.0,17740,-373.0,1040.0355763145797,714.9929627153683,True,True
31340,Female,30-34,8033.0,8035,-2.0,205.0,208.47868414420694,True,True
33340,Female,65-69,48378.0,47149,1229.0,1608.7986200889159,1679.1800716424818,True,True
24580,Male,40-44,10252.50613418657,10377,-124.4938658134306,566.0,958.8278478937236,True,True
29100,Male,60-64,5438.785411466655,5663,-224.2145885333448,456.1162132614889,488.5049487195163,True,True
27500,Female,65-69,5230.0,5084,146.0,496.42119213426014,614.2521192413584,True,True
20260,Male,40-44,8627.707794482558,8926,-298.2922055174422,460.0,563.5712690299289,True,True
11540,Male,30-34,7823.321968673799,8227,-403.67803132620065,90.0,318.55054417962486,False,False
33340,Female,50-54,46623.0,47450,-827.0,202.0,744.0974351261063,False,False
20260,Male,35-39,8901.649214433806,9393,-491.35078556619374,461.0,555.8676239642817,False,True
27500,Female,50-54,5201.0,5221,-20.0,59.0,250.16172201697847,True,True
20740,Female,18-24,10969.70294895226,11177,-207.29705104774075,619.1558769809102,434.4156460401176,True,True
20260,Male,45-49,7802.74456872202,8024,-221.25543127798028,137.0,191.11610516877292,False,True
11540,Male,18-24,10531.922684642019,10462,69.9226846420188,521.7566482566369,402.5986208984952,True,True
24580,Male,45-49,10029.989053947233,9898,131.9890539472326,121.0,577.3952101696965,False,True
48140,Female,25-29,3908.0,3912,-4.0,93.0,232.759071402169,True,True
28450,Male,25-29,5593.0,5555,38.0,72.0,321.76258870089293,True,True
36780,Female,60-64,5972.0,5584,388.0,424.34891304208617,409.7227426153569,True,True
20740,Female,30-34,5340.3634149880445,5057,283.3634149880445,32.0,297.8910020937044,False,True
24580,Male,35-39,11402.515967585912,11680,-277.4840324140878,545.0,910.3402577731875,True,True
45460,Female,60-64,5390.196308399513,5495,-104.80369160048667,495.94858604496494,381.9908085664889,True,True
18020,Male,55-59,2626.4990929519145,2652,-25.500907048085537,243.0,260.5427107680055,True,True
45460,Male,50-54,5448.2785307572985,5389,59.27853075729854,172.0,297.6670367933705,True,True
18020,Female,50-54,2449.672736768666,2412,37.6727367686658,86.0,86.23627524048284,True,True
41140,Male,45-49,3453.3753858434857,3637,-183.62461415651433,141.0,191.29277748887552,False,True
41140,Male,40-44,4538.188975135221,4151,387.18897513522097,327.0,395.14452622086804,False,True
29940,Female,25-29,4770.0,4281,489.0,271.0,528.6300345574872,False,True
41140,Male,35-39,4184.456185537281,4325,-140.54381446271873,305.0,400.7374108358853,True,True
31700,Male,25-29,15309.775925061329,15292,17.775925061328962,25.0,441.8540003736984,True,True
10740,Male,40-44,31119.040839932022,31295,-175.9591600679778,1179.0,1629.4138713472935,True,True
10740,Male,45-49,26539.06226398371,27011,-471.9377360162907,165.0,577.8107821968831,False,True
10740,Male,35-39,32871.9289340617,32263,608.9289340617033,1230.0,1580.7309060807486,True,True
29740,Male,55-59,5522.0,5303,219.0,577.0,612.732469733937,True,True
22140,Male,65-69,3445.419695769103,3475,-29.580304230897127,340.3307215048327,338.35909703830407,True,True
42140,Female,30-34,4106.421909179731,4254,-147.5780908202687,68.0,150.39898852028404,False,True
42140,Female,18-24,5728.356748589151,5308,420.3567485891508,435.723536201569,221.67382241129525,True,True
42140,Male,55-59,4850.517771723792,4955,-104.48222827620793,397.0,426.3571533362695,True,True
29740,Female,55-59,5867.0,5580,287.0,629.0,548.4305168045447,True,True
22140,Male,50-54,3221.448039785474,3247,-25.551960214525934,78.0,144.53601593842066,True,True
28880,Male,25-29,21056.399370931595,21562,-505.6006290684054,32.0,534.1013034130909,False,True
24020,Male,65-69,4882.0,4779,103.0,415.6404696369207,427.01234334618476,True,True
28740,Female,65-69,5688.936278219831,6161,-472.06372178016863,534.3051562543637,492.16485227095063,True,True
28740,Female,50-54,5880.612921800657,5962,-81.3870781993428,24.0,283.6365810849433,False,True
25180,Female,18-24,10617.0229218209,10840,-222.9770781790994,739.169804578082,287.41130833744745,True,True
27620,Male,25-29,4824.600960172589,5016,-191.3990398274109,131.0,263.3493282547219,False,True
29820,Male,50-54,76773.0,77232,-459.0,0.0,661.862637637146,False,True
29820,Male,65-69,56825.0,57053,-228.0,1892.7023009443403,1476.0559425755177,True,True
16180,Male,25-29,1916.990865000871,1939,-22.009134999128946,83.0,132.28250917936984,True,True
44220,Female,50-54,4267.0,4254,13.0,57.0,95.20770580026597,True,True
41780,Female,60-64,4439.164720760638,5283,-843.8352792393616,450.2887962186046,306.7502243883794,False,False
48540,Male,40-44,4058.742648104201,4449,-390.2573518957988,386.0,288.52882754295956,False,True
44220,Female,65-69,4197.0,4334,-137.0,387.5590277622236,414.26998845257907,True,True
49020,Male,25-29,4535.82985393409,4635,-99.17014606590965,191.0,178.59964927645927,True,True
40220,Female,50-54,10464.59953240155,10416,48.59953240154937,257.0,283.3875399782151,True,True
40220,Male,25-29,9273.05418781033,9251,22.054187810330404,221.0,265.50579055836187,True,True
33340,Male,60-64,49203.0,49305,-102.0,1457.1647127212489,1791.971559283587,True,True
47220,Female,60-64,5349.867779668793,5206,143.86777966879345,529.6461082647545,442.21754939006087,True,True
45940,Male,55-59,12317.0,12183,134.0,702.0,832.1343512776348,True,True
45900,Female,45-49,4263.991158264333,4336,-72.00884173566737,135.0,182.06640289469914,True,True
45900,Female,40-44,4498.7171140582695,4545,-46.282885941730456,316.0,339.0661982281678,True,True
33220,Female,30-34,2570.0452758807332,2650,-79.95472411926676,65.0,74.82410116613315,False,True
33220,Male,35-39,2679.836591398976,2923,-243.163408601024,300.0,235.25990230073447,True,True
33780,Male,60-64,5988.0,6148,-160.0,620.9943639035704,575.790418581275,True,True
33220,Male,45-49,2391.9985599128377,2353,38.99855991283766,92.0,105.72892940069923,True,True
35660,Male,25-29,4219.0,4307,-88.0,25.0,105.51620377932481,False,True
34740,Male,55-59,5736.0,5581,155.0,403.0,558.1874298242034,True,True
45900,Female,35-39,4358.308741355408,4603,-244.69125864459238,309.0,358.4802929168168,True,True
27100,Male,50-54,5463.0,5415,48.0,97.0,212.74722102474104,True,True
13020,Male,60-64,3925.620939484431,4071,-145.3790605155691,384.68818541774846,282.0090510073054,True,True
12980,Female,65-69,4298.571567939283,4226,72.57156793928334,388.9113009414872,269.9434244874729,True,True
12980,Female,50-54,4255.538301357211,4257,-1.461698642789088,100.0,92.04814387354324,True,True
33780,Female,18-24,5784.0,5637,147.0,437.8687017817099,248.25061200830905,True,True
33220,Male,40-44,2616.9964830808526,2473,143.9964830808526,256.0,218.8529666300286,True,True
28020,Male,18-24,18717.0,19251,-534.0,1009.767299926077,608.3520486938464,True,True
27100,Male,65-69,5358.0,4918,440.0,404.4317000434066,392.7218304092606,False,True
11460,Male,60-64,10873.0,10576,297.0,659.8257345693634,685.896553539599,True,True
25620,Male,18-24,8395.799432919717,8516,-120.20056708028278,577.7525421839354,382.8585190999413,True,True
25620,Male,30-34,4856.610365491163,4896,-39.389634508836934,172.0,221.83586185834778,True,True
22180,Female,55-59,10409.946680145393,10918,-508.05331985460725,555.0,532.9397559260148,True,True
48900,Female,65-69,18341.0,18746,-405.0,1091.92399002861,977.0739188451917,True,True
25860,Male,65-69,11034.958629189106,11020,14.958629189106432,669.0186843429711,541.4431538834062,True,True
20500,Male,18-24,33062.96233391654,32650,412.96233391654096,1276.980031167285,1080.1156654304987,True,True
11700,Female,60-64,15244.379480657519,14836,408.3794806575188,1146.9167362978012,827.4991463188308,True,True
39580,Female,45-49,52663.44125415199,52652,11.441254151992325,102.0,599.2054310060429,True,True
38240,Female,50-54,3070.1068033530682,2952,118.10680335306824,98.0,123.82919119761928,False,True
40580,Male,30-34,4366.0,4388,-22.0,83.0,151.7734269025708,True,True
48900,Female,50-54,14393.0,14270,123.0,133.0,311.91798401783444,True,True
27340,Male,18-24,31356.39248536245,31158,198.3924853624485,1227.0073349414013,1098.033038239262,True,True
39580,Female,35-39,52689.299801374145,54198,-1508.7001986258547,1519.0,1903.0842856260967,True,True
49180,Male,50-54,22348.375650086306,22793,-444.62434991369446,197.0,381.170704582693,False,False
49180,Male,65-69,18241.947584604135,18767,-525.052415395865,1063.4885989045674,890.5765230035704,True,True
25860,Male,50-54,12854.692067011058,12788,66.69206701105759,239.0,238.90554138204647,True,True
38240,Female,65-69,4115.906957040816,4264,-148.09304295918355,440.70965498840616,389.97620195408956,True,True
48900,Male,60-64,17158.0,17193,-35.0,957.0788891204319,823.0721787296361,True,True
40580,Female,60-64,5112.0,5276,-164.0,560.5327822705823,479.90630163866365,True,True
39580,Female,40-44,57856.37203039704,57565,291.37203039704036,1526.0,1972.161214042484,True,True
20500,Male,30-34,22563.27016669827,22455,108.27016669826844,405.0,434.7683312073118,True,True
17660,Male,40-44,6446.657197345155,6079,367.6571973451546,527.0,699.4272145881187,True,True
17660,Male,45-49,5219.167082013543,5441,-221.83291798645678,130.0,192.06437141490946,False,True
46300,Female,65-69,3204.668995070325,3211,-6.331004929675146,379.6656423749718,322.93746429611707,True,True
17660,Male,35-39,5839.993287367812,5793,46.99328736781172,549.0,635.4912778219381,True,True
26820,Female,30-34,5472.327794449055,5758,-285.67220555094536,147.0,184.46484286749288,False,False
30300,Female,60-64,2587.0445462945413,2275,312.0445462945413,262.23081436017395,160.3867286077494,False,False
38540,Male,30-34,3007.6580754640613,3146,-138.3419245359387,79.0,123.21801650910123,False,True
26820,Female,18-24,8440.834485590913,6764,1676.8344855909127,422.22861106277486,193.72207131882794,False,False
30300,Male,25-29,1717.2460563012567,1885,-167.75394369874334,94.0,96.00883960089232,False,False
46300,Female,50-54,2965.1879308761536,2991,-25.812069123846413,86.0,133.79736268398185,True,True
38540,Male,18-24,4542.004123496934,4715,-172.99587650306603,375.3278566799965,249.50385712350078,True,True
22220,Female,25-29,20121.92613690067,20784,-662.0738630993292,127.0,393.80869702889066,False,False
27860,Female,18-24,6671.0,6892,-221.0,659.3663625026682,349.28719276370555,True,True
30780,Male,40-44,24086.0,23730,356.0,1108.0,1249.5004628430518,True,True
30780,Male,45-49,22096.0,21920,176.0,242.0,346.6070041091207,True,True
26300,Female,18-24,3915.665121391201,3342,573.665121391201,431.9050821650516,198.5282259613603,False,False
26300,Female,30-34,2748.579053929812,2958,-209.42094607018817,51.0,103.97021725328116,False,False
27860,Male,25-29,4728.0,4686,42.0,182.0,226.68941584522642,True,True
30780,Male,35-39,24789.0,25085,-296.0,1054.0,1166.1995435398267,True,True
27860,Female,30-34,5050.0,5223,-173.0,106.0,125.50875679111,False,False
14540,Male,25-29,6501.301886559124,6477,24.301886559123886,50.0,201.10303140333707,True,True
28020,Female,60-64,8219.0,7533,686.0,562.4277731406941,632.6704003418763,False,True
28020,Male,30-34,8667.0,8562,105.0,39.0,306.2508918987013,False,True
33220,Female,18-24,2988.7198746078457,3002,-13.280125392154332,305.6108636812507,118.45061791974442,True,True
33780,Female,30-34,4750.0,4736,14.0,84.0,207.3248260821651,True,True
27340,Male,30-34,7967.538067823221,8549,-581.4619321767786,144.0,327.95671827101495,False,False
24780,Male,25-29,5734.0,5708,26.0,87.0,81.3210870331306,True,True
40580,Male,18-24,5900.0,5837,63.0,475.8056325854077,179.15477422469098,True,True
17900,Female,65-69,25362.26886843711,25376,-13.731131562890369,1195.198728245642,953.2277222357947,True,True
34820,Female,60-64,18200.54623295767,18363,-162.45376704233058,1196.1555082847715,826.2023879498952,True,True
17900,Female,50-54,26699.87687796109,26753,-53.12312203890906,158.0,392.5303488586539,True,True
43900,Male,30-34,13072.077260051004,13034,38.07726005100449,51.0,233.33429477812015,True,True
43900,Male,18-24,16757.6231786963,16367,390.6231786962999,822.9355989383373,411.1694453847025,True,True
34820,Male,55-59,12661.212705429061,12599,62.212705429061316,761.0,936.7660121536976,True,True
44940,Female,40-44,3065.7515861395805,3059,6.751586139580468,407.0,372.15501962879875,True,True
40340,Male,25-29,7400.278533598305,7239,161.27853359830533,55.0,364.7641540744053,False,True
43620,Male,25-29,11266.374301894304,10758,508.37430189430415,202.0,421.6014626816671,False,False
24220,Male,60-64,3355.6554288822863,2837,518.6554288822863,303.4237960345233,229.96379053249294,False,False
22020,Male,55-59,6537.124375192042,6119,418.12437519204195,447.0,576.1637856082758,True,True
31860,Male,55-59,2774.0,2702,72.0,264.0,433.9461984192281,True,True
24220,Female,60-64,3413.288795514105,3077,336.288795514105,285.2805636562014,217.55697459583237,False,True
13740,Male,60-64,6246.810995734525,5952,294.810995734525,603.365560833563,504.96905275855164,True,True
33540,Female,55-59,3978.399805717674,3372,606.3998057176741,293.0,377.228773747511,False,False
10540,Female,25-29,4208.596086684667,4277,-68.40391331533283,81.0,168.53434291808924,True,True
24420,Male,25-29,2138.449505171312,2222,-83.55049482868799,142.0,96.6582541891196,True,True
21660,Male,25-29,12747.0,12950,-203.0,49.0,352.7428162858175,False,True
49340,Male,25-29,27682.0,27705,-23.0,7.0,352.75489850603066,False,True
39300,Male,45-49,48482.0,48156,326.0,380.0,611.5666656873967,True,True
44140,Male,25-29,15431.0,15281,150.0,50.0,295.2949117429049,False,True
11260,Male,50-54,11672.259503175439,11876,-203.74049682456098,97.0,544.0746992269899,False,True
11260,Male,65-69,11598.706565153685,10839,759.706565153685,769.452402686482,754.5530156215474,True,True
44940,Female,35-39,3275.973725416265,3326,-50.0262745837349,419.0,369.08981126810454,True,True
44940,Female,45-49,2832.799838468395,2869,-36.20016153160486,113.0,116.43416979900613,True,True
41060,Female,55-59,6278.977895019614,5920,358.97789501961415,338.0,529.2853102038596,False,True
13460,Male,40-44,8762.0,8677,85.0,661.0,740.6094366246625,True,True
32780,Male,60-64,7293.0,7296,-3.0,620.3104061677508,563.2907328269746,True,True
13460,Male,45-49,8243.0,8195,48.0,182.0,373.40974610841374,True,True
13460,Male,35-39,9295.0,9265,30.0,670.0,778.448171587229,True,True
38340,Male,30-34,3471.0,3398,73.0,171.0,241.2284672411198,True,True
44140,Female,25-29,15140.0,14947,193.0,39.0,288.6166446603522,False,True
38340,Male,18-24,6088.0,6340,-252.0,486.5901766373834,373.70765184165015,True,True
36500,Male,50-54,8840.0,8888,-48.0,112.0,245.4555538458032,True,True
49420,Female,18-24,11971.0,12038,-67.0,548.0291963025328,175.63408549453035,True,True
31020,Male,60-64,3972.1106094733564,3922,50.11060947335636,403.7883108758846,328.7388384061922,True,True
36500,Male,65-69,8041.0,7934,107.0,527.683617331446,579.068039093853,True,True
13380,Male,25-29,8304.0,8278,26.0,8.0,207.6329530475594,False,True
49420,Female,30-34,8639.0,8710,-71.0,80.0,256.0105736366176,True,True
44060,Female,25-29,20722.38778298303,20402,320.3877829830308,91.0,388.2034940710084,False,True
47460,Female,50-54,1520.6323035206447,1601,-80.36769647935535,71.0,145.37657277085444,False,True
47460,Female,65-69,1531.5670442065846,2034,-502.43295579341543,268.02984908401527,211.82568346301977,False,False
20100,Female,18-24,9339.0,9397,-58.0,528.0227267836111,422.1529626184093,True,True
20100,Female,30-34,6404.0,6413,-9.0,8.0,27.447356156832306,False,True
20100,Male,55-59,5177.0,5052,125.0,423.0,527.7512781225641,True,True
37620,Male,55-59,2942.6453252612937,2908,34.64532526129369,286.0,280.77289421570447,True,True
37620,Female,60-64,3572.6630027283495,3459,113.66300272834951,364.97808153367237,299.45735931931426,True,True
16220,Female,25-29,2434.271212051828,2423,11.271212051828115,55.0,73.43982467860089,True,True
16220,Male,30-34,2893.2983367661895,2931,-37.70166323381045,118.0,152.9654496312703,True,True
16220,Male,18-24,4802.077445039569,3262,1540.0774450395693,323.7344590864556,191.7576056700633,False,False
16940,Male,25-29,3409.0,3628,-219.0,195.0,122.39010045240589,False,True
13900,Female,25-29,4454.18941179518,4315,139.1894117951797,192.0,316.6363006492497,True,True
13900,Male,55-59,3578.2014038177645,3684,-105.79859618223554,354.0,485.282628575703,True,True
38860,Female,18-24,21167.0,21358,-191.0,927.9498908885113,578.1887176335682,True,True
38860,Female,30-34,19432.0,19487,-55.0,194.0,547.1351359136517,True,True
30340,Female,55-59,4579.0,4358,221.0,344.0,413.2407312496555,True,True
42220,Female,18-24,18884.0,18711,173.0,723.1673388642494,362.2817004124691,True,True
42200,Female,30-34,13290.0,13295,-5.0,63.0,233.02428062596826,True,True
31080,Male,60-64,389312.0,389818,-506.0,4704.27220726012,4426.547797255215,True,True
41860,Male,60-64,139840.0,140468,-628.0,2734.58388059317,2386.2591641911513,True,True
12540,Female,18-24,42922.0,42842,80.0,1127.7340111923556,312.6201210814813,True,True
12540,Female,30-34,33234.0,33364,-130.0,64.0,321.6315761997724,False,True
41860,Female,25-29,156786.0,157078,-292.0,186.0,841.3281699892735,False,True
44700,Male,25-29,27425.0,27328,97.0,169.0,537.4889926245002,True,True
37100,Female,55-59,27053.0,27423,-370.0,975.0,976.0881651264909,True,True
42100,Male,35-39,8574.0,8283,291.0,599.0,576.0347495854743,True,True
44700,Female,25-29,25883.0,26257,-374.0,103.0,362.04745916281473,False,True
37100,Male,18-24,37980.0,37572,408.0,1221.735241367785,659.3659883744384,True,True
25260,Male,55-59,3779.0,3806,-27.0,354.0,320.1592211365308,True,True
17020,Female,18-24,15167.0,15209,-42.0,905.5771640230334,293.63641664054546,True,True
23420,Female,55-59,31389.0,31598,-209.0,1171.0,1262.2542281564163,True,True
41500,Female,60-64,12173.866439036288,11205,968.8664390362883,702.2855544577291,689.2630339833088,False,True
41500,Male,30-34,15882.20120201698,15849,33.20120201698046,71.0,394.1590301463807,True,True
41500,Male,18-24,22099.22236695849,22834,-734.7776330415109,799.95249858976,539.2497651794525,True,True
42100,Male,45-49,7966.0,7832,134.0,124.0,257.2624330328857,False,True
37100,Male,30-34,28370.0,28780,-410.0,44.0,353.9927630651508,False,False
47930,Female,60-64,16771.0,17071,-300.0,1083.7342847764853,782.7900636656996,True,True
45300,Female,55-59,114040.0,115192,-1152.0,2167.0,2202.617590981807,True,True
29460,Male,60-64,22251.0,22941,-690.0,1181.917932853208,1081.7307243573837,True,True
33100,Female,55-59,219145.5919027864,219034,111.59190278640017,3003.0,3201.1576403285767,True,True
19660,Female,25-29,18600.0,18493,107.0,99.0,394.20014742196634,False,True
36100,Female,65-69,17684.0,17668,16.0,1037.6839595946349,950.1777597356455,True,True
36100,Female,50-54,12046.0,11799,247.0,29.0,291.6416134423378,False,True
19660,Male,65-69,26419.0,26560,-141.0,1250.1943848858064,1076.083951487406,True,True
37460,Female,25-29,6383.847197510107,6380,3.847197510107435,139.0,117.50064296174521,True,True
19660,Male,50-54,21164.0,21154,10.0,76.0,442.64379421833087,True,True
34940,Female,45-49,10078.0,10083,-5.0,28.0,170.22610700917767,True,True
34940,Female,35-39,9489.0,10067,-578.0,694.0,839.0653033509966,True,True
46060,Male,65-69,31495.336980584747,31414,81.33698058474693,1271.284783201624,939.5473646629604,True,True
46060,Male,50-54,27786.33089900507,28002,-215.6691009949318,87.0,517.5479452742441,False,True
22380,Female,55-59,3515.0,3635,-120.0,369.0,348.9535130590463,True,True
46520,Female,30-34,34564.0,34643,-79.0,0.0,345.8682426463147,False,True
46520,Female,18-24,37685.0,37985,-300.0,924.2023587937871,582.7034903962735,True,True
27980,Female,18-24,5303.946995259695,5411,-107.05300474030537,464.80103270109026,56.217650162908804,True,True
27980,Female,30-34,5188.123915841302,5117,71.12391584130182,36.0,132.3909889091161,False,True
41180,Male,18-24,116479.94464867818,116502,-22.055351321818307,1864.129019140038,985.7635941398631,True,True
41180,Male,30-34,93417.83072322255,94346,-928.1692767774512,231.0,907.9399170924345,False,True
28100,Female,45-49,3235.752937443134,3158,77.75293744313421,26.0,71.65422404234386,False,False
28100,Male,60-64,3591.5222588427714,3879,-287.4777411572286,363.6316817880422,319.214457866233,True,True
12940,Male,60-64,25196.24396162919,24885,311.24396162918856,1316.4197658801695,1216.3568888963491,True,True
43340,Male,65-69,9596.394360505745,9723,-126.60563949425523,739.2002435064534,675.5102723665718,True,True
43340,Male,50-54,10463.14670506003,10518,-54.85329493997051,171.0,245.53642567364847,True,True
12940,Female,45-49,25292.221964750446,25164,128.2219647504462,381.0,631.5052391601233,True,True
12940,Female,35-39,31712.900535530276,31173,539.9005355302761,1239.0,1501.9537067744493,True,True
12940,Female,40-44,27452.319387335527,27911,-458.6806126644733,1280.0,1587.3317532460892,True,True
26380,Female,18-24,8324.170296270842,8387,-62.8297037291577,620.6109892678344,258.8241836657601,True,True
29340,Female,50-54,6823.3365711990145,6951,-127.66342880098546,135.0,250.735270937452,True,True
29340,Female,65-69,7153.41560139152,7457,-303.5843986084801,708.0254232723568,567.8279222944991,True,True
33740,Female,18-24,10176.803714599235,10318,-141.1962854007652,679.136216086287,334.9616986197213,True,True
25220,Female,18-24,6965.482473037914,6898,67.48247303791413,601.0590653172115,297.3255446158248,True,True
25220,Male,65-69,3534.1202206977637,3316,218.12022069776367,619.8975721843085,416.7996176339033,True,True
16300,Female,65-69,8164.971250410494,8030,134.97125041049367,651.4207549656367,620.5948158006773,True,True
16300,Female,50-54,8063.718270356307,8318,-254.28172964369332,114.0,298.369553124611,False,True
16300,Male,55-59,8422.45364777656,8936,-513.5463522234404,656.0,651.3383344166042,True,True
13820,Female,18-24,52441.9369125876,52090,351.93691258759645,1354.5796395930363,1000.2282564140576,True,True
12220,Female,18-24,16294.042345387597,17167,-872.9576546124026,1060.3499422360526,534.3408983614514,True,True
33660,Female,18-24,17973.0,18096,-123.0,796.674337480504,512.1882577102389,True,True
23460,Male,18-24,3937.9760921605143,4073,-135.02390783948567,275.7788969446357,144.95768835194127,True,True
13820,Female,30-34,41681.54681345823,41941,-259.4531865417666,248.0,489.41580071704476,False,True
19460,Male,35-39,4826.0,4770,56.0,437.0,583.4407098090602,True,True
22520,Male,55-59,4654.127496066376,4751,-96.8725039336241,424.0,538.1411676478981,True,True
19300,Male,35-39,7771.0,7690,81.0,630.0,814.8003996884759,True,True
46220,Male,55-59,7297.7058656791705,7092,205.70586567917053,579.0,574.429632249397,True,True
17980,Male,25-29,12497.786041653604,12289,208.78604165360412,361.0,447.06486130953346,True,True
20020,Female,18-24,5734.0,5706,28.0,324.87997783797016,101.98004991786384,True,True
19460,Male,45-49,4628.0,4819,-191.0,162.0,226.35253797174445,False,True
26620,Female,55-59,17160.587254894785,17315,-154.41274510521544,812.0,1107.2927601519789,True,True
19460,Male,40-44,5118.0,4924,194.0,434.0,566.8429880288721,True,True
19300,Male,45-49,7378.0,7433,-55.0,332.0,545.7991259256926,True,True
33660,Female,30-34,15095.0,15169,-74.0,0.0,252.57795189802297,False,True
22520,Female,25-29,4555.809799471428,4617,-61.19020052857195,172.0,194.0184397821177,True,True
26420,Female,55-59,210229.19066963205,209997,232.19066963205114,2905.0,3428.144805867777,True,True
12420,Female,55-59,62562.822440617456,62239,323.82244061745587,1591.0,1654.7306914942399,True,True
47020,Male,45-49,2862.4222084982553,2680,182.42220849825526,139.0,213.17514550862836,False,True
46340,Female,30-34,8524.0,8537,-13.0,0.0,112.07811272166391,False,True
32580,Male,50-54,23536.0,23613,-77.0,269.0,384.57324226179594,True,True
47020,Male,35-39,3539.6590196817715,3357,182.6590196817715,370.0,407.25410227160506,True,True
32580,Male,65-69,14567.0,15087,-520.0,906.1815491390232,804.1489582285113,True,True
28660,Female,55-59,12967.406340266309,12146,821.4063402663087,662.0,725.1824044577259,False,True
30980,Male,18-24,14262.662628578164,14446,-183.337371421836,883.3147796793621,493.6666541208699,True,True
41660,Male,30-34,4487.280206758018,4415,72.28020675801781,129.0,188.95211379392583,True,True
10180,Female,60-64,5074.134560600838,5157,-82.86543939916191,440.65519400093314,461.28510862695265,True,True
33260,Female,50-54,3998.8003569996117,4083,-84.19964300038828,124.0,116.8996846604255,True,True
11100,Female,40-44,8831.083921136262,8758,73.08392113626178,593.0,635.5189305266994,True,True
47380,Male,18-24,20482.217890840886,20643,-160.78210915911404,1163.4934464791797,668.5192218764558,True,True
48660,Female,50-54,3851.926955418964,3835,16.9269554189641,45.0,41.58027923746404,True,True
30980,Female,25-29,8904.566467414696,8866,38.56646741469558,177.0,230.5076816388111,True,True
48660,Female,65-69,4130.801715744009,4333,-202.19828425599098,345.9609804587795,305.53929722383305,True,True
11100,Female,45-49,7674.3495046047865,7563,111.34950460478649,201.0,213.0949754175963,True,True
11100,Female,35-39,8792.88631099842,9048,-255.1136890015805,592.0,614.7553159038306,True,True
47380,Male,30-34,9347.626464109802,9066,281.6264641098023,234.0,174.76289460507834,False,True
47020,Male,40-44,2769.6303345511787,2946,-176.36966544882125,418.0,381.46041192015883,True,True
41660,Female,60-64,3798.7869832218444,3586,212.78698322184437,425.1834898017561,419.9449356665648,True,True
15180,Female,55-59,11413.0,11228,185.0,731.0,717.5738141055594,True,True
30980,Male,30-34,9152.566249649355,9117,35.566249649355086,216.0,308.43684866475934,True,True
17780,Male,65-69,5246.794427841881,5366,-119.20557215811914,409.59125967237145,356.8958004680417,True,True
41620,Female,45-49,39364.853207615284,39126,238.8532076152842,58.0,567.7247665799584,False,True
41620,Female,35-39,46217.411722943245,46349,-131.58827705675503,1178.0,1519.791090815313,True,True
41620,Male,60-64,30498.14655818408,30468,30.146558184078458,1196.4255095909648,1121.088568677029,True,True
41620,Female,40-44,45561.18100474418,45680,-118.81899525581684,1196.0,1330.967281563928,True,True
41100,Female,45-49,5240.0,5242,-2.0,126.0,172.65605290576985,True,True
41100,Female,40-44,5727.0,5846,-119.0,488.0,559.9989302021031,True,True
41100,Female,35-39,6051.0,5916,135.0,483.0,532.2705022988781,True,True
46140,Male,60-64,31272.34185945841,31281,-8.658140541589091,808.9610621037332,1051.8430672649552,True,True
46140,Female,25-29,34275.52431793303,34304,-28.475682066971785,151.0,290.68928289722754,True,True
36420,Male,25-29,52112.71989466509,52263,-150.28010533491033,141.0,762.272076166148,False,True
22900,Male,55-59,6756.939586384399,7167,-410.06041361560074,479.0,459.8001422767432,True,True
49620,Female,65-69,14769.0,14597,172.0,776.6498567565695,717.838306304073,True,True
30140,Female,45-49,3961.0,3980,-19.0,66.0,111.42127936350398,True,True
25420,Male,55-59,18472.0,18772,-300.0,691.0,1030.663719606206,True,True
38300,Female,25-29,74130.05036394419,74254,-123.94963605581142,257.0,548.7772606688505,True,True
23900,Male,50-54,3495.8714358990032,3479,16.871435899003245,69.0,177.44018971045048,True,True
44300,Male,55-59,4206.0,4361,-155.0,376.0,446.74668803752763,True,True
29540,Male,50-54,15741.0,15820,-79.0,29.0,334.8647917742324,False,True
49620,Male,60-64,16536.0,15965,571.0,892.0947259119964,889.0537147305837,True,True
29540,Male,65-69,16824.0,16295,529.0,736.2098885508127,760.2992647265614,True,True
11020,Male,55-59,3533.1957015098583,3501,32.19570150985828,280.0,327.7445107368865,True,True
23900,Male,65-69,3544.131278464739,3739,-194.8687215352611,343.55931074561204,320.8095662202096,True,True
39740,Male,40-44,12187.0,13219,-1032.0,712.0,831.7293087597672,False,True
23900,Female,55-59,3467.5453799252605,3514,-46.45462007473952,312.0,336.3697298271501,True,True
39740,Male,45-49,12208.0,12373,-165.0,35.0,415.95964550963356,False,True
30140,Male,18-24,6147.0,6085,62.0,497.5871782914025,273.77910490484845,True,True
16540,Female,60-64,5966.9073325060635,5669,297.90733250606354,518.1602068858626,510.64569093798553,True,True
49620,Female,50-54,15184.0,15326,-142.0,42.0,290.8460484689452,False,True
12060,Female,25-29,220457.48298539664,220977,-519.5170146033634,507.0,720.8992720912636,False,True
16860,Male,60-64,18075.987881209832,18037,38.98788120983227,994.1559233842546,1049.7163454403933,True,True
15260,Female,18-24,4274.770203651424,4166,108.7702036514238,476.18693808209395,146.0739835376985,True,True
31420,Male,18-24,11301.732743073315,10682,619.7327430733149,780.4421823556182,391.39447202384036,True,True
31420,Male,30-34,7601.681850914626,7496,105.68185091462601,217.0,367.1853217053163,True,True
19140,Female,60-64,4169.873366258816,4034,135.87336625881562,404.90122252223443,445.4368181811225,True,True
15260,Female,30-34,3866.105194695947,3551,315.1051946959469,131.0,128.97290997639823,False,False
40660,Male,55-59,3268.6799808351448,3467,-198.32001916485524,335.0,272.8544837539335,True,True
23580,Male,30-34,7046.0,7206,-160.0,171.0,230.01076837835222,True,True
23580,Male,18-24,10066.0,9933,133.0,516.3119212259194,194.896403830984,True,True
16860,Female,25-29,18738.685438695655,19191,-452.31456130434526,257.0,310.00839774796265,False,False
49340,Male,45-49,26094.0,26322,-228.0,54.0,475.2806126200605,False,True
44140,Female,45-49,13749.0,13752,-3.0,34.0,267.21150322824803,True,True
14460,Female,25-29,181793.17530813353,181735,58.17530813353369,252.0,1028.1091128725448,True,True
14460,Male,25-29,182744.40607431484,183119,-374.59392568515614,266.0,998.3581403185203,False,True
44140,Male,45-49,12349.0,12353,-4.0,56.0,321.35339200987124,True,True
44140,Female,35-39,15289.0,15298,-9.0,925.0,924.7839019042503,True,True
49340,Male,35-39,30160.0,29888,272.0,1187.0,1257.2169040971014,True,True
49340,Male,40-44,26971.0,27064,-93.0,1189.0,1298.8223002132547,True,True
44140,Female,40-44,14588.0,14493,95.0,923.0,882.6516488888751,True,True
39300,Male,25-29,55412.0,55483,-71.0,273.0,669.9759061554006,True,True
38340,Male,55-59,4670.0,4692,-22.0,386.0,388.5075942163164,True,True
46700,Female,30-34,16209.0,16174,35.0,105.0,175.05188488345394,True,True
42220,Female,30-34,15543.0,15375,168.0,70.0,319.01741635254024,False,True
42200,Female,18-24,33515.0,33079,436.0,1129.7428911039892,869.0230001746213,True,True
42100,Male,40-44,7812.0,7846,-34.0,617.0,596.0143968668038,True,True
42020,Female,55-59,8021.0,8133,-112.0,551.0,715.2769471225814,True,True
17020,Female,30-34,6494.0,6649,-155.0,139.0,236.721158549463,False,True
20940,Male,55-59,4058.0,4085,-27.0,371.0,405.995031402787,True,True
46700,Female,18-24,17485.0,17565,-80.0,828.31455377773,481.05718035385354,True,True
35980,Female,30-34,8717.0,8822,-105.0,0.0,174.97496235890438,False,True
35980,Female,18-24,12418.0,12699,-281.0,646.4147275549963,456.6438223331177,True,True
45220,Female,55-59,10634.706078046838,10537,97.70607804683823,506.0,653.8800733142616,True,True
34940,Female,40-44,9481.0,8790,691.0,694.0,822.6900577913593,True,True
39460,Male,55-59,6366.0,6583,-217.0,658.0,652.003381452121,True,True
42700,Male,55-59,2915.531158753155,2859,56.53115875315507,358.0,295.56986668071426,True,True
42680,Female,25-29,3496.0,3511,-15.0,57.0,62.19100845379499,True,True
28100,Female,40-44,3591.924337673388,3630,-38.07566232661202,319.0,352.07154985562096,True,True
14010,Male,55-59,4930.0,4815,115.0,329.0,356.3453129216799,True,True
28100,Female,35-39,3135.8740601892478,2832,303.87406018924776,323.0,360.7564825606887,True,True
25220,Female,30-34,4913.014381270527,5258,-344.98561872947266,87.0,97.44841930516885,False,False
25220,Male,50-54,3677.2174781961876,3620,57.217478196187585,112.0,125.41529697810087,True,True
26380,Female,30-34,6563.846094011848,6723,-159.15390598815156,282.0,265.5082055012191,True,True
33740,Female,30-34,8005.526256814748,8012,-6.473743185251806,245.0,234.13979242823655,True,True
26980,Female,25-29,6878.11562233993,6862,16.11562233993027,48.0,309.07531483276074,True,True
17980,Female,60-64,10024.48593349295,9704,320.4859334929497,721.8032973047435,670.8639473618832,True,True
12220,Female,30-34,6416.969108703715,6590,-173.0308912962846,47.0,287.796796048869,False,True
20020,Female,30-34,5040.0,5039,1.0,125.0,123.6986405088997,True,True
23460,Male,30-34,2908.8156502097822,3076,-167.18434979021777,66.0,170.07295613994992,False,True
19300,Male,40-44,7245.0,7093,152.0,582.0,864.885168937906,True,True
19300,Female,55-59,7416.0,7625,-209.0,710.0,901.0391209549394,True,True
46340,Male,55-59,7084.0,7180,-96.0,550.0,606.5467680958328,True,True
41660,Male,18-24,6802.980846278025,6610,192.98084627802473,513.3244587977472,434.65655504504764,True,True
46340,Female,18-24,11819.0,11575,244.0,635.2007556670568,428.4432421905497,True,True
33260,Female,65-69,3810.433294851785,3755,55.43329485178492,446.90043633901274,430.0880545864575,True,True
17780,Male,50-54,6173.050573981097,6291,-117.94942601890307,163.0,126.51954902695937,True,True
20580,Male,60-64,1186.168184999759,1098,88.16818499975898,261.19150062741323,158.35770260232763,True,True
15540,Male,35-39,8396.615466909845,7449,947.615466909845,461.0,623.3385746568484,False,False
15540,Male,45-49,6272.1917591977435,6487,-214.80824080225648,152.0,214.90537625800457,False,True
15540,Male,40-44,6655.777968881747,7285,-629.2220311182527,492.0,628.0052898988833,False,True
30140,Female,40-44,4864.0,4471,393.0,408.0,525.749952145742,True,True
39740,Male,35-39,15009.0,13288,1721.0,717.0,877.8942874899574,False,False
30140,Male,30-34,4256.0,4247,9.0,91.0,135.85797960094212,True,True
48700,Male,25-29,3462.0285133295074,3203,259.0285133295074,72.0,170.1345632204048,False,False
30140,Female,35-39,4036.0,4431,-395.0,438.0,502.3693722775106,True,True
10580,Female,65-69,27084.054027126927,27013,71.0540271269274,1130.7528465584335,910.2903762479849,True,True
10580,Female,50-54,28445.093293729034,28652,-206.90670627096551,156.0,310.8307814166454,False,True
13780,Male,60-64,9056.51260227822,9415,-358.4873977217794,627.8001274291046,439.82986038407137,True,True
29020,Male,50-54,2721.9216175830034,2607,114.92161758300335,140.0,127.12725034297392,True,True
31140,Male,55-59,44055.03772020286,43817,238.03772020286124,1271.0,1363.9599754845317,True,True
26900,Female,30-34,78670.0103786418,78603,67.01037864180398,341.0,722.6657887474253,True,True
26900,Female,18-24,90293.627788243,90655,-361.3722117569996,2049.0056124862126,951.6679327949433,True,True
18020,Male,18-24,3775.380064418328,3700,75.38006441832795,394.93670378935406,196.3031857753161,True,True
29020,Male,65-69,2476.6888878926484,2457,19.68888789264838,300.4663042672173,218.21138628949467,True,True
34620,Male,18-24,10128.0,9972,156.0,708.0077683189642,469.0116847611582,True,True
21780,Male,55-59,8171.520653744804,7960,211.5206537448039,607.0,589.1488868379378,True,True
31740,Male,65-69,2358.0,2366,-8.0,298.3973860475323,269.9767765591144,True,True
29940,Female,45-49,2886.0,2842,44.0,144.0,216.38504078667268,True,True
48620,Male,50-54,18307.91493184967,18063,244.91493184967112,118.0,445.20109911144704,False,True
27900,Female,60-64,6333.17901030809,6587,-253.82098969190974,475.0168418066879,563.7450849383482,True,True
27900,Male,60-64,5926.366396393925,6180,-253.63360360607476,525.7385281677575,496.6752047676775,True,True
48620,Male,65-69,16838.296849630304,17344,-505.70315036969623,929.6128226310134,915.4091388434663,True,True
29940,Male,60-64,2547.0,2400,147.0,316.1154852265229,368.1975245401577,True,True
45820,Male,45-49,6768.295568062717,6423,345.2955680627174,87.0,379.5758322933507,False,True
45820,Male,40-44,7220.74652838739,7147,73.74652838738984,490.0,681.117802192816,True,True
29940,Female,40-44,3330.0,3229,101.0,376.0,484.1816556133658,True,True
19740,Female,55-59,83863.44045866615,84866,-1002.5595413338451,1702.0,1768.2912878415543,True,True
22660,Male,18-24,25899.0,25980,-81.0,1105.8810966826406,562.7856103648618,True,True
22660,Male,30-34,13441.0,13530,-89.0,117.0,253.72251977061478,True,True
24540,Male,50-54,10400.0,10428,-28.0,78.0,146.01865456594922,True,True
24540,Male,65-69,7710.0,7840,-130.0,561.9697500755713,606.958077793475,True,True
17820,Male,60-64,21466.0,21450,16.0,867.6923417894155,1010.2642647706095,True,True
39380,Female,60-64,6122.894018337447,5942,180.89401833744705,489.18299234540035,438.97672720163024,True,True
14500,Female,55-59,10210.38465497567,10297,-86.61534502432914,546.0,628.0745337323755,True,True
28940,Female,25-29,29595.678548011187,30028,-432.32145198881335,220.0,420.73619357832246,False,True
34980,Female,40-44,71286.99765125746,71655,-368.0023487425351,1955.0,2078.0994118482363,True,True
34980,Female,35-39,78416.90899414677,77684,732.9089941467682,1886.0,2145.293859411343,True,True
34980,Male,65-69,49026.42835953896,48604,422.428359538957,1658.5092703991738,1253.66556055059,True,True
32820,Female,65-69,38802.366147765664,38997,-194.6338522343358,1263.4698255201824,1220.2872325211897,True,True
32820,Female,50-54,43419.04162692861,43488,-68.958373071393,152.0,398.6248404280038,True,True
28700,Female,30-34,8828.068015039491,8960,-131.931984960509,164.0,169.30159097039333,True,True
34980,Male,50-54,64641.76950265352,65097,-455.23049734647793,335.0,786.6715050541026,False,True
28700,Male,65-69,10225.663113568738,10073,152.66311356873848,701.5589782762387,553.6597110973939,True,True
28700,Female,18-24,11055.647086989688,11110,-54.35291301031248,666.6498331208071,263.2616208939941,True,True
34980,Female,45-49,65666.77631671289,65006,660.7763167128869,312.0,708.1970770471984,False,True
17300,Female,55-59,8372.372356193091,8216,156.37235619309104,638.0,620.7965568643343,True,True
28700,Male,50-54,11260.05724261552,11224,36.0572426155195,227.0,287.86858872312354,True,True
34100,Female,45-49,3508.240512537552,3579,-70.75948746244785,118.0,79.35761524262162,True,True
35620,Female,30-34,726122.4964646318,726198,-75.50353536824696,287.0,1568.2645244583725,True,True
35620,Female,18-24,820678.1155149089,820027,651.1155149089172,5329.698584347899,2519.442104189135,True,True
40380,Female,25-29,33115.327740902445,33099,16.32774090244493,176.0,349.4889027688468,True,True
28880,Male,35-39,21814.154196849526,21381,433.15419684952576,1067.0,1064.5850147729734,True,True
45060,Female,30-34,20981.21916652308,21179,-197.78083347692154,126.0,315.71419696170676,False,True
28880,Male,45-49,21570.544242899046,21344,226.54424289904637,37.0,373.21773377851247,False,True
28880,Male,40-44,22796.97246508606,22968,-171.02753491394105,1075.0,1065.2141356030697,True,True
45060,Female,18-24,36024.242368193634,35426,598.2423681936343,989.1218327385155,1023.6214426720677,True,True
46540,Male,65-69,8454.768846066203,8418,36.76884606620297,503.03578401541176,554.0847344445399,True,True
24260,Female,50-54,2161.418262882832,2077,84.4182628828321,72.0,121.25286822268221,False,True
24260,Male,60-64,2256.371927873036,2234,22.37192787303593,223.57325421436258,281.84363717027304,True,True
24260,Female,65-69,2269.443650762427,2048,221.44365076242684,267.4864482548602,228.62376449845382,True,True
47900,Female,30-34,233218.9001968793,233158,60.90019687928725,413.0,668.7076822607696,True,True
47900,Female,18-24,266269.2731286221,266984,-714.7268713779049,3050.782194782184,1365.4531543760286,True,True
25180,Female,55-59,10780.062904443916,10850,-69.93709555608439,557.0,677.6318622072589,True,True
25180,Male,55-59,9978.027981144038,10332,-353.97201885596223,599.0,766.368580311502,True,True
41540,Female,35-39,3702.0619168508983,3556,146.06191685089834,319.0,382.8816296242117,True,True
41540,Female,40-44,3661.610483622784,3837,-175.38951637721584,358.0,370.8767259154669,True,True
10420,Male,45-49,19477.0,19525,-48.0,134.0,413.4160248496664,True,True
48260,Male,65-69,3999.8771953159267,4105,-105.12280468407334,351.43847256667846,259.15727831679925,True,True
10420,Male,40-44,21659.0,21027,632.0,827.0,1133.0994161706421,True,True
48260,Male,50-54,3876.934676680682,3770,106.93467668068206,54.0,95.27060530525814,False,True
10420,Male,35-39,20386.0,21206,-820.0,872.0,1154.6222071829384,True,True
49020,Male,35-39,4544.101739944115,4711,-166.89826005588475,365.0,442.7911452927699,True,True
47260,Female,35-39,63539.25019684098,63882,-342.7498031590221,1648.0,1933.3925360784895,True,True
47260,Female,40-44,58546.00037212439,58661,-114.99962787560798,1589.0,1915.8077784838363,True,True
47260,Female,45-49,49449.63936270339,50116,-666.3606372966096,308.0,502.5162561437314,False,False
40220,Male,35-39,9462.068462450196,9895,-432.9315375498045,719.0,791.8344646892633,True,True
44420,Female,65-69,4590.225171831211,4728,-137.7748281687891,406.6841526295314,395.0086072596298,True,True
47260,Male,60-64,54663.4581767685,54562,101.45817676850129,1467.655613555169,1385.9354689382435,True,True
31340,Female,55-59,9726.0,9541,185.0,482.0,707.8625378569275,True,True
44420,Female,50-54,3745.799814350382,3816,-70.2001856496181,124.0,157.83080699158646,True,True
25500,Female,35-39,4085.0,4312,-227.0,380.0,372.009394162298,True,True
40220,Male,40-44,9162.47798995562,9003,159.4779899556197,713.0,714.8461827406122,True,True
49020,Male,45-49,4306.793534775079,4337,-30.206465224920976,226.0,228.8451573603696,True,True
24580,Male,25-29,10824.295687446815,10639,185.29568744681455,65.0,640.6370397697166,False,True
33460,Female,50-54,113186.89791280027,112627,559.8979128002684,289.0,1542.655941694869,False,True
20740,Female,55-59,4490.620464948108,4767,-276.37953505189216,373.0,474.41428923653194,True,True
43100,Male,60-64,4168.0,4358,-190.0,433.49740483652266,422.4064043371028,True,True
11540,Male,55-59,8376.07310792957,8773,-396.92689207043077,484.0,661.834416146212,True,True
28450,Male,40-44,5696.0,5409,287.0,399.0,645.3707347147453,True,True
22540,Male,60-64,3905.107605679723,3743,162.10760567972284,335.62181097181394,343.22334160796163,True,True
48140,Female,45-49,3748.0,3815,-67.0,61.0,132.8132495790612,False,True
48140,Male,50-54,4596.0,4486,110.0,117.0,219.3544431508056,True,True
33460,Male,60-64,117670.28694690496,118208,-537.713053095038,2043.9222098700332,2695.35292680313,True,True
48140,Female,40-44,4620.0,4556,64.0,272.0,522.8221751406016,True,True
28450,Male,35-39,4496.0,5056,-560.0,404.0,650.1357587131322,False,True
20260,Male,25-29,7614.4574714477185,8366,-751.5425285522815,116.0,192.22617827190334,False,False
48140,Male,65-69,4797.0,4688,109.0,388.2022668661274,456.4058354880007,True,True
18020,Male,30-34,2838.6914520935666,2982,-143.30854790643343,66.0,138.24351771703982,False,True
34620,Male,30-34,3375.0,3231,144.0,43.0,155.95996799259098,False,True
45820,Male,35-39,7265.348084332891,7186,79.34808433289072,473.0,631.8089396747928,True,True
29940,Female,35-39,3860.0,4072,-212.0,326.0,568.0017305662457,True,True
41140,Male,25-29,3907.344925003248,3827,80.34492500324814,133.0,171.2467707386142,True,True
31740,Male,50-54,2523.0,2640,-117.0,264.0,253.18602158541458,True,True
34100,Female,35-39,3787.7295652878856,3873,-85.27043471211437,500.0,460.88700489730877,True,True
34100,Female,40-44,3402.326046515906,3319,83.326046515906,483.0,485.50353084652886,True,True
31700,Male,40-44,14075.282094614107,14174,-98.71790538589266,788.0,938.08840931591,True,True
31700,Male,45-49,12530.576649962097,12829,-298.4233500379032,3.0,483.4857245886692,False,True
31700,Male,35-39,14872.661632613615,14440,432.66163261361544,790.0,911.5430257769539,True,True
10740,Male,25-29,30872.68730649213,31228,-355.31269350786897,215.0,526.7422796508947,False,True
42140,Male,18-24,5932.599089243808,5716,216.5990892438076,413.94927225446355,170.71087304128295,True,True
42140,Female,55-59,5231.488225533925,5735,-503.5117744660747,466.0,526.5759266060048,False,True
29740,Male,18-24,15605.0,15785,-180.0,848.1880687677703,363.5131779059048,True,True
29740,Male,30-34,6935.0,6926,9.0,204.0,298.98186122865377,True,True
29740,Female,18-24,16246.0,16425,-179.0,904.635285626202,332.5089897205789,True,True
29740,Female,30-34,7089.0,6973,116.0,215.0,436.1271639714156,True,True
42140,Male,30-34,4462.721947150876,4515,-52.278052849123924,47.0,213.96451029409417,False,True
48060,Male,55-59,3212.4795208219025,3185,27.479520821902497,246.0,264.4559807312466,True,True
46540,Male,50-54,8974.55030082183,9161,-186.4496991781707,85.0,261.16073729838416,False,True
41540,Female,45-49,3486.4425254869966,3544,-57.5574745130034,167.0,154.42908455771502,True,True
27620,Male,40-44,5411.631352704661,5452,-40.36864729533863,449.0,457.65743767488385,True,True
27620,Male,35-39,5065.136641598304,5306,-240.86335840169613,407.0,424.77741652764837,True,True
27620,Male,45-49,4829.433011548501,4799,30.433011548500872,111.0,269.5676994232052,True,True
16180,Male,45-49,1847.1667398589932,1834,13.166739858993196,118.0,160.24108454791843,True,True
16180,Male,40-44,1993.9931364839535,2194,-200.00686351604645,237.0,221.7004861523796,True,True
16180,Male,35-39,2175.0644837680134,1786,389.06448376801336,259.0,226.46207613941448,False,False
48540,Male,25-29,4040.241157485819,4120,-79.7588425141812,108.0,176.09834308699874,True,True
49020,Female,50-54,4736.732810468886,4700,36.73281046888587,143.0,123.13473876255512,True,True
49020,Male,40-44,4615.851629660125,4427,188.85162966012467,354.0,418.5856020895356,True,True
40220,Male,45-49,9041.774838918313,8971,70.77483891831253,189.0,364.8477042145194,True,True
25500,Female,45-49,3231.0,3207,24.0,119.0,129.06175609955105,True,True
49020,Female,65-69,4869.8089026586085,4614,255.80890265860853,463.3109107284222,362.046952426278,True,True
28450,Male,45-49,5307.0,5031,276.0,90.0,300.64372112186214,False,True
33460,Female,65-69,99699.91366209366,100537,-837.0863379063376,1835.8850726556932,2211.2929322595924,True,True
48140,Female,35-39,4142.0,4232,-90.0,300.0,547.161595343414,True,True
45940,Male,18-24,19763.0,19624,139.0,917.6132082745976,630.9552916382031,True,True
47220,Male,65-69,4196.139046041613,4069,127.13904604161326,431.6769625541766,492.49065685929855,True,True
47220,Male,50-54,4794.20868627351,4707,87.20868627350956,64.0,362.6319228475169,False,True
45940,Male,30-34,12197.0,12320,-123.0,14.0,372.6676612932091,False,True
22420,Male,60-64,13526.991718421608,13338,188.9917184216083,740.412047443854,820.5077132213817,True,True
33780,Female,55-59,5298.0,5477,-179.0,392.0,429.7001667951155,True,True
45900,Male,50-54,4849.630739651039,4744,105.63073965103922,151.0,195.68594263543213,True,True
28020,Male,55-59,6728.0,6799,-71.0,425.0,558.2835307484899,True,True
45900,Male,65-69,5955.360448001259,5785,170.3604480012591,422.0011848324599,364.36667756387885,True,True
29620,Female,65-69,14044.0,13856,188.0,693.0642105894663,819.4243504711097,True,True
35660,Male,40-44,4840.0,4908,-68.0,367.0,489.92107383103047,True,True
45900,Female,25-29,3751.4085329986146,3906,-154.59146700138535,99.0,103.41195917057642,False,False
34740,Male,18-24,7422.0,7338,84.0,393.7930928800047,292.3112233626174,True,True
33220,Female,55-59,2719.0863227839545,3004,-284.91367721604547,226.0,254.09709600270597,False,True
29620,Female,50-54,13812.0,13748,64.0,137.0,318.0900051518438,True,True
27140,Male,60-64,19032.816409139552,19187,-154.18359086044802,1103.8935637098352,849.1750264112713,True,True
27140,Female,60-64,20081.95524599873,20530,-448.0447540012683,1047.1265444061669,881.5737701452514,True,True
25620,Male,55-59,3654.544816364337,3649,5.544816364336839,361.0,413.1476374975539,True,True
25620,Female,50-54,4405.980105169036,4421,-15.019894830964404,102.0,81.55202479148811,True,True
25620,Female,65-69,4260.123829005657,4138,122.12382900565717,424.671637856827,357.6483974551771,True,True
22180,Male,60-64,9376.199775965935,8945,431.19977596593526,527.6551904416368,479.42934834876195,True,True
27340,Male,55-59,4057.976206800728,3930,127.97620680072805,393.0,404.98357582505594,True,True
22180,Female,18-24,19510.650897056104,19447,63.65089705610444,670.108946366186,450.7346231294661,True,True
39580,Female,25-29,51308.81727793608,51404,-95.18272206391703,151.0,518.796038626416,True,True
22180,Female,30-34,14997.069059900716,15454,-456.93094009928427,101.0,176.98481657381114,False,False
20500,Male,55-59,17253.566250692893,17183,70.56625069289294,819.0,900.4467215149579,True,True
24780,Male,40-44,3994.0,4217,-223.0,426.0,494.330848099226,True,True
40580,Male,55-59,4862.0,4766,96.0,391.0,475.4972021316214,True,True
26820,Male,60-64,4518.6605253307835,4638,-119.33947466921654,470.9352397092407,449.94931551182196,True,True
17660,Male,25-29,5606.091757928514,5512,94.0917579285142,89.0,284.8847692201304,False,True
26820,Female,55-59,3744.138289660341,4039,-294.8617103396591,292.0,399.1218105873543,False,True
38540,Male,55-59,2140.055580873555,2038,102.05558087355485,268.0,226.8825506466738,True,True
30300,Male,40-44,1835.1993084636488,1807,28.199308463648777,221.0,151.4637862861469,True,True
30300,Male,45-49,1575.7722568732697,1766,-190.22774312673027,66.0,69.51419301688848,False,False
30300,Male,35-39,2114.721303433145,2015,99.72130343314484,227.0,178.36729136458675,True,True
22220,Female,45-49,16782.982140335327,16950,-167.01785966467287,187.0,363.9416948881643,True,True
26300,Female,55-59,2950.542225306499,2918,32.54222530649895,334.0,318.5612957867853,True,True
22220,Female,40-44,19658.517391007972,19840,-181.48260899202796,875.0,947.9998260507089,True,True
22220,Male,60-64,14596.61535598556,14331,265.6153559855593,918.9891185427606,956.9221304902501,True,True
27860,Male,45-49,3766.0,3728,38.0,140.0,218.4987930601677,True,True
30780,Male,25-29,25291.0,25387,-96.0,206.0,330.55864668391297,True,True
27860,Female,55-59,3728.0,3735,-7.0,377.0,431.97195722494536,True,True
22220,Female,35-39,19951.342073166616,19909,42.34207316661559,910.0,964.307452007697,True,True
27860,Male,40-44,4592.0,4620,-28.0,431.0,614.4797260091256,True,True
21060,Female,65-69,3360.141123386017,3192,168.14112338601717,340.20728975141026,343.2060986331066,True,True
14540,Male,45-49,5477.611155937876,5544,-66.38884406212401,130.0,344.4405662411381,True,True
14540,Male,35-39,6238.640803216752,6316,-77.35919678324808,515.0,590.193504853954,True,True
14540,Male,40-44,5233.826555307776,5284,-50.17344469222371,488.0,507.01173606294014,True,True
21060,Female,50-54,3799.2352998060924,3829,-29.76470019390763,104.0,279.16723339926307,True,True
33220,Male,25-29,2680.187874315927,2489,191.18787431592682,109.0,117.65850416044613,False,False
35660,Male,45-49,4276.0,4293,-17.0,14.0,178.4582402867685,False,True
35660,Male,35-39,4409.0,4100,309.0,365.0,529.5144872262703,True,True
34740,Male,30-34,5686.0,6091,-405.0,58.0,327.8619535623949,False,False
24780,Male,45-49,4555.0,4481,74.0,137.0,149.66652613811146,True,True
24780,Male,35-39,5417.0,5263,154.0,432.0,473.3005480453197,True,True
25500,Female,40-44,4096.0,4061,35.0,370.0,404.78733969517873,True,True
27860,Male,35-39,4549.0,4254,295.0,428.0,605.828174599655,True,True
25940,Male,50-54,6008.288644298527,5740,268.2886442985273,211.0,286.1157491060176,False,True
24860,Female,60-64,34411.6942042255,33556,855.6942042255032,1323.4186790279182,1151.6228767608616,True,True
24860,Male,65-69,25073.289263296025,23764,1309.2892632960247,1062.5676449054902,964.7722130629458,False,True
43900,Female,65-69,10750.61927328461,11106,-355.38072671538976,788.8073275521723,722.8630463484997,True,True
43900,Female,50-54,11900.609398721437,12150,-249.39060127856283,39.0,189.38211406515094,False,False
34820,Male,18-24,14763.206186605861,14990,-226.79381339413885,733.731558541678,524.0982682546338,True,True
43900,Male,55-59,12158.699015682147,11781,377.69901568214664,745.0,765.8867463298852,True,True
34820,Male,30-34,10217.730692563928,10126,91.73069256392773,171.0,318.0268434234817,True,True
25940,Male,65-69,8994.539585764696,8452,542.5395857646963,684.959122867927,552.0635330869809,True,True
24860,Male,50-54,30048.693928562472,29658,390.69392856247214,171.0,401.87480839727317,False,True
40340,Male,45-49,6810.605143193025,6405,405.60514319302456,113.0,443.8035333601379,False,True
41060,Female,30-34,6868.356084635547,5900,968.3560846355467,153.0,415.4287147606256,False,False
31860,Male,30-34,3180.0,3344,-164.0,172.0,270.30758929874685,True,True
43620,Male,45-49,8981.95880172347,9068,-86.04119827653085,196.0,528.4150579809291,True,True
43620,Male,40-44,10630.109519197731,10295,335.10951919773106,648.0,903.4302489664987,True,True
40340,Male,35-39,7449.555172989604,7783,-333.4448270103958,533.0,662.7820098205361,True,True
41060,Female,18-24,13506.196963031844,13380,126.19696303184355,819.8018053163826,622.2119961624622,True,True
31860,Male,18-24,9060.0,9808,-748.0,623.9959935768819,529.5791297011241,False,True
43620,Male,35-39,11215.373259983842,12101,-885.6267400161578,673.0,1001.6881374137153,False,True
22020,Male,30-34,9865.527642640816,10536,-670.4723573591837,197.0,546.2820718303444,False,False
22020,Male,18-24,17656.074667322497,18637,-980.9253326775033,1003.855567300396,706.9031222301787,True,True
40340,Male,40-44,7991.783556635933,8134,-142.21644336406735,524.0,738.9357939496149,True,True
33540,Female,18-24,7162.155236370935,7932,-769.8447636290648,602.5769660383643,261.44868848103874,False,False
33540,Female,30-34,4255.908833254607,4517,-261.0911667453929,144.0,149.35359823837007,False,False
33540,Male,60-64,4504.002824937713,3630,874.0028249377128,395.47692726630714,371.2175794759344,False,False
21660,Male,35-39,12356.0,12336,20.0,651.0,819.0425099865085,True,True
32780,Female,65-69,8484.0,8510,-26.0,650.902450448606,521.385727807398,True,True
32780,Female,50-54,6232.0,6214,18.0,52.0,162.11514643533465,True,True
10540,Female,40-44,4414.629692954925,4295,119.6296929549253,480.0,453.9258091767218,True,True
21660,Female,65-69,13549.0,13470,79.0,798.0538828926277,685.262260541539,True,True
21660,Female,50-54,10655.0,10666,-11.0,107.0,204.61776708658513,True,True
10540,Female,35-39,3816.65001039311,4074,-257.3499896068902,469.0,454.8456085880633,True,True
24420,Male,40-44,2650.55474149983,2392,258.55474149983,291.0,248.8613757036684,True,True
24420,Male,45-49,2219.9908755439155,2203,16.990875543915536,139.0,98.54461402128942,True,True
10540,Female,45-49,3573.2385172207114,3629,-55.7614827792886,52.0,176.94525606334207,False,True
44140,Male,35-39,13314.0,13121,193.0,676.0,978.2825511176462,True,True
44140,Male,40-44,14836.0,14711,125.0,684.0,891.8359573108163,True,True
11200,Male,60-64,5243.2171683411525,5476,-232.7828316588475,546.0347974259516,393.96211733855483,True,True
21820,Female,65-69,2401.6833257260405,2334,67.6833257260405,378.60929729735903,365.2200881173584,True,True
21820,Female,50-54,2442.0664849899217,2187,255.06648498992172,140.0,116.28012147754325,False,False
44940,Female,25-29,3304.4487202542728,3462,-157.55127974572724,61.0,124.90232108401892,False,False
24420,Male,35-39,2283.0170789631334,2555,-271.9829210368666,309.0,250.22688580337694,True,True
38900,Female,50-54,80579.8748955938,80335,244.8748955938063,216.0,615.4436758795782,False,True
38900,Male,50-54,83146.93807090064,83726,-579.0619290993636,207.0,679.2295565211681,False,True
38900,Male,65-69,64389.58612578033,64474,-84.41387421966647,1797.2478960900191,1510.5481966692091,True,True
38900,Female,65-69,71776.28215929536,71546,230.2821592953551,1866.7685984074192,1531.949591611971,True,True
21660,Male,40-44,11796.0,11944,-148.0,658.0,736.6201814189928,True,True
21660,Male,45-49,10905.0,11096,-191.0,123.0,316.92900603486896,False,True
13460,Male,25-29,8214.0,8045,169.0,183.0,423.5103536544296,True,True
42660,Male,60-64,118610.0,118934,-324.0,2375.018526243532,2113.077993201801,True,True
44060,Female,45-49,16648.725264784905,16556,92.72526478490545,90.0,403.5792386104246,False,True
13380,Male,40-44,6819.0,6783,36.0,561.0,667.0566275577734,True,True
44060,Female,35-39,20087.48577399808,20383,-295.5142260019202,954.0,878.0537168231562,True,True
44060,Female,40-44,19321.225376869792,18856,465.22537686979194,940.0,951.6151020849288,True,True
13380,Male,45-49,6538.0,6481,57.0,89.0,316.19535998334953,True,True
28420,Female,50-54,8002.367696479357,8043,-40.63230352064329,88.0,186.56571623763696,True,True
13380,Male,35-39,7901.0,8214,-313.0,569.0,754.7396424769604,True,True
28420,Female,65-69,7967.432955793419,7791,176.43295579341884,650.1115288933123,664.3007658582081,True,True
48300,Female,60-64,4218.0,4359,-141.0,445.25273721786374,369.8351837558861,True,True
49420,Female,55-59,6286.0,6577,-291.0,501.0,603.7867123620724,True,True
20100,Male,18-24,9130.0,9029,101.0,645.4099472428358,403.7327357299628,True,True
20100,Male,30-34,6159.0,6173,-14.0,45.0,54.41445171091959,True,True
20100,Female,55-59,6234.0,6219,15.0,535.0,648.922789243836,True,True
37620,Male,18-24,3391.4850558211383,3304,87.4850558211383,266.61770383828605,130.1448929658079,True,True
37620,Male,30-34,2504.4026807160126,2569,-64.59731928398742,81.0,85.88684135179815,True,True
16940,Male,45-49,2621.0,2655,-34.0,159.0,190.00034846349627,True,True
16940,Male,35-39,3572.0,3315,257.0,404.0,418.6715673457537,True,True
16220,Male,55-59,2115.3537901775253,2436,-320.6462098224747,301.0,232.42707076453183,False,True
16220,Female,40-44,2457.975703647095,2756,-298.0242963529049,296.0,250.01297418989762,False,True
16220,Female,45-49,2178.031855576017,2250,-71.96814442398318,125.0,121.11627687152796,True,True
16940,Male,40-44,3716.0,3964,-248.0,365.0,409.6451320701248,True,True
16220,Female,35-39,2622.68104451283,2899,-276.3189554871701,287.0,241.75769389008505,True,True
13900,Male,18-24,6232.746733280944,6326,-93.25326671905623,525.8754605417522,516.1727771010267,True,True
33500,Female,65-69,2227.5699318131556,1749,478.56993181315556,256.6807355451515,186.0074051966335,False,False
13900,Female,35-39,4191.707889751604,4438,-246.29211024839606,449.0,627.3685467927121,True,True
13900,Female,40-44,4492.428863736437,4321,171.42886373643705,447.0,649.6923661562383,True,True
13900,Female,45-49,3782.233924864015,3650,132.23392486401508,144.0,185.55841975118787,True,True
13900,Male,30-34,5005.890064298946,4953,52.89006429894562,241.0,294.1230827658884,True,True
33500,Female,50-54,1719.224371390917,1769,-49.775628609083014,113.0,64.50405115223242,True,True
12620,Female,65-69,5251.318739724384,5228,23.318739724383704,466.72475828907983,392.3184239833658,True,True
12620,Female,50-54,4917.279059489645,4981,-63.72094051035492,73.0,209.39130807193484,True,True
38860,Female,55-59,20223.0,20147,76.0,739.0,1256.354736460308,True,True
30340,Female,30-34,3578.0,3720,-142.0,99.0,179.3133002666004,False,True
30340,Male,60-64,4181.0,4150,31.0,431.2597824977423,474.5270457202624,True,True
30340,Female,18-24,5393.0,5395,-2.0,383.40970253763794,316.53471967345064,True,True
40900,Male,25-29,79796.0,80149,-353.0,136.0,653.6780652020152,False,True
12540,Male,55-59,24473.0,24690,-217.0,953.0,1143.100190592452,True,True
40140,Male,25-29,168367.0,168693,-326.0,0.0,1139.1740208803703,False,True
31080,Female,55-59,421489.0,423924,-2435.0,3716.0,4366.811140930674,True,True
40140,Female,30-34,169113.0,168909,204.0,0.0,930.0405793297409,False,True
40140,Female,18-24,215529.0,215538,-9.0,2783.638087108308,1356.736175966518,True,True
41940,Female,35-39,70066.40227136882,69875,191.4022713688173,1438.0,1795.9552890661748,True,True
41940,Female,45-49,63689.617473600316,63859,-169.38252639968414,85.0,463.8432064026268,False,True
41940,Female,40-44,65758.68182506475,66313,-554.3181749352516,1430.0,1818.4808657815247,True,True
41740,Female,45-49,98513.0,97931,582.0,0.0,645.0524092128096,False,True
41740,Female,40-44,108463.0,108721,-258.0,2187.0,2315.5390694674106,True,True
41740,Female,35-39,118860.0,118141,719.0,2187.0,2267.989276431053,True,True
42220,Male,35-39,16254.0,16069,185.0,808.0,790.0215044232974,True,True
33700,Male,55-59,15438.0,15289,149.0,734.0,819.3423655613996,True,True
41740,Male,60-64,94506.0,95643,-1137.0,2255.993794317706,2212.431495979593,True,True
42220,Male,45-49,14613.0,14665,-52.0,32.0,271.4402033620849,False,True
42100,Female,18-24,18944.0,18835,109.0,854.8052409759781,679.4069064264802,True,True
23420,Male,40-44,38653.0,38460,193.0,1357.0,1465.6148709858944,True,True
34900,Female,60-64,4691.0,4614,77.0,576.2377981354573,467.2486331627949,True,True
39820,Male,30-34,6030.0,5930,100.0,66.0,146.0520084464777,False,True
23420,Male,35-39,41133.0,41779,-646.0,1372.0,1513.8706739559195,True,True
42220,Male,40-44,16174.0,16547,-373.0,808.0,860.1929772832955,True,True
23420,Male,45-49,33412.0,33489,-77.0,97.0,582.6489218495989,True,True
42100,Female,30-34,7620.0,7521,99.0,98.0,371.8218575558059,False,True
49700,Female,65-69,4937.0,4643,294.0,439.7180915086392,427.4631493225469,True,True
46700,Male,18-24,19879.0,19882,-3.0,708.6670586389635,308.60984784797455,True,True
47300,Female,60-64,12122.0,12058,64.0,770.6964382946115,680.7399771948537,True,True
20940,Female,60-64,4743.0,4568,175.0,589.1222284042591,466.66550939752346,True,True
32900,Female,55-59,8145.0,8020,125.0,561.0,657.5056974601057,True,True
32900,Male,65-69,5630.0,5797,-167.0,499.0040079999358,440.3305813704063,True,True
33700,Female,55-59,15369.0,15612,-243.0,760.0,852.4481423670298,True,True
39820,Male,18-24,6870.0,6937,-67.0,547.9717145984818,164.40908862879206,True,True
35300,Female,30-34,18881.0,18958,-77.0,33.0,223.94365658575822,False,True
25540,Female,65-69,36179.16555437697,35988,191.1655543769666,1223.41244067567,1127.7171407218793,True,True
25540,Female,50-54,37738.058693870036,37936,-197.94130612996378,148.0,413.8451429644771,False,True
35300,Male,25-29,19050.0,18930,120.0,51.0,213.611025128035,False,True
35300,Female,18-24,29537.0,30043,-506.0,932.3373852849621,743.2135668946377,True,True
14860,Male,25-29,27413.0,27461,-48.0,35.0,323.68567647487896,False,True
47930,Male,25-29,14428.0,14588,-160.0,30.0,294.4531620054368,False,True
14860,Female,55-59,34941.0,34728,213.0,1185.0,1352.6678060928339,True,True
29460,Female,65-69,24105.0,23639,466.0,1061.204033162332,1037.173478389705,True,True
15980,Female,40-44,21317.0,20401,916.0,1074.0,1192.2453983812436,True,True
45300,Male,55-59,107397.0,107084,313.0,2101.0,2142.3232951652044,True,True
15980,Female,45-49,21534.0,21594,-60.0,40.0,276.06070251395795,False,True
27260,Male,40-44,55459.535306861035,54744,715.5353068610348,1847.0,1904.8619060311266,True,True
27260,Male,35-39,56743.78615145503,57693,-949.2138485449686,1831.0,1935.0330784896275,True,True
27260,Female,35-39,58369.36417838591,59389,-1019.635821614087,1873.0,2135.2575532063493,True,True
29460,Female,50-54,23238.0,23268,-30.0,15.0,191.81292529441285,False,True
27260,Female,40-44,57705.62227394908,56678,1027.6222739490768,1861.0,2126.4587988169537,True,True
33100,Male,60-64,196952.19218406684,196321,631.1921840668365,3261.000613308743,3568.9408966334863,True,True
45220,Male,55-59,9602.257792104043,9675,-72.74220789595711,569.0,611.0932206060367,True,True
27260,Male,45-49,49988.21564310319,49416,572.2156431031908,228.0,540.0570063415994,False,True
27260,Female,45-49,51803.3890885776,51503,300.38908857759816,234.0,600.1084272700297,False,True
36740,Female,60-64,84276.0,85520,-1244.0,2659.392599824253,2430.5922655931518,True,True
23540,Female,55-59,8404.427702105206,9073,-668.5722978947942,575.0,678.2463721700339,False,True
39460,Female,55-59,9017.0,9155,-138.0,641.0,766.1057470259899,True,True
38940,Male,65-69,18584.0,18776,-192.0,1213.4764109779803,967.9293785021199,True,True
35840,Male,35-39,20824.0,20762,62.0,1211.0,1287.2108707657421,True,True
36100,Male,25-29,10127.0,10543,-416.0,140.0,489.6840630843014,False,True
34940,Male,65-69,16530.0,15999,531.0,927.7413432633042,788.4848964580742,True,True
37340,Female,60-64,27758.0,27917,-159.0,1232.5615603287326,1082.1209614086588,True,True
18880,Male,35-39,10500.487456548604,10690,-189.5125434513957,731.0,712.4375223655173,True,True
37460,Male,60-64,8273.270795043903,8005,268.2707950439035,597.0008375203505,518.6385991576481,True,True
38940,Male,50-54,15749.0,15604,145.0,197.0,378.46102121123386,True,True
34940,Male,50-54,11211.0,11006,205.0,25.0,154.5538562524404,False,False
15980,Female,35-39,23356.0,23421,-65.0,1083.0,1188.568906792955,True,True
37860,Female,18-24,22550.0,22317,233.0,933.0364408746317,1031.7496520492507,True,True
46060,Female,50-54,28459.488282144575,28871,-411.51171785542465,112.0,437.54759329052035,False,True
39150,Female,60-64,12872.0,12446,426.0,919.8369420718001,754.6043720652565,True,True
29420,Male,60-64,9866.0,9809,57.0,768.6253964058175,633.5948720466021,True,True
43420,Male,55-59,3499.183594503222,3668,-168.81640549677786,286.0,327.6534139181651,True,True
49740,Male,55-59,4916.085780247621,5042,-125.91421975237881,401.0,438.7979726974312,True,True
46060,Female,65-69,37189.94577470166,37146,43.945774701656774,1271.3099543384376,1167.6719554189679,True,True
49740,Female,50-54,5185.548323194646,5106,79.5483231946464,72.0,238.92023790207114,False,True
43420,Female,65-69,4467.603131558797,4683,-215.39686844120297,441.3184791055095,331.01005111196724,True,True
49740,Female,65-69,6450.906266733177,6363,87.90626673317729,523.943699265484,445.14545076319774,True,True
27980,Male,40-44,5687.534138815582,5261,426.5341388155821,486.0,497.2060780972819,True,True
46520,Male,60-64,30424.0,30090,334.0,1053.0299141050077,1137.6529695182753,True,True
27980,Male,45-49,5028.014233651779,5170,-141.98576634822075,56.0,134.3973320027108,False,True
27980,Male,35-39,5449.48009687317,6011,-561.5199031268303,490.0,485.9413537132158,False,True
16980,Female,25-29,327788.4425676166,327727,61.44256761658471,306.0,1090.9860611619847,True,True
19500,Female,60-64,3550.7742978764395,3367,183.7742978764395,361.24783736376884,346.046920419631,True,True
44100,Male,45-49,5970.701663217953,5973,-2.298336782047045,76.0,190.1824132697172,True,True
40420,Female,45-49,9840.0,9931,-91.0,156.0,228.8909771539717,True,True
19340,Female,60-64,13078.54328681915,13094,-15.456713180850784,640.9773786960036,851.4178036287273,True,True
37140,Female,60-64,3771.337359683118,4031,-259.66264031688206,372.9785516621566,232.78286546852303,True,True
44100,Male,40-44,6722.7855535254075,6643,79.78555352540752,435.0,518.743488070648,True,True
40420,Female,35-39,10852.0,11090,-238.0,602.0,841.3206114793575,True,True
16580,Male,40-44,7078.144162445007,6876,202.14416244500717,507.0,523.7897751562454,True,True
37140,Male,60-64,3649.0616885582235,3348,301.0616885582235,354.0310720826634,206.05339490264848,True,True
44100,Male,35-39,6122.109413860045,6254,-131.8905861399553,441.0,507.54643577680446,True,True
19500,Male,18-24,4309.704353866648,4219,90.70435386664758,411.72077916957267,205.2979535451964,True,True
40420,Male,40-44,9844.0,10523,-679.0,536.0,775.673755913206,False,True
40420,Male,45-49,9681.0,9670,11.0,66.0,240.0930895689212,True,True
16580,Male,45-49,5820.515931921893,5916,-95.48406807810716,41.0,199.42421341506417,False,True
16020,Female,25-29,2940.470794737713,2903,37.47079473771282,81.0,121.69425987312293,True,True
16580,Male,35-39,6563.107261643958,6983,-419.8927383560422,512.0,621.6627597415375,True,True
35380,Male,60-64,32643.0,32335,308.0,1316.254154789264,1341.544095757292,True,True
29180,Male,25-29,13433.449008763353,13177,256.44900876335305,239.0,301.03380991286707,False,True
35380,Female,45-49,29159.0,29098,61.0,195.0,277.2047090509106,True,True
35380,Female,35-39,38390.0,37776,614.0,1210.0,1436.9184697635073,True,True
33740,Male,30-34,7376.235678330457,7246,130.23567833045672,320.0,309.7811049175071,True,True
43640,Male,60-64,8050.0,7945,105.0,699.8721311782604,763.0355152628873,True,True
35380,Female,40-44,33081.0,33604,-523.0,1245.0,1502.7242020144615,True,True
29180,Female,65-69,11844.533107678424,12424,-579.4668923215759,786.6091786904092,708.6038292947959,True,True
10780,Female,60-64,4661.803786250723,5018,-356.1962137492774,449.2582776087715,342.19339026914855,True,True
29180,Female,50-54,11964.83844825437,12194,-229.16155174563028,133.0,225.39083684649728,False,True
33740,Male,18-24,10472.466133369207,10330,142.46613336920745,758.4438014777364,319.3122876384119,True,True
26380,Male,25-29,6166.174329249599,6357,-190.8256707504006,352.0,402.55420707594413,True,True
47940,Female,35-39,4936.541669941787,5171,-234.4583300582126,337.0,475.41881740196607,True,True
43580,Female,60-64,4381.933824052813,4482,-100.06617594718682,407.1031810241723,349.780559721172,True,True
19780,Female,60-64,23327.451379759405,22076,1251.4513797594045,980.5233296561587,1058.2325564854168,False,True
43580,Male,35-39,4401.6443366093545,4151,250.64433660935447,492.0,486.2728561688878,True,True
36540,Female,60-64,30779.877937686062,30002,777.8779376860621,1009.8683082461791,1231.8317081108578,True,True
47940,Female,40-44,4747.574085409769,5050,-302.4259145902306,322.0,478.3610460454997,True,True
20220,Female,45-49,2530.366989619133,2521,9.366989619133165,117.0,87.86812398017713,True,True
19780,Male,35-39,26364.166900068893,27306,-941.8330999311074,1035.0,1339.9630369615747,True,True
43580,Male,40-44,4605.775288154022,5225,-619.2247118459782,415.0,462.49710457330735,False,True
19780,Male,45-49,22912.077719012523,22748,164.07771901252272,179.0,608.0689490523191,True,True
47940,Female,45-49,4142.485761355415,4185,-42.51423864458502,93.0,235.12602110106153,True,True
13820,Male,35-39,37445.89166292848,37023,422.8916629284795,1106.0,1550.4351368906546,True,True
13820,Male,40-44,37016.0856286382,37609,-592.9143713618032,1114.0,1619.746202407764,True,True
13820,Male,45-49,35004.34717940637,35077,-72.65282059362653,264.0,377.18770709847723,True,True
20020,Male,30-34,4592.0,4569,23.0,133.0,151.20538986342385,True,True
20020,Male,18-24,5979.0,5779,200.0,335.42659405598715,155.4686010180191,True,True
19460,Female,25-29,4818.0,4639,179.0,81.0,109.92982509310201,False,False
12420,Male,30-34,112721.73317655563,112984,-262.26682344436995,209.0,735.352231255586,False,True
36220,Male,18-24,8489.0,8311,178.0,728.8230237856101,289.4414779882109,True,True
36220,Female,18-24,7555.0,7608,-53.0,625.7163894289489,236.24828875306167,True,True
12420,Male,18-24,113155.26457275664,113662,-506.7354272433586,2502.41083757244,1715.7604742691663,True,True
41700,Male,65-69,58071.01347176405,57522,549.0134717640467,1726.0828485330592,1363.315878858938,True,True
19100,Male,25-29,290742.47331691795,291227,-484.5266830820474,316.0,1378.9229214366374,False,True
32580,Female,50-54,25466.0,25387,79.0,67.0,286.2061275964406,False,True
41700,Male,50-54,77532.70479517823,78260,-727.2952048217703,270.0,658.139141887655,False,False
28660,Male,50-54,12751.919623278509,12549,202.91962327850888,203.0,265.9093461856492,True,True
45500,Female,30-34,4385.643143370674,4580,-194.3568566293261,125.0,136.40488541896545,False,False
18580,Male,30-34,16021.06458222968,15569,452.0645822296792,218.0,527.5239452233113,False,True
28660,Male,65-69,10868.8722650109,9979,889.8722650108994,612.6703844645994,503.97845272659526,False,False
47380,Female,60-64,8775.032349201167,8966,-190.96765079883335,633.3987685494818,528.8500346378157,True,True
32580,Female,65-69,16916.0,16989,-73.0,978.0209609205725,943.1900538418807,True,True
48660,Male,35-39,5263.406268960152,5223,40.406268960152374,393.0,449.6845112489812,True,True
18580,Male,18-24,21784.79988773658,21550,234.79988773657897,954.2965995957442,637.3362695184722,True,True
33260,Male,55-59,3915.36234947255,4061,-145.6376505274502,519.0,514.7796353755369,True,True
29700,Male,45-49,8225.0,8089,136.0,158.0,225.882820249239,True,True
29700,Female,25-29,9457.0,9436,21.0,12.0,131.50640734390095,False,True
10180,Male,55-59,4488.387886873876,4572,-83.61211312612431,347.0,393.3975276620681,True,True
11100,Male,60-64,8073.054073863433,7798,275.0540738634327,664.1392926186494,578.8945999449344,True,True
18580,Female,30-34,14549.502172169767,14835,-285.4978278302333,182.0,279.17051527063103,False,True
20580,Female,55-59,1502.5771579559273,1162,340.5771579559273,250.0,155.74250244777153,False,False
29700,Male,40-44,8108.0,7926,182.0,681.0,718.0298750321954,True,True
45500,Male,45-49,4420.810632148729,4259,161.81063214872938,111.0,216.18771465388912,False,True
45500,Male,35-39,4096.899255550516,3987,109.89925555051559,453.0,400.8936768674308,True,True
47020,Female,60-64,2887.4931382744608,2707,180.49313827446076,385.42573863197043,303.96542433446,True,True
48660,Male,40-44,4793.305609062173,4863,-69.69439093782694,386.0,434.47816681573147,True,True
18580,Female,18-24,20558.643468989056,20452,106.64346898905569,910.8067852184678,989.0228214947225,True,True
41100,Male,25-29,6035.0,6161,-126.0,164.0,195.9045825555135,True,True
39340,Female,60-64,11300.16957344182,11264,36.16957344182083,569.9622794536494,541.6641332183204,True,True
36260,Male,25-29,23948.324716338466,24196,-247.6752836615342,121.0,361.57675681410234,False,True
39340,Male,55-59,12875.263464312251,12957,-81.73653568774898,523.0,660.9279529889778,True,True
36260,Female,25-29,23183.698542139336,23039,144.6985421393365,138.0,380.19656562848843,False,True
30860,Female,25-29,5306.43229022813,5666,-359.5677097718699,168.0,163.54100567453145,False,False
21420,Female,60-64,1673.3540542979656,1727,-53.645945702034396,304.7950130825634,210.98042593781378,True,True
36420,Female,65-69,39127.537416488005,37730,1397.537416488005,1518.613183137826,1739.2544689483934,True,True
21420,Male,40-44,2365.5910684083447,2341,24.591068408344654,238.0,290.0638024093502,True,True
36420,Female,50-54,39794.05441269641,40915,-1120.9455873035913,176.0,584.0832620037868,False,False
30020,Male,45-49,3255.0,3246,9.0,51.0,153.35247264064574,True,True
30020,Male,35-39,5171.0,4486,685.0,256.0,511.7289362457922,False,False
30020,Male,40-44,3851.0,4416,-565.0,251.0,525.1581022273198,False,True
21420,Male,45-49,1759.0832615443753,1811,-51.91673845562468,130.0,133.09915281009432,True,True
21420,Male,35-39,1679.3887471778405,1873,-193.61125282215949,284.0,242.03283998027385,True,True
10900,Female,18-24,38123.0,39022,-899.0,1155.069261992544,863.6376115745827,True,True
27780,Female,18-24,5663.0,5699,-36.0,361.28520589694784,322.25335872182933,True,True
10900,Female,30-34,27166.0,27356,-190.0,130.0,434.2223588640963,False,True
27780,Female,30-34,3595.0,3423,172.0,49.0,158.16313574913718,False,False
44300,Female,25-29,4066.0,4259,-193.0,0.0,168.24417942383624,False,False
21500,Female,25-29,7767.0,7806,-39.0,28.0,144.36972105500516,False,True
11020,Female,18-24,5048.8391782325625,4827,221.83917823256252,325.53648029061196,282.99953359790857,True,True
12060,Male,50-54,210042.54663093714,210166,-123.45336906285957,430.0,809.8765653271217,True,True
42340,Male,40-44,12695.143738394603,13685,-989.8562616053969,1059.0,853.8382156683256,True,True
12020,Male,65-69,4967.65144307086,4604,363.6514430708603,436.4000458295118,370.51458153718795,True,True
12060,Male,65-69,133355.4714823211,132889,466.4714823210961,2647.5530211876776,1998.1315804196136,True,True
47580,Male,45-49,5471.884337980423,5646,-174.11566201957703,290.0,282.4217741265083,True,True
12020,Female,30-34,7180.890857939685,7323,-142.1091420603152,151.0,162.59452032016284,True,True
19140,Male,60-64,4478.771252427139,4244,234.7712524271392,446.80644579056826,408.2906237463519,True,True
12260,Male,55-59,19396.191867844595,19588,-191.80813215540547,823.0,824.2693661015759,True,True
47580,Male,35-39,5184.664365617848,5642,-457.3356343821524,624.0,642.2067548587269,True,True
42340,Male,45-49,11011.568523799438,11545,-533.4314762005615,201.0,316.5410159421733,False,False
42340,Male,35-39,14619.267100903186,14945,-325.73289909681444,1065.0,957.5533649237406,True,True
15260,Male,30-34,3531.7738930398164,3138,393.77389303981636,112.0,116.56962766281652,False,False
46660,Female,60-64,4468.058160206827,4295,173.05816020682687,450.58406540844294,399.7467015847262,True,True
42340,Female,55-59,12891.45221917119,13263,-371.5477808288106,666.0,653.6054413704126,True,True
40660,Female,18-24,5480.026738079744,5785,-304.97326192025594,416.7277288590237,284.8795822293716,True,True
12020,Male,50-54,5892.025176707183,6135,-242.97482329281684,198.0,276.46816615758047,False,True
15260,Male,18-24,5061.33280152594,4435,626.3328015259403,534.705526434878,193.89749338164305,False,False
47580,Male,40-44,7314.915977695362,7100,214.91597769536202,664.0,665.4980607564394,True,True
40660,Female,30-34,3065.0108375342616,3033,32.010837534261555,115.0,137.40661648383107,True,True
12020,Female,18-24,21196.34207099414,21039,157.34207099413834,1196.6127193039526,1187.4774694098007,True,True
38340,Female,65-69,5554.0,5542,12.0,453.3001213324347,461.444638060732,True,True
12700,Female,65-69,12113.677715442576,12546,-432.3222845574237,770.1564776069861,704.8876171676432,True,True
12700,Male,30-34,5558.04756233303,5409,149.04756233303033,198.0,330.3561113384712,True,True
49340,Female,55-59,30985.0,30582,403.0,1016.0,1070.6461995927973,True,True
42200,Male,50-54,11868.0,11738,130.0,40.0,360.89927890964265,False,True
49700,Male,45-49,5039.0,5180,-141.0,184.0,253.70332151698372,True,True
42200,Male,65-69,10660.0,10733,-73.0,548.139580763878,563.2316410445617,True,True
49700,Male,40-44,5738.0,5495,243.0,498.0,530.2417072453844,True,True
32900,Male,50-54,7681.0,7709,-28.0,42.0,213.70601402686356,True,True
46700,Male,30-34,17098.0,16986,112.0,70.0,322.63226941054734,False,True
25260,Female,60-64,2604.0,2910,-306.0,343.3322006453808,352.67319162008897,True,True
49700,Male,35-39,6618.0,6833,-215.0,496.0,559.281614403692,True,True
49700,Female,50-54,5075.0,4985,90.0,136.0,173.87774502865514,True,True
37860,Female,30-34,17947.0,18064,-117.0,156.0,285.04912009599326,True,True
35840,Female,60-64,38804.0,38861,-57.0,1368.332196507851,1347.2337092334797,True,True
35840,Male,45-49,21634.0,21628,6.0,112.0,510.7461422345743,True,True
18880,Male,40-44,9718.43084790643,10049,-330.56915209357066,733.0,757.6512752721274,True,True
18880,Male,45-49,8157.758890123504,8406,-248.241109876496,123.0,279.3422106715648,False,True
35840,Male,40-44,21786.0,21818,-32.0,1223.0,1328.228456979446,True,True
43420,Female,50-54,3285.2926341367483,3193,92.29263413674835,78.0,69.40638446823483,False,True
40420,Male,35-39,10010.0,9317,693.0,548.0,675.8288858884696,False,True
40420,Female,40-44,9784.0,9517,267.0,609.0,853.0719249592909,True,True
19500,Male,30-34,2913.9637508240944,2925,-11.036249175905596,39.0,145.96407044210508,True,True
20220,Female,35-39,2886.6533779782653,3267,-380.3466220217347,284.0,307.80357457596756,False,True
19780,Male,40-44,27436.367134734006,26752,684.367134734006,1052.0,1346.8380395556937,True,True
43580,Male,45-49,4418.474013222984,4287,131.47401322298356,289.0,287.68656164862534,True,True
11180,Female,55-59,2912.0,3068,-156.0,253.0,356.8146820602398,True,True
20220,Female,40-44,2745.862753462012,2628,117.86275346201182,271.0,276.41253402362895,True,True
11500,Male,50-54,3407.0,3401,6.0,73.0,110.1996537823509,True,True
11500,Male,65-69,3331.0,3262,69.0,341.0175948539899,273.5860522874841,True,True
48660,Male,45-49,4258.765581784707,4269,-10.234418215292862,76.0,196.67033645449666,True,True
36220,Female,30-34,6332.0,6528,-196.0,280.0,299.1795558460671,True,True
36220,Male,30-34,7364.0,7500,-136.0,278.0,302.9096764466266,True,True
29700,Male,35-39,8500.0,8902,-402.0,720.0,697.7522060221307,True,True
45500,Female,18-24,5441.306164100199,5531,-89.69383589980134,476.3013751817225,145.56062175373992,True,True
45500,Male,40-44,5138.582985969562,5478,-339.4170140304377,440.0,389.32804287369544,True,True
16540,Male,50-54,5195.128564100995,5180,15.12856410099539,147.0,269.01914156307726,True,True
11020,Female,30-34,3538.891787293768,3777,-238.10821270623182,88.0,121.4693253044183,False,False
16540,Male,65-69,4388.86872153526,4087,301.8687215352602,419.7773219219923,432.4250843867103,True,True
10580,Male,50-54,28263.102202213537,28439,-175.89779778646334,114.0,321.73904703601386,False,True
10580,Male,65-69,25801.88787750925,25491,310.88787750924894,1030.7749511896377,872.2931244576081,True,True
13780,Female,55-59,7831.046667191048,8037,-205.95333280895193,478.0,515.9059283213179,True,True
46660,Male,25-29,5470.018958305294,5370,100.01895830529429,159.0,212.03235734641135,True,True
47580,Female,55-59,5537.737116645028,5483,54.737116645028436,505.0,547.9156060115668,True,True
29200,Male,60-64,5822.858721189571,5999,-176.14127881042896,528.8563131891308,463.75470093319706,True,True
26900,Male,18-24,91674.05741064898,91937,-262.9425893510197,2184.7052432765386,774.8278513093849,True,True
17140,Male,40-44,69961.73792811371,69004,957.737928113711,1896.0,2220.892225327072,True,True
26900,Male,30-34,76339.43496719033,76445,-105.56503280966717,414.0,891.4744899812046,True,True
29200,Female,55-59,5305.784858487506,5366,-60.215141512493574,417.0,562.5392926767572,True,True
43780,Female,35-39,10353.793087939994,10239,114.79308793999371,487.0,619.6942240591296,True,True
43780,Male,60-64,9810.327100964516,9913,-102.67289903548408,556.7521890392529,556.2112063046889,True,True
23060,Male,35-39,14532.187822072776,13964,568.1878220727758,644.0,856.3280402257411,True,True
23060,Female,55-59,13439.088749720238,13610,-170.9112502797616,732.0,722.0150167075053,True,True
23060,Male,40-44,14335.304799515729,14636,-300.6952004842715,639.0,950.1871616358621,True,True
14020,Female,30-34,4653.833800172968,4682,-28.16619982703196,73.0,194.37006283481128,True,True
21780,Female,65-69,8705.936111367522,8772,-66.06388863247776,619.7418817540089,542.3614320809705,True,True
34620,Female,30-34,2959.0,3036,-77.0,61.0,166.17065024771975,False,True
43780,Female,40-44,9386.97222581968,9357,29.972225819679807,505.0,694.1788740464565,True,True
14020,Female,18-24,18899.129933004937,18555,344.1299330049369,1141.466162441971,807.7476236958101,True,True
43780,Female,45-49,9090.309934372019,9168,-77.69006562798131,73.0,245.16505060820273,False,True
17140,Female,60-64,77298.71376167492,77583,-284.28623832507583,2015.914928760636,2016.5760315542577,True,True
21140,Male,25-29,6420.0,6686,-266.0,66.0,228.90811889271205,False,False
23060,Male,45-49,12773.23264224993,13142,-368.76735775007,73.0,325.4961798246552,False,False
17140,Male,45-49,66090.0841367696,65575,515.0841367695975,378.0,978.6706087207028,False,True
29020,Female,55-59,2821.3188237917366,2801,20.318823791736577,315.0,288.3020254266125,True,True
34620,Female,18-24,11444.0,11372,72.0,702.0299138925634,558.9785278333596,True,True
21780,Female,50-54,8267.522058801082,8201,66.52205880108158,199.0,264.7807121291898,True,True
48620,Female,50-54,17926.806075648146,18179,-252.19392435185364,203.0,390.6805245537931,False,True
28140,Male,40-44,75968.17286144348,75188,780.1728614434833,1633.0,2237.2165264054192,True,True
28140,Male,35-39,78164.79818606726,78173,-8.20181393274106,1573.0,2422.8366328327857,True,True
31740,Female,55-59,2762.0,2812,-50.0,240.0,319.9212054104104,True,True
48620,Female,65-69,19063.91034444404,18752,311.9103444440407,998.3035610474401,1011.5027899861057,True,True
45820,Female,25-29,6994.631603304529,6747,247.63160330452865,96.0,361.0989616386669,False,True
28140,Female,55-59,68270.36527215404,68406,-135.63472784595797,1587.0,1629.4648323683814,True,True
28140,Male,45-49,66713.37923317797,67076,-362.6207668220304,315.0,972.2601418142258,False,True
24540,Female,60-64,9913.0,9669,244.0,678.7348525013284,664.1764656672577,True,True
19740,Male,55-59,86423.23986786068,88699,-2275.760132139316,1561.0,2112.6333515484876,False,True
14500,Male,55-59,9750.357523340843,9889,-138.64247665915718,559.0,517.5510433850724,True,True
39380,Male,60-64,5412.102869032716,5871,-458.8971309672843,534.8130514488217,407.971251528904,True,True
17820,Female,55-59,22945.0,22849,96.0,887.0,1014.8372845091966,True,True
17300,Male,25-29,16377.678092482105,16281,96.67809248210506,165.0,465.1938156158253,True,True
32820,Male,60-64,38982.85776249335,38270,712.8577624933532,1497.7105861948096,1312.2629834958532,True,True
28940,Male,45-49,27920.886370086253,27747,173.886370086253,256.0,526.8845552033681,True,True
34100,Male,65-69,4121.68793579527,3907,214.68793579527028,442.13685664056555,377.3332576230589,True,True
28940,Male,40-44,27761.455377735932,28084,-322.5446222640676,1129.0,1106.0620935514926,True,True
28940,Male,35-39,28644.380566708256,28093,551.3805667082561,1198.0,1111.7706527298344,True,True
27740,Male,35-39,6050.710927467816,6115,-64.28907253218404,617.0,634.8111752061003,True,True
27180,Male,65-69,4837.7607577295275,4651,186.76075772952754,382.78061601915005,352.201791886678,True,True
27180,Male,50-54,5283.981118348823,5312,-28.018881651177253,85.0,183.6988999040357,True,True
27740,Male,40-44,6118.599188736972,6140,-21.400811263028118,548.0,613.1922587650449,True,True
30700,Female,25-29,12081.941372396936,11806,275.94137239693555,47.0,397.86863136564347,False,True
12580,Male,50-54,85021.17932630744,85658,-636.820673692564,133.0,923.4332352010395,False,True
12580,Male,65-69,70961.89050445396,71247,-285.10949554604304,1854.045576570328,1682.5048816756205,True,True
30500,Female,18-24,8331.0,8401,-70.0,584.7512291564678,326.5424444329558,True,True
30500,Female,30-34,6887.0,6777,110.0,189.0,258.9519478735389,True,True
17410,Female,25-29,69615.0,69597,18.0,262.0,673.7343462272427,True,True
18140,Female,30-34,84798.39499215431,85205,-406.6050078456901,199.0,674.3560802968077,False,True
45780,Female,60-64,20007.50749272156,19984,23.507492721560993,869.2456499747353,884.045205666207,True,True
18140,Female,18-24,96408.79001549436,95953,455.7900154943636,2008.73218722656,1134.4644069786339,True,True
49660,Female,65-69,16263.0,16003,260.0,856.950990430608,738.4667740926128,True,True
15940,Male,30-34,12236.0,12312,-76.0,124.0,325.96890152091197,True,True
19430,Female,50-54,24912.0,24782,130.0,123.0,430.6523916251946,False,True
19430,Female,65-69,25107.0,24789,318.0,1022.4328828827837,956.9683405643575,True,True
26580,Female,60-64,13247.674788781856,13171,76.67478878185648,827.7064697101262,626.4283750311963,True,True
49660,Female,50-54,13470.0,13397,73.0,127.0,192.3071136587256,True,True
15940,Female,50-54,12710.0,12602,108.0,62.0,343.9798843482712,False,True
19430,Male,45-49,21422.0,21609,-187.0,181.0,433.9073784936711,False,True
45780,Male,60-64,19062.736134554918,18810,252.73613455491795,890.2814161825462,912.7669961573982,True,True
15940,Female,65-69,13881.0,13335,546.0,711.5279333940446,641.1703777477949,True,True
19430,Male,40-44,23491.0,23485,6.0,890.0,1181.195110791397,True,True
13980,Male,18-24,20509.0,21040,-531.0,982.8952131331193,768.7949342054746,True,True
31340,Male,18-24,15543.0,15682,-139.0,871.250251076004,670.9221787593924,True,True
25500,Male,35-39,4175.0,4101,74.0,401.0,449.42968503009456,True,True
16820,Male,55-59,6587.021395564085,6160,427.02139556408474,440.0,536.0170437772517,True,True
13980,Male,30-34,5518.0,5553,-35.0,207.0,313.72483277149104,True,True
31340,Male,30-34,7920.0,7864,56.0,177.0,203.5051832570856,True,True
25500,Male,45-49,3739.0,3710,29.0,231.0,250.85333097997724,True,True
43100,Female,55-59,3807.0,3551,256.0,319.0,509.3279698215091,True,True
24580,Female,50-54,9658.117111825548,9977,-318.8828881744521,85.0,342.0668981327115,False,True
29100,Female,25-29,4898.208886680829,4800,98.20888668082898,228.0,230.76980018538433,True,True
20260,Female,55-59,9367.920516646122,8862,505.92051664612154,392.0,535.708873604207,False,True
27500,Male,25-29,5327.0,5104,223.0,79.0,264.9683462769657,False,True
39540,Male,65-69,5237.0,5315,-78.0,526.0313678859845,547.6635875208887,True,True
31540,Male,25-29,27288.118528612984,27571,-282.88147138701606,81.0,753.902623348715,False,True
17140,Male,35-39,75863.8352224022,77391,-1527.1647775978054,1976.0,2243.0979861707992,True,True
21140,Female,18-24,9304.0,9376,-72.0,607.3590371435993,322.21178991464603,True,True
21140,Female,30-34,6513.0,6511,2.0,70.0,273.4460595780272,True,True
41140,Female,65-69,3814.6138304231545,3848,-33.38616957684553,311.1334118991401,288.3323745703319,True,True
41140,Female,50-54,3613.275736263411,3598,15.27573626341109,126.0,135.42148897552764,True,True
34100,Male,50-54,4526.331220564568,4343,183.33122056456796,302.0,257.4139561254287,True,True
27740,Male,45-49,6558.744238918243,6299,259.74423891824335,187.0,259.6303688653532,False,True
31700,Female,60-64,15879.432433868009,16188,-308.56756613199104,887.3471699397029,905.6822835034598,True,True
22140,Female,40-44,4421.613113687701,4371,50.613113687701116,457.0,481.2712157659317,True,True
22140,Female,45-49,3369.276200972585,3445,-75.72379902741523,81.0,135.1198420605176,True,True
22140,Female,35-39,3724.2077651921973,3606,118.20776519219726,454.0,471.0573333341862,True,True
28740,Male,30-34,6210.772025058532,6078,132.77202505853165,95.0,345.5402627000234,False,True
28740,Male,18-24,7916.700641009812,8016,-99.29935899018801,486.0915551621937,518.087502211021,True,True
30500,Male,25-29,6616.0,6747,-131.0,132.0,209.6465214444304,True,True
44180,Male,18-24,26268.75210360568,26755,-486.2478963943213,1166.0913343302059,569.591261399702,True,True
27620,Female,60-64,5136.455829584774,5071,65.45582958477371,460.2445002387318,385.66330800946685,True,True
17860,Male,50-54,5558.46511022732,5439,119.46511022732011,52.0,321.1956987793502,False,True
17860,Male,65-69,4571.421366499811,4684,-112.57863350018943,456.20718977236646,403.9196429350431,True,True
44180,Male,30-34,16016.687160989697,15861,155.68716098969708,192.0,449.9091967015386,True,True
44180,Female,55-59,14360.10113015397,14238,122.10113015396928,737.0,859.6277356194182,True,True
39900,Male,65-69,16851.973686316138,17041,-189.0263136838621,806.8612024381889,827.5522418605532,True,True
39900,Male,50-54,17726.986063308956,17716,10.986063308955636,210.0,314.1874069722357,True,True
16180,Female,55-59,1915.4904128817734,1869,46.49041288177341,255.0,176.67306727615,True,True
10420,Female,25-29,23021.0,22861,160.0,162.0,380.8318890370133,True,True
15940,Male,18-24,16676.0,16530,146.0,616.7017107159668,409.9038317550838,True,True
48260,Female,55-59,3948.4827378674768,3932,16.48273786747677,333.0,237.89718364874932,True,True
31900,Male,25-29,4564.0,4692,-128.0,320.0,315.59701199868795,True,True
19430,Male,35-39,26722.0,26643,79.0,925.0,1234.027864043191,True,True
44220,Male,60-64,4291.0,4175,116.0,362.98898054899684,421.92582520657584,True,True
30620,Male,25-29,3262.0,3273,-11.0,62.0,169.90230219158303,True,True
41780,Male,18-24,4808.426848119925,4502,306.4268481199251,448.22427421994894,212.91998396279436,True,True
41780,Male,30-34,3143.1698093278646,2967,176.16980932786464,158.0,179.12894192003245,False,True
25500,Male,40-44,3640.0,3780,-140.0,382.0,430.35507717174664,True,True
24580,Female,65-69,9902.501377418466,9738,164.5013774184663,681.3934252691319,943.2184444067748,True,True
20740,Male,25-29,5693.127500667425,5987,-293.872499332575,253.0,308.30281973345376,False,True
39540,Male,50-54,6182.0,6173,9.0,46.0,128.4828195129606,True,True
12100,Female,30-34,10688.0,10640,48.0,97.0,293.74145527572375,True,True
12100,Male,45-49,9890.0,9720,170.0,106.0,277.97604065143815,False,True
12100,Female,18-24,14885.0,14808,77.0,906.8820209928081,437.6321469025099,True,True
12100,Male,40-44,9564.0,9185,379.0,671.0,673.5274669315647,True,True
12100,Male,35-39,10676.0,10741,-65.0,669.0,738.4114398380824,True,True
19820,Female,65-69,136963.23549507436,137139,-175.7645049256389,2203.753162221214,2597.468046556009,True,True
19820,Male,18-24,178311.8926643898,178348,-36.10733561019879,2325.7824489835675,843.9302497985178,True,True
29620,Male,35-39,15077.0,15178,-101.0,691.0,930.008864395926,True,True
24340,Male,50-54,33573.20862768098,34213,-639.7913723190213,178.0,496.33139195854125,False,False
40980,Male,50-54,5643.0,5606,37.0,21.0,177.28987023022495,False,True
27100,Female,55-59,5146.0,5265,-119.0,324.0,458.0062281099461,True,True
19820,Female,50-54,148138.68961379127,148999,-860.31038620873,155.0,683.7454962844376,False,False
19820,Male,30-34,153021.7698185999,153258,-236.23018140011118,161.0,1072.967565140388,False,True
40980,Male,65-69,5751.0,5617,134.0,431.00464034624963,419.20380988696894,True,True
24340,Male,65-69,28208.190342725433,28918,-709.8096572745671,1194.8058419676395,1083.2534437290085,True,True
29620,Male,45-49,12256.0,12459,-203.0,124.0,539.5272745411024,False,True
22420,Female,25-29,13582.22255047877,13170,412.22255047876934,70.0,458.51287943693035,False,True
40980,Female,55-59,6623.0,6726,-103.0,379.0,589.5436503760769,True,True
13020,Female,65-69,3611.321955438967,3739,-127.67804456103295,374.52503254121746,268.2323923973076,True,True
13020,Female,50-54,3285.54800918274,3405,-119.45199081726014,138.0,128.54543964522858,True,True
35660,Female,55-59,5056.0,5108,-52.0,350.0,479.65094369629884,True,True
29620,Male,40-44,14516.0,13821,695.0,706.0,846.892747641341,True,True
25060,Male,65-69,12050.771735746253,11968,82.7717357462534,697.3564368384363,653.8529193779093,True,True
25060,Female,18-24,17019.750676368778,16943,76.75067636877793,980.140806211026,380.64297623447044,True,True
25060,Male,50-54,13012.506754762797,13105,-92.49324523720315,224.0,244.80385515827754,True,True
25060,Female,30-34,14249.768466168774,14605,-355.23153383122553,180.0,331.6000589606974,False,True
39580,Male,55-59,43536.511565257846,43995,-458.4884347421539,1569.0,1689.5323004624004,True,True
24660,Female,18-24,43397.864292542086,43268,129.86429254208633,1338.9783418711447,901.6842158390369,True,True
49180,Female,45-49,21467.498354540126,21380,87.49835454012646,234.0,295.18248689159583,True,True
24660,Male,55-59,24596.337664787163,24980,-383.6623352128372,1071.0,1142.5613811016196,True,True
25860,Female,60-64,13793.009168604463,13856,-62.99083139553659,939.1442913631537,772.0276116012493,True,True
16740,Male,60-64,80068.1188632966,79543,525.1188632965932,2042.1229150078111,2233.664249559764,True,True
24140,Male,30-34,4146.0,4238,-92.0,122.0,96.93084855968198,True,True
49180,Female,35-39,20311.528735255317,21204,-892.4712647446831,1064.0,1109.5025470038277,True,True
24660,Female,30-34,26845.609388800272,27178,-332.3906111997276,118.0,185.33210922382497,False,False
38240,Male,25-29,2867.712638064181,2643,224.7126380641812,207.0,205.38938229249595,False,True
15500,Male,45-49,4897.0,5006,-109.0,95.0,49.869552597251165,False,False
15500,Male,40-44,5066.0,4969,97.0,467.0,598.8469938483869,True,True
15500,Male,35-39,5224.0,5324,-100.0,493.0,624.248890648794,True,True
27340,Female,25-29,7802.295358132327,8233,-430.70464186767276,5.0,244.00525705914643,False,False
24140,Female,55-59,3177.0,3510,-333.0,313.0,378.9272764512341,False,True
49180,Female,40-44,21844.616988845177,21210,634.6169888451768,1092.0,1131.039905763716,True,True
11700,Male,25-29,11707.879409111396,12135,-427.12059088860406,178.0,374.2532781491736,False,False
24140,Male,18-24,6377.0,6325,52.0,472.97568647870264,236.2342569939847,True,True
17660,Female,40-44,6419.429972040869,6250,169.42997204086896,502.0,668.2451124961328,True,True
14260,Male,60-64,23284.18407331744,23817,-532.8159266825605,1149.2071179730833,1240.4732948622793,True,True
17660,Female,45-49,5064.17330634458,5009,55.17330634457994,60.0,134.51378930011816,True,True
14260,Female,60-64,23634.160278156633,23808,-173.83972184336744,1026.9863679718442,895.6886351205998,True,True
17660,Female,35-39,5819.710538218003,5715,104.71053821800342,527.0,723.9267303208871,True,True
46300,Male,25-29,3702.170451188375,3701,1.1704511883749547,91.0,126.72231971119164,True,True
30780,Female,60-64,25078.0,25071,7.0,1131.9098904064758,1030.7796296590266,True,True
30460,Female,60-64,16996.160061385322,16531,465.1600613853225,847.7169338877218,748.6718768813734,True,True
36980,Female,60-64,3581.3584746032952,4191,-609.6415253967048,370.56713291925934,461.3503371269092,False,False
30460,Male,65-69,12395.855370018862,12389,6.8553700188622315,728.5664005428744,617.621657105204,True,True
21060,Male,25-29,4280.039370753292,4375,-94.96062924670787,55.0,136.50701535145328,False,True
30460,Male,50-54,15681.89552570887,15439,242.89552570886917,156.0,366.8238463532869,False,True
11460,Female,25-29,13233.0,13386,-153.0,5.0,462.2555372464456,False,True
12980,Male,25-29,3933.4183065824923,4030,-96.58169341750772,64.0,90.57305482637723,False,True
24780,Female,40-44,5244.0,5491,-247.0,466.0,666.7518009818195,True,True
24780,Female,35-39,5393.0,5204,189.0,469.0,654.6310517726761,True,True
24780,Female,45-49,5204.0,5196,8.0,124.0,157.59237368921123,True,True
25940,Female,60-64,9755.047222247314,9466,289.0472222473145,698.8275896099123,649.0052369437909,True,True
22500,Female,65-69,6703.532227303306,7004,-300.4677726966938,594.5359534965064,492.8984901947407,True,True
16700,Male,30-34,30841.0,31377,-536.0,126.0,395.0396517423915,False,False
16700,Male,18-24,36930.0,37226,-296.0,1073.0093196240189,775.0429327301811,True,True
16700,Female,55-59,24968.0,25311,-343.0,1064.0,1291.2222096031728,True,True
43620,Female,55-59,8105.873336681419,8520,-414.12666331858145,554.0,653.8061463176023,True,True
22020,Female,18-24,17926.34731392372,18990,-1063.6526860762788,1000.8656253463798,651.7461644268182,False,True
22020,Female,30-34,9256.609692491726,9374,-117.39030750827442,142.0,564.7499795775112,True,True
25740,Male,55-59,2875.5112582507986,3128,-252.48874174920138,341.0,258.3865127737321,True,True
13740,Female,60-64,6332.205435548037,6618,-285.7945644519632,558.4120342542772,578.9171239697662,True,True
25740,Female,55-59,2874.635852818862,3574,-699.3641471811379,313.0,220.80025868180715,False,False
14580,Female,25-29,5066.0,4918,148.0,90.0,203.60289334879306,False,True
10540,Male,55-59,3916.3936644631076,4006,-89.6063355368924,363.0,436.28639698853084,True,True
18700,Female,18-24,8997.248082607235,9875,-877.7519173927649,622.542368036104,353.87464015022755,False,False
13460,Female,30-34,9012.0,8835,177.0,225.0,316.4936822730432,True,True
24420,Female,45-49,2157.244461450775,2218,-60.75553854922509,119.0,83.85520254206223,True,True
24420,Female,40-44,2553.299132270921,2845,-291.70086772907916,309.0,251.43128488733026,True,True
38340,Female,50-54,4171.0,4137,34.0,60.0,147.37492479217758,True,True
12700,Female,50-54,7584.237942178317,7217,367.2379421783171,198.0,331.6105961976487,False,True
12700,Male,18-24,8125.546648840633,8235,-109.45335115936723,588.5550101732208,528.2704890167377,True,True
11260,Female,55-59,11011.87811500749,11127,-115.12188499250988,637.0,962.8808928101371,True,True
21820,Male,60-64,2936.9081635436582,2443,493.90816354365825,382.4604554721965,380.5642438941801,False,True
22500,Female,50-54,6731.147312789075,6679,52.14731278907493,100.0,122.3217725748869,True,True
24420,Female,35-39,2529.6220405939584,2366,163.62204059395845,337.0,274.89375379634214,True,True
41420,Male,55-59,12280.595225173913,12115,165.5952251739127,696.0,688.9378603299791,True,True
18700,Female,30-34,2944.976321554161,2731,213.97632155416113,83.0,191.72961539301588,False,False
13460,Female,18-24,8048.0,8055,-7.0,677.932887533862,244.4762783610099,True,True
39660,Female,60-64,5659.612498461946,5681,-21.387501538053584,570.7617716701076,528.8144522469275,True,True
39660,Male,25-29,4968.904381090195,5112,-143.09561890980513,259.0,277.7094287201543,True,True
42660,Female,65-69,103861.0,103526,335.0,1893.1059135716628,1732.3689396639793,True,True
49420,Male,45-49,7065.0,6962,103.0,96.0,199.35167181077264,False,True
42660,Female,50-54,123764.0,124505,-741.0,106.0,821.3158167941551,False,True
44060,Male,65-69,17271.1868260528,17031,240.186826052799,838.654279187795,760.5627256853732,True,True
34580,Female,55-59,3677.0,3932,-255.0,360.0,341.8882298098313,True,True
28420,Male,55-59,8432.044800651895,8108,324.04480065189455,489.0,691.5920575028822,True,True
49420,Male,40-44,7696.0,7770,-74.0,549.0,699.7629689187619,True,True
14740,Female,55-59,8273.0,8686,-413.0,635.0,584.467365675792,True,True
48300,Male,60-64,3664.0,3785,-121.0,423.6897449785633,419.9909224331521,True,True
44060,Male,50-54,17318.134235365804,17667,-348.86576463419624,115.0,377.40893755653445,False,True
49420,Male,35-39,8068.0,8121,-53.0,555.0,676.226667227787,True,True
14740,Male,55-59,8774.0,9176,-402.0,553.0,722.8245867869673,True,True
34580,Male,60-64,4752.0,4298,454.0,345.3259329966401,371.28218493653856,False,True
13380,Female,25-29,7895.0,7926,-31.0,106.0,283.17565331874846,True,True
16620,Male,55-59,6222.547263798328,6666,-443.45273620167245,543.0,565.1870082563777,True,True
34060,Female,65-69,3744.578036749591,3534,210.57803674959086,386.80356771881,314.08315108081007,True,True
13220,Male,55-59,3129.0,3586,-457.0,385.0,387.0407444362286,False,True
34060,Male,25-29,5711.396071183819,6079,-367.603928816181,52.0,171.91208167088115,False,False
34060,Female,50-54,3953.52289766971,3620,333.5228976697099,114.0,148.19475539684788,False,False
13220,Female,25-29,2931.0,2820,111.0,140.0,166.1950753745429,True,True
16940,Female,45-49,2625.0,2722,-97.0,94.0,62.003626647963095,False,True
16940,Female,35-39,3423.0,3296,127.0,382.0,477.6729914858072,True,True
16940,Female,40-44,3067.0,3164,-97.0,358.0,468.26117631483186,True,True
33500,Male,55-59,1778.6454972838949,1933,-154.35450271610512,231.0,287.6098526229902,True,True
12620,Male,45-49,4473.764259936426,4374,99.76425993642624,97.0,175.21671212772472,False,True
12620,Male,35-39,4892.350886408337,4834,58.35088640833692,430.0,607.0050526474427,True,True
38860,Male,50-54,18051.0,17974,77.0,186.0,493.9784630578544,True,True
38860,Male,65-69,18606.0,18687,-81.0,955.3271690892079,1047.9542832842233,True,True
12620,Male,40-44,4389.280669282697,4452,-62.71933071730291,438.0,575.4338960765654,True,True
40900,Male,45-49,73344.0,73044,300.0,145.0,684.4744978841433,False,True
42220,Male,25-29,14456.0,14280,176.0,79.0,374.1369788075619,False,True
12540,Male,18-24,47406.0,47174,232.0,1256.8337201077952,663.3483661621547,True,True
31080,Female,18-24,575134.0,573831,1303.0,4165.936029273614,1890.3120453396707,True,True
40140,Male,40-44,158785.0,159730,-945.0,2817.0,2960.847330925305,True,True
31080,Female,30-34,504216.0,504307,-91.0,0.0,1052.1238549482898,False,True
40140,Male,35-39,165821.0,164556,1265.0,2834.0,3106.986559240521,True,True
12540,Male,30-34,36788.0,36788,0.0,33.0,767.9490945051306,True,True
40900,Male,35-39,87229.0,86610,619.0,1620.0,2472.050315882041,True,True
23420,Male,25-29,42734.0,42709,25.0,77.0,493.53413256962284,True,True
40900,Female,50-54,74959.0,74788,171.0,209.0,665.4145984685038,True,True
40140,Male,45-49,141780.0,141314,466.0,117.0,945.884941469495,False,True
40140,Female,55-59,134826.0,134038,788.0,2257.0,2169.9570923701467,True,True
33700,Male,18-24,26545.0,26738,-193.0,1065.0652562167259,351.35540328312874,True,True
32900,Female,18-24,15811.0,15888,-77.0,775.7564050654046,370.63332149679957,True,True
33700,Male,30-34,20164.0,20394,-230.0,0.0,333.91615895124033,False,True
32900,Female,30-34,10213.0,10168,45.0,66.0,194.5277707680834,True,True
41940,Male,60-64,57165.079128365935,57214,-48.920871634065406,1628.4286904866299,1659.3821435115428,True,True
41740,Female,25-29,120242.0,120762,-520.0,0.0,728.7695330418253,False,True
47300,Male,50-54,12861.0,12976,-115.0,4.0,187.00401674830408,False,True
39820,Male,55-59,5148.0,5169,-21.0,400.0,554.1914424163368,True,True
40900,Female,65-69,70673.0,69749,924.0,1821.1482641454538,1595.231318009241,True,True
41940,Female,25-29,69720.1034349472,69909,-188.8965650527971,64.0,587.481323998919,False,True
39820,Female,50-54,5232.0,5227,5.0,52.0,157.44807088370436,True,True
40900,Male,40-44,83018.0,83939,-921.0,1646.0,2507.342812821474,True,True
49700,Male,25-29,6328.0,6323,5.0,167.0,219.37202169203346,True,True
33700,Female,18-24,25355.0,25506,-151.0,915.7570638548195,517.8181993808251,True,True
42020,Male,60-64,8930.0,8905,25.0,568.8699324098611,496.02683102832253,True,True
47300,Male,65-69,8589.0,8895,-306.0,698.6730279608624,547.3335504584933,True,True
33700,Female,30-34,20210.0,19875,335.0,0.0,286.68296199373276,False,False
14860,Male,45-49,30131.0,30107,24.0,43.0,389.1647255147876,True,True
47930,Male,35-39,14115.0,14116,-1.0,972.0,1031.9501420738554,True,True
14860,Female,30-34,28741.0,28575,166.0,15.0,295.69578520837933,False,True
35300,Female,55-59,19854.0,20106,-252.0,896.0,950.9357146562274,True,True
14860,Male,40-44,31090.0,31448,-358.0,1205.0,1198.751072353535,True,True
14860,Male,35-39,30408.0,30201,207.0,1211.0,1160.8320466194712,True,True
47930,Male,40-44,14833.0,14749,84.0,978.0,1067.298768098699,True,True
35300,Male,35-39,17455.0,18190,-735.0,895.0,1015.4374609435581,True,True
14860,Female,18-24,42540.0,42740,-200.0,1382.634803554431,771.2559299447881,True,True
35300,Male,40-44,16847.0,16200,647.0,895.0,993.5078924579565,True,True
35300,Male,45-49,15617.0,15508,109.0,60.0,238.56980786029902,False,True
47930,Male,45-49,12871.0,13009,-138.0,28.0,468.55681715508103,False,True
23540,Female,18-24,33850.154391483855,33742,108.15439148385485,1697.3803345155145,834.2486907810996,True,True
45300,Male,18-24,128555.0,129005,-450.0,2214.5995123272287,1426.8211210594166,True,True
15980,Male,50-54,23403.0,23730,-327.0,32.0,346.5646475424896,False,True
37340,Male,65-69,23279.0,23306,-27.0,1066.3179638363033,965.2412997063223,True,True
45300,Male,30-34,113471.0,113556,-85.0,116.0,788.6364016135699,True,True
18880,Female,50-54,8547.985838870334,8513,34.98583887033419,163.0,248.55947205971935,True,True
27260,Female,25-29,55602.3943655418,55178,424.394365541797,260.0,748.0153284328329,False,True
39460,Female,30-34,3872.0,3905,-33.0,97.0,192.84389094225932,True,True
27260,Male,25-29,55415.47740935834,55744,-328.5225906416599,305.0,538.2059904738317,False,True
15980,Male,65-69,28889.0,28925,-36.0,1162.890364565809,1050.2079904666505,True,True
36740,Male,60-64,78196.0,78716,-520.0,2611.703275642162,2217.0242091249816,True,True
23540,Female,30-34,11840.73760936315,11959,-118.26239063684989,175.0,88.69066729924835,True,True
26140,Female,60-64,8007.0,7812,195.0,643.6909196190358,501.33193373502553,True,True
15980,Female,25-29,20976.0,21066,-90.0,66.0,355.2405970307307,False,True
37860,Male,65-69,14063.0,13938,125.0,894.8228875034433,820.5261813853048,True,True
37340,Male,50-54,18854.0,19240,-386.0,13.0,381.69158002731734,False,False
23540,Male,65-69,8345.198273412316,8607,-261.80172658768424,666.3122391191686,639.697437768161,True,True
37860,Male,50-54,15537.0,15625,-88.0,191.0,395.81533865711924,True,True
37860,Female,55-59,17986.0,17796,190.0,788.0,838.2612363860684,True,True
43420,Male,30-34,4118.728442201447,4258,-139.27155779855275,79.0,217.26222057029756,False,True
43420,Male,18-24,5833.6726563153525,5576,257.67265631535247,398.55488956980565,316.97150133082437,True,True
22380,Male,65-69,3688.0,3631,57.0,357.34157328807964,353.1227286918105,True,True
49740,Male,18-24,12075.66289499622,12622,-546.3371050037804,897.7471804467001,417.0938435753814,True,True
27980,Male,25-29,4293.629840420803,4252,41.62984042080279,158.0,115.3064866935744,True,True
16980,Female,40-44,314771.27552959346,312380,2391.275529593462,3468.0,4428.2034478165815,True,True
16980,Female,45-49,296129.22586359107,296392,-262.77413640893064,191.0,1287.382733692974,False,True
16980,Female,35-39,327302.9666541452,327859,-556.033345854783,3460.0,4408.775879062158,True,True
41180,Female,60-64,102611.12120208933,101122,1489.121202089329,2308.1865175934113,2376.7216586539853,True,True
40420,Male,25-29,10282.0,10174,108.0,62.0,243.2420510931447,False,True
37900,Female,60-64,12669.107430575003,13031,-361.8925694249974,733.2700730290306,683.5395125890577,True,True
16580,Male,25-29,8284.169679743934,8378,-93.83032025606553,87.0,193.17453634112675,False,True
40420,Female,25-29,10500.0,10541,-41.0,82.0,203.74837453952853,True,True
19500,Male,55-59,3402.0247603661965,3297,105.02476036619646,309.0,343.2642656670418,True,True
14010,Female,65-69,4632.0,4527,105.0,360.16801634792614,388.93049867714154,True,True
44100,Male,25-29,5810.460218540766,5854,-43.53978145923429,88.0,181.37843835688872,True,True
16020,Male,50-54,2802.980636426542,2860,-57.01936357345812,136.0,132.59306813088247,True,True
33740,Male,55-59,6567.683557328961,6670,-102.31644267103911,453.0,515.5728435019004,True,True
43340,Female,60-64,13394.54885531315,13131,263.54885531315085,879.7323456597467,842.6818972718526,True,True
35380,Female,25-29,33348.0,33358,-10.0,156.0,246.67898061296185,True,True
43640,Female,50-54,8655.0,8842,-187.0,38.0,262.46772743282173,False,True
29180,Male,45-49,11679.65140346919,11843,-163.34859653081003,176.0,387.03605801402637,True,True
29180,Male,40-44,14116.805163909537,14300,-183.19483609046256,802.0,1013.8777147753592,True,True
26380,Male,45-49,5555.1996590224,5653,-97.80034097760017,208.0,235.76888035598967,True,True
43640,Female,65-69,8540.0,8483,57.0,631.7064191537078,597.5679583978293,True,True
29180,Male,35-39,13710.735710623583,13971,-260.26428937641685,711.0,1011.2224921878919,True,True
26380,Male,35-39,6421.792043252348,6271,150.79204325234787,623.0,551.5843053009617,True,True
47940,Male,50-54,4286.892434266963,4445,-158.1075657330366,117.0,165.8486705139131,False,True
43580,Male,25-29,4476.575040524684,4735,-258.4249594753164,224.0,207.82606706084565,False,True
47940,Female,25-29,5521.840495435807,5211,310.8404954358066,106.0,181.9690796933883,False,False
47940,Male,65-69,4961.617691943329,4896,65.61769194332919,332.9459415580854,401.2586724927455,True,True
36540,Male,60-64,31005.590671537124,29556,1449.5906715371239,1161.0822537615497,1108.3508720328948,False,True
19780,Male,25-29,26942.79004593232,26354,588.7900459323209,189.0,680.5312813100512,False,True
13820,Male,25-29,37373.45540040522,37606,-232.54459959478118,269.0,414.38031491779356,True,True
26620,Male,50-54,16348.350635135917,16553,-204.6493648640826,242.0,396.3605006179071,True,True
33860,Female,65-69,11753.549662369007,12220,-466.4503376309931,695.4372725127695,710.6149158149138,True,True
33860,Male,50-54,11189.199933451915,11284,-94.80006654808494,114.0,292.5309619715433,True,True
33660,Male,65-69,10943.0,11437,-494.0,820.6491333085047,721.457130339357,True,True
20020,Male,55-59,4753.0,4806,-53.0,274.0,399.45091654357236,True,True
33660,Male,50-54,11681.0,11637,44.0,0.0,287.6598946347057,False,True
26620,Male,65-69,13085.859892006425,13489,-403.14010799357493,869.1052870625055,800.5200099629802,True,True
19460,Female,45-49,4821.0,4771,50.0,120.0,160.26766548886275,True,True
11500,Female,65-69,4237.0,4130,107.0,374.09223461601016,337.0767167889975,True,True
46220,Female,65-69,7518.520379295252,7807,-288.4796207047484,625.395874626624,617.2627061099896,True,True
46220,Female,50-54,7849.189449570884,7863,-13.81055042911612,35.0,237.893097670774,True,True
33860,Female,50-54,12501.611516626117,12586,-84.38848337388299,106.0,172.1119671427936,True,True
33860,Male,65-69,9855.277321689073,9873,-17.722678310927222,756.3021882819063,595.4255651802971,True,True
19460,Female,35-39,4953.0,5240,-287.0,393.0,525.6054307914826,True,True
26420,Male,60-64,195699.35598832284,195307,392.3559883228445,3655.5278688583403,3489.8418763233217,True,True
31180,Female,65-69,8342.148122963654,8443,-100.8518770363462,560.4400057097994,462.556314867611,True,True
43300,Female,65-69,4019.3823298322227,4144,-124.6176701677773,442.45225731145274,277.1629089281473,True,True
19100,Male,35-39,290694.9338441882,288909,1785.9338441882282,3373.0,4529.4361388378,True,True
19100,Male,40-44,284896.38263803447,287059,-2162.617361965531,3356.0,4396.9153970353345,True,True
17780,Female,65-69,5658.456896225937,5905,-246.54310377406273,495.2655853176152,386.9534434524612,True,True
19100,Male,45-49,258076.6932624047,257861,215.693262404704,374.0,1130.4869491824327,True,True
45500,Female,55-59,4476.291958214209,4659,-182.70804178579056,366.0,348.0161818101603,True,True
12420,Male,55-59,66368.5981968368,66044,324.5981968367996,2045.0,1977.9662677908395,True,True
48660,Male,25-29,5940.59998044661,5881,59.59998044661006,109.0,283.2206315975442,True,True
29700,Female,45-49,8423.0,8424,-1.0,71.0,124.06561209194915,True,True
29700,Female,35-39,8139.0,8322,-183.0,688.0,695.9606969802606,True,True
18580,Female,55-59,12975.17420957758,13123,-147.82579042241923,763.0,815.5550409068768,True,True
10180,Male,30-34,6784.976499957569,6910,-125.0235000424309,177.0,223.90530174899027,True,True
10180,Male,18-24,12427.174134783494,12314,113.17413478349408,775.3715238516307,418.192301956839,True,True
21340,Female,50-54,25463.608077487293,25312,151.60807748729349,56.0,381.5001629288382,False,True
36220,Female,55-59,4164.0,4279,-115.0,422.0,432.99887359553264,True,True
13140,Female,60-64,12972.0,12913,59.0,714.1904507902636,711.3095841448012,True,True
33260,Male,18-24,7773.516395718509,7902,-128.48360428149135,768.7385771509064,267.949301605709,True,True
31180,Female,50-54,9152.683440243862,9140,12.683440243861696,113.0,115.33821232683314,True,True
17780,Female,50-54,6358.162923229803,6639,-280.8370767701972,194.0,215.38454163124197,False,True
29700,Male,25-29,9976.0,10108,-132.0,81.0,216.1904912311131,False,True
18580,Male,55-59,13199.653695937299,13375,-175.34630406270117,761.0,806.3663376637206,True,True
20580,Female,30-34,1971.3614344891166,1752,219.36143448911662,24.0,79.99642037056394,False,False
21340,Female,65-69,21290.064667023173,20766,524.0646670231727,1122.2428435949146,919.1449410683266,True,True
36260,Female,45-49,20129.064928520675,19941,188.06492852067458,146.0,371.37559231430106,False,True
39340,Male,18-24,59940.767028664646,60175,-234.2329713353538,1678.3259516553987,647.5024603133381,True,True
39340,Male,30-34,24581.82048886994,24670,-88.17951113005984,9.0,385.892576553399,False,True
36260,Female,35-39,22641.193949075074,23333,-691.8060509249262,990.0,1137.4696974927674,True,True
36260,Male,35-39,24029.15815335523,24422,-392.84184664476925,821.0,1016.535990434801,True,True
36260,Male,45-49,21173.931310697506,20876,297.931310697506,210.0,348.35535739059605,False,True
36260,Female,40-44,23929.990743158243,23553,376.9907431582433,922.0,1077.5520406671392,True,True
36260,Male,40-44,24289.526888745935,24156,133.52688874593514,816.0,946.9136704364311,True,True
41100,Male,45-49,5350.0,5305,45.0,194.0,290.4866929482313,True,True
41100,Male,40-44,6743.0,6428,315.0,523.0,692.661429642939,True,True
41100,Male,35-39,5230.0,5295,-65.0,500.0,702.3622193284602,True,True
30860,Female,35-39,4312.264989829564,4434,-121.735010170436,371.0,336.77478705146535,True,True
21420,Male,25-29,1979.960791120428,2066,-86.03920887957202,108.0,93.99628809104057,True,True
30020,Male,25-29,5883.0,5678,205.0,34.0,416.3348435784591,False,True
30020,Female,65-69,3022.0,2862,160.0,320.61971243203374,401.3231962879171,True,True
30020,Female,50-54,3275.0,3262,13.0,45.0,109.29165088194065,True,True
11020,Female,55-59,3826.3672309833487,3989,-162.6327690166513,356.0,340.56255535027185,True,True
38300,Male,60-64,86856.67726480452,88255,-1398.3227351954847,1730.9309633835776,1968.6773866172614,True,True
37980,Female,60-64,216758.1322203312,217950,-1191.867779668799,3491.349452575608,3542.505439490957,True,True
42540,Female,65-69,18668.307968412693,18319,349.3079684126933,805.4470808190939,822.0695177884994,True,True
44300,Female,40-44,4250.0,4000,250.0,340.0,494.2906117002426,True,True
39740,Female,65-69,11720.0,11845,-125.0,642.343366121267,754.2347423630789,True,True
39740,Female,50-54,13709.0,13826,-117.0,29.0,174.07489178511645,False,True
42540,Male,60-64,19698.018183304153,19692,6.018183304153354,856.9323193811749,1137.7880724413767,True,True
10900,Male,60-64,31467.0,30879,588.0,1201.806972853794,1342.321763938792,True,True
25420,Female,50-54,18427.0,18581,-154.0,56.0,694.5216494501809,False,True
10900,Female,55-59,29580.0,30553,-973.0,900.0,1337.9674520410615,False,True
21500,Male,50-54,8230.0,8265,-35.0,25.0,173.95281934334955,False,True
42540,Female,50-54,18221.317892307932,18460,-238.6821076920678,41.0,343.76138839346055,False,True
25420,Female,65-69,19930.0,18873,1057.0,912.07949214967,1022.1567250549202,False,True
44300,Female,35-39,3809.0,4030,-221.0,331.0,493.62911560958395,True,True
21500,Female,40-44,6442.0,6618,-176.0,487.0,648.63280338243,True,True
21500,Male,65-69,8934.0,8549,385.0,534.8691428751522,539.0744312812935,True,True
21500,Female,45-49,7234.0,7299,-65.0,13.0,229.65814305724064,False,True
44300,Female,45-49,3550.0,3726,-176.0,127.0,63.12600426923916,False,False
15260,Male,55-59,3571.227755166375,3958,-386.7722448336249,375.0,333.50368901833997,False,True
12260,Male,30-34,21447.187271469702,21472,-24.812728530298045,270.0,402.96178454694973,True,True
42340,Female,30-34,16321.476480972447,16299,22.47648097244746,178.0,216.2813750153863,True,True
12260,Male,18-24,29200.545981962987,29806,-605.4540180370132,1231.0328996415976,511.45044723389185,True,True
47580,Female,18-24,8875.92082775452,9042,-166.07917224547964,683.6600032179739,189.9688935252087,True,True
46660,Male,45-49,3666.334465439727,3503,163.33446543972696,222.0,156.64161962392902,True,True
47580,Female,30-34,7284.282923847594,6936,348.28292384759425,140.0,164.25302833246013,False,False
47580,Male,25-29,6285.070951081021,6542,-256.9290489189789,122.0,146.64047878915213,False,False
25980,Female,60-64,2044.520826943302,2111,-66.47917305669807,291.34343994674055,277.7801913379657,True,True
46660,Male,40-44,4566.634174166844,4319,247.63417416684388,401.0,451.6749455150308,True,True
12260,Female,60-64,22806.81928002078,22527,279.81928002077984,1159.1777258039424,1093.755368845624,True,True
10500,Female,60-64,4609.446699853336,4724,-114.55330014666379,446.3462781294362,439.45665217310716,True,True
40660,Female,55-59,3344.2251411538446,3472,-127.77485884615544,355.0,305.8459009444414,True,True
42340,Female,18-24,22413.619316388587,20602,1811.6193163885873,931.337747543822,562.8371389275189,False,False
42340,Male,25-29,15871.786829279345,15097,774.7868292793446,161.0,220.17268217919062,False,False
23580,Female,65-69,5733.0,5582,151.0,573.2058966898369,492.9896490279994,True,True
49340,Female,30-34,28859.0,28903,-44.0,63.0,255.8985073886716,True,True
39300,Female,60-64,62894.0,62606,288.0,1873.9183546782394,1979.0748815898808,True,True
49340,Female,18-24,39828.0,39234,594.0,1157.4653342541192,691.2748212442357,True,True
39820,Female,65-69,6494.0,6748,-254.0,541.7342521938224,419.6207668300033,True,True
46700,Male,55-59,14051.0,14205,-154.0,735.0,835.1314413559402,True,True
42100,Female,55-59,8661.0,8567,94.0,508.0,583.5557220201855,True,True
35980,Male,50-54,8778.0,8609,169.0,0.0,250.08869591606893,False,True
35980,Male,65-69,8416.0,8454,-38.0,572.7564927611035,576.2027844593863,True,True
45220,Male,18-24,32506.14978153035,32561,-54.850218469651736,1490.0429524010374,727.9028699885129,True,True
36100,Male,35-39,11024.0,11024,0.0,925.0,860.3359435941288,True,True
35840,Male,25-29,20335.0,20293,42.0,144.0,602.6909369745409,True,True
48680,Female,60-64,6590.0,6137,453.0,655.4944698470003,633.648683194205,True,True
23540,Male,50-54,8669.13221936929,8610,59.1322193692904,116.0,316.7293440943056,True,True
18880,Female,65-69,9162.718441265373,9137,25.718441265373258,648.8890506088079,587.1036246805971,True,True
42680,Male,60-64,6199.0,6333,-134.0,601.9053081673229,624.8512524813406,True,True
45220,Male,30-34,12384.54423312355,12236,148.54423312354993,213.0,358.84085228694863,True,True
36100,Male,40-44,9885.0,9901,-16.0,928.0,905.8021134876813,True,True
18880,Male,25-29,11273.820791401982,11272,1.8207914019822056,250.0,274.1999768935929,True,True
36100,Male,45-49,9818.0,9766,52.0,45.0,452.55830558890426,False,True
39460,Female,18-24,4795.0,4674,121.0,476.92557071308306,236.96537610746006,True,True
26140,Male,60-64,6394.0,6572,-178.0,657.8092428660455,497.48972163000514,True,True
49740,Male,30-34,7769.466804324711,7865,-95.53319567528888,150.0,395.4770294375865,True,True
22380,Male,50-54,3623.0,3621,2.0,70.0,128.62490523806034,True,True
16020,Male,65-69,2622.254634519154,2609,13.254634519154024,315.62794553081005,246.49162448457437,True,True
16020,Female,40-44,2780.1134488287753,2762,18.11344882877529,339.0,316.0634446552698,True,True
16020,Female,45-49,2845.1057189465537,2730,115.10571894655368,129.0,188.66199263754436,True,True
16020,Female,35-39,3036.973452846055,2876,160.9734528460549,310.0,329.13229092810593,True,True
14010,Female,50-54,4762.0,4764,-2.0,10.0,13.723678078416153,True,True
26380,Male,40-44,6628.5330665406,7028,-399.4669334594,681.0,612.5867843419371,True,True
11180,Female,30-34,3405.0,3344,61.0,55.0,162.77979450395557,False,True
20220,Female,25-29,2805.9697430447004,3126,-320.0302569552996,128.0,113.89691872621451,False,False
11180,Female,18-24,14884.0,14860,24.0,914.6687925145363,595.254904905243,True,True
19460,Female,40-44,4828.0,4521,307.0,387.0,552.4834806444443,True,True
11500,Female,50-54,3537.0,3536,1.0,59.0,106.0234085060936,True,True
33260,Male,30-34,7997.673161335582,7738,259.67316133558234,223.0,316.80500614404406,False,True
43300,Female,50-54,4377.3250244112805,4399,-21.674975588719462,41.0,68.3346001655347,True,True
29700,Female,40-44,8133.0,7929,204.0,648.0,674.0372194155899,True,True
20580,Female,18-24,2881.924657201292,3055,-173.07534279870788,421.15199156599033,121.63247041331702,True,True
36220,Male,55-59,3469.0,3597,-128.0,419.0,547.4421843959872,True,True
45500,Male,25-29,4699.2658831391445,4819,-119.73411686085547,149.0,273.44671125430835,True,True
30860,Female,40-44,5068.82996566537,4538,530.8299656653699,366.0,315.39704239741087,False,False
30860,Male,60-64,3790.454375018502,2995,795.4543750185021,311.1301978272119,299.45404890990676,False,False
30860,Female,45-49,4243.821034475448,3989,254.82103447544796,144.0,106.74512202846965,False,False
21500,Female,35-39,9788.0,9417,371.0,486.0,668.5943593418583,True,True
27780,Female,55-59,4343.0,4251,92.0,314.0,382.4989358988467,True,True
13780,Female,18-24,15779.594278818447,15557,222.5942788184475,816.7974045012631,418.1271254779072,True,True
13780,Female,30-34,6755.761321922108,6648,107.76132192210844,48.0,161.01458111568965,False,True
46660,Male,35-39,4521.391447814203,4782,-260.6085521857967,433.0,468.0283404116374,True,True
12020,Female,55-59,5763.1596525969435,5994,-230.8403474030565,474.0,523.9364322335188,True,True
25980,Male,60-64,1712.3298040626996,1684,28.329804062699623,269.89812893015767,189.06552548260657,True,True
23580,Female,50-54,6930.0,7031,-101.0,20.0,207.6055825026148,False,True
23060,Female,30-34,15803.174550894048,15802,1.1745508940475702,102.0,302.39959792472416,True,True
26900,Male,55-59,62415.09440539501,62303,112.09440539500793,1618.0,2005.7456266019801,True,True
23060,Female,18-24,19888.22131955659,19804,84.22131955658915,778.2782278851182,302.92423642442577,True,True
31140,Female,60-64,47525.36931329144,47447,78.36931329144136,1573.175768946369,1434.0384885647607,True,True
14020,Female,55-59,4439.011133697141,4428,11.011133697141304,412.0,492.6249137864652,True,True
29200,Female,30-34,6994.062200331215,7034,-39.937799668785374,64.0,30.67772898813424,True,True
33140,Male,50-54,3802.0,3656,146.0,90.0,215.29116218217132,False,True
23060,Male,25-29,15720.234037938952,15979,-258.7659620610484,98.0,247.02300664291695,False,True
34620,Female,55-59,3326.0,3235,91.0,277.0,347.9682462991415,True,True
17140,Male,25-29,76067.16226980698,75646,421.1622698069841,282.0,938.3540692355052,False,True
29200,Female,18-24,20727.94669919634,20960,-232.0533008036582,1189.0819988545786,833.4879150393671,True,True
21140,Male,40-44,5593.0,5756,-163.0,537.0,646.3505187734826,True,True
33140,Male,65-69,3669.0,3560,109.0,377.00397875884545,342.28572449782365,True,True
28140,Female,30-34,78955.48034697789,78875,80.48034697788535,247.0,639.8542777509581,True,True
45820,Female,45-49,6270.37407045934,6407,-136.62592954065985,71.0,347.5202190670418,False,True
28140,Female,18-24,88810.08546874838,88611,199.08546874838066,1546.140355853892,847.732152811581,True,True
28140,Male,25-29,76911.01943659002,76356,555.0194365900243,299.0,816.0284860528085,False,True
45820,Female,35-39,8282.08022206285,8648,-365.9197779371498,393.0,640.7551049831336,True,True
31740,Female,30-34,4613.0,4605,8.0,151.0,173.60284425593377,True,True
31740,Female,18-24,12789.0,13152,-363.0,825.81596012671,554.4642036608404,True,True
45820,Female,40-44,6292.401128845095,5935,357.4011288450947,412.0,622.4795347886222,True,True
19740,Male,30-34,137495.46998378044,137845,-349.53001621956355,191.0,828.4780786808295,False,True
19740,Male,18-24,124191.40994226868,123812,379.409942268685,2151.249869262053,957.4744137996225,True,True
17820,Female,18-24,34411.0,34410,1.0,1000.7667060808927,627.7745461210577,True,True
22660,Female,60-64,11322.0,11046,276.0,681.2943563541386,723.8297215488599,True,True
14500,Male,30-34,12047.995498486907,11713,334.9954984869073,65.0,379.73874013528376,False,True
24300,Male,60-64,5471.461373947317,5739,-267.53862605268296,611.2168191403113,521.8353299420532,True,True
17820,Female,30-34,28931.0,28968,-37.0,121.0,415.52501375218077,True,True
14500,Male,18-24,26378.36694564864,26042,336.36694564863865,1174.3304475316988,755.2734499476028,True,True
28940,Male,25-29,30680.304657716606,30711,-30.695342283393984,264.0,454.7004652520693,True,True
27740,Female,65-69,7187.969798730711,7036,151.96979873071086,607.6553299363053,548.1709591272431,True,True
17300,Male,35-39,12352.84507771787,12252,100.84507771786957,792.0,860.6442046896482,True,True
27740,Female,50-54,7176.082877099487,7287,-110.91712290051328,187.0,245.9039358260905,True,True
17300,Male,45-49,8631.23594729813,8509,122.23594729812976,167.0,336.5622368204389,True,True
17300,Male,40-44,9775.689215325194,9943,-167.3107846748062,782.0,833.1093098694571,True,True
17420,Male,65-69,3693.0,3298,395.0,353.20815392626486,391.7991505765422,False,True
17420,Male,50-54,4196.0,4364,-168.0,185.0,188.48283372763686,True,True
27740,Male,25-29,6748.170306704638,6884,-135.82969329536172,185.0,219.0761522062102,True,True
21300,Male,60-64,3197.537482489631,2875,322.5374824896312,353.62409420173844,227.35234822791253,True,True
35620,Male,50-54,630476.480500824,631925,-1448.519499175949,291.0,2010.6485927358885,False,True
40380,Male,65-69,31652.52464049372,31337,315.52464049372065,1129.7402356294124,864.2937465049349,True,True
40380,Male,50-54,31812.122648198067,31903,-90.8773518019334,174.0,276.2202017238245,True,True
35620,Male,65-69,494121.2926949617,499390,-5268.70730503829,5757.6047971356975,5595.3299822709905,True,True
46540,Female,50-54,8998.994783840928,9026,-27.005216159072006,72.0,147.58694627261045,True,True
46540,Female,65-69,9586.023143594519,9546,40.02314359451884,571.0236422425958,518.1323496471333,True,True
28740,Male,55-59,6895.924067758972,6610,285.92406775897234,549.0,589.7880254840281,True,True
30700,Female,45-49,9032.668187570629,9047,-14.331812429370984,6.0,315.2283174841857,False,True
30700,Female,35-39,10700.696283031295,10324,376.696283031295,561.0,790.7428489568806,True,True
30700,Female,40-44,10908.017091557831,10840,68.01709155783101,556.0,782.7616049432191,True,True
47900,Male,65-69,138890.7559575877,139007,-116.24404241229058,2487.9583999737615,2011.8911300580353,True,True
47900,Male,50-54,209369.47156810062,209464,-94.52843189937994,526.0,825.7106210181622,True,True
30500,Male,35-39,8058.0,7675,383.0,596.0,666.0316336669002,True,True
30500,Female,55-59,8000.0,7540,460.0,509.0,533.7180888575447,True,True
30500,Male,45-49,6190.0,6201,-11.0,191.0,324.592515450141,True,True
30620,Male,35-39,2607.0,2757,-150.0,257.0,354.8503696190128,True,True
10420,Female,35-39,21336.0,21277,59.0,861.0,968.8871254717963,True,True
17410,Female,35-39,67719.0,67135,584.0,1644.0,2105.7381818916256,True,True
48540,Female,60-64,5392.724909284558,5406,-13.275090715442275,456.6530411592591,297.22056072314336,True,True
18140,Male,65-69,50600.63686650409,50969,-368.36313349590637,1477.7432117929015,1434.487060152322,True,True
17410,Female,45-49,62942.0,63013,-71.0,234.0,653.4742571555516,True,True
18140,Female,55-59,62242.6854750207,62857,-614.3145249793015,1510.0,1817.1182343300761,True,True
19430,Male,25-29,27122.0,27138,-16.0,183.0,476.247245272873,True,True
49660,Male,60-64,15448.0,15594,-146.0,833.0486180289839,818.4472633957548,True,True
17410,Female,40-44,66667.0,67105,-438.0,1635.0,2161.437419821009,True,True
15940,Male,55-59,13870.0,13705,165.0,597.0,731.3921407622248,True,True
26580,Male,50-54,12038.318796350159,12290,-251.68120364984134,216.0,197.75526868332656,False,True
18140,Male,50-54,67684.64938890593,68164,-479.35061109406524,331.0,623.9951058253936,False,True
10420,Female,45-49,19531.0,19940,-409.0,162.0,363.0891757750429,False,False
48260,Female,18-24,4547.393528613044,5031,-483.6064713869564,343.4588767232549,264.3330589016306,False,False
48260,Female,30-34,3256.061735236617,3307,-50.938264763382904,101.0,75.57669676977042,True,True
31900,Male,35-39,4126.0,4188,-62.0,376.0,512.1169287001261,True,True
10420,Female,40-44,21639.0,21362,277.0,864.0,1013.2220563461151,True,True
31900,Male,40-44,4444.0,4317,127.0,405.0,559.063118218775,True,True
30620,Female,50-54,2893.0,2854,39.0,58.0,181.95365746530078,True,True
16820,Female,65-69,7749.22944779591,7584,165.22944779591035,625.0159997952053,496.0230786313264,True,True
44420,Male,65-69,4101.412961683819,3927,174.41296168381905,386.26027494424017,345.68408724937484,True,True
16820,Male,30-34,7043.741847747182,7259,-215.25815225281804,210.0,288.4542594333785,False,True
25500,Male,25-29,3904.0,3933,-29.0,126.0,147.64688313252674,True,True
44420,Male,50-54,3794.5104239794505,3931,-136.48957602054952,159.0,192.36564663959638,True,True
16820,Female,50-54,6618.979759322464,6560,58.979759322463906,270.0,301.86001308695074,True,True
13980,Male,55-59,5143.0,5277,-134.0,428.0,488.77819422515154,True,True
31340,Male,55-59,8167.0,8196,-29.0,549.0,665.6355855665321,True,True
20740,Male,45-49,4829.235053908698,4866,-36.76494609130168,163.0,224.09555447381183,True,True
31540,Male,40-44,22234.459860123534,23167,-932.5401398764661,876.0,1357.3500163030267,False,True
20740,Male,40-44,5529.431608990477,5496,33.43160899047689,419.0,624.7666904404763,True,True
28450,Female,65-69,4650.0,4688,-38.0,478.8287794191155,591.6296871882784,True,True
43100,Female,30-34,3176.0,3316,-140.0,90.0,231.86186009939195,False,True
29100,Female,35-39,4675.16739065319,4579,96.16739065318961,345.0,616.5154134936239,True,True
22540,Female,60-64,3739.335523358456,3946,-206.66447664154384,380.6231732304275,378.80534626165746,True,True
20260,Female,18-24,14816.5656836104,15125,-308.4343163895992,666.6258320827359,564.59856606742,True,True
31540,Male,35-39,27272.77582638989,25377,1895.7758263898904,875.0,1483.6295652467234,False,False
20260,Female,30-34,7330.663074666816,7675,-344.3369253331839,148.0,165.30101676078704,False,False
27500,Male,45-49,4820.0,4923,-103.0,147.0,372.1810227899859,True,True
11540,Female,60-64,8236.664476641547,8780,-543.3355233584534,487.3109889998378,576.7852145117159,False,True
31540,Female,65-69,17951.268466228987,18653,-701.7315337710133,803.801592434352,1052.2359230919076,True,True
20740,Male,35-39,5815.73302136236,6350,-534.26697863764,401.0,672.9983734854853,False,True
29100,Female,45-49,4260.601270156224,4337,-76.39872984377598,115.0,157.65814206780038,True,True
29100,Female,40-44,5060.210373381976,5117,-56.78962661802416,340.0,554.4303455748365,True,True
36780,Male,60-64,5890.0,5999,-109.0,440.52809218028307,499.85470870919085,True,True
27500,Male,40-44,5623.0,4986,637.0,350.0,784.5304916158453,False,True
27500,Male,35-39,5282.0,5438,-156.0,340.0,668.8571820585095,True,True
39540,Female,65-69,6681.0,6472,209.0,527.8001515725437,533.2737597086041,True,True
29020,Female,30-34,2582.8419435561154,2612,-29.15805644388456,190.0,159.53304571906267,True,True
43780,Female,25-29,10526.842917843705,10455,71.84291784370544,94.0,138.85331051389747,True,True
21140,Female,55-59,5890.0,6095,-205.0,429.0,487.3799381796506,True,True
33140,Female,60-64,3964.0,3913,51.0,426.28277000132204,515.9271800845542,True,True
14020,Male,65-69,3727.274250123205,3784,-56.72574987679491,371.9811823197512,421.40078722611014,True,True
14020,Male,50-54,3967.170756668448,4147,-179.82924333155188,176.0,189.69849876019495,False,True
21140,Male,45-49,6017.0,5849,168.0,52.0,236.56964564901392,False,True
29020,Female,18-24,3223.8059109437,3330,-106.19408905630007,356.83329441070936,149.81771721960894,True,True
21140,Male,35-39,6939.0,7050,-111.0,552.0,687.4089697161727,True,True
10740,Female,60-64,31833.955611157253,31683,150.95561115725286,1269.028762479401,1455.0599804174553,True,True
22140,Female,25-29,3595.0264144361313,3616,-20.97358556386871,50.0,141.3991897458093,True,True
27060,Female,60-64,3215.0,3237,-22.0,336.50111441123045,304.29298750546326,True,True
27060,Male,60-64,2688.0,2624,64.0,333.2866633995426,353.8235926224395,True,True
24020,Female,60-64,5474.0,5494,-20.0,479.5873226014216,378.37378023093777,True,True
30500,Male,40-44,6386.0,6448,-62.0,620.0,716.1903813686694,True,True
44180,Male,55-59,13950.000243377075,14257,-306.9997566229249,670.0,922.4541737865765,True,True
17860,Female,50-54,5535.446874937621,5506,29.446874937621033,32.0,274.9074724432343,True,True
17860,Female,65-69,5383.122573855149,5263,120.12257385514931,501.35117432793555,373.50782725193204,True,True
44180,Female,18-24,27660.840956226646,27298,362.8409562266461,933.3986286683734,657.6267013944334,True,True
44180,Female,30-34,15414.912846896821,15923,-508.08715310317893,196.0,409.63504617771895,False,False
29820,Female,65-69,63411.0,63241,170.0,1710.4891113362867,1660.3400686116986,True,True
29820,Female,50-54,75021.0,74997,24.0,0.0,279.3728737167408,False,True
39900,Female,60-64,19152.409708097533,19175,-22.59029190246656,935.5479677707606,860.0354565272085,True,True
16180,Female,18-24,1747.6475093429528,2021,-273.35249065704716,290.73183520213263,51.315299294192094,True,True
16180,Female,30-34,1732.3985680899527,1813,-80.60143191004727,96.0,66.20337382187914,True,True
41780,Male,55-59,3909.2954743401633,4046,-136.7045256598367,345.0,250.7433954447107,True,True
31900,Female,60-64,4148.0,4357,-209.0,440.6234219829899,451.7463227008605,True,True
26580,Male,65-69,12277.074315862428,11932,345.0743158624282,711.5195007868723,529.4733127399059,True,True
30620,Female,65-69,3131.0,3141,-10.0,306.08005488760614,377.92832316955287,True,True
30620,Male,45-49,2915.0,2818,97.0,87.0,158.35976788629114,False,True
30620,Male,40-44,3343.0,3251,92.0,261.0,344.434482343885,True,True
31900,Male,45-49,3664.0,3731,-67.0,195.0,212.622215825393,True,True
16820,Male,18-24,12815.335829261036,12751,64.33582926103554,696.4438240087998,569.0034021702492,True,True
13980,Female,60-64,5349.0,5591,-242.0,540.5201198845423,451.6160183012223,True,True
31540,Male,45-49,19155.71231527667,20243,-1087.287684723331,91.0,530.3799006973577,False,False
31540,Female,50-54,18947.297982520016,19519,-571.7020174799836,67.0,490.7375229523354,False,False
39540,Female,50-54,6309.0,6320,-11.0,68.0,134.80320835851794,True,True
28450,Female,50-54,5549.0,5528,21.0,71.0,158.36019508149766,True,True
43100,Female,18-24,4557.0,4504,53.0,419.40672383737484,411.2167696574399,True,True
12100,Female,55-59,13254.0,13544,-290.0,591.0,824.6907721314396,True,True
45940,Female,50-54,13069.0,13178,-109.0,31.0,180.4505767031516,False,True
12100,Male,25-29,10397.0,10647,-250.0,186.0,307.5435177641532,False,True
45940,Female,65-69,10828.0,10984,-156.0,833.8015351389082,662.1278259095822,True,True
19820,Male,55-59,144978.64656483664,146299,-1320.353435163357,2335.0,3152.080069727824,True,True
29620,Male,25-29,16771.0,16838,-67.0,137.0,264.4961017080403,True,True
34740,Female,65-69,5739.0,5806,-67.0,421.75348249895933,477.1563459050922,True,True
34740,Female,50-54,5090.0,5192,-102.0,66.0,172.01383595513474,False,True
22420,Female,45-49,12325.721540815946,12187,138.72154081594635,102.0,427.91389157063503,False,True
24340,Female,50-54,32996.37744899764,33120,-123.6225510023578,137.0,516.6061424283092,True,True
35660,Female,18-24,5942.0,6119,-177.0,449.5442136208629,311.1577398643653,True,True
40980,Female,18-24,8680.0,8712,-32.0,453.518467099191,338.40232959267587,True,True
22420,Female,40-44,11651.529468396855,11854,-202.470531603145,758.0,753.1240449861904,True,True
11460,Female,35-39,11130.0,10979,151.0,448.0,787.9738022286973,True,True
40980,Female,30-34,6143.0,6039,104.0,93.0,175.38662601521247,False,True
24340,Female,65-69,31696.862557855427,30720,976.8625578554274,1126.4479570756919,1135.4568448464677,True,True
11460,Female,45-49,9988.0,9958,30.0,27.0,304.61251688415564,False,True
22420,Female,35-39,12631.769838713883,12784,-152.23016128611744,748.0,793.7993779174353,True,True
27100,Female,18-24,6561.0,6517,44.0,509.0687576349584,368.6114296857872,True,True
11460,Female,40-44,10642.0,10644,-2.0,445.0,696.9624477204637,True,True
25060,Female,55-59,13625.116049386375,13166,459.1160493863754,799.0,759.2612606249763,True,True
11700,Male,45-49,12530.78013747583,12828,-297.2198625241708,124.0,498.9645049742342,False,True
16740,Female,65-69,71826.98735180777,71009,817.9873518077657,1942.1701779195355,1659.4299782345695,True,True
38240,Male,35-39,3521.625505307134,3920,-398.37449469286594,380.0,349.32265874499393,False,True
20500,Female,65-69,18264.939660327283,18456,-191.0603396727165,989.9656559699432,772.5988816318746,True,True
24660,Female,55-59,26422.18899375668,26304,118.18899375668116,1008.0,986.962306433779,True,True
24660,Male,30-34,24282.032469384863,24272,10.032469384863361,227.0,322.89109325136013,True,True
20500,Female,50-54,18738.02725339042,18931,-192.9727466095792,134.0,210.19605553123097,False,True
11700,Male,40-44,14484.986165695183,13420,1064.9861656951834,797.0,1029.2961855779936,False,True
11700,Male,35-39,12559.734431054658,13433,-873.2655689453422,790.0,1007.4241508966186,False,True
49180,Female,25-29,21631.935802639637,21413,218.93580263963668,180.0,376.71437728494175,False,True
15500,Female,60-64,5785.0,5823,-38.0,560.3302597575826,553.738129992418,True,True
16740,Female,50-54,95971.1582037089,96604,-632.8417962911044,235.0,586.5386034016884,False,False
39580,Male,30-34,53441.81872551324,54162,-720.1812744867566,97.0,693.7772065128472,False,False
27340,Female,40-44,5223.744066432757,5691,-467.2559335672431,484.0,594.9895089236073,True,True
39580,Male,18-24,65950.1640028669,65557,393.16400286690623,1824.4884214485987,1124.682339571565,True,True
27340,Female,35-39,6614.777264884091,6468,146.77726488409098,496.0,578.9094093726113,True,True
15500,Male,25-29,5249.0,5284,-35.0,62.0,69.91637048109692,True,True
38240,Male,45-49,2598.334977010008,2679,-80.66502298999194,47.0,148.18571233800913,False,True
24660,Male,18-24,39457.90021273736,39461,-3.0997872626394383,1488.8367942793461,1182.7236406439083,True,True
46300,Male,45-49,3455.2436325697818,3471,-15.756367430218233,62.0,114.51744789804444,True,True
46300,Male,35-39,3950.729208687203,3920,30.729208687203027,386.0,340.76947353186165,True,True
46300,Male,40-44,3895.077478458289,4104,-208.92252154171092,388.0,330.6220431346414,True,True
17660,Female,25-29,5233.049600504985,5204,29.049600504985392,109.0,134.29931615795567,True,True
38540,Female,60-64,2488.880465655616,2397,91.88046565561581,337.01038559664596,234.43618881488058,True,True
26300,Male,50-54,2900.835350185326,2911,-10.164649814673794,149.0,135.1199157204217,True,True
26300,Male,65-69,3028.313592386896,3122,-93.68640761310417,355.7316404257569,257.1530658586321,True,True
14540,Female,60-64,5254.0003547301985,5564,-309.9996452698015,512.6763111359837,534.0539584812518,True,True
21060,Male,45-49,3914.2769081661945,3858,56.27690816619452,79.0,242.9449886411396,True,True
21060,Male,35-39,4804.772453203436,4722,82.77245320343627,438.0,470.3966353144185,True,True
36980,Male,60-64,3342.5899641033234,3331,11.589964103323382,419.07517225433435,433.5070514050271,True,True
21060,Male,40-44,3902.0041091052894,3907,-4.995890894710556,450.0,451.9810886925819,True,True
35660,Female,30-34,4800.0,4490,310.0,34.0,166.15680774873474,False,False
12980,Male,45-49,3816.982052251566,3802,14.982052251566074,90.0,144.3113563108264,True,True
12980,Male,35-39,3691.263083690598,3633,58.263083690597796,338.0,352.66131299283796,True,True
12980,Male,40-44,4598.536386265409,4456,142.53638626540942,323.0,373.7095502814343,True,True
27100,Female,30-34,4929.0,4977,-48.0,66.0,93.12647057899274,True,True
38240,Male,40-44,3243.5645345779444,3076,167.5645345779444,371.0,369.30664385092547,True,True
27340,Female,45-49,4440.3239856650425,4209,231.32398566504253,4.0,284.28672093098504,False,True
24140,Male,55-59,3394.0,3566,-172.0,413.0,367.8889048051735,True,True
24140,Female,30-34,3840.0,3839,1.0,24.0,44.704974709197636,True,True
24780,Female,25-29,6488.0,6505,-17.0,28.0,50.22505853655125,True,True
24140,Female,18-24,5244.0,5191,53.0,464.1745361391553,170.42192060808964,True,True
16700,Female,30-34,32440.0,33040,-600.0,86.0,454.2528329617219,False,False
22500,Male,60-64,5558.6395433857515,5599,-40.360456614248506,491.44379129255464,482.2513126857929,True,True
16700,Female,18-24,33662.0,33242,420.0,1167.0586960388925,622.7667801041173,True,True
17900,Male,50-54,25295.569028933976,25106,189.56902893397637,136.0,397.1209716968471,False,True
16700,Male,55-59,23036.0,22919,117.0,995.0,1193.5915280080117,True,True
17900,Male,65-69,21370.955709857273,21730,-359.0442901427268,1165.4033636471108,823.4903692673299,True,True
41060,Male,60-64,6194.345450247809,5955,239.3454502478089,396.6976178400874,552.5194584385379,True,True
43620,Female,30-34,10441.128328393575,10565,-123.87167160642457,207.0,413.6172998763763,True,True
43620,Female,18-24,12333.677712096214,11775,558.6777120962142,596.8969760352284,464.9882744116276,True,True
40340,Female,50-54,5932.753485965295,6145,-212.2465140347049,84.0,257.33619305405733,False,True
40340,Female,65-69,6373.472031132956,6493,-119.52796886704436,392.1543063642168,442.79067005187096,True,True
22020,Female,55-59,7011.062277960965,6321,690.0622779609648,407.0,634.0299703223831,False,True
31860,Female,50-54,2399.0,2433,-34.0,151.0,219.00998957810123,True,True
31860,Female,65-69,2645.0,2708,-63.0,270.08332047721865,309.7445890911575,True,True
25740,Female,30-34,3007.7029331115614,2881,126.70293311156138,99.0,96.99102513842456,False,True
25740,Male,18-24,3760.816410784067,3227,533.8164107840671,375.34917077302833,150.85049646808557,False,False
25740,Female,18-24,3296.269840071789,3463,-166.73015992821092,325.14458322414043,104.69627185811295,True,True
14580,Female,35-39,4275.0,4462,-187.0,367.0,473.85266498274547,True,True
14580,Female,45-49,3402.0,3372,30.0,94.0,155.6803700254146,True,True
14580,Female,40-44,4096.0,4058,38.0,384.0,505.38632806126645,True,True
25740,Male,30-34,3250.6259438877396,2968,282.6259438877396,189.0,126.07138227261714,False,False
14580,Male,60-64,3161.0,3349,-188.0,384.19266000276474,446.93169657118756,True,True
18700,Female,55-59,2288.0460450295814,2549,-260.95395497041864,303.0,292.32629665440294,True,True
18700,Male,65-69,2508.4704243136393,2651,-142.52957568636066,305.50286414369344,351.6548125979452,True,True
24420,Female,25-29,2073.808554595438,2313,-239.19144540456182,108.0,98.28749786711914,False,False
10540,Male,30-34,4652.7169323206435,4665,-12.283067679356463,104.0,196.91445061951453,True,True
12700,Male,55-59,8352.830222811663,8184,168.83022281166268,591.0,633.4379340910631,True,True
11260,Female,30-34,15609.360905548265,15978,-368.6390944517352,56.0,651.7461591162831,False,True
11260,Female,18-24,15932.226418731654,16386,-453.7735812683459,708.0077683189642,618.8549589019651,True,True
44940,Male,65-69,2787.856588824633,2902,-114.14341117536696,433.50317184537414,226.91142398733072,True,True
44940,Male,50-54,2748.979162157574,2784,-35.02083784242586,124.0,142.8451623542186,True,True
24500,Female,60-64,3191.472643008562,2931,260.47264300856204,340.4423592915547,276.3236762308513,True,True
24500,Male,60-64,2936.504200800564,3003,-66.49579919943608,284.76305940202286,304.17461076315,True,True
41420,Female,50-54,12400.796760181998,12357,43.79676018199825,220.0,280.4861337575288,True,True
41420,Male,30-34,15308.447433563453,15699,-390.55256643654684,208.0,398.35993844835315,False,True
41420,Male,18-24,20843.647124911688,21944,-1100.3528750883124,929.938169987661,483.2338533735984,False,False
41420,Female,65-69,13860.758596661219,13128,732.7585966612187,829.6746350226696,786.3014466991704,True,True
13460,Female,55-59,7955.0,8326,-371.0,463.0,632.2097976828974,True,True
10540,Male,18-24,6303.411477956128,5112,1191.4114779561278,456.854462602698,297.6594663424773,False,False
18700,Male,50-54,2324.9603368556745,2443,-118.03966314432546,115.0,178.05620445788915,False,True
39660,Male,40-44,4482.990622332203,4451,31.990622332203202,420.0,528.2042197011632,True,True
39660,Male,45-49,4143.755206937961,4151,-7.244793062039207,147.0,182.9213114005439,True,True
39660,Male,35-39,5160.712973991292,5315,-154.28702600870838,446.0,778.0922002682681,True,True
49420,Male,25-29,8962.0,8939,23.0,134.0,320.14041461130773,True,True
36500,Female,65-69,9713.0,9552,161.0,695.8634923603911,576.6160286707265,True,True
14740,Female,30-34,9509.0,9536,-27.0,74.0,203.7354249480193,True,True
28420,Male,18-24,15170.935938142928,14885,285.9359381429276,823.6315924003886,338.88706220638187,True,True
13380,Female,45-49,6459.0,6235,224.0,46.0,256.7143592546003,False,True
14740,Female,18-24,9878.0,9906,-28.0,576.7235039427472,324.7364997193879,True,True
13380,Female,40-44,7508.0,7409,99.0,559.0,667.0183923982157,True,True
34580,Female,18-24,4513.0,4468,45.0,385.67602984888754,123.60125420581299,True,True
36500,Female,50-54,8837.0,8864,-27.0,21.0,159.94569406129696,False,True
47460,Male,60-64,1824.7227963027278,2170,-345.27720369727217,303.3232599059953,213.47696381889506,False,True
14740,Male,30-34,10775.0,10775,0.0,52.0,276.48995382065874,True,True
14740,Male,18-24,14904.0,14845,59.0,872.8098303754375,624.8669509653636,True,True
34580,Female,30-34,4093.0,4121,-28.0,56.0,80.51430612009271,True,True
31020,Female,60-64,4714.328165961642,4236,478.3281659616423,486.8593225974008,309.6008800576364,True,True
28420,Male,30-34,11370.232877507882,11524,-153.76712249211778,269.0,380.4834525501018,True,True
13380,Female,35-39,6951.0,7331,-380.0,580.0,713.7559082093471,True,True
13220,Male,18-24,4467.0,4486,-19.0,457.33685615747174,347.703350760386,True,True
13220,Male,30-34,3327.0,3590,-263.0,180.0,248.524060842205,False,True
16620,Male,18-24,7946.342567814679,8080,-133.65743218532134,616.0608736155868,425.18904075172713,True,True
34060,Male,45-49,4151.383615211362,3958,193.38361521136176,101.0,209.32562495726222,False,True
34060,Male,35-39,5221.054677347329,5559,-337.94532265267117,357.0,456.01495342673303,True,True
16620,Female,60-64,7855.251527923271,8064,-208.74847207672883,599.2703897240377,544.8061245008707,True,True
34060,Male,40-44,4770.815061558108,4582,188.81506155810803,416.0,493.8474949486866,True,True
16620,Male,30-34,5783.266693746558,6103,-319.7333062534417,129.0,221.9152003132159,False,False
13220,Female,40-44,3779.0,3910,-131.0,455.0,550.499809147333,True,True
13220,Female,35-39,3199.0,2903,296.0,404.0,537.1024505203826,True,True
13220,Female,45-49,3515.0,3536,-21.0,145.0,143.2425724514189,True,True
16940,Female,25-29,3291.0,3299,-8.0,112.0,149.02692267254935,True,True
33500,Male,30-34,2964.0967106644957,3303,-338.90328933550427,148.0,187.53476411571674,False,False
33500,Male,18-24,4614.104842571146,4744,-129.89515742885396,444.59757084356636,425.500058611548,True,True
12620,Male,25-29,4896.165910442546,4697,199.1659104425462,104.0,241.90418659023047,False,True
40900,Male,60-64,70585.0,70991,-406.0,2045.5517593060313,1789.5810141430452,True,True
31080,Female,65-69,346639.0,346930,-291.0,4215.896108776876,3419.6885375992215,True,True
49700,Female,55-59,4477.0,4974,-497.0,381.0,356.1696623591066,False,True
31080,Female,50-54,435830.0,435839,-9.0,0.0,1137.789195860771,False,True
41940,Male,40-44,70312.28740510519,70367,-54.71259489480872,1581.0,2050.630490326664,True,True
40140,Male,60-64,130236.0,129562,674.0,2517.1769902015235,2621.703596603266,True,True
40900,Female,30-34,87857.0,87835,22.0,137.0,723.7957940218705,True,True
40900,Female,18-24,109870.0,110047,-177.0,2209.7685399154366,866.0512568527628,True,True
33700,Female,50-54,15570.0,15738,-168.0,26.0,324.79065961785295,False,True
41740,Male,25-29,132611.0,132016,595.0,0.0,1058.8939238127207,False,True
41940,Male,45-49,65982.9686801432,65910,72.96868014319625,115.0,519.4691111518428,True,True
41940,Male,35-39,79478.22879269198,79940,-461.77120730801835,1587.0,1901.7349148956616,True,True
33700,Male,65-69,12123.0,11791,332.0,673.9354568502832,633.3786204573848,True,True
33700,Female,65-69,13723.0,13530,193.0,773.8455918334096,728.2292562218989,True,True
12540,Male,65-69,18693.0,18739,-46.0,954.2080485931776,901.4136206134785,True,True
32900,Male,55-59,7169.0,7513,-344.0,480.0,646.5992608950307,True,True
25260,Female,25-29,5338.0,5332,6.0,146.0,203.94251974208322,True,True
33700,Male,50-54,16275.0,16058,217.0,38.0,353.3806903362152,False,True
47300,Female,25-29,16604.0,16669,-65.0,58.0,200.8897950152023,False,True
42020,Male,35-39,8864.0,9172,-308.0,561.0,831.5754856813962,True,True
39820,Female,30-34,5954.0,5989,-35.0,74.0,101.6837559482831,True,True
14860,Female,65-69,27330.0,27897,-567.0,1157.7983416813138,808.8947746423821,True,True
25540,Female,55-59,41648.50546372329,41616,32.50546372328972,1086.0,1367.8222033554123,True,True
35980,Male,18-24,14644.0,14780,-136.0,641.7468348188404,518.2068545764326,True,True
35300,Male,60-64,19153.0,19090,63.0,1035.9116757716365,1029.5140866113732,True,True
47930,Male,60-64,15313.0,15691,-378.0,986.5171057817497,881.498925409867,True,True
14860,Female,50-54,34139.0,34226,-87.0,56.0,253.00078608573534,False,True
14860,Male,60-64,33330.0,33380,-50.0,1474.8071060311581,1041.1052818843539,True,True
29460,Female,55-59,23818.0,24064,-246.0,940.0,1062.8928537610225,True,True
23540,Male,18-24,30522.477175816275,31097,-574.5228241837249,1630.528135298499,728.9013558177671,True,True
45300,Male,50-54,106505.0,106608,-103.0,158.0,547.9178682704188,True,True
36740,Male,35-39,99567.0,99212,355.0,2944.0,3161.7557736394665,True,True
37340,Female,25-29,16756.0,16803,-47.0,24.0,361.24608251336093,False,True
34940,Male,55-59,13421.0,13412,9.0,895.0,1076.750454100206,True,True
33100,Male,25-29,193321.92038461933,192007,1314.9203846193268,96.0,1258.261987868002,False,False
45300,Male,65-69,93225.0,93288,-63.0,2026.1542389462852,1865.960886648284,True,True
23540,Female,65-69,9701.118785512523,10111,-409.88121448747734,680.260244318305,662.8286940138596,True,True
15980,Male,30-34,22133.0,22588,-455.0,47.0,410.77168484147006,False,False
45220,Male,65-69,9080.670850507582,9547,-466.32914949241786,679.8360096376184,545.3701874438407,True,True
39460,Female,65-69,11283.0,11524,-241.0,702.4136957662486,660.0284484020367,True,True
37340,Male,30-34,18746.0,19141,-395.0,25.0,240.03165621694566,False,False
36740,Female,25-29,99878.0,100341,-463.0,133.0,686.6701729123671,False,True
37460,Male,25-29,7294.728445454317,7151,143.7284454543169,140.0,206.8347082762625,False,True
23540,Female,50-54,8804.59205415727,8952,-147.40794584272953,116.0,289.80180900717585,False,True
36740,Male,45-49,89964.0,89627,337.0,108.0,721.4435336436595,False,True
37860,Male,18-24,28178.0,27571,607.0,1051.036631140894,1116.8440357252216,True,True
36740,Male,40-44,102252.0,102260,-8.0,2943.0,3026.971133273532,True,True
35840,Female,25-29,19786.0,19943,-157.0,64.0,477.66449388666103,False,True
42680,Male,40-44,3553.0,3442,111.0,422.0,557.3231110462315,True,True
39460,Female,50-54,5905.0,5850,55.0,63.0,146.99987291661174,True,True
37860,Male,30-34,18974.0,19233,-259.0,174.0,436.001811628977,False,True
45220,Male,50-54,10441.85743989312,10624,-182.1425601068804,184.0,292.7648332521713,True,True
22380,Male,30-34,4953.0,4974,-21.0,125.0,274.7364235658425,True,True
46060,Female,55-59,29163.54581541515,29750,-586.4541845848507,986.0,1189.7783451977878,True,True
49740,Female,55-59,4941.95642631263,5086,-144.04357368736964,436.0,413.27333771872935,True,True
43420,Male,50-54,3367.093196766141,3187,180.09319676614086,107.0,148.379818887764,False,True
22380,Male,18-24,13032.0,12781,251.0,757.8317755280522,618.8421348635693,True,True
49740,Male,65-69,5555.02062898972,5478,77.02062898971963,498.1134408947424,436.05443469944873,True,True
49740,Male,50-54,4778.828840826317,4831,-52.17115917368301,122.0,178.89866736094044,True,True
29420,Male,25-29,5738.0,5633,105.0,135.0,247.88054091890717,True,True
43420,Male,65-69,4137.96155626941,4400,-262.0384437305902,441.16323509558225,261.4173099656881,True,True
46520,Male,25-29,36846.0,37156,-310.0,0.0,655.6348659095626,False,True
16980,Female,60-64,305448.7511842117,303606,1842.7511842116946,3783.781309748226,4218.802131331284,True,True
37900,Female,45-49,10714.49968876943,10678,36.49968876943058,114.0,131.4487413497072,True,True
41180,Female,40-44,90990.7826473839,91457,-466.2173526161059,1871.0,2547.068006981942,True,True
14010,Female,18-24,15220.0,15065,155.0,836.0221288937273,727.0446866536128,True,True
41180,Female,45-49,83778.09356890306,83615,163.09356890305935,221.0,665.064628576244,True,True
37900,Female,35-39,11846.913633781749,12206,-359.086366218251,626.0,843.5015481373621,True,True
19340,Female,25-29,11009.678795837499,11054,-44.32120416250109,86.0,157.40398352951505,True,True
37900,Female,40-44,10965.0679788925,10879,86.06797889250083,605.0,844.3577189176423,True,True
41180,Female,35-39,97898.89327964513,97909,-10.106720354873687,1831.0,2407.355253231147,True,True
37140,Female,25-29,2846.910827962431,2868,-21.089172037568915,78.0,78.10725425450576,True,True
16020,Male,30-34,2935.1918249294113,2905,30.19182492941127,83.0,72.9299594077427,True,True
16020,Female,60-64,3066.6303791051214,2923,143.6303791051214,390.59057848340376,292.2253810196077,True,True
10780,Female,25-29,4827.4128219855465,4567,260.41282198554654,89.0,78.29022147123099,False,False
29180,Female,55-59,13209.641163025495,13284,-74.35883697450481,823.0,809.3905783228913,True,True
35380,Male,25-29,30561.0,30433,128.0,228.0,336.61519681789474,True,True
43640,Female,18-24,9915.0,9981,-66.0,750.8142246921005,235.33822123435453,True,True
29180,Male,60-64,12689.180711141522,12157,532.1807111415219,743.7553361153115,799.7572077497836,True,True
43640,Female,30-34,8322.0,8365,-43.0,0.0,111.51838276714741,False,True
43340,Female,35-39,12296.840018733405,13155,-858.1599812665954,688.0,816.5620599313428,False,True
19780,Female,25-29,25296.46776330348,25630,-333.53223669651925,198.0,683.420659933148,False,True
43580,Female,25-29,4026.765353421118,4472,-445.2346465788819,211.0,124.47895522268621,False,False
47940,Male,18-24,10898.855323218155,11064,-165.1446767818452,779.144402533959,424.85551198325135,True,True
11180,Female,65-69,3220.0,3046,174.0,290.51850199255813,367.42024167838116,True,True
11180,Female,50-54,2849.0,2634,215.0,72.0,233.3712399938133,False,True
36540,Male,40-44,34430.50273145864,35157,-726.4972685413595,1099.0,1392.1947244247274,True,True
33860,Female,18-24,16831.687118498696,17098,-266.3128815013042,968.5200049560153,767.2175877318521,True,True
46220,Female,18-24,25018.859728434167,25022,-3.1402715658332454,1160.8173844321939,1269.600905666826,True,True
11500,Female,18-24,6406.0,6462,-56.0,544.8054698697508,426.157403234122,True,True
33660,Male,30-34,14236.0,13653,583.0,0.0,314.6001752681489,False,False
33860,Male,18-24,17794.871142388132,17562,232.87114238813228,819.6920153325882,624.0836463713266,True,True
26620,Male,18-24,24574.59759212934,24129,445.5975921293393,1062.5370581772665,900.5366736442525,True,True
33660,Male,18-24,18127.0,17971,156.0,781.3257963231472,510.2991776313675,True,True
33860,Female,30-34,14289.036660778498,14458,-168.96333922150188,173.0,281.12266842253524,True,True
46220,Female,30-34,9687.808504631204,9777,-89.19149536879559,210.0,245.51040207065475,True,True
26620,Male,30-34,18680.098003610055,18651,29.098003610055457,98.0,527.4493491027813,True,True
33860,Male,30-34,12427.116749440615,12699,-271.8832505593855,194.0,345.121861118399,False,True
11500,Male,55-59,3776.0,3969,-193.0,367.0,471.99977862282947,True,True
19460,Female,60-64,5446.0,5600,-154.0,572.0008741252062,479.56546501103475,True,True
26420,Male,45-49,242602.4257037478,242705,-102.57429625219083,316.0,1432.4111751723583,True,True
13140,Female,45-49,11076.0,10977,99.0,150.0,211.7083684694585,True,True
19100,Male,60-64,213892.3583170284,213041,851.358317028411,4098.972676171433,3443.8619145789494,True,True
31180,Female,18-24,27715.721693891785,27422,293.7216938917845,1273.9619303574184,1060.7464223461066,True,True
41700,Male,55-59,74320.66857336085,74738,-417.3314266391535,1794.0,1763.901206040121,True,True
26420,Male,35-39,276264.08257625124,276338,-73.91742374876048,4143.0,5029.753085900461,True,True
13140,Female,40-44,13194.0,13125,69.0,818.0,901.5723362943486,True,True
26420,Male,40-44,269553.2445636095,269761,-207.75543639052194,4321.0,5271.686585850259,True,True
29700,Female,60-64,6258.0,6211,47.0,560.2606536247214,489.06323080456576,True,True
43300,Female,30-34,4391.077491463974,4598,-206.92250853602582,74.0,72.96730940438884,False,False
32580,Female,55-59,21672.0,21968,-296.0,855.0,963.1283245315756,True,True
43300,Female,18-24,5894.134479690516,5838,56.134479690515946,523.2121940475012,233.18888436963795,True,True
21340,Female,30-34,31188.586844241825,31040,148.58684424182502,106.0,358.80345064092825,False,True
10180,Male,65-69,4193.140425563019,4126,67.14042556301865,350.04285451927166,316.08379769286864,True,True
28660,Male,55-59,12078.669203691145,11558,520.6692036911445,617.0,621.044365912718,True,True
17780,Female,18-24,31521.785943318842,31708,-186.21405668115767,1353.1969553616354,870.9830641937814,True,True
47380,Female,25-29,9868.052106940784,9898,-29.947893059215858,106.0,250.68979778984652,True,True
17780,Female,30-34,9006.525630189935,9074,-67.47436981006467,143.0,167.56567612053206,True,True
21340,Female,18-24,44311.75448463005,44477,-165.2455153699484,1361.9394259657806,395.34125710066246,True,True
10180,Male,50-54,4655.541077000081,4589,66.5410770000808,324.0,176.3015695534348,True,True
31180,Female,30-34,12104.864394177106,12230,-125.13560582289392,116.0,173.07931154158183,False,True
47020,Female,25-29,3097.00010139594,3300,-202.99989860406004,159.0,153.81458796934245,False,True
20580,Female,65-69,1394.0535411489345,1271,123.05354114893453,235.63743335896356,136.9712180353993,True,True
33260,Male,65-69,3397.060770677511,3445,-47.939229322489155,443.90652169122274,402.25332524131466,True,True
20580,Female,50-54,1661.2209391073045,1761,-99.7790608926955,145.0,62.6770466727421,True,True
39340,Male,50-54,15059.175870366169,15183,-123.82412963383103,74.0,210.10327341550428,False,True
39340,Female,25-29,29338.96679555749,29281,57.96679555749142,10.0,371.7214608389099,False,True
39340,Male,65-69,9850.10629074952,9567,283.10629074951976,640.8634800017863,542.6117024468774,True,True
36260,Male,60-64,16201.535785550692,16060,141.5357855506918,868.6218970300024,925.0104804070127,True,True
36260,Female,60-64,15239.07423921807,15592,-352.9257607819309,731.3795184444257,737.1553240117977,True,True
41100,Male,60-64,4932.0,4837,95.0,513.1646909131609,517.2698511089256,True,True
30860,Female,60-64,3584.1095608160913,2848,736.1095608160913,275.86228448267445,249.18679376914878,False,False
30860,Male,35-39,4717.961851688828,4577,140.96185168882766,372.0,332.63008368635417,True,True
30860,Male,45-49,4366.567617070277,3924,442.56761707027727,57.0,97.07978554840577,False,False
36420,Female,55-59,40189.458278793536,40762,-572.541721206464,1111.0,1829.6137884656848,True,True
21420,Female,25-29,1843.1774296923525,1933,-89.82257030764754,104.0,96.2261099811147,True,True
30020,Female,30-34,4843.0,4684,159.0,38.0,183.03351061007928,False,True
30020,Female,18-24,5743.0,5723,20.0,327.8322741891042,347.9225555188252,True,True
37980,Female,40-44,203773.61036382473,202805,968.6103638247296,2751.0,3813.5779467005605,True,True
39740,Female,30-34,13376.0,13577,-201.0,18.0,235.54481521039688,False,True
38300,Male,45-49,68254.14503734844,67868,386.1450373484404,240.0,775.5861449674995,False,True
38300,Male,40-44,74130.57664820131,75707,-1576.4233517986868,1684.0,2058.865891979223,True,True
37980,Female,35-39,221730.7316236654,219985,1745.7316236654005,2729.0,3740.343966117429,True,True
42540,Male,35-39,17918.68857106088,17835,83.68857106088035,833.0,1016.9855995217775,True,True
42540,Female,30-34,17700.003300350258,17715,-14.996699649742368,28.0,347.1110700207458,True,True
21500,Male,30-34,9128.0,8936,192.0,24.0,321.2470629048615,False,True
38300,Male,35-39,82195.39102824064,81297,898.3910282406432,1637.0,2122.874551493923,True,True
42540,Male,40-44,17708.369551404045,17747,-38.630448595955386,840.0,1040.0705982700338,True,True
37980,Female,45-49,184678.06767608988,186082,-1403.9323239101213,184.0,1468.3576904588801,False,True
42540,Female,18-24,25032.48413603011,24284,748.4841360301107,817.1113755174382,630.4248929958108,True,True
39740,Female,18-24,20402.0,20587,-185.0,853.9361802851546,544.247199655175,True,True
42540,Male,45-49,16159.624673532951,16489,-329.3753264670486,63.0,447.65917421459255,False,True
25420,Female,18-24,26791.0,26757,34.0,1140.6217602693716,844.163369535927,True,True
16540,Male,55-59,5001.419395801024,5019,-17.58060419897629,456.0,502.5540734186868,True,True
25420,Female,30-34,20257.0,20184,73.0,62.0,445.5969186313456,False,True
10900,Male,45-49,25693.0,25756,-63.0,244.0,529.2925220624697,True,True
10900,Male,35-39,28092.0,27715,377.0,1079.0,1356.4491354935687,True,True
21500,Female,60-64,9577.0,9520,57.0,629.731688896152,683.3758462734837,True,True
21500,Male,18-24,14302.0,13945,357.0,540.5682195616017,566.5299755529269,True,True
10900,Male,40-44,27216.0,27623,-407.0,1060.0,1442.1431292407317,True,True
44300,Female,60-64,4153.0,4481,-328.0,384.0963420809941,398.3354847440158,True,True
12260,Female,40-44,20705.011003268366,20583,122.01100326836604,903.0,1090.2228565737832,True,True
10500,Female,35-39,5001.283146251803,4926,75.28314625180337,565.0,524.185719350944,True,True
10500,Female,45-49,4476.712588991576,4248,228.712588991576,196.0,250.46902879896294,False,True
19140,Male,25-29,4750.532788851027,4786,-35.46721114897264,104.0,193.73429421017886,True,True
12060,Male,55-59,191084.83516912325,191109,-24.164830876747146,2970.0,2938.205297473175,True,True
12260,Male,65-69,17133.014300133716,17229,-95.98569986628354,860.5631876858317,733.1298771534325,True,True
10500,Female,40-44,4946.929197125076,4958,-11.070802874924084,555.0,510.9881630932385,True,True
47580,Female,65-69,5400.375073390968,5167,233.37507339096828,547.4833330796473,369.22741781630907,True,True
12260,Male,50-54,17452.757842526662,17796,-343.242157473338,324.0,264.64983860164006,False,True
12260,Female,45-49,18679.155621845286,18488,191.15562184528608,252.0,430.02441611360047,True,True
46660,Male,60-64,3561.067466593683,3513,48.06746659368309,456.6804134183992,378.7766517507167,True,True
25980,Male,40-44,2875.4563779656883,2682,193.45637796568826,351.0,395.4167722402311,True,True
25980,Female,35-39,2889.9230667031597,2821,68.92306670315975,358.0,317.1806886443167,True,True
25980,Male,45-49,2122.423623733822,1843,279.42362373382184,230.0,169.04231213414994,False,True
42340,Female,50-54,12331.51005258387,12613,-281.48994741613024,136.0,274.91320618514453,False,True
42340,Female,65-69,11412.732269991639,11172,240.73226999163853,824.0709920874536,634.7648896982729,True,True
47580,Female,50-54,5933.523649561554,5843,90.52364956155361,199.0,214.36324009494732,True,True
12020,Male,55-59,5507.723980910032,5733,-225.27601908996803,467.0,447.07884187894444,True,True
12260,Female,35-39,20816.324103280567,21153,-336.6758967194328,906.0,1120.216420969554,True,True
23580,Female,18-24,9771.0,9651,120.0,572.0821619313086,370.10873242028487,True,True
39300,Female,45-49,49759.0,49804,-45.0,227.0,500.2427148932306,True,True
49340,Female,65-69,24604.0,24729,-125.0,1027.4672744180225,915.6816810183002,True,True
39300,Female,40-44,53416.0,52389,1027.0,1576.0,1716.056793648596,True,True
49340,Female,50-54,29731.0,29677,54.0,3.0,325.89251893645854,False,True
12700,Female,55-59,10102.932628344915,10194,-91.06737165508457,685.0,758.3787952754775,True,True
12540,Male,50-54,24755.0,24466,289.0,27.0,411.81302709026824,False,True
47300,Male,18-24,24730.0,24748,-18.0,896.4396242915637,308.19899245049453,True,True
42020,Male,45-49,7428.0,7478,-50.0,165.0,281.19637891071784,True,True
42200,Male,55-59,12390.0,12116,274.0,652.0,700.0525517523666,True,True
47300,Male,30-34,17491.0,17260,231.0,59.0,292.71502743496103,False,True
42020,Male,40-44,8423.0,7931,492.0,543.0,740.7026021909874,True,True
39820,Female,18-24,6499.0,6454,45.0,493.04665093680535,235.1757495310688,True,True
20940,Female,25-29,5667.0,5647,20.0,80.0,125.15412542141789,True,True
32900,Female,50-54,7626.0,7676,-50.0,31.0,65.55381759478239,False,True
32900,Female,65-69,5967.0,5830,137.0,601.0074874741579,501.12016535083677,True,True
34900,Female,25-29,3830.0,3836,-6.0,67.0,56.92151643930439,True,True
35980,Male,30-34,9618.0,9558,60.0,0.0,162.29865450381897,False,True
15980,Male,18-24,29796.0,29635,161.0,1118.4028791093128,551.0508155140958,True,True
42680,Male,45-49,3812.0,3816,-4.0,209.0,228.37997758943317,True,True
18880,Female,18-24,10300.134592040837,10577,-276.86540795916335,695.8922330361218,330.1642733618891,True,True
36100,Male,60-64,13549.0,14040,-491.0,997.462781260534,938.3874347950584,True,True
38940,Male,55-59,16804.0,16626,178.0,993.0,1091.9369487646711,True,True
37340,Male,18-24,23800.0,23722,78.0,935.0935782048767,479.4864612595959,True,True
23540,Male,30-34,11524.15375507181,11530,-5.846244928190572,148.0,238.70019183461275,True,True
26140,Female,45-49,3837.0,3686,151.0,157.0,142.6016713436417,True,True
48680,Female,45-49,1634.0,1586,48.0,79.0,239.13627019442285,True,True
48680,Female,40-44,1918.0,2008,-90.0,383.0,402.7995047740873,True,True
18880,Female,30-34,10005.195759603212,10271,-265.8042403967884,129.0,335.6255898892788,False,True
26140,Male,35-39,3688.0,3490,198.0,399.0,463.53957597760734,True,True
26140,Female,35-39,3769.0,3551,218.0,414.0,612.3949696447955,True,True
26140,Male,40-44,3613.0,3547,66.0,411.0,441.6530911996994,True,True
42680,Male,35-39,4104.0,4408,-304.0,659.0,727.3478694304397,True,True
26140,Female,40-44,3526.0,3648,-122.0,362.0,519.811670819346,True,True
48680,Female,35-39,1549.0,1352,197.0,309.0,317.2283444460788,True,True
26140,Male,45-49,3413.0,3411,2.0,51.0,158.03519366346853,True,True
43420,Female,55-59,3936.2771039420304,4123,-186.7228960579696,403.0,337.68553685625295,True,True
39150,Female,25-29,5127.0,5162,-35.0,94.0,132.9476543371488,True,True
14010,Female,30-34,5309.0,5296,13.0,16.0,23.260904942628525,True,True
16020,Male,18-24,5514.097146825318,5765,-250.9028531746817,573.0732937417342,268.507980098264,True,True
37140,Male,25-29,2874.4905206474136,2816,58.49052064741363,156.0,94.97266488673404,True,True
19500,Female,25-29,3039.6430924780775,3118,-78.3569075219225,59.0,105.24935399235406,False,True
43340,Female,45-49,11570.781456393881,11628,-57.218543606119056,168.0,218.63922624847737,True,True
43340,Female,40-44,13515.555232272722,13448,67.5552322727217,696.0,797.2674931502398,True,True
43640,Male,25-29,7260.0,7300,-40.0,81.0,315.5219779112067,True,True
26380,Male,60-64,7099.256187870868,6834,265.2561878708684,561.6377836292711,491.5563949988527,True,True
36540,Male,45-49,29394.21631047913,28946,448.2163104791289,165.0,661.4499383969346,False,True
47940,Male,30-34,5158.244078565396,5086,72.2440785653962,116.0,269.679526627937,True,True
36540,Male,35-39,34808.44219009546,34790,18.442190095462138,1050.0,1429.7856105463197,True,True
36540,Female,25-29,32783.19997444845,33237,-453.8000255515508,124.0,337.88281477400415,False,False
11500,Female,30-34,3960.0,3851,109.0,122.0,158.76849398574012,True,True
13140,Female,35-39,12171.0,12421,-250.0,845.0,895.5318659782577,True,True
11100,Male,25-29,9338.560016832183,9469,-130.43998316781654,226.0,404.99534879616783,True,True
33260,Male,50-54,4533.27996578472,4596,-62.720034215280066,127.0,110.08064273551105,True,True
30860,Male,40-44,4870.930604462659,4558,312.9306044626592,357.0,367.0524203994907,True,True
13780,Female,50-54,7115.3687835819155,6825,290.3687835819155,80.0,273.3565137705513,False,False
13780,Female,65-69,7577.905109162777,7483,94.90510916277708,507.60319147932864,329.86915725998614,True,True
10580,Male,55-59,29909.74314840389,30698,-788.2568515961102,978.0,930.6756813096833,True,True
46660,Female,25-29,5489.217851477195,5436,53.21785147719493,262.0,136.48924576979167,True,True
25980,Male,35-39,3247.565556293467,2936,311.5655562934671,387.0,388.0475750741726,True,True
25980,Female,45-49,2425.0673163451984,1990,435.0673163451984,197.0,165.56618532321062,False,False
25980,Female,40-44,3210.1877948356705,2514,696.1877948356705,336.0,344.5911808845131,False,False
23580,Female,30-34,6547.0,6634,-87.0,106.0,302.3365007404829,True,True
29200,Female,65-69,4927.860913535684,5130,-202.13908646431628,409.6461888019953,400.7049185660649,True,True
23060,Female,65-69,12337.630023126472,12231,106.63002312647222,690.229671920876,625.7634671465853,True,True
31140,Female,35-39,46586.4803330206,45732,854.4803330205978,1270.0,1297.271188419004,True,True
31140,Female,40-44,44264.48235255477,45154,-889.517647445231,1292.0,1271.4844494907022,True,True
31140,Female,45-49,41584.16567226103,42337,-752.8343277389722,275.0,510.0998289890216,False,False
33140,Female,40-44,2858.0,3092,-234.0,322.0,351.294747359678,True,True
14020,Male,30-34,5440.494447541496,5327,113.4944475414959,57.0,218.6020551477429,False,True
21140,Male,60-64,5801.0,5887,-86.0,502.0966042506163,505.56499855112594,True,True
17140,Female,25-29,72940.669569414,73468,-527.3304305859929,384.0,841.5458482887586,False,True
21780,Female,55-59,8458.52647790167,8465,-6.47352209832934,510.0,495.4633089796896,True,True
29020,Female,65-69,2667.7186217632784,2625,42.718621763278406,351.4327816240255,284.1407289057971,True,True
29200,Male,25-29,8665.916185778533,8534,131.91618577853296,55.0,147.3452407810268,False,True
33140,Male,30-34,4193.0,4250,-57.0,42.0,309.9286521523946,False,True
28140,Female,50-54,66489.87734883756,67216,-726.1226511624409,200.0,643.0624515116731,False,False
28140,Female,65-69,58607.826713820265,59683,-1075.1732861797354,1554.8456515037112,1664.6432819344593,True,True
48620,Female,55-59,19493.289667041554,18688,805.2896670415539,745.0,993.2492246607374,False,True
45820,Female,60-64,9536.763344954072,9228,308.7633449540717,562.0693907339199,496.2984251493074,True,True
39380,Male,25-29,5713.749382548973,5638,75.74938254897279,83.0,233.93634584395892,True,True
19740,Male,50-54,96627.26836870569,96317,310.26836870568513,154.0,864.6945228877245,False,True
22660,Female,45-49,9714.0,9952,-238.0,105.0,282.219394864173,False,True
19740,Male,65-69,68499.13170263676,69120,-620.8682973632385,1795.6516922833337,1527.7991155261732,True,True
14500,Male,65-69,8668.180085670763,8849,-180.81991432923678,653.4408925067362,505.9341944048848,True,True
24540,Female,25-29,11695.0,11949,-254.0,50.0,198.88179259298724,False,False
24300,Male,40-44,5470.702244842329,5671,-200.29775515767142,415.0,561.793346579527,True,True
22660,Female,40-44,11912.0,11559,353.0,589.0,757.3868333998817,True,True
22660,Female,35-39,11470.0,11633,-163.0,602.0,769.0657371821345,True,True
14500,Male,50-54,10387.655089948035,10628,-240.3449100519647,92.0,331.92253948020533,False,True
17820,Female,50-54,21315.0,21258,57.0,178.0,322.6406566367605,True,True
24300,Male,35-39,4963.023450265432,4907,56.023450265432075,448.0,539.002567307151,True,True
17820,Female,65-69,20501.0,20823,-322.0,917.724359489275,758.0715274258425,True,True
27180,Male,55-59,5122.060653656676,4988,134.06065365667564,396.0,435.3372536197886,True,True
17300,Male,60-64,7675.361670438468,7641,34.36167043846763,649.5983374362961,631.841867168934,True,True
32820,Male,25-29,45213.46889555408,45195,18.46889555407688,275.0,600.8549849160012,True,True
17420,Male,30-34,4006.0,4023,-17.0,46.0,75.51069644427866,True,True
27740,Female,30-34,6321.731557288061,6246,75.73155728806069,168.0,275.8369871689492,True,True
27740,Female,18-24,11563.574153472477,12001,-437.4258465275234,742.8364557559087,524.7096669944578,True,True
34100,Male,55-59,4204.579197539144,4136,68.57919753914393,445.0,475.37991382986127,True,True
35620,Male,18-24,821187.5531059298,821062,125.55310592975002,5187.409661864002,2561.6888054826873,True,True
35620,Male,30-34,725943.241793432,727005,-1061.7582065679599,343.0,2270.1030633788996,False,True
40380,Male,30-34,35645.18887424469,35786,-140.81112575531006,262.0,440.4767156441806,True,True
40380,Male,18-24,50542.2257456707,50784,-241.77425432929886,1361.5660101515462,898.1563105187088,True,True
46540,Female,30-34,8343.648405900665,8477,-133.35159409933476,27.0,124.26851875541303,False,False
46540,Female,18-24,12412.392568542848,12090,322.3925685428476,612.7397489962602,417.0606284152708,True,True
24020,Female,40-44,3372.0,3284,88.0,304.0,342.51056920553566,True,True
24020,Female,45-49,3420.0,3488,-68.0,87.0,88.51032525219868,True,True
21300,Male,40-44,2469.264638643661,2461,8.264638643660874,237.0,220.50340951435481,True,True
21300,Male,45-49,2430.8954978898482,2383,47.89549788984823,122.0,126.40937205915989,True,True
30700,Female,60-64,10460.723549641976,10168,292.7235496419762,584.3911361408556,719.4947331395676,True,True
12580,Male,55-59,89523.21156288791,89164,359.211562887911,1809.0,2130.084492705397,True,True
47900,Male,30-34,230636.75540864683,230119,517.7554086468299,481.0,802.2818925437114,False,True
47900,Male,18-24,269357.83291798836,268620,737.8329179883585,3093.0737139615667,1419.5470949413095,True,True
30500,Male,60-64,7346.0,7297,49.0,587.6393451769546,529.1919234337387,True,True
45780,Male,25-29,20334.074746686605,20009,325.07474668660507,77.0,337.6363751166027,False,True
45780,Female,25-29,20129.5197391696,19847,282.5197391695983,144.0,330.384004698919,False,True
18140,Male,30-34,85250.968144058,85726,-475.0318559419975,313.0,706.1456269839076,False,True
17410,Female,60-64,83032.0,81843,1189.0,1913.2979381162777,1747.589501185848,True,True
18140,Male,18-24,99125.54351158999,98813,312.54351158998907,1949.907177277934,1092.2242664609093,True,True
30620,Female,18-24,4172.0,4241,-69.0,324.3131203019699,115.68046564243248,True,True
19430,Female,55-59,25252.0,26077,-825.0,801.0,1175.0660002463692,False,True
49660,Male,45-49,12224.0,11916,308.0,121.0,284.62398287916636,False,True
30620,Male,60-64,3444.0,3413,31.0,320.2030605725061,333.80734629049135,True,True
10420,Female,60-64,27136.0,26574,562.0,992.8786431382237,1038.847911866795,True,True
49660,Male,40-44,12091.0,12138,-47.0,666.0,772.9564257673262,True,True
48540,Female,35-39,3637.5199369178786,4160,-522.4800630821214,431.0,323.5556540758813,False,True
48540,Female,45-49,3897.526705429412,3837,60.52670542941178,75.0,75.32073801433089,True,True
15940,Female,55-59,14546.0,14296,250.0,621.0,812.9346341957637,True,True
48260,Female,65-69,4178.9199293859365,4423,-244.08007061406352,374.4769685841841,218.79633518756887,True,True
31900,Female,35-39,3007.0,3037,-30.0,314.0,442.8376969570793,True,True
49660,Female,55-59,14154.0,13942,212.0,679.0,761.9417325114173,True,True
30620,Female,30-34,3001.0,3097,-96.0,99.0,263.42480633712154,True,True
48540,Female,40-44,3895.205970806122,3588,307.20597080612197,399.0,302.1558614925426,True,True
16820,Female,30-34,7340.128504198815,7580,-239.87149580118512,249.0,272.05071325052626,True,True
16820,Male,65-69,6567.240529799904,6738,-170.75947020009608,589.2953419126949,512.0608362286649,True,True
13980,Female,45-49,4686.0,4797,-111.0,197.0,207.18120320144877,True,True
16820,Male,50-54,6135.656822279725,6152,-16.34317772027498,192.0,256.22725550310975,True,True
13980,Female,40-44,4196.0,4447,-251.0,436.0,428.11168455789664,True,True
31540,Female,18-24,42394.76890929403,42670,-275.23109070597275,1761.5399512926183,935.5814260515826,True,True
20260,Female,50-54,7962.903037593083,7747,215.90303759308335,79.0,310.0678780993959,False,True
28450,Female,30-34,5327.0,5370,-43.0,25.0,253.26750365473262,False,True
24580,Female,55-59,10717.535359560994,11788,-1070.464640439006,530.0,784.6586839484538,False,False
20740,Male,60-64,5940.094366972226,5988,-47.90563302777355,478.70032379349817,472.6989771223661,True,True
31540,Male,60-64,18656.081200459015,19620,-963.9187995409848,897.0139352317777,1111.202121179243,False,True
43100,Female,65-69,3516.0,3657,-141.0,316.6607016982057,402.34107326527084,True,True
29100,Female,60-64,5559.804321162412,5802,-242.19567883758828,469.13217753635274,478.5009998679404,True,True
39540,Male,55-59,6593.0,6867,-274.0,465.0,714.4086520446474,True,True
27500,Male,60-64,5993.0,5986,7.0,475.7141999141922,599.8842726132682,True,True
36780,Male,35-39,6065.0,6333,-268.0,375.0,708.2754721884346,True,True
20260,Female,65-69,9983.122881287927,9450,533.1228812879272,473.7636541567958,436.9637461157029,False,True
36780,Male,40-44,5257.0,5259,-2.0,378.0,661.5074561616823,True,True
31540,Female,30-34,22527.600904221254,23708,-1180.3990957787464,66.0,780.2868134789547,False,False
22540,Female,40-44,3569.949845137802,3377,192.94984513780219,285.0,370.38777687909555,True,True
11540,Female,35-39,8516.341698069336,8807,-290.6583019306636,447.0,725.9663038588939,True,True
43100,Female,50-54,3322.0,3454,-132.0,78.0,136.4894080505883,False,True
22540,Female,45-49,2970.034098490334,3001,-30.965901509665855,109.0,121.36947881083891,True,True
39540,Female,30-34,5914.0,5999,-85.0,36.0,181.0789370171197,False,True
36780,Male,45-49,5108.0,5270,-162.0,159.0,267.1940337493523,False,True
22540,Female,35-39,3137.658301930664,3091,46.65830193066404,297.0,359.17288646278803,True,True
11540,Female,45-49,6865.965901509666,7036,-170.03409849033415,56.0,188.74702469812703,False,True
29020,Female,50-54,2588.7493801797236,2648,-59.25061982027637,160.0,137.54800853810616,True,True
23060,Female,50-54,13256.328174375863,13440,-183.67182562413655,65.0,210.5962413263641,False,True
33140,Female,35-39,3493.0,3285,208.0,331.0,395.02372515141417,True,True
43780,Male,25-29,10555.362479092084,10440,115.36247909208396,97.0,127.20534994203436,False,True
33140,Male,18-24,4903.0,4952,-49.0,403.7164846770565,240.5994567897027,True,True
33140,Female,45-49,3018.0,2893,125.0,94.0,203.55238242280535,False,True
14020,Male,18-24,18329.100008059,18506,-176.89999194100164,1153.820609973665,796.8155507063576,True,True
29200,Female,50-54,5698.494968982895,5639,59.49496898289544,113.0,158.8994782773188,True,True
41140,Female,55-59,3783.206125299673,3873,-89.7938747003268,339.0,357.77776531623607,True,True
31740,Female,65-69,2221.0,2284,-63.0,287.14108030722457,364.7894599611535,True,True
31740,Female,50-54,2415.0,2405,10.0,161.0,221.780837582398,True,True
24300,Male,45-49,4519.302350141572,4653,-133.69764985842812,121.0,237.00396740094544,False,True
17420,Male,18-24,5862.0,5848,14.0,452.5328717341979,273.8981808720168,True,True
31700,Female,25-29,14666.583559209474,14100,566.5835592094736,50.0,517.3421040948292,False,False
10740,Female,35-39,32631.727039171474,32315,316.72703917147373,1013.0,1408.6382526653956,True,True
10740,Female,45-49,27219.212327169393,27066,153.21232716939267,256.0,462.7702594079144,True,True
10740,Female,40-44,29603.505451003148,29835,-231.49454899685225,988.0,1258.3004566917607,True,True
21300,Male,35-39,2730.526995229166,2741,-10.473004770833995,242.0,257.243842834458,True,True
27060,Female,35-39,3086.0,2920,166.0,340.0,397.2462131978101,True,True
27060,Male,35-39,2380.0,2732,-352.0,286.0,411.9445904275234,False,True
27060,Male,40-44,3023.0,2669,354.0,287.0,420.7201265568359,False,True
24020,Female,35-39,3902.0,3994,-92.0,319.0,350.3508240374925,True,True
27060,Female,45-49,2645.0,2671,-26.0,178.0,198.08627995774975,True,True
27060,Female,40-44,2921.0,3043,-122.0,356.0,329.4475468454728,True,True
27060,Male,45-49,2287.0,2375,-88.0,174.0,128.41066403827213,True,True
44180,Female,65-69,14242.401458352842,14044,198.40145835284238,731.5005126450699,757.3141405709673,True,True
27620,Female,25-29,4253.743348525745,4278,-24.256651474254795,162.0,301.9486580591962,True,True
17860,Female,18-24,20257.165317502324,20385,-127.83468249767611,1031.2933627246905,593.1090842135123,True,True
44180,Female,50-54,13679.32839613895,13871,-191.67160386105024,164.0,256.8478993835317,False,True
17860,Female,30-34,7467.296348370759,7365,102.296348370759,46.0,258.1558522236335,False,True
17860,Male,55-59,4845.953162443776,5089,-243.0468375562241,446.0,469.25347750185796,True,True
39900,Female,35-39,18881.021987378248,18713,168.021987378248,809.0,930.9145673390311,True,True
39900,Male,55-59,18020.68064129407,18270,-249.3193587059286,774.0,1028.9821753133551,True,True
29820,Female,18-24,91703.0,91263,440.0,1841.4382965497377,537.2690628621287,True,True
29820,Female,30-34,87958.0,88042,-84.0,0.0,512.2528415221335,False,True
39900,Female,40-44,16877.41113888616,17131,-253.5888611138398,803.0,914.8072485402951,True,True
39900,Female,45-49,15195.77691037641,15382,-186.22308962359057,116.0,157.78359023571434,False,True
16180,Female,50-54,1649.0746153014031,1615,34.07461530140313,62.0,57.49565184165047,True,True
16180,Female,65-69,2396.1503287711575,1724,672.1503287711575,219.42652528807906,164.7149184519238,False,False
49660,Male,35-39,12052.0,11950,102.0,678.0,822.6588094184308,True,True
48260,Female,50-54,3684.386876203171,3915,-230.61312379682886,124.0,87.17452729107558,False,False
26580,Male,18-24,16555.538036328726,16745,-189.46196367127413,667.5971839365412,378.4554084474166,True,True
31900,Male,60-64,4317.0,4422,-105.0,493.85524194848836,417.04643309378633,True,True
26580,Female,25-29,10577.261485344836,10566,11.261485344835819,157.0,184.60398078068482,True,True
44220,Male,25-29,4042.0,4064,-22.0,83.0,94.28089001091368,True,True
26580,Male,30-34,10797.796569488775,10958,-160.20343051122472,177.0,233.5176747840486,True,True
31900,Female,45-49,3548.0,3518,30.0,148.0,162.30990846987746,True,True
31900,Female,40-44,3840.0,3881,-41.0,328.0,399.844313242667,True,True
16820,Female,18-24,13508.589202006653,13683,-174.41079799334693,707.0396028512123,622.5207513189142,True,True
13980,Female,35-39,4803.0,4767,36.0,390.0,425.18111053114774,True,True
44420,Male,18-24,5223.075018877959,4819,404.07501887795934,506.69024067964835,289.47227812261633,True,True
11540,Female,40-44,7598.050154862198,7379,219.05015486219781,443.0,712.1119813481923,True,True
28450,Female,18-24,7998.0,8126,-128.0,455.63911157845087,297.66296590901266,True,True
39540,Female,18-24,7442.0,7509,-67.0,523.6802459516684,59.22228467815136,True,True
45940,Female,18-24,19965.0,19801,164.0,913.0284771024395,661.3224286202986,True,True
45940,Female,30-34,11744.0,11735,9.0,4.0,271.6038971047728,False,True
24340,Male,55-59,35474.80260432809,34879,595.8026043280915,1122.0,1320.253945080858,True,True
24340,Female,30-34,40873.12273040631,41018,-144.8772695936932,239.0,468.8510966681488,True,True
19820,Female,55-59,151715.1178740926,151123,592.117874092597,2209.0,3202.776583667524,True,True
22420,Female,60-64,15394.439319570323,14964,430.4393195703233,723.581370683353,681.4608964898692,True,True
40980,Female,65-69,6366.0,6673,-307.0,509.96568512008724,447.97989348435044,True,True
24340,Female,18-24,58749.861013470756,57968,781.861013470756,1587.9439536709097,824.499952650336,True,True
35660,Female,65-69,5154.0,5111,43.0,395.98232283777514,500.3041080895199,True,True
40980,Male,55-59,5632.0,5845,-213.0,396.0,501.48574377294125,True,True
40980,Female,50-54,5673.0,5862,-189.0,61.0,172.66388918937278,False,False
12980,Male,60-64,4931.343115232511,4772,159.34311523251108,411.66126852061274,358.1760726114745,True,True
13020,Female,55-59,3347.9136772160455,3441,-93.08632278395453,320.0,312.588719740195,True,True
11460,Female,60-64,10981.0,10572,409.0,600.7528610002619,689.0336353954356,True,True
35660,Female,50-54,4785.0,4850,-65.0,0.0,107.94133518953709,False,True
27100,Female,65-69,5600.0,5432,168.0,457.5117484830308,477.6973504322586,True,True
25060,Male,55-59,13272.182727066325,13290,-17.817272933674758,798.0,798.8581757882557,True,True
24660,Male,65-69,21232.780982815504,20574,658.7809828155041,998.1763371268626,908.2453452993065,True,True
39580,Male,65-69,32156.83219534484,31737,419.8321953448394,1427.0588635371703,1009.0615464204495,True,True
20500,Female,18-24,36591.60570296947,36273,318.60570296947117,1408.5066560013126,1122.4144109861777,True,True
16740,Female,18-24,118230.88981666251,118929,-698.1101833374851,2117.026688542211,1046.0926990274081,True,True
16740,Male,25-29,94740.05208301681,94097,643.0520830168098,301.0,625.6072025055119,False,True
25860,Female,25-29,10818.09063199587,10868,-49.90936800412965,215.0,308.9786308137703,True,True
20500,Female,30-34,23559.70773399604,23229,330.7077339960415,265.0,204.11265202007363,False,True
16740,Female,30-34,104011.0418230166,104178,-166.95817698340397,216.0,543.9315821897121,True,True
38240,Male,60-64,3324.5787711558123,3212,112.57877115581232,381.18237105091833,341.95134596475594,True,True
39580,Male,50-54,51348.78704121714,51335,13.787041217139631,160.0,504.4601486873333,True,True
24140,Female,50-54,3681.0,3683,-2.0,89.0,82.96901227265515,True,True
15500,Female,35-39,5575.0,5634,-59.0,443.0,661.7924139344981,True,True
11700,Male,60-64,12742.532823337087,12902,-159.4671766629126,938.3373593756139,914.269554661929,True,True
24660,Male,50-54,25145.378179287014,25325,-179.62182071298594,71.0,267.3537734726013,False,True
15500,Female,45-49,5402.0,5456,-54.0,40.0,76.88241482127106,False,True
14260,Male,25-29,28766.39885625075,28601,165.39885625075112,180.0,404.733974569551,True,True
38540,Female,45-49,2357.767993016468,2336,21.767993016468154,81.0,85.00944324809907,True,True
14260,Female,25-29,26736.495894769294,26469,267.49589476929395,165.0,435.09742906040424,False,True
38540,Female,35-39,2860.1716748282024,3019,-158.8283251717976,318.0,257.17851056707167,True,True
46300,Male,60-64,3413.0997927333674,3371,42.099792733367394,450.43978509896306,334.9952031273879,True,True
38540,Female,40-44,3117.2123379299783,3190,-72.78766207002172,330.0,212.07151185686223,True,True
44420,Male,30-34,4060.6881545101714,4363,-302.31184548982856,223.0,263.7758296194474,False,True
26300,Male,30-34,2886.853737223813,2788,98.85373722381291,46.0,96.75348616250473,False,True
26300,Male,18-24,4101.915992748691,3748,353.91599274869077,371.8050564475959,189.4899950809453,True,True
30780,Female,25-29,26064.0,26069,-5.0,246.0,308.29226714069557,True,True
30460,Male,55-59,15201.254953141392,14575,626.2549531413915,656.0,777.4574257263394,True,True
14540,Female,35-39,5072.179618465316,5409,-336.8203815346842,533.0,578.2146833365827,True,True
30460,Female,25-29,18299.108107184282,18576,-276.89189281571817,254.0,416.1259251307978,False,True
36980,Male,45-49,2919.763135747049,2974,-54.23686425295091,109.0,139.51367967510234,True,True
36980,Male,40-44,3549.1646736166704,3403,146.16467361667037,389.0,436.62622461197236,True,True
14540,Female,45-49,5103.754613593638,5342,-238.24538640636183,152.0,303.06474199815847,False,True
14540,Female,40-44,6658.39185329569,6006,652.3918532956905,547.0,607.2399731414472,False,True
36980,Female,25-29,3550.4993676092863,3394,156.4993676092863,157.0,278.7637967046973,True,True
36980,Male,35-39,3311.0453410165505,3518,-206.95465898344946,388.0,454.2236635636236,True,True
21060,Male,60-64,4276.124092408565,3856,420.12409240856505,446.37428241331287,374.9975938899119,True,True
34740,Female,18-24,6708.0,6713,-5.0,444.59757084356636,248.70175016221742,True,True
27100,Female,50-54,4996.0,4946,50.0,4.0,209.44668171159935,False,True
34740,Female,30-34,5751.0,5779,-28.0,70.0,86.17036961740388,True,True
27340,Female,60-64,5248.245001351199,4859,389.2450013511989,472.1281605665987,453.9338471413948,True,True
15500,Female,40-44,5624.0,5583,41.0,421.0,644.2875133199464,True,True
24140,Female,65-69,4053.0,3746,307.0,385.37384446794,325.11168404488325,True,True
17900,Male,18-24,48078.78188235433,48306,-227.21811764567246,1490.9614347795855,1027.536699054411,True,True
22500,Male,45-49,5577.642825132024,5521,56.64282513202397,115.0,199.75482365016208,True,True
17900,Male,30-34,27887.29110157596,27723,164.29110157596006,178.0,545.017044127713,True,True
16700,Female,65-69,24787.0,25241,-454.0,1253.6131779779598,946.2553476592616,True,True
22500,Female,55-59,6651.180330371065,7199,-547.8196696289351,502.0,515.0765794768863,False,True
16700,Female,50-54,25555.0,25683,-128.0,63.0,352.98093233735733,False,True
22500,Male,35-39,5733.2574041141415,5463,270.25740411414154,559.0,483.7443605914606,True,True
22500,Male,40-44,5425.792753015621,5707,-281.2072469843788,571.0,460.1358522818671,True,True
44940,Male,18-24,5348.062528809224,5331,17.062528809224204,502.7394951662342,239.7907703920325,True,True
40340,Female,18-24,9252.191439840943,8893,359.1914398409426,546.3542806641127,360.673882874417,True,True
41060,Male,40-44,7288.383071224802,6870,418.3830712248018,484.0,799.6169823847564,True,True
43620,Female,50-54,7961.983622040381,8034,-72.0163779596187,160.0,347.1066239948974,True,True
41060,Male,45-49,5184.257639629501,5176,8.257639629500773,160.0,330.3718846058758,True,True
31860,Female,30-34,2867.0,2775,92.0,132.0,212.68106966476824,True,True
40340,Female,30-34,7213.034629744042,7721,-507.9653702559581,59.0,381.3449411895427,False,False
43620,Female,65-69,7754.292943444819,7709,45.292943444818775,551.1533361960172,605.8364476827757,True,True
31860,Female,18-24,9934.0,10098,-164.0,726.2024511112586,558.5825133227856,True,True
41060,Male,35-39,6527.486489461614,6344,183.48648946161393,462.0,683.3322507257307,True,True
25740,Male,65-69,2926.2922976056884,3392,-465.7077023943116,329.61189298931555,204.42924087123654,False,False
25740,Female,50-54,2546.634945758026,2842,-295.3650542419741,97.0,87.03786558956516,False,False
25740,Female,65-69,3472.514070131872,3607,-134.4859298681281,377.37117006999887,174.4649554256295,True,True
25740,Male,50-54,2593.857891451018,2835,-241.14210854898192,77.0,93.59964769470965,False,False
14580,Male,40-44,3929.0,4643,-714.0,405.0,592.3575106502407,False,True
13740,Female,25-29,5656.08728295678,6119,-462.91271704322025,124.0,354.8447727999693,False,False
14580,Female,60-64,3392.0,3329,63.0,372.6043478007201,456.6912270615673,True,True
14580,Male,45-49,4130.0,3914,216.0,185.0,320.12033901136306,False,True
14580,Male,35-39,5148.0,4537,611.0,405.0,666.7083734118689,False,True
18700,Male,30-34,2854.2830676793565,2869,-14.716932320643537,68.0,176.23219840859724,True,True
18700,Male,18-24,9954.588522043869,10983,-1028.4114779561314,648.822780117961,426.97750184478053,False,False
41420,Male,50-54,13107.362989342419,12934,173.3629893424186,201.0,414.3739855130216,True,True
41420,Male,65-69,11654.849991124023,10930,724.8499911240233,710.8621526006291,737.668275981157,False,True
10540,Male,65-69,3939.529575686361,3885,54.52957568636111,423.8136382892839,387.12234923289526,True,True
41420,Female,30-34,14693.781067625063,14905,-211.21893237493714,150.0,386.1610967781668,False,True
10540,Male,50-54,3869.039663144326,3897,-27.960336855674086,68.0,122.94965742933095,True,True
39300,Female,35-39,54299.0,55061,-762.0,1551.0,1742.918100518137,True,True
38340,Female,55-59,4842.0,4635,207.0,361.0,468.6591719882905,True,True
11260,Female,65-69,9935.912520689062,10237,-301.08747931093785,631.438041299382,684.5185661894509,True,True
11260,Female,50-54,10929.408267955365,10944,-14.591732044635137,115.0,347.83154465652063,True,True
21820,Male,25-29,4429.447674675683,5039,-609.5523253243173,130.0,331.47287270657733,False,False
44940,Male,30-34,3454.8963253548923,3575,-120.10367464510773,153.0,196.51377602533148,True,True
25940,Female,25-29,5793.380219327334,6092,-298.6197806726659,168.0,307.1698720621973,False,True
24500,Female,35-39,2781.8324077891125,2505,276.8324077891125,260.0,302.73965618818846,False,True
24500,Male,45-49,2488.875190549492,2120,368.8751905494919,74.0,163.8581146299136,False,False
24500,Female,40-44,2523.729203268552,2495,28.729203268551828,245.0,324.18661299978714,True,True
24500,Male,40-44,2987.8283953736895,2834,153.82839537368955,313.0,300.0381575071558,True,True
24500,Male,35-39,2750.2370169702162,2728,22.237016970216246,287.0,330.75665822381467,True,True
24500,Female,45-49,2322.939409421702,2069,253.93940942170184,65.0,83.6151156332009,False,False
41420,Female,18-24,20420.72274129965,21110,-689.2772587003492,761.7788392965507,526.780745949375,True,True
39660,Male,60-64,6514.242423578252,6028,486.2424235782519,610.4703104983894,563.5914764245292,True,True
39660,Female,25-29,4297.741725697604,4606,-308.2582743023959,193.0,226.48814120071594,False,False
42660,Female,55-59,115636.0,116022,-386.0,1788.0,2155.2783157341305,True,True
31020,Female,35-39,2943.224509177865,2682,261.224509177865,287.0,368.84718562703495,True,True
36500,Female,30-34,10910.0,11002,-92.0,68.0,197.7109342828565,False,True
44060,Male,55-59,15968.006545010054,16317,-348.99345498994626,735.0,888.1370131941553,True,True
28420,Male,65-69,8118.732645924346,7966,152.7326459243459,644.6859700660469,553.2028076288301,True,True
14740,Male,65-69,8322.0,8488,-166.0,516.2053854813993,550.3842809312872,True,True
36500,Female,18-24,11191.0,11136,55.0,577.7395607018789,267.38993032414294,True,True
34580,Female,65-69,5036.0,5028,8.0,340.177894637497,301.786671526842,True,True
13380,Female,60-64,6943.0,7103,-160.0,698.7052311239697,618.3345815828595,True,True
47460,Male,40-44,2293.2942754187484,1948,345.2942754187484,235.0,235.04685955092958,False,False
31020,Female,40-44,3780.7404025762326,4250,-469.25959742376745,308.0,336.44575140035766,False,False
14740,Male,50-54,7863.0,7925,-62.0,53.0,186.8071154961716,False,True
31020,Female,45-49,3142.7653960830303,3314,-171.23460391696972,117.0,99.62481550040644,False,False
14740,Female,65-69,9438.0,9429,9.0,660.5119226781603,565.7737105846736,True,True
48300,Male,25-29,4009.0,4022,-13.0,86.0,230.99806703736724,True,True
34580,Female,50-54,3720.0,3707,13.0,22.0,77.78519524144681,True,True
34580,Male,25-29,4213.0,4089,124.0,66.0,129.53369683213708,False,True
47460,Male,45-49,2024.248292807433,1700,324.248292807433,92.0,213.94754428487568,False,False
28420,Male,50-54,8627.563144873091,8572,55.563144873091005,163.0,334.49314636670505,True,True
14740,Female,50-54,7891.0,7829,62.0,59.0,182.95698578491067,False,True
47460,Male,35-39,2356.3121530493563,2179,177.3121530493563,263.0,284.2561188107422,True,True
16620,Male,50-54,6453.412266152289,6473,-19.587733847711206,80.0,156.19238194763673,True,True
16620,Male,65-69,6888.258008278743,6913,-24.741991721257364,543.323108288245,480.5189031359514,True,True
34060,Female,55-59,3987.6923200208016,3774,213.69232002080162,418.0,374.53934071877563,True,True
13220,Male,50-54,3684.0,3673,11.0,127.0,203.0055970564605,True,True
16620,Female,40-44,6869.391769879257,6841,28.39176987925657,432.0,575.0291009800338,True,True
16620,Female,35-39,5623.297126868299,5523,100.29712686829862,429.0,530.0880721355827,True,True
13220,Male,65-69,3763.0,3846,-83.0,372.6781453211336,427.9321350810196,True,True
34060,Male,60-64,3826.6205445414867,3576,250.62054454148665,448.4016057063132,363.8470767508422,True,True
13220,Female,60-64,3995.0,3781,214.0,491.71739851260094,442.14191144642695,True,True
33500,Male,65-69,2507.4513601616895,1972,535.4513601616895,297.7935526501539,214.4489413798121,False,False
33500,Male,50-54,2197.593303977657,1909,288.5933039776569,99.0,157.27362677099373,False,False
16620,Female,45-49,6323.1135954175015,6334,-10.886404582498471,54.0,210.23408995634793,True,True
38860,Male,55-59,18245.0,18678,-433.0,829.0,1069.0954853742019,True,True
41860,Female,30-34,184496.0,184463,33.0,201.0,837.0849644577604,True,True
41860,Female,18-24,174627.0,174277,350.0,2424.350634706127,1471.3623394680865,True,True
37100,Female,35-39,27125.0,26258,867.0,890.0,1038.972480521621,True,True
42020,Female,40-44,7627.0,7581,46.0,539.0,675.3744782924138,True,True
23420,Female,45-49,32677.0,32958,-281.0,198.0,367.3090143734564,False,True
12540,Female,25-29,32121.0,32395,-274.0,56.0,277.9628984392521,False,True
42020,Female,45-49,6770.0,6916,-146.0,124.0,132.74650579205468,False,True
37100,Male,25-29,27710.0,27845,-135.0,47.0,560.4621462886678,False,True
34900,Male,65-69,3852.0,3854,-2.0,455.5107023989667,500.0962332891541,True,True
25260,Male,40-44,6050.0,6307,-257.0,531.0,636.508087275802,True,True
17020,Female,25-29,6574.0,6537,37.0,91.0,112.84388261000238,True,True
44700,Female,30-34,27982.0,28143,-161.0,139.0,313.3172300341142,False,True
44700,Male,30-34,28381.0,28555,-174.0,116.0,566.4866272439712,False,True
23420,Female,35-39,41090.0,40169,921.0,1289.0,1379.3663412664346,True,True
17020,Male,65-69,5865.0,5751,114.0,482.420977984996,474.90526069680465,True,True
44700,Female,18-24,36494.0,36186,308.0,1116.1352964582743,340.28824031804277,True,True
42200,Female,25-29,14333.0,14693,-360.0,113.0,315.8164379232025,False,False
23420,Female,40-44,37563.0,37957,-394.0,1288.0,1471.7210178418666,True,True
37100,Female,45-49,25808.0,25711,97.0,49.0,273.28891526185254,False,True
20940,Male,40-44,6078.0,5981,97.0,561.0,662.3152841641963,True,True
37100,Female,40-44,26142.0,26871,-729.0,881.0,1093.7444061456954,True,True
44700,Male,18-24,38638.0,38551,87.0,1227.6579328135342,521.523505787371,True,True
42220,Female,25-29,13622.0,13837,-215.0,27.0,234.85018086803765,False,True
20940,Male,35-39,6508.0,6527,-19.0,590.0,685.6181605164787,True,True
25540,Male,60-64,38117.13265649878,38723,-605.867343501217,1371.5400103533254,1375.9604294108044,True,True
45300,Female,35-39,113007.0,112939,68.0,2239.0,2556.2483838322523,True,True
33100,Female,40-44,205753.06855277022,205706,47.06855277021532,3015.0,3842.474468653744,True,True
33100,Female,35-39,208369.68212174837,208693,-323.3178782516334,2994.0,3780.2147731898276,True,True
34940,Female,55-59,13217.0,13377,-160.0,740.0,862.25182164493,True,True
45300,Female,45-49,102010.0,102077,-67.0,104.0,569.0109452616005,True,True
45300,Female,40-44,104787.0,104790,-3.0,2249.0,2519.890284788705,True,True
33100,Female,45-49,206129.67736779884,206116,13.677367798838532,97.0,854.001809234818,True,True
39460,Male,35-39,4395.0,4569,-174.0,459.0,596.5751883469928,True,True
37460,Female,30-34,6994.375723345457,7057,-62.62427665454288,88.0,131.21805399471071,True,True
19660,Female,30-34,20303.0,20344,-41.0,183.0,332.61741357188447,True,True
37460,Female,18-24,7639.115636997999,7604,35.11563699799899,592.0937425779806,141.42493694511913,True,True
38940,Female,60-64,21297.0,20764,533.0,1253.495911441278,1244.2702686499626,True,True
45220,Female,45-49,10410.911101437423,10729,-318.088898562577,132.0,186.60240224755972,False,False
45220,Female,35-39,10809.974700613526,11076,-266.0252993864742,829.0,750.2742357439053,True,True
48680,Male,65-69,7906.0,7546,360.0,824.0806999317482,744.6987856392007,True,True
39460,Male,45-49,4052.0,4278,-226.0,213.0,280.2302282075401,False,True
19660,Female,18-24,25586.0,25807,-221.0,1070.7464685909545,625.3080795126111,True,True
38060,Male,60-64,143388.3110002799,143121,267.3110002799076,2577.410522210228,2567.543642585454,True,True
38060,Female,65-69,136434.05422529837,136431,3.05422529837233,2656.9610460072613,2417.276207397011,True,True
38060,Female,50-54,153684.5117178554,153634,50.51171785540646,14.0,870.0535525066367,False,True
39150,Male,60-64,10342.0,10031,311.0,758.482695913361,680.3600481904783,True,True
22380,Female,35-39,3969.0,3812,157.0,313.0,517.8070943930278,True,True
29420,Female,60-64,10897.0,10531,366.0,830.8549813294736,606.2109576088179,True,True
22380,Female,40-44,4166.0,4369,-203.0,314.0,523.8226066069506,True,True
46520,Female,25-29,32440.0,32337,103.0,0.0,574.9290296832297,False,True
27980,Female,25-29,4362.171140174726,4420,-57.82885982527387,58.0,55.5476961283063,True,True
16980,Male,65-69,237759.15423790994,236835,924.154237909941,3384.340703889016,3110.0919543648038,True,True
16980,Male,50-54,299070.8213266971,299057,13.821326697128825,184.0,1117.970595564502,True,True
44100,Female,65-69,6858.433049730485,6673,185.43304973048544,432.528611770366,451.2402450741237,True,True
37900,Male,50-54,10774.793106132358,10896,-121.20689386764207,93.0,219.57647931200455,False,True
14010,Male,45-49,4736.0,4734,2.0,27.0,44.34030292803603,True,True
44100,Female,50-54,6432.465536767208,6598,-165.5344632327924,22.0,96.03258817759406,False,False
41180,Male,25-29,89697.23916744943,90011,-313.76083255057165,240.0,750.1092795587505,False,True
19340,Male,60-64,13144.157754765158,12813,331.15775476515773,653.8845463841457,790.2602481826492,True,True
14010,Male,40-44,5270.0,5262,8.0,409.0,521.1591322990993,True,True
37900,Male,65-69,10389.476630980535,10456,-66.52336901946546,580.4446571379566,573.8459199365863,True,True
16580,Female,50-54,5668.119991679934,5925,-256.8800083200658,66.0,132.6785422091409,False,False
28100,Female,55-59,3193.2195125578405,3065,128.21951255784052,300.0,383.01065400436545,True,True
16580,Female,65-69,6420.450394365042,6376,44.450394365041575,517.880295048962,502.37803821096213,True,True
33740,Female,25-29,7020.144032576318,6733,287.14403257631784,251.0,246.6269548814574,False,True
12940,Female,55-59,24811.610300164473,25372,-560.3896998355267,979.0,1132.401338198442,True,True
10780,Male,65-69,3852.939839535589,3900,-47.06016046441118,376.4359175211632,274.3121892837263,True,True
10780,Male,50-54,4140.847327810538,4242,-101.15267218946155,79.0,87.86722064912864,False,True
26380,Female,25-29,5888.1464415286555,6125,-236.8535584713445,171.0,175.15455953158252,False,True
29340,Male,60-64,7307.2826736226225,7670,-362.7173263773775,754.0245354098233,624.0692510105147,True,True
26980,Female,18-24,17675.656673690813,17691,-15.343326309186523,946.3841714652671,609.9838643171275,True,True
16300,Male,45-49,8401.616395262447,8318,83.61639526244653,115.0,276.61564878981716,True,True
16300,Male,35-39,9645.354933662837,9078,567.3549336628366,577.0,738.8334528756055,True,True
20220,Male,60-64,3493.2617499274447,3378,115.26174992744473,299.2407057871639,290.9511197706676,True,True
11180,Male,60-64,3473.0,3232,241.0,384.43334922974617,369.68991594476853,True,True
26980,Female,30-34,5471.364245612622,5631,-159.63575438737826,32.0,336.1521063038709,False,True
26980,Male,60-64,4880.59313748221,4734,146.5931374822103,484.0103304682659,578.6008213005581,True,True
16300,Male,40-44,9334.107843030837,9519,-184.8921569691629,568.0,629.4837772243492,True,True
17980,Male,18-24,17366.92305704664,16734,632.9230570466389,847.5039822915288,619.7605301901045,True,True
19300,Female,35-39,7412.0,7379,33.0,848.0,775.213471385463,True,True
46220,Male,45-49,7307.2651318568205,7171,136.26513185682052,170.0,256.77453537357496,True,True
22520,Male,45-49,4350.9099368318,4301,49.90993683180022,224.0,248.81804382836054,True,True
26620,Female,35-39,16835.330585565447,16527,308.3305855654471,955.0,1205.6944299916915,True,True
22520,Female,18-24,8384.745094879963,8473,-88.25490512003671,760.3939768304323,320.45743337116176,True,True
26620,Female,40-44,17896.970628113555,17685,211.970628113555,987.0,1159.416427896951,True,True
17980,Male,30-34,11981.959511833446,12108,-126.0404881665545,259.0,429.1382253426278,True,True
26620,Female,45-49,15568.800904798876,15645,-76.19909520112378,112.0,374.8562812163293,True,True
46220,Male,40-44,8223.079284522679,7849,374.0792845226788,611.0,755.966828361338,True,True
13820,Female,25-29,38836.8812608206,39151,-314.118739179401,320.0,481.2179803351339,True,True
46220,Male,35-39,7978.729036811189,8451,-472.27096318881104,623.0,779.0774535192949,True,True
19460,Male,55-59,5295.0,5279,16.0,390.0,465.2809147601049,True,True
33660,Female,25-29,14232.0,14369,-137.0,0.0,294.34860717565834,False,True
12220,Male,50-54,5655.027082787733,5582,73.02708278773298,144.0,260.73600327935884,True,True
22520,Male,35-39,4967.821747931581,4808,159.82174793158083,562.0,566.7016818684988,True,True
22520,Male,40-44,4156.809834872465,4168,-11.190165127534783,559.0,460.28157541437,True,True
12220,Male,65-69,4208.188573466043,4076,132.18857346604273,391.7958652155482,380.2965494183698,True,True
23460,Male,25-29,3152.149461250996,3134,18.149461250995955,57.0,91.95957481038936,True,True
12220,Female,25-29,7101.320417487452,6807,294.3204174874518,33.0,215.98910685930872,False,False
12420,Female,45-49,78957.36083177396,79196,-238.6391682260437,237.0,622.5313379369564,False,True
13140,Male,50-54,12407.0,12086,321.0,220.0,417.06038323455033,False,True
26420,Female,35-39,274754.4836292693,273174,1580.4836292692926,4223.0,4696.043413136273,True,True
19100,Female,65-69,179051.0490618125,178502,549.0490618124895,3160.6583175028586,2447.0158611620254,True,True
19100,Female,50-54,254157.19329287438,254880,-722.8067071256228,291.0,761.1372341893947,False,True
11100,Female,55-59,7481.909294489649,7776,-294.09070551035074,500.0,492.2895122060783,True,True
26420,Female,40-44,267617.4406820185,268275,-657.559317981475,4237.0,4849.85135402955,True,True
26420,Female,45-49,242759.60670289188,243156,-396.3932971081231,429.0,932.6930106869515,True,True
41700,Female,50-54,79484.56448774904,80296,-811.4355122509587,236.0,622.078006811678,False,False
28660,Female,40-44,17142.75739915894,17186,-43.24260084105845,945.0,826.1684986207109,True,True
46340,Female,25-29,7945.0,8177,-232.0,79.0,295.48316792797186,False,True
12420,Female,40-44,93895.1414392268,92865,1030.1414392268052,2155.0,2429.1628589177067,True,True
12420,Female,35-39,97432.89261731927,98757,-1324.107382680726,2188.0,2452.9859554927652,True,True
41700,Female,65-69,65504.98164570221,65690,-185.0183542977902,2107.6785808087534,1630.5202898467267,True,True
15180,Female,45-49,13085.0,13070,15.0,109.0,154.06063928288108,True,True
28660,Female,35-39,17133.213724342742,17737,-603.7862756572576,959.0,866.4580401625391,True,True
15180,Male,65-69,8260.0,8277,-17.0,687.5012727260946,663.5936932321615,True,True
30980,Female,30-34,9261.063510438613,9432,-170.93648956138713,163.0,206.69760356561798,False,True
15180,Female,35-39,11805.0,12128,-323.0,695.0,808.5812558789314,True,True
30980,Male,25-29,9428.617705726632,9298,130.61770572663227,239.0,326.6140752240851,True,True
46340,Male,45-49,6433.0,6468,-35.0,72.0,129.9784235219446,True,True
13140,Male,65-69,10488.0,10348,140.0,741.8955452083534,657.7577291488105,True,True
30980,Female,18-24,12646.41547117861,12477,169.41547117861046,880.3209641943102,413.6734208805727,True,True
43300,Male,60-64,4785.679047150646,4763,22.6790471506456,541.6022525802491,416.87975144472153,True,True
41660,Male,25-29,4449.913378957471,4453,-3.0866210425292593,148.0,245.08460173686112,True,True
47380,Male,25-29,10257.95817009266,9984,273.9581700926592,188.0,206.7276943309595,False,True
21340,Male,50-54,23247.163818355104,23429,-181.836181644896,109.0,432.01908147951383,False,True
21340,Male,65-69,18063.549695874513,18086,-22.450304125486582,949.2955282734666,842.2997295671408,True,True
31180,Male,65-69,7078.600924345858,7439,-360.3990756541416,528.4013626023309,391.39514408424225,True,True
46340,Male,40-44,8338.0,8316,22.0,556.0,641.4237654653513,True,True
15180,Male,50-54,11284.0,11229,55.0,98.0,144.3219166654878,True,True
46340,Male,35-39,6443.0,6473,-30.0,565.0,649.7755205694117,True,True
41620,Female,55-59,31010.71212817506,31158,-147.28787182494125,831.0,1043.724626512259,True,True
41100,Female,55-59,5339.0,5272,67.0,542.0,613.0068828110742,True,True
46140,Female,18-24,44733.94089319532,44664,69.94089319532213,806.5742371288585,593.346489636154,True,True
36420,Male,30-34,52238.87389977666,52078,160.87389977666317,172.0,967.7298798898478,True,True
36420,Male,18-24,78460.87512307739,76047,2413.8751230773923,1660.0207830024297,987.6921078375731,False,False
46140,Female,30-34,35977.06919354109,36167,-189.93080645891314,139.0,260.04939208162745,False,True
22900,Male,45-49,6562.571920092129,6567,-4.428079907870597,164.0,187.749922349377,True,True
22900,Male,35-39,7423.2920746627615,6992,431.2920746627615,484.0,634.4785277399558,True,True
22900,Female,60-64,8029.126133708616,7559,470.1261337086162,554.6764822849442,536.3574412525662,True,True
22900,Male,40-44,6491.281604852953,6884,-392.718395147047,496.0,615.1903643791802,True,True
11020,Male,45-49,3593.504483153876,3514,79.50448315387621,92.0,130.1064683821443,True,True
30140,Female,55-59,4235.0,4050,185.0,338.0,515.1871078550006,True,True
38300,Female,30-34,81186.74280726336,81123,63.74280726336292,218.0,780.9478806942872,True,True
37980,Male,60-64,195432.43196013535,198916,-3483.568039864651,2953.927893500449,3119.8273182128014,False,True
38300,Female,18-24,99500.03698716729,98583,917.0369871672883,1754.1556373366645,1093.6410013630957,True,True
39740,Male,55-59,15042.0,15164,-122.0,687.0,778.9057629336492,True,True
44300,Male,35-39,5453.0,5430,23.0,369.0,457.3781914086525,True,True
29540,Female,65-69,16695.0,16658,37.0,764.9222182679753,871.5632417565865,True,True
25420,Male,40-44,20420.0,19969,451.0,839.0,1089.3590064006678,True,True
44300,Male,45-49,4096.0,4088,8.0,148.0,232.0094493792225,True,True
23900,Female,45-49,3069.5211294215505,2887,182.52112942155054,51.0,203.47983488716005,False,True
27780,Male,60-64,5098.0,5095,3.0,382.50751626602056,400.5019309504013,True,True
25420,Male,35-39,19779.0,19714,65.0,828.0,1077.4400902741645,True,True
23900,Female,35-39,3338.189555413598,3335,3.1895554135981,293.0,381.2775821119698,True,True
29540,Female,50-54,15804.0,15925,-121.0,55.0,282.487741747319,False,True
23900,Female,40-44,2786.3439356323356,2376,410.3439356323356,301.0,328.7230224806715,False,True
25420,Male,45-49,17336.0,17733,-397.0,47.0,385.4070356065131,False,False
48700,Male,30-34,3608.7833920477,3755,-146.2166079522999,144.0,151.28375528686212,False,True
30140,Male,25-29,4015.0,4025,-10.0,116.0,137.86876407022007,True,True
11020,Male,40-44,3638.7627469398585,3731,-92.23725306014148,304.0,340.0502026133182,True,True
48700,Male,18-24,5639.479571306783,5404,235.47957130678333,343.60151338432723,253.69341182224346,True,True
44300,Male,40-44,4694.0,4558,136.0,430.0,477.25600595094664,True,True
48700,Female,60-64,4076.178874014091,4080,-3.8211259859090205,359.4495792180038,304.7220898291661,True,True
12060,Female,30-34,233930.9566341678,233963,-32.04336583221448,403.0,831.5217815993142,True,True
12060,Female,18-24,283579.88503873063,283034,545.8850387306302,3535.7614455729336,1731.687542098964,True,True
10500,Male,60-64,4424.246769817759,4550,-125.75323018224117,430.60190431534323,382.7389513926243,True,True
15260,Female,25-29,3602.987313735678,3455,147.98731373567807,203.0,126.85883627287112,True,True
31420,Female,60-64,8007.222813108971,8283,-275.7771868910286,616.7114398160618,524.9905646601217,True,True
40660,Male,40-44,3199.048651507644,2922,277.0486515076441,417.0,380.3236849449294,True,True
40660,Male,35-39,3236.9201477221977,3146,90.92014772219773,412.0,368.62283056082447,True,True
31420,Male,25-29,7170.273832086023,7339,-168.7261679139774,300.0,239.99877963695562,True,True
14460,Female,18-24,246829.23024484699,247282,-452.76975515301456,2793.4999552532663,1486.1966115700056,True,True
38340,Male,45-49,3549.0,3569,-20.0,150.0,262.66508847056554,True,True
14460,Male,18-24,239681.85996987327,238794,887.8599698732723,2965.0608762721886,1528.4559957115835,True,True
44140,Male,55-59,13898.0,14481,-583.0,718.0,824.789696193066,True,True
14460,Female,30-34,182606.65015382506,183108,-501.34984617494047,211.0,874.8068508443879,False,True
14460,Male,30-34,185391.41646590864,185587,-195.5835340913618,315.0,1057.5992792332381,True,True
39300,Male,30-34,59896.0,59825,71.0,339.0,658.8788711838467,True,True
11200,Female,50-54,4321.65566363222,4555,-233.34433636777976,95.0,186.85408913183167,False,False
11200,Female,65-69,5593.9942266030985,5773,-179.00577339690153,459.16881427204964,390.92751657062263,True,True
39300,Male,18-24,80182.0,80294,-112.0,1697.0601050051232,886.5101732368896,True,True
41500,Male,25-29,15060.114106527317,15178,-117.88589347268316,118.0,391.973087331314,True,True
46700,Female,25-29,14234.0,14263,-29.0,78.0,239.41052177170494,True,True
42100,Male,55-59,8481.0,8665,-184.0,546.0,655.684495239517,True,True
25260,Male,35-39,7491.0,7614,-123.0,618.0,729.3468836345982,True,True
34900,Male,50-54,4383.0,4346,37.0,110.0,121.64216087566021,True,True
42020,Female,35-39,7999.0,8118,-119.0,554.0,674.416998887743,True,True
17020,Male,50-54,5428.0,5380,48.0,77.0,120.65208736797719,True,True
25260,Male,45-49,5380.0,5153,227.0,245.0,448.48414291087266,True,True
20940,Male,45-49,4708.0,4892,-184.0,143.0,215.90648499987213,False,True
35980,Female,25-29,8443.0,8523,-80.0,0.0,132.18729111094606,False,True
42700,Female,60-64,3775.697931282698,4211,-435.30206871730206,514.0787877358878,296.7730600082078,True,True
42700,Male,45-49,2746.7209924871177,2429,317.72099248711766,147.0,255.1715474061711,False,False
45220,Female,40-44,12450.899431286234,12513,-62.100568713765824,804.0,789.520250013046,True,True
39460,Male,40-44,3401.0,3564,-163.0,426.0,570.0618089174629,True,True
42680,Female,18-24,4650.0,4591,59.0,596.9882745917209,141.27859144258198,True,True
42700,Male,35-39,3026.6261514962493,2279,747.6261514962493,353.0,378.6708506725124,False,False
42700,Male,40-44,2744.425560673817,2775,-30.574439326182983,362.0,343.5126834714482,True,True
48680,Male,50-54,2808.0,3007,-199.0,259.0,282.84386593578444,True,True
42680,Female,30-34,3576.0,3637,-61.0,180.0,190.41896435885792,True,True
22380,Female,45-49,3575.0,3593,-18.0,103.0,94.67400175074465,True,True
14010,Male,35-39,5444.0,5425,19.0,408.0,522.5734185894361,True,True
25220,Female,25-29,4421.349321122308,4735,-313.65067887769237,54.0,121.89483783138752,False,False
22520,Female,30-34,4921.810127668095,4902,19.810127668095447,141.0,171.41582338464877,True,True
19300,Male,55-59,7957.0,7936,21.0,649.0,741.5932945287465,True,True
19300,Female,45-49,8313.0,7852,461.0,299.0,443.9891264209068,False,True
23460,Female,60-64,3420.205548938826,3262,158.2055489388258,368.0896629898753,389.99791067701256,True,True
20020,Female,25-29,4547.0,4582,-35.0,62.0,65.73107953053868,True,True
19300,Female,40-44,7695.0,7845,-150.0,728.0,917.718726711104,True,True
15180,Female,40-44,13091.0,12797,294.0,699.0,831.675949772506,True,True
31180,Male,50-54,8633.041041824477,8598,35.04104182447736,152.0,201.0483075954042,True,True
28660,Female,45-49,14143.60806430244,14428,-284.39193569756026,145.0,249.96042814186313,False,True
47020,Male,55-59,3344.113393722148,2984,360.113393722148,343.0,235.96846105967578,False,True
15540,Male,55-59,7081.557506284146,6973,108.55750628414626,489.0,579.47684864007,True,True
15540,Female,65-69,7375.182070125375,7230,145.1820701253746,496.78365512564926,586.2535377764599,True,True
15540,Female,50-54,7037.575539956432,6875,162.5755399564323,131.0,326.0224514856685,False,True
11020,Male,35-39,3712.47243653112,3531,181.4724365311199,309.0,355.17370428001635,True,True
16860,Female,30-34,20604.225924168706,20687,-82.77407583129389,193.0,236.1457341209426,True,True
16860,Female,18-24,23921.99190402468,23411,510.99190402467866,878.0165146510628,847.8870961604478,True,True
23580,Male,25-29,7161.0,7151,10.0,19.0,201.26895997644544,True,True
40660,Male,45-49,3043.4540943804245,3029,14.454094380424522,67.0,143.4182268733774,True,True
26900,Female,25-29,75138.23102599666,75038,100.23102599666163,279.0,715.015256672359,True,True
45460,Female,65-69,5467.751446966997,5495,-27.24855303300319,473.8966131974357,333.39880896549334,True,True
45460,Male,60-64,5560.865620670294,5643,-82.13437932970555,467.39811724053834,416.5026988561816,True,True
31140,Male,35-39,45677.14242815379,45462,215.14242815379112,1385.0,1407.5567116967436,True,True
31140,Male,45-49,41489.41825774997,41677,-187.58174225003313,390.0,594.5478049959736,True,True
31140,Male,40-44,45078.54417839247,45067,11.544178392468893,1497.0,1368.628489595811,True,True
21780,Male,40-44,8938.236157547668,8491,447.236157547668,588.0,784.7756490734185,True,True
21780,Male,35-39,8178.493304446524,8873,-694.5066955534758,578.0,767.0699081262275,False,True
18020,Female,60-64,2769.852821424871,2615,154.85282142487085,343.4472302989209,254.67878443113003,True,True
29940,Female,55-59,2525.0,2722,-197.0,291.0,419.12149859706557,True,True
45820,Male,55-59,6904.076280083267,6972,-67.92371991673281,466.0,587.6591617711298,True,True
19740,Female,35-39,116516.24342424658,117429,-912.7565757534176,1908.0,2498.4675299243963,True,True
19740,Female,40-44,108514.8115892415,108236,278.8115892414935,1855.0,2414.5663368990877,True,True
19740,Female,45-49,93541.17743003258,93604,-62.82256996742217,254.0,643.4253985265722,True,True
14500,Female,35-39,9789.580974135053,9660,129.5809741350531,535.0,588.3227951296442,True,True
14500,Female,40-44,10558.584779958615,10516,42.5847799586154,538.0,534.7053997977691,True,True
24300,Female,65-69,5735.433351027245,5713,22.433351027245408,550.2181385596081,427.41484495694556,True,True
24300,Female,50-54,4267.636173184455,4389,-121.3638268155446,165.0,257.4082202024849,True,True
14500,Female,45-49,9934.918154147921,10024,-89.08184585207891,56.0,382.18997717318666,False,True
22660,Male,25-29,14933.0,14624,309.0,35.0,379.9073989934916,False,True
28940,Female,30-34,30251.76063967174,29942,309.7606396717383,231.0,322.81745837898575,False,True
34980,Female,55-59,64113.60911790938,66027,-1913.3908820906217,1740.0,2095.484098966993,False,True
28940,Female,18-24,44428.36888791678,43774,654.3688879167821,1364.0524183476234,1003.8329430374473,True,True
17300,Female,35-39,11823.558723584576,11974,-150.441276415424,800.0,885.6612061648412,True,True
17300,Female,45-49,9027.560833349493,9086,-58.439166650507104,130.0,331.68909328745195,True,True
17420,Female,65-69,4278.0,3954,324.0,377.89548819746443,445.46997884116723,True,True
17420,Female,50-54,4403.0,4371,32.0,35.0,158.32473395682686,True,True
34100,Female,55-59,4030.1928826410776,4017,13.192882641077631,438.0,447.51280395065993,True,True
28700,Female,25-29,8810.426817254633,8743,67.42681725463262,186.0,196.5077654497146,True,True
17300,Female,40-44,10114.628512441059,10366,-251.37148755894123,801.0,852.6541177065201,True,True
27180,Female,50-54,5555.995838623738,5651,-95.00416137626235,126.0,203.7064718511505,True,True
27180,Female,65-69,5427.04323645783,5646,-218.95676354216994,517.9285665031424,427.71610070030533,True,True
45060,Female,25-29,20174.77986423098,19968,206.779864230979,98.0,420.84432097886906,False,True
35620,Female,25-29,708066.4138530181,707671,395.41385301807895,399.0,1822.9636523784256,True,True
45060,Male,60-64,23549.93477128752,23879,-329.06522871247944,1005.0398002069371,800.3174664663932,True,True
15380,Female,50-54,36363.0,36423,-60.0,102.0,472.94336474624527,True,True
40380,Female,30-34,35482.47395649602,35688,-205.52604350398178,205.0,424.36894517391846,False,True
28880,Male,55-59,22412.74352636459,23147,-734.2564736354107,903.0,1112.7376331730873,True,True
21300,Female,50-54,2588.0075767410094,2509,79.00757674100942,92.0,108.59247458550321,True,True
28880,Female,50-54,23034.32191321358,23393,-358.6780867864218,29.0,276.71593103673337,False,False
48060,Female,65-69,2867.230022600118,2667,200.230022600118,270.675081970986,240.8615158222593,True,True
48060,Male,45-49,2807.1529149920802,2656,151.15291499208024,103.0,160.48208573945513,False,True
21300,Female,65-69,2856.728416838203,2943,-86.27158316179703,362.8567210346255,196.73061743671076,True,True
28740,Female,60-64,6731.822407833039,7178,-446.1775921669614,531.7461800520997,462.0274009409435,True,True
15380,Male,65-69,36444.0,36153,291.0,1229.658895791837,979.5225674531445,True,True
15380,Male,50-54,35118.0,35163,-45.0,6.0,485.63620794273567,False,True
30700,Male,65-69,8196.628860596029,8233,-36.37113940397103,548.1833634834243,527.8413393014521,True,True
30700,Male,50-54,8836.463448534656,9213,-376.536551465344,39.0,342.7057843919941,False,False
12580,Female,60-64,98668.96838868159,98715,-46.03161131840898,1765.177044944784,2066.924207931449,True,True
47900,Female,25-29,221582.00153318976,221224,358.00153318975936,414.0,661.9567267457031,True,True
25180,Female,35-39,9067.276559311482,9431,-363.72344068851817,555.0,626.9940755371621,True,True
41540,Male,65-69,4393.1105100018085,3647,746.1105100018085,450.15552867870014,323.3656100784721,False,False
25180,Female,45-49,9064.425071990507,9105,-40.574928009493306,120.0,235.19802340325626,True,True
25180,Male,40-44,10221.256998542649,10290,-68.74300145735106,655.0,624.8004146510712,True,True
25180,Female,40-44,9877.124750421945,9806,71.12475042194455,562.0,585.1504190319852,True,True
25180,Male,35-39,10612.267948961486,10573,39.26794896148567,652.0,715.1971578456112,True,True
25180,Male,45-49,9574.731123937185,9471,103.73112393718475,163.0,435.842271652801,True,True
17410,Male,50-54,67567.0,67446,121.0,187.0,759.5113928580993,True,True
17410,Male,65-69,67609.0,67447,162.0,1449.8913752416076,1439.9591384701685,True,True
41780,Female,50-54,3642.0700190082657,3716,-73.92998099173428,116.0,94.41221477612736,True,True
10420,Male,55-59,22756.0,22649,107.0,846.0,1037.0906381254727,True,True
48540,Male,30-34,4154.636362500189,4401,-246.36363749981138,104.0,166.0821233530911,False,False
48540,Male,18-24,5899.181123962475,6230,-330.8188760375251,429.96278908761394,265.28942378130716,True,True
40060,Female,50-54,42868.274631304725,43363,-494.7253686952754,336.0,466.8534099403639,False,True
31340,Female,35-39,6844.0,6783,61.0,474.0,581.9339500665002,True,True
40060,Male,60-64,40699.220302197806,40832,-132.77969780219428,1299.6691886784113,1452.4675961149278,True,True
40060,Female,65-69,39622.509663317986,39173,449.50966331798554,1196.4113005150027,1208.665190370718,True,True
40220,Female,60-64,10916.51218242757,11521,-604.4878175724298,743.4843643278587,722.9246748562592,True,True
47260,Female,55-59,56575.47782405026,57359,-783.5221759497435,1386.0,1596.5716253007854,True,True
31340,Female,45-49,7171.0,7177,-6.0,249.0,304.2651961509072,True,True
25500,Female,55-59,3680.0,3862,-182.0,357.0,427.46773885873546,True,True
31340,Female,40-44,7536.0,7570,-34.0,500.0,518.8922979747339,True,True
20740,Female,40-44,5053.010615137187,4942,111.01061513718741,399.0,588.3354721269889,True,True
33340,Male,50-54,46456.0,46645,-189.0,153.0,905.1710967774269,False,True
20740,Female,35-39,5190.991250957352,5580,-389.00874904264765,407.0,579.0294275304882,True,True
20260,Male,18-24,15296.915165644308,15733,-436.0848343556918,728.5760083889669,538.705009743076,True,True
24580,Male,30-34,10799.476420480878,10969,-169.523579519122,76.0,439.41122934577817,False,True
33340,Male,65-69,42371.0,42195,176.0,1493.142993822092,1663.3677205916465,True,True
20260,Male,30-34,8866.145704865867,8784,82.14570486586672,182.0,316.87961333801,True,True
27500,Female,60-64,6154.0,5890,264.0,393.88957843537827,557.0400909203036,True,True
24580,Male,18-24,14610.960649930885,14467,143.96064993088476,615.6021442457783,519.56737822099,True,True
11540,Male,40-44,7836.1819404540975,7825,11.181940454097457,478.0,646.4803167003296,True,True
29100,Male,50-54,4789.708917945269,4742,47.708917945268695,49.0,144.5833895423292,True,True
29100,Male,65-69,4603.388022048273,5013,-409.61197795172666,404.1447760394782,479.00043823326115,False,True
20740,Female,45-49,4616.10827397263,4404,212.10827397262983,143.0,263.0728742004849,False,True
11540,Male,45-49,7242.529684575959,7402,-159.47031542404056,101.0,230.80965377384325,False,True
11540,Male,35-39,9318.192106949493,9321,-2.8078930505071185,467.0,726.3778631650183,True,True
36780,Female,65-69,4367.0,4700,-333.0,435.82221145783745,537.1149198995965,True,True
45460,Female,50-54,4949.935533253704,4892,57.93553325370431,153.0,240.09458258781828,True,True
18020,Male,25-29,2981.70958287319,3076,-94.2904171268101,181.0,162.17790261152194,True,True
21780,Male,45-49,7630.4364703873325,7606,24.43647038733252,139.0,227.09144917516176,True,True
34620,Male,25-29,3434.0,3575,-141.0,133.0,141.38533367626925,False,True
41140,Male,18-24,5703.651957382146,5855,-151.34804261785393,399.78119015281345,236.59901679144775,True,True
41140,Male,30-34,3982.4115245387766,4011,-28.588475461223425,156.0,265.6798628634756,True,True
31700,Male,55-59,15277.31432894619,15418,-140.68567105381044,735.0,883.6403468673906,True,True
29740,Male,25-29,8083.0,8538,-455.0,284.0,320.4314750301537,False,False
29740,Female,25-29,7519.0,7451,68.0,177.0,215.20347456535174,True,True
10740,Male,30-34,33101.278052849135,33192,-90.72194715086516,208.0,572.1995328645255,True,True
42140,Female,40-44,4908.494548996841,4602,306.49454899684133,453.0,465.26712948004473,True,True
42140,Male,25-29,4085.3126935078776,4068,17.31269350787761,65.0,188.28018733308474,True,True
10740,Male,18-24,40999.40091075619,40801,198.40091075618693,1208.884609878048,625.1814987403756,True,True
22140,Male,60-64,3992.138409027129,4147,-154.861590972871,501.2115321897532,480.97686051105956,True,True
42140,Female,35-39,4343.272960828529,4553,-209.727039171471,436.0,470.0119913755041,True,True
42140,Female,45-49,4227.787672830622,4271,-43.21232716937811,72.0,140.35885172168508,True,True
28880,Female,65-69,19628.506566981185,19643,-14.493433018815267,876.660139392684,897.986330947764,True,True
48060,Male,35-39,3822.6033237512925,3965,-142.39667624870754,312.0,325.8906153471923,True,True
15380,Female,65-69,38959.0,38814,145.0,1302.5636260851138,1177.2599695118322,True,True
40380,Female,18-24,50221.38919697512,50317,-95.61080302487971,1252.0910510022823,971.3445110810266,True,True
48060,Female,50-54,2942.7305004105106,2831,111.73050041051056,77.0,101.23321224268709,False,True
24020,Male,60-64,4859.0,5009,-150.0,432.3482392701513,369.2026507556521,True,True
48060,Male,40-44,3433.2984733017875,3430,3.2984733017874532,318.0,305.4885994768261,True,True
41540,Female,55-59,4724.170720617502,4388,336.1707206175024,398.0,419.2719407010143,True,True
41540,Male,50-54,3692.8504665377454,3744,-51.14953346225457,204.0,178.09402084751775,True,True
27620,Male,55-59,4983.216542071889,4957,26.216542071889307,321.0,363.3394043585162,True,True
29820,Male,60-64,69453.0,68891,562.0,2147.3530217456096,1782.9673816968723,True,True
16180,Male,55-59,2055.5918065652777,2073,-17.408193434722307,250.0,188.52706262570504,True,True
41780,Female,65-69,4239.848631697066,4633,-393.1513683029343,415.8966217703626,259.5413247003839,True,True
44220,Female,60-64,4853.0,4760,93.0,408.324625757497,385.3064435987932,True,True
40220,Male,55-59,11362.882997088014,11677,-314.11700291198576,667.0,719.3660337440351,True,True
33340,Female,60-64,55007.0,53013,1994.0,1587.011342114479,1947.1931428035716,False,True
36780,Female,50-54,4941.0,4886,55.0,60.0,236.6791448802577,True,True
48140,Female,55-59,4475.0,4435,40.0,325.0,472.03173960947805,True,True
28450,Male,55-59,6043.0,6007,36.0,355.0,624.0212695503656,True,True
45940,Male,25-29,12084.0,12143,-59.0,50.0,379.57461595185737,False,True
47220,Female,50-54,5055.522317606415,4864,191.52231760641462,49.0,148.3483265320241,False,False
47220,Female,65-69,4598.233337127185,4658,-59.76666287281478,477.60443884034413,386.5803971932702,True,True
45900,Female,18-24,5140.884892269547,5149,-8.115107730453019,364.88628365560686,184.49115205759,True,True
34740,Male,25-29,5959.0,5903,56.0,50.0,151.71190309679065,False,True
12980,Female,60-64,4825.926675469474,4693,132.9266754694736,387.6596445337069,325.17959626474266,True,True
13020,Male,65-69,3250.3943981715397,3519,-268.6056018284603,353.96044976804967,306.28682299745043,True,True
13020,Male,50-54,3368.9623877500244,3305,63.96238775002439,108.0,168.7933477860138,True,True
33780,Male,50-54,5286.0,5274,12.0,35.0,153.46492330089634,True,True
28020,Female,65-69,6949.0,7320,-371.0,577.3326597378673,619.8821875042063,True,True
33780,Female,40-44,4775.0,4696,79.0,381.0,484.7579436081992,True,True
45900,Female,30-34,4318.808059612641,4464,-145.19194038735895,109.0,141.5901428979573,False,True
33220,Female,40-44,2537.2755026341088,2500,37.27550263410876,264.0,231.6055407869127,True,True
28020,Male,45-49,6981.0,6931,50.0,39.0,313.579028400338,False,True
33780,Female,45-49,4931.0,4797,134.0,154.0,337.30443210844413,True,True
28020,Male,35-39,8218.0,8250,-32.0,533.0,684.97768395766,True,True
11460,Male,50-54,10531.0,10500,31.0,26.0,305.5294684825836,False,True
35660,Male,55-59,4475.0,4714,-239.0,354.0,467.56401338880863,True,True
11460,Male,65-69,8839.0,8921,-82.0,539.949071672505,654.8361527330711,True,True
33220,Female,35-39,2535.8783288981426,2684,-148.12167110185737,234.0,221.95963991447726,True,True
28020,Male,40-44,7919.0,7870,49.0,535.0,665.3861311336449,True,True
25620,Male,40-44,4520.1759121628875,4881,-360.82408783711253,518.0,542.4129279784654,True,True
25620,Male,35-39,4961.2148988038625,4754,207.21489880386252,505.0,554.8372069718081,True,True
25620,Male,45-49,4539.722403846881,4276,263.7224038468812,131.0,278.41781445682415,False,True
40580,Female,65-69,5205.0,5268,-63.0,532.271547238813,425.66246444365987,True,True
39580,Female,18-24,64978.01435887694,64306,672.0143588769424,1797.030606305858,1076.1758313880398,True,True
48900,Male,50-54,13323.0,13342,-19.0,75.0,287.2593466777887,True,True
20500,Male,45-49,17498.67022168039,17341,157.67022168038966,219.0,263.5503781055328,True,True
22180,Female,25-29,15596.845409920705,15849,-252.1545900792953,107.0,202.09314166646703,False,False
48900,Female,60-64,20448.0,19965,483.0,1013.3336074561033,892.8591156629919,True,True
11700,Female,65-69,15236.752161879542,15393,-156.24783812045825,993.222029558346,746.1994625343494,True,True
49180,Male,60-64,22695.90930377033,22300,395.90930377033146,1161.8128076415753,971.8558050014653,True,True
20500,Male,35-39,20520.842023011854,19698,822.8420230118536,983.0,1202.3105564489626,True,True
39580,Female,30-34,56148.63098151879,56130,18.630981518792396,178.0,507.2435146509221,True,True
38240,Female,60-64,3678.6908081497377,3750,-71.30919185026232,463.26234468171486,348.71692765882096,True,True
24780,Male,55-59,4395.0,4172,223.0,431.0,411.39835224208184,True,True
11700,Female,50-54,12840.646940885108,13303,-462.35305911489195,122.0,366.7098696430606,False,False
40580,Male,35-39,4738.0,4567,171.0,370.0,364.6651865221714,True,True
20500,Male,40-44,18695.521691043377,19238,-542.4783089566226,986.0,1144.7114206943402,True,True
48900,Male,65-69,16182.0,16318,-136.0,966.6985052228022,898.2533006243283,True,True
26820,Female,40-44,5513.075661041712,5656,-142.924338958288,390.0,514.5821848657799,True,True
26820,Female,35-39,5444.2363455837985,5620,-175.76365441620146,423.0,520.7580578757515,True,True
46300,Female,60-64,3345.0236521310794,3620,-274.9763478689206,404.71224345206065,291.6729909056047,True,True
17660,Male,30-34,6236.697229217732,6065,171.69722921773155,103.0,209.40088760333202,False,True
38540,Male,45-49,2743.1984268715187,2553,190.19842687151868,107.0,138.428698233698,False,False
17660,Male,18-24,7001.827581540883,6914,87.82758154088333,602.9336613591913,329.65262765097344,True,True
38540,Male,35-39,2859.049020247086,2655,204.049020247086,327.0,319.13456175593575,True,True
30300,Female,65-69,2583.060204168223,2320,263.0602041682232,297.6995129320839,136.73804202708217,True,True
30300,Male,55-59,2029.7441472688706,2133,-103.25585273112938,272.0,162.5903999905413,True,True
26820,Female,45-49,4351.64704552351,4493,-141.35295447648969,121.0,77.36444921274688,False,True
38540,Male,40-44,3210.366315244122,3492,-281.6336847558782,317.0,309.5786226733256,True,True
30300,Female,50-54,1789.0125514874635,1948,-158.9874485125365,65.0,67.4396509239366,False,False
49020,Male,55-59,5268.370904388366,5345,-76.6290956116336,449.0,458.25692957338686,True,True
26300,Female,45-49,2995.8400316723223,3203,-207.1599683276777,123.0,99.35846720749521,False,False
27860,Female,40-44,4514.0,4433,81.0,483.0,554.6024246769031,True,True
22220,Female,55-59,15833.2054597288,15770,63.20545972880063,638.0,809.2299214111888,True,True
26300,Female,40-44,3050.2454046375738,2897,153.24540463757376,368.0,327.7047249650659,True,True
26300,Female,35-39,2773.288120135284,3014,-240.71187986471614,372.0,325.7325838006039,True,True
27860,Female,45-49,3968.0,4011,-43.0,136.0,160.15830161905438,True,True
30780,Male,30-34,25655.0,25405,250.0,344.0,380.70912064691856,True,True
30780,Male,18-24,35898.0,35608,290.0,1215.42708543129,525.3400927030508,True,True
27860,Male,55-59,3931.0,3851,80.0,377.0,403.1861106548687,True,True
27860,Female,35-39,4748.0,4678,70.0,487.0,581.9373213467667,True,True
14540,Male,55-59,5662.714475475874,5778,-115.28552452412623,436.0,529.0514986213873,True,True
33220,Male,18-24,3199.5471597462856,3275,-75.45284025371438,276.27341529723776,83.25143918940849,True,True
33220,Male,30-34,2575.494517123456,2800,-224.5054828765442,157.0,93.44576266802179,False,False
27100,Male,60-64,5719.0,5438,281.0,473.0031712367265,512.6802893568272,True,True
33780,Male,65-69,5111.0,5301,-190.0,527.0066413243765,434.09022273889104,True,True
33780,Female,35-39,4580.0,4679,-99.0,422.0,564.2971037250678,True,True
33220,Female,45-49,2396.8559891172035,2501,-104.14401088279647,101.0,111.43228274763216,False,True
28020,Female,50-54,7210.0,7115,95.0,26.0,375.0410603770606,False,True
40580,Female,50-54,4720.0,4738,-18.0,107.0,149.98891338612333,True,True
25860,Male,60-64,12987.159106053827,13013,-25.84089394617331,919.4704997986613,882.2204727984986,True,True
40580,Male,40-44,3080.0,3256,-176.0,358.0,357.64660731649616,True,True
27340,Male,40-44,5222.291156926944,5420,-197.7088430730564,715.0,792.438955420365,True,True
27340,Male,45-49,4438.110579360249,4213,225.11057936024918,112.0,244.17026270071506,False,True
40580,Male,45-49,3882.0,3965,-83.0,95.0,140.57821977906107,True,True
27340,Male,35-39,6695.666438907363,7028,-332.33356109263696,726.0,755.1376000442752,True,True
43900,Male,40-44,11630.337458479622,11273,357.337458479622,740.0,796.1773235522194,True,True
34820,Female,65-69,17754.78541210987,18026,-271.2145878901283,856.7969421047206,877.12699820038,True,True
43900,Male,45-49,10943.421213718773,10855,88.42121371877329,43.0,382.0777110770307,False,True
34820,Male,25-29,9488.921030620613,9483,5.921030620613237,66.0,344.43669477821476,True,True
17900,Female,60-64,27374.422978965194,28047,-672.5770210348055,1049.1772967425477,1267.8944350938216,True,True
34820,Female,50-54,12227.668768573418,12458,-230.33123142658224,65.0,257.3884105710893,False,True
43900,Male,35-39,11094.961918586094,11589,-494.0380814139062,724.0,742.966882984984,True,True
44940,Female,18-24,4741.634263430566,4898,-156.36573656943438,463.45118405286223,181.61334354341747,True,True
24220,Male,50-54,2735.6236614987174,2626,109.62366149871741,177.0,94.6666462219012,True,True
24220,Male,65-69,2756.3900844255368,2458,298.39008442553677,280.2730811191114,277.0356379555908,False,True
24220,Female,65-69,3092.6660583230178,2764,328.66605832301775,299.8032688280767,214.83860009973395,False,True
24220,Female,50-54,2491.018081035912,2432,59.01808103591202,149.0,123.6820958464557,True,True
40340,Male,55-59,6866.007699754629,7045,-178.99230024537064,333.0,659.7194373789638,True,True
43620,Male,55-59,7846.319820339219,8461,-614.6801796607806,528.0,596.1623990901401,False,True
22020,Male,25-29,10404.958900101597,10517,-112.04109989840254,158.0,443.1960607961774,True,True
33540,Female,25-29,4232.957560615143,4849,-616.0424393848571,149.0,166.27419036069662,False,False
13740,Male,65-69,5711.50850276928,5537,174.5085027692803,561.4712815451918,466.79982158040235,True,True
13740,Male,50-54,5396.147933667739,5686,-289.8520663322606,155.0,309.34595605494496,False,True
32780,Male,50-54,6297.0,6312,-15.0,87.0,231.8849088826179,True,True
13460,Male,18-24,8719.0,8661,58.0,540.6274132894114,374.82435909036116,True,True
49340,Male,55-59,29622.0,30397,-775.0,970.0,1325.3024453681319,True,True
44140,Female,55-59,15657.0,15698,-41.0,600.0,723.6037884617866,True,True
38340,Male,40-44,3505.0,3735,-230.0,367.0,414.8034752973389,True,True
11260,Male,60-64,12158.102841511089,12797,-638.8971584889114,766.5115785165935,770.4183242130182,True,True
44940,Female,30-34,3502.841346908762,3604,-101.1586530912382,109.0,103.09321152344485,True,True
31860,Male,25-29,3791.0,3318,473.0,213.0,388.22226535356003,False,False
41060,Female,25-29,5731.017318755299,5950,-218.98268124470087,274.0,473.93331576954176,True,True
24420,Male,55-59,2806.754414344421,2898,-91.2455856555789,316.0,302.96228941247404,True,True
13460,Male,30-34,9319.0,9293,26.0,176.0,288.2305704076166,True,True
32780,Male,65-69,7213.0,7131,82.0,656.2598570688291,573.8006650375198,True,True
10540,Female,55-59,3478.953954970419,3565,-86.04604502958091,341.0,440.2626053199036,True,True
21660,Male,55-59,11363.0,11447,-84.0,560.0,706.7557332178142,True,True
38340,Male,35-39,3848.0,3794,54.0,328.0,424.93187100404697,True,True
49420,Female,45-49,6859.0,6886,-27.0,101.0,126.5789821563991,True,True
49420,Female,40-44,7204.0,7340,-136.0,516.0,552.095918505109,True,True
44060,Female,55-59,17847.607827158412,17552,295.60782715841196,837.0,837.0389250808192,True,True
36500,Male,60-64,8860.0,8941,-81.0,691.5374176427476,680.2357448791191,True,True
31020,Male,65-69,3613.9306970450134,3122,491.9306970450134,357.865896670806,282.84802132409624,False,False
31020,Male,50-54,3307.424371107484,3450,-142.57562889251585,78.0,112.52643253719106,False,False
13380,Male,55-59,6172.0,6352,-180.0,502.0,670.071623346154,True,True
49420,Female,35-39,8168.0,7958,210.0,521.0,571.2454058163181,True,True
47460,Female,60-64,1889.4897235677402,2211,-321.51027643225984,301.01494979485653,204.98666802137822,False,True
20100,Female,45-49,5410.0,5396,14.0,40.0,60.3123047665234,True,True
20100,Female,40-44,6408.0,6715,-307.0,433.0,631.6075987153733,True,True
20100,Female,35-39,5590.0,5307,283.0,430.0,641.0056536802152,True,True
20100,Male,25-29,5810.0,5918,-108.0,75.0,169.79954230650918,False,True
37620,Male,25-29,2394.7813190169454,2449,-54.21868098305458,84.0,86.91527825436461,True,True
37620,Female,65-69,3186.8618199918756,3259,-72.13818000812444,323.86725675807367,217.3635797483694,True,True
37620,Female,50-54,2882.493786793102,2878,4.493786793102117,50.0,47.949900178486025,True,True
16220,Female,55-59,2200.23989593789,2349,-148.7601040621098,310.0,210.6787847393953,True,True
16220,Male,35-39,3074.507155812945,3477,-402.4928441870552,285.0,287.0950232597472,False,True
16940,Male,55-59,3097.0,3174,-77.0,352.0,366.02118697556296,True,True
16220,Male,40-44,2396.0019141065227,2518,-121.99808589347731,298.0,271.6390134952216,True,True
16220,Male,45-49,2309.454554517757,2217,92.45455451775706,74.0,111.40563064227591,False,True
13900,Male,25-29,4377.846598177722,4390,-12.153401822278283,245.0,243.8739325468291,True,True
13900,Female,55-59,3533.8375249294213,3893,-359.1624750705787,399.0,619.7467395868744,True,True
38860,Female,35-39,18955.0,18840,115.0,855.0,1161.5434576555886,True,True
30340,Female,25-29,3101.0,3169,-68.0,145.0,178.614733273882,True,True
38860,Female,40-44,17898.0,17363,535.0,827.0,1217.938214959507,True,True
38860,Female,45-49,16009.0,16321,-312.0,149.0,344.0994391106298,False,True
31080,Male,30-34,523058.0,523102,-44.0,0.0,1666.4372478235568,False,True
31080,Male,18-24,583264.0,580979,2285.0,4060.6655858368836,2020.5195899214266,True,True
42100,Male,65-69,8089.0,8521,-432.0,626.2786919575022,607.6910320415712,True,True
41860,Male,30-34,192512.0,193043,-531.0,203.0,1093.413817406292,False,True
41860,Male,18-24,177093.0,176982,111.0,2322.6078015885505,1554.7105954023243,True,True
12540,Female,60-64,23443.0,23299,144.0,1151.0938276265754,1100.0429998106893,True,True
42220,Female,60-64,18367.0,18130,237.0,977.1898484941398,957.2692318589114,True,True
41500,Male,60-64,12237.920871634065,11719,518.9208716340654,718.6556894647116,714.9889784376463,True,True
42100,Male,50-54,8176.0,8447,-271.0,111.0,216.02551872406187,False,False
42200,Female,60-64,12822.0,12494,328.0,802.153351922187,735.1934549992608,True,True
37100,Male,60-64,26963.0,26567,396.0,1139.7197023830026,1173.7143589498257,True,True
47930,Female,18-24,18327.0,17524,803.0,811.5670027791914,464.6292235118772,True,True
47930,Female,30-34,15245.0,15213,32.0,66.0,274.0310302821562,True,True
25540,Male,25-29,37162.553186608515,37513,-350.4468133914852,58.0,393.5871198550085,False,True
19660,Male,45-49,18624.0,18376,248.0,65.0,356.8761058669381,False,True
29460,Male,18-24,34499.0,34364,135.0,1208.2160402841869,611.5759575759988,True,True
29460,Male,30-34,27868.0,27820,48.0,39.0,369.0725314047362,False,True
19660,Male,40-44,18753.0,18564,189.0,1111.0,1160.9800042776362,True,True
34940,Female,65-69,17458.0,17438,20.0,1047.851611632105,874.7103237951123,True,True
19660,Male,35-39,19420.0,19805,-385.0,1076.0,1180.8405375070759,True,True
38940,Female,25-29,13076.0,12954,122.0,259.0,329.2943233491887,True,True
38060,Female,55-59,147345.45418458487,149201,-1855.5458154151274,1995.0,3121.0637106910212,True,True
38060,Male,25-29,186480.09995165272,186740,-259.90004834727733,38.0,1096.471520834186,False,True
46060,Male,40-44,30609.168350339707,30633,-23.831649660292896,1416.0,1561.9524823269676,True,True
46060,Male,35-39,33101.3507213924,32341,760.3507213924022,1416.0,1609.4589095113508,True,True
39150,Male,25-29,5741.0,5651,90.0,109.0,262.27460286405926,True,True
46060,Male,45-49,27758.184025038805,28106,-347.815974961195,63.0,377.36367772257023,False,True
29420,Female,25-29,4956.0,4872,84.0,82.0,151.63786312708973,False,True
46520,Female,60-64,30098.0,30578,-480.0,1079.2228685494022,1008.9560933800589,True,True
27980,Female,60-64,5853.524367777111,5995,-141.47563222288863,462.7591166038763,363.0230556495849,True,True
16980,Male,55-59,296810.32769798534,296615,195.3276979853399,3164.0,4169.450346758663,True,True
44100,Female,55-59,7280.299047274097,7349,-68.70095272590333,462.0,532.1618115172713,True,True
41180,Male,60-64,96930.12606837109,95443,1487.1260683710861,2201.4333966759023,2132.3698675999694,True,True
16580,Female,55-59,5547.1339928935,5796,-248.86600710649964,459.0,439.09788781407894,True,True
19340,Male,25-29,11600.944327453619,11276,324.9443274536188,152.0,288.6104455473602,False,True
37900,Male,55-59,10802.4191710559,11266,-463.58082894409927,558.0,720.6195753845376,True,True
28100,Female,50-54,3403.234610208774,3225,178.23461020877403,26.0,93.34882728173798,False,False
12940,Female,65-69,25101.994655993825,25664,-562.0053440061747,1167.099395938495,899.4694880762813,True,True
10780,Male,55-59,4585.493216801602,4648,-62.5067831983979,331.0,307.5678219597234,True,True
29340,Male,25-29,8092.299888946915,7866,226.29988894691542,204.0,364.27426268861575,False,True
12940,Male,18-24,49194.84672159031,50056,-861.1532784096926,1934.5319847446308,979.4244986502329,True,True
43340,Male,45-49,10276.418729322222,10481,-204.58127067777787,220.0,256.8790471451771,True,True
43340,Male,40-44,12538.593034253274,13142,-603.4069657467262,771.0,976.7831987409986,True,True
12940,Male,30-34,29767.009864007745,29152,615.0098640077449,328.0,657.9380215982493,False,True
29340,Female,45-49,7216.90396449382,6926,290.90396449382024,113.0,293.0210850349116,False,True
25220,Male,45-49,3690.9631854610498,3760,-69.03681453895024,114.0,151.30657348429665,True,True
43340,Male,35-39,11654.145738817064,11976,-321.85426118293617,730.0,969.9076028456283,True,True
29340,Female,35-39,7625.541265043836,7980,-354.45873495616434,753.0,660.2009776494783,True,True
12940,Female,50-54,24806.65684084455,24912,-105.34315915545085,305.0,380.386154659711,True,True
29340,Female,40-44,7897.747120568534,8407,-509.2528794314658,748.0,624.038948228575,True,True
26380,Female,60-64,7052.36407729912,7110,-57.635922700879746,610.6275460540575,500.06791793165553,True,True
25220,Female,60-64,4738.127108427606,4833,-94.87289157239411,751.9740687018402,402.8095509846308,True,True
16300,Female,35-39,9532.057554418549,8849,683.0575544185485,580.0,765.8065958746223,False,True
16300,Female,45-49,8169.478534748594,8144,25.47853474859403,184.0,388.9859882225695,True,True
16300,Female,40-44,8590.104066824977,9161,-570.895933175023,594.0,696.7556290318423,True,True
23460,Male,60-64,3551.918734548946,3245,306.91873454894585,409.53876495394184,396.2742553332105,True,True
19300,Male,65-69,7344.0,7598,-254.0,731.4765888256438,586.0219859794084,True,True
17980,Female,18-24,14669.664063016025,13844,825.6640630160255,811.700683749866,530.9446767407063,False,True
19460,Male,65-69,4185.0,4022,163.0,472.60342783352723,381.17067370470676,True,True
20020,Female,60-64,5505.0,5597,-92.0,393.88957843537827,405.45546078299407,True,True
12220,Female,60-64,5859.243841388172,5776,83.24384138817186,569.914028604315,497.9857046523372,True,True
33660,Female,60-64,14736.0,15033,-297.0,815.7015385543906,779.9851241377941,True,True
19300,Male,50-54,7927.0,7816,111.0,262.0,478.72467691513464,True,True
19460,Male,50-54,4972.0,5137,-165.0,180.0,143.9445498273554,True,True
13820,Female,60-64,40079.97627464748,39353,726.9762746474807,1330.0905984180176,1452.0747763611657,True,True
12220,Male,55-59,5175.851302339106,5518,-342.14869766089396,570.0,527.3067600486061,True,True
31180,Male,55-59,7554.5675451989,7119,435.5675451989,480.0,586.8784664162158,True,True
19100,Female,55-59,232410.69009647868,233732,-1321.3099035213236,2802.0,3059.751415925905,True,True
41660,Male,60-64,3366.055390992994,3215,151.05539099299403,448.4484362777955,361.91342086134495,True,True
41700,Female,55-59,76700.20653861992,77858,-1157.7934613800753,1801.0,1895.8453223362021,True,True
30980,Male,60-64,9664.819081339401,9324,340.81908133940124,719.6554731258562,553.2088257789994,True,True
48660,Female,35-39,4729.294893591058,4645,84.2948935910581,346.0,448.0291283841811,True,True
11100,Female,65-69,6990.567475811625,6755,235.56747581162472,547.5636949250744,468.92140485216527,True,True
13140,Male,55-59,12100.0,12420,-320.0,708.0,712.9427912436242,True,True
48660,Female,40-44,4253.585218855063,4198,55.58521885506343,355.0,442.53657794091777,True,True
48660,Female,45-49,3876.268443201755,3856,20.268443201754963,107.0,160.40069202854178,True,True
47020,Male,50-54,2509.123332729563,2488,21.123332729563117,102.0,104.27807176937738,True,True
32580,Male,35-39,26878.0,26937,-59.0,1087.0,1336.1641988061388,True,True
17780,Male,40-44,7212.375675544518,7513,-300.62432445548166,514.0,576.9873495497295,True,True
32580,Male,45-49,26092.0,26149,-57.0,153.0,292.6304273802538,True,True
47380,Male,60-64,8458.81117721891,8804,-345.1888227810905,608.217066514908,598.8536414801338,True,True
20580,Male,30-34,2036.2475382598113,1953,83.24753825981134,44.0,128.32358185926162,False,True
32580,Male,40-44,27721.0,27526,195.0,1133.0,1448.605063877833,True,True
21340,Male,55-59,21840.04325062955,21750,90.04325062955104,1001.0,1060.611497518183,True,True
17780,Male,35-39,9118.779835749217,9063,55.779835749217455,532.0,584.8827885211471,True,True
41660,Female,30-34,4266.128058929689,4283,-16.87194107031064,124.0,115.20648250185508,True,True
10180,Female,18-24,11318.864868540177,11266,52.86486854017676,667.2121102018458,382.06165918283057,True,True
10180,Female,30-34,5775.888236983071,5701,74.88823698307078,77.0,64.86200753030744,True,True
15180,Male,55-59,9695.0,9720,-25.0,549.0,527.7605074747447,True,True
46340,Female,60-64,8220.0,8175,45.0,690.9703322140539,580.9613920832003,True,True
41100,Female,50-54,4656.0,4624,32.0,85.0,141.35231442215584,True,True
41620,Male,30-34,51991.76125580674,52738,-746.2387441932588,99.0,665.2338856662302,False,False
41620,Female,50-54,34185.72263199447,34408,-222.27736800553248,75.0,447.46193333850044,False,True
41620,Male,18-24,65719.19969894171,64792,927.1996989417094,1386.7534027360452,843.6315804883973,True,True
41620,Female,65-69,26104.97902055434,25806,298.9790205543395,1105.7106312231967,978.5418064602792,True,True
41100,Female,65-69,6418.0,6444,-26.0,554.7323679036585,535.3992343837914,True,True
46140,Male,18-24,46662.71106073214,46828,-165.2889392678626,837.4431323976572,721.4436775930599,True,True
46140,Male,30-34,35905.93699850896,35908,-2.063001491042087,130.0,324.6768294629498,True,True
22900,Female,25-29,6955.4204872563605,7060,-104.5795127436395,181.0,172.01872614730064,True,True
27780,Male,25-29,3670.0,3578,92.0,68.0,149.21700608509744,False,True
49620,Male,30-34,15037.0,15116,-79.0,50.0,405.7128300996901,False,True
37980,Male,25-29,207321.32267297478,207819,-497.6773270252161,156.0,1235.6495255558239,False,True
39740,Male,50-54,13596.0,13809,-213.0,19.0,301.79003401371625,False,True
16540,Female,30-34,5119.891806924897,4949,170.89180692489663,190.0,349.4818351405768,True,True
29540,Male,45-49,14855.0,14861,-6.0,33.0,482.1566277194061,True,True
23900,Male,35-39,3418.9809920258035,3231,187.98099202580352,248.0,359.9835573429683,True,True
30140,Male,60-64,5122.0,5045,77.0,457.98799110893725,486.85302833350033,True,True
49620,Female,45-49,13734.0,13743,-9.0,33.0,310.75874337659434,True,True
49620,Male,18-24,18798.0,18857,-59.0,741.8908275480968,475.17441639886295,True,True
29540,Male,40-44,16415.0,16646,-231.0,752.0,1072.6927571432093,True,True
39740,Male,65-69,11940.0,11963,-23.0,844.9076872653012,747.3220697212817,True,True
23900,Male,40-44,2817.8974882612038,2641,176.89748826120376,250.0,370.3793163192014,True,True
49620,Female,35-39,15778.0,15545,233.0,663.0,914.0036569880341,True,True
48700,Female,25-29,3377.776104886395,3278,99.77610488639493,91.0,195.78981394501267,False,True
49620,Female,40-44,13958.0,13743,215.0,665.0,951.3756206882747,True,True
29540,Female,55-59,16910.0,16909,1.0,759.0,1064.6287622905227,True,True
16540,Female,18-24,5866.254975320836,5561,305.2549753208359,433.97926217735335,270.6178502897593,True,True
16860,Male,30-34,19799.443397992305,19757,42.44339799230511,175.0,383.3254616067365,True,True
15260,Female,60-64,4141.936427667386,4476,-334.06357233261406,481.8568252084845,303.5984322461617,True,True
19140,Female,18-24,6384.957700609252,6532,-147.04229939074776,508.2499385145069,184.88223397119515,True,True
16860,Male,18-24,23895.91919096309,23752,143.91919096308993,920.3140768237765,847.068949338662,True,True
23580,Male,60-64,6593.0,6489,104.0,626.5109735671036,511.28097838419535,True,True
19140,Female,30-34,4440.24032132839,4589,-148.75967867161035,107.0,110.3764295074331,False,True
49340,Male,65-69,24367.0,24259,108.0,996.5099096346207,838.7013584979161,True,True
44140,Male,65-69,14157.0,14348,-191.0,764.0549718443039,779.2445044448501,True,True
49340,Male,50-54,29456.0,29273,183.0,35.0,459.06583249573265,False,True
44140,Male,50-54,13703.0,13758,-55.0,40.0,312.8725565845461,False,True
11200,Male,18-24,13743.826355003592,16267,-2523.1736449964083,1064.995305153971,610.1573050824378,False,False
11200,Female,55-59,5367.650073354576,5535,-167.3499266454237,430.0,371.82153747548927,True,True
44140,Female,65-69,14727.0,14791,-64.0,665.4457152916382,628.1840182691295,True,True
46700,Female,60-64,15953.0,15336,617.0,830.625065838974,782.3083696399713,True,True
41500,Female,18-24,20809.48412134813,21115,-305.51587865186957,846.8423702201018,481.2368919182724,True,True
17020,Female,60-64,5898.0,5880,18.0,455.4031181272258,513.9595784969379,True,True
41500,Female,30-34,14287.618752758024,14109,178.61875275802413,77.0,232.21769094378394,False,True
17020,Male,55-59,5734.0,5650,84.0,424.0,499.1608773882425,True,True
34900,Male,55-59,4398.0,4412,-14.0,526.0,571.2391291744641,True,True
35980,Female,60-64,10390.0,10145,245.0,639.1752498337213,624.8981302330404,True,True
36100,Female,45-49,10435.0,10399,36.0,40.0,366.7099439304858,True,True
36100,Female,35-39,11870.0,11438,432.0,814.0,1069.8532917285902,True,True
34940,Female,50-54,11437.0,11698,-261.0,39.0,277.18738126265777,False,True
42700,Female,25-29,2493.969472166281,2377,116.96947216628087,189.0,119.27355779214419,True,True
36100,Female,40-44,10252.0,10589,-337.0,802.0,1020.2296763541777,True,True
48680,Male,55-59,3414.0,3805,-391.0,493.0,619.2223356204538,True,True
28100,Male,30-34,3685.157249013657,3347,338.15724901365684,49.0,106.82674199448776,False,False
28100,Male,18-24,5565.25706088593,5251,314.2570608859296,324.12806111165384,251.02643540567118,True,True
28100,Female,65-69,2862.509273774298,3002,-139.49072622570202,370.91912865205535,299.80818269966886,True,True
25220,Male,35-39,3943.749012575632,4425,-481.25098742436785,558.0,554.5514717554645,True,True
33740,Female,60-64,7183.908872335751,7356,-172.09112766424914,600.3615577300066,561.1900266888285,True,True
26980,Male,25-29,7317.4379593116855,7272,45.43795931168552,72.0,409.8004606222136,True,True
11180,Male,25-29,5201.0,5167,34.0,87.0,365.4205606643529,True,True
20220,Male,25-29,2976.4322910716746,3202,-225.56770892832537,108.0,147.153880661762,False,False
23460,Female,25-29,3104.847014732871,3188,-83.15298526712922,43.0,82.9048178066761,False,True
17980,Female,30-34,12475.764112703118,12333,142.76411270311837,199.0,287.84718794792207,True,True
17780,Male,45-49,6320.272995674019,6429,-108.7270043259814,160.0,193.1742784507294,True,True
47020,Male,65-69,2550.125392610547,2305,245.1253926105469,321.6224494652076,279.5715467308584,True,True
33260,Female,35-39,6635.276162445714,6703,-67.72383755428564,589.0,664.1630563572577,True,True
11100,Female,50-54,7415.056328142758,7401,14.056328142757593,129.0,156.80146662046587,True,True
33260,Female,40-44,6244.180644957765,6223,21.180644957765253,619.0,712.8363025890114,True,True
20580,Male,18-24,3146.30176750781,3340,-193.69823249219007,391.87370414458786,150.98710649302876,True,True
43300,Male,25-29,4224.8110186130125,4208,16.811018613012493,69.0,119.96414423598887,True,True
41660,Female,18-24,6270.8868375595375,6013,257.8868375595375,597.7992974234747,393.9811165356021,True,True
33260,Female,45-49,4991.260230408585,4960,31.260230408584903,167.0,164.1141346037905,True,True
15540,Male,50-54,6731.078063363613,6797,-65.92193663638682,115.0,230.24777109979036,True,True
15540,Female,55-59,7089.189460913453,6788,301.18946091345333,439.0,643.5791071369969,True,True
15540,Male,65-69,6585.566881903402,6560,25.566881903401736,497.41431422909415,501.306911870798,True,True
30140,Female,65-69,4124.0,4435,-311.0,446.8612760130374,447.52466110818966,True,True
29540,Male,35-39,17369.0,16861,508.0,755.0,1110.0550318615965,True,True
30140,Female,50-54,4295.0,4214,81.0,70.0,143.34596449237768,False,True
23900,Male,45-49,3038.913600554533,2876,162.91360055453288,80.0,276.5009615980973,False,True
10580,Female,35-39,29575.988859747427,29259,316.98885974742734,1077.0,1246.7718223040356,True,True
13780,Male,30-34,7071.31501800228,6723,348.31501800228034,49.0,324.06520224439845,False,False
10580,Female,45-49,26188.34018477452,25931,257.340184774519,150.0,409.48604480011596,False,True
13780,Male,18-24,16853.39974960822,16966,-112.60025039178072,858.3076371558161,497.7003492936632,True,True
10580,Female,40-44,27522.130276517415,27894,-371.86972348258496,1070.0,1196.4177748344111,True,True
28880,Female,55-59,24057.86200172554,24300,-242.13799827445837,758.0,939.7489286618361,True,True
31420,Female,25-29,7749.068071179325,7700,49.06807117932476,200.0,138.56524206274167,True,True
31420,Male,60-64,6933.801912607663,7573,-639.1980873923367,606.4222951046572,559.8524748770647,False,True
10500,Male,25-29,4182.002928418533,4333,-150.99707158146703,229.0,205.30844637514892,True,True
26900,Female,60-64,65537.66100288661,66052,-514.3389971133874,1941.7667213133507,2142.755080052009,True,True
45460,Male,25-29,5549.262860956116,5756,-206.73713904388387,92.0,146.67362517315834,False,False
18020,Male,60-64,2299.330864570367,2231,68.33086457036688,287.1114766079545,259.9693737394217,True,True
48620,Male,40-44,20498.379098298366,19578,920.3790982983664,919.0,1081.2112373449477,False,True
48620,Male,45-49,17942.31963784075,18302,-359.6803621592517,161.0,367.28986617291747,False,True
45820,Male,65-69,7441.736738691623,6980,461.73673869162303,540.2268042220786,481.0791813449225,True,True
31740,Male,35-39,4611.0,4582,29.0,430.0,526.3893330950486,True,True
48620,Male,35-39,22181.199011644836,22732,-550.800988355164,905.0,1057.1454508059942,True,True
29940,Female,50-54,2854.0,2915,-61.0,228.0,294.3745770060655,True,True
31740,Male,45-49,2431.0,2582,-151.0,183.0,194.88356031230546,True,True
27900,Male,18-24,9704.666499385836,9439,265.6664993858358,500.5357130115692,303.8383298581203,True,True
27900,Male,30-34,6411.286688972022,6354,57.28668897202169,102.0,155.9219521372523,True,True
45820,Male,50-54,6256.338335942259,6742,-485.6616640577413,108.0,322.2056586536468,False,False
27900,Female,30-34,6545.871008426841,6567,-21.1289915731586,172.0,173.13769230725927,True,True
29940,Male,18-24,14269.0,13606,663.0,1033.2371460608645,629.284531824635,True,True
27900,Female,18-24,8960.517192654806,8855,105.51719265480642,438.6729989411247,284.63431394994313,True,True
39380,Female,18-24,6700.546063538246,6724,-23.453936461753983,431.14498721427805,225.43995593421002,True,True
24540,Male,40-44,14182.0,14180,2.0,775.0,1007.5476613193046,True,True
17820,Male,18-24,44648.0,44356,292.0,1168.2867798618624,719.6181246562305,True,True
17820,Male,30-34,31977.0,32054,-77.0,133.0,346.4193857108029,True,True
24540,Male,45-49,11092.0,11014,78.0,109.0,203.1631608523061,True,True
24300,Female,55-59,5170.861426259286,5140,30.861426259286418,438.0,530.1169428562863,True,True
22660,Male,60-64,10376.0,10419,-43.0,716.3965382384256,731.1377333521024,True,True
39380,Female,30-34,5464.101583381262,5481,-16.898416618738338,99.0,132.04750884964602,True,True
34980,Female,65-69,54360.82075805724,54320,40.82075805724162,1778.491776759173,1327.326909165565,True,True
34980,Male,35-39,77056.64629930937,76331,725.6462993093737,1826.0,2068.4221579839873,True,True
34980,Male,40-44,71638.92737793237,71637,1.927377932370291,1785.0,2091.6195522874077,True,True
32820,Female,40-44,45771.03007599608,45260,511.030075996081,1509.0,1553.5388497316023,True,True
34980,Female,50-54,65046.084426213274,65382,-335.9155737867259,226.0,658.2356184659576,False,True
28700,Male,40-44,8826.383208393534,8693,133.383208393534,595.0,487.10797449749964,True,True
28700,Male,35-39,8600.514626225699,8754,-153.48537377430148,630.0,549.8533310729098,True,True
32820,Female,45-49,42015.237844297284,42173,-157.76215570271597,219.0,391.41487368982285,True,True
27180,Female,55-59,6397.694998198724,6116,281.6949981987236,424.0,402.9126527352885,True,True
34980,Male,45-49,65140.47321092372,64867,273.47321092372295,410.0,903.3206411980597,True,True
28700,Female,60-64,11502.252804389527,11676,-173.74719561047277,713.7856821203407,618.4087423620517,True,True
32820,Female,35-39,45741.394347214344,46284,-542.6056527856563,1538.0,1705.334112746894,True,True
28700,Male,45-49,9479.216003292731,9526,-46.78399670726867,207.0,171.61964597506662,True,True
17420,Female,55-59,4424.0,4525,-101.0,385.0,479.94703917593864,True,True
34100,Female,50-54,4431.571644476329,4341,90.57164447632931,98.0,179.3768601660426,True,True
34100,Female,65-69,3797.0464172099278,3831,-33.95358279007223,436.70241583943636,437.3746153139542,True,True
28880,Male,65-69,19235.707305038162,19429,-193.2926949618377,928.4637849695592,737.8133990600013,True,True
45060,Male,25-29,19982.25480671326,19972,10.254806713259313,134.0,248.19515767537888,True,True
35620,Female,60-64,655217.2231395477,654046,1171.223139547743,6541.49562409087,5889.948716944593,True,True
45060,Female,60-64,24379.74587642378,24081,298.74587642378174,985.6880845379029,730.933376739165,True,True
46540,Male,35-39,8944.290701658163,9475,-530.709298341837,528.0,606.3636807036991,False,True
15380,Male,55-59,39528.0,39448,80.0,1306.0,1257.0133788548158,True,True
21300,Female,55-59,2933.7734132010314,2803,130.77341320103142,224.0,210.850320181367,True,True
15380,Female,55-59,41390.0,41953,-563.0,1154.0,1539.6008822780177,True,True
46540,Male,45-49,7668.897408363025,7837,-168.10259163697538,158.0,277.8232941204084,False,True
46540,Male,40-44,8773.939068925334,8218,555.9390689253341,520.0,592.1141027483351,False,True
24260,Female,45-49,1980.7208460663953,2113,-132.27915393360468,92.0,82.87555253572938,False,False
24260,Female,40-44,2304.371629556079,2400,-95.62837044392109,258.0,320.4670083349788,True,True
24260,Male,30-34,2283.7125264669994,2519,-235.2874735330006,158.0,73.83183646689086,False,False
30700,Male,55-59,8439.716506414026,8553,-113.2834935859737,580.0,745.8777755945722,True,True
24260,Male,18-24,3110.7656332487704,3272,-161.23436675122957,325.01384585891105,113.55232744488063,True,True
24260,Female,35-39,2204.106099875885,2250,-45.893900124115135,245.0,316.3672574835567,True,True
47900,Female,60-64,190071.94403435086,189824,247.94403435086133,2886.102735524153,3144.39838920659,True,True
12580,Female,25-29,94376.26210269386,94103,273.26210269385774,170.0,548.4161333249774,False,True
41540,Female,65-69,4404.195884069467,3649,755.195884069467,394.5757215034904,356.26338720373883,False,False
41540,Male,55-59,3893.4522703640573,3621,272.4522703640573,351.0,337.7311874068032,True,True
48260,Male,40-44,3528.5152035847477,3312,216.51520358474772,340.0,301.080353797585,True,True
17410,Male,55-59,70086.0,70079,7.0,1381.0,1745.3362788424902,True,True
10420,Male,65-69,21154.0,21306,-152.0,954.7711767748333,799.7776167441797,True,True
10420,Male,50-54,21765.0,22073,-308.0,215.0,404.1470737151266,False,True
48260,Male,35-39,3177.1095317377603,2935,242.10953173776034,352.0,315.61547113684145,True,True
41780,Female,55-59,4021.2962800995615,3631,390.2962800995615,348.0,288.3754310800086,False,True
47260,Female,50-54,52839.36271613076,53255,-415.6372838692405,338.0,405.9679058438664,False,True
47260,Male,30-34,66591.73568777565,67067,-475.2643122243462,435.0,634.6504117080004,False,True
40060,Male,25-29,44946.645021331075,45466,-519.3549786689255,391.0,622.5245846073489,False,True
40060,Female,55-59,44701.60987829854,44956,-254.39012170145725,1062.0,1450.5451107557913,True,True
47260,Male,18-24,93521.50023566029,92852,669.5002356602927,1895.9899788764708,1493.619634948435,True,True
25500,Female,65-69,4391.0,4267,124.0,419.4484473686844,386.75013532803064,True,True
47260,Female,65-69,53609.71064053789,53057,552.7106405378872,1422.6988437473335,1178.0683761707528,True,True
40220,Male,65-69,9788.047049029261,9707,81.04704902926096,612.4744892646551,641.627595409239,True,True
44420,Female,35-39,3731.7717996866813,4406,-674.2282003133187,347.0,397.0801018818679,False,False
49020,Male,50-54,4933.778314589829,4974,-40.22168541017072,281.0,259.9898154777496,True,True
49020,Female,35-39,4938.923896559019,4883,55.92389655901934,433.0,419.90708419327177,True,True
25500,Female,50-54,3742.0,3708,34.0,149.0,201.90892435390268,True,True
43100,Male,18-24,5068.0,5149,-81.0,353.2293872259215,382.81327247922064,True,True
33340,Female,25-29,53430.0,53915,-485.0,131.0,889.9268318385787,False,True
22540,Male,30-34,2998.6780313261997,2822,176.67803132619974,25.0,115.11906807152312,False,False
33460,Female,40-44,127845.31617938066,126548,1297.3161793806648,2219.0,3132.6890329261055,True,True
33340,Male,55-59,50542.0,50065,477.0,1279.0,1801.473816196755,True,True
28450,Male,65-69,4706.0,4879,-173.0,480.8378104933097,623.9421246708304,True,True
33460,Female,45-49,107964.20547219733,108402,-437.79452780267457,290.0,1683.3009506299688,False,True
33460,Male,18-24,156895.10732433427,155480,1415.107324334269,2172.604888146945,1730.7533290178633,True,True
48140,Male,45-49,4291.0,4152,139.0,67.0,266.1763007035938,False,True
33460,Female,35-39,134775.95067848888,135284,-508.04932151112007,2271.0,3840.438984059777,True,True
43100,Male,30-34,3150.0,3485,-335.0,83.0,216.93801969687104,False,False
48140,Female,50-54,4115.0,4205,-90.0,31.0,93.5736094940769,False,True
33460,Male,30-34,136284.04900048426,136604,-319.9509995157423,408.0,1725.8996175592954,True,True
48140,Male,35-39,4278.0,4510,-232.0,375.0,471.63085236628666,True,True
48140,Male,40-44,4307.0,4511,-204.0,296.0,471.8026619268378,True,True
36780,Female,55-59,5454.0,5693,-239.0,348.0,419.80967237547065,True,True
48140,Female,65-69,4806.0,4435,371.0,417.4937125275062,447.90740155332327,True,True
18020,Female,25-29,2774.282815895085,2788,-13.71718410491485,119.0,138.89926007139312,True,True
45460,Female,55-59,5175.317793666178,4953,222.31779366617775,340.0,385.53051569411315,True,True
34620,Male,60-64,3186.0,3218,-32.0,319.0,309.27574959896225,True,True
29020,Male,40-44,2286.749439607472,2335,-48.25056039252786,278.0,218.30070715235715,True,True
29020,Male,45-49,2547.9675911620593,2378,169.9675911620593,174.0,161.4609484826304,True,True
29020,Male,35-39,2344.678022453527,2247,97.67802245352686,257.0,223.68863160375074,True,True
29940,Female,65-69,3053.0,3080,-27.0,375.8217662669367,464.0349356918076,True,True
29940,Male,30-34,4050.0,3971,79.0,122.0,277.3706105015454,True,True
31740,Male,40-44,3947.0,3803,144.0,386.0,585.4931456708098,True,True
24540,Male,35-39,13733.0,13567,166.0,714.0,1018.0573948002636,True,True
31700,Male,50-54,14310.73266416635,14742,-431.2673358336506,4.0,426.6841087919097,False,False
31700,Male,65-69,12307.81916268263,12797,-489.1808373173699,752.9734391065863,747.5436796454613,True,True
42140,Male,60-64,5827.113366291859,5838,-10.886633708140835,522.3456709880919,381.83444130974823,True,True
29740,Female,60-64,7092.0,7242,-150.0,684.5297656055578,576.8541462601271,True,True
22140,Male,25-29,3602.601581923123,3698,-95.39841807687708,29.0,163.1835529988201,False,True
29740,Male,60-64,5774.0,5814,-40.0,603.2321277916155,575.2598163330201,True,True
28880,Male,50-54,23019.519499175905,23554,-534.4805008240946,38.0,337.00130949240133,False,False
48060,Female,55-59,3134.812656746453,3033,101.81265674645283,257.0,296.51373710932654,True,True
28740,Female,25-29,5278.0630519664,5040,238.06305196640005,16.0,245.82108535809454,False,True
24020,Male,25-29,3774.0,3853,-79.0,104.0,163.32663146667173,True,True
41540,Female,50-54,3758.9398043097835,3700,58.93980430978354,154.0,128.97155261461478,True,True
27620,Male,65-69,4765.755097443274,4387,378.7550974432743,370.97978381577616,347.613213377893,False,True
27620,Male,50-54,4860.952967470428,4724,136.95296747042812,144.0,245.16812560046063,True,True
29820,Male,25-29,81687.0,82296,-609.0,0.0,420.22860394224716,False,False
16180,Male,65-69,2548.6355188896823,1787,761.6355188896823,264.0151510803878,193.85247775831175,False,False
16180,Male,50-54,1882.9183845304137,1971,-88.08161546958627,87.0,108.35592187132265,False,True
44220,Female,25-29,4014.0,3930,84.0,40.0,117.51564995778223,False,True
48260,Male,45-49,3343.459863153017,3216,127.45986315301707,75.0,63.14949925656572,False,False
44420,Female,40-44,3423.943118443737,3396,27.94311844373715,324.0,368.5865235072742,True,True
49020,Female,45-49,4177.170263158187,4267,-89.82973684181343,205.0,202.5764381793321,True,True
49020,Female,40-44,4174.7595799380615,4288,-113.2404200619385,413.0,389.92998414473493,True,True
40220,Female,25-29,9608.614940175547,9359,249.6149401755465,236.0,312.0491479536888,False,True
40220,Male,50-54,10120.68202456256,10020,100.6820245625604,237.0,311.1811480691164,True,True
44420,Female,45-49,3544.0365492098554,3695,-150.96345079014463,164.0,202.9694564149037,True,True
49020,Male,65-69,3881.670739424605,4346,-464.329260575395,403.44764220404113,379.5064451870507,False,True
29100,Male,55-59,5227.569748715811,5142,85.56974871581133,370.0,507.4263628812269,True,True
28450,Male,50-54,5837.0,5740,97.0,108.0,273.9285591878839,True,True
22540,Male,18-24,4670.0773153579785,4553,117.07731535797848,334.8283142149122,256.8428457126744,True,True
27500,Female,25-29,4673.0,4938,-265.0,60.0,364.2456827969962,False,True
45940,Male,60-64,12459.0,12429,30.0,890.2814161825462,785.741357407926,True,True
47220,Male,35-39,5883.632284477277,5911,-27.3677155227233,459.0,543.0911532227918,True,True
47220,Male,40-44,5352.235989524382,5309,43.235989524381694,474.0,527.3565207371839,True,True
47220,Female,55-59,4779.091420230451,4391,388.09142023045115,427.0,461.2616669930139,True,True
47220,Male,45-49,4994.5208082879735,4874,120.52080828797352,19.0,312.8190902365632,False,True
22420,Male,30-34,12776.266330883556,12625,151.2663308835563,2.0,312.63325764800476,False,True
27100,Male,25-29,5589.0,5583,6.0,51.0,294.86022744895587,True,True
45900,Male,40-44,4521.070497438286,4626,-104.92950256171389,357.0,383.27490870940375,True,True
45900,Male,45-49,4099.564285913765,4205,-105.43571408623484,92.0,155.1605204912579,False,True
29620,Female,35-39,14438.0,14863,-425.0,685.0,730.2849617221349,True,True
22420,Male,18-24,17100.644757117258,16823,277.64475711725754,681.9714070252505,530.762375610284,True,True
29620,Female,40-44,14475.0,13757,718.0,713.0,808.8645824193936,False,True
35660,Male,65-69,5026.0,5198,-172.0,395.28470752104744,429.24713970945686,True,True
45900,Male,35-39,4772.60028275947,4941,-168.39971724052975,354.0,385.4462801844864,True,True
13020,Male,55-59,3479.927720858658,3386,93.92772085865818,343.0,281.68594236095856,True,True
35660,Male,50-54,4568.0,4710,-142.0,32.0,145.9069562426686,False,True
34740,Male,60-64,5951.0,6106,-155.0,525.4636048291071,558.8476840137212,True,True
29620,Female,45-49,12911.0,13048,-137.0,175.0,635.0206051725802,True,True
27140,Female,30-34,21090.042788500235,20993,97.04278850023547,314.0,425.3400540566254,True,True
27140,Female,18-24,28134.921596024913,28336,-201.07840397508699,1124.2802141815002,634.8288009212231,True,True
27140,Male,18-24,27794.22924195174,27639,155.22924195173982,1064.7628844019687,684.2349330064244,True,True
27140,Male,30-34,19452.12730416162,19705,-252.87269583838133,409.0,541.2980339413531,True,True
25620,Female,40-44,5383.0981682572055,5553,-169.90183174279446,537.0,538.285509675463,True,True
25620,Female,35-39,5144.352845265459,5141,3.352845265459109,553.0,525.3028077451359,True,True
25620,Female,45-49,4712.3616808261595,4657,55.3616808261595,150.0,157.73041245506192,True,True
25860,Male,25-29,11468.617503159683,11227,241.6175031596831,292.0,289.82765876917864,True,True
11700,Female,55-59,14461.644491492665,14501,-39.35550850733489,862.0,812.9020231480179,True,True
48900,Male,55-59,14012.0,13936,76.0,925.0,876.1300731733559,True,True
22180,Female,60-64,11887.909214608688,11188,699.9092146086878,611.2650816135337,541.2843017588648,False,True
22180,Male,18-24,27817.691455244534,27599,218.69145524453415,790.1683364954584,865.635608578811,True,True
49180,Male,25-29,20866.858525974225,20743,123.8585259742249,180.0,325.0340721011462,True,True
38240,Female,25-29,3042.601750614141,2854,188.6017506141411,101.0,177.67620676776312,False,True
22180,Male,30-34,15034.618907420256,15610,-575.3810925797443,105.0,275.11038294729195,False,False
24780,Male,65-69,3395.0,3563,-168.0,450.81814515389686,394.87658788379696,True,True
48900,Female,25-29,13178.0,13122,56.0,91.0,218.41363218672956,True,True
26820,Male,18-24,7548.37232148022,7200,348.3723214802203,487.61357651320577,182.04821318977196,True,True
30300,Female,55-59,1942.991571870604,2332,-389.00842812939595,246.0,165.6395508249502,False,False
26820,Male,30-34,5545.8985274666775,5805,-259.1014725333225,147.0,201.90077160098696,False,False
30300,Male,65-69,2415.500945368114,2167,248.50094536811412,284.0862545073239,144.92113023318765,True,True
46300,Female,25-29,3767.3395193341967,3825,-57.660480665803334,141.0,149.23084775990813,True,True
30300,Male,50-54,1914.13482574223,2050,-135.86517425776992,103.0,71.96195791265043,False,False
22220,Male,30-34,21712.336482072024,21813,-100.6635179279765,121.0,389.4318945319504,True,True
22220,Female,65-69,13985.786067816876,13440,545.7860678168763,820.9750300709517,724.5133929986298,True,True
22220,Female,50-54,16262.266945177806,16325,-62.73305482219439,199.0,284.31164460097233,True,True
27860,Male,50-54,3667.0,3756,-89.0,108.0,81.08365026316957,True,True
22220,Male,18-24,33344.46024524909,32774,570.4602452490872,1141.9474593868144,641.3061453089659,True,True
27860,Male,65-69,2890.0,2985,-95.0,394.9303736103365,293.79488157130993,True,True
14540,Male,65-69,3966.067973471069,4216,-249.93202652893115,386.6988492354225,397.24703715256453,True,True
14540,Male,50-54,5550.8776990192355,5555,-4.122300980764521,148.0,406.56578795103155,True,True
21060,Female,45-49,3797.6171409009676,3849,-51.38285909903243,115.0,271.491007140109,True,True
21060,Female,35-39,4155.44254169744,4555,-399.55745830256,379.0,477.3463738419197,False,True
21060,Female,40-44,4621.828950727597,4095,526.8289507275967,380.0,466.55246743536253,False,True
28020,Female,55-59,6842.0,7306,-464.0,482.0,672.729080374299,True,True
11460,Male,55-59,9652.0,9728,-76.0,534.0,659.5991558259077,True,True
12980,Female,25-29,3988.0797594171404,4201,-212.9202405828596,111.0,93.18115311963453,False,False
33780,Male,55-59,5419.0,5237,182.0,497.0,582.203706997173,True,True
40580,Female,55-59,5780.0,5570,210.0,409.0,474.45889508207136,True,True
24780,Male,50-54,4403.0,4494,-91.0,144.0,154.7266572903648,True,True
17900,Female,25-29,28261.047599960264,28354,-92.95240003973595,215.0,395.41947947427326,True,True
24860,Male,45-49,27487.064442310468,27721,-233.9355576895323,178.0,542.1769316712927,False,True
24860,Female,18-24,44822.9890730561,46917,-2094.010926943898,1378.576802358142,901.576350925824,False,False
24860,Male,40-44,28984.233506113793,28919,65.23350611379283,969.0,1350.7448765363076,True,True
24860,Female,30-34,32982.290770950975,32967,15.290770950974547,174.0,517.9916035510726,True,True
34820,Female,55-59,14715.666000866298,14563,152.66600086629842,1047.0,834.6617255780433,True,True
34820,Male,60-64,15525.395922102969,15635,-109.60407789703095,907.55550794428,975.7579360248828,True,True
24860,Male,35-39,30451.931440260643,30279,172.93144026064329,979.0,1295.9095469196077,True,True
25940,Male,45-49,5604.813155050867,5540,64.81315505086695,205.0,291.39177879124657,True,True
25940,Male,40-44,5527.96527436167,5402,125.9652743616698,609.0,493.95461587995516,True,True
43900,Female,45-49,11508.424721371608,11307,201.42472137160803,28.0,230.43253663310585,False,True
43900,Female,40-44,11745.692308240137,11470,275.6923082401372,827.0,778.8380699278706,True,True
43900,Female,35-39,12065.194088320035,12250,-184.805911679965,827.0,820.9904962823196,True,True
41060,Female,60-64,5907.980359547368,5934,-26.019640452632302,403.832886228945,592.7780269705944,True,True
43620,Male,50-54,8100.897533140493,8322,-221.10246685950733,119.0,422.1227689968941,False,True
24220,Male,55-59,3136.9880950880874,2734,402.98809508808745,233.0,264.5725466230393,False,False
40340,Male,50-54,6094.481576823355,6536,-441.51842317664523,144.0,325.8278089737259,False,False
24220,Female,55-59,2763.167496520554,2546,217.16749652055387,223.0,234.9841719993949,True,True
40340,Male,65-69,6350.4533160656265,6321,29.453316065626495,405.31099170883584,434.70145368018103,True,True
43620,Male,65-69,7595.636134171671,7117,478.6361341716711,527.1479868120526,653.9233242042441,True,True
22020,Male,60-64,6884.13345294514,6426,458.13345294513965,577.2088010417027,531.8215129163171,True,True
33540,Male,30-34,4559.118231310266,4886,-326.8817686897337,150.0,250.88691960270273,False,False
33540,Male,18-24,7074.189525446847,7776,-701.8104745531527,472.3790850577532,217.07583237800176,False,False
33540,Female,60-64,3872.5443022686914,3829,43.544302268691354,420.1380725428249,367.4509560923078,True,True
13740,Male,55-59,5359.232642671322,5800,-440.7673573286784,450.0,480.2414388659503,True,True
32780,Female,35-39,6674.0,6925,-251.0,565.0,631.1684077417452,True,True
21660,Female,40-44,11854.0,12010,-156.0,698.0,859.7764465538411,True,True
24420,Male,65-69,3590.892831382238,2898,692.892831382238,412.4621194728069,299.93533892114084,False,False
32780,Male,55-59,6424.0,6471,-47.0,522.0,603.9673001413239,True,True
24420,Male,50-54,2437.5993898296347,2543,-105.40061017036533,136.0,87.9359537651394,True,True
10540,Female,65-69,4207.083719857994,4094,113.08371985799386,429.9441824237188,386.99123196374643,True,True
21660,Female,45-49,10522.0,10622,-100.0,77.0,255.8038471881336,False,True
10540,Female,50-54,3716.203394393413,3796,-79.79660560658704,49.0,104.0107512476115,False,True
44140,Female,50-54,15018.0,15057,-39.0,37.0,232.66691819798967,False,True
11200,Male,30-34,3901.9990012417284,3906,-4.000998758271635,167.0,217.95519299047658,True,True
25220,Male,40-44,4910.567082191525,4493,417.5670821915246,536.0,564.6631461663306,True,True
11260,Male,25-29,16535.343646372632,16073,462.34364637263207,61.0,871.6840828133328,False,True
21820,Female,40-44,3061.945032516298,2347,714.9450325162979,370.0,443.5689621041961,False,False
21820,Female,35-39,3195.1911314189006,3830,-634.8088685810994,355.0,429.51263067251773,False,False
21820,Female,45-49,2390.3123366551627,2238,152.31233665516265,178.0,151.27759067144532,True,True
25940,Male,35-39,6136.402151991901,5943,193.4021519919006,564.0,617.332012393022,True,True
31860,Male,60-64,2895.0,2788,107.0,256.56383221335,322.43384791690215,True,True
32780,Female,40-44,7331.0,7166,165.0,557.0,633.3415566017677,True,True
38900,Female,40-44,96545.90715912874,95867,678.9071591287357,1826.0,2397.132921568974,True,True
38900,Male,45-49,86011.12123098949,85648,363.12123098949087,285.0,806.8288209467432,False,True
32780,Female,45-49,6399.0,6248,151.0,81.0,169.27361731823422,False,True
38900,Male,40-44,96559.23444733885,96590,-30.76555266114883,2008.0,2329.1670774866216,True,True
38900,Female,35-39,94070.9696860282,94515,-444.03031397180166,1860.0,2457.947779068477,True,True
38900,Male,35-39,98817.30380278545,99295,-477.6961972145509,1951.0,2219.2193094919,True,True
38900,Female,45-49,82983.94851015024,83459,-475.05148984976404,254.0,666.0828031234319,False,True
21660,Female,35-39,11978.0,11769,209.0,695.0,821.999767883179,True,True
21660,Male,50-54,11206.0,10815,391.0,114.0,325.55003016049625,False,False
21660,Male,65-69,10736.0,10639,97.0,667.3147683065316,812.0238045163763,True,True
42660,Male,30-34,188330.0,189184,-854.0,176.0,1046.1172471160917,False,True
36500,Male,25-29,10483.0,10484,-1.0,0.0,206.21602162235115,False,True
44060,Female,65-69,18526.672212745816,18689,-162.32778725418393,905.8106866227622,827.351974385353,True,True
28420,Female,40-44,10827.974104293095,10716,111.97410429309457,604.0,754.9106711996808,True,True
44060,Female,50-54,16911.250880593514,17423,-511.749119406486,81.0,308.6466464295016,False,False
42660,Male,18-24,169099.0,168302,797.0,2241.582699790485,1305.481939194775,True,True
13380,Male,65-69,6284.0,6465,-181.0,553.4699630512933,504.92269474024437,True,True
48300,Female,30-34,3664.0,3746,-82.0,100.0,225.26291483508777,True,True
28420,Female,45-49,8337.608323650455,8501,-163.39167634954538,202.0,219.62192229587407,True,True
28420,Female,35-39,9459.72464016826,9869,-409.2753598317395,588.0,689.9120446761494,True,True
13380,Male,50-54,6651.0,6551,100.0,113.0,205.64177831547266,True,True
48300,Female,18-24,4720.0,4681,39.0,348.39632604262636,150.7182718352357,True,True
31020,Male,55-59,3689.8105290086487,3481,208.8105290086487,303.0,330.74463102645973,True,True
47460,Female,25-29,1658.0579047179133,1625,33.05790471791329,64.0,171.59493010550966,True,True
20100,Male,60-64,6081.0,6208,-127.0,597.5491611574733,528.0959874137467,True,True
37620,Female,55-59,2914.7818627679962,2963,-48.218137232003755,272.0,310.70720093181626,True,True
37620,Male,60-64,3439.732130982943,3293,146.7321309829431,389.6472763923803,288.9914076612942,True,True
16220,Female,50-54,1992.1755126287967,2147,-154.8244873712033,138.0,107.95345650132583,False,True
16940,Male,65-69,2636.0,2652,-16.0,319.79055645844204,281.72588125028557,True,True
16220,Female,65-69,2290.849766988147,2407,-116.15023301185283,313.53628179207584,196.0628535640977,True,True
16940,Male,50-54,3206.0,3017,189.0,151.0,281.29355701384276,False,True
13900,Female,50-54,3384.2672557915216,3381,3.2672557915216203,101.0,132.34501329387308,True,True
13900,Male,60-64,4387.706834748991,4466,-78.29316525100876,455.50521402065203,508.6694052685792,True,True
13900,Female,65-69,3636.3312699111602,3977,-340.66873008883977,394.63527465243146,450.8776399500394,True,True
33500,Female,35-39,2413.018224818045,2377,36.01822481804493,278.0,280.8137326767768,True,True
33500,Female,45-49,1931.5955535766689,1796,135.59555357666886,89.0,123.36226071043741,False,True
33500,Female,40-44,2624.349374874242,2381,243.34937487424213,273.0,352.0020805590872,True,True
12620,Female,40-44,4983.810396017418,5141,-157.1896039825824,402.0,560.3113695490609,True,True
12620,Female,45-49,4388.474347382225,4525,-136.52565261777545,92.0,244.14068719931672,False,True
12620,Female,35-39,4510.478176346077,4561,-50.52182365392309,415.0,548.0280884041573,True,True
30340,Male,18-24,5766.0,5594,172.0,394.8733974326455,326.73112409900597,True,True
30340,Male,30-34,3687.0,3641,46.0,135.0,234.7461686641552,True,True
30340,Female,60-64,3284.0,3598,-314.0,367.83963897328954,455.1423979673834,True,True
