cbsa,theta_hat_age,se_age,theta_tilde_age,prior_share_age,n_eff_age,theta_hat_edu,se_edu,theta_tilde_edu,prior_share_edu,n_eff_edu,theta_hat_race,se_race,theta_tilde_race,prior_share_race,n_eff_race,couple_sides_n_alloc,couple_sides_kish
10180,0.9306559251014035,0.03533438505613511,0.9453079279741113,0.2175481452749265,668.8573681283631,1.1242728109028166,0.08696919801607246,1.03695729692713,0.5828375814831201,573.7278464278554,0.8838652280430541,0.04669963763791334,0.8889973950992581,0.13209343229650597,694.8308308306792,1628.4686493325419,1020.5750337075948
10420,1.0479117578384476,0.02159063194666579,1.0432183800917316,0.09404584543261262,2159.324094608928,0.9997515758578169,0.041757330029338464,0.9935904267712812,0.2436216896555414,1904.6758000288082,1.056501866343311,0.03141611785005371,1.0478807757299053,0.06444032997507293,2587.5958334798042,5145.023732156901,3957.189467644229
10500,0.9445053973649635,0.04471701950586786,0.960989101988635,0.3081000079888273,425.33283712157834,1.0781331424164118,0.08909695838955305,1.01649611736985,0.5945422946411909,457.4811600307929,1.2613384854864553,0.06966022358820154,1.175674661970909,0.25297869370454995,516.8227004665554,810.9472241504113,676.245892048865
10540,1.00066861586779,0.042409353468852794,0.9999073165259077,0.2859803310315909,514.0955117403885,1.2460550335298621,0.0976881440509881,1.0727665266278865,0.6380441641311897,487.18149094420033,0.802153995635136,0.055665727093795574,0.8235903469035579,0.17780091448619273,942.6048655611988,1205.5571924768387,938.7843606183988
10580,1.0358866433481908,0.017383853102098144,1.0334981687991884,0.06305354996353273,3224.784165202665,0.8614162705183206,0.03161826280891428,0.8790378430964574,0.15588037669674346,3026.808799790921,0.9795303388960648,0.021935813836711598,0.9776845215707429,0.032489600704629806,3996.6087137025543,8000.13802784735,5353.891223162814
10740,0.9192333500365134,0.021542837520665763,0.9266119481317079,0.09366889223155876,1774.1958797056461,0.947496935930206,0.04089479440675312,0.9538609560630626,0.2360119794709545,1965.2432560870188,0.6728842324289512,0.019793005445636717,0.6795329993764971,0.02661278674970587,2740.774231215302,5636.911103842988,3858.692371033854
10780,0.9030113485175542,0.029865484791074013,0.9187533096178787,0.16571322924936205,901.4194247384071,0.9259187787045772,0.06523789505274438,0.9472844817433327,0.4401399548838755,1061.647925347144,0.9817197888943516,0.03834250382747542,0.9762295473048556,0.09305177523953469,1220.1402594997646,1428.448083588495,1158.993806572464
10900,0.9655046618801604,0.01686229026467914,0.9674401061888926,0.0595486785708787,3018.535205729187,0.8655061954905264,0.03185908277109181,0.8827089276873495,0.15788760484216122,3219.0881036891155,0.9983888927210136,0.028566023684933765,0.9943117381111473,0.053879935289133644,2151.8055473693275,5728.669037034799,4126.339254894429
11020,1.0146900275916815,0.04192366692056092,1.0099969713122097,0.281299591409281,529.4669198978726,0.97957763842021,0.07063079935555462,0.9771241844218292,0.47957574615276277,795.0504149329387,0.8678596741523772,0.1376123474801261,0.8990882176604083,0.5692603222635817,469.5134746761434,1368.3395571677372,1135.604782048273
11100,0.9668663377677559,0.03141070652486764,0.9724758041231661,0.18013579540378433,900.8079441951521,1.087550216842169,0.08199620189902167,1.0249040979720294,0.5539567644592698,633.2103612138027,0.8612790032675305,0.04518352478052054,0.8689409117075764,0.12470802218428297,678.053013993243,2015.520472338806,1366.7495910069867
11180,1.302582070725622,0.06047066312441893,1.1658801598789412,0.44882763120735614,362.266941828824,1.175528242384972,0.11634867270111265,1.0319004129790128,0.7143300243277244,299.1314203557445,0.876945942968642,0.09955339286289472,0.8956604479878251,0.4088650549732818,295.62556895629723,897.8742267743559,644.9047092144513
11200,1.0291242443805186,0.033004435251510436,1.0230494456482975,0.19522005931055147,782.9688385178733,0.9226412778705794,0.057134017633626175,0.9421341123503139,0.3761608511800553,925.8608706027284,0.845589816540614,0.06383608039989318,0.8626674919896027,0.22142002058257565,708.0303041375461,1487.2891715043843,1142.9506180994401
11260,0.9066101985437711,0.028445503592981827,0.9205644635860566,0.15267858378486268,1000.4443313143865,0.8844001969649506,0.04990252867900986,0.9127756985562645,0.3150678543272176,1425.3637687937758,0.7444069223698394,0.02719392525036875,0.7531577382200288,0.049076180350798256,1285.33648360171,2171.095896658798,1556.6687236912258
11460,1.19175784756444,0.031784972118812635,1.1561732928993105,0.18366098476609696,1153.159106593005,1.0120024990679217,0.05605016239233148,0.9982169552850788,0.3672155101494196,1131.994204009996,0.8894763398704877,0.03437649183693223,0.8920089461230922,0.07618822098447933,1317.7836947780554,2608.798419496832,2207.7607192229757
11500,0.8961255386234547,0.04027184364631701,0.9231581597171071,0.2653352330314869,467.543087709431,1.049999767620351,0.11061794154994044,0.9976309212679856,0.6932780460073972,414.3393909852545,1.286162662273379,0.08473136907187857,1.1648469992244501,0.3337938412559645,508.277683593143,723.2711776942565,582.6876430035953
11540,1.1424057659956146,0.02773015140097807,1.121293938389344,0.14620458303119105,1536.4695374893956,1.061292980171556,0.07205658173813968,1.0187840087826447,0.48955857650177625,799.6530422046557,1.173243198728827,0.06498457052173118,1.116216337893976,0.22762904188293195,823.146009502904,1904.791445109216,1400.8433869802764
11700,0.9815543119214016,0.021678884767182643,0.9831130503129606,0.09474326047786451,1969.2280861882764,1.0335462290134807,0.04499946238305012,1.017462086768597,0.2722228181280303,1665.5580951957693,0.9870562290398276,0.04311311513666275,0.97966867631392,0.11482329673608939,1645.4043257954038,2710.6976398055504,2452.3458141547167
12020,0.9762418971048976,0.03315540642358999,0.9805220916206884,0.19665809192602043,745.5238768609672,1.0350616815049256,0.07168708575407866,1.005550155006248,0.48698947019924826,644.6117713689522,1.255158900394304,0.04654302992324921,1.2115010313769177,0.13132511730098148,1135.268322672677,1748.083571945056,1010.5473610225042
12060,1.0041803138660392,0.007285215804029129,1.0041081973321506,0.01168112356924035,17411.97103074336,0.9725036210471056,0.013795210390238141,0.9725701185865284,0.03395966191906444,16992.54022672502,1.0603138429822359,0.008136868847453326,1.0596809944197838,0.004599321759145551,19734.786672273,40553.389444084176,26778.51291786438
12100,0.954778551993781,0.02438996477109004,0.9598351978810792,0.11697618381237929,1421.3898534422442,0.8282295204682675,0.05518531004482887,0.8808759087134229,0.3600190389379059,1136.5087352772728,0.9904382970485821,0.03455614915234982,0.9852288809232602,0.07692522767361375,1210.489265027501,2533.043997228336,1679.5793848341384
12220,1.0811520935943388,0.037802595511374944,1.06108000495602,0.24140906465281767,642.1897166020518,1.1006704409071153,0.06229821737269338,1.0479710961908846,0.41755719107585426,937.7186648438018,1.1633294882383136,0.055122396134899714,1.12123417205117,0.1749512384385222,726.5150565376191,1132.59871059142,1211.5932811959563
12260,0.9719477881607517,0.021064398515809962,0.9742911100107687,0.0899245380913913,1985.6476464851344,0.9387261488501771,0.04699870384258696,0.9490817428254564,0.28978364512587057,1476.0536107450596,1.0543125850726511,0.030302886044086864,1.0463873515622413,0.06022451690508442,1722.9599547798655,3546.8217680346156,2852.241284070883
12420,1.0328970441820866,0.010509747965772252,1.0320594353591783,0.02400678952914947,9163.07714004669,0.8873689270624818,0.02164134813159152,0.8943036262750695,0.07962422901571857,7524.477809998007,0.8051120254050205,0.013766751481777821,0.8066472298530839,0.01305382072511933,5508.994992501217,18537.624293861685,11674.112133677047
12540,0.9366820269779302,0.014330254311865031,0.9393638163518747,0.04373111071840205,4000.9592800102837,1.0242474530565868,0.046700794314263494,1.0099503325613335,0.2871732409079937,2276.1726768671706,0.9662317348081686,0.025173849159838793,0.9643887811881716,0.042353163827751804,2450.779822315326,5899.978740539395,4397.603304025464
12580,1.0328735030412834,0.010584643636022342,1.0320247782337062,0.024341809651378984,8718.065865899218,0.9241120792648855,0.01993477120832102,0.9275553124895431,0.06838640428136035,7321.744347730407,0.9941238733138454,0.012477627383144311,0.9933563577440168,0.010748600624195468,8487.142033592136,20377.8456837744,14919.126247901771
12620,0.9720680802891022,0.03450402016531017,0.9775037711249299,0.20956099297209113,725.9692689785593,0.9994858315913332,0.08598650066403997,0.9850393940118711,0.5773015063065248,499.69223908970804,0.7894620439087429,0.11882764523634215,0.855600232417727,0.4963252616202324,545.1257338716855,1464.2990528480557,833.3069011851835
12700,1.001584499544083,0.03701754824379153,1.0007479511688917,0.2338064465941036,662.4411404269449,0.8229796597614973,0.06989536315050894,0.8948357074576023,0.4743534076989597,614.0920034821116,1.1644386543468184,0.052606963306278474,1.1253103364653867,0.16187397190153333,1008.1301853354248,1216.4559901420255,1073.6174891974827
12940,1.0332878661733118,0.02026784362295987,1.0303308921388579,0.08381132287645326,2325.6306535344743,0.964968295132578,0.03879157306747516,0.967033164546627,0.2175044314422735,2386.495222554793,1.1389443621866429,0.03315133588781184,1.1235416030309937,0.07123434622032734,1770.1050916568458,4618.687319242649,2943.519168556155
12980,0.9692515314140818,0.03499627842728587,0.9754135193686737,0.2142926315083515,713.1063434352251,1.0474375939479152,0.07469589500569261,1.0103992011964902,0.5075432207805015,814.0702820736847,0.8716623182303117,0.05416901456163847,0.8803402917371196,0.16997149880500223,1008.3105379857717,1165.187309103039,1282.3879449902179
13020,0.9975367746985959,0.03853813390165436,0.997653530612938,0.2485372574564837,623.706815550808,1.0278400965846703,0.08728501141072596,0.9966351633610143,0.584599143060097,511.5133792104367,1.0492952375684064,0.07654306509466512,1.0125605676611305,0.29021494715594204,936.3981202974574,936.3981202974574,1215.7969103071534
13140,0.9483441825099435,0.02599007732354656,0.9548378073981445,0.13075545148827367,1254.8992946422384,1.088870053894709,0.06444917789846144,1.0391991910300828,0.4341543663485815,1201.1695971353888,1.0864384341644238,0.03817710594846674,1.0713229787845393,0.09232467056291314,1082.6151647859833,2539.9482130932424,1730.0952775750295
13220,0.8633295908759941,0.042362360520432026,0.9017836011601773,0.28552776508112954,405.8555612728669,0.667781576220808,0.0960736397150667,0.8610857243014997,0.6303118426584828,416.1879885809921,0.7595901055873144,0.10991102578282638,0.8342091211560938,0.45742707630771123,461.3407637593599,598.6928569711891,381.80189513890485
13380,1.0544875809332506,0.03516234933604,1.0422938262130867,0.21589113843354174,790.2326874802432,0.9231496903026457,0.06821416147010835,0.946867635403369,0.4622294116679017,801.4818533710805,0.717191578142678,0.03941734148797254,0.7372970461136711,0.09782435380177466,1245.886458302281,1881.4837004371375,1268.2066649077608
13460,1.012087911755562,0.03413251899236542,1.0091871895964815,0.20599723146338395,858.8142619214907,1.0262141395171818,0.06444767962200265,1.0037462065841296,0.4341429441309626,835.9224414293036,0.7201680939081041,0.05135725776325517,0.7516556380578496,0.15545590132603354,1024.331949803611,1955.1179603040496,1306.5799700259004
13740,0.9546001047971512,0.041705610176294226,0.9667190026077968,0.2791958336441241,501.0454089348385,0.9308952306265359,0.08688695986972905,0.9562673923548484,0.5823774690929631,514.2204589948581,0.7309416083125465,0.06436951398723727,0.7739574806848037,0.22430248658597338,662.6420452599815,1314.2020714302996,979.007337242316
13780,0.9461253280892338,0.021428851400223336,0.9509384525119319,0.09277199968782379,1773.9227399304573,0.9597215149545225,0.0498685943046624,0.9643613639505401,0.3147743345847206,1379.8500129873075,0.8963951555371242,0.04669516693041917,0.8998716236791102,0.1320714821645338,1130.5958665811593,2558.589943221872,2169.613825755086
13820,1.0365050273244993,0.015590739456944988,1.0345281231180488,0.05135018807854979,4035.0332740621843,1.0935910910802358,0.03092540082673325,1.0757052542160517,0.15013797046659447,3657.9498136454877,1.182074649115296,0.02272231192640103,1.1730545580832432,0.034778685804735074,4589.013773411879,7566.450266761681,5420.806812282208
13900,0.9356937597637184,0.053351901841021426,0.9598684703519542,0.38795745894811173,298.95572781965296,0.8959759415616892,0.09984105765505333,0.9468387647989246,0.6480511768421601,383.390653879162,0.783823571908802,0.09936405730623048,0.84048479320285,0.40794516717726914,305.4162980288136,732.7950022739057,438.8582577804433
13980,1.0551910840245695,0.03138328461098303,1.0449048460349022,0.1798779621416308,892.6242108426454,1.178450125752756,0.0690721633930839,1.0828919559262868,0.46844910370617915,725.5638572822156,0.9951700964389042,0.06896251772673201,0.9771154890482779,0.2491929657251592,821.5039515252134,1378.7406759333735,1135.8318653372041
14010,1.171784182528017,0.03755524322772879,1.1302491006462592,0.23901281514546885,802.9320740744265,0.906741037855281,0.05886995160189795,0.9331730435323117,0.3903090089532444,1001.7253458999385,1.112575946455922,0.05285661086339822,1.0815981754883013,0.16316270028095503,855.2083852765406,1633.3107361303898,1095.6544617226018
14020,1.117459497916246,0.038605549467993425,1.0876929347240678,0.24919068937826186,729.8515525283005,1.0370782650271797,0.07120324028974495,1.0067965280168607,0.48360626620670616,642.2576165057058,0.9129613512943229,0.08072799537929237,0.9160114531266733,0.3126247987686809,466.1140155072708,1194.759302300249,996.2869580803339
14260,1.0725655087330734,0.020558300851054905,1.0661517528206241,0.08602260226816712,2508.30294007258,0.9162000410550012,0.04030099594534321,0.92964556957929,0.2307781182786401,2188.0135162506263,0.7835104316413678,0.026885686832010935,0.7901955959743567,0.04802307040613117,2782.0964599554973,5738.464611377304,4318.215160652133
14460,1.1010748802893826,0.007971840485647494,1.0996366048684294,0.013954581147924994,16829.497510525707,0.9462435962214171,0.014944494397644769,0.9473616058935528,0.03962022161403771,13859.727904846062,1.0271401752371436,0.011060211587849918,1.0262562614926423,0.00846479100432758,12842.230811975382,38258.27082526165,30068.164409065506
14500,1.0918222632966763,0.024791842282809378,1.0805273309985184,0.12039488415757488,1682.2833715168044,0.929738143951661,0.037680648801506525,0.939030650321245,0.2077763025097814,2532.118101798581,0.7160345798565155,0.031150669121432578,0.7291434074174828,0.06342473648936114,2123.6080848498277,3121.1601510831833,2820.3967643718233
14540,0.9571788573076202,0.034184363225424945,0.9656095372293355,0.2064941707320675,716.6658182916261,1.0288993356280056,0.07749651456079322,1.0002692812652145,0.5259244368490011,638.4961788766922,0.9927798495823543,0.06304897078734892,0.9775643367999479,0.21717190288178367,529.264556026909,1256.2078306839355,971.3111653712806
14580,1.0032988107408805,0.05482077870477706,1.0011769772731867,0.4009311635609057,306.53083085254457,1.0036871273885335,0.09349566738403467,0.9856390466201852,0.6175483421163367,450.2157781024161,0.7273651152752015,0.11988915703802623,0.8251922535297228,0.5007719651911476,417.5902305004641,909.3630680128928,588.4663071558284
14740,0.9936957977592618,0.030221579376844693,0.9944243859172375,0.16901659566355598,1040.0730961566662,0.9888407405322471,0.06387686452217806,0.9826609814488186,0.4297771021574243,904.7682833391118,0.6110353998731447,0.032977051173397665,0.6330214803978782,0.07054001722688362,1406.8615300383724,2652.79435400734,1826.6703327965188
14860,1.0178661987968833,0.016016167203311768,1.0167930362612392,0.05403732882711301,3491.0449616366204,1.0004255407231737,0.031211171241235083,0.9964660521781797,0.15250042745016834,3328.234764160884,1.0141504264976728,0.018565151239654465,1.0120028093965605,0.023488515358335394,3799.09404116307,7130.901206236818,5506.970541725073
15180,0.9573254991217024,0.026423206321215795,0.9627994831424275,0.1345585797064592,1202.8492667120925,1.0896448959574578,0.06393812803905574,1.0400876918977864,0.43024702485042593,1087.699103679385,1.0428313749783138,0.0655164754233989,1.0151442116584644,0.2305081579238486,1479.8841823963553,2273.84524326694,1805.3653760654943
15260,0.9430028237840418,0.033202167056073366,0.9538442656743853,0.1971037824440418,762.3856704974118,0.8991642060528854,0.07320409494064843,0.9366214929505127,0.4974569268964664,746.2529277094468,0.9791491166816634,0.05606918134450982,0.9689958673299424,0.17992218694503467,585.3841015626899,762.3856704974118,905.8985399671723
15380,1.0489284074531493,0.012905796580085135,1.047107199328826,0.03576476011257085,6014.8533159173585,0.9241538374967861,0.03078521836370502,0.9316488242158457,0.14898225194286255,3309.3982209530386,1.0784549705420308,0.022717378287637303,1.0730409058106116,0.03476410960523337,4356.033477344824,8586.040012941863,6310.818957327595
15500,0.9603657173534149,0.03829781067833903,0.9696331898544404,0.24620797663253635,567.2836716789665,1.0081997318297782,0.06633887387903023,0.9930715019163135,0.4484035787099298,898.69251025447,1.1061271104672619,0.052344357804863476,1.0766861206229301,0.16052067748543802,667.3069444859494,1440.6640462428163,815.558698293801
15540,1.1530662219149512,0.03692709186986822,1.1169480142152728,0.23293101649239256,881.9301598125102,0.964479066199227,0.06769081424225322,0.9690551586972088,0.45840283735144916,724.0784930043593,0.6904334014960575,0.07000236194404773,0.7496275901942314,0.25483499518167874,780.9609369016165,1634.715231488002,1313.469305470567
15940,1.0068137646791326,0.030127737064574205,1.0053328768049659,0.1681448017618736,1049.995054678723,1.0362031578236646,0.056069613037642914,1.0135208003257665,0.3673767708841382,1301.0844840375264,1.0274906371042882,0.06347026442026815,1.0044987715524536,0.2194448674770109,992.0465876121286,3133.918644493393,2188.169037854179
15980,0.8559259384091563,0.017809723257718645,0.8652996285357077,0.06597445084777996,2232.8106113975055,0.8577181197770535,0.03326939190191177,0.8775353618474915,0.16975008676577896,3273.624268308095,1.0283063712702718,0.025069827966801697,1.0238696920548236,0.04201854763445026,2605.885896725086,5598.849272750685,3962.4137694819656
16020,1.0736483657823237,0.0400957697115773,1.0537068774891052,0.2636304706688547,646.3746280131804,0.9271316304229084,0.07723952195897776,0.951945289135591,0.5242677757694089,606.860269553945,0.9247027964030389,0.07723533264906286,0.9241193245509565,0.2939381792994771,565.0037292046442,848.286110201364,929.4685752089505
16180,0.8982317181716136,0.039519662371647876,0.9239786089098817,0.25804996155718973,505.2116646179098,1.0353194185987136,0.09775847307676905,0.9964693153648058,0.6383765070422203,505.2116646179098,0.8281064795282722,0.06145771228593397,0.8478429634461704,0.20860598721615325,505.2116646179098,505.2116646179098,1027.3008895532644
16220,1.1037278178725376,0.04402405605049706,1.0718548086660258,0.30148151774281823,583.5976815650321,1.0537389501939791,0.08782694524116268,1.0071554988580667,0.5876021565117142,525.5554765013301,0.5465074925153284,0.07434801721238633,0.6512352666014509,0.2783756248255182,620.9459127351462,647.9761168530312,911.3500050406363
16300,1.0625475670643527,0.03254801171446857,1.050227882517816,0.19088146624198268,992.8487398875183,1.10380609124223,0.07536248574332838,1.0375838942946274,0.5119837362444208,724.6058499702993,1.089305991753638,0.06415268387846888,1.0521350795194409,0.22313050867592601,727.1269181453315,1895.777199517053,1452.4192680989047
16540,0.9782595852611735,0.0437288495338545,0.9841571208199448,0.29865533963523067,468.54830273533287,1.0333313305610263,0.09385316175845534,0.996870492046941,0.6193494290229347,408.14270128336585,1.0612018493558342,0.0781999200292999,1.0197790254614298,0.299116167995991,638.9433048166549,1076.0054757519747,717.4156677298929
16580,1.1299930550634552,0.037406939545355185,1.0986361714882,0.23757643133740425,746.8651003846186,1.0820002272148102,0.06374170418060268,1.0358942676121847,0.4287392065786076,860.470627034981,1.013880856410262,0.046947947265338616,1.0017275308354079,0.13331412419599759,809.8098629703552,2066.89563996868,1339.4665651020887
16620,0.8629460606481865,0.03074031078390402,0.8864264783190805,0.1738511263263399,782.1966308930133,0.98802967362081,0.06560256026373307,0.9820205924478533,0.4428889191348928,791.7961402554506,0.7362487276843201,0.07652313729158361,0.7903448333611628,0.29010768678805793,747.3965379536232,1391.616213518795,1161.2816338918556
16700,1.0480423811190296,0.02209723564695151,1.0431352115834978,0.09807310340534309,2100.220235258087,0.8758276106094672,0.033724586147868996,0.8929519735030884,0.17361496001801005,2930.3106572846104,0.9810678675087279,0.022065300501782157,0.9791503866990268,0.03286166174055851,3561.4938457215403,6232.206442863077,3743.1147876921477
16740,1.0244691153732415,0.010108456122797042,1.0238803627861155,0.022248505072047828,9507.166885241324,1.083540648504036,0.01921762346944012,1.0765745296365874,0.06386312321062437,9521.029379828027,1.082950745007996,0.013010136660120084,1.081080076928883,0.011674676862903039,9131.947116394995,20861.961220426652,15638.848895906976
16820,1.132873932583625,0.035136259459163814,1.1037911373593527,0.21563994211064225,898.6547036521897,1.0804884463527227,0.061735881445835035,1.0366831574954851,0.41315340469890294,860.0587668814526,0.8352857310377464,0.041141303564041894,0.8445224579296913,0.1056446338592909,957.2889179692668,1680.6777028664312,1465.440690053499
16860,0.9628934331748565,0.01878265657745044,0.9654510804181956,0.07284022879781847,2514.082839389687,1.0602245938712251,0.036327301000402885,1.043415771784547,0.1959919021870584,2663.710081202773,1.0414075747767333,0.03428192711075591,1.0324107267777474,0.07580136170720309,2142.6415616468053,4456.884763242131,3538.197235954354
16940,0.951083356063185,0.052749011741515875,0.9690349693946025,0.38257443666622926,309.82784705813907,0.8867089191496365,0.10837816663503082,0.9467766489724019,0.6845104183494568,334.02106487046285,0.6397847443275138,0.07146706412467603,0.7141336241847109,0.26277906873702245,364.2735797356991,774.8468181146914,512.3327128622889
16980,1.081357283832067,0.005557809696734182,1.0807878512739628,0.006831763936434775,34249.74626612307,0.9631780663191569,0.012696843341812895,0.963504361156315,0.028917393052714138,21255.305800548886,0.9824693991712135,0.006928539892130008,0.982269890478366,0.0033389671864113863,26420.199445368995,60269.479917268996,45317.61567400422
17020,1.021333231863177,0.03398416433139266,1.0165611529911485,0.204575956499583,827.9566325040907,1.0529592972895059,0.09075879431417155,1.005592310527273,0.6034199911246769,548.3557210483176,0.8174467878205468,0.048178117719109424,0.8321221299645963,0.13940537387497193,604.7595527236856,1686.725534264159,1042.3820526309942
17140,1.051129781454653,0.010385314239799178,1.0498837793710978,0.023454936354443245,9394.464918954458,1.0577118220958655,0.02213680786957602,1.050801589724301,0.08300572654340459,6746.21757293602,1.030265348657158,0.017221714777423444,1.0280844412452996,0.0202785377363962,7573.646527651414,16369.590683381495,11878.694953780154
17300,0.9875400707254475,0.02521053404171175,0.9888377807954,0.12398729414224038,1509.15350437017,0.8626223376703199,0.05921684490267551,0.9065873991394396,0.39310882369069833,1185.9711954510742,0.7812206674242274,0.03210538562392824,0.7907161350251717,0.06710714706331584,1234.3698091024705,2551.2562442381413,1841.546299294213
17410,1.0161627476511343,0.012735362879974817,1.0155298389991492,0.03485909103088336,5945.259757676818,0.983782398654537,0.02122009751439263,0.9830666632874451,0.07679033028064779,7477.325676030177,0.9921278266908191,0.01569561818041101,0.9909546666089015,0.01690187735824206,7599.845267777296,16274.475406887708,11566.834905273918
17420,0.9412512583481261,0.04048485660967557,0.9564274537704046,0.2673970265719133,506.27627958890133,0.9560879467446233,0.10369263804766622,0.968308700485245,0.6651182004034184,426.7614744613606,0.7602483307871214,0.07479146078095829,0.8058650559827849,0.28077109372127806,494.86626039154464,1020.0211211438967,711.3781789363384
17660,1.078578587959256,0.050719328471357225,1.0492329507696034,0.36421613295176336,417.3545531156873,1.066622077227108,0.09752790450651717,1.0078896344528017,0.6372855567003131,462.2543124311471,0.9116675675073604,0.06844680386714537,0.9143902822601412,0.24639476757417508,777.1658262887604,1237.86013705611,858.3366325902813
17780,1.1669845439303852,0.035344901534836076,1.1302065721070234,0.21764947204378765,857.6345023710365,1.0157215681265812,0.06045041609935208,0.9990943359204585,0.4029885406285208,996.4687164012923,0.9350966628238477,0.03867165659500445,0.9339268013362932,0.0945046161504024,939.142219253074,1978.1559071298648,1492.35846513323
17820,1.0918401373373146,0.01876220556340723,1.0850190715969468,0.07269321907391635,3167.6531658286995,0.838383051124724,0.030112091814110512,0.8579052913084098,0.1434628618906946,3796.9258387351324,0.6875985169519011,0.022920506229787363,0.6959138604979084,0.035366491913458614,2757.107910568309,6049.567442364512,4478.615165437158
17860,1.0240431002615353,0.027313937067323487,1.0203336930765188,0.14246921030003926,1211.5734751160765,1.0247202787899443,0.05932436108382824,1.0049196916037317,0.3939747006629414,951.537810145388,0.899840462009857,0.04857941691495139,0.9030754894857798,0.141407631545528,848.9546560349442,1555.370453538329,1320.1473157308753
17900,1.0278553102550796,0.020591123030694335,1.0252801445452455,0.08627378247014215,2196.568100927677,1.0116910547800164,0.03618760454475168,1.0044395140844014,0.1947804707610351,2559.393867195307,1.0981480873869387,0.0232811945491902,1.0917540999900117,0.03644745040821992,3358.40755180033,6101.256637219339,4134.659456304038
17980,0.9094716409652884,0.02689273509744913,0.921752665250078,0.1387139246842226,1105.138577373342,0.9858660821054284,0.05754205262560532,0.9815380645570505,0.3795065855111024,1129.7830880097004,0.9960032082232321,0.033296523878763695,0.9907402332366343,0.07181475467323124,1153.2201630556929,2006.2095174328113,1692.2735180657128
18020,0.9331419350678695,0.03837719455950174,0.9491620263187837,0.24697736992125058,566.5069365740613,1.0830837414485939,0.07890897759377724,1.02497947508056,0.5349217762706984,661.1966902914179,1.223616181711496,0.08646993237380506,1.1204419526455343,0.34288726286658183,423.01824903583963,665.5748663160949,738.4541634444134
18140,1.0487190244404836,0.012436186503227744,1.0470305822534385,0.033294413359049216,6606.042638693276,1.0279006147244576,0.023833187074374627,1.0228260314225717,0.09496054464573436,5848.776186397428,1.0253433004488999,0.015449356060065103,1.0236618548455594,0.0163842834629884,7613.151139750089,16923.543445240106,12211.89844618038
18580,0.9388337130122453,0.0230473200614379,0.9450928139275339,0.10577659536714093,1588.8314137827713,1.0650092341046316,0.06466179521966858,1.0255510613915073,0.43577328434773865,1060.9617704029447,0.8444152777859468,0.03034999187893105,0.8491447945737506,0.060400582377464304,1892.848873309494,2904.4760624875994,2319.053982491635
18700,1.2002189112275907,0.05252217088988044,1.1232689109073888,0.3805405302804315,440.30453353381836,1.1494653670902615,0.09686415892829327,1.038491619521319,0.6341226088302322,402.4378068293249,0.9443600598146386,0.06560428912836133,0.9393610469614818,0.23098366237744478,524.8699097616338,854.6381254929757,649.925809935248
18880,0.9820108388930684,0.029732160617151726,0.9846418098165315,0.16447980353451913,1049.2795752967654,0.988896261453189,0.05415284822408412,0.9838245116496988,0.35136286330773375,1269.34977612405,0.8884093953273471,0.03595905810116128,0.8912491192264032,0.08277054878154745,1279.2661705689482,2486.839914579077,1921.403679086994
19100,1.0162613134543297,0.0067403702117457874,1.0160784720266567,0.010016092395686663,20703.035888783812,1.0472639138972826,0.013402732377627019,1.0449257997713315,0.032115999515058884,20401.726948509793,0.9850053648861289,0.0077392640857624345,0.9847460840240045,0.004162641178236808,19518.74245803259,56571.35572046712,39361.83443076181
19140,0.8651058498280977,0.032270883963338486,0.8901249542116293,0.18825412446871143,694.3953545566718,1.0732712565723856,0.0859427296807785,1.0162529383027106,0.5770529847147466,612.8178193687714,1.166880270035111,0.06537923784918166,1.1107802447008481,0.2297651270093257,609.1488288801205,971.619734659397,971.4529605316642
19300,0.9575935508364615,0.03356778423822302,0.9657001180921672,0.2005930772120753,735.3813479872524,0.9932656101666473,0.07627492925936034,0.9835252955137296,0.5179955995967958,630.7393001243072,1.0604304858776294,0.07327902770148328,1.0228907525711057,0.27259455330613686,539.9058022639815,1229.362346531394,1027.002806143485
19340,1.028906703148838,0.023537559343770928,1.025513095423919,0.10982493765820897,1785.1776177091817,0.9639481149904485,0.07009181523467953,0.968950013238293,0.47575327194915845,794.6341638045913,0.8518876644932218,0.038211228244228596,0.8584376450363084,0.09247451336061911,1321.4696100669114,3234.638633241292,2157.1298322337275
19430,1.0558454238557193,0.01770463902231567,1.0520715037758883,0.06524884789710021,3252.4025508906507,1.048499810523674,0.03911801109857536,1.032184013527552,0.22037041223672074,2327.1359088208746,0.9567679104241325,0.028410724242109848,0.9549521244025219,0.05332684619151804,2453.8735082466696,5790.958862466346,4065.579114211814
19460,0.9622523547320816,0.042954245205973,0.9726647777159116,0.29122243656789065,481.817884833324,0.807571013160372,0.10221021475124178,0.9174975094154495,0.658673426571634,416.0970190541336,1.1695180618403398,0.06593136349684248,1.1120740227607526,0.23275516078589262,533.2202943504301,1079.235645614254,736.58941037894
19500,0.9420811225659468,0.03826280262014863,0.9558314330601232,0.24586868384725485,570.7776201078358,1.034290049312752,0.08209309051895881,1.0011128499886985,0.5545402765415564,627.1535231617219,1.0190041986407223,0.06295583185143473,0.9981418529231662,0.21666966328443435,757.8355836724465,1078.3490592188964,932.8424067495712
19660,0.9150576026667456,0.021008269708797565,0.9224806020126635,0.08948877417804872,1790.79289010987,0.7130163120969388,0.0462742811145949,0.7871182347097262,0.2834316866280109,1759.5358979683306,0.9834127765903936,0.02627383328409711,0.9806231446754073,0.045961481367784794,2455.2593430338998,4626.825835721776,3101.3646468651536
19740,1.070415200104533,0.009350143844970259,1.0690324114782666,0.01909700797610445,12520.028159415722,0.9338882102349455,0.015727600864171687,0.935661075458694,0.043695104027497614,14097.493678529067,0.8181849611170916,0.01122824889931229,0.8190966644827523,0.008721694945455178,11077.56898234224,26921.665027908144,20696.552541865854
19780,1.092246061364055,0.024597606238650007,1.0810561661178602,0.1187388890878778,1835.4400206642877,1.0438535616642042,0.04485646994356734,1.025050911317651,0.2709635478615497,1849.169122985082,1.0600365266429366,0.03898787226594712,1.0468666127510429,0.09590761856748872,1662.5380055981027,4605.053086072274,3168.7265664081756
19820,1.0408354637658652,0.010344702052412108,1.0398385730338815,0.02327611358834632,9246.128132287993,1.0430958314914895,0.017579002205940355,1.0393896134526355,0.053999677483983724,11440.514316749159,1.0654308104969823,0.015177625766811214,1.063172798894792,0.015822042374612943,7723.512052708318,26122.608074435615,20318.518093358263
20020,0.9136163586287109,0.027788433046790538,0.9259988910961461,0.14672952756016952,1022.8036571253842,1.152124799112845,0.07715530109897431,1.059078479951832,0.5237235419433525,823.9360572614225,1.0327424957854747,0.04917594841777301,1.016855230541684,0.14439724070895926,937.2034795673691,2304.2354928764044,1410.0349311514126
20100,0.8885175724584603,0.03831965918840281,0.9154978161606707,0.2464197314863774,518.3248080812474,1.007630022298959,0.08803482763814709,0.9881022882594298,0.5887474731452367,465.2857482945601,0.9178851940357491,0.05826028149774462,0.9188106992498684,0.19151341634115987,406.7342075929522,1248.7672971620582,762.5521115536861
20220,1.1296329406390495,0.04811510556395208,1.0848574801628241,0.34017083680086446,494.4048085009557,0.8970059928842419,0.06646848958499633,0.9318122377807179,0.4493693472385233,815.1577810694401,0.9270327235187193,0.0878809918957443,0.9255215521607455,0.35021817912743425,650.94534205802,920.0037574486614,916.4401131096448
20260,1.1033179374917501,0.027434374483730338,1.0882007369791655,0.14354762992931994,1445.8638645797148,1.2496962529796218,0.05213508654898009,1.1576975144548702,0.33425583975962075,1577.0641858747942,0.9100728515578078,0.05414482291903434,0.9122205358402239,0.16984549534712134,1732.8599839961814,3127.5233852070382,1996.254269320338
20500,1.027193504761931,0.02144230900207659,1.0244826862470502,0.09287773446943456,2085.625349655509,1.1042777358327096,0.04101485670666423,1.0735021567030418,0.23707080391423388,2105.8503706705724,0.9495624099542148,0.022684723192351177,0.9486317683953439,0.03466770041418116,2524.586390162477,4516.128769402973,3179.303514571272
20580,1.0369203233368474,0.06183853033739215,1.0190231704422836,0.4599181721723669,257.37454542451326,0.8340401633908509,0.1338488229564074,0.9418763006681169,0.7679455606924788,257.37454542451326,1.0629102394735896,0.13774827083375624,0.9830363707242846,0.5697444038294818,257.37454542451326,257.37454542451326,488.52542301117444
20740,1.1784753534170507,0.04664860246829762,1.1195674214898776,0.3264161440973459,558.4431174411657,1.0805392093154969,0.07924774669568183,1.0235700294896728,0.5370526636108088,661.1095459703661,1.195242346427817,0.0888292820092458,1.098463809495027,0.3551185807202068,754.0582845684934,1493.8076632555765,904.9558857806509
20940,0.9304798953336013,0.04147681636388618,0.9491839072508141,0.27698710747980254,444.8417317705005,1.2520996266650681,0.11716864161055007,1.0529811994982128,0.717187555824441,395.8889272602246,1.2566391468322604,0.09358743722084528,1.1299619112202013,0.37936247429532405,585.5221135389307,689.6521535452341,548.0585437582781
21060,0.9642645261035936,0.048252523620056505,0.9757858157711514,0.3414522713356824,396.67848293772084,0.9394294218113108,0.0958660129887677,0.9614753744415353,0.629303021957327,486.3029794826217,1.0163294315094464,0.07695597546615326,0.9889539783911513,0.292436389390425,433.91890746483676,950.4776200582962,717.5367049233168
21140,0.9479091299314633,0.040243966412928656,0.9611882194437338,0.26506535256137814,518.3976666639913,1.000440100560455,0.07394499181808657,0.9873861910176335,0.5024919352123206,904.5393932587311,1.1283173429206972,0.07123989772465804,1.074543310183837,0.2615474089542416,472.42630806411546,1420.669075447318,1031.274596544294
21300,0.8863252303394794,0.03207291186497513,0.9071404633812419,0.18638062003551367,760.9462463857777,1.0754160121159435,0.06790581790778125,1.0289792859126536,0.4599778865787587,747.7543052037231,0.7747414919011294,0.07002433948618134,0.8124686728560008,0.25495423096582703,792.0601096199288,951.767999728209,1231.2349573139445
21340,0.9884397738209647,0.02012569530670306,0.9892312975555128,0.08273675161160794,2278.979918213525,1.014464185555682,0.055303618220375564,1.0000230488625212,0.3610064738330106,1337.8793942849454,0.8725213453883977,0.038835007262238874,0.8773014764313983,0.09522849575421734,2154.9562269498088,4806.338986304206,3248.5497758917795
21420,0.9246105212239893,0.03996453833596796,0.9438666738774547,0.2623596094642966,520.1371820331806,0.8330261543227703,0.11034336977299555,0.9309307176114716,0.6922200873238105,375.9366081373122,0.790228183436159,0.05720160907915771,0.8148578188469471,0.1858986357276268,520.1371820331806,520.1371820331806,613.5279270657427
21500,1.0949252051416616,0.03919881313038224,1.0702166866586085,0.2549407818020878,697.3011301731266,0.993873874578785,0.06707083695310348,0.9850639220543639,0.45383772337111494,724.1140364787464,0.8981447448518102,0.06055288255242347,0.9031515257326568,0.20375100892829484,681.2861910753057,1936.6598781976118,1296.0238360118194
21660,1.0028675241274843,0.026131246179316413,1.0022259152539619,0.13199174857211882,1346.7140144455486,0.9894340379110623,0.05002264049062086,0.9847012038275088,0.3161063583067195,1484.6665893892034,0.6681504077152884,0.04034513642294034,0.6941184151299391,0.10200838816455277,1670.1668536130126,3120.1518032612857,2153.1273816510347
21780,1.0759765531292644,0.030617009310632715,1.0625111611524587,0.17269963979422404,1146.1040956705938,1.1337780072667427,0.06311288584403794,1.066245462223824,0.42388986520483696,1012.53219803881,0.8885119663947788,0.05777226276100786,0.8949741981395841,0.1889220252234118,880.0270624329852,2263.3815419631687,1805.1557866553464
21820,0.8871961104477691,0.045829886640980755,0.9225089909585016,0.3186782907456419,377.28392045774063,0.952197067298706,0.09883255513071103,0.9665223052766405,0.6434062176493835,381.83211434750723,0.7840283776507362,0.053120995996412,0.8068469192402473,0.1645298130937273,422.29232831110437,612.8427485634963,544.6818541140592
22020,1.24334769330849,0.045362995380120855,1.1662496442560193,0.3142483444220473,661.1356739420064,1.0138936549312667,0.08310453331507492,0.9917888508853213,0.5605817530657636,569.6141669619584,0.8601243641062731,0.05711238873582621,0.8717308500314094,0.18542662352515946,750.4082971448261,2083.332737308632,1055.5476449115276
22140,0.8444010547375489,0.04307236438788762,0.8893087562676718,0.2923573947431939,385.12676790399314,1.0709178928963416,0.12057134567079188,1.0006346657725986,0.7286547861460712,385.2115029908814,0.7484866733258105,0.07326049473442232,0.7959636491601496,0.27249425492337415,345.0033935738693,820.8228809979564,534.4187955404931
22180,0.9741457745016814,0.020841374045402983,0.9762502344764402,0.08819747879952607,2120.6172595241133,0.9254735257604442,0.04926428431785087,0.9406372827278509,0.3095387903268551,1727.560956946518,0.8458827550212319,0.02037306094515094,0.8480457318455819,0.0281509220631682,2175.463583439603,3678.7007990218067,3733.7540609571115
22220,1.0487601920934755,0.02194640093133202,1.0438437859425558,0.09686804050991449,2068.2275680065104,1.1060221840243447,0.04174737761784541,1.0739827657367782,0.243533852292628,2153.2963566556496,1.1502188372242628,0.031827279490816596,1.1351978504268014,0.06602600901323531,1647.9695362676257,4279.71784296648,3199.533298182864
22380,0.996687005494142,0.0396537053424396,0.9970292268338501,0.25934867792152455,576.7295304138281,1.0054538791272702,0.09323658956940024,0.986355392979967,0.6162367434985772,434.5680467640864,0.6810595483124322,0.05286829159172386,0.7205037422198295,0.1632230505461221,536.483866341287,1186.4194485302035,693.563712285865
22420,0.989593318969188,0.026355238694585698,0.9907203536586032,0.13395984133849867,1348.9293291867589,1.0901134195484061,0.07043549209861649,1.0348095208075532,0.4781937083916858,1001.3748651863735,1.0064567338788561,0.043347169543797345,0.9967490048101817,0.11592847438016358,1280.5256143624877,2610.611223709151,1805.8618513896554
22500,0.9529355125436739,0.03541173995204314,0.9627742288327267,0.21829355399078726,678.8690806011817,1.0181800110395847,0.07522844771375393,0.9958358665906314,0.5110941299486851,686.5791377666277,1.268865029746081,0.057418468504605934,1.2041193308577978,0.18704669500694132,731.554864092606,1266.1017625960287,1054.1504482066487
22520,1.0010889742294953,0.04247076630386502,1.0002056379390378,0.2865716589024432,522.0637758113415,1.0744005676538277,0.07427388046109747,1.023960373241271,0.5047107591415524,804.7489361329152,1.2112481438504306,0.07409416267754922,1.1313242026664716,0.27700357202608944,720.5522685435982,1073.8012597454244,852.7713070765343
22540,1.0371864378276991,0.039974949062510166,1.0269032665909954,0.2624604360579665,620.7546067341672,0.979615438883012,0.0867486530593365,0.9766180437391275,0.5816023526224539,588.2969519332725,1.36012896393759,0.09273037669480444,1.196082295473349,0.37503995054089967,497.77744509854176,987.2187861226536,672.202018485057
22660,1.1267016981642255,0.030092703741309942,1.1051041332538853,0.16781956982474938,1202.0122832612458,0.8865321369085611,0.0531435007578282,0.9166775343266605,0.34283553541062556,1208.4990376110286,0.592585696590222,0.045473049928757114,0.6342183722891133,0.1261091474641064,1271.2623578188152,3053.7562672421536,2032.9973327516605
22900,0.9096727596124133,0.022447477652550334,0.9185848013145104,0.10089051955911837,1597.5170985636153,0.9428917329178704,0.06216709605255527,0.9560416795100792,0.4165327124779008,1115.1783973038687,0.8339303222142548,0.0349076533929512,0.8408890279451545,0.07837487226650484,1175.6560783482564,1822.638944427898,1353.2162370930407
23060,1.0643290624700195,0.02335197891421647,1.057147213318963,0.1082867424123946,1918.6066644871405,0.97002243768664,0.055070320807525296,0.97161641161807,0.3590584116511203,1265.8537851635963,0.980183533742386,0.02809618798717412,0.9771830211565099,0.05221392630954909,2302.276344229587,3777.9371228852374,2820.98016209774
23420,0.9656840646603487,0.0170828057151446,0.9676564048244067,0.0610206897038093,2947.6128471325774,1.1205457056699033,0.04293516048594605,1.0834376583079202,0.2540186446580466,2434.597378740197,0.8496073082448267,0.020972218092143603,0.8517846134581403,0.02978103047587774,2787.2913403650587,6959.89864877799,5481.971266869219
23460,0.8921550334630393,0.039655944964802216,0.9196097803087709,0.2593703758562158,496.73056929811844,1.0206761760059917,0.1102393602341156,0.9887042021319623,0.6918181081923498,384.1766520802351,1.3364619516859835,0.11116529574049845,1.1448716394864151,0.46306468033387393,430.58113562210616,760.6046342644133,717.5800763364003
23540,1.0495585136202277,0.03225931927261744,1.0398592893130658,0.18814460318788803,889.4866624313213,0.9188992075222276,0.05716163500030859,0.9398122659187907,0.37638768652460897,939.3868964345595,0.8539191801039777,0.03291661968560967,0.8587557133940107,0.07029987872256246,1146.5100538462593,2136.32959387324,1461.457504312001
23580,0.9679979963570745,0.03586441757875487,0.9746796890212003,0.22265962619058122,667.5338424883405,0.9579734246408542,0.06955898884361053,0.9657550635475414,0.47194828832820473,780.3981877231154,1.1114581273562971,0.051303569224565235,1.0821691252842822,0.15518145757944668,766.431619950666,1476.8634860971108,1317.014568597931
23900,1.0242049352244154,0.04179345958477938,1.0168682457743756,0.28004354242986346,530.6814953972737,0.9305690307678998,0.08595099229664778,0.9558995175303978,0.577099910630852,570.579450754805,1.0915404789447876,0.08952540285870828,1.0309834498676045,0.35870193858555943,622.7125798960088,1011.3516963394435,887.954672774299
24020,0.91759525341255,0.03383474411357612,0.9339304548880166,0.2031456123989853,718.1308749131612,0.8597689071596748,0.07052999442999759,0.9146910525384181,0.4788628654903482,685.3462413968963,0.7966561712311462,0.07735148095954074,0.8337891687949809,0.29456229910624987,837.5661570774886,1517.4944623148085,991.7720383471651
24140,0.9227964715321212,0.04843139328089109,0.9486024206056918,0.343118244730418,354.01822556150296,0.9402958794437656,0.12022180200919881,0.9651517313581094,0.7275052110081754,358.92421676273585,1.1277001854954505,0.06811587175105166,1.077561629315127,0.24459931705645152,414.7551384304446,848.0159843927026,566.9356853687193
24220,1.1432102855543007,0.03400995480525989,1.1134692266109665,0.20482295590500493,965.168537208096,0.925933737873419,0.06762003312799394,0.948153911131701,0.4578834031604743,886.6746575829618,0.8131515535496827,0.060906470924501854,0.835683489111657,0.20564672265656955,781.436080184353,1243.8877447307589,1210.1600539715937
24260,0.969149337333537,0.047998040558482245,0.9789341867044036,0.3390781538093729,386.95195428663243,0.9729509228897417,0.08765921320567267,0.9738372904055802,0.586675373654608,555.873340235472,1.001469330223204,0.09233664118914454,0.9720912667549947,0.3730474347357253,285.35180354599737,765.8306373707217,538.1798295842099
24300,1.0156975738390093,0.0517345802528912,1.0090909759891464,0.37344343561027055,361.0237372644584,0.9123626745622836,0.08055007016496019,0.9462158271695964,0.5451474130036489,571.6574410638193,0.7131992456516012,0.059815056001616324,0.7550614592717937,0.19980195822217478,624.4986410571805,1050.8201003609338,881.2657144039376
24340,1.1313103947344436,0.014995277398324526,1.124953653947623,0.04768610129326245,5101.838586505705,1.0770349333403226,0.03432801666512291,1.058698653185095,0.17876291157765792,3005.4577595164683,0.9127995251931945,0.023694573268926353,0.9131734833253994,0.037704022203544664,3466.7260196875277,8157.8735069611,5816.360997359589
24420,0.9459197578106702,0.03813039684253892,0.9586594299913134,0.24458547712228976,596.9680615281899,0.8205415408383373,0.0953965078093755,0.9170509804346304,0.6270095232891114,537.4181516306509,0.6554681979927264,0.07679059986595042,0.7333839887303683,0.29154691243742253,596.9680615281899,596.9680615281899,863.6469692886254
24500,0.9703971038681114,0.04236884110957237,0.9782820897154597,0.28559018070437225,495.86382876127556,0.8972939179865939,0.08565899927489853,0.9416992239917126,0.575438008781363,446.7577962774882,0.79361572940246,0.07703660361206403,0.8314258385266681,0.2928699326991937,651.7738141508651,651.7738141508651,932.0414713082059
24540,1.0673949010856578,0.028696537094113538,1.0566420773263214,0.1549658281690367,1254.5230031383833,0.9702054125676011,0.05157239724880138,0.9716076377568511,0.32944376054415814,1297.7215796478997,0.8231129934262605,0.03580225501115273,0.8312914833772731,0.08210940619444909,1437.2076844858088,2941.807205534862,2238.914061900832
24580,1.0535029490661163,0.04017069464618263,1.038832144815017,0.2643559528096976,645.6154198687905,0.9913452419762894,0.07713636352995425,0.9825050295683575,0.5236010780622803,689.7124417696805,0.9544811168030245,0.06782242353036198,0.9467623914839471,0.24300738861326956,524.6338789399174,2323.6192818376103,1514.9473625718233
24660,0.9808343910823264,0.017406680022187673,0.9819198220630534,0.0632087774663911,2881.695525130929,1.0919736276733845,0.04584039954745458,1.0591148679812081,0.27962076271364217,1799.4624038044976,1.0581033285873087,0.025197746447304385,1.0523588928005023,0.04243019940902736,2321.541103529281,4622.662293475592,3324.3329937400276
24780,1.1567726762971602,0.05278712316483098,1.095978632938556,0.38291569883267557,407.9513150751841,0.8759095725012899,0.09736632475625043,0.9386398738280456,0.6365186468100476,367.64681630200687,1.0983336083653703,0.07263728877396118,1.0510718304514495,0.26912026431548475,339.04209742521107,1068.915664235833,744.3188188969914
24860,1.0126765240977316,0.01761324084695738,1.0117285453591291,0.064620328373163,3022.0452396496103,1.147951766727859,0.03562826423662875,1.114998980109878,0.18994053971963978,2861.5909570221693,1.0111474775438465,0.021699858292432404,1.0083339522286974,0.03181652115669564,4042.1198906413574,7168.406679532915,5248.91210648562
25060,0.9086746246438852,0.02542491529359647,0.919916016531089,0.12583846393635137,1220.58078558595,0.9021747817027511,0.059345494649115385,0.930666315494304,0.39414479279468434,1095.407470396765,0.9804114223227206,0.03286831700018889,0.9763666270159171,0.0701081645196213,1638.5644530361842,2741.444915517709,2014.8854435029791
25180,0.9007844980628582,0.02804917977704125,0.9152787122646736,0.14908361182793442,998.2763140978421,0.916671966272456,0.054338932880779935,0.9370676049024801,0.35292807546187444,1278.9198916258388,0.9893893601064934,0.04294992882212791,0.9817851555015404,0.1140546645492958,1329.3884185155575,2281.1869401497356,1827.2410877403227
25220,0.9107724145853431,0.05215039444392344,0.9436768839910438,0.37719718764439275,285.7603672374975,0.895636571424804,0.10907313255146871,0.9498103323161559,0.6872646404740645,397.6167524421286,1.1310974989783689,0.08615159809774423,1.0599926796988317,0.3412271593633285,325.54128044725826,659.604989063126,561.3511330564245
25260,0.9843775979787704,0.04871829488518894,0.9890902925788586,0.3457856214600297,391.17829850395236,1.1582841398514307,0.11348275517539491,1.028865221810093,0.7040432946919826,497.15174319664834,0.8309903980792751,0.05644415148405678,0.8476753833322674,0.18189753970544179,435.8535038636686,927.2592258174873,671.3389671992726
25420,1.052765229402614,0.02621429235654817,1.0454976291853093,0.13272050925473297,1481.0421831318215,1.0481181563306143,0.04148018672774996,1.0303540055967215,0.24117592248468034,2016.1590942863693,0.9630107707658033,0.03699300357244975,0.9594981113374287,0.0871779293950103,1211.7543091188393,4408.692614874744,2663.4128454751904
25500,1.0446439382095654,0.03785914333002877,1.0333596968780459,0.24195695843856735,616.7946210961637,1.1613254829208395,0.08907448585051779,1.0502498201658292,0.5944206695843672,467.04751981387915,1.174027238190574,0.07041279923087969,1.1094252216623406,0.2570616212244616,536.3637789459368,1083.050943729587,779.2079132415038
25540,1.0816430115555133,0.016357439800451592,1.0769398119136973,0.05623384089299314,3828.069436191999,0.9103665290357545,0.02879495221471965,0.9188794858645812,0.13281733247275124,3632.1555432809478,1.0079146220896789,0.018708423294760884,1.0058832081549804,0.023843770562179442,4087.4785570282074,8831.568146702397,7062.256247859732
25620,1.032880793505543,0.04883473316758612,1.020784087026323,0.346866461192516,408.5257658240403,0.9007576695414025,0.08192814573541007,0.9415562998499836,0.5535463944063388,548.0759992670025,1.0359145900441729,0.07483391269416585,1.0041062495367352,0.28100032800477415,389.5244159212586,958.9113632985368,832.3836850164072
25740,0.9756815032931391,0.03705548206176211,0.9809094393436797,0.23417360897342404,658.9806122650974,0.8812119716990146,0.07180783678215841,0.9267020538412293,0.48783043701022855,635.0012382426361,0.8292570174264432,0.069110841991921,0.8526220005511043,0.24999777729323527,783.048657284656,783.048657284656,1361.1777641445767
25860,0.9191890221176762,0.021517579963458825,0.9265560880947595,0.09346989758930206,1732.7565151698363,1.1048270915536682,0.06031469588422711,1.0524322868311151,0.40190748385193686,1283.342263629045,1.0819974906508711,0.04460949852808993,1.0625743764566873,0.12194343033855992,1223.0803997628002,2496.5425537992064,2001.9860809081936
25940,0.9147596150018961,0.037545476037419,0.9346488227903079,0.2389182077454358,554.6139951887056,1.1214819097747368,0.07187232779732539,1.0496950505152842,0.48827903203111817,725.825002652055,1.0705523504947136,0.056506789651573755,1.0436127715653463,0.18222787131247326,573.1748078151937,1290.3675357986447,1051.0686251877376
25980,1.1055488665723432,0.04598575774257218,1.071118709193748,0.32015449833117277,553.6549062646642,1.0492753988155514,0.10789271581966486,0.9982099814161945,0.6825682354186161,400.2904352163722,0.8123336290939022,0.046523873718795766,0.8268194761355635,0.13123122122849384,539.8502471587464,659.3840148549682,660.5660089986216
26140,0.8712106156228115,0.03267215570037562,0.8955630626480091,0.1920601612734615,693.7535778742496,0.8672732231880911,0.11250028948613527,0.9423488156571231,0.7004069537048481,408.85118133122705,0.8392992992447988,0.07762024915309779,0.8639916597955973,0.2960058738801295,521.2431725417537,918.3010628515801,717.5779499446912
26300,0.8741855592174548,0.03765693716026718,0.9039023374905606,0.23999790996820275,513.8440269962343,0.7936436771168641,0.10350819956306993,0.9137655858704083,0.6643246665374174,436.2447363513446,0.893433481956268,0.07746289491832505,0.9020770596971786,0.29516082207721234,441.26953339746893,710.5431207173044,845.1313115242177
26380,0.9690018995603639,0.03436643764403282,0.9750418396793792,0.20824042546423036,742.4698235332474,0.9158779165899261,0.07299812803250119,0.9449383240932152,0.49604820536285127,921.112513102888,0.9274355096010722,0.043670823611179174,0.926881355729699,0.1174620040265869,813.4708561087504,1532.7738442534646,1234.8636410138388
26420,0.961112648228199,0.008200671267085125,0.9616570257533924,0.01475521816932532,12743.201928598231,1.072567189169316,0.014862080564882706,1.0687213064589849,0.039201525491668686,16774.58618500638,1.0002438184663947,0.008688573295838822,0.9998375213626465,0.005240782533681243,16367.51468194812,42241.926626594475,29412.449750369684
26580,0.962518348339209,0.02054960267968948,0.9655687748270994,0.08595608131039804,2067.8214853989703,0.9245437779791367,0.0535312876859816,0.9418213405579632,0.3461190515193712,1383.6089428695989,0.5576521095524598,0.06351222254171494,0.6378465760367222,0.21967134350143147,2236.280767328453,2632.6718504123746,2718.3981552045575
26620,1.0141029692509893,0.022878588508451408,1.0124225903480766,0.10439455890122072,1811.5122482457755,0.9549741173111975,0.04351606424681135,0.9600242499389499,0.2591454602701078,1705.2296205758173,1.0187451150787155,0.03432031140002534,1.0114510419842282,0.07595830035774052,1494.825052936526,3169.6738148411296,2350.8068970975314
26820,1.1183498155335254,0.04938318339052093,1.0759957355464742,0.3519439059282453,482.48324814411586,1.078661056722599,0.06234408207080073,1.0351145842669311,0.4179152009274107,1090.8737659317555,0.8372624230662067,0.06504797200454758,0.8567438620553117,0.22797211889464264,617.4585613819567,1238.2075392860118,1178.1467271816198
26900,1.0394615448492885,0.013249802180155784,1.0379018375420688,0.0376241077643135,5710.632599486559,1.0546798088316918,0.026520903044101617,1.0454559828490237,0.11498441371485606,4866.430416495154,1.0488177582803424,0.018359942208514564,1.04591947697721,0.022983995418716444,5269.192375313968,14701.35575950808,10330.537421075876
26980,1.1906101725407072,0.05876526841988022,1.1068817278819156,0.434718943710713,362.03880864890743,1.1778877714986944,0.09814141015558386,1.0476585873427302,0.6401795890071094,428.70633255964987,0.84002379039328,0.06604458738058733,0.859321966874842,0.23336854795183787,445.7482186292546,1178.8115030274378,677.024060950783
27060,1.0800914044780057,0.05600631099297092,1.046333932227179,0.4112509088715869,306.70056535051003,1.040897851096055,0.12081806776873924,0.9924352184000476,0.7294623698670379,236.23195270470407,0.8113705505482991,0.07361324454620764,0.8419245529477697,0.2744028954432611,435.1511835579297,792.2476327172346,379.3910744614664
27100,1.004444353029628,0.03933540141738426,1.002794572100225,0.256264465964778,601.0314944340546,1.0738257051825804,0.08883440677459407,1.0148910895680634,0.5931186816145091,552.5105017340701,0.7999173672456872,0.0751032583183511,0.8346028814218234,0.28245437578617666,601.8144871680503,1152.0965617956645,883.5429275303939
27140,0.9542408104340008,0.022920038417108622,0.958824550006453,0.10473351836955055,1623.512616124035,0.9520876590534141,0.050737485022044414,0.9592982278224582,0.3222730897494737,1348.2589179927281,1.2614896308973924,0.04407679939085207,1.2210422662138627,0.11939411341316813,1298.2094296271953,3429.86199750909,2568.561309358772
27180,0.9092496895775491,0.031533362321079186,0.9253404048981521,0.18128982696763157,795.8278120223939,0.9395370544688836,0.07683653253916971,0.9577557954291903,0.5216577696404542,679.5202827663434,1.0130280229923236,0.05508335163063382,0.9972465992860399,0.17474677661320637,637.1292793253996,1423.5131373081072,993.0407838475887
27260,0.9321771368397384,0.012013372706806896,0.9342269503717864,0.031138263698459036,5740.912737272052,0.9515707205752371,0.028802453687586455,0.9546124203778582,0.13287734639733897,4185.617935447518,0.9292430161913489,0.01594084287493165,0.9291293148111244,0.017424870460633284,4991.309427794544,10560.30553538354,7344.356103999233
27340,1.1535727895260377,0.036763005263274105,1.117583569543191,0.2313433775460403,934.0512839714395,0.9950089767315621,0.09298883442651858,0.9823728979486388,0.6149774625504026,597.0962268721225,0.7849870185521162,0.04645217673168825,0.803013214436814,0.13087995435093897,616.3692562880309,1586.1486489675387,840.8679873210851
27500,1.0228064148692226,0.04567718781923078,1.0149391332199809,0.31723078865770354,463.5244000711722,0.8895850578652033,0.11232892753704882,0.9489789539552776,0.6997668225080663,362.7503795993627,0.9419651830355839,0.08119189453218717,0.9359004668040132,0.31509271635447195,450.7935593767866,1015.3684286869166,729.7432801239646
27620,0.9610607650129457,0.030197145343400563,0.9672968257751321,0.16878951886361587,908.8697936651376,0.8996464275260039,0.0627963351211143,0.9311762916760157,0.42143589498562356,842.1525118968384,0.7595815435242742,0.07346555397778208,0.8042162516469423,0.27360388378007605,640.9701019333174,1238.04906596714,1264.9817328183958
27740,0.9331831334140449,0.032916288039156215,0.9457835799585825,0.19438110169562398,758.5302146617015,1.0306524652545628,0.07125824862669318,1.003456611264626,0.48399198859094333,692.850382008478,0.8576958312455994,0.07177788160873627,0.8748917924508343,0.26446394340595636,957.0114785967229,1565.3221054999951,1093.751545756675
27780,0.9835161713292534,0.038820551320270756,0.9871572350493115,0.25127462585683985,586.982398571185,0.744899293178754,0.07949834825866826,0.868546743499894,0.5386222546059364,567.0254028524591,0.628456533579066,0.13006385462052875,0.7877713004468877,0.5414058709235384,401.6010908810125,1488.4414013744515,1033.7309025609277
27860,0.9907022531683501,0.04765471781392793,0.9931555327294723,0.3358681379100807,408.03654763140844,0.8737303368529727,0.08762000276396935,0.9328051203218043,0.5864583764660832,494.7008659182605,1.2347250651005617,0.07321171242939219,1.149787247370747,0.27223023955639497,593.5759737064628,1036.7275761494082,652.7949265433325
27900,0.9805190201305933,0.03244947990798264,0.9838407182050265,0.18994670333431113,877.7878954478928,1.0859444604508146,0.07341944398778029,1.0303228811594662,0.49892562851601785,842.5071891654882,0.7474128056631267,0.053910311071399916,0.7769736015886423,0.16862496852055858,939.7306888199134,1865.0651648143762,1233.4117427579831
27980,0.8445300876888269,0.03050952058478645,0.8708815343076226,0.17169699340584943,757.7454709639337,0.7721628696507529,0.0685794475255003,0.8662087020101051,0.46488557055048446,727.4637962047275,0.5448360951652349,0.02850023227460214,0.5651076844907201,0.053645334220827755,753.8723984336361,1077.135701774671,1098.0929592531813
28020,1.0880679369347115,0.03677817468923171,1.0672196141001942,0.23149012962048965,764.8660015010153,0.8915926679156208,0.07604833020376439,0.9343953590527444,0.5165097512594999,576.8834318986891,0.724445623429166,0.04955238537008525,0.7534512044901509,0.14629175087202723,687.6934358599098,1707.5457014801186,1089.2143229267176
28100,1.1169300191655553,0.0435245517464797,1.0816457466072023,0.29669729541003875,575.9800283590833,0.7110684269847418,0.09243959270726088,0.872309465708022,0.6121682748609427,493.0558341749209,0.9956719373179717,0.07162335649275117,0.9764392996408423,0.2636263458199113,479.2503775941278,943.5827199853127,821.4243125497553
28140,1.0651397887426552,0.01216370973538503,1.0629984086589213,0.03189746282908395,7170.663902628872,1.0516594680158726,0.02607060718879951,1.0430484655791623,0.11154478558519018,5133.0871148441565,0.9209004603877302,0.01580220763769052,0.9209315879506682,0.0171282738879451,6432.642609717384,16407.23175285766,12062.704787056782
28420,0.9946995794855855,0.03121891271896735,0.9952893235555934,0.17833379707567876,963.2886107922719,0.9854237679676001,0.06590761641554961,0.9805437041965605,0.4451794960948541,868.4244818992528,0.8973525810934826,0.03911006068418641,0.8997990961793677,0.0964516387640577,1121.6739691697521,2035.0515413787825,1631.8684033107056
28450,0.9911846957969888,0.04755615290309022,0.9934696413678915,0.3349450918450642,398.61493447722887,1.024995674039599,0.10167647508683496,0.9918294873321962,0.6563153383733853,373.9636824459502,0.9267320423068675,0.07730972580472648,0.9255504928322502,0.29433794803334873,347.634193056977,813.6010923185005,637.6719761105177
28660,0.9493895035535562,0.022895572536973722,0.9544716085851752,0.10453340379188464,1661.562443762233,0.9273552950675232,0.03972541528334524,0.937987716356683,0.22571047554638496,2804.0491175454567,0.7953485206091258,0.021600356635966256,0.7993650579852063,0.03153458980525586,2111.8638920452886,3883.2634500342856,2931.866374632086
28700,0.9261035297067627,0.02258346856435926,0.9334370330412061,0.10199159385230624,1621.0466541512235,0.9703026945895997,0.04768422782000631,0.9715328622328204,0.29578023935854053,1788.9623643248572,0.8458345285362797,0.07673358861044753,0.8682260224617225,0.29124020181490146,1452.670219020862,2559.735572019246,2791.0888578917156
28740,0.9808312411133319,0.03503085031427964,0.9845174965262081,0.21462531390038098,718.4627850721632,0.8571374985691315,0.07387499983460781,0.9160364395381133,0.5020184501389644,569.0692162707143,0.8875606411216249,0.054173380252524266,0.8935371523614624,0.16999423965814595,572.2246673139342,1423.7645048258723,1161.504598734801
28880,1.0219948883087113,0.017731791297369626,1.0204251864900038,0.06543602982672932,2861.764060602219,0.7714149816412811,0.03123077033024222,0.8024126634016102,0.15266276519294136,2983.9902580303537,0.8849057994795951,0.023122332603989014,0.886265880231834,0.03596957107979699,2437.0169957828175,4993.626570599094,4089.1267292258076
28940,1.0086068324419482,0.013002126935181406,1.0082222412137671,0.03628121426973946,5512.863187417074,1.0395287527581245,0.03046303538677373,1.0300072286568707,0.1463341526479604,3640.90528201978,1.015959495965933,0.0311658165847653,1.0100402771861658,0.06348251717148772,3360.4773658046674,7583.342872561517,6477.66814166804
29020,0.9142923766149585,0.03764614018852837,0.9343748465384423,0.23989331598242103,567.8800707375672,0.9693044586416831,0.08643737484618003,0.972294925964118,0.5798518421462112,640.2981113579842,0.9612747996925386,0.07245519009843142,0.9509363535055775,0.2681339611384818,674.541388164375,749.7448301501829,839.1598475990861
29100,1.172344054908188,0.03715596910788144,1.1313492281504045,0.23514633910316388,872.5502617622235,0.9475971077378336,0.09252891977764822,0.9640551101842366,0.6126268022009934,476.14494672081264,0.9275981783568598,0.08252679401886757,0.9260258438485136,0.32217345249429824,552.2055298127578,1521.4994663993593,859.0569753985717
29180,1.0297397636211694,0.02937258482064493,1.024625550593278,0.1611627678861604,1174.7584538797682,1.0289367943997803,0.06072978611216144,1.006863010303097,0.40520913817513377,1061.8538135730703,1.0438728453546309,0.043775119785448846,1.0295817006941586,0.11795746815121273,1105.1954441375076,2676.6387532525887,1784.9742747067392
29200,1.0990732262121319,0.035033298947479474,1.0773793768448308,0.21464887866140012,795.6835657274182,1.0730015431618871,0.06579678302576285,1.0292155618695733,0.4443482348380659,868.9192392380866,1.1922564136639895,0.05012433778252627,1.152046198332067,0.14918164017861815,1026.2076570732072,1951.1808673128398,1296.5499840069645
29340,0.9353334180051509,0.03507253448307108,0.9488098015052568,0.21502649892598655,680.7369836007056,0.9948136177252538,0.07456076942231701,0.9845025886734303,0.506638079232125,725.5435029128761,0.9858933672906708,0.05785050904198019,0.973931881051396,0.18933716197513042,615.2440700253543,1444.6821797859584,1035.976755679604
29420,0.822044981473677,0.032310579384730156,0.8552366337978757,0.1886301262936156,647.7034883931397,0.8155763213779539,0.09317994938407927,0.9134416903911965,0.6159492867472032,660.9146869326427,0.7103238853205774,0.05039405761556576,0.7422995952858117,0.15054910068264488,759.6988244102911,1364.0436246310305,980.6976447408474
29460,0.8888251576805123,0.017183316950079776,0.8955612599340271,0.061696432851427986,2557.8709294830137,0.9038014508631803,0.04245720274190581,0.9214523586943788,0.24979949138220617,2303.058221970186,1.007137696733246,0.019581795670727636,1.004937496392326,0.02606257443382056,3627.7406805485143,5392.883409459409,3851.269478401054
29540,1.1722365368352652,0.029643522542107312,1.143721912460623,0.16366082784174527,1380.6685121889484,0.9959740756609815,0.0450625245245497,0.9901059862091767,0.2727780662304441,1722.7656146050706,1.0705663723803922,0.04089679829171481,1.0551127170308312,0.10452352093138184,1483.2433256759723,3430.3302166547155,2818.466228059248
29620,1.1218822018047692,0.02220632077314007,1.1096249855969926,0.09894774098326803,2268.917363346715,1.1087209659934096,0.04966005131695354,1.0667019429102749,0.3129693859942915,1514.970868816422,0.8182331625320513,0.032421768211363916,0.8253742096253076,0.06834543884973328,1456.1730598711638,3976.4567895425157,2500.8458251643656
29700,0.9420081745506663,0.034592896984978284,0.953791045217257,0.21041452019968257,650.9054216181979,1.075312409278138,0.08276968591373961,1.0189780663148271,0.5585917405533238,622.3853034045316,0.783667999875639,0.14428309765135477,0.866028045140583,0.5923061847118608,591.5944547646052,1350.5396226368216,1117.9611010701344
29740,0.9300855698637152,0.043823431478545276,0.9504320619369562,0.29956123921090955,414.7544409566834,0.8197250407352152,0.0846051566575498,0.9078287770113184,0.5693783608992389,484.0566242970843,0.6956288010241364,0.06029275760412906,0.74158200185318,0.20235768754839278,538.6825603710495,1112.3154301404588,668.9118369039348
29820,0.8442739630956189,0.009632252597970764,0.8473859852137804,0.020243087311344946,7628.587101817161,0.8461409650587481,0.02163494143299455,0.8563528416729115,0.07958084331883464,8193.873326122557,0.8146026692910886,0.010812584633877492,0.8154776482528225,0.008093031112555653,7297.785088762291,16331.837532109847,12065.362042998247
29940,1.0804566414098447,0.051039529002898536,1.050186269046099,0.3671356906612634,375.033064706849,0.8867433168687238,0.11785466660714605,0.9498610970167848,0.7195497557606638,236.59180253145124,0.7314318871196726,0.0841462796161066,0.7946938072754223,0.33071921256668024,258.3583845663687,627.0906743817446,401.28304881632835
30020,0.9538041338734082,0.044636314374840017,0.9673888780387837,0.3073303743112169,437.1036861244123,0.7756355412580848,0.11457713439460124,0.9164098896581716,0.7080271073232602,359.10743667927545,0.6229886975844187,0.0458335167759666,0.6613119887147401,0.12785976826276002,429.158272667976,918.5845060273306,663.9287812488919
30140,0.9742874007572092,0.040877139748665976,0.9807198428394532,0.2711919738569796,533.4941648067276,0.9133506084604659,0.10149241816192398,0.9534088110302196,0.6554974889363158,368.2453476912072,0.9175827056337053,0.0790108931614232,0.919140995012793,0.3034598925653569,365.14813776394215,921.819539123496,624.0581238014347
30300,1.0189840636730407,0.037207016033747924,1.014040910274322,0.23564054177380683,677.3466303694779,0.8445156475959615,0.07534635023830318,0.9110320361173685,0.5118767331040801,677.3466303694779,0.8683444633003106,0.06242829455950509,0.8799709414597571,0.21382690406650953,677.3466303694779,677.3466303694779,1361.9857446406277
30340,1.0453281837260917,0.057918246426665015,1.025093573915883,0.42759742057517797,291.9377454042534,0.883240187235084,0.13201933216101971,0.9528426344665594,0.7630042933616363,246.64552738414832,1.218010346894563,0.1339599835544335,1.0538210369161858,0.5560224972406711,433.004182877516,687.1432322631001,480.04239196606625
30460,1.0412089851636728,0.020124816900044373,1.0376348419662678,0.0827301269936243,2484.777033843386,1.0938088584796388,0.04129698647418479,1.065218125653194,0.23955950163932307,2027.0406306394448,0.9297106234484568,0.031024391830489103,0.9292704669243845,0.06294386282030383,2051.1811923945247,4032.271431094912,3133.043356539874
30500,1.10753655387371,0.03877422622856804,1.0800636225443316,0.2508256149014077,712.0989063689234,0.8999955601638587,0.058049389028198214,0.9285644726971727,0.38364942519342565,887.4735877717964,0.8834586995680355,0.04666993162198681,0.8886388411740068,0.13194760127768296,842.4262663603813,1473.3849415006896,1316.9084792663552
30620,1.0608868023708429,0.04931032582437605,1.0387988104693493,0.35127070912881303,427.7779261551712,0.903158229185592,0.12272127115882149,0.9556081716769897,0.7355869501595342,331.11574804570546,0.8530807561230799,0.07984647775315985,0.8745237699767229,0.3079254740134646,468.63620364359144,884.4701735316675,665.5926143440415
30700,1.16066555600947,0.03348758354571301,1.1281618923759977,0.1998270112877501,1046.819652489249,0.9522761826214647,0.06755893246053192,0.9624246316995156,0.45743464612035384,793.7850782753437,0.8515716265463866,0.04861495670550546,0.8616448764718931,0.14158530452524237,887.903307353023,2133.6856485877506,1494.0478811077708
30780,0.9682911296577846,0.022004339065689906,0.9711833410136326,0.09733032938856624,1846.6741277636308,1.001497556536786,0.037847354788160724,0.9958407656651133,0.2092333269226649,2488.6411112706182,1.050040712411007,0.027641509409228698,1.043595306126417,0.0506225092880613,2466.216986505851,4817.912469963213,3249.997176257332
30860,1.3007682364903048,0.031194432939579537,1.2468451614018583,0.17810402358233138,1544.422047953498,0.9445254584564606,0.06970868851448318,0.95868592323798,0.4730199390394633,798.8742937411531,1.0013328323945903,0.050057715105855986,0.9896314283108711,0.14884432251305516,1261.1095874179007,1544.422047953498,1689.2003741440667
30980,0.9233463912869966,0.024701375093752264,0.932277443993047,0.11962274419605821,1313.4677511083703,0.8131852274335468,0.060532534259788474,0.8782831941444551,0.40364191876745614,1401.8147545398235,1.0630840411897302,0.05534514877488569,1.0383629403299937,0.17611854019031856,596.6696177598742,2138.701438161077,1587.7323729578713
31020,0.9508495730640988,0.03622247376610103,0.9615125853576247,0.2261173991494783,650.7960511585638,0.762801373607264,0.08714217365725882,0.8863694383240415,0.5838034703440251,713.9596121765801,0.7644585612524638,0.06535044939195425,0.8007963461771117,0.22960927655774513,628.5310229943534,942.5663692475414,961.0680396193816
31080,0.9412688808887002,0.004261773965770833,0.9414974417901719,0.004028380390297659,45309.914641193325,1.037523956307279,0.009436312489035157,1.0365034869049825,0.016181950011033012,42171.3945942367,0.8648688715565852,0.005297736260642087,0.8649819571451621,0.0019548439187864575,38681.63483875129,87632.7776616138,72381.60123811472
31140,0.987786496845422,0.015202606760919076,0.9882867567564968,0.048948870554304455,4016.9902684042017,1.0183713735594,0.027831266461881474,1.0128751977082286,0.12517020028244588,4362.159463736679,1.0640516853956647,0.02315202260483966,1.0589553727517012,0.03605867014723747,4129.22966558448,11539.320972734999,7989.943112686153
31180,1.0381910453731946,0.0235935256021973,1.0337590906308611,0.1102901596262413,1745.5408805151749,1.0643337164314137,0.06070084351762284,1.0279374250001543,0.4049793786884321,1076.025280871214,0.8383850911431162,0.03317335885048817,0.8443998899593468,0.07132226940480238,1285.8460733458346,2937.129947097464,2093.3369543975905
31340,0.9841373004934233,0.0353240521891997,0.9871531486059855,0.2174485914267049,684.1145966205904,1.0623649874826477,0.06380787763215934,1.0246327400292163,0.4292475491375648,903.2324960862104,0.8255385496534573,0.047560919841701195,0.8387879985992445,0.13634033507075527,852.3644911390162,1904.2614338334233,1565.2766616044944
31420,0.9041963192184038,0.02889456536353608,0.9189034657244143,0.15677551219099334,935.1828089889348,0.9882793966372456,0.07142695109117328,0.9815754467674783,0.4851732047560804,690.7239346238002,1.1948308773980338,0.05213598761245924,1.1514428247951871,0.15944860117436194,790.2954741183721,1247.705709028272,1046.084119468281
31540,1.1515560026722522,0.023439326986401596,1.1348175953541388,0.10900987725813893,2113.5907824456135,1.0033296334102342,0.04176483520844141,0.9962948797151022,0.2436879287435183,2082.390133739524,0.8604150734803662,0.041284824295074046,0.867038132073894,0.1063045069977435,1269.4603447334312,5299.63579250616,2989.4812128320286
31700,1.0141696744440991,0.02087905511855964,1.0127394244810344,0.08848844174515826,2195.482319516013,0.9048459854245625,0.05282597165509376,0.9285251118479729,0.3401402705789329,1139.8471028903793,1.0448212781173407,0.04778976012811581,1.0280351367205078,0.13747469790020328,1179.049733162203,3216.7456759768825,2557.7972320234094
31740,1.2710716695594453,0.05585504012505754,1.1591308512803404,0.40994183812823004,465.9339546307,0.7851824479683737,0.09476585855264509,0.9032741743735273,0.6239019402826973,439.6564558548962,0.9848778856542741,0.05960771457449001,0.9725270500736037,0.19869393115166153,462.8277197955333,1000.5667484587126,670.4393347984769
31860,1.278584170271204,0.06562584976065566,1.1412259871801547,0.4895550168242674,327.1939979125238,1.1231555185555615,0.12909075195684458,1.0109220814057556,0.754795855941913,268.99393923219105,0.9326893570056429,0.10543044735847049,0.9283332452995641,0.43685287523246924,347.5892443950118,1015.6107648579116,413.7911779719611
31900,0.9956505324607233,0.049547827067684645,0.9964832980776558,0.3534637033308689,385.83053952810553,0.8676963099098448,0.10319324958127753,0.9384779758696691,0.6629641869525789,463.53054475228265,0.6986424533390909,0.09271425216005155,0.7826613873277786,0.3749584343578987,414.1480191825083,872.7598422901813,607.8328702334807
32580,0.9735079680994426,0.021141232446313208,0.9757256347064247,0.0905222551003194,1895.299786206868,1.0252071808749468,0.05431799926343395,1.0073066247215106,0.3527521063820745,1515.6689343394157,1.1193985309874406,0.061313911612418615,1.0785216676290845,0.2078335746312292,2316.9600800131943,4388.612670351342,3591.4257774204293
32780,0.950972622473104,0.038503129736046866,0.9626463474627142,0.24819797863147774,578.5613094689188,0.9585405054610088,0.08492372824725228,0.9676350470768016,0.571220371738519,532.2485396709347,0.7200505917317006,0.05591993190416745,0.7563557757695623,0.17913695942831115,764.4121120764853,1457.5435662072193,1050.8257470613883
32820,0.9511224422434198,0.014884015195880552,0.9533266622468071,0.047014228293193586,3857.8324412038014,0.990750510387669,0.030183928651047746,0.9884041238198893,0.14404946202590108,3872.5513444051917,1.2297721213675508,0.025246486299230757,1.2166954428473513,0.04258750584326269,3111.2901125515577,8004.0767854761725,5965.978840990817
32900,0.9857193013919888,0.034464869476637336,0.9882896103621021,0.2091851222304281,725.5327388864085,1.0449052828804057,0.07500208343700543,1.0090081063308385,0.5095879950278421,1046.1362193090733,0.9014275505371971,0.044944210383846536,0.9040580282161247,0.12355327481126806,741.8430431484276,1747.8244912872713,1366.7498261063838
33100,0.8265523949637913,0.006959971035092059,0.8283822038365629,0.010672292570687936,13863.384013952596,0.8617345282610225,0.015418279579509087,0.8664763825070879,0.042064853517994154,12852.367895585128,1.0299070446161231,0.00948464782629813,1.0292383051661327,0.006238865970433084,16101.552434428899,39678.50391990963,27675.755736955667
33140,1.0030643458100756,0.052676570579030954,1.0011326438957957,0.38192541439740463,356.63349975292846,0.9449762704693745,0.12081938299290831,0.9664849479857376,0.7294666664572221,302.7336264307674,0.869128946941189,0.07624399876821074,0.8845949401374392,0.2886047719793234,411.01064921247695,875.7589456698029,535.1454546666877
33220,0.9972932703129056,0.038538074459527484,0.9974705457284943,0.24853668131040876,623.7068155508085,1.0272166002196395,0.08729254929765289,0.9963739498374111,0.5846410842169149,511.51337921043876,1.0499582675950574,0.08497837845945311,1.0073212851907993,0.33508974620562354,761.3961766246717,761.3961766246717,1215.7969103071516
33260,1.1738224746328527,0.06033655684998878,1.0951045104931028,0.44772942469117527,365.4935697189724,1.0167440062526514,0.0886686934755947,0.9917037306023864,0.5922171697802523,504.3418407569831,0.98821130203796,0.07273656322958565,0.9705504575298695,0.26965788665437185,338.6549424271454,1102.8501752864695,604.6292488256701
33340,1.0755459454116376,0.018079283562499764,1.0702848851384248,0.06785015591553817,3235.9141468357,0.9174364688884907,0.03276666442350415,0.926874230675958,0.1655013515156708,3131.403171113796,0.9447989444307803,0.019856502870524557,0.9442076278226046,0.026779232285918324,3579.2498811258956,7961.309369284655,5789.344581094149
33460,1.1362565507270916,0.011988005799411155,1.1319692832041417,0.031010975817255173,8191.298895792301,1.0261956865464492,0.018794330075427468,1.0230269215656742,0.06125119116709179,10084.98249921345,0.9734641333657745,0.01776439080821843,0.9723706154246076,0.02154870029776544,5575.527267221395,21181.57776750526,14771.683248586429
33500,1.1216957191990375,0.051172876347328894,1.076134933915347,0.36834901928884756,420.4105524443479,0.923618197307823,0.11901630161725112,0.9604030643608427,0.7234912211284873,318.1782964404509,0.9053930095707442,0.07613526392773924,0.9103828745921533,0.2880190991054915,416.77443934056515,735.1213612037664,501.8415239598788
33540,1.0534905051919177,0.040561971158234074,1.038612856227602,0.26814325155706825,641.0341172675661,0.8832969680436282,0.08280490580661998,0.934239989317487,0.5588015222648741,479.93769595365575,0.7438724036642853,0.062463099715975336,0.7821478819056891,0.21401435608639477,644.1616928179363,907.107199065763,822.254242999462
33660,0.94140271209245,0.025698416456145116,0.9486599683467852,0.12821138830625053,1282.4353368080392,0.9533450549438279,0.05639242099919895,0.9611592735348857,0.3700492440167019,1156.4636898238496,1.127737563921515,0.045924876310160456,1.1014325960515399,0.1283045347052304,965.1018527879821,2386.5436533719517,1618.5004467170306
33700,0.974062220675931,0.02433329397300021,0.9768516502508534,0.1164964735089951,1466.4806701440054,0.9535504617321968,0.05172426179620029,0.9604667498842653,0.33074417408787465,1826.5878051119548,0.87913863220872,0.029769053154728137,0.8816768477464421,0.05824380732018436,1448.8569116982958,3438.6188320718857,2870.780606694558
33740,0.9571601958162921,0.042520070923855874,0.9688849901767647,0.2870463095615211,471.7979217932879,0.8860062468340507,0.08318672403646538,0.93563586302073,0.5610686962504171,570.8917487652083,1.358755892635582,0.06388335805534291,1.262096976905103,0.22167538369244041,939.6751638538882,1304.8387060346865,856.4674863067719
33780,0.9430345297086034,0.04305706236720169,0.959097924503615,0.2922103934413153,453.9623303392802,0.74179121121818,0.09643556821862682,0.8888535308477655,0.6320624766380655,466.6624597892952,0.6611834900489817,0.09475832425223485,0.7619355625990001,0.385234655976789,630.6228060486762,1061.6003102536145,722.3245514017137
33860,0.9553752994499103,0.03105276249201706,0.9629114507150469,0.17677529281529245,887.8742309818455,0.9657045894324962,0.08008731205587236,0.970453500699999,0.5422886745472486,566.9940055243605,1.1853046866632528,0.04944870736931568,1.1470275604732585,0.14576936376227245,823.8815451246852,2041.4684722228187,1356.7075529723145
34060,1.0899022119592443,0.030123876500712368,1.0744537276470332,0.16810895612570956,1162.4969005988864,1.0572106325249573,0.06374368419772555,1.021731684981184,0.428754422493385,790.1505200310073,0.7720394506026306,0.0668798922459726,0.8078851886554971,0.237895774326674,1005.6872554456519,1244.7063966698954,1259.6725024261646
34100,0.8629438702949228,0.0394639464531398,0.8977238733781419,0.25751009780759637,478.71053964497816,1.0994270618599418,0.09163955350669135,1.0234440498861648,0.6080328483856439,557.0182925925282,1.547102378052605,0.08238174588284514,1.3464216582305901,0.32140562199497313,563.1248629356222,844.7330895230591,744.2577494065495
34580,0.9389842500127158,0.03779078547397253,0.9532260139280014,0.24129464028287131,575.6199666379612,1.0407162258798874,0.07177962225299397,1.0084082889789487,0.4876340581310378,786.9205876622792,0.8400518823683851,0.05330436322062918,0.8537313822883561,0.16547935930243407,676.8983421033864,1697.977324328871,950.0449460945596
34620,0.9880576599802493,0.05471908975229498,0.9920376088442956,0.40003960888473056,288.0983512603303,0.9834094455845949,0.10448458416343709,0.9774279230231234,0.6684989787497944,390.60068296602947,0.8797973831639052,0.10414127244179756,0.8982878827202255,0.4308091384323266,395.5157867521257,927.6599030560031,589.3392513014275
34740,0.9221299888476776,0.03865476338959424,0.9410739147972198,0.24966770259416843,557.7330323186934,1.0331753562408388,0.09367674630279374,0.9968632304124299,0.6184618990860337,576.4666410660891,0.7377137147131411,0.0686729221105531,0.7835247237100085,0.24762163312875116,423.2347539496671,1326.3467149856663,879.9379525448486
34820,0.8732988800235739,0.028479403117858276,0.8923775318399152,0.15298699977342609,898.517041241643,0.8060585754580368,0.049607381456004504,0.8586867954660954,0.31251322216884175,1581.948963619298,1.0307400753364955,0.0471584684359389,1.0162271274674306,0.13435141273891785,1046.9704050836317,2289.4822218259865,1839.3562889572142
34900,0.9993040913996534,0.040733787973646955,0.9989540067541114,0.2698055188887023,542.0534058158601,0.8772789722792763,0.07812188167800196,0.9287790918371842,0.529930493313276,569.8984631262898,0.8001078940228213,0.04651761858980242,0.8161943804586935,0.1312005650580994,590.6058439305076,1099.2096752056195,872.7208952690667
34940,0.8926145465293229,0.026732814060073936,0.9070843307340513,0.1372949003995739,1056.3391082099727,0.9861138754430812,0.05395857743344281,0.9820388202404583,0.34972646722933476,1232.7464799306113,1.038306672151745,0.041101405519519296,1.026116502619828,0.10546142796761727,1093.6133150440312,2401.947139778764,1704.6349592257611
34980,0.9983264717226217,0.010800448588857264,0.9983183715076008,0.02531912644073915,8071.318500704566,0.9898146151704859,0.022821103737921962,0.988467255937746,0.0877594888788315,6588.298111810807,1.0154624305470357,0.01646139090727274,1.0137410895862362,0.01856000283323239,6654.783194541187,15469.146029562115,11217.768347786765
35300,0.9991949437029738,0.02285719452569075,0.9990710892960044,0.10421974794290213,1719.9408175266,0.8962208949309535,0.03953643044208257,0.9137506072977291,0.22404805536979705,1858.8048823542426,0.9228859337903347,0.025011768908796996,0.922878899569552,0.04183228402409123,2007.4962704712043,3826.7852566949023,2984.235812138471
35380,0.949819554039029,0.01941955712116496,0.9535528245648693,0.07747465234958842,2333.2111399211167,0.9487168758996735,0.03932544785427501,0.9544372104001672,0.22219310717476765,2221.8823696430927,1.0576811541134454,0.02284971705106959,1.0529363762134174,0.03515604112398222,2554.304090454619,6571.096842813467,3939.0612182839677
35620,0.9816312847917881,0.0033502386407052846,0.9816721128069648,0.0024932739829414017,78325.57498516142,0.893724789089805,0.008473741153045259,0.8947816353150323,0.01308999197524026,43662.201356418125,1.00603063515162,0.004769622175700406,1.00589857486179,0.0015851130172695566,52149.921788128806,120629.61139663302,91491.98722960388
35660,0.9052862978485007,0.04566982403249185,0.9346935402272489,0.31716095086391044,379.71870833849783,1.0734280352009553,0.10270390553739832,1.0080274817614818,0.6608367291304057,356.48734873863367,0.9592558635169194,0.05741243612946825,0.9524227033228898,0.1870147445829004,613.2085886730521,1264.6366369554137,765.2033727444965
35840,0.9389232839657895,0.016464087680800783,0.942286753691345,0.056927623052420766,3007.3999181057798,0.743523017188759,0.030848098938578296,0.7780484513910177,0.1495004027952405,3306.253671439058,0.9464646709983389,0.02692482162254915,0.9453211100699819,0.04815623949527223,2337.3160888772068,5598.690441905859,4093.7727875751416
35980,0.9279682563166777,0.02757871645573315,0.9381127950522494,0.14484275157998222,1061.3792178673084,0.9422206935616094,0.06244524773628307,0.955720162753454,0.4187042525896396,779.2730135588355,0.9194938263007468,0.04329153915812386,0.9198667266260105,0.1156655025431212,938.570562521849,2327.796576132721,1477.345013354702
36100,0.8409848233907005,0.025725721738342915,0.861154102690094,0.12844897405535402,1036.8173667268031,0.8829482133618695,0.07341312164279247,0.9286027238469687,0.4988825705296087,824.0676884375613,1.0808416276145831,0.04001566741960768,1.0649476640922124,0.10051591742452777,1138.8457885063053,2099.59114460938,1604.0672466989784
36220,0.9591086571001343,0.04709141939336573,0.9719676871489764,0.33058425762166227,414.240600636797,1.0413869230001294,0.10706913777537426,0.9959287719784133,0.6792384961872058,469.2654040167609,0.9100411067224622,0.08033964452678119,0.9139779246415317,0.3105560554522562,291.78126729155065,847.179710246629,548.0555623200019
36260,1.1123523668302129,0.025901642377339457,1.097489399567878,0.12998260261502007,1686.8898102887783,0.987108658518904,0.04309683739354636,0.9838780610655626,0.2554457097605668,2015.089187647428,0.8053771811425164,0.02929222615428146,0.8120066289416423,0.0564974767011853,2451.523247027155,4692.549893530789,3842.246580668613
36420,0.9874978613603774,0.014972365222985718,0.9879975221578932,0.04754741131499581,4114.109661354077,1.0194777075286987,0.03196064614555976,1.0123320632666961,0.15873581989389995,3567.025494255203,0.8102277202183641,0.015586581970291198,0.8121031277941484,0.016671762509009643,4658.682615759679,7789.452212922805,5588.407003791404
36500,0.9823550225856569,0.02838534765367485,0.9847361146743994,0.1521316409070445,1141.9818987596725,0.8925692504815914,0.05996312105686575,0.9252525657007762,0.3991002074715256,977.1097987062593,0.7506462650018288,0.03232074437433696,0.7623383660997578,0.06794907942220717,1179.6830596944005,2264.645310744734,1729.7596433664676
36540,1.075570447638507,0.015082531384408371,1.0718306398613426,0.048215829082772534,4688.7405936123705,1.058508724493372,0.0340591369369171,1.0436773140491036,0.17646573564997492,3202.1499441772066,1.0047606514754515,0.024645372634703365,1.0014243669438214,0.04066513649450772,3230.5355519895847,6821.006111125796,5344.616321472901
36740,0.9280109682174401,0.011650042199429798,0.9300644765065083,0.0293376856850726,5950.032485157923,0.86367459026233,0.0201468674696077,0.8714016964555703,0.06974730573025173,8140.110101234531,0.9188638456783198,0.015368236209002567,0.9189263390106495,0.016215460106270656,4660.107766870391,16935.80516614079,11165.162092169287
36780,1.1084560462556419,0.04677368860714429,1.0722733652035286,0.32759479480910436,510.6116750976036,0.9634964428714489,0.09901148765613899,0.9705606889835723,0.6442358004113697,440.63291917788183,1.1769821373867446,0.09454095739941434,1.079307131802878,0.38414745551205715,500.05658562455864,1158.4091619813812,769.2140727252975
36980,1.0208302103198692,0.049968142226703406,1.0126745384947966,0.35733403982839435,397.985660411926,1.0560752779550038,0.10119044335184825,1.0026877543108745,0.6541504542296068,394.47540300060814,1.0969772685702106,0.10059512187379341,1.0248501602735836,0.41390634879014926,298.22928758539274,764.7716626518908,527.1510942557506
37100,0.988202565100918,0.018966696797425964,0.9889297094770942,0.07416827011478269,2427.094177690068,1.0555397516796672,0.0293775152392932,1.0443915720513581,0.13749944464668232,4079.6613747611095,0.7937951316201055,0.019296918963725495,0.7970605927017664,0.02532883942966129,3300.0188829778103,5930.669386806144,4990.8611710935065
37140,0.9796843686784544,0.03167306728432531,0.9830301041798978,0.18260577134760547,884.697686309075,0.9974199967877205,0.06822795046950746,0.986805714835481,0.46232989766816485,884.697686309075,0.8103613840040081,0.0676935421253023,0.8375862690065906,0.24230827760879314,884.697686309075,884.697686309075,1778.3675814465332
37340,0.9413437761067647,0.022511219942382175,0.9470897283080596,0.10140612809411277,1652.4806788302635,0.7993679956391685,0.04891789342411584,0.8530396247986063,0.30653079586946513,1331.8492628849738,0.85893638773478,0.025699996200305605,0.8617468030721572,0.04406324790494799,2286.3257023044853,4378.243276764835,3118.917295858816
37460,0.8350667148805422,0.030120291174218577,0.8624529359127534,0.16807566743758048,778.0220734333777,0.9135811908317316,0.06358848745083731,0.9396113302829666,0.42756075201445043,984.7087838943335,0.8239211784388063,0.04374472829199504,0.8355607052595158,0.1178130273152251,913.5914313150176,1690.457805591257,1216.4919470383734
37620,0.8823864920312676,0.03505973292089583,0.9072336215893252,0.2149032844619197,616.9820849108976,0.9082760967889322,0.09862883595540604,0.9507976571443592,0.6424588351475498,432.24405665761213,0.7410231326382901,0.16022166928822842,0.8576299105163535,0.6417733214149192,694.8004057599004,752.9618535624029,896.862224369826
37860,0.9486886397209778,0.02610089218533537,0.9551850732739782,0.13172565329946523,1232.7011985758134,0.869681874202895,0.04537724031034012,0.8985537583037373,0.2755479783449515,1784.035715480528,0.9039911193254816,0.030985233213735364,0.9051670607968417,0.06279504057112485,1675.743780109957,3670.6077789708006,2554.351333881234
37900,1.0379978643229382,0.02513835075800057,1.0330643046657428,0.12336576999540694,1588.3389636499362,1.0348927570618534,0.04348207993159124,1.0192504588100761,0.2588455843462774,1980.355280812819,0.9649055189519974,0.04176794757155649,0.9603266541404327,0.10853544227732959,1508.5612219433172,3678.074315599357,2337.3778954779677
37980,1.0635621438585074,0.009196971310901659,1.0623501573781466,0.01848791770745246,12073.461369569924,0.9239284998513732,0.012327042146856442,0.9253081981987121,0.02730278042605114,19765.29769744994,1.0056382244448694,0.00858885176814748,1.0052135237403763,0.005121785245907514,19136.401936352817,38485.14484960203,26414.56110935032
38060,0.9909952919036643,0.007321705048834122,0.9910780040060472,0.011797046532665825,17163.114550930062,0.9160799070186678,0.016939479050239497,0.9190186337637639,0.05033630978861711,12488.591031504653,0.832250605171084,0.009242136222442321,0.8327866928272664,0.005925769783894005,13417.758036240684,35679.229335279204,26434.036527991244
38240,0.9704787289728569,0.04063426562540771,0.9778793829912709,0.26884273997341196,545.9188277265541,1.0563451948730276,0.08610698648032131,1.0090178155203773,0.5779847421667598,482.1279139215932,0.9337982228466207,0.06135722528613206,0.9314927574084644,0.20806619832707823,529.1476388663151,805.8586637549151,772.5365773651012
38300,1.069722466289942,0.011408064439638618,1.0677025449463375,0.0281655922845051,8064.664600612516,0.9570966361145546,0.019351056317298106,0.958220080491808,0.06469546435373838,8428.798599882111,1.0071760754746897,0.01763995612991777,1.0053809764120354,0.021254266037763817,9648.281234598726,20245.521121243975,15039.082708822398
38340,0.8630829432276262,0.04410783201578009,0.9038680346709538,0.30228284976964426,359.8848898134724,0.7827477905894852,0.0781014903060843,0.8843179313201994,0.5298004319808428,475.52030704793896,1.116610880732945,0.08949699773988615,1.0470893551362506,0.3585559550356572,463.3568920916698,1187.6837467632897,687.0191273972355
38540,1.067673712719788,0.04615740909569604,1.0452563144555347,0.32177853119280514,491.4742594061515,0.985719243715458,0.10192319999325136,0.9783184813610425,0.6574078826097306,386.42668613415594,0.854394495247691,0.06215644298207805,0.8689038540084613,0.2123633052614193,701.7402604425904,848.1624177721093,928.9658498398019
38860,1.060159589899251,0.024217040188976687,1.0529800264679607,0.11551427080679091,1744.5064590153465,0.9716403104153122,0.04410138187184991,0.9723860425476955,0.2643086989259676,1664.8303769204624,0.9621904476166198,0.05896515141510938,0.9544828094962323,0.19526519881681498,1469.5900359782104,3413.1457487253147,2576.654710502857
38900,1.0221765071873001,0.01046297098380646,1.021601295010052,0.023798639811749126,9151.732386091293,0.9970777935662162,0.017299363502105695,0.9958930609583586,0.05238461907461236,11695.326364939487,0.8135096148938035,0.011909409723887205,0.814579997797932,0.009801308304873678,9465.714804590598,21825.405369558855,16117.755953389922
38940,0.8464988065814163,0.02461463151107969,0.864510617767477,0.11888376883403297,1139.5473928182307,0.8913935771815457,0.05939744571259342,0.9241691871239183,0.39456276908817944,1093.3509019213036,0.9339172526893359,0.03359069090070992,0.9330997331693408,0.072996256705549,1193.402476990244,2829.63597955521,1554.065301634627
39150,0.9067081411742073,0.03566744713292609,0.926863090102655,0.22075904557869147,610.6068556890184,0.7410906257466058,0.08263162273913531,0.871257649394245,0.5577683260030797,610.8642702148732,0.6999663385023751,0.05432825421195049,0.7380125866859921,0.17080135499670587,816.5864557539838,1607.109534449683,1028.7574944186154
39300,1.0016216475993303,0.01241003554394344,1.001501773845224,0.03315917500353748,5908.421215807889,0.9269339426892286,0.0238145561207857,0.9314408249186241,0.09482620990466713,5616.385207854361,1.107975875837018,0.018834367139517697,1.103500392459254,0.024158098886455374,5720.358549035025,11651.94944881755,8643.36323102296
39340,1.333881814430754,0.026428213749200874,1.288672090122658,0.13460271919148298,2234.0331897876204,1.067393299649651,0.04120652114305981,1.0452048327023464,0.23876141128222203,2445.384858582691,0.9147714726772921,0.027012007532015703,0.9151564989658191,0.048453480441329314,2997.6426353568945,6241.628439205032,5280.574736948552
39380,0.9741866835546059,0.03797913086017105,0.9799777593830951,0.243119606740487,634.5267330218951,0.9137087657649945,0.07233958696879011,0.943569940774914,0.49151779666383383,801.3549804207247,0.6424025452000577,0.04418136078254122,0.6760104514339157,0.11989325572585321,748.0786094991078,1284.3154299812147,1049.5361954984644
39460,0.8829993113145276,0.03858716552856854,0.9116375506739418,0.24901250076841308,520.7051934358594,0.6960495874831397,0.08095838084649401,0.8485230540363422,0.5476537478888037,616.5059009575581,0.9567207379796292,0.059579073846141445,0.9499697589942707,0.19854093758107894,752.110965952373,1209.1431459217301,866.8745652253018
39540,1.0997601623047883,0.0535216521057693,1.0601304766947979,0.38946710132439294,389.70242503448407,1.1506245147815546,0.09654518846335133,1.0391855858576555,0.6325907277325755,461.66437237373486,0.88239630128961,0.06683296583601807,0.8919783524426788,0.23764135773599704,398.9914452851431,959.7563795713548,652.060854004715
39580,1.078708838934222,0.01321732512753226,1.075686797264825,0.037446788637615934,6060.16904979344,0.9667894862587004,0.02911160166296799,0.9678279809119367,0.13535693264933418,4061.648926114426,1.0357185718011783,0.015243666341939743,1.0339153244997488,0.015957829025328746,6114.233587074518,10527.995073091291,7313.29505022241
39660,1.0282764337659551,0.04367265330903084,1.0192524685026532,0.29811691490568915,522.2929408626903,1.0092949602089818,0.0783869750067687,0.9907770054843746,0.5316178681029994,651.3088392985829,0.6216420843919046,0.05844136526357072,0.679592015141923,0.1924762823043384,715.890332338338,913.3232011303453,824.2143816317084
39740,1.0249195867591319,0.023566710067329306,1.0219573444420866,0.11006717714937085,1700.5001849618543,0.8174004261514112,0.04440189803611419,0.8593292345270169,0.26695819333776016,1765.4133899444355,1.094126729019442,0.04839051885988937,1.0700499031837314,0.14046422952504703,933.3112672062438,3233.8933419442665,2201.758624455873
39820,0.9763253365565464,0.04362355208653381,0.9827786699037102,0.2976463592785018,471.07717554385994,1.1256561596470833,0.07273386136621228,1.0509305923433827,0.49423500212394295,934.4342955030006,0.7363939861285563,0.051592477860133656,0.7655833912723073,0.15665956774055656,693.3737569369372,1465.0966857995188,1052.2436037788248
39900,0.9276724647255051,0.0199306110312299,0.9333885343444299,0.08127026664365938,2077.308307594178,0.9304729392065396,0.034444251440961214,0.9383802614623027,0.17975756471908685,2999.720488830909,0.7597362322888501,0.021998281156583803,0.7650606526671899,0.03266885377356343,2467.50011844801,5026.703577865201,3742.0451583607473
40060,1.0312366901981298,0.014332204206505232,1.0297831209320822,0.043742491763795646,4787.651173002718,0.9374730017386297,0.020887472338782565,0.9402316212380158,0.07457995516982835,7257.671366938755,0.9962580323691711,0.018033150720901902,0.9946260947299923,0.022191080474691517,4273.957372764023,9335.931708445622,6860.493644929797
40140,0.9658889470350216,0.008976508848604809,0.9664551039796698,0.01762762303614721,10336.598174353006,1.0029113410285042,0.01893316438161067,1.0011445347421293,0.06210305605550721,11840.45139546883,0.8652564067679642,0.00960657456720894,0.8656241174576614,0.006399267254790016,12360.943528184556,27277.35694193793,22151.537029315503
40220,0.9507219484552915,0.029157682721454418,0.9582490493769105,0.15918715938244235,1014.211343663088,1.0433153594094182,0.06353084924392126,1.0139068203407389,0.4271169094729857,910.7798730980945,1.0233390609303719,0.04845609739868199,1.0091724336786243,0.14079156261028145,978.054418740119,2189.196689612557,1459.5609878026132
40340,1.2102357196740057,0.03914686385636083,1.1562366991347397,0.25443731346497206,883.3997114380619,1.1922579948137204,0.06851761184575705,1.0911054084137461,0.46443678783846154,799.2699796941604,1.0286863940758122,0.055281914574966264,1.0100584864432458,0.17578702852453337,734.469079947909,1901.6785352831857,1165.4513949214454
40380,1.031477324029734,0.01424433965404188,1.0300303516044649,0.043230918215621965,4846.66579233264,0.940940757288404,0.027743511408024942,0.9451134576020754,0.1244801974802915,4119.686173355868,0.9676369738776425,0.02119590613671477,0.966271417522611,0.03040028690532506,4583.883915695886,9856.840549450495,7425.241676427993
40420,0.9414381136918599,0.026014832537217612,0.9488469955024185,0.130972017076674,1243.538477635871,1.033717043390169,0.05685947466902969,1.011561319407747,0.37390289171402635,1263.9832126548008,0.9787908021681697,0.04260269457475023,0.9724868245595888,0.11242443268570851,919.4286126906263,2415.0118563042583,1864.68476360987
40580,0.8441276170071188,0.04611759777660179,0.893584615996584,0.3214020203956433,334.38902802758713,1.031089648246482,0.12583217161586926,0.9888900117464884,0.7452093566406501,297.7333713195027,1.0737858550553994,0.07916759657426946,1.0278161198529607,0.30429814803614635,250.25845093727142,882.7166942595424,500.889415409313
40660,1.036882422067194,0.04251512747471807,1.0257250955563808,0.2869987231326621,539.2682482448458,1.1042921207581873,0.09547998013305467,1.0228341436326513,0.627418525240484,526.810883869706,1.0865881315904884,0.06095510249869563,1.0528459795150618,0.20590760883087453,679.1752039589458,679.1752039589458,866.3508607638332
40900,1.0128707164901238,0.010223366857328265,1.0125326214171397,0.022745641641393793,8873.754012621115,1.0344659201416424,0.019254180436094843,1.030620208964248,0.06409073630488216,9653.134030661256,0.8178419424922181,0.011811316539171267,0.8188531620890493,0.009642064487746613,6506.119993606341,17583.475542929413,13899.265032383806
40980,1.0852776621106703,0.04372229233157137,1.0592191598349876,0.2985925209794433,566.6392101786805,1.055997043505057,0.08915351558690575,1.0074959230584852,0.5948482044059021,577.4203834208209,0.860167731734776,0.06473675413521347,0.874322079394155,0.2262883539723919,397.31364655008116,1461.719027198128,792.6476634458031
41060,1.106352914441422,0.04861394235401867,1.0689933397190619,0.34481612625835173,453.23699444806635,0.9234100158527135,0.09120022026847849,0.9543340868223269,0.6057398235322092,516.3194714436115,0.8960976377600873,0.07972989967911522,0.9042780898258567,0.3073030836998733,457.11633531382586,1814.9186899603328,776.2702775327106
41100,1.1217302837796947,0.05155572579649041,1.0757268012961807,0.37182422446415603,428.15571511596966,1.0274622226918524,0.0948063800499579,0.9943844953872961,0.6241025454617956,467.66259984365234,0.8793182710037714,0.07609508583978843,0.8918087652838764,0.2878026576570971,470.09082033308255,994.3403476755263,799.9498009270321
41140,1.0129592121270896,0.03894296499155562,1.009184245568067,0.2524611179197394,637.8541821967965,0.933707856945055,0.10854891408529273,0.9616320179723578,0.6851899552461359,356.916900943693,0.9006443797375255,0.08223875036150502,0.9077221778259115,0.32064827918298994,508.0921538845755,1254.5561342054123,816.2205972001462
41180,1.083694634625358,0.011090168055609084,1.0814102753680286,0.02665900617098889,8778.11417861981,1.0080398113833633,0.01998455083650974,1.0057328351637664,0.06870487491591713,8386.77843462105,0.994699135473717,0.014062917230089495,0.9937191963948228,0.013613790463791003,10361.169727460247,20523.479539532433,14742.352274154362
41420,0.9168534933629262,0.024444254718407315,0.9263838074832534,0.11743629716445787,1352.094899337652,1.1074528190907,0.051881998877323005,1.0632873417193969,0.33209356886703806,1622.7087970130858,0.8886739210296505,0.029777858705670582,0.8906578698785093,0.058276260631017034,1795.812685342544,3203.9534963171573,2252.0052524722773
41500,0.8782916285627281,0.01779363515022857,0.8861764311305735,0.06586315784295985,2296.156152535419,1.1508405275465743,0.04877661972070883,1.0969916285375487,0.30530260520205404,1863.4617260402213,0.8855794219899819,0.037533342946037176,0.8889038113219506,0.08951363044437681,1172.865241828042,3012.142769919463,2499.79908721469
41540,0.9447983339029011,0.0367318118320691,0.9570916456636375,0.23104162026683464,590.8349162435494,0.7894004145581699,0.07908564941558886,0.8885996513850873,0.5360343604227984,573.4770586272346,1.1129876974116808,0.06535883763279819,1.069291319295913,0.2296546869292789,525.9557268263939,957.6131941317941,972.5688212545654
41620,1.0835277944277166,0.01574702867217211,1.0790524058288185,0.052330721691257985,4463.55757166288,1.027729965962639,0.027263913682543627,1.0212989612693828,0.12072875132998795,4844.121148328783,0.8859039779172434,0.018916378376115962,0.8868009022386902,0.024363805136693884,4164.630454818365,8955.480565402118,7213.003411391504
41660,1.102857568258625,0.05461317090652709,1.0610104864946412,0.3991099109336254,383.96602808010897,0.9542678378164725,0.11181982841553821,0.9683602564677752,0.6978546604204844,341.2024981898067,0.7816143039090458,0.06340687653360148,0.8125304645125392,0.21910275543643215,381.85166071034297,880.2294797837258,654.5874200078665
41700,0.9544539862940589,0.01178752248098901,0.9557611417331784,0.030013285523172565,6211.097183704108,1.0186553687397917,0.023333128331225732,1.0146170532544232,0.09137780483067116,6581.730176726429,0.7928336934386234,0.014462337053103824,0.7947023119112404,0.014386816041840063,6390.928743915724,16155.185934687175,11339.407840524442
41740,1.0128671463588277,0.010090065327932291,1.0125376955448255,0.022169416292990966,9338.64297820374,0.9485849811566549,0.01808126315400186,0.9500586952697253,0.05695123234041312,10409.489982698073,0.761601781275021,0.009469473312849551,0.7626037685780038,0.006219042835662334,10561.838922410669,23540.59005575578,18037.380290680798
41780,0.9673225093761024,0.02941023642073854,0.9722782709476416,0.16150943482676738,1006.5917214341746,0.9412624352421831,0.075571037613507,0.9583057901644022,0.5133645949351099,720.0106742328474,0.7672375135046718,0.061814982019425105,0.7999702008340432,0.2105263123375061,918.1262221226757,1006.5917214341746,1455.603648654576
41860,1.0415237515894098,0.007374391373096893,1.0410030508493648,0.01196539954055605,18589.864536285284,1.0967709182055396,0.014275672444658818,1.0923336580941863,0.03627904864659434,18612.136678212326,0.7766117736327085,0.007465586557762533,0.7771778710850616,0.003874566577124045,15736.281551131166,36059.820617210426,29090.640664916835
41940,1.1023923973613028,0.01298702877142674,1.0986136241889815,0.03620005162100556,6359.875845054649,1.1046436378477604,0.02609380410762703,1.0900995633409432,0.11172118652634992,5548.411137033234,0.8358834495427924,0.01144940438511879,0.8366706465410327,0.00906550423342405,9264.69741804443,15981.848890110718,13625.582940900526
42020,1.056827597119633,0.029541253739478707,1.047256414581394,0.16271696128253801,1048.394214307515,0.9586592149579524,0.06501700512683711,0.9655881403661736,0.43846911612103,879.9422469261248,0.663824853987703,0.041534314875425346,0.6916441261921795,0.10745474022655624,877.7131551459926,1893.0332722541539,1434.8818106006295
42100,1.0603992014784025,0.03347763296024346,1.0479373924207152,0.19973199021241037,846.2068086753792,1.0234991470931714,0.06711233093823285,1.001229092710393,0.45414433890036854,813.8373818771706,0.7095920189256788,0.039147569621763356,0.7301839849216544,0.09661884986711806,972.5584250672018,1863.0059136463908,1308.9603058558844
42140,0.9333108447084335,0.03936091258019855,0.9499060482404289,0.25651168392060986,532.1182026370121,0.876484795234612,0.061498738514330374,0.9167815812408158,0.4112883930781393,831.1708862065199,0.6876287497666336,0.04101925079319595,0.7123329653144859,0.1050845096092133,828.974516817498,1373.7295661617643,961.348064612803
42200,0.968410698472015,0.02209602462832753,0.9713129682453139,0.09806340820260852,1660.4073203487942,1.1684142236799477,0.05763515067854592,1.094660258955542,0.3802682426123024,1278.7285850453484,0.8159837533489896,0.031248244905603278,0.8227930972729589,0.0637973107753281,1446.9365647501995,3057.0344555016263,2287.0214397917466
42220,0.9882492225286481,0.02625075171818259,0.9895473447444569,0.13304079641282157,1312.8060862191671,1.0839138351266866,0.05442310073760762,1.0452077142423255,0.3536353128423774,1308.9822303884193,0.7608243033069783,0.027714182784167617,0.7690607126978718,0.05087548624533022,1763.1191988194917,3696.3861019682186,2683.4436966048565
42340,0.9584135749239541,0.024736736354118244,0.9631617375008132,0.1199243787556444,1412.1882526725751,0.8524611079276,0.04303554289559578,0.8835596456856489,0.25490469691390627,1778.6243351532112,0.9932189588639995,0.026137272465488207,0.9900106878411464,0.04550663001774458,1969.3125700117641,2966.3306133246597,2368.626977877144
42540,0.9002632460148962,0.021968435016787722,0.9097486237305332,0.09704376281567706,1592.725665269701,0.8328123371829856,0.04159108715200168,0.8671133879662369,0.24215454965326927,2004.2808889068353,1.219231641162729,0.04583556218132056,1.181316496515625,0.1278697211978226,1384.7189854910362,4839.7553371481135,3092.7046969912826
42660,1.0419788495284545,0.007991083317066982,1.0413623101243317,0.014021085282887832,16045.077525356348,1.0711005530836422,0.012675498812512474,1.0683151282182581,0.028823049305100466,22439.68722608001,0.8029024214135074,0.009601956180220517,0.8036684195935244,0.006393155130534591,11128.661906936119,35205.24151982596,27094.515108450527
42680,0.8337068781839269,0.0415668080845788,0.8793585319892183,0.27785603062945596,396.6745528821328,1.0375831619567444,0.1027024057090996,0.9958706305167679,0.6608301828775034,366.0466146876436,0.8387883845762739,0.058619521732192294,0.8550223653896687,0.19342425336716648,515.7871248182361,903.4181664030418,658.353719248836
42700,0.8136896273179641,0.03330321810058937,0.8501967974641168,0.19806738422700262,586.2521042871393,1.1176619041827593,0.1171883605079292,1.0149507638183226,0.7172558154964681,421.8349667566005,1.053654857636967,0.06206617546271446,1.0259122328847716,0.211877532604973,459.6263069693734,586.2521042871393,745.9990695035524
43100,1.0515566331401391,0.04765618680046962,1.0335701290009862,0.3358818898109779,442.04867373957177,0.9033363857075323,0.10368896493568515,0.9506420404032765,0.665102419953173,369.61289602520674,1.0123487975187748,0.10473013822659998,0.9734868894431593,0.4335765623107831,227.6513885976637,925.5072254475383,544.3759410719997
43300,0.9081966944981862,0.03025020734524193,0.9233999509951869,0.16928272429967797,838.1520225541467,0.6843322193840706,0.06680285978140928,0.8154283552234618,0.45185381050035334,1039.3032357192287,0.9616054564229489,0.0520777358009062,0.955416515183422,0.15914916876101018,805.0050332768237,1365.2199105852515,1319.5508167624907
43340,0.8924859182792922,0.023774528832814775,0.9042830157223264,0.11179896848930766,1378.4967676824829,1.0246647721432642,0.058449468267446875,1.0052410831193794,0.3869028160976301,1183.7751151672178,1.072260027729092,0.03394226323790632,1.0611313992191078,0.07441795708983756,1623.4538790067938,2526.840187079074,1759.0894751285755
43420,0.8892693388191373,0.03379894361237644,0.9113215797347479,0.20280308174801212,654.0134752403004,0.7930329081161227,0.07616398675100386,0.8868803753258288,0.517268721276284,662.8668663352996,0.811238183665174,0.05663780054398749,0.8316299309059579,0.1829190968781359,499.54533620421853,878.6966150648856,933.8532609504638
43580,0.9709231067559047,0.0377173902229534,0.9774389372604088,0.24058356141960455,619.2979848056102,0.9714833360491365,0.08271545636582005,0.973146093120989,0.5582685153315505,661.1364130042258,1.0735204635460314,0.0550067012463453,1.0472286923949106,0.1743455135168532,706.4678484405425,1147.2765802583835,934.7355428805656
43620,1.1005339433277783,0.03287741716455776,1.0806424699677482,0.19401129911144527,1051.0351937663506,1.0098489601180682,0.06370499042631807,0.9946870636815704,0.42845700974598316,942.9671086834543,1.1298719467230742,0.05793333588410634,1.0905589025012423,0.18977674940625672,1000.5302710752627,2061.1834981684583,1509.2724655345426
43640,0.9676570880137977,0.02971200514434265,0.9726433069213526,0.16429350233816298,972.1583545629718,0.9435363331567791,0.06816855496169036,0.9578206903693364,0.461896935812316,766.6672970556696,0.9282184254151075,0.06047610793128355,0.9270999262234622,0.20333965995854542,541.682423479924,1651.9149278648001,1113.5084396084264
43780,1.0039402638335229,0.024086924428252734,1.0032613400754293,0.11441795670468814,1572.2298327884916,1.1264334835270395,0.057138730424880914,1.069261785265779,0.37619956362628204,1158.507167421101,0.9499213799537934,0.040863203991010864,0.9470821461204395,0.1043697866763638,1147.344623747887,2783.3068040664625,2200.598736241317
43900,0.9892049339037992,0.027477227737543075,0.9904717662175555,0.14393183418206298,1211.797848160045,1.0774879258663757,0.056405060628768246,1.039352403429782,0.37015373681231084,1238.877270789472,1.07483177200216,0.03943595281759135,1.059938639978007,0.09790770666896584,1194.6182136104114,2934.8197157944305,1988.133866922721
44060,1.04184418563889,0.02028218581403032,1.03816533002026,0.0839200224085911,2501.622129963309,1.0137879143411026,0.0424286322099649,1.003974178064632,0.2495472794193629,2137.31202621698,0.7737729087801517,0.030611822441773885,0.7829155899997338,0.06138298748650181,2369.027459083349,5070.0901610486235,3810.6709982808075
44100,0.9726732146860696,0.03551377705631181,0.9782282348548743,0.2192771209269688,710.1502128432104,0.9853778622133916,0.05577211228865991,0.9813944935671068,0.36490740441999214,1072.1417958793754,0.9458881130359894,0.06555924402561082,0.9405417966047295,0.23073974048494675,603.8051994721937,1910.8935261709091,1243.2051656936735
44140,0.9672349694034409,0.025090289747406413,0.9710184101936084,0.12295244794672187,1382.037418152247,0.9065659498776926,0.05177447130455916,0.9290512645775613,0.33117384687630425,1264.7640940799952,1.033742518884985,0.041163025738821635,1.022002272134288,0.1057444220130597,997.8099157882903,3072.8196381281773,2226.7999678683095
44180,1.032262031930134,0.02387824478156077,1.0284025898001734,0.11266639884183023,1731.615284904608,0.9225275257098631,0.04592106444857947,0.9370862275992105,0.2803296075874344,1849.7521457720115,0.8174993273662063,0.04263246040975754,0.8293431264405635,0.1125638961619106,2327.227991515495,3515.601725471345,2780.5677379868703
44220,1.0133934856497475,0.044537770907170024,1.0086790785057018,0.30639019528833866,494.25242183533413,1.0729665387755836,0.09691101695891627,1.0104803245643827,0.6343469961603512,505.9604123826875,1.0738219543764,0.07561138241880742,1.03072771023906,0.2851955914712548,618.702750486803,1196.409900422997,811.3377660428104
44300,1.1664872885746338,0.04555338782128557,1.1132378929610678,0.3160562750937333,510.61480631073994,0.9938884691717309,0.07692888963405295,0.9837427264738904,0.5222572475998326,456.7274925548923,1.143829604269906,0.08321613814979623,1.071787568534929,0.32581720247594226,525.4289451244932,1205.8839826461447,849.0983472949858
44420,0.9069069125864031,0.032990655473076676,0.9246794377806078,0.1950888750826644,722.7649394357336,0.9526876734617706,0.07438271122448688,0.9636932253287632,0.5054427787736094,648.3733743600603,0.9766235616936939,0.09793725310441419,0.9550085505532463,0.40097760962910206,432.47295418541387,927.7223104711993,924.0118237807474
44700,0.9811309422096861,0.018471120032242314,0.9823225820365679,0.07061316279511644,2498.9700064299896,1.0426806491440845,0.04741200487937097,1.0226651731067675,0.29340076601803183,1989.0118975098524,0.8900197488710113,0.023847767609330058,0.8912679788433054,0.0381744678819578,1762.228790797882,4779.2951606259385,3912.4338303141935
44940,0.882374951995702,0.04575016076615262,0.919136860468116,0.31792269645284305,366.8628984430804,1.0994803720231001,0.13265131713950976,1.0038752470447203,0.764727099316568,253.29011248193103,1.0771662251773104,0.06509839164366515,1.0419141446651414,0.22824496983408205,400.37112041282,649.2386801742269,507.9394407719849
45060,1.0126976997207349,0.019779704302399167,1.0115203141537745,0.08014249036164435,2359.393844025011,0.9886957414443912,0.03507954282468904,0.9860594619527027,0.18521019051190757,2646.523759317924,0.9766951562326606,0.028198575443043626,0.9738572887550215,0.05257512908875347,3144.3092990485975,7016.942082119803,4702.214736025971
45220,0.9830782063225221,0.023705666787743225,0.9847385989578261,0.1112241925240506,1482.6327358746494,0.8928089292301091,0.04437203789459831,0.9145853280317535,0.26669498346377735,1612.5800274544067,1.014740504502596,0.03065094891861035,1.0090783150383664,0.06153033990548012,1607.8638228516845,2787.1473515615116,2032.9365534375381
45300,0.9180912716381894,0.010103904800017756,0.9198677019082072,0.02222892009605558,7853.723505145662,0.9273787846754434,0.018342523166412123,0.9301337000354353,0.05851192880509895,9690.834456149187,0.9108897132806199,0.010886171512835736,0.9109867348536919,0.008202656296180035,10379.957288042298,24537.087475481523,17650.03099638226
45460,0.9407509619956111,0.03316025203697119,0.9520133800895614,0.19670427080791883,751.9349634956329,0.9811327551444923,0.0828574993887732,0.9774029012293396,0.5591145824907366,689.0866062091519,0.7508727705310073,0.0830062529888034,0.8066723471860987,0.3247087392615079,710.2282511082581,1580.296868627427,1204.9759871062906
45500,0.8552259619616104,0.02852618468790141,0.8771303384020853,0.15341284977729888,863.1228077446362,1.1341552843283322,0.07619037160411227,1.0515231936592395,0.5174416934484019,844.3926863251471,1.164481302258898,0.050673626443786694,1.1277406037542232,0.15196957048519005,944.5259779778777,1211.4010595378772,1294.4491980593177
45780,1.0280260409350939,0.020389633099984365,1.025482309474499,0.08473598736753148,2356.8378551017645,1.072849904058469,0.0418599649935188,1.048791290956736,0.24452754862408005,2054.494654391126,0.8344980466909953,0.03046648891667781,0.8398650616956381,0.060836898395540524,1961.1032658256759,4958.470524624162,3391.587869178673
45820,1.024081636294672,0.03395985611294931,1.0187533695193973,0.20434318405914248,849.8880092734754,0.9725146493944276,0.055421498219509924,0.9732194806951504,0.36198940263384144,1238.73304673902,0.8332708206889357,0.050178748579371525,0.84663931845201,0.14945726200450382,780.3923886710513,1890.1343427453958,1265.1165528416448
45900,1.0288942737579831,0.03174063674965095,1.0232343201331962,0.18324280272844168,975.3170530860629,0.9995839869882428,0.07777128649604328,0.9863272607134712,0.527689014732286,585.1719169984882,0.5433200784124034,0.08068182942821171,0.6618359541090983,0.3123790021116086,1037.5671167200335,1682.1282515778807,1275.7515239592713
45940,0.9489702284780207,0.027179699971060862,0.9558975712867116,0.14126963484161564,1074.2131727733104,0.9578640807404848,0.052656857145953403,0.9634857524142,0.33870239053902307,1215.9253846128108,1.029445324001231,0.03649786799223631,1.0203673955627899,0.08505703562535415,981.4921480915502,2206.444367272284,1873.130473362296
46060,0.9796353802293221,0.016561391135157404,0.9806928916853381,0.057563652346787536,3266.973296024599,0.9204786353063025,0.0360485992090854,0.9309284746293458,0.1935760574734589,2617.5627731693276,0.7581461032145622,0.016067408127072573,0.7610586513740665,0.017697748488822617,4666.423577485638,7527.554149496179,5454.987213759313
46140,0.9550152337314968,0.012649310465720914,0.9564943822109262,0.034405752410826704,5421.149826313317,1.0469350450001593,0.026961961562612786,1.038355351891073,0.1183842076552504,5280.014460629451,0.7204174822723545,0.014034896405088773,0.7231607405954482,0.013560327602724593,5359.112080348437,7683.169168057473,8048.764680625149
46220,1.0996497282220845,0.035950819023219734,1.0769331191246874,0.22349368466927882,751.3812297656373,0.975227643244598,0.06670436543508391,0.9748821330677304,0.4511230098309895,820.631100285674,1.2668752095628433,0.05942695930116117,1.1988254346688614,0.19772862422921364,777.524261450549,1509.0661093686895,1151.1306556087798
46300,0.9776197247099879,0.04113437816543856,0.9831991669054874,0.2736788559649361,522.4614962940068,0.9298390129335132,0.08961873046418868,0.9564946014312689,0.5973543477829821,621.225344652836,1.0170395772311438,0.061198255007040465,0.9974949166468595,0.20721255677908082,615.8411135029681,865.8239433544719,905.8608274543903
46340,0.9734526402465665,0.03647591729490891,0.9790648512056271,0.2285669250147188,646.1369148285897,0.8988677134586087,0.08495943662210312,0.9420641355790376,0.5714262884245399,550.3672400715215,1.1134059566717984,0.046534485783146604,1.0883717960633523,0.13128323506686254,863.6018356150091,1613.3223306002083,1159.2405412326204
46520,0.9843496540063295,0.015453064734803495,0.9850392298896461,0.050492881848593116,3854.632765680891,0.8683111561431076,0.0341225301086562,0.8871005405003843,0.17700686292422343,2852.39946303346,0.5094758155141912,0.012403346068692245,0.5138654207006408,0.010622360637272572,3934.348021455092,6762.8950935081275,5154.9277018958865
46540,0.9815952596331616,0.024302885415806882,0.9835028964324031,0.11623931498945023,1516.3636320578214,0.8755248959417675,0.04981264025422214,0.906619784852784,0.31429023988155663,1366.895332083338,0.9486575678394984,0.052388356407391014,0.9444878184450978,0.16074724896831627,1106.6663313997697,3065.050524700703,1768.1319214827474
46660,1.0757545514694555,0.04668104669122651,1.0503525718362294,0.3267219499701821,477.26705751997724,1.0379005291457446,0.1006331707007938,0.9965608116546651,0.6516474745603588,406.5778321127544,1.1271624204544657,0.05949545996151809,1.0866630875206014,0.19809437418313522,556.6130158936046,976.7072108842823,742.0582841949099
46700,0.9579228335644859,0.026051477871226796,0.9631855357670704,0.1312927808880156,1249.0486270422364,0.9702173575113677,0.055947769772940255,0.9717723608435509,0.3663661648584087,1384.9242216926227,0.7763909557256345,0.02430033552824629,0.782182458430946,0.03957922752478361,1296.8601096558689,3039.1648467801656,2571.7996793459374
47020,0.8998180078296463,0.04448067148606114,0.9298485020635443,0.305845208553769,396.04873380468797,1.043333136424902,0.11145009296250193,0.9953672396837762,0.6964561358072672,433.45435681360146,0.7221873117603459,0.05285547572651621,0.7549052285554546,0.1631568356699494,465.37461359218764,712.0045382896812,630.1447495098654
47220,0.8605986229703342,0.041519572449809396,0.8987155767569044,0.277399968461851,420.55411040947075,0.7439239429560807,0.09493414169541259,0.8879487982855604,0.6247342011294916,500.70745009403095,0.9081887604965504,0.04566635719088666,0.9100346304865791,0.12704710591384988,614.8953424674398,1107.668612664522,701.9761301611796
47260,0.9820856859097816,0.01382259188327106,0.9827354445266131,0.04081177607061023,4735.846434926326,0.8169647933895219,0.021964282769115936,0.8298515719542441,0.08182239517176662,6832.00108819827,0.9248992466072279,0.01619586578927246,0.9248600309289551,0.017976756443112297,4590.422006178238,12550.427310455361,9381.710145867812
47300,0.9452536460894464,0.027065319749998294,0.9526522159032212,0.14024953488690745,1114.2829610229724,1.0285349458288244,0.057722717595946146,1.0079339215561751,0.3809840633987762,1643.1196557370265,0.8970696340952852,0.03546458297354814,0.8991392409395356,0.080692256736692,1488.3069657315882,3156.6943408361553,2189.440414208284
47380,1.0318763233805106,0.033242543440931284,1.0251874242682257,0.1974887295712692,833.8716959089948,1.1668503129262233,0.07135150468404951,1.0736101078932756,0.4846452701967794,858.9377766416914,0.9402825292395951,0.03714504729312112,0.9387397656686157,0.08783294462245528,1062.3535800898233,2354.3202605674423,1587.7584865990814
47460,0.9602361448576042,0.042610073252280986,0.9711107173460094,0.28791254202933786,446.0004986214209,1.0564872700305057,0.10049056353414668,1.00308838278284,0.6510033700919747,403.08618037010274,0.9806466811869138,0.06786514185644403,0.9665561064212809,0.24323912051151958,446.0004986214209,446.0004986214209,695.7394876354713
47580,0.9693297154315949,0.03334940585842086,0.9750222966019507,0.19850802418086685,786.5081382976181,0.875512468799589,0.06710423452552586,0.9204438078997929,0.45408452344343775,773.8822811952962,0.9372132814587204,0.05196584266055498,0.9349146669465722,0.1585743450426575,516.5917092886845,1159.169075617789,932.2271743947863
47900,0.9884354407480686,0.006339620106537147,0.9885203434656967,0.008870731927382561,22481.250804278665,0.9324710840346389,0.011084043138582132,0.9334028675518273,0.02219025116312565,25433.8538437044,0.9271264794720864,0.007278620323749206,0.9271102394343611,0.0036836352823792213,19251.922861285737,48419.70488469581,36948.9808464159
47930,0.9569105894446602,0.02289340473476691,0.9612057613346174,0.1045156786116657,1608.7692946496393,0.8654083786264943,0.050878724284676595,0.9006859027457015,0.3234886030615303,1159.4769910991438,0.9475650957980513,0.03147336444905802,0.945958463648733,0.06466019181058603,1329.8127344786785,2852.432208649046,2103.1993428366873
47940,1.125623326443056,0.04062178774941165,1.091329888149404,0.2687220163196781,661.4196029422073,0.9818833739308319,0.0872135080872037,0.9775476558537125,0.5842010540506712,501.28793552386503,1.0856890782177717,0.08011408274823494,1.0352733578756002,0.30935337180353556,445.87213919294345,1254.2195213998386,956.9715412021349
48060,1.0448443957192628,0.03253813575914595,1.035908308247657,0.19078774350352953,1000.79268706658,0.8977612712809406,0.0778465513651908,0.9382722541185501,0.5281711575041171,697.7260365167913,0.8533067281440176,0.0648785530822812,0.8690668845184368,0.2270554292982798,737.433247839107,1813.5430598355515,1010.245819270584
48140,1.149593107638333,0.0451648771639102,1.1022427745828671,0.31236498044213945,592.1670711310131,1.0126805066034483,0.09726199208528861,0.988372523829118,0.636022403595216,442.0865116532892,1.2483060402195092,0.11823880633797981,1.0875169983324662,0.4938416459106275,414.68189827883833,1466.434302374809,727.3707458413543
48260,0.8916154993731167,0.027929928466872297,0.9073619987828687,0.1480058685764557,973.7244815699219,0.967594418121703,0.06867854767899417,0.970791877820714,0.46560408120645963,973.7244815699219,0.9322446627457638,0.1012196132007952,0.928272789856491,0.41691215871814274,781.97891280356,973.7244815699219,1653.8934717290047
48300,1.029559260464312,0.046084156592300064,1.0194281359163897,0.3210856826250827,471.76081711530566,1.1897142973464563,0.09359420154582634,1.0566783720179476,0.6180457771871587,506.0362545635152,0.9610582458115786,0.06574197479498661,0.9521736360702102,0.23172931665214422,518.092038660527,974.6643050505678,618.9747285561027
48540,0.8857256619638102,0.024334523902547447,0.8988071573775416,0.11650687836932686,1269.7775003075499,0.9935778737490897,0.06427619191101137,0.9853037614428808,0.43283430401903883,1039.6178605144455,0.6443195467438256,0.0901113201554711,0.7450185958096214,0.3617086487002423,1171.7651781787167,1269.7775003075499,1575.701272037892
48620,1.0257022419995774,0.02075399870427242,1.0232782011908483,0.08752410101922944,2260.218091750876,1.0195130524173441,0.04529207985828598,1.0071330169364885,0.27479863993159437,1812.124950779548,0.8256744601992104,0.028327416579941263,0.8308207770252676,0.05303112868108949,1783.6724533781905,4493.5705556014445,3357.1517260902083
48660,0.9985240518841058,0.04030072727939576,0.9983865948994098,0.26561484440233984,566.4536509432912,1.1174827558776934,0.08379586359104713,1.0367246666963639,0.5646589537666161,650.8423141610823,0.7845721082793773,0.048623479972217575,0.8041373929609485,0.14162792300959595,637.6434580724806,1426.5742429969491,1048.161144126926
48680,0.8245601113148535,0.06500629195758488,0.9086496083937788,0.48481536537006964,169.05699324911197,0.7158437873258675,0.1403042976757936,0.9186800063685953,0.7843083042705054,186.99027780497553,1.208076051055408,0.1133029491097253,1.0732304613239136,0.472548385029126,202.14779835962904,487.4060623447881,273.09584361290456
48700,1.024867194887321,0.03683915115794261,1.0186333737582918,0.23208007306592748,723.0109259822884,0.815148480357773,0.07144934900574579,0.8924679648985283,0.48532983273976615,703.2147770930114,0.7788984391762442,0.09492924081346499,0.8344254446134972,0.3860885801858396,696.0207019196513,1584.1440476275036,1111.7287099409036
48900,0.9780394608866648,0.025293449569303277,0.9805294031293891,0.12470233418831769,1377.5361352845475,0.9689585901618366,0.046360875901263754,0.9705225438181695,0.2841917211964479,1734.537517743292,0.9040184195527005,0.04469552453993609,0.9063064098089251,0.12235659911457393,1114.745376115318,3157.958428455517,2291.2701191862798
49020,0.9573574389033993,0.03280773697096464,0.9652168884245643,0.1933486340324537,794.7297882038815,0.9960198177103093,0.07213147681394214,0.98545468963711,0.4900777874491328,683.4805243782426,1.0709285562014816,0.061904666007671666,1.0396548016448803,0.21100864283554657,621.4983519592872,1035.5238527678068,1046.884764138444
49180,0.9550042356159228,0.0176542846222092,0.9577951835374036,0.06490227694691211,2714.948078484845,1.0847047563655206,0.044951889922904,1.054740277614643,0.2718039073568631,1823.1548264307262,1.0089346358075142,0.03542482853791731,1.00199193633367,0.08052601174980185,1350.9726156578222,4538.419672607347,3478.497164188509
49340,1.0349349673419492,0.019357811565182622,1.0320907163604192,0.07702065113046458,2560.951441144196,0.8974581424989061,0.03208515639079552,0.9097615500944422,0.15977701988023713,2861.5380663271367,1.1477769507130162,0.02411630259407888,1.1389984493509073,0.039005304108143346,3262.041522755727,6797.570309864822,5259.9627659236
49420,0.9723797044661641,0.03624139211246823,0.978179063801191,0.22630019020070105,677.2840211425168,1.1878546750985077,0.09129458497073813,1.0584887012456696,0.606233671202594,630.6242455258913,1.0181524302601201,0.04837923282258314,1.0047526500989383,0.14040791522380314,769.2537844827889,1814.8914653932613,1280.5032110399368
49620,1.014863971988702,0.022551874134042953,1.0131489745747349,0.10173543189651582,1874.1355953145094,0.9409431815534557,0.05910600262616432,0.9540896758115205,0.39221521756909733,1016.7890952982577,0.9625121609113954,0.03491993879901373,0.9593912579539654,0.078425721271986,2011.1510840306562,3461.7204994793133,2374.041130499952
49660,0.972793520972675,0.02429904747141796,0.9757234478221669,0.11620687055535528,1516.4544605575943,0.9383760674937474,0.06062509195141109,0.9529683147297556,0.40437770687465835,1058.6429720738881,1.0359833940070822,0.044079887607362124,1.022458477769568,0.11940884671656493,1556.7149978135135,3062.7976106049505,2281.7290865858467
49700,0.9402298155887832,0.038376000760389994,0.9544986922431097,0.24696579939449656,558.2632708940685,1.0724391104916944,0.09883228265501828,1.0093999942055056,0.6434049525702289,565.6096557255609,0.951195857615398,0.03795591641570384,0.9485942314230131,0.09135540350964609,794.2746229513267,1206.104086103748,892.9282918175303
49740,1.0022310796884937,0.032977126482993974,1.0014074644110107,0.19496009008120335,867.6601399387023,0.9804121298808262,0.08580203873442989,0.9769832077288682,0.5762530516361022,683.8127834904986,0.8414789715023445,0.05122215809071804,0.8540519372705857,0.15476551006012096,769.6549001198681,1266.55548839043,944.725744857682
