cbsa,theta_hat_age,se_age,theta_tilde_age,prior_share_age,n_eff_age,theta_hat_edu,se_edu,theta_tilde_edu,prior_share_edu,n_eff_edu,theta_hat_race,se_race,theta_tilde_race,prior_share_race,n_eff_race,couple_sides_n_alloc,couple_sides_kish
10180,0.9376323550411904,0.026989673064854114,0.9465773698767188,0.14703457091201436,1148.222114478242,1.1027178322718918,0.06600778476361112,1.0474999095993327,0.45062741641518633,898.2089266261816,0.8756839175803303,0.03995586295697598,0.8810953769181209,0.10158311222119415,927.9655546249039,2778.4838005759157,1567.7395264635577
10420,1.0549277673334827,0.018413702146241814,1.0507341262342544,0.07427727052840448,3096.8930725483465,1.0160882434359486,0.034476454582386844,1.009522668123035,0.18285424205318984,2601.9177625843545,1.0401080914021565,0.02603489057881808,1.0350165265514062,0.045806845763046646,3675.0446573326817,8801.393810824882,5902.951537416914
10500,0.9688040472704001,0.03380203062737392,0.9751176911875605,0.21283542091884686,788.6489344375266,1.0926134945987211,0.07150225891584525,1.0374720819889969,0.49044534157428304,654.7825834053401,1.2363405782191002,0.0534892786403741,1.1845482776291982,0.16849303431144894,835.6664494455672,1440.6711865409172,1056.055897373975
10540,0.9847984527745337,0.034836020353226936,0.9878483218697277,0.22310614769146886,756.803970902971,1.2128976548569728,0.07378889083313038,1.0951009379836507,0.5061834366125103,783.3019271128453,0.8026258493331718,0.046362534865361585,0.8193167469489109,0.13212212244319868,1318.468805126622,1957.2136995715284,1315.7262839120842
10580,1.0338203576961604,0.014970376486132336,1.0320399149363182,0.05036346930636855,4431.9715564647995,0.8886736664550176,0.024247593786504956,0.8977930890164625,0.09965654369948991,4896.6973576307755,0.9970070755961613,0.017127368202537862,0.995621999402472,0.020353230765139403,6475.012651637206,13367.835676886,8238.009045378398
10740,0.9296546636271107,0.017683756144600882,0.9343961285227602,0.06890279501171039,2703.2730242375947,0.9450140933986856,0.030638409212849452,0.9502957156142416,0.15018222910571744,3329.8347309930496,0.6821880394900831,0.014729084710975495,0.6859222533921754,0.015132541904304459,4672.70341244255,9437.47316952911,5840.58817689341
10780,0.9333998492802056,0.024294720441832424,0.9413744244196176,0.12255635261418318,1450.7933650391087,0.9542623381974646,0.05120934227935248,0.9628293467190737,0.3305192723924639,1540.0369019826903,0.979084718644896,0.030282988881822105,0.976027372599796,0.060988897021586955,1977.261835898967,2397.5459326471964,1755.205175405886
10900,0.9847241349713365,0.013781987534444998,0.9853153505569262,0.043015160213786895,4809.184417822631,0.9015582214726013,0.022910106537493025,0.9086286482382246,0.08992712339745808,5864.745932201714,1.0266877704364405,0.023124615999810597,1.0231213969776125,0.03649113340015391,3357.010259649688,10109.119932348785,6447.40902480531
11020,1.0472837267786421,0.034711931604314135,1.0364530138735122,0.22187155839562805,852.247158142537,1.0258991313941148,0.0504004160110936,1.0111091903933929,0.32351112205256216,1413.651408166946,0.9320862083009759,0.10610411447507201,0.9306972026846138,0.4436242173477947,774.1542044747696,2552.962984705739,1880.0698506692643
11100,0.984374521877242,0.025626784114585657,0.9862702578707057,0.13450691296141462,1407.9136220576113,1.0906295974615814,0.06051689072151641,1.0455562984761937,0.408097369658393,1063.0492227569252,0.8700940276913348,0.03464320663139075,0.8747052672841487,0.07834098394916304,1111.3278293950232,3564.083426147414,2137.221715627108
11180,1.280676564613679,0.04832287387811184,1.1802351946497116,0.3559124582252933,569.4348238322825,1.136660766746199,0.0973328699937227,1.0363981487127907,0.6407433922901733,380.9899114793403,0.9819026742987688,0.07928450924355099,0.9655918630962483,0.30805626412101567,499.2162028394852,1538.3742380545343,982.1898094632197
11200,1.0184788083203966,0.028737767783426255,1.015207454864391,0.16348332001442065,1074.8968617741011,0.9583807220045314,0.048031859867218966,0.9649824232543252,0.30281002715527144,1294.7152812264803,0.8870593194134868,0.046940379656921785,0.8927147870235033,0.13498873745661016,1263.4909394891406,2633.479090628176,1811.1028382110956
11260,0.9097523624708509,0.024326600848579672,0.9206501337052415,0.12283867291089526,1362.8727770439043,0.8981081465319825,0.041327733005837086,0.9180776332574746,0.24331064220776324,1949.2315887305726,0.756528122427393,0.023951927178378348,0.7632605531748619,0.03904509732038365,1632.0547760721397,3544.52435746379,2269.296588889705
11460,1.1749847873936266,0.02655927027721693,1.149734495637103,0.14304793364535312,1653.6587199878152,1.048410862708752,0.04202264678244059,1.0313875936109898,0.2495031323996571,1977.0784267779156,0.9176949236232343,0.027784713813159362,0.918278668763308,0.05184125292134613,2003.7519800249422,4573.659075675048,3279.6552113508737
11500,0.8964492221131851,0.0327878998133976,0.9171394631426276,0.2028071920563386,716.2460281378038,1.0353425887996912,0.08858862221486653,1.0024470716422222,0.5963610524663238,569.5586226484883,1.2676756976595753,0.06454325805960598,1.1905068706619546,0.22782447498606662,872.5931687871835,1239.6732031714614,857.7644107768915
11540,1.1457545367996527,0.02445122477620981,1.1274993009553482,0.12394409451982215,2046.559243531454,1.0361321346105874,0.055852643409446893,1.0154310551413785,0.3699928093470731,1244.4274951238249,1.1788219257360517,0.05497446553367001,1.1347686313278083,0.17630714338657083,1167.2254116393835,3462.902641407662,2214.541373689222
11700,0.9940915127999553,0.018163609530457262,0.9944084866048393,0.07241844570201723,2930.7919476213633,1.032684875261878,0.03489929857128646,1.0228917947608653,0.18652530442552562,2666.6450945320694,1.01516460738786,0.035438276697571915,1.0081229297793022,0.08168105025229258,2445.4233683904995,4769.802546924743,3597.7281276400286
12020,0.9909641683002957,0.02768693754792426,0.9921164435027484,0.15354823792438219,1111.990185874437,1.0611575258202228,0.05379607533419074,1.0325991553083325,0.3526798382417779,1082.033149626546,1.2051198025834415,0.03972470897764675,1.177357257772998,0.10052896447552112,1458.515198537051,2957.5035239214862,1657.9104757634461
12060,1.0078226123731222,0.0062442457184472425,1.0077370924975928,0.00914247878266793,24170.03810936173,0.9676920955221272,0.010768708783795513,0.9679589495209436,0.021365261163039707,26646.276142998704,1.061958448322177,0.00635913780102177,1.0615786095043456,0.0028558605088085257,32235.145114031962,72280.3494657705,41135.30361761444
12100,0.9515711690687587,0.01940838879969872,0.955409444498262,0.08184423853264888,2313.309589486619,0.8471553422740159,0.0453564624048211,0.8842926162384499,0.27917128248582135,1558.8972349901371,1.0098470015326553,0.026000683030710875,1.0061508878803325,0.04569204898237068,2110.8296734792475,4772.7245705175055,2805.70410913756
12220,1.0815089839003413,0.03165215146035025,1.0655945730723737,0.1916463868001077,946.2239255604687,1.062074474551474,0.046450673267554275,1.038418601103434,0.2888656947060529,1518.5773440157395,1.1494832892881701,0.04686718880623766,1.1197947491523372,0.13462473569048797,952.4195839383597,1989.6514537608648,1691.3847951075534
12260,0.9829014184201461,0.017110349829270725,0.9839100343735271,0.06479163537678369,3136.324298673868,0.945328940501345,0.03918766085176659,0.9531454550272633,0.22426935853384866,1975.0857502254203,1.0401896327356746,0.024430055371613583,1.0356784476483425,0.04055564135994247,2652.2483997091954,6319.765537182689,4365.87214110311
12420,1.0244190954988224,0.008500308484003289,1.023982834302388,0.016811213815159445,13587.678271283332,0.8986414867483994,0.017773898397087172,0.9032187922263153,0.0561352262280819,10789.278359995504,0.8160148422755819,0.010504751556851079,0.816890677018223,0.007754845246825187,8812.72757253384,30557.738298282507,16699.323860448927
12540,0.9361866100279878,0.011984365703348297,0.9382338520335612,0.03287058841473563,5701.404510502973,1.0590201184755714,0.039721830655776995,1.0409650224656408,0.22901533497693236,2964.7410496348757,0.9556400681403906,0.021227393537646577,0.9548147941197915,0.03092662870807,3148.448768634659,9800.758184928327,6249.350159190593
12580,1.0291453344673855,0.00921089305278692,1.0285415609557667,0.019681733898567328,11631.657384236212,0.9341260956564605,0.015500699902752086,0.9361192298435327,0.043276236992146014,11536.146311275135,0.9942538487483011,0.009761258064547638,0.9938161476108079,0.006703062416308227,13310.265376301038,35438.70954454059,22807.203975279415
12620,0.9688014885147447,0.028715854902936985,0.9736453617905518,0.16327479069374748,1074.9242204037796,0.9844513054314095,0.06658050317544763,0.9825092461775454,0.45490839540079014,781.0118557256985,0.8935153133646065,0.08558337436639578,0.9056203442336477,0.3415654842505836,896.8661759590161,2517.0870255441578,1301.9520285123485
12700,1.0137482143957772,0.027925818905066433,1.0113677140918005,0.15579470338961357,1275.1153571962716,0.8201018946822959,0.050942285765647445,0.8726417564938553,0.32820943845548256,1082.5963078335835,1.115053296670436,0.042575321498101955,1.093880171987657,0.11377397910276525,1605.3712527292464,2458.354187432481,1903.5657902927483
12940,1.0472117067044502,0.016629310986603318,1.0442178803092965,0.06142036839224906,3609.3145157582976,0.980452673489779,0.03127438713956022,0.9804106117609174,0.15550217382778633,3417.894890924207,1.1126270739521422,0.026662469886358172,1.1038228151175358,0.047934705937235596,2673.811960753386,8100.667916417449,4363.991278140752
12980,0.984566739971868,0.02855765141885617,0.9868156387949897,0.16177092805592522,1136.0166088937629,1.081472823265718,0.05706322588738922,1.0429779268589854,0.38004396678898894,1241.4852431409297,0.938186580136077,0.04458055904258749,0.9370475159801973,0.12339001356799216,1483.6033978096416,2030.1542323329604,1902.0960607700606
13020,1.0311475737592595,0.030911489990593836,1.0251209964124126,0.18441695567233665,1055.2168294017486,1.050708295979508,0.06661244806100787,1.0186085973922456,0.45514629422390696,815.9937076517838,1.0397562807797454,0.062293679399435,1.0158693135860064,0.21558417999774854,1371.9767843024413,1639.436049486305,1881.009095437757
13140,0.9540471659467479,0.022303188685940542,0.9587254613976149,0.10531643682633839,1737.9481444763373,1.0553902983912686,0.048386115210411036,1.0323825039199637,0.30592170283680215,1953.4005535506635,1.0867993899244264,0.029741867578815646,1.077493506400441,0.05895612375850448,1750.8375927117543,4498.494937960003,2710.0270364085363
13220,0.9105171342255012,0.03705038203065247,0.932082416131865,0.24519556282094868,592.3592616198522,0.779928221014575,0.08151150579413148,0.8912132258594123,0.5557193639309228,549.8513992000954,0.9105514778657089,0.0989562032894032,0.9180881434553908,0.40951927705552876,690.6011093311996,1099.031121607513,674.3303534574954
13380,1.0430258519991404,0.03220540270910882,1.034244812025758,0.197072702679877,936.8416753129194,0.9477210809679203,0.054147947521908386,0.9592662718404459,0.3556623112517458,1208.5307411379836,0.7726088866837366,0.027635936411853856,0.780631947629211,0.05131596936093678,2340.8371240492615,3070.5472422300118,1835.6470913931255
13460,1.0126907061510775,0.03180489218152843,1.0099437934488429,0.19314236666880094,1001.4542555752985,1.0009372113058292,0.04963500361219891,0.9943609933732732,0.3168493967413286,1323.8176966021017,0.7450643044915255,0.039915332364483275,0.7637104728704078,0.10139801453293153,1735.7233213626657,3319.089442353307,1996.2437778352607
13740,0.9587594550383232,0.03182295601750477,0.966435981530474,0.19331939734363401,877.0093576279843,0.9493174098754362,0.060598484920215696,0.9619333387090269,0.40874846026490574,979.2965680553367,0.7342081176179928,0.05145282223711743,0.7649576343663367,0.15789464743911188,1067.7475125460476,2333.781331348093,1566.0895820127264
13780,0.9519139522809273,0.017412213223690038,0.9550304776611412,0.06694353778630181,2783.9586454050173,0.9869871845197401,0.03937558038302297,0.9854496743112605,0.22593828867462573,2085.0433251891127,0.9139693455870684,0.036099985101764674,0.9152356428835968,0.08449969052900791,1862.3013192712183,4228.722067322037,3396.5607336037974
13820,1.048442245164135,0.01288312120387583,1.046553620002939,0.03779233945534265,6167.739521574624,1.1115731885822315,0.024266246695185394,1.098461073058414,0.09979462101940872,5608.462047920845,1.2071616408418886,0.018620156630229548,1.2004938653455062,0.023967003396224793,7423.550765858113,13608.961635199932,8404.674246330635
13900,1.0084661143470859,0.0470717116261212,1.0050271485427025,0.3439782593469786,439.74191526424056,0.9332364333244343,0.08093223961644858,0.9591596393204747,0.5521949423003101,552.12595566779,0.8748457893818161,0.08729645572896007,0.8938130248404894,0.350535086350119,520.2272750756713,1367.369511804933,707.1454417235828
13980,1.0565736583088459,0.02753393632476479,1.0477350888332237,0.15211330701064946,1204.4617662486423,1.1901751385380046,0.053645195284855056,1.1163839271107436,0.3513985101674088,1138.592235001478,1.0536754719547283,0.054935955558162115,1.0317117641940508,0.1761037051694328,1213.8660041611947,2300.3463172609067,1607.3451316677451
14010,1.1764465946526748,0.03439224564643899,1.137523980968877,0.21869326856638482,992.7302237805161,0.908768922234692,0.04605961123198396,0.9291505988292116,0.28540464525705966,1514.2468722270908,1.1397169555995472,0.04017289388206059,1.1180978216581055,0.10257615536106257,1483.949831904643,2913.189198557883,1739.122268768685
14020,1.0817839675740664,0.028265886086397487,1.0685363739088345,0.1590051917545646,1292.041082739679,1.0566355111161667,0.05598082131915874,1.0282665784219243,0.37106210683279456,990.026622009774,0.9500620712724501,0.06624007834950944,0.9450579732160512,0.2370834709544933,671.0994792703872,1921.2709810323674,1462.7326791661703
14260,1.0824188706140043,0.017336261501210596,1.0768446078832477,0.0663994923654615,3643.2808986529126,0.952322842117041,0.03256937082207858,0.9569602690298099,0.16645859615889572,3199.532141774153,0.815842213755121,0.022615185851396484,0.81979626294468,0.03495664347772822,3864.152814475786,9919.858814051737,6272.378779263076
14460,1.0927967911028238,0.0071068244985115015,1.0916826863479772,0.011810927671129902,21305.333368320797,0.9566290037670561,0.01215404587943815,0.9572662961684619,0.027057594748920846,19943.175956741896,1.0262590934481048,0.008641732778637702,1.0257471480767355,0.005261302309186631,21047.616589660523,65255.64535504693,45504.36243909797
14500,1.070569260084381,0.019762213948132032,1.064469476729229,0.0846008059775451,2609.717938758485,0.9126187188500223,0.02676846091849911,0.9206495779968642,0.11886393257480411,4860.671540648153,0.7648151458625579,0.025298748003809785,0.7719328827129495,0.043363810899585666,2887.7792643034704,5182.805016843984,4260.290696738083
14540,0.9641639972650965,0.027473824731460497,0.9693628565938411,0.1515503971460876,1125.4370687225323,0.9770459945982959,0.061642504292961114,0.9783538791916256,0.4170298707757344,907.9650156542111,1.0245086985757141,0.05183264838393547,1.009233474698334,0.159860380589054,801.084468564802,2098.934046654893,1443.5453552429592
14580,1.0271368322555756,0.04274554909587624,1.0184828456462494,0.3018655977839618,509.4384746319643,0.9797216922032166,0.07638739177347768,0.979962746321326,0.5234712206300165,633.6408188421999,0.7734539671089695,0.08963392751673221,0.8298479454134186,0.3626594408112325,698.906067695355,1505.2978101248395,871.5923950984904
14740,0.99331044914686,0.024594774335425566,0.9939563435812012,0.12522091089881146,1590.098884295995,0.9837624547478097,0.05005925879859562,0.9826148153104806,0.3205454185491375,1359.0733663641777,0.6474938240049832,0.026413020279567555,0.6607461491727125,0.047083997443080436,2032.7965539515935,4479.569732093638,2738.852190021568
14860,1.0142171349998916,0.01313408434682446,1.013599461145416,0.039220759037420706,5374.408068881876,0.9783193999532233,0.023715530237748236,0.9784977524957394,0.09574516076780512,5424.408868192658,1.010034228738966,0.014842646503994276,1.0087885959045002,0.015363187637609995,5898.8710787209675,13264.996659382905,8468.288951780289
15180,0.9547256060866719,0.020670893216854645,0.9587424632335539,0.09182881625543454,1957.0089330627275,1.0934912927711216,0.0498299850653362,1.0573967773149608,0.31854910691637317,1680.6700427116432,1.0339548502910378,0.04906397530045397,1.018660642242908,0.14565956402467536,2306.6243114802983,4319.2747042918445,2843.442023855252
15260,0.9491081479395566,0.026738772848299917,0.9562509503076398,0.14470731424075273,1209.0782595635615,0.9455722587008092,0.05739244104905386,0.9588195013632075,0.38275848936156515,1130.4688864018713,0.9804488891508263,0.04976131530423325,0.9727656504974737,0.14920728928201846,744.5614452193894,1354.4569207857562,1389.3077920463802
15380,1.0529650011387,0.01115146047688616,1.05140713857919,0.02858646351953247,8335.48206172828,0.9125864398368739,0.024574909249325757,0.9194872003517984,0.10208868349488684,4951.704580870876,1.093115152397623,0.01755060046859012,1.0896103678463145,0.021349810363886678,7372.5006283266575,14606.426940701138,9861.12136110823
15500,0.9564572499876016,0.03129807102914393,0.9643631348789413,0.18818499761050878,863.6662815924265,1.0692589846182363,0.053612575641352855,1.0379822225622715,0.35112129961987887,1297.1379723210378,1.0929664441274902,0.040617027664147355,1.0758078840221732,0.10461817282661316,1080.4456294163792,2602.290774606081,1311.8762040100632
15540,1.1280989134870785,0.030634612356772225,1.104541728477184,0.1817257413298741,1254.612050644843,0.973711368252209,0.05184492007286545,0.9758855673860007,0.33600078768927616,1140.8072845332667,0.7542946996559851,0.059053124682608364,0.788888810650908,0.19806491682302274,1042.0654941232538,2720.6560833465546,1986.532385186139
15940,1.0238032827388257,0.0245345603640415,1.020644417130337,0.12468487514024935,1671.8021925320152,1.029361079090129,0.04293380283233516,1.0166914883194702,0.2576225168476185,1993.3421292767534,1.0295699828252014,0.04986692012304416,1.0145032835237204,0.14974632932418538,1631.0003088016172,5420.941794887152,3541.930723725944
15980,0.8623382777985621,0.01481325051500496,0.8690581717275224,0.049363722243412345,3363.4079563649802,0.8739789017453458,0.028041714269550037,0.887673572460635,0.12894771654374768,4355.258312699766,1.03167468662241,0.02119535770847536,1.0285072040910064,0.030836228129784357,3646.638654146207,9789.774780879727,5923.297729052914
16020,1.0751563643078288,0.03321614310893292,1.0592792484078994,0.2070355426094268,965.7191632352785,0.9652070375512504,0.06345244487624341,0.9716637951852243,0.43116491220660025,838.5061626412248,0.9865511714484433,0.061520410012851155,0.9743759773077675,0.2113895628584333,976.9472940673892,1438.901064621965,1430.1529712214751
16180,0.8968187526301131,0.03157636603592869,0.9162241699032398,0.19090474789478945,811.3450943255623,1.0556327869964193,0.07141304791225284,1.0186754698106202,0.4898213617744566,867.8137142901768,0.8108230242133256,0.04549109318444319,0.8259239676520448,0.12783094460964892,867.8137142901768,867.8137142901768,1556.683207483402
16220,1.101325745875656,0.0365967644452053,1.0765716627334454,0.24066443016487354,850.7529356641098,1.0379725051528497,0.06726405838339387,1.0113902010005482,0.45997847991607055,809.3008191899775,0.618256608380841,0.0598521363702835,0.6811323569728533,0.20236897400498932,937.7801851908434,1104.897921675913,1370.707244746772
16300,1.088902451933933,0.024702308921664515,1.0774915097179134,0.12617983146136483,1831.8708343299502,1.0863335210738907,0.058136513944947475,1.0450551796005727,0.3888631320918614,1101.0457757039612,1.1346328756536905,0.048548756517192475,1.1052103067452157,0.14305181219235158,1229.0389790899023,3298.62108809763,2243.6050212812083
16540,1.0181938030889808,0.0354242544084057,1.0136774028559252,0.22896467889586522,782.2026118905854,1.0364919274678004,0.06832702702167191,1.0101515201250448,0.4677770780824406,741.154616234885,1.07668139919501,0.06260173430697266,1.0445867994804485,0.21725728261985425,1021.4359169721323,1952.243678915472,1200.626895113339
16580,1.1044252386788727,0.029000551871684817,1.0868376588361752,0.16598829122969302,1216.6711869831788,1.0663248350914694,0.05267055716287773,1.036770423293289,0.3430868607838851,1187.2559775367151,1.0211392888976174,0.038641223200177696,1.0123230549402518,0.09563722910156357,1201.0560501129664,3493.395884302335,2080.526712191073
16620,0.8764841554137656,0.025227390620502898,0.8924508677282226,0.13089149942642914,1207.0445615924368,0.9927964270484184,0.05231656049653268,0.9885069084422934,0.3400535834409657,1195.8376716197088,0.818650535385572,0.059465396765298315,0.8407428187183237,0.20028427592382309,1221.706345321643,2396.9567554579226,1794.695414393779
16700,1.0521506381998746,0.018753466500267924,1.0480261795321966,0.07683110159043409,2972.004243018123,0.8805783341519438,0.02469679095686654,0.8908374582556999,0.10299927298091589,5186.424925501048,0.9657496052417889,0.018010941573079996,0.96492323899924,0.02245899893112645,5102.00962349267,10587.17375524583,5557.669823144796
16740,1.0263481816032198,0.008080156633462853,1.0259239903385993,0.01521506240736907,15075.320809597559,1.0824659691825083,0.015215205751799347,1.078194317658226,0.04176274381996434,14461.86791903439,1.0773354372360524,0.01094820509225084,1.0760864059476332,0.008417772045461739,12906.064968536,36320.162014298854,23275.395433310965
16820,1.1277584598257722,0.029189255634144148,1.1060646595893553,0.16779182544787552,1327.8062870375657,1.0608360396500616,0.045451494256829816,1.0382517952932189,0.28001444108817963,1508.8751107925557,0.8989454568376798,0.035232422461339494,0.9013705814284936,0.08081132919867606,1387.9284826366998,2890.2061045415385,2252.8244958461996
16860,0.9874527662375944,0.01648306938265926,0.9881182238903715,0.06040980461614651,3458.211751486883,1.070357175884359,0.03285016629864901,1.055130726292024,0.16885446005355914,3065.965046728657,1.0761954625448713,0.028050018672026656,1.0684236051442646,0.05278349508431791,3248.1084003779984,7753.7260437266095,5220.556460163374
16940,0.9477505642624818,0.044614045966201096,0.9639903378472112,0.3201979123930541,435.91100136488865,0.8955910208724923,0.08666837197381479,0.9451417979779767,0.5857677725241146,489.1043734710257,0.6826705759044448,0.054382593099910725,0.7253234114053815,0.1731851564904985,588.5222358113306,1276.383985303369,780.0367030133884
16980,1.076874719060816,0.004647667816616344,1.076475970435676,0.005085675261276333,49470.73154946499,0.9646071165675029,0.010222021282983051,0.9649075882814009,0.01929184052184784,31538.22491939922,0.9988200077768064,0.005773926252245708,0.9986554344360072,0.0023555960288600673,38474.1857151379,106686.80415990493,70541.5091544744
17020,0.9913729737974506,0.02713095081456258,0.9924255860492639,0.14834895549775612,1234.5825719807694,1.0504066977167108,0.0704219309835745,1.0164995799635617,0.48283876783646984,820.6834091029776,0.8151505243606326,0.03890622224430323,0.8261697759275014,0.09682602820831407,891.8295315961647,2642.287632633634,1534.003292983571
17140,1.0689017932151892,0.009042020852034633,1.0675649526619888,0.018980233369641348,13033.316649731998,1.069155580397115,0.018141317868446902,1.0639645834481197,0.05834324809148538,9555.053076140699,1.0357202913826482,0.013669497158423772,1.0343258272256741,0.013061045625831488,11998.39771012128,28314.796168817786,17917.867620716566
17300,0.9862282580524168,0.021283097020629315,0.9874132873684641,0.09681429479142854,2088.5932205412564,0.8515296217998115,0.04754960279902872,0.8899409375744805,0.29856627156239796,1636.9042099429525,0.7943183164788772,0.02815517767033665,0.8014754670777489,0.05315892755630835,1570.5283028793185,4197.7311698890735,2567.74062991118
17410,1.0362643314941,0.0108408109986628,1.035241634204032,0.02705845985811052,8709.610433993383,1.001944287630087,0.016078329139518347,1.0009343255525847,0.046409211496638555,12294.461217421793,1.0030235709368305,0.0129929847697949,1.0021484428559508,0.011815133550001876,11420.58219387113,28323.577480189753,18514.916313366368
17420,0.9631092465677923,0.03344177662810128,0.9705087769458538,0.2092672210530528,784.5379201393466,1.0333863867532578,0.07609942674531284,1.0056357876560251,0.5215865961076929,729.7965402096881,0.7933509740719903,0.06389213312302945,0.8237638367926949,0.2242767129700271,696.0371258647527,1768.7712381956837,1065.4335002071168
17660,1.0652024674479437,0.042487652548850716,1.0452275807984222,0.29932108169441896,596.2501713513952,1.0943275840220934,0.07271646474646536,1.0373846014914943,0.49886357609437626,767.9684007242386,0.8886727204818213,0.05491122977132065,0.8957613478233045,0.17597310745788503,1132.7395867174453,2138.638416103501,1268.2392203950694
17780,1.1346668046476378,0.029446963544646057,1.111477536892504,0.17026104636552866,1188.9691739580269,1.0482983527497294,0.04567713101741481,1.029088536074277,0.28201551822922066,1621.1033464417674,0.9711100838819582,0.032287423999196645,0.9682116664153817,0.0687563326214691,1350.1142002956037,3315.5847568412464,2254.7217101147126
17820,1.0690502126723633,0.01620347498435297,1.0649214184454512,0.058496647649103097,4110.857639314655,0.853413911472263,0.024471393297987146,0.866257743320129,0.10131740070432088,5307.309604765715,0.6995057817005851,0.016678928554213004,0.7039391349464464,0.01932170458596979,4824.48943396282,10389.342469020117,6632.217007618533
17860,1.0287346619317255,0.022772342272058776,1.0254264370703907,0.1093043661688532,1762.466184642244,1.0058408157542935,0.046688319176822445,0.9983750066521792,0.2909667641847618,1427.7995469274122,0.9350873252295848,0.03803895243592854,0.9345173155451352,0.09295417541493294,1353.8408996778537,2581.622791665983,2023.592951173927
17900,1.0358966986404463,0.01620449103070498,1.0337070153200816,0.0585035547950448,3687.2723606178156,1.0076664422827488,0.02854104390648067,1.0040120028826136,0.13296481720514045,3860.0616623321926,1.1020996517505413,0.018720736076911514,1.09790603398959,0.024220336986795623,5168.71423023021,10767.22861218148,6336.977350109733
17980,0.9196004181014645,0.02270927086418114,0.9281785431012861,0.10876549806157243,1584.2111968186364,0.9958374982253054,0.04399207710345516,0.9916568099115055,0.2670459506817229,1736.011611893971,1.0051841955523537,0.02630998630156428,1.0016216692767939,0.046734509896532245,1860.6116590888491,3358.021029023958,2489.552231105938
18020,0.9901481738319079,0.03570978938594372,0.992076919169175,0.2318115750645917,722.6424059686399,1.1511400772070195,0.06214248316654196,1.0791731382350433,0.4209629491432724,973.2271542546207,1.2662093685445233,0.07045750081219443,1.178479130766544,0.2601308966725591,622.1894587258938,1111.048416169771,1074.4351284890272
18140,1.045142412605704,0.009420064717725678,1.0441824606232413,0.020567201253260125,11530.360234496968,1.036092266916711,0.018646336477329797,1.032657461851123,0.06143444753511922,9030.094592694366,1.0222934587272134,0.012532154797064267,1.0212666494053473,0.01100094405088789,11292.086456672792,28225.374467326223,17952.66050324581
18580,0.9388264381437558,0.017107798225886484,0.9426896663434862,0.06477356415112928,2892.716833675868,1.0571367276976826,0.04910548880361162,1.0331096294514825,0.31222455544647765,1657.7410254524968,0.8751041228593976,0.02245276053745808,0.8769605604978455,0.03447356793078905,3181.508719777513,5085.470279085717,3385.049465794778
18700,1.1670618867842912,0.042746911637456635,1.1161670748798114,0.3018790328586302,640.6199807816813,1.122388774100293,0.0795355212056464,1.0450894340370567,0.5435707298840329,541.7404015713927,1.0067796571317693,0.0532859708515466,0.9937496071123495,0.16742865962272394,762.8268029540376,1425.1018930582238,985.7613171770303
18880,0.9815225005631545,0.024645507683576685,0.9836521547246507,0.12567305731423323,1546.2257374607607,0.918100752800249,0.04308764820390352,0.9341794137406505,0.25899307847211694,1795.2096773127234,0.8556366881695315,0.027341477141110366,0.8593233576805637,0.050282951243321,2148.1977736523245,4316.1766435735,2813.1670762522135
19100,1.0104854361899935,0.005510750944741971,1.0103996931984696,0.007135172464434322,30787.80242419177,1.0409081704992698,0.010952397412136113,1.03956709021804,0.022084125017327042,29270.827280817844,0.988412265799913,0.006272321119326599,0.9882470565211863,0.0027786300185723006,29227.390471434384,100163.54050381118,58363.10178265134
19140,0.8865581108903184,0.02812605175993923,0.9042045098154238,0.15768331089093648,955.3935280491302,1.1191831220719455,0.0738919726165741,1.0487261428611117,0.506881321133328,753.2867748138415,1.2015422766330854,0.054683494854372953,1.153901935623018,0.1747710708900127,905.6466364690142,1762.2550482986744,1416.2384536155462
19300,0.988211806543952,0.031086962267018896,0.990120839955568,0.18612582005739034,937.6110468792164,1.0035743121553742,0.061773669241765604,0.9937949111543526,0.4180637549651953,902.174536958832,1.073338234312018,0.055534756542069415,1.0474544367189094,0.1792716980434723,1010.5058564122004,2304.12322525562,1522.723479674333
19340,1.043282400458347,0.01924376896292299,1.0396716032844415,0.08057313113401912,2797.7680791516127,1.0045332232718434,0.05581454395668411,0.9955312589759872,0.3696747451082733,1166.7852150701628,0.8864350213931688,0.03313520540868318,0.889502871867613,0.07215051617238266,1729.424052278689,5615.493545637362,3366.8376472814207
19430,1.0630808469175093,0.01580799846838136,1.059473310583665,0.055833534692780365,4229.251221275434,1.0462604979402959,0.03059357127872889,1.0363613860481158,0.14980878411703477,3465.771148534883,0.9486315654426366,0.023123601055433873,0.9479136120994452,0.03648804713925813,3703.53564014271,9911.083738126179,6311.651152152195
19460,0.9737697350346267,0.03717478486299091,0.9798564573467378,0.2464384377132056,669.1812037946204,0.9357781443090533,0.07108010175586718,0.9574244914093155,0.48748598843555424,782.1050030170705,1.1726260172617176,0.05443203414255159,1.1303623916395746,0.17344555422891256,838.0831684553732,1971.636375695607,1203.4292753041848
19500,0.9694588108921594,0.032070108382710315,0.9751372759109052,0.19574381419663503,876.0112516403813,1.0656103817937976,0.06487399269566581,1.0278456119148844,0.44206445626324936,912.79295224378,0.9867459167560291,0.051565719518665835,0.9775873324606794,0.15847837898884723,1147.0693992064025,1833.5800768694787,1410.4557477868643
19660,0.9074743028317407,0.017023320920522386,0.913313982063182,0.06417639944694142,2785.4783057514287,0.7561952980753788,0.035158331552197504,0.7984795024835689,0.18877982192679404,2862.748456289486,0.9980666620775054,0.021484186980949418,0.995878897607472,0.03165558026020672,3602.8928171072903,8014.946570079725,4774.18391391751
19740,1.0572804995668856,0.007593683290990681,1.0564887687294704,0.01346206035506275,18427.00885753074,0.9351327634264534,0.012847911334958585,0.9364905261973052,0.03013940597793268,20338.406014704182,0.8347390369617426,0.009455587452845629,0.8353318851148119,0.006292427326201586,14424.5244332805,43923.864901475565,29401.280798733264
19780,1.0952587538882805,0.021114435368540605,1.0860218860896986,0.0954317853988395,2522.3627244175386,1.070956577703111,0.03472494597037841,1.0541623898573247,0.18501018988601303,2933.0362685403716,1.0598993645237749,0.031998775188177356,1.0510455438545168,0.06761521973896799,2422.8867540212077,7870.7740021526515,4717.651165793077
19820,1.0423183133804845,0.008218394647348257,1.0416284738920456,0.015731864297307455,15027.19670622051,1.0389299626977169,0.014215210356169171,1.0367769663667876,0.03664813160115464,16406.993852806412,1.0740416007148725,0.01159116583268029,1.0726740275180782,0.009425920567113133,13384.841262457367,46299.013691480635,31754.10007945449
20020,0.9102415983597155,0.02222858379829155,0.9194777784023594,0.10468667758497141,1618.4604545418276,1.134670094945815,0.062388745888766174,1.0693383542322872,0.422892252507064,1110.149170422037,1.0323060399075663,0.04044266424080947,1.0215766766915864,0.10381492622767141,1412.313132620348,4057.4380992929187,2032.1917042893986
20100,0.880017405738048,0.03069301135572619,0.9016101889083888,0.1822928300598873,802.9440030570952,0.9961906330332376,0.06987457507759828,0.9885234976421021,0.47894304423811707,673.6030963015733,0.9564232458344226,0.05045800088396589,0.9522268991394377,0.15277175972665324,559.3301525894976,2052.310594103021,1089.7393462523157
20220,1.1480988427036138,0.03883711917724213,1.1087394788595115,0.2630439803113804,809.1969492197653,0.9230331119696071,0.05799442576298271,0.9451898470045413,0.3877006976769185,1029.6255913699597,1.0287204304055821,0.07534225292668562,1.0001128287599934,0.28674912242240264,1006.4241880917508,1687.0252028279513,1494.4458972940731
20260,1.09194315803104,0.022862997452047527,1.0816534313753525,0.11008037524588511,2133.226834616509,1.2704267790215098,0.04018975924730501,1.2027483502715834,0.23317722318693998,2483.3884636945495,0.9028801336249145,0.042649507674201295,0.905855960665834,0.1141255301422067,2913.9672659509683,5698.300744247331,3285.0698811388984
20500,1.0366136659469132,0.017982824010281215,1.0339020778866566,0.07108600009345153,3052.966876033912,1.089616368438041,0.03685308443422911,1.0673330566065382,0.20362295303727937,2542.304482646664,0.9550904224226516,0.018422622723025462,0.954476947991322,0.02347306074883964,3742.020356166181,7527.925227270885,4817.782420851974
20580,1.0428889871625329,0.04504314986509583,1.0284798947270715,0.3243793517380727,491.05236812820584,0.8429597304775679,0.0961080711704859,0.9300812803737356,0.6348928164648188,491.05236812820584,1.1296877795718838,0.09908282619000197,1.0473597344175793,0.4101378655910037,491.05236812820584,491.05236812820584,781.4177106227543
20740,1.1710475177954627,0.038823527863165334,1.125675058769299,0.2629082995330213,825.6421855134032,1.1022213587536576,0.06080288304474916,1.0521392840974644,0.410377034184094,1051.3575273858694,1.1303582774106613,0.07019147897897281,1.0782598340897591,0.2586774518557935,1102.85377636306,2657.8126353088205,1390.1068404476491
20940,0.9681500512353969,0.03968955240601267,0.9763829556497543,0.27154777926782014,525.4100146241091,1.1814702843525602,0.08620859160906057,1.0640822628708853,0.5831841086559333,689.7112578779706,1.143666534378883,0.06927319971864469,1.0892030545527427,0.2536590426743376,867.6330814778003,1338.586720680138,925.1498664386045
21060,0.9825219491796617,0.03748452337829493,0.9865011396817731,0.24953316367564593,679.5523102846524,0.9070287590811694,0.06868914977040003,0.9414408542678352,0.47040989948305956,843.6794245432275,1.0171568176161212,0.05823312291385783,1.0000756537812072,0.19366036545192275,759.0223280936926,1647.7416434627146,1155.0328685505604
21140,0.9868815462841072,0.03576563201465813,0.9895739873383488,0.23236855029026318,712.855610314884,1.0687828413674958,0.055429555277336395,1.0363146913339563,0.366454955740055,1443.6029821407328,1.1764799950824545,0.058282431118110246,1.12847878316112,0.19392483715730155,708.6084937339127,2519.997942432765,1515.4233699141616
21300,0.893319359131954,0.02579358655102052,0.9076222322629277,0.1360246458025554,1197.6091834272104,1.0834352931371716,0.051835936297618616,1.0487501508252788,0.33592346562046765,1185.2794055347767,0.8664098138183687,0.05525856331503512,0.8775309560570967,0.17780924754265948,1230.8518720573522,1596.9923093333894,1947.6367333678493
21340,0.9933266486255768,0.016143322310485268,0.9936253294769193,0.05808831786463545,3563.6439856781803,0.9951932243062805,0.041951618358000896,0.9914574246536247,0.24887013398774843,2184.891283942748,0.8637694052131452,0.02977936761433994,0.8676216292546608,0.059096095812434586,3345.7467767855064,8571.339362170766,4937.059281312687
21420,0.9234666034562027,0.032924837134023145,0.9387788525382661,0.20415818875376296,766.8523827206819,0.8445013136957273,0.08299841194850015,0.921110375551844,0.5646268466278961,581.1496287983389,0.8117842993945015,0.04361975285245909,0.8256987490811014,0.11875349168342118,870.5604701896252,905.3919466747006,834.2601711650293
21500,1.1057192238654445,0.03192083217978856,1.084882657746746,0.19427900538220216,1112.915859316617,0.9850630764997395,0.05473454198589336,0.9833029483514685,0.36061603280898313,1031.8695950772183,0.9101205615386871,0.051489009424610585,0.9130979680516315,0.15808170086920817,1001.0505950392778,3449.2873432257225,2058.4639660638873
21660,0.9806623769558146,0.022719325233146962,0.982600596168189,0.10885134386370997,1741.525130837491,1.018936146463428,0.03926491647971102,1.0102182342211457,0.22495537621602435,2294.112163672368,0.6940635183428783,0.029614023889359513,0.7077999703080888,0.05847995033697391,2820.0200201080506,5127.198507138305,3276.2426967951237
21780,1.0840404874620047,0.027135716957962578,1.071342172236649,0.14839334637937016,1513.08694105817,1.1276096633389987,0.04933647066426073,1.0812815289101396,0.31424354934129445,1499.5945886647721,0.9632017207930896,0.047746201609189645,0.9584409913348433,0.13901338884577677,1387.3487244448522,3841.211561944217,2720.5594677978916
21820,0.9174280172777597,0.040449288540635876,0.9400475296934003,0.2791137806494366,509.43079357073344,0.9819774782439648,0.07997075410986063,0.9809967496128488,0.5462773280054979,555.1447101555659,0.7899371525437798,0.04478398986637331,0.8072279783727834,0.1243783106823614,607.9826029893028,977.6151580903262,798.3571387014539
22020,1.2360273809485942,0.03755036139349159,1.1765922852501538,0.25019099551233887,973.2404099046566,1.0058468210108182,0.06327134667261358,0.994817097386258,0.42976347377350227,915.3426849176702,0.9148696214286464,0.04609632509791714,0.9167121109752131,0.13080710994278538,1214.6049100347789,3802.716384524817,1683.6018084965792
22140,0.860571030424607,0.03488694422907643,0.8914066865348771,0.2236129400408249,608.4601998115335,1.0541656534357622,0.09358457538063708,1.0081130869008008,0.6224710301543632,544.2180223813087,0.8130568822023307,0.06394459962479304,0.8390832856233061,0.22456245491872637,452.9924396625542,1397.438967029343,746.2352613680736
22180,0.9671588627873859,0.017996883204446066,0.9693877725093485,0.0711892794593672,2805.0970791772806,0.9637782368474346,0.04174431645413276,0.9678303844067813,0.24702271725800995,2187.5630443971004,0.8445134779333271,0.01724354732818754,0.8462550518831754,0.020624574934981755,2901.8932283081303,5782.565560008626,5179.994478760626
22220,1.0417368786930465,0.019253991162318428,1.0382472030793177,0.08065184836164209,2662.781155316286,1.1002004589787069,0.03422396693553796,1.0785170099995667,0.18066789373289263,3016.842733990056,1.14252136428503,0.025364922978044067,1.1332139219718522,0.0435810650013742,2554.657164708325,7247.305349676026,4696.107283310148
22380,0.9869283572667575,0.0320145130088004,0.9891809689827098,0.19519809571148086,858.4967068830767,1.0347129866304052,0.0741797993335138,1.0069663686715615,0.508824674091698,653.4766565919517,0.7432284251844467,0.04444333951667078,0.7660216779016837,0.12272466774782545,794.4889343856503,1984.0059332101487,1081.9963201161818
22420,0.9843494618199119,0.020102347042669784,0.9855817941824498,0.08728167719639492,2339.3488236189914,1.0554084695030834,0.05285849223943498,1.0294784094228022,0.34469414315759667,1569.5912517216918,1.004528829871699,0.03439148407284823,0.9986874147032981,0.07729432409561392,2096.9782837148346,4432.732267703882,3022.9266066652535
22500,0.9495376352413413,0.02946562386926901,0.957877415356974,0.170440110784337,990.335745000344,1.004018583037593,0.06182912200669639,0.9940430402440399,0.41850040813592754,918.5098386481957,1.2683551194324512,0.046223038303883655,1.2237469029743453,0.13143259501657775,1206.18088712261,2271.5562569207095,1589.3587193633925
22520,1.0315600899966348,0.03237234694071941,1.0249843226247453,0.19871408909814317,966.8021689220188,1.0984263647478612,0.053483157674209525,1.0570384419912846,0.3500207996544028,1377.549107019408,1.2498442035688362,0.058682928952118935,1.1869259495799733,0.1960748011811299,1207.223984012615,1923.5099202982851,1376.8757878769381
22540,1.060113439911801,0.03184892391228577,1.0481805844817502,0.19357392991805544,1046.8410012296838,0.9758079276339121,0.0601753016080077,0.9775811006319884,0.40536560168804553,1117.181701129422,1.3330858496411417,0.0756265551531256,1.216578117049613,0.2882922224928901,810.9252991493904,1878.6352525493423,1228.3057153100615
22660,1.1366172264104446,0.02408910409409759,1.1199371403170724,0.12074005446617568,1934.1066405638878,0.8969699594478514,0.038903109545575035,0.9154217558922192,0.22174381924790212,2130.935716700104,0.6492858231546422,0.035119441338073557,0.6717531853193539,0.08033544839846668,1956.14976291533,5160.908682345895,3192.5757235200276
22900,0.9148588789333697,0.018577898226648362,0.9211720213582657,0.07550737802294788,2372.8112266678627,0.9675363196759557,0.048715076034758324,0.9714414465576051,0.30880664473641267,1697.0827730896438,0.8742351919562459,0.025489975979162825,0.8766424821271195,0.043992895757546856,2201.4855681160757,3139.8722410906585,2086.9385838507674
23060,1.0708433178803658,0.018894646497787576,1.065205188365195,0.07790180085201351,3015.4275984160918,0.9995133289687756,0.04381655651874249,0.9943812217627711,0.2654838692309786,1860.7180522036513,1.0038497074180037,0.023320616306313047,1.0010719213472223,0.037089300050028556,3409.205549144507,6293.787027810538,4249.020047135379
23420,0.9579542373533088,0.013231112467072021,0.9595658638916675,0.03977924995446478,4852.861410416199,1.096146027932683,0.033462657970067824,1.0759563434699533,0.1741032700350241,3736.951326443191,0.8629247195953939,0.017205313389292834,0.8642806608545474,0.02053509110448544,3941.8544162403905,11734.228464898182,7981.524785891262
23460,0.8984632498986911,0.03507291290931944,0.9210108655116297,0.22546434408544505,653.8716213324669,1.0202878321857094,0.08711081007743257,0.9966962193619896,0.5882366647994017,560.569916329449,1.3228718017132526,0.08479099586697504,1.1899666808373497,0.33739403026663983,802.8427464828245,1357.176988609187,988.2143007077516
23540,1.0293308754513815,0.023429138837775546,1.0257827794771044,0.11496505516624779,1645.9095644238791,0.9240815239933592,0.04395026238603748,0.9390421028960336,0.26667384918689563,1526.1712056090246,0.8824817890230205,0.026368483183543293,0.8846629144682472,0.04693279306112937,1795.7738131011745,3517.530493932099,2299.9546998972323
23580,0.9939291792449264,0.029570444182900172,0.9947074286042373,0.17144663422075046,1051.610728346046,0.985290880327251,0.05337137203898887,0.9835075908255808,0.34906937716797853,1240.5600969492061,1.1423489466810854,0.041843216660692725,1.1188067527848726,0.11032277493651309,1211.3270846637931,2668.359883094624,1910.9406278607012
23900,1.04259221024457,0.033181913292939236,1.033471960198102,0.20669720878586373,911.3272584038912,0.9712485326349977,0.07009979732837754,0.9755415936189898,0.48054942894867403,783.5390284171202,1.0765387651073723,0.07343139088561679,1.0357530059732125,0.27635699182260665,898.490613595754,1849.318014895666,1390.997231464353
24020,0.9296014662679711,0.02821504873791414,0.9405185654831261,0.15852433865216206,1075.3226985585018,0.9191537171310007,0.05409659156449019,0.9408327082307096,0.35522752363775373,1069.6284782438872,0.8188507857594911,0.06650184038240815,0.8451121279781364,0.2385131440977189,1284.91256116115,2568.416081793477,1517.5697002407114
24140,0.9230602403848601,0.040242782754688525,0.9439527528432505,0.2770587153820332,512.5328499543416,0.9702995335319357,0.09713916702717947,0.9766227077229888,0.6398257547595911,485.0159508094355,1.1246567961154001,0.05718675354801095,1.0878530811623441,0.18806034050220624,582.2751792090074,1408.5712805176752,824.9329901815605
24220,1.1337369516918103,0.02584540460850146,1.1152732051060026,0.1364970533600712,1696.989283216106,0.9995324100294452,0.04892775140235845,0.99352088776553,0.31066935365069337,1593.2269772993557,0.9023104709032475,0.046626101593270575,0.9058656085636717,0.13342759130502896,1416.6578964061277,2284.4963269672826,1988.3265821878485
24260,1.0098422989107356,0.0404532025388281,1.0066672689085063,0.2791527196933684,596.0958333869839,1.0376328327951707,0.06914240492306736,1.010419144369605,0.4736880943819587,825.3399364421567,1.0396833802751075,0.07458139899530872,1.0083898895694428,0.28261533229027286,494.42439943748394,1409.5419321963627,905.7327974530848
24300,1.011292870127669,0.03991890566687682,1.0077811268757566,0.27383334799529063,614.5400438123936,0.9057742031762138,0.05873420524444785,0.9350712695544885,0.39373553908783043,1001.6908653897119,0.7529912543030961,0.04627403615738545,0.7761629851013144,0.1316845619332371,1019.8681747126308,1811.9458225344074,1356.4924557280378
24340,1.1420233030063884,0.012604217935038613,1.136821969766079,0.03623238462679571,7488.873812157224,1.0881567984488167,0.025929077512907708,1.0760257730036233,0.11235071770257872,4923.102592794132,0.9331640204379902,0.018303839282611284,0.9330664662269954,0.023178335676964784,5821.867482735056,14247.56100557901,8950.493379759097
24420,0.939106241467546,0.030237521536840086,0.9496654632250594,0.17787772897864573,968.0791147747897,0.8795425613161502,0.0741240774040893,0.9307126825980894,0.5084490581318419,806.4787405816154,0.7168694120851602,0.05607418354576827,0.7554974116701447,0.18213387102312836,1006.6027570411909,1006.6027570411909,1278.061376402835
24500,0.9713864892383147,0.03465405391969635,0.9773796243860526,0.22129588753189403,754.4163941580958,0.8658319599590094,0.06109102677615193,0.9130205125597145,0.412666901734042,811.8141666972606,0.758198884156177,0.05768440140265483,0.7907656394629693,0.19072068510986975,1155.885069333408,1155.885069333408,1399.8734364129416
24540,1.0723052859018958,0.024477065139331768,1.06313670078145,0.12417365718379868,1762.0482648893744,0.9852122806804889,0.042261784991340236,0.9839465357382431,0.25163430881382837,1882.6191380459359,0.818004246295777,0.02972691456069808,0.8245392941465962,0.05890034793803087,1971.9800169229084,4991.242506623115,3112.6185330846033
24580,1.0640970687684093,0.03148884791822545,1.051624434854062,0.1900488161761496,1092.7441735383522,1.0338031766920697,0.05941931375785562,1.0123930872419606,0.3992855840686508,1075.0948560750196,1.0045065600550045,0.05444151200637248,0.9913987348395551,0.17349548084245126,882.829708023457,4068.7216328983436,2390.874910765666
24660,0.9877660999431309,0.014143075029280954,0.9882497994794455,0.04519547355132098,4546.257996244592,1.0920589805741985,0.03793602058445888,1.0682093965795225,0.21317721538717227,2472.0408283238025,1.070931283743487,0.021731646315334505,1.0663361879177113,0.032365273404269555,3287.2325592563507,8253.615528233315,5273.983221343082
24780,1.1237100440509586,0.04126635904969673,1.087736634641996,0.2872322158649064,641.4805457298307,0.8905660879391523,0.07864460951572701,0.9387773899684523,0.5379759243669714,539.5821144796021,1.1105395081675191,0.058104670655456936,1.0754988817870643,0.19297163076849838,536.5290170829777,1760.734022713219,1100.509967429742
24860,1.0228818574761327,0.014489707361949882,1.0217263271281172,0.04733186834320977,4638.607002992037,1.137634096835092,0.027527036987765235,1.117977287250062,0.12484325665438828,4472.262350067066,1.021413646512931,0.018205237427939273,1.019293111367839,0.02293499918014722,5829.7545853231495,12742.22994898072,8062.072982904085
25060,0.9296421355102662,0.020509503136838195,0.9358729711559844,0.09052979477034216,1984.6176111625077,0.9148471701844015,0.04492350485064723,0.9328356891305004,0.27532739246821053,1777.8695609467288,0.9576886476814294,0.026219808201062532,0.9563545653852541,0.04642954066721165,2492.265534356564,4817.935795431308,3094.2573911283434
25180,0.9024943015143718,0.02246373071251926,0.9127324192693194,0.10667574308822754,1580.099575486275,0.9309421868329288,0.04277569156911201,0.9435581533770396,0.25621379592755317,1883.7850055920649,1.0150883261017498,0.030112997799544787,1.0098904215787594,0.06034731101143733,2628.186659362818,3925.3810709529766,2937.9071044780035
25220,0.9370207134251375,0.041936521557841375,0.9550785767554186,0.2938733452175208,471.5295507865053,0.8493601163639577,0.08839284750925112,0.927237904126298,0.5952954976639472,552.3884090663668,1.1150922713263003,0.06376579329345095,1.073474110157159,0.2235887432837642,599.2644744852603,1129.2609310165217,813.5856223241315
25260,0.9986327444437507,0.04156981108225067,0.9985850706656278,0.29024148835611047,544.0814897886892,1.1525429239908795,0.09310576027113172,1.0456694174282841,0.6200571340535748,681.7572156445458,0.8423342677321638,0.045556184377355036,0.8534347454356976,0.1281501088043464,621.5080428735149,1576.8974534814581,992.4551288767852
25420,1.058698454100637,0.02093174907207735,1.0530403304915676,0.09394200359773244,2398.500548394699,1.037134320636485,0.032374387692842094,1.0277486677404155,0.16479895968198724,3103.0556846550962,0.9877648021759262,0.02803327698930679,0.984664133152273,0.052723827139204926,2139.4054730524954,7663.396467441857,4204.257251819974
25500,1.0645844415661223,0.034657424278711456,1.04995103694927,0.22132940724934627,786.024786549749,1.1843558645104808,0.0700386195166472,1.0863293135155212,0.48011355171761244,683.6860045689239,1.14025188411289,0.06075702793018216,1.096459254137599,0.20725655672517154,724.358046100962,1909.084636983374,1178.099426939514
25540,1.0770114530749035,0.013393316339963792,1.0738131365565842,0.040720598608259696,5862.687588323556,0.9239870383990916,0.020398169653744476,0.9280691865674857,0.07264236325960856,6829.329495215041,1.017172237427643,0.014646222635085733,1.0158520426785163,0.014965298066707025,6709.192969573537,15307.801473193556,10713.258953585164
25620,1.029575669371967,0.04065450347090855,1.0208297365731898,0.28115479003859584,592.9872910211802,0.8999221093001545,0.06341434464682752,0.9345037926342732,0.43087031171202766,861.1194295705594,1.051876171201357,0.06348572826398474,1.024579816920982,0.2220641990596504,590.2930720247656,1659.0615469696095,1150.683378749388
25740,0.9784048027882762,0.03001740373851084,0.9819310133991606,0.17575088615595227,1026.4363342158786,0.862014286690655,0.05050397327478245,0.9003491571871619,0.3244101944941255,1198.3144889501486,0.808713968177917,0.05094177590831412,0.8273824067683608,0.1552582536413042,1412.4627331205218,1412.4627331205218,2096.983957192385
25860,0.9208286917229257,0.017971507053119687,0.9263413430410212,0.07100290726747126,2548.8278209192486,1.1118078966316973,0.04786341366989325,1.0721452880098505,0.30132872810336275,1837.9088213266946,1.0985023236059515,0.035282351571804406,1.0847652803239691,0.08102196215357634,2067.123298977883,4502.6000485488685,3162.275586145909
25940,0.9482818172724199,0.03210002443430908,0.9581202895291887,0.1960375522191827,849.2227414143289,1.1047429735321854,0.05636381203607928,1.0581260927561387,0.3742500420113654,1083.4327276581043,1.0310109407550883,0.04259939119223414,1.0193880124925576,0.11388800327814308,988.8612057720327,2460.6155912860177,1626.597092133146
25980,1.054177662074577,0.036089219537163916,1.0410527390240736,0.23559716109252338,815.8799426994957,0.994856333151013,0.08012272642715927,0.986826370075254,0.5472183023649323,651.1514597273093,0.8473045260737893,0.03925498724943505,0.8553388001137603,0.0983981744654988,761.5483562166154,1110.5009152824694,963.5065899027687
26140,0.871966074526409,0.027437612061020602,0.891094696945585,0.15121152047817016,1036.810301337579,0.900326148565857,0.08103408768605048,0.9444719088786372,0.5528168304672006,689.86244114389,0.9401746075620697,0.05803973503836536,0.9380134786870412,0.19262359113495106,871.740461718984,1658.0706414954627,1183.1143031713964
26300,0.8805471257888293,0.03289249188783027,0.9045840964774189,0.20383898267172412,696.7215294205005,0.8405193464235006,0.07724050143446119,0.9144022467426322,0.5290090169076164,689.7530752225402,0.9006058317528003,0.06143702604736114,0.9065857757693053,0.21093771343916956,721.8127169260886,1246.1133051305117,1307.696290322766
26380,0.9927668358865631,0.028258581415897353,0.9936730342632377,0.1589360799537458,1172.7541053107043,0.9183723265929081,0.057894305039589374,0.9422853649032461,0.38688065910824965,1328.8226354490212,0.931789146228141,0.03335363805145477,0.9315821660007425,0.07303520321868168,1410.9259963730442,2717.1256769971424,1907.5437348502692
26420,0.9608098456581368,0.0067232186852082786,0.9612084032675947,0.010583429866742721,18885.681467684317,1.0673346891967679,0.012253361190124386,1.0649389198331736,0.027489391770550983,23362.317637482818,1.0027086908446634,0.007133917757275586,1.00244380486602,0.003591502695599756,23642.009904884846,73818.86321299666,42337.646927386
26580,0.9651660591017777,0.016043264161019633,0.9670780077457322,0.05741168606781713,3485.3929677260385,0.9362361721634543,0.04233386425511715,0.9473227252712642,0.2522766614166022,2067.057575902248,0.6746770184534958,0.05401765728835388,0.7182260595097554,0.17126536926158314,3362.294423381582,4661.376357573777,4078.2296690059957
26620,1.0208915348327405,0.018744902387002087,1.0191701998737877,0.07676633062655472,2779.2658580105444,0.9645808491136781,0.03720860789681601,0.9678064941123681,0.20675442554779327,2176.221245813963,1.0229954444624787,0.027088329025695156,1.018349673052264,0.049401932343028775,2387.576967910875,5821.297416473894,3756.7264901145377
26820,1.137457228997796,0.04028962177105871,1.0988843869539675,0.2775249420367208,757.0032737147958,1.0344497767667695,0.049630327850173385,1.017257335828829,0.3168086146824763,1548.0023370918057,0.8736313621936999,0.05360920228198446,0.8829878065009011,0.16912148920882727,951.3263370699005,2216.6319152209135,1786.3098351446993
26900,1.0431117789806812,0.010394398739095732,1.041998809156872,0.02493028227533708,9440.367469470037,1.061973562479441,0.02180000961785562,1.0552567032867808,0.08212184834418203,6748.806803841737,1.0406360049952548,0.01460909005426217,1.0389730058786577,0.014890639708848309,8269.185438650124,24637.656601077495,14529.92453298782
26980,1.1923781161387712,0.04722975752212891,1.1253837723742945,0.34549261278537224,568.1159307260349,1.143177094112073,0.07351881446526336,1.060970574667914,0.5043502236106088,709.8049404821938,0.8765483133196461,0.0537569854703997,0.885452057858467,0.1698965662628568,669.830629268125,1932.763689475481,1033.617197736363
27060,1.0733681872459342,0.04556933754582635,1.0486894386644487,0.3294906270816038,471.4848310926512,1.037200416240679,0.09870632985273546,1.000300003266627,0.6471686584985752,344.4990089548166,0.8467771400442566,0.05627762718952689,0.8618334116727911,0.18321529650308135,747.0107003071925,1297.7176190662467,667.6317031117808
27100,1.0138152813994201,0.030000625349533263,1.011120554119834,0.17558895625157753,1084.1420671854232,1.0678159579381827,0.07479811622879648,1.0228621896104722,0.5129730950110608,703.3498132521984,0.8617346531336098,0.06420154131076543,0.8769239446622379,0.2259621444201804,880.2197390764559,1981.0384093143382,1262.0580325149629
27140,0.9849837253518374,0.020156525569267763,0.9861664936694662,0.0877114615176386,2258.909677367104,0.9730084265059595,0.040032348754094914,0.9746711367649608,0.23177676384353194,2014.8591187136185,1.2638979824908214,0.0351717451071448,1.2369164546427358,0.08055562509141083,2131.6625512710157,6149.476236752954,3867.6882708961703
27180,0.9187933346598078,0.0270795200599919,0.9305749110341963,0.14787014206752666,1112.1353764791545,0.96061388644029,0.05711673879578096,0.9680593449857012,0.3804857619504501,1101.9090733546846,1.068474137999103,0.04531936334176815,1.0507566284279086,0.12698996761234724,1040.1923497555938,2469.0258229797446,1552.055139658016
27260,0.9336318937969103,0.011013312116874339,0.9354409782050683,0.027902211794545526,6927.580468948557,0.949847483319534,0.023665360005168917,0.9527407793977791,0.0953790882653107,5808.914515034608,0.9263568258118242,0.012224371153821051,0.9263840377571582,0.010472813340503501,8163.1748308125025,18227.30917891667,10907.031364036104
27340,1.1174031261249766,0.03056515769067286,1.0958698102371933,0.18105168004304972,1273.118196403038,0.9562350971403311,0.07260502722797205,0.9681630631672464,0.49809674878385407,874.2950483622752,0.7977385663028573,0.038974899526102835,0.8104842818145777,0.09713493121663364,838.6825245058341,2493.149404337809,1250.7770376657384
27500,1.0371965369825225,0.039672893783906975,1.0266864524539454,0.27138172576756703,650.8711852163353,0.9687398482385924,0.08768850864662486,0.9755072448395506,0.5914348991262298,552.7754355941839,0.9991811780231028,0.06698514533342649,0.9822459311810504,0.24115347954611796,701.9809176547874,1778.2559910588486,1091.1753396552292
27620,1.000548442534635,0.02549176623039361,1.000271222732655,0.13328172091719329,1410.2289305262284,0.9092872868039193,0.05067676228664675,0.9323925792724858,0.3259091053829233,1178.000198063691,0.8821904115068891,0.06065683301260802,0.8918573754799255,0.20671473228936735,927.5092406414357,2196.2945841109076,2043.0797574703793
27740,0.9452771404526333,0.026415152803470135,0.9528153719438226,0.14171912751772098,1218.7067241672542,1.0375548209697245,0.055883554686126984,1.0163125568445373,0.37025078830501335,1066.4696550995282,0.9551695841497251,0.05756795020381664,0.9501862849178833,0.19009765730056802,1469.8817754593047,2731.699526209058,1836.9666333204425
27780,0.997864224361422,0.03260750973785788,0.997985699132472,0.20102912963492783,896.5432373711782,0.7390156516139025,0.06869490263682781,0.8524728391665433,0.47045162737278245,730.3040514166462,0.7632665300969957,0.09909479106919158,0.8312313945749965,0.4101962912359338,779.2886329312264,2818.542757117968,1695.136580563913
27860,1.016005087364118,0.04288190594462056,1.010687821054306,0.30320967409106425,526.7765298558511,0.8819776136548265,0.06890646129914384,0.9283286002678097,0.4719840077357379,723.8318196786674,1.2653076883179453,0.061389785312639514,1.1944443461878163,0.2106817630334006,884.330114728541,1744.1036141454783,965.8076538553416
27900,0.9539777036370168,0.025316398102069433,0.9598369132579129,0.1316949024020382,1385.2043930475259,1.1186634190471068,0.061632444018199915,1.0609235971684203,0.41695051168100006,1082.6899019495754,0.7780242666435339,0.04547923288198231,0.7973091324682686,0.12777281353035402,1316.6338285635986,3112.833775752324,1793.2900187437751
27980,0.8458930590108963,0.026962712637337887,0.8682887005964229,0.14678406349009096,980.2895768565326,0.7886695694173665,0.05539797532283205,0.8587996457928102,0.36619037648058045,1059.5776392251717,0.5428433247123127,0.021666319927479204,0.5552673359861852,0.03217723442723851,1189.7250877765016,1907.6639628773705,1679.9931489869089
28020,1.099090722269965,0.029036452208383995,1.082354114703531,0.16633110797930548,1270.1262926583054,0.9267135821938425,0.05953668397550416,0.9481134594377617,0.4002325960639479,884.2735870811857,0.8157094786731561,0.04136846529728899,0.8279516359552732,0.10810263446888026,1071.6794090383546,2912.1272112310776,1700.4211859192271
28100,1.0830672883543757,0.0366190062181025,1.0626885745546084,0.24088656017999047,799.1408309548594,0.794928027777298,0.0740303461155782,0.8890031571667514,0.507816566116159,718.2378439305323,1.0492193639603542,0.05444856050754844,1.028349603781603,0.17353261200910594,837.4459805031878,1681.177609565498,1209.731395941095
28140,1.0687910363439097,0.010491596773653663,1.0670057707316636,0.025386816557872664,9829.485022458413,1.0437336637693477,0.020425503074653854,1.039105655134081,0.07282298760407327,7817.945157056944,0.9317894512221431,0.012668387606583271,0.9317575975086249,0.01123871648776495,9829.820585685427,28067.837842040848,17913.671594265135
28420,1.0111574878616458,0.025061273883894394,1.0095155858567222,0.1293957078742513,1546.4177875852815,1.0307700640978552,0.046568226381208104,1.0161043737187758,0.2899052165009395,1656.181546764833,0.9027251379227814,0.03030814732502846,0.9043273752133216,0.061084082975526165,1791.8237223205767,3512.279313174562,2596.0796679097357
28450,1.0098136415584307,0.03940590684733309,1.006764976550565,0.2687196105122386,610.26053336921,1.0070589544489372,0.08320172557183235,0.9918512892510627,0.5658293333664882,522.80611996433,1.0221215484611086,0.06490320933424214,1.000713113400858,0.22978712698702933,500.57797359662976,1413.4693966103982,942.5128459074348
28660,0.9518580280042357,0.018852724865987755,0.9554742209837501,0.07758329163146614,2459.213714279614,0.9298065045208931,0.03303165550970565,0.9383908506384729,0.17040655796532306,3682.6480565393904,0.7939564812808025,0.017865516137029115,0.7969407308428398,0.022105767472087538,2912.455717367601,6558.212823558497,4168.438628096924
28700,0.9262951696263361,0.01741803213995471,0.9311297204048877,0.0669852908010179,2791.7343868204407,0.9980777544048235,0.03485691169978546,0.9947463725066076,0.1861567858796046,3100.825532913187,0.905902243345555,0.059804494996133495,0.9105615164780371,0.20211202461666947,2379.344221629532,4563.998133899232,4403.641193420275
28740,0.9691573319194013,0.028387183037845324,0.9738516241031385,0.16015376634233075,1104.033902277599,0.8651231862823703,0.05931369039824369,0.9109664184803373,0.39843239704772554,844.1066459477317,0.8846353439649373,0.045020715026059414,0.8901988644889617,0.12553119814494004,834.9070710475845,2391.1569335613076,1761.0890248254846
28880,1.0168186972339404,0.01548378685246497,1.0158335020786373,0.05368849968987727,3876.4112250825497,0.7876218505577806,0.026317832208106084,0.8098343375885186,0.11535338899950247,4059.25337015661,0.8904313487543576,0.017709316658229647,0.8912684434124508,0.02172927528561688,4023.997537909844,9013.458729263775,6258.022332651019
28940,1.0070215841731704,0.010596415968031238,1.0068002007886612,0.025883423138103507,8441.18562933005,1.0519331497492566,0.023456519055822737,1.0451985732943512,0.09386042918540814,5729.01339523773,1.0270366312163843,0.02584029273440411,1.0226077192075227,0.045155443564243045,4729.1538674085805,13193.159825138611,9615.155720809089
29020,0.9522171631709152,0.03172187456911958,0.9611126374458014,0.19232906598314115,877.0150474407276,1.01336224146943,0.06402231080268084,0.9989104708477936,0.4355559228418324,1038.5290312198624,1.0608056962973225,0.058240437544526374,1.035266302182184,0.19369959535335482,1135.559963364958,1253.2324111504988,1286.376395784054
29100,1.1734076024830096,0.03131037923312354,1.1404656646231404,0.18830516047648627,1276.087092540778,0.9816518268085886,0.07019117086864506,0.9809446349190168,0.48119979048460854,754.1066523521115,0.9484987632272859,0.06986847417947721,0.9434777707159361,0.25691241920871005,776.520028913243,2739.3457322687905,1402.4044661719809
29180,1.040874023504395,0.02547921944256232,1.0352269623917665,0.13316802071202033,1614.3131124332567,1.0267587773703386,0.046613145818572684,1.0132374837966136,0.2903023288793028,1656.9833237232012,1.0272515788617584,0.03567417547559066,1.0191242451185738,0.08268189665858411,1619.2762979007716,4633.299396072067,2624.509907718141
29200,1.0917692963766386,0.028022966927422517,1.0771480913569786,0.15671038024851852,1254.1044804240407,1.0944829016713995,0.05249714694941457,1.0554375588617435,0.34160190373030425,1300.6392157935754,1.173584759881609,0.038451401419254835,1.1503966232009577,0.09478876384226917,1702.6686764956448,3206.0912306130726,1916.781121006765
29340,0.9413566549207728,0.029243585426956223,0.950969250377562,0.16831179791867137,999.9394794828498,0.9981276309355198,0.0625937444949943,0.9905098914899455,0.4244942688886377,971.1590617722233,0.9970159087925036,0.0448927111282357,0.9885146170204576,0.12490742217653109,1042.6565381769058,2511.702601883474,1600.8841699213338
29420,0.8297932132887447,0.027086388346537947,0.8547460322122327,0.14793406345668866,970.0192464317095,0.8668392679919403,0.07677654710247467,0.9264582965415629,0.526005777287721,901.1641925684766,0.7110957696822228,0.04178419360801234,0.7350703213176317,0.11004598331888661,1086.9322829317998,2362.7336164676544,1463.0755184960913
29460,0.8879628000411679,0.013967789180143825,0.8928395559290817,0.04413126544868063,3891.4279994322314,0.9526821961528005,0.037880414311830715,0.9585310460660565,0.21268554663463987,2702.620291635549,1.005604648444255,0.01641454492912144,1.0041693571403236,0.018725388383398833,4944.0074622376815,9050.195881474021,5602.557948723026
29540,1.1641002986870528,0.023934928690136296,1.1443266108161123,0.11938339558359483,2166.861151660667,0.9898102032108664,0.03563795028696079,0.9879523339225187,0.19296484732556982,2606.9831821181688,1.0947665241361493,0.030205124965627023,1.0847026567324214,0.06069468096378218,2824.1743558193857,6242.576099065711,4438.05061957314
29620,1.0960711875527611,0.0189000008526893,1.0884637875642467,0.07794251687993513,3073.8398064101066,1.1185905906458569,0.037951062584055915,1.0890666609275128,0.2133102345388141,2433.1114064963253,0.8350908753320216,0.02567442164483511,0.8392775385984724,0.044603364910722774,2295.623811188118,6738.839225765267,3906.5796102147833
29700,0.984394488823024,0.031275049588390384,0.9870398417399425,0.18796027465190432,865.2260694147058,1.04407704110063,0.07079476266547309,1.0130576050093407,0.4854762561523684,807.1430336906783,0.959748957154039,0.10122924241295592,0.9467987518389983,0.4205460053390756,1108.6864484505563,2474.2829988426133,1679.0178084348604
29740,0.94696895242688,0.036858698797480556,0.9594977942723618,0.24328067216498905,608.2100793578666,0.8357978468214705,0.06638054994965602,0.9012641866107338,0.4534171859777541,729.4986093440291,0.7127145245761451,0.04447643009749365,0.7392872604951211,0.12288502098882159,911.1612337046964,1869.4504224162956,1010.4306952327685
29820,0.8432606592068446,0.007761408780219263,0.8454420841338568,0.014054863930185006,11647.470734944975,0.8619920589351341,0.01765114617449834,0.868540422954769,0.0554053397017804,11661.752958849163,0.8119484545320784,0.008774471667510804,0.8125830158478596,0.005423289833586986,10477.528020260428,26417.31417889621,17205.145922525808
29940,1.1161790326374759,0.045131709239156506,1.077894752981763,0.3252408699759617,520.9343556608442,0.8861133954919991,0.09353808197994148,0.9446465179076401,0.6222374439478753,353.3889847646276,0.762407211796956,0.06777251599247958,0.8032874573655756,0.24545630384176564,408.7458355028566,1029.9132270000068,632.3083080518545
30020,0.9471053878013695,0.03670105794996814,0.9595201604746658,0.24170605768751563,642.9090121890632,0.8010528236735605,0.08472318100394577,0.9040003829239593,0.5747106959793652,566.0882403437787,0.6528603699541868,0.04003232833205898,0.6810034367394833,0.10193262262271013,553.4092822862527,1492.9258027593607,965.1641950024159
30140,0.9869438131491811,0.0340944650205053,0.9894301014909629,0.21573607787181728,796.3851142804228,0.9533550562493671,0.0734285849245592,0.9668688525677201,0.5037362376476744,650.9760076746838,0.9601498813702496,0.062114099877407965,0.9534552033656454,0.21460937222132012,615.6808434728074,1697.7301667418185,1057.6997015022553
30300,1.011340156549021,0.030671529778544992,1.0089964292764226,0.18208419713738502,1026.320951626663,0.896212320928845,0.05976919948117934,0.9299770523687745,0.40210535387547247,1019.8404270950977,0.9028921630082303,0.04590487858763902,0.9062767996733386,0.1298636422740695,1240.5560306098869,1240.5560306098869,2124.668234361982
30340,1.034683163142191,0.04394798130692251,1.0233231561775793,0.31368518970050596,516.8296688285781,0.8481794274458843,0.10422568302633492,0.9368326310487095,0.6716011545965904,369.7690135305073,1.1590471441630414,0.11409638185412428,1.0486706436374813,0.4797059942173048,526.5960388697156,1141.2407846216347,719.2388122839877
30460,1.0343965903194001,0.017636282183785153,1.031933407574823,0.06855866706478506,3227.4966652097946,1.0864219773108101,0.03367438387820478,1.067731783881028,0.17592460243770902,2849.198460926424,0.9554554302450627,0.024136146719445247,0.9544053804928753,0.039624125772352484,3348.390118937426,6736.086738221183,4775.401777650316
30500,1.117514867103069,0.03330181476465669,1.0927671966433774,0.20788259861344166,1022.0034792429268,0.8807856225696656,0.046533646551151546,0.9095708140545723,0.28959947021929294,1292.5025904067784,0.9046394191028407,0.03874399230103085,0.906976105678736,0.0960976630272553,1217.4758514176106,2681.186646570432,1928.0644781309632
30620,1.0591631866999645,0.042502327476743804,1.040987191127709,0.2994659538033798,589.7524703897029,0.9469549722340014,0.09296109429932185,0.9675333882327066,0.619324192592701,505.30535920040126,0.9222526375885947,0.06585402051925392,0.9238275676581386,0.23497547028516752,736.1624020338146,1526.1246444045335,1061.6154086476884
30700,1.1273583999551529,0.027173982298193476,1.108186044164292,0.1487498566143179,1527.7566477064902,0.9602508453857898,0.05446198374210167,0.9673925864323977,0.3583171829508383,1157.1104392503162,0.8901383193205802,0.03862946763658448,0.893848612557798,0.09558460902834266,1416.4448401629772,3744.055582403542,2358.2338628226166
30780,0.9717957748604568,0.018632941367465634,0.9738208060343022,0.07592145186483054,2606.2536581855848,0.9933726727489043,0.029077084368488257,0.9915614341068631,0.13731398845520634,3895.209391205726,1.0681547967059848,0.023149842042358558,1.0630645615894612,0.036567878362989,3660.106082221028,8357.765852219478,5007.561140817166
30860,1.2787815174097181,0.02239101668630238,1.2490516916233427,0.1060593791973936,2937.1536261919928,0.9046504141705306,0.05178189456821368,0.9299881686195642,0.3354582391040189,1295.443788998312,1.0001184583260117,0.04175111324274449,0.9922982568900357,0.10989094689871579,1805.5985771925186,2937.1536261919928,2748.633431687468
30980,0.9397086793262946,0.020590584019983406,0.9450664929309041,0.09118160261129796,1988.6370249202078,0.8836543835589836,0.04337767849471046,0.908903775210648,0.2615763705243529,2440.945114448893,1.0709339051434261,0.039415782475656094,1.0568601396328188,0.09912586718088552,1186.751464343779,3787.6479586404666,2461.577578838598
31020,0.9518216236219867,0.03089573787192399,0.9604169464158019,0.18426367442976763,926.214293604166,0.7898505747276613,0.06618085967181124,0.8758660511687503,0.4519242854257557,1114.1580151103917,0.8135065031261857,0.04964476582984198,0.8306636661692919,0.148612919576271,974.7261515345168,1545.00863929491,1302.2234903653384
31080,0.9349890135356068,0.003624804964259974,0.9351857782152692,0.003099658253039073,61668.666463869544,1.0356271799978911,0.007707941917147511,1.0350138857301707,0.011061309589614909,61627.24854134643,0.8690744009077537,0.0040626600913736466,0.8691443180264462,0.001167605608818746,62849.29484672338,150320.40861436594,108230.85539470223
31140,1.0056464405468115,0.013311806560370442,1.005357554159814,0.04024635447120621,5482.887056372004,1.0303741533137274,0.01932723628520848,1.0270763933263076,0.06570294056720588,8585.164416694619,1.056023217359021,0.0194185995407449,1.0527179362153756,0.026011897892071773,5811.271246272455,19930.46568148337,11945.634343742346
31180,1.0320639127244415,0.019161470005308937,1.0293782806898761,0.07994041234078103,2615.4599410385795,1.0712630816207216,0.048678400525260894,1.0431659700253073,0.30848522883928353,1542.6992100752832,0.8846406880345542,0.026582617541132413,0.8867527904561078,0.04766167755701229,1995.6344279957973,5092.782000693121,3181.4767782779145
31340,1.0073336033287172,0.02995001843230295,1.005781315518439,0.17510070738108438,1028.44803675104,1.0465313918121497,0.04962448167758207,1.0255147744167419,0.31675762284263476,1380.1927196856652,0.8893177277874001,0.0392350089719737,0.8932144007070835,0.09830788689238344,1386.2252547201033,3377.768644149109,2338.9368082698934
31420,0.9462831052189163,0.02480336070533612,0.9529149714334033,0.1270828294957967,1388.608934962915,1.019369482503992,0.05936444926040677,1.0037399214950484,0.3988425214539334,947.9740186676543,1.210274701462388,0.043564894573366965,1.1769410513294285,0.11849035023982692,1172.9816661786194,2202.783809111513,1658.12844819797
31540,1.1361062988614938,0.019161082816246396,1.1251038846894061,0.07993743996573037,3133.875433916213,1.0417352478615602,0.03439519994902738,1.0305233472806365,0.18215016195811207,2968.9516520994152,0.8850072936825599,0.035007463288648885,0.8885171825502552,0.07986481664064438,1776.247561941337,9239.824109543088,4422.121003339037
31700,1.0339869585554322,0.018538031572180473,1.0313156852560972,0.07520800653993685,2935.7176966235475,0.93189736812247,0.04334106836767676,0.9445117919501631,0.2612503256102544,1606.5006702956364,1.050282513024516,0.03795593767570685,1.0390492482001958,0.09258642193687862,1765.769297538147,5458.570508210395,3930.7558825258125
31740,1.2266389949413115,0.04692015979205815,1.1484850443788075,0.3425243337229801,610.7447258837658,0.8252383707713188,0.07331063500031922,0.9031646449222642,0.5029324669933628,665.0632921665352,0.9681390277377451,0.05222521830541756,0.9617952574755694,0.16189753103131296,590.3458010708624,1644.492800864166,928.08037309453
31860,1.215324820283521,0.05207536871174198,1.130558008459257,0.3908892642295456,480.0434832436933,1.1163979918851519,0.10339149459720003,1.0253994633916046,0.6680467546174663,383.57208425486124,1.031085258923591,0.0867463265419828,0.9955784954537164,0.3476621131265362,512.3527218305666,1901.6531215461039,691.0406658450029
31900,0.9933450888808991,0.04230929174043352,0.9948696052611846,0.297559507232019,537.8964584355582,0.9011070895577129,0.0788101550771027,0.9437302319678564,0.5390210760812337,688.9398872169498,0.7971529208307706,0.07246619004524985,0.8328840221398394,0.27109629970634824,715.0124598607523,1458.2168160579945,950.7503862207856
32580,0.9705392254185774,0.016988255712547237,0.9723247200749204,0.0639291708695215,2910.769968440118,1.022543103272223,0.03937186367336333,1.0129735482187787,0.2259052726248319,2740.0760745893963,1.1627162483090958,0.04350035759682068,1.1350901286812676,0.1181810056140271,4017.35620075412,8147.25510082676,5439.764888138502
32780,0.9959562632372329,0.03211600817107656,0.9964491481337675,0.19619451666780202,927.5978840157945,1.016185373767,0.07326847167321206,0.9980885565942144,0.5026448269843421,676.3246151352314,0.7210862805707837,0.04620548526660857,0.7483890066982603,0.13134590057182474,1078.5806314040965,2468.006037148328,1529.7288799698683
32820,0.961651782600722,0.012005112275367078,0.9628660247145779,0.032980737182518406,6106.904594802367,0.9964658990743404,0.023359104491726523,0.9949489908985246,0.09315491911963729,6023.86405993414,1.2113863107356218,0.020532459894442117,1.2031978990331051,0.02899259480638202,4581.7461432478085,13943.8542229457,8950.713934388894
32900,0.9884737422511073,0.029152865761665585,0.9901472998856021,0.16744372778609062,1025.564969554677,1.101268172566325,0.06195287454209662,1.0504757577289738,0.4194739240332689,1477.2367821341484,0.9341421123064811,0.03645229067460576,0.9336959599525556,0.0860144753455574,1099.2292720769215,3020.4272060339895,2042.6388724191715
33100,0.8280593046295377,0.006107185660799749,0.8295502154303689,0.008749004975017015,18119.388242630153,0.8690824165520032,0.012282718772620386,0.8721507288078684,0.027617629908879074,19392.08996849738,1.0263697117949613,0.007515549352050756,1.0259815668312262,0.003984466238815531,24223.296394845485,66384.24415855984,40534.24295040747
33140,1.0053674493112652,0.045874924207588895,1.003073886519397,0.3324504925140929,482.9468898360435,0.9539074017540187,0.09492893069181021,0.9704382031054696,0.6291508450446067,450.19391743882085,0.8627801137594704,0.06376297923952412,0.8775750968819002,0.22357342128616103,598.5960227106015,1482.2382260400266,836.3184334664148
33220,1.030973950549891,0.030910833793269685,1.0249795998387057,0.18441056991605992,1055.2168294017388,1.0501386625128877,0.06661829050214932,1.0182951874153687,0.4551897937212002,815.9937076517807,1.0404138472422948,0.0632402140572397,1.0158117567174425,0.22072835005928831,1333.0444741847657,1333.0444741847657,1881.0090954377556
33260,1.1391219670091868,0.0497725036146001,1.0871397619028618,0.3695763929852598,509.68936057699295,1.0323390495829063,0.0738499048915892,1.0059165569111714,0.5065966348692263,694.1759597078473,1.0147983227113417,0.05832989194621321,0.9981293462119001,0.1941794476022357,509.15013435630186,1861.265373194341,929.8266102734136
33340,1.0856142251025156,0.014700710118539056,1.0813743353231247,0.04865286545702193,5091.514584225381,0.9562338816011323,0.025168188926324275,0.9587854736901045,0.10654584461742223,5043.217076358129,0.9547683408235761,0.016350059460604274,0.9542886990615286,0.018581278334155064,5531.351112583426,13704.915695220618,9144.390571148488
33460,1.137911820817587,0.010089632835388496,1.134631600799854,0.023523677842809596,11843.28786389457,1.0469856985683486,0.01567841613888199,1.0440309716807659,0.04423011123750043,13852.033146444819,0.9718180375676777,0.01442936329689044,0.9711951627451229,0.014531803833307969,8638.625579552367,37312.687887176944,22701.274826988705
33500,1.1114709885681153,0.04258414968906707,1.0775393293866138,0.30027352736765794,618.3243041132143,1.013429336720422,0.09005090014732496,0.9933408302981801,0.6042173443614167,518.1663459961364,1.0053464119830826,0.0654152452357759,0.9875792963441341,0.23258052295362794,661.1988212315554,1357.688331419169,772.7452818035472
33540,1.0270021240361311,0.03259435835793475,1.0212697288906387,0.20089957395670538,945.934378229697,0.8665254690539901,0.0650698493717372,0.9169381295958722,0.44355197700126453,731.3605452910176,0.730064770654576,0.045673520466492014,0.7556671375626753,0.12872600859940403,1259.1530872715416,1530.6017630005376,1245.584742830802
33660,0.9528350226624097,0.021664763653432506,0.9573968866995851,0.09996751101527349,1869.9656792656917,0.9651310904758874,0.04632143023745863,0.9694616260863776,0.2877223272970758,1595.9966178686561,1.1452042076127387,0.03811393869607311,1.1250310273852127,0.09328679654604974,1505.539157144235,4132.394253373511,2409.733616835145
33700,0.96810102388056,0.02044862043677376,0.9708353541109876,0.09004143843138922,2056.3611417252737,0.9801476755628071,0.04038457568046124,0.9801557819357282,0.23491098566691987,2809.820571013518,0.899693781680724,0.022472349416227524,0.9007042261607653,0.03453166891711375,2356.039582377627,6045.429509007476,4206.745008090357
33740,0.9670724226415444,0.03464256000804541,0.9740166541252445,0.22118157829282964,739.5616454700792,0.946338481498177,0.06363142762791713,0.9609774779887926,0.43254713517036897,871.636923607644,1.3551276702113593,0.05595501020509665,1.277776983283086,0.18150088614048313,1310.0435194480174,2289.702239908273,1383.7260580141233
33780,0.9805058585250666,0.036483488007663774,0.9848085050695939,0.2395332119262394,694.8627776855182,0.8129395733135231,0.06878661072530903,0.8917303111549342,0.47111640744160843,838.6310396633189,0.7529468853599366,0.0723765408671546,0.8005760215115163,0.270607357951027,1060.4254249617768,1928.7537948172267,1245.953906231071
33860,0.9610495499695557,0.02616896218391269,0.9662678626508838,0.1394564579518053,1276.178130575967,0.966218569218923,0.056809194384114275,0.9714960305750032,0.37794378462003136,1016.656727127551,1.2159903509958407,0.039659144447605,1.1872206334351327,0.10023063092696255,1316.809791969526,3744.657614314621,2248.632838923138
34060,1.081963709206488,0.0258083554958764,1.0705950630237577,0.1361592452696709,1582.9842378402877,1.0797814580590448,0.051218135265773464,1.0468544101494175,0.3305952595249377,1191.0809784418386,0.8514025266801228,0.051802596451901294,0.8637880447859618,0.15970466005873007,1664.492018409718,2077.8939967426877,1889.29614426206
34100,0.8836440520851885,0.03275905090854618,0.906898608092816,0.2025227090672845,725.1653976708831,1.1389521525112454,0.07066178517074893,1.0620222214524675,0.48453704249992635,871.384157213273,1.471793944555476,0.06325830241710888,1.351920622179968,0.2208267489293385,990.859791380744,1543.8358748906758,1170.1824092534753
34580,0.9651093663569198,0.031257708472670044,0.9713739102385965,0.18779102707467382,901.1755917040992,1.1083108187856012,0.05633552518522698,1.0603887933198595,0.37401495368549487,1217.5310226458541,0.8438802941263798,0.04021685497180592,0.8526240930543733,0.10277768984506835,1172.6766824086571,3039.6321575338907,1483.490281735824
34620,0.9964323451286468,0.0448159174853339,0.9970883224511107,0.3221665075111662,441.5567376896431,1.0006451957544138,0.0784338910548813,0.9896638859864053,0.5366419084748018,615.9785676240812,0.922609381404728,0.08202294443907539,0.9246572795620218,0.32271781512061865,642.1984358685091,1479.5061493155115,879.3583963737765
34740,0.956835122806494,0.03370023839457215,0.9656541772830298,0.21182660225240366,791.5411914533711,0.9965485592012359,0.07212767723569309,0.988450496859752,0.4947987664780319,856.5174729685448,0.7403955222151529,0.055142279701519435,0.7738071883953721,0.17719415077553427,673.5794245707514,2277.4098575894973,1388.5049187450406
34820,0.8797291095111985,0.023104235879577256,0.8930461752633204,0.11215374227539905,1439.7149586511878,0.839383374671033,0.038054147127244885,0.8695455823218788,0.21422203660184674,2526.859922236849,1.0438262111868204,0.038226462950182526,1.0330528353987423,0.09378669700343861,1633.4211379505539,4207.305598931351,3008.7438471968153
34900,0.9992194611671987,0.03247891102402957,0.9990694448909939,0.19976273368260763,880.6869248829515,0.8951360910402232,0.05767121780551916,0.9278831463532762,0.3850506735323986,1052.1825904956797,0.8071085563432194,0.03606921782731281,0.817388494636724,0.08436786393416613,893.9825203444448,2001.209707892791,1393.7575813446665
34940,0.9191773501088177,0.023031720490941814,0.9280206294859392,0.11152922651535437,1571.530520567896,0.9704077179012124,0.041274209164525524,0.972781288263932,0.24283376484081193,1964.201935237448,1.061780697545276,0.03215237280128167,1.052719139538236,0.06822150824373213,1829.3901725367941,4612.005849280568,2614.8771240275546
34980,1.0048808579367159,0.009852869066440855,1.0047368546078441,0.022457118061783285,9795.603275213207,0.9950072027650675,0.017446481642084375,0.9942037286452788,0.05419717328775323,10658.159652590775,1.0250971566497058,0.013044649535539856,1.023952282300648,0.01190816163391212,10513.235841077927,26323.885569397316,16579.836339086305
35300,0.9879323018103,0.018611808134695772,0.9887305483306091,0.07576237159826302,2601.4572104672097,0.9082648913447469,0.03378460835852212,0.9209852004904744,0.1768741383991147,2449.409621581524,0.9473905408277801,0.018842686172175646,0.9469383367806125,0.024529150240991553,3607.5761590124375,6445.52594103955,4427.5259799264095
35380,0.953761919851901,0.016846064826991015,0.9565753286390354,0.06293054573506343,3154.3761085353544,0.9354114412842679,0.03098161415618665,0.9422635076620591,0.15304786087877717,3414.957779753363,1.0250360855771146,0.019004339043786896,1.0226397036856714,0.024941288387493626,3434.476434293517,10856.831229386025,5962.8762532878245
35620,0.9762360415276056,0.0025700297522663635,0.9762707374204574,0.0015605970991674199,132815.08101005416,0.8856489363701143,0.007132796698185745,0.8865457963690713,0.009487244149338013,58713.39815325492,1.0198694894385434,0.0037630370525757123,1.019778402410104,0.0010018996599251134,84739.84448108079,213356.4699772575,137495.1806849256
35660,0.9156552483036924,0.03842063055055342,0.9370943714038633,0.2588852090550853,560.0915497505246,1.123805422052898,0.07979233249966926,1.0455063587164974,0.5451698785624252,551.5542601079243,0.9790640589923547,0.04667958609035862,0.9723648546031068,0.13369292678688477,942.4160358966562,2284.7615848796763,1329.3103494462807
35840,0.941707554948325,0.014147559089567979,0.9442744455996683,0.04522284031215376,4298.793505881643,0.7949547010392446,0.024641110607052652,0.8139558827046075,0.10258295031744892,4917.289756292175,0.9630474579013346,0.020891031247979572,0.962025253693175,0.029983441708929463,3997.126878689756,10198.520574186208,6215.772387611011
35980,0.9485037776237172,0.02489188143115654,0.9548930319852772,0.12787533842178903,1382.3311946745018,0.9553930693962451,0.050679641010231036,0.9634726862259821,0.3259340646777172,1103.809447037464,0.926883911956313,0.034415084901773654,0.9270442110309758,0.07739223251412714,1413.25235835079,3969.4052330383065,2337.538845394538
36100,0.8449759833097422,0.02131220375875888,0.8598729780432809,0.09705356413201795,1561.9094265197436,0.8699564512659504,0.05596916719924276,0.9108463328350777,0.37096493364131783,1301.6505895042576,1.0860251119369433,0.032029161200748564,1.0753859803152177,0.06773499313243228,1749.5018775313936,3600.102899763119,2305.4811482420187
36220,0.9615572666912887,0.037755035856257044,0.9708676063360885,0.25223601635790893,637.187649834941,1.0018531997334756,0.08470938997227562,0.9894003596858528,0.5746311159403488,705.116344891735,0.9798834370011821,0.0645388964079246,0.9682819415815189,0.22780069863527463,461.56312949929384,1427.7743929870066,792.8561508203595
36260,1.141547576451947,0.020356012148822464,1.1287705586889598,0.08930038610235404,2904.700210446853,0.9446933868103481,0.03326951823495029,0.9508132477166278,0.17244486764441733,3064.930593120711,0.8388092309607851,0.023771336828255756,0.8422781467999431,0.03848111163158034,3611.162212184299,8665.95838721,6070.19542814562
36420,0.9933923732671318,0.0119020896114953,0.993557019080243,0.032435394608214436,6590.266658313928,1.0162172124822864,0.025501937573865395,1.012286509553916,0.1090800556082049,5216.388694767368,0.8315947817688223,0.012012336190420086,0.8325797086533641,0.010116300169031719,7573.752336939728,13115.880049592071,8385.145985717614
36500,0.9668945614727776,0.02518190002416651,0.9710143720616661,0.13048141066605504,1423.1997823522993,0.9082292311245229,0.0482162769731935,0.9301339055003935,0.30443051396543186,1451.4402821573992,0.7364153016839545,0.025731740574049485,0.7450398964227443,0.04479381301882362,1744.0848870223201,3823.9843276125525,2550.4978708924796
36540,1.094586964398852,0.012939155200119224,1.0909239616121502,0.038109247645495156,6674.054239000267,1.0561668086428229,0.025913009838156115,1.0476392714948874,0.11222714029095814,5157.045545866406,0.9883516213457795,0.019758813184664055,0.9867534647427941,0.026906599535092782,4927.7457124713865,11681.59981967993,8025.547388167329
36740,0.9285816994672808,0.009896093563389677,0.9301646433616099,0.022650116102623886,8242.741232639024,0.882649938858867,0.017508553264750832,0.8879715350179187,0.05456242866340769,10276.678406048204,0.9446963378014283,0.01211351427366055,0.9445344292570379,0.01028567375661921,7328.78139663243,28513.308574744726,16188.653950346672
36780,1.1198233224897005,0.03832010739154702,1.088528194105733,0.25788118572729396,794.4759195395875,0.9783095905576638,0.07435494407139968,0.9792646195087498,0.5100034060541444,704.6414079882536,1.1746002832673768,0.0777057244031278,1.1010177136178512,0.29954827051148664,758.9289091813598,2015.7001941065462,1224.0971058747818
36980,1.040359982194155,0.04302098777109332,1.0276006848296266,0.30457967373165634,562.6087237776462,1.033291550515295,0.07650682706756023,1.0054489329275442,0.5242506045475656,617.3023088464292,1.1012030572597744,0.0828581231014901,1.0448500566518912,0.3271622115020602,486.439266412208,1345.7238490591878,877.5625411152301
37100,0.9801815193799184,0.015360772478922919,0.9811486027746008,0.05288374295504744,3729.271798514998,1.0595289131735197,0.026735012248847,1.0501182106910156,0.11860227335523302,4868.3788128229235,0.8044860388807218,0.013614448650597334,0.8060988378233199,0.012957421355500907,6055.4790543887075,10796.837168345233,7705.940214112224
37140,0.9980373337378308,0.024743641861064987,0.9980918959742117,0.12654896238927707,1546.3029863271097,0.9837051826663069,0.05219418429377447,0.9825108746055029,0.33900325233764855,1357.529003656279,0.8603934751426117,0.050900638600671594,0.871023723103261,0.15504646439053119,1546.3029863271097,1546.3029863271097,2685.146564052078
37340,0.9450843130844269,0.019045924915284843,0.94930461045442,0.07905521265019053,2397.2660865909047,0.8108063912832874,0.037620245405017766,0.8464407881356297,0.21038659843228727,2122.7717229593845,0.8795658653240572,0.018800694432344927,0.8807720810155814,0.024422610634726286,4105.159981467017,7719.3602785472885,4708.7429958769335
37460,0.8504686805381138,0.024502510927309557,0.8688798320867577,0.12439983371878019,1216.2515447272842,0.9387941952355612,0.04630112898743781,0.9506950086144449,0.2875426852273927,1702.2769343231266,0.8191440264577576,0.03501819800122675,0.8279190225548544,0.07990988919977818,1379.1219987410332,2881.0187764596317,1896.4976214510866
37620,0.90117797607824,0.027021282115527335,0.9155116319633333,0.14732840306541795,1105.88249172364,0.9275709058206193,0.07253045310409235,0.9537493799064822,0.4975829341620104,741.450497662284,0.8914959143411992,0.13648797981967598,0.9128046530541408,0.5688511391296105,873.3297931149318,1362.5597394670185,1372.5837912883298
37860,0.941639184681173,0.0214772874011081,0.9472320060504975,0.09841439109231367,1818.8111106024594,0.8713579744094264,0.03403213187882154,0.8908385666228268,0.17900972876996002,2932.912596130607,0.900616627190478,0.023519902606764842,0.9016850440117414,0.03770190056982192,2816.0335712437363,6239.525340770345,3712.5724762426407
37900,1.0493913567351139,0.018956466627110733,1.0454004103122552,0.07837238143244334,2915.7071739072085,1.0664339793860043,0.03475076180111981,1.0504571793853517,0.18523440467678293,2920.454758696786,0.9875359242736259,0.034331506692396825,0.9830225279162652,0.07704571586370802,2272.8669729342623,6405.1455041337495,3738.2596572053285
37980,1.0646810624534258,0.0074370041423690355,1.0638256374805781,0.012919373568091006,18883.826884570717,0.9323170621381701,0.009955803512453346,0.9331938667732245,0.018318236827107974,28719.85308649598,1.0152741770543012,0.007018667658474414,1.0149740633692579,0.0034767971258648253,28965.899145820495,67705.20788989452,41009.82894852117
38060,0.9870634580037756,0.006641534911157525,0.9871812772847074,0.010330465753995854,20842.63738978856,0.9146382520355298,0.013789307476621392,0.9169034340983531,0.034559752528312414,17796.90206099606,0.8428334514265349,0.007479345119811702,0.8431733154089331,0.00394632154011823,19510.138445074364,60160.80341331412,38997.9919889836
38240,0.9645748653090849,0.032563725199145674,0.9713738530973545,0.20059784322661434,857.3886450347571,1.0668395475513932,0.06886452969060851,1.0259649488233622,0.47168061635455744,718.5572193946824,0.9542807849290609,0.05154167174181597,0.9502703720379707,0.158354001423505,787.083046749141,1506.0303159985617,1213.350209347682
38300,1.0789978413986243,0.009002245487216757,1.0774825407194002,0.018816749817398833,13536.91863185157,0.9682579953176391,0.014883345741297233,0.9687353559570424,0.04003296648583508,13569.960217995049,1.022303989727847,0.01488526015840201,1.0208617349584013,0.015450165645766829,13814.218303664853,35542.860590606964,23220.666860821846
38340,0.895300539552846,0.03900101503271727,0.922607025632074,0.2646799345751176,509.9428909249039,0.8145405554444738,0.05931293948461838,0.8805365412434794,0.39842632820685164,781.8969763016003,1.0892676020751186,0.07076788203973035,1.0472935709422364,0.2618264215754547,755.7624955298259,2205.117108328147,1194.5154319941564
38540,1.1045818590630037,0.03822208627471891,1.0773211143217798,0.2569020727100293,779.8628052616768,1.0440728633553655,0.08221675857478973,1.0082960524785312,0.5599691715137703,549.2037615406387,0.9046667424357575,0.049397016090112496,0.9082456746147146,0.14735134945547004,1140.1952874251422,1543.1152373068007,1335.4062488644074
38860,1.0567589143883827,0.021117842530567338,1.0511945309714117,0.09545964656847343,2356.1472873717985,1.011930575149909,0.03579619198688349,1.0057603229541192,0.1943484989571825,2456.7015006941315,0.9912950465934046,0.046646901950923206,0.9829707548447523,0.13353076461096255,2124.906286790806,5843.517461314184,3887.305157258455
38900,1.0225127834860281,0.008760670991617411,1.0220838770034748,0.01783818114247381,13109.363161551313,1.0002025244540398,0.013227136947547987,0.9995641295869223,0.03188731297625932,19225.856364607553,0.823346345764534,0.00998626652314986,0.8240870288750413,0.007013458722319271,12565.860131768286,35711.9937787032,23526.930736422593
38940,0.8578041067142453,0.02120131755192558,0.8713280175939234,0.09614310795005682,1622.8833723266348,0.8831531757606081,0.04540907406303397,0.9102861831153586,0.2796380988779187,1712.9533060776148,0.9429551172801977,0.027237154815857395,0.9422562525345272,0.04991908873543524,1821.5171209489872,5017.3038232480885,2600.769368420489
39150,0.8959129175054654,0.027014937780830695,0.9110162166005525,0.14726941590852696,1100.1274612982945,0.8071624851044585,0.06150577141582608,0.8791301209442001,0.4159505326073152,993.8633432796128,0.7224951827931673,0.04117881909421436,0.7446317769767563,0.10721978032279725,1364.5356664037017,2894.712088435338,1700.7369550858787
39300,1.0026727644984936,0.011070720100059925,1.0025542643169998,0.028185635852761164,7647.489923650649,0.9441513924609961,0.01905828542636587,0.9464574816000597,0.06400328860221624,8288.02035020928,1.1005219398478685,0.016326142910814096,1.0973431568826504,0.018527963881896377,7514.464253776792,19819.25791678601,13116.41583029778
39340,1.323960323771317,0.02110608129861785,1.2929202883967346,0.09536348395753567,3457.194375252238,1.0317851338195987,0.030888432207913548,1.0239276255007723,0.15226858777679259,3867.005533756855,0.9214833214299153,0.021976484352343804,0.921730448302758,0.033074407228120474,4425.455122254325,11352.092616079271,7830.417657214722
39380,0.9633462998318978,0.0315401776697775,0.9700388594817492,0.19055075524810633,911.3201995061105,0.9491179061801579,0.06031129147134273,0.9617441155828386,0.4064543055461888,1087.6225812551015,0.6693691926665934,0.03539965472806724,0.6905300220586019,0.0815176144335632,1110.919598455823,2192.1764757367537,1570.1590337706211
39460,0.8987630353509355,0.0346580203399321,0.9208313753480845,0.22133533538186095,708.2737820248544,0.7517200518069672,0.05690580410966899,0.8382485001984744,0.37874306618036424,1132.1667552102267,0.9871792217249633,0.05080391049990944,0.9781807680155096,0.15454873071520625,1057.345618174969,2230.572597018934,1410.3934810310254
39540,1.1133678336769668,0.045930379420778045,1.0751078533631921,0.3329869320205906,560.3806562251877,1.1040696900445748,0.07390961712787288,1.0412586404218662,0.5070006778402301,731.8513405534653,0.9257646332376389,0.05446157482880721,0.9263185136976597,0.1736011746931629,659.1960991877253,1719.7780381594123,1037.6283484944443
39580,1.0789185381081896,0.012687513795269523,1.075966405487274,0.03669522454473912,6626.433280891033,0.9677990890767831,0.022673903709955433,0.9688918374646425,0.08824517690752116,6395.230298818693,1.0336672708388823,0.012698324952826266,1.0324849354408494,0.01129129640225423,8622.917440530213,18667.13783712011,11454.960199125033
39660,1.0315669546283424,0.03466102128542253,1.024240106751774,0.2213651814911846,853.7690649896969,0.9937972388693422,0.06550097847906092,0.9877138393748076,0.44681416861670836,856.1127533198645,0.6487962016222957,0.048043507521181486,0.6881602148902332,0.14050599156664217,1208.3698883014479,1591.6432747127733,1296.773736964473
39740,1.034996398795098,0.02077681311540157,1.0316108145244385,0.0926848614909179,2309.516118137936,0.8700709024107933,0.03532770657601532,0.8910202569796375,0.1902562053344946,2566.380139123156,1.1291901114537206,0.0402415332518918,1.1085877615565765,0.10289088142713791,1428.1290603774503,5723.1522325946935,3454.2917739381414
39820,0.9841214811861467,0.03500547099242535,0.9873465854080258,0.22479281323267708,762.9750382720197,1.1665198295619783,0.06080243663986542,1.0900518012075233,0.41037348120033207,1218.935751480318,0.7204619556266701,0.04244703667037751,0.744056476692035,0.11316685505834381,970.4787460970524,2508.493590672052,1573.6558460086171
39900,0.9196189297905701,0.01696728631526359,0.9246480734669121,0.06378150663316612,2832.058588503213,0.9308886014410763,0.028837946635477233,0.937561431864991,0.1353691515092965,4044.214292896818,0.7790710363736707,0.017232413109108842,0.7821584242354199,0.02059849727118648,3836.6585860114114,8038.614464707853,5422.714471789964
40060,1.0302361881558866,0.011961829579392238,1.029195760234817,0.03275112598385206,6950.708750876983,0.9663524262031994,0.017564975491182386,0.9671116151769692,0.054895320208918255,9830.869165856839,0.9957416684730004,0.014946564017294179,0.9947014218191615,0.015575702207324389,6136.674061075633,16127.746494075722,10429.873176745901
40140,0.9614350478937345,0.007278939206724119,0.9618936242854867,0.012382764860342883,15730.797994708497,1.0031676439253499,0.015144196804877528,1.0022162771368501,0.041389938895328465,17620.387704343237,0.8646858878732961,0.00790204489835918,0.8649688632124338,0.004402964241856571,16751.836056180608,48509.602705245314,33299.179629841434
40220,0.9586583442731107,0.024260901183068815,0.9635254158691786,0.12225706898669361,1516.930480115991,1.036388110000572,0.04545378053736713,1.0206484990225793,0.2800347232504498,1668.4533403702396,1.047009683737431,0.03798335171126845,1.0360651081054073,0.09270780959265532,1692.1264453536578,3850.317540128476,2489.6559235349537
40340,1.1906394886794804,0.03130766071017539,1.154457798225508,0.18827861900331228,1374.0604325180782,1.1980476904246928,0.05420843974105479,1.1204496126037806,0.35617422434885,1201.1874546205036,1.0746313493338386,0.049342974711747964,1.0532058051827267,0.147076507985362,1014.5791565309629,3612.335523490104,1836.159302188613
40380,1.0308018691132572,0.01169370196601767,1.0297883845688642,0.03134483735409018,7344.7503541641045,0.9741742965614962,0.023224045499940484,0.9747281025719107,0.09217982710618779,5546.959183081057,0.9726811596413614,0.01627132556055947,0.9718763373448978,0.018406038451076513,7780.494070186955,16750.79299710383,11113.795098193923
40420,0.9596543711229418,0.022566917988251698,0.9638289218063215,0.10755237846895767,1744.2657970622017,1.0460702254914236,0.0475036685116239,1.0264249406773267,0.2981616135657751,1686.5470381297087,0.9809707632531812,0.036178345812291096,0.9765579799326322,0.0848357735626371,1266.3020518164114,4130.401674949204,2783.4144516812926
40580,0.9113736104930739,0.040963209807481395,0.9361279479685203,0.28422265387783907,488.32340586853957,1.0635364486544177,0.09861643684509444,1.0096268735696872,0.6467524511602698,453.5146969727362,1.207482134069383,0.06914206230673507,1.1370308922927526,0.2529422647730737,422.2112838430395,1574.001852775277,872.7693653380436
40660,1.033785314104532,0.036405453747281796,1.0253532801453333,0.23875401898539295,748.4261613991538,1.151337782508761,0.07547312112704668,1.062771461867338,0.517460844571909,726.1485592741367,1.116039529595277,0.055590049296454835,1.082445777781964,0.17956472363601472,865.9476262862303,1172.649736892901,1260.1332791820525
40900,1.0036855212829077,0.008086433553210164,1.0036060223156533,0.015238350306503088,14161.931316073016,1.037028473099531,0.014986646729538611,1.0347223335763158,0.0405679869903607,15308.460466156643,0.8192405425956455,0.009238562156525246,0.8198997749173879,0.006008609367775741,10082.926265355276,30533.360194989073,21046.79987982095
40980,1.0778167594410115,0.03475517975736275,1.0601774968890594,0.22230178966895087,915.5459771032463,1.0541940392272113,0.07098379693365273,1.018164436077493,0.48680853844575533,826.7425776363762,0.9025360112725012,0.051286511512417136,0.9066847593895376,0.15703560377615752,691.4626171940616,2557.41380916542,1339.3894347534633
41060,1.1150602622862422,0.041560495149343485,1.0812312576942757,0.2901491555091644,644.6666290427922,0.9855369980481449,0.06807210029355343,0.9830421027226698,0.46591631894758656,867.6868940579855,0.9825359336536693,0.06427155536868676,0.9704082679236339,0.22634364071140187,735.3321465328272,3370.426857508939,1282.6427086048639
41100,1.1484840066495825,0.04102909993246491,1.1057480275500131,0.2848770562946648,724.5513105941872,0.989090487649564,0.07424048844849267,0.9845540814447462,0.5092334411506582,690.2215177422693,0.9440800494353615,0.06095524396371074,0.9409290994005578,0.20832889838608934,772.3199133886421,1918.2417016602349,1231.1076801172997
41140,1.0215110584224345,0.033287486564327645,1.0167241741383861,0.2077409065022467,907.8457998138299,0.979714254013393,0.07824309419721358,0.9799647978955409,0.5354304620353053,613.4357506918045,0.914267610957401,0.06581341281844397,0.9177155703319999,0.23475378038830427,819.0568319958953,2153.971520413241,1289.4388696151834
41180,1.0844186162110774,0.00903212587058603,1.0827907636841088,0.01893950105244859,13594.180280660368,1.0079137579556174,0.014828123522018493,1.0068114769077123,0.0397482322217593,14392.569727529857,1.0017800738967655,0.0107417043730781,1.0011897718772849,0.008105771047501514,17959.332309728074,35800.098883912244,23052.885582456845
41420,0.9272324411089674,0.01891898892722208,0.9327950483448069,0.0780869715485029,2307.4558182755177,1.1074352629772617,0.04086299465034635,1.0770000576843302,0.23917067860971447,2417.7446597512508,0.8937555263784097,0.02192170275832311,0.8949141275510437,0.03291514181704705,3201.0517502526086,5394.468003633405,3463.051465837709
41500,0.8960044194543187,0.014241531349986656,0.9006970686128102,0.04579799713801428,3694.6026451376147,1.1432208521232128,0.04007498973373654,1.1053704313246089,0.23215609644438415,2650.041658224991,0.8706742725950027,0.02995607506675684,0.8741569920723855,0.05975748133914709,1602.6233691332056,5078.494031317514,3765.010787760346
41540,0.9381204355864925,0.030279650816226234,0.9488796069171374,0.17828530901564538,882.2381109601664,0.8506875676218939,0.06298872856394402,0.906055665152913,0.42757065234782937,827.9749616657664,1.1269580479312253,0.052528062557123105,1.0945899683491673,0.16347277109217123,804.4765909742316,1641.0795493139917,1456.4034704096457
41620,1.0903498623846894,0.013952875779138155,1.0863032940458681,0.04404122603579138,5719.186620128105,0.999221074779073,0.021426073399153787,0.9977065133257347,0.07955092857140827,7389.040174867384,0.9124005748019317,0.014962793087895363,0.9126589757126635,0.015609016704045653,6537.795113538228,15702.204573980749,10670.513527843543
41660,1.0719186755211603,0.04392665214875486,1.048893789562978,0.3134762076498834,569.3646433471265,1.0262817921533967,0.09281183452633672,0.9977661322137605,0.6185662087298966,470.31418115658573,0.8156825505876562,0.05173987257531692,0.8337359116969663,0.159379748030099,558.8604555150487,1482.9434828101143,917.3271103546738
41700,0.9554711535778226,0.00984060725330199,0.956434401763368,0.022402508869108113,8923.929467772128,1.0012339595765323,0.018239350810969734,0.9999932048872323,0.05893824372375212,9989.440635931278,0.7982381953105802,0.01125918700770216,0.7994013749006821,0.008898458803441657,9550.61484404055,28027.130109288486,17141.83658031617
41740,0.9996839106873521,0.00768995006467625,0.9996671368863401,0.013800806408269632,15712.718065891086,0.9555918835785842,0.014953220794363781,0.9565851971130142,0.04039452645775462,14713.910671260275,0.7720525452689958,0.007061826296762546,0.7726047697162151,0.003519536130712387,17539.360624896337,39928.85626360131,26118.20302622506
41780,0.9929697936285321,0.024736410269217284,0.9936652925644388,0.12648435739563818,1534.5812179698376,0.967259451312334,0.05312838958018353,0.9717436214489996,0.3469986032587508,1330.056229448877,0.8201637901897705,0.04950512792493299,0.836254203543858,0.14790155049443637,1502.4664480126692,1795.4034721508792,2322.05912434051
41860,1.0243194223322325,0.006000933243200837,1.024100987788429,0.00844977394109198,27230.69233015553,1.1066927901738888,0.012071267708898738,1.1033149453429691,0.02670009202192374,25492.630425781495,0.7894016902569908,0.005758686760403951,0.7897286929394552,0.0023432069870859703,25545.280368326967,61459.47711517191,42580.764498104385
41940,1.0846287521495757,0.010588728247545039,1.0824017807325776,0.02584685019049536,9277.880894771355,1.1302720549156078,0.019444973665022028,1.1202982050235817,0.06645251821732598,9688.315431389436,0.8317575125337727,0.009292304589132229,0.8323483083528523,0.0060782929437872045,13570.573181978805,28704.763484743642,20621.06544879174
42020,1.037558966898707,0.023453346774075883,1.033056706461541,0.11517537430665947,1687.7036388113602,0.9706592280467138,0.04921370151801168,0.9736415390862774,0.31317073238088355,1467.2848555000303,0.6976797641084614,0.03158213331163554,0.7129396226211144,0.06598132919666565,1427.3867350492767,3338.0155025635354,2258.887190555088
42100,1.019134232122923,0.026387685524801342,1.016210727432264,0.14146622537908699,1318.9434037351832,1.0148859020256285,0.055190620464477654,1.0022380831739854,0.36445140498298745,1163.1673799848645,0.7684084442451826,0.03004275818881066,0.7780545746214914,0.06008301006179461,1522.6265107863478,3287.4981962047914,2069.2807733428954
42140,0.9223311639657243,0.03271599009443117,0.9377183779317928,0.20209816909876807,781.9273578715909,0.88970542033718,0.05097191948082001,0.9194239551397858,0.3284659359235587,1185.90237403171,0.6978884908986112,0.033145793202792165,0.7145699575275593,0.07219330320235975,1208.4165057938767,2295.4088622585423,1372.8899246115582
42200,0.9796622074184821,0.01752231280461294,0.9809360560454469,0.06773527394546693,2733.526114788418,1.1273080697454567,0.04733943106571751,1.083653737364297,0.29671415136691603,1808.956085183821,0.8003425903180206,0.022817264510694837,0.8049162891237561,0.035561831613112486,2523.288749606149,5162.610984821318,3475.688545038006
42220,0.9818564601804193,0.021293211004722278,0.9834661227897052,0.09689741319407379,2021.0483749800899,1.0821471963769809,0.04346861575708255,1.0553929852448067,0.2623861897915801,1993.400807183821,0.7893694264830472,0.021151422593467247,0.7936564457475338,0.030712444119229194,2842.2925661077975,6351.924750246894,4120.924142983563
42340,0.9472183823660772,0.021720878787409692,0.9523656338389487,0.10043396633854731,1795.7692339348923,0.8280107599523939,0.03424332077562236,0.8555287291520508,0.18083532700829166,2604.8283185660744,0.9918028106310783,0.02052442738592626,0.9899820784613246,0.028970571895243147,3074.731825295959,4852.382771472211,3161.0906501000627
42540,0.9272370622009838,0.017566109954558706,0.9320844487686211,0.06805123515504095,2683.758426512599,0.8722103566911131,0.03296935289391941,0.8905519019318716,0.16987343574189495,3007.1507369163796,1.2179872447890274,0.035095427749016715,1.1947969191090897,0.08023443584841547,2437.304653160044,8423.434370164421,4801.875589317579
42660,1.0379697453134402,0.00619440562330134,1.037614296296413,0.008998423066931414,26332.477659760345,1.0727170735225557,0.011124816397315539,1.0706101499600313,0.022768963897887635,28062.509245452555,0.8075214943706751,0.007438131861688522,0.8079954645681698,0.003903120000293343,17635.374114525,58132.033089079014,39674.218850031015
42680,0.8591975336281691,0.03686710462474832,0.8930911595504242,0.24336464024380752,555.6635505936472,1.0362100561392735,0.08139307359825042,1.0051145156977357,0.5550012728359117,525.2034507694076,0.8690898288301344,0.04644382709144633,0.8770234468589273,0.1325243994674641,863.3927898961621,1653.756605662235,1011.571920361801
42700,0.8491771650096472,0.027960038649025645,0.8724840947942702,0.15611710834738965,907.5466755584475,1.1093479590807498,0.08624766352594053,1.033992079733976,0.5834043825085021,689.841814415899,1.0441907464003735,0.04741172591661235,1.0283643948954808,0.1373391067895302,751.3484016142569,1056.2429469971469,1168.0581240424435
43100,1.1030160775628037,0.03938113532064201,1.0749479205221244,0.26847254341676746,728.3830726605393,0.9994036555708136,0.07658421220442975,0.9893170945735619,0.5247548750386245,648.7471129822926,1.0298675275910285,0.08612011658203872,0.9951150106345277,0.3443831543934368,370.3857863314128,1687.2510315962982,890.0117466439212
43300,0.9408809564489586,0.025738118881575456,0.9486851868991046,0.1355194452713269,1255.159966813681,0.8292576555526184,0.047632476218195524,0.8744287861565487,0.299296152302957,1816.907251847141,0.9741607254532847,0.040778977777658904,0.9693975951064948,0.10536603330875802,1307.6740120420905,2422.9617485909152,1934.4717026460376
43340,0.9031229711291966,0.018944583545718117,0.9105867941050858,0.07828184430316867,2233.6048155781127,1.0720463112762917,0.042884807605784635,1.0484201437435536,0.2571860005810063,2003.7045850154377,1.0866920724520248,0.027453189536396326,1.0786989407756522,0.050673820868658945,2530.07667406346,4278.886838237037,2624.8683543440566
43420,0.88154067259252,0.02642433759211614,0.8981214720248462,0.1418037209468478,1071.4613728184017,0.8103237275969672,0.059206182299714395,0.8778531750515378,0.39756305896702415,1030.388122544308,0.8196088273570492,0.04509259422641458,0.833373548072489,0.1258818605489812,721.7620129309427,1600.9117436919855,1398.983209988387
43580,0.9770117405469582,0.02948817552683231,0.980673475505216,0.17065656457975548,1036.524950987782,0.9555382502207422,0.06444541799975,0.9663519446568017,0.43879741781648574,1002.3994727846573,1.1167757658604993,0.04480272363993465,1.0933978418791952,0.12446943604528317,1181.2581484842929,2041.944737440092,1577.4371793544556
43620,1.1083448534123876,0.0283496404467408,1.0907868211704417,0.15979808139188187,1440.8744013447429,1.045151121989276,0.04906890331379221,1.0248870148293432,0.3119045460266698,1508.3273262850698,1.1426272914039044,0.048339747720268604,1.1122864324132942,0.14199727323791397,1477.7110986191856,3521.1987645943586,2250.1878930533217
43640,0.9929245584006894,0.024364707176004387,0.9936074396578163,0.12317637444741583,1552.4621702261584,0.911451996598617,0.05028297098548671,0.9336168510658654,0.3224908203738002,1269.3162989467903,0.9332814320838492,0.045608317920737,0.9327259141700284,0.12840589764137436,931.1403875382088,3050.350038376713,1800.2414963331425
43780,1.0194281905012117,0.020963045728034195,1.0174538567850482,0.09419665185240614,2172.354213748071,1.1274291974165098,0.0474047335265349,1.083654163566315,0.2972897907150525,1560.9324185721455,0.9802776536327911,0.03289458021543921,0.9766244811676367,0.07118073822483147,1819.6434847264097,4761.95724594594,3317.3118535837034
43900,0.9741177283111934,0.02217623294892293,0.9766561855917286,0.10424550284341065,1829.2456956613598,1.0903480519888102,0.04840470439737467,1.056627949166895,0.30608484631311267,1554.4736445070837,1.0561960965938635,0.03320276528318551,1.0469808372398264,0.07242370363622519,1687.0831598248847,5119.150301184063,3034.9753254240477
44060,1.035644901425644,0.016469036508125104,1.0334026734038566,0.06031318969461534,3820.7422725193637,1.0282989501558821,0.03150883107848846,1.0207218200607673,0.15747380123270563,3620.2825349436484,0.7871753533748963,0.024595441321748197,0.7930002308950002,0.04108396928382229,3696.9988943499166,8389.383238042688,5653.925799705765
44100,0.9718321388420523,0.027038409453021564,0.9757606721744515,0.14748767478304609,1243.4376831865754,0.9971443805616538,0.04414775519118424,0.992591199684449,0.26843108539323446,1585.4885809237383,0.9554044862921918,0.055177345382281764,0.9507129167870403,0.17737959549766755,845.8569867216554,3304.9964893486913,2001.00277933719
44140,0.9698836209634828,0.02082345600326865,0.9725438060396886,0.09306270309170181,2074.0465686431194,0.9072565015721874,0.04230837671674367,0.925637385057245,0.25204952376145356,1781.1766076018855,1.0694391147449114,0.03167334416118765,1.0601197361854928,0.06633767578784265,1748.149483036121,5197.905218395577,3336.919366500536
44180,1.035232050533677,0.019596936344680585,1.0321693137394192,0.08330903364166949,2612.8906775392716,0.9462553244478642,0.03811063667459207,0.9535401623861072,0.21472184779878964,2426.0601577216753,0.887699568881609,0.03084470608499219,0.8903039639801055,0.06312828316015584,4060.8322994053874,5946.891013694217,4125.014328577615
44220,0.9866658493274051,0.03371608734511274,0.9891678158705286,0.21198364409240925,844.0302317930701,1.1539721914824175,0.06778798588387072,1.0733622318809117,0.46383541087357305,912.6994508162768,1.0921188236576282,0.05930866339286529,1.0595774357041858,0.1994401736183766,1033.3076359051695,2068.0307952079443,1287.5232924532506
44300,1.1388311907888118,0.035927336584829495,1.1059888825660387,0.23398173287554297,830.4711864311307,1.0254264353927312,0.061313693588006625,1.0066757868002347,0.4144316227616648,713.3504444984883,1.2178323895440106,0.07070042643688078,1.1423031406377326,0.26145795891382956,852.9410000228698,2245.4698331780573,1340.882093896971
44420,0.9280265559591139,0.027428477299946085,0.9386721681381478,0.15112606564019732,1108.4466388988435,0.9694542903528838,0.058311845414520294,0.973641337381915,0.39029535806545723,949.6069926490727,1.0670536937787902,0.07814969998181118,1.0253556007134281,0.30194451835694797,748.3446904597951,1613.1000757057802,1477.2324651004362
44700,0.9724870985740462,0.014501450412387137,0.9737187458733724,0.047404980435272345,4016.6010160205956,1.0782473470203922,0.03944381308167326,1.0560312273770602,0.22654446209398935,2722.846586414583,0.8977138665924632,0.018849226652084796,0.8984807081789503,0.02454576375746653,2725.128127335879,8444.784538389062,5810.687087177044
44940,0.8992311831926126,0.03953566845508671,0.9260266091158138,0.27001363788051147,511.4278482908734,1.083426376387419,0.10956406451764207,1.0118527809432396,0.6932457281785229,340.38517066564333,1.0789653309164466,0.050109164113449234,1.056316114818991,0.15098454365003158,698.1109228500119,1127.7483709759388,699.4729999334221
45060,1.0168528650530846,0.016027204806569703,1.0157993780098775,0.05730338813348006,3732.727449947813,0.9997242031591387,0.028339487323388896,0.9971575692130301,0.13133923899675937,3835.6110228679854,0.9732654225039076,0.022985454694930286,0.9716671937029554,0.03606904978019468,4640.025264783328,11836.842803545738,7563.63809195194
45220,0.9798932797135743,0.018920079245738065,0.9813439156768166,0.07809526934152441,2346.2289295708556,0.9224015249065348,0.03797221770292268,0.9347375410949281,0.21349732620809703,2088.2219790401573,1.0236755856044355,0.02726959819480683,1.0189365215321171,0.05003212778018856,1997.0099724048293,4702.479505985188,3194.781909721311
45300,0.912168603239334,0.008183505967062762,0.9135149382000372,0.015600657528632114,11998.297473458624,0.9327606414015542,0.0156165756549267,0.9348423129699956,0.04389717123255986,12694.437118361207,0.9141607598825031,0.008639431631767228,0.9142385565020555,0.005258515423459082,15680.988117552628,41116.39726918904,25439.215418747663
45460,0.9623713820759284,0.026465470559291795,0.96750376684636,0.1421827183468077,1246.2464092233247,1.0524019828829438,0.05756967156251107,1.0246539502621752,0.38421641970328263,1274.637212797156,0.8509183313866477,0.06606275178126993,0.8693440086663928,0.23611512519171013,1178.0368135411627,2686.5677257687803,1899.4102408952147
45500,0.8739394801927647,0.025844820100152426,0.8909366590520894,0.13649172219353226,1105.6448789364536,1.153324698837977,0.05879850881101347,1.0850618667252043,0.39425806026180876,1296.6769524621973,1.1519299014842599,0.041376968484826714,1.1278169068812642,0.10814227311683565,1458.853808062184,2182.0473074613265,1938.7427172911334
45780,1.0343351906948488,0.015529704254740755,1.032398740919785,0.05399018246166139,4187.07912387556,1.0530671325851328,0.031512554878949064,1.0415873769324622,0.15750516190230618,3329.960622138094,0.8821052765523889,0.023723873168935556,0.8839011959577893,0.038333481188226756,3322.4097061485777,8497.599826093867,5449.383956883673
45820,1.0276543497620096,0.027587701949393372,1.0232000854378105,0.15261719854083802,1333.8254118787524,1.0168728034442966,0.043974869036092684,1.007080340431474,0.2668928221403278,1809.0211577889058,0.8631376772950264,0.03612130363431458,0.8687052496158026,0.08459107633690155,1546.1157738179913,3306.829874213988,2011.050159793914
45900,1.0490859517884508,0.02776817620835458,1.0412751008413204,0.1543113877888354,1367.8577142118966,1.0351736748511455,0.05514835855542148,1.0151514594311608,0.36409660933125715,1061.4004342576436,0.6434529254777273,0.05783524752845301,0.698134648193043,0.19152817283506005,2005.092082375592,3114.7441898706998,2125.9395509861392
45940,0.9741045190615853,0.02405862909541859,0.9770396838484949,0.12047153268943564,1489.078516242507,0.9989762967643214,0.045550350521129185,0.9936971938265383,0.2808913066797563,1595.2701000574511,1.027617831623227,0.028794695714603597,1.0221454283620193,0.055465796493464406,1594.8427345172354,4089.207992837376,2810.303726823163
46060,0.9650148442716543,0.014298955792541685,0.9665587632251113,0.046150994050005834,4319.117469849199,0.9314763768730034,0.02757290178256972,0.9375747087964481,0.12520749174399465,4234.141342975627,0.7765722787456256,0.013246667797893715,0.7784428230024243,0.012275290714214272,6569.127984418428,12481.443200986254,8170.699066124318
46140,0.97090629244944,0.010534005199647901,0.9716115319685532,0.02558720313842623,8112.623364775012,1.0632317241421427,0.02181665519202885,1.056401980044239,0.08223698858399017,7515.134647370969,0.7470939570425262,0.010871444458857111,0.7486036095002242,0.008301124003372979,8843.311846585544,12912.337942232194,11579.440436439696
46220,1.0883931229810386,0.031219010440757224,1.071540039542057,0.18741342245331535,1009.1811599390209,0.991819718780524,0.051281881083193634,0.9879659955008341,0.3311460114789926,1301.340373799872,1.2546059418389215,0.04979733465497549,1.205956617127204,0.14939109166759632,1133.8084015278407,2722.40271191567,1780.8892013726693
46300,1.009716309023385,0.0336332493734413,1.0073411860732957,0.21116295608069377,835.0922763691281,0.9980737316926865,0.07075307181191764,0.9893930751813964,0.48518197429065024,937.8685300253445,1.0756640670726698,0.05222861848934531,1.051909666323034,0.1619151993192953,874.6390601139761,1563.5246749716014,1343.1627012870456
46340,0.9747789297342392,0.03118546128945754,0.9792109182446052,0.1870861539609651,902.326040744146,0.9543268010162548,0.06797051374518455,0.9663540306024938,0.46517313896276186,809.2519081335454,1.1381127871418242,0.037069218271813816,1.1195625622690375,0.08869017005572864,1402.862622330896,2849.619450620218,1724.9040984521316
46520,0.9649643097602886,0.012801511440137369,0.9662151170456705,0.03733287363233519,5479.858884729159,0.8913423228801647,0.02529186624117841,0.9008910737682496,0.10748273112027096,4975.66873924779,0.4934456261730738,0.009679166954081808,0.49631630146281214,0.006591532489396422,5947.865354660828,12039.091545019013,7913.3340038549695
46540,0.9986713589182313,0.019138820926859222,0.9986551766636342,0.07976660851431033,2591.082763526143,0.9015304459134468,0.04000644124483882,0.9197419652846154,0.23154630592722547,2057.12244427716,1.0223422490221392,0.041583963248820396,1.0121529128184878,0.10910862632237228,1783.9548847874494,5330.408328628489,2777.3006486238482
46660,1.0678834743433503,0.038342965546579504,1.0499668071404753,0.2581095001939607,708.87511927519,1.0338002817949192,0.08362418886286424,1.0033282522220441,0.5683161233603357,531.9440575707858,1.1197184496281298,0.04737254722068966,1.0935565366778564,0.13714333612901858,868.1327177029668,1630.9770982109026,1146.976067942855
46700,0.9570924371719974,0.021606216428096223,0.9612085934674433,0.09948161134592555,1838.846161241453,0.9582341659851591,0.045415079387369134,0.9643728373708432,0.27969137927921,1996.7354827258443,0.7881182329981529,0.019371015636697936,0.7917642011896773,0.025887869611495633,1928.1689667642063,5273.438874917812,3734.610573490953
47020,0.9147516640614527,0.038060286890990724,0.9361233760120502,0.25528574448314156,551.4439049191011,1.0089050138779485,0.0867207126147193,0.992071691194504,0.5860607279988347,663.8817371288332,0.8111594554886609,0.04414260798151216,0.8254445596597557,0.12127015450905981,681.2723639495737,1256.2694426399435,947.6564664076843
47220,0.8698615252619317,0.03299991187963456,0.8962130022191321,0.20489930105675527,687.0589924797627,0.8500322433948501,0.07232015515998816,0.9146036849818826,0.4961311650793732,798.0960637353826,0.9485821746102364,0.040129601015813185,0.9465728045582457,0.10237781132796044,823.680280708986,1905.545983857125,1066.8218638824203
47260,0.9913360321972075,0.010927714909543309,0.9915320467260736,0.027482049660148212,7808.361448640956,0.834412485752504,0.017633425213233692,0.8424735931451202,0.05530029559293224,9810.898488562874,0.9105344683364585,0.012720400182330602,0.9107431775033668,0.011330143736316365,7025.961943027056,21628.702128087632,14141.698648534031
47300,0.940233861165484,0.021478377848272407,0.9459655112901127,0.09842340114768068,1739.3334225960996,1.0443512877340113,0.04486949626665946,1.0267145623492806,0.2748476184627794,2549.906081938972,0.9159150194833532,0.02613588863659776,0.9165167767036406,0.04614650301836547,2482.7841292476764,5354.431319629161,3186.1419490905078
47380,1.0229062640780482,0.027542526869356907,1.0191869864075642,0.15219379182254691,1219.3330962559787,1.1834324510285215,0.058632279708788565,1.1035740727670034,0.39290663360668726,1180.7721259374596,0.9559473943131692,0.029356436910882706,0.9543946581154888,0.05752530891790068,1747.3639335108016,4154.701197115587,2359.6730257182285
47460,1.002046584033077,0.034201330063279724,1.0012708639530596,0.21679694018894613,766.1684607090625,1.083615033572862,0.08028433352256208,1.026911427578341,0.548216607584838,584.9111011044865,0.9658836398761547,0.057358291041204185,0.9589050182798321,0.18897671927073872,622.1252010898975,801.1654351429816,1016.2748136742148
47580,0.9718705937986462,0.027164422866332777,0.9758246574762343,0.14866077427910016,1208.5700214450294,0.895490274279125,0.05703580920299937,0.9276577465936686,0.37981753489937964,1002.9352885223758,0.9572206493231737,0.04704907552908043,0.9533898342291615,0.1355297988553646,642.286958819424,2042.7577325328716,1310.4892841828985
47900,0.9830144065277461,0.005234954881825748,0.9831139824934362,0.0064433437970903016,32594.515593558517,0.9145519648596704,0.008483788555412514,0.9154293669215997,0.013368872991571489,41315.42973261479,0.9254826414444803,0.005857157885902096,0.9254910582635653,0.002423831945528858,28412.00787685014,85107.51288263495,55701.08948904314
47930,0.9691763295278542,0.01946347279228499,0.9715862305012959,0.0822711956513136,2335.012653883388,0.8876908552348343,0.04190925551314789,0.9106742661941648,0.24849260256558925,1627.236452427182,0.9599673354396523,0.025455186201366838,0.9586065786682899,0.04387815663051124,2002.8874694472254,4980.452338088484,3115.905691690066
47940,1.1373180838819887,0.036554123877059384,1.1039610529197774,0.24023859027246527,863.4650773366003,1.0073171468362634,0.0664970002102526,0.9949901105078904,0.454286093153202,827.9083390906145,1.1243539141063934,0.06727579781780434,1.076922494751325,0.24274167633491317,697.2947913989175,2212.521730345607,1502.3320420194418
48060,1.0333100412169283,0.02690082939697364,1.0282158767927543,0.146209456326796,1438.8322408343079,0.8953163089611047,0.06325842827593307,0.9317800687635756,0.4296633936243244,949.7689339382242,0.8310840045129338,0.05268934758215811,0.8471655070556694,0.16431298133003608,1162.7153031094233,3076.9813514065736,1553.6428435770097
48140,1.1550580873687366,0.036111337870622734,1.1181314550237227,0.2358179132097427,962.7252786576223,1.0588777105032035,0.07073013080128099,1.0207088083845364,0.4850199717324782,788.0231465847488,1.3021396287484266,0.09406584458957507,1.1583698293785767,0.3852513012181498,712.5100771799285,2738.413671684823,1104.1056283376993
48260,0.9274280091925613,0.022040512685599093,0.9347526082424796,0.1031045832140902,1717.6828513605446,0.9603085410424523,0.04986317475974588,0.9666450185448799,0.31883825062368093,1663.5903172297262,0.9261309095375392,0.07782390357808604,0.9269787132580902,0.3001863830306992,1304.1406571166144,1717.6828513605446,2555.997663105268
48300,1.0579068969373902,0.03772801245849025,1.042930438199502,0.2519660137001728,755.9567347377999,1.2306668801047944,0.07395077036762936,1.1036012673758484,0.5072789460700919,786.4842907400308,1.0142196838053912,0.04810090120104872,1.0022149002230816,0.14079460100680236,985.3944677819205,1792.376647202974,1073.6667003887433
48540,0.9199902402679738,0.020090241568849036,0.9268324252672587,0.08718575044607563,2040.9088653693163,0.9862847009893183,0.0493613851184389,0.984365696240991,0.3144611806438485,1625.5475146969666,0.6768921911748855,0.06950160130996386,0.741144909724542,0.2549074026618823,1964.8436547214214,2244.160883972318,2458.867438593748
48620,1.0406631744739803,0.017609118306005908,1.0377786586654854,0.06836206427811908,3270.6439091785046,1.0375564845460643,0.03726339759461513,1.0256663786075984,0.20723748772032913,2469.5677802955397,0.8543066531410255,0.022079139593084905,0.85679795645541,0.03337378302388049,2915.2066880591974,7718.793687446794,4848.493149904824
48660,0.9809720866038136,0.031283504439442285,0.9842621591067449,0.18804280161359382,926.1955693067447,1.1052783310513694,0.06694906657076981,1.0480283979189104,0.4576474528410176,902.2631525174296,0.8343159873280519,0.042729964041741834,0.8451528519946593,0.11450716997492501,825.6518720247501,2450.4138042717973,1603.0265515834012
48680,0.8839218980345486,0.05055399765558166,0.9270905069708223,0.376865069629154,346.54983678937214,0.6996216712008538,0.10029311685080325,0.8832252938353619,0.6544171911747843,339.3248070880042,1.2319067388926859,0.08755852672084793,1.1252977271735345,0.3519011674256916,389.1229739096786,956.7907935499206,536.9106765491563
48700,1.0326156793117374,0.02930415471305957,1.0268484968534344,0.16889185862928904,1184.7220465657165,0.8373459961092251,0.057753151764105164,0.8924412310121734,0.3857232244786318,1019.3255627406826,0.8560533796526719,0.0789741649971848,0.8783895237224395,0.30638678134711156,1038.3834519038887,2821.389167986105,1680.1644283288522
48900,0.979311644695761,0.01940395465203296,0.9808788642939432,0.08180990474106978,2418.6984502864707,0.9493930123465619,0.03374717387212382,0.9548288884265028,0.17655155421983884,3022.91266013461,0.9395219808526015,0.03662849070965935,0.9386050382891746,0.086775692436581,1762.557932920901,5750.409569260235,3639.6902091310453
49020,0.9649501946940805,0.025554055540215167,0.9694365037024155,0.13384657891330293,1358.784504353941,0.9963637449477711,0.05147725978294904,0.9909779929518538,0.33283265807026324,1240.1337698487334,1.0649508517884179,0.047980502765585825,1.0458857065150358,0.1401893401559711,1023.9676432431861,1871.8711831140383,1671.397668318897
49180,0.9664008308641999,0.01497269794624594,0.9680163450664279,0.050378303311977554,3942.8082517964203,1.0718588862912515,0.03373462379600962,1.0556831344633912,0.1764434299553364,3040.9265084121453,1.0173509748596599,0.026024890415589728,1.0133048093786219,0.045773273557301306,2611.10324014821,8108.667517446799,5443.455997868783
49340,1.0397496677132911,0.017097907460880673,1.0370786295701566,0.06470353364137449,3424.419487660414,0.9227828829694411,0.024066321742449777,0.9284262687718743,0.09831802333906163,4859.6094972826595,1.1368282548922548,0.018929450534207217,1.1316834034948087,0.02474996382110033,5277.374685315837,11868.575186811986,8042.414937611723
49420,0.9620204558752528,0.03117454779557214,0.9688354986277468,0.1869797130301123,903.2227934176224,1.111449757946962,0.07494549333555184,1.0439839248125033,0.513956577565888,831.9894720139739,1.0173922888076339,0.03718826266804201,1.009502828560183,0.08920982628547655,1290.397013797587,2994.648679802352,1853.3537704626058
49620,1.028936985394063,0.020024827267705318,1.0262963404168453,0.08666804337879619,2500.0861091437405,0.9391591686262648,0.041633765725990465,0.9492523712071902,0.24603756035117602,1883.0899572986737,0.9832850530150798,0.028078911743398084,0.9804117334985483,0.05288653709422132,3164.455204580155,6099.593540387289,3810.5960442023766
49660,0.9894486424648234,0.020166901900941777,0.9902405295986817,0.08779386001203604,2335.3440958389365,0.9633235973631026,0.0490685834686508,0.9685818199553309,0.31190174811405885,1515.6184819660255,1.0334035722160781,0.035183540053373624,1.024984476418454,0.0806053075092565,2497.6523045606777,5297.327250604378,3546.5815819959416
49700,0.932697619396277,0.03126597598910511,0.9450541053985507,0.1878717143092307,827.1092515903654,1.063461864424445,0.07254915697172154,1.0220125803061304,0.4977118527159955,953.3743072811443,0.9489923428473129,0.030287498244370308,0.9477699558448577,0.061005953617615315,1151.0455817042068,2053.1136027054413,1325.09849444287
49740,0.9740087193452992,0.028368223097888327,0.9779216493409271,0.1599741154319257,1106.802633190898,0.9539683081634157,0.06779255356481113,0.9661281104817805,0.46386892458600837,1019.1900406699143,0.9031179408078993,0.04055880736133496,0.9058140487553229,0.10434974314721089,1175.8304001030647,2214.643306498612,1427.4478181657669
