sex_s,cohort,gap,raw_log_mult,smoothed_log_mult,gauged_log_mult
male,18-19,-52,-9.210340371976182,-9.210340371976182,-9.247461399138682
male,18-19,-51,-9.210340371976182,-9.210340371976182,-9.247461399138682
male,18-19,-50,-9.210340371976182,-9.210340371976182,-9.247461399138682
male,18-19,-49,-9.210340371976182,-9.210340371976182,-9.247461399138682
male,18-19,-48,-9.210340371976182,-9.210340371976182,-9.247461399138682
male,18-19,-47,-9.210340371976182,-9.210340371976182,-9.247461399138682
male,18-19,-46,-9.210340371976182,-9.210340371976182,-9.247461399138682
male,18-19,-45,-9.210340371976182,-9.210340371976182,-9.247461399138682
male,18-19,-44,-9.210340371976182,-9.210340371976182,-9.247461399138682
male,18-19,-43,-9.210340371976182,-9.210340371976182,-9.247461399138682
male,18-19,-42,-9.210340371976182,-9.210340371976182,-9.247461399138682
male,18-19,-41,-9.210340371976182,-9.210340371976182,-9.247461399138682
male,18-19,-40,-9.210340371976182,-9.210340371976182,-9.247461399138682
male,18-19,-39,-9.210340371976182,1.50868034917373,1.47155932201123
male,18-19,-38,-9.210340371976182,1.5086803491737717,1.4715593220112717
male,18-19,-37,-9.210340371976182,1.5086803491737717,1.4715593220112717
male,18-19,-36,-9.210340371976182,1.5086803491737721,1.4715593220112722
male,18-19,-35,-9.210340371976182,1.508680349173773,1.471559322011273
male,18-19,-34,-9.210340371976182,1.508680349173775,1.471559322011275
male,18-19,-33,-9.210340371976182,1.508680349173781,1.471559322011281
male,18-19,-32,-9.210340371976182,1.508680349173798,1.471559322011298
male,18-19,-31,-9.210340371976182,1.5086803491738427,1.4715593220113428
male,18-19,-30,-9.210340371976182,1.5086803491739658,1.4715593220114658
male,18-19,-29,-9.210340371976182,1.5086803491742997,1.4715593220117997
male,18-19,-28,-9.210340371976182,1.5086803491752074,1.4715593220127074
male,18-19,-27,-9.210340371976182,1.5086803491776748,1.4715593220151748
male,18-19,-26,-9.210340371976182,1.5086803491843823,1.4715593220218823
male,18-19,-25,-9.210340371976182,1.5086803492026142,1.4715593220401142
male,18-19,-24,-9.210340371976182,1.5086803492521739,1.4715593220896739
male,18-19,-23,-9.210340371976182,1.5086803493868912,1.4715593222243912
male,18-19,-22,-9.210340371976182,1.5086803497530907,1.4715593225905907
male,18-19,-21,-9.210340371976182,1.5086803507485245,1.4715593235860245
male,18-19,-20,-9.210340371976182,1.5086803534543942,1.4715593262918942
male,18-19,-19,-9.210340371976182,1.5086803608097101,1.4715593336472101
male,18-19,-18,-9.210340371976182,1.5086803808035318,1.4715593536410319
male,18-19,-17,-9.210340371976182,1.508680435152368,1.471559407989868
male,18-19,-16,-9.210340371976182,1.5086805828877838,1.4715595557252839
male,18-19,-15,-9.210340371976182,1.5086809844739983,1.4715599573114984
male,18-19,-14,-9.210340371976182,1.5086820760964244,1.4715610489339244
male,18-19,-13,-9.210340371976182,1.5086850434184373,1.4715640162559374
male,18-19,-12,-9.210340371976182,1.5086931093222133,1.4715720821597134
male,18-19,-11,-9.210340371976182,1.508715033881547,1.471594006719047
male,18-19,-10,-9.210340371976182,1.5087746248042122,1.4716535976417122
male,18-19,-9,-9.210340371976182,1.5089365638646324,1.4718155367021324
male,18-19,-8,-9.210340371976182,1.5093764212684089,1.4722553941059089
male,18-19,-7,-9.210340371976182,1.51056958120018,1.47344855403768
male,18-19,-6,-9.210340371976182,1.5137945892458335,1.4766735620833336
male,18-19,-5,-9.210340371976182,1.5224277392146346,1.4853067120521346
male,18-19,-4,-9.210340371976182,1.5449513077232817,1.5078302805607817
male,18-19,-3,-9.210340371976182,1.5999394476845386,1.5628184205220386
male,18-19,-2,-9.210340371976182,1.7143048017200542,1.6771837745575542
male,18-19,-1,1.508668092757414,1.8814803153489297,1.8443592881864297
male,18-19,0,2.2418059788413833,1.9817836947554903,1.9446626675929903
male,18-19,1,1.9605177139231251,1.8225991894603581,1.7854781622978582
male,18-19,2,0.912926703137747,1.3197444852832119,1.2826234581207119
male,18-19,3,0.2633476057781471,0.5888459995937845,0.5517249724312845
male,18-19,4,-0.9709793070736116,-0.09844929824847401,-0.13557032541097402
male,18-19,5,-0.15224331717565998,-0.4495446139356697,-0.4866656410981697
male,18-19,6,-0.9583101544948529,-0.731304448447371,-0.768425475609871
male,18-19,7,-1.1849063378407787,-1.146049456046359,-1.183170483208859
male,18-19,8,-2.035372231585531,-1.510182244392663,-1.547303271555163
male,18-19,9,-1.31296755201855,-1.7495027274266346,-1.7866237545891346
male,18-19,10,-9.210340371976182,-1.9324417856131784,-1.9695628127756784
male,18-19,11,-1.4875430778649883,-1.7184757027283863,-1.7555967298908863
male,18-19,12,-1.3498388037040336,-1.4958851738160694,-1.5330062009785694
male,18-19,13,-1.4678763570169022,-1.5415155510652427,-1.5786365782277427
male,18-19,14,-1.7291730275003936,-1.844862091639684,-1.881983118802184
male,18-19,15,-3.4108054877179677,-2.331775667106376,-2.368896694268876
male,18-19,16,-2.3970765868125423,-2.626780799941669,-2.6639018271041692
male,18-19,17,-2.8769380525716857,-2.720754681408893,-2.7578757085713934
male,18-19,18,-2.990607796560762,-2.636675118038833,-2.673796145201333
male,18-19,19,-2.253721008347503,-2.3698423782044578,-2.406963405366958
male,18-19,20,-1.939495169392725,-2.234410154420618,-2.2715311815831183
male,18-19,21,-9.210340371976182,-1.972587708143816,-2.009708735306316
male,18-19,22,-0.8798149077227868,-1.7083992931622578,-1.7455203203247578
male,18-19,23,-9.210340371976182,-1.890008356224225,-1.927129383386725
male,18-19,24,-1.884463249084043,-1.891080420699507,-1.928201447862007
male,18-19,25,-1.4645591243615503,-1.643456436226458,-1.680577463388958
male,18-19,26,-1.4457428279406117,-1.630349641085429,-1.667470668247929
male,18-19,27,-2.3439647232282845,-1.739954257267582,-1.777075284430082
male,18-19,28,-1.396056256767895,-1.7543850891697563,-1.7915061163322563
male,18-19,29,-2.202769087177945,-1.8163713282220202,-1.8534923553845202
male,18-19,30,-1.6743694739998765,-1.9109340208946997,-1.9480550480571996
male,18-19,31,-2.012007796153672,-2.173757706164298,-2.210878733326798
male,18-19,32,-5.211053820933028,-2.481330297135173,-2.5184513242976734
male,18-19,33,-2.0226709109679772,-2.2291963770800454,-2.2663174042425456
male,18-19,34,-2.4496833680100045,-1.7310352314480995,-1.7681562586105994
male,18-19,35,-0.8191884367881035,-1.5349360363422198,-1.5720570635047197
male,18-19,36,-3.749776855317716,-1.8499724329980267,-1.8870934601605267
male,18-19,37,-2.585391788325842,-1.954625061012709,-1.991746088175209
male,18-19,38,-1.1085337138511642,-1.8334275202865704,-1.8705485474490704
male,18-19,39,-7.449019649894677,-2.1695246863251083,-2.2066457134876085
male,18-19,40,-2.1007601109673795,-2.593019951884995,-2.630140979047495
male,18-19,41,-3.3370165703775623,-3.065317983890399,-3.102439011052899
male,18-19,42,-9.210340371976182,-3.6843494209318974,-3.7214704480943976
male,18-19,43,-3.1912777974598927,-3.900063326512836,-3.9371843536753364
male,18-19,44,-9.210340371976182,-4.110709379822513,-4.147830406985013
male,18-19,45,-3.7073218654534674,-4.166123601682352,-4.2032446288448515
male,18-19,46,-9.210340371976182,-3.7624829469518946,-3.7996039741143948
male,18-19,47,-2.7823041672110693,-3.3041048097732135,-3.3412258369357137
male,18-19,48,-3.094520441660255,-3.399961669518934,-3.437082696681434
male,18-19,49,-9.210340371976182,-4.224148661334801,-4.2612696884973005
male,18-19,50,-9.210340371976182,-5.8307491539167575,-5.867870181079257
male,18-19,51,-9.210340371976182,-8.156402847155087,-8.193523874317588
male,18-19,52,-9.210340371976182,-9.210340371976182,-9.247461399138682
male,20-21,-52,-9.210340371976182,-9.210340371976182,-9.220156632480904
male,20-21,-51,-9.210340371976182,-9.210340371976182,-9.220156632480904
male,20-21,-50,-9.210340371976182,-9.210340371976182,-9.220156632480904
male,20-21,-49,-9.210340371976182,-9.210340371976182,-9.220156632480904
male,20-21,-48,-9.210340371976182,-9.210340371976182,-9.220156632480904
male,20-21,-47,-9.210340371976182,-9.210340371976182,-9.220156632480904
male,20-21,-46,-9.210340371976182,-9.210340371976182,-9.220156632480904
male,20-21,-45,-9.210340371976182,-9.210340371976182,-9.220156632480904
male,20-21,-44,-9.210340371976182,-9.210340371976182,-9.220156632480904
male,20-21,-43,-9.210340371976182,-9.210340371976182,-9.220156632480904
male,20-21,-42,-9.210340371976182,-9.210340371976182,-9.220156632480904
male,20-21,-41,-9.210340371976182,-9.210340371976182,-9.220156632480904
male,20-21,-40,-9.210340371976182,-9.210340371976182,-9.220156632480904
male,20-21,-39,-9.210340371976182,-9.210340371976182,-9.220156632480904
male,20-21,-38,-9.210340371976182,-9.210340371976182,-9.220156632480904
male,20-21,-37,-9.210340371976182,-9.210340371976182,-9.220156632480904
male,20-21,-36,-9.210340371976182,-9.210340371976182,-9.220156632480904
male,20-21,-35,-9.210340371976182,-9.210340371976182,-9.220156632480904
male,20-21,-34,-9.210340371976182,-9.210340371976182,-9.220156632480904
male,20-21,-33,-9.210340371976182,-9.210340371976182,-9.220156632480904
male,20-21,-32,-9.210340371976182,-9.210340371976182,-9.220156632480904
male,20-21,-31,-9.210340371976182,-9.210340371976182,-9.220156632480904
male,20-21,-30,-9.210340371976182,-9.210340371976182,-9.220156632480904
male,20-21,-29,-9.210340371976182,-9.210340371976182,-9.220156632480904
male,20-21,-28,-9.210340371976182,-9.210340371976182,-9.220156632480904
male,20-21,-27,-9.210340371976182,-9.210340371976182,-9.220156632480904
male,20-21,-26,-9.210340371976182,-9.210340371976182,-9.220156632480904
male,20-21,-25,-9.210340371976182,-9.210340371976182,-9.220156632480904
male,20-21,-24,-9.210340371976182,-9.210340371976182,-9.220156632480904
male,20-21,-23,-9.210340371976182,-9.210340371976182,-9.220156632480904
male,20-21,-22,-9.210340371976182,-0.4304311391652614,-0.4402473996699846
male,20-21,-21,-9.210340371976182,-0.43043113916523595,-0.4402473996699592
male,20-21,-20,-9.210340371976182,-0.43043113916523595,-0.4402473996699592
male,20-21,-19,-9.210340371976182,-0.43043113916523595,-0.4402473996699592
male,20-21,-18,-9.210340371976182,-0.43043113916523595,-0.4402473996699592
male,20-21,-17,-9.210340371976182,-0.43043113916523595,-0.4402473996699592
male,20-21,-16,-9.210340371976182,-0.43043113916523595,-0.4402473996699592
male,20-21,-15,-9.210340371976182,-0.43043113916523595,-0.4402473996699592
male,20-21,-14,-9.210340371976182,-0.43043113916523595,-0.4402473996699592
male,20-21,-13,-9.210340371976182,-0.43043113916523595,-0.4402473996699592
male,20-21,-12,-9.210340371976182,-0.4304311391652356,-0.44024739966995885
male,20-21,-11,-9.210340371976182,-0.4304311391652293,-0.4402473996699525
male,20-21,-10,-9.210340371976182,-0.4304311391648656,-0.4402473996695888
male,20-21,-9,-9.210340371976182,-0.4304311391450143,-0.4402473996497375
male,20-21,-8,-9.210340371976182,-0.43043113806116223,-0.44024739856588546
male,20-21,-7,-9.210340371976182,-0.4304310788848601,-0.4402473393895833
male,20-21,-6,-9.210340371976182,-0.43042784797748507,-0.4402441084822083
male,20-21,-5,-9.210340371976182,-0.43025147397797503,-0.44006773448269826
male,20-21,-4,-9.210340371976182,-0.4207031791650308,-0.43051943966975403
male,20-21,-3,-0.43043440560491464,-0.06064667357368719,-0.07046293407841045
male,20-21,-2,0.8508105786635434,0.9646339687536976,0.9548177082489743
male,20-21,-1,1.8180084426110938,1.7888572778862009,1.7790410173814777
male,20-21,0,2.150399058571204,2.0789119575209867,2.0690956970162633
male,20-21,1,1.675477357188153,1.690549863833841,1.6807336033291178
male,20-21,2,0.8500426120067573,0.9411010893373647,0.9312848288326414
male,20-21,3,0.041552508435839505,0.15482732219113451,0.14501106168641126
male,20-21,4,-0.23438150061522114,-0.23362001485306635,-0.2434362753577896
male,20-21,5,-0.6763022518302818,-0.6518682312411825,-0.6616844917459058
male,20-21,6,-1.163247230289803,-1.117514113500853,-1.1273303740055762
male,20-21,7,-1.448747653853439,-1.4593750679682311,-1.4691913284729543
male,20-21,8,-2.1133591837239236,-1.9335091492427148,-1.943325409747438
male,20-21,9,-1.4893130923939968,-1.5870156772024515,-1.5968319377071747
male,20-21,10,-2.032639993015805,-1.9381229986576078,-1.947939259162331
male,20-21,11,-1.8703504717442418,-1.9479252298695837,-1.957741490374307
male,20-21,12,-2.714686667940119,-2.560751248901536,-2.5705675094062594
male,20-21,13,-2.552827119137493,-2.6012030025349735,-2.611019263039697
male,20-21,14,-2.9138850252562705,-2.8575724217866756,-2.867388682291399
male,20-21,15,-2.824052751252688,-2.897133841900323,-2.9069501024050464
male,20-21,16,-3.7393258894394856,-3.6237115855008097,-3.633527846005533
male,20-21,17,-4.320751419371309,-3.748158508287747,-3.7579747687924705
male,20-21,18,-2.299337705551906,-2.4637849089888895,-2.473601169493613
male,20-21,19,-3.072424319581148,-2.8638227987122193,-2.8736390592169427
male,20-21,20,-2.355208723160901,-2.4536835873185945,-2.463499847823318
male,20-21,21,-2.801458294608401,-2.7852451709179493,-2.7950614314226727
male,20-21,22,-3.350552159008136,-3.3349648868791735,-3.344781147383897
male,20-21,23,-4.310190490190281,-4.051238008565415,-4.061054269070138
male,20-21,24,-3.556626137741758,-3.4320410518933127,-3.441857312398036
male,20-21,25,-2.513927493998257,-2.608219559876669,-2.6180358203813925
male,20-21,26,-2.712157784586492,-2.7260741094033807,-2.735890369908104
male,20-21,27,-3.1401230736681023,-3.1446257103521225,-3.154441970856846
male,20-21,28,-3.983474699090823,-3.7123087931255037,-3.722125053630227
male,20-21,29,-3.047638126450715,-3.2058940458183844,-3.215710306323108
male,20-21,30,-4.556592876914564,-4.2753228591640084,-4.285139119668732
male,20-21,31,-5.1368391287774235,-4.9638761756390855,-4.973692436143809
male,20-21,32,-4.468127255227644,-4.629760354190874,-4.6395766146955975
male,20-21,33,-6.859028286011651,-5.667010364439432,-5.676826624944155
male,20-21,34,-4.328323537395424,-4.144432410856202,-4.154248671360925
male,20-21,35,-2.9892764147869424,-3.1916222731057595,-3.201438533610483
male,20-21,36,-6.064226377636365,-4.668976502016066,-4.678792762520789
male,20-21,37,-3.8481980826650863,-3.8509271372841276,-3.860743397788851
male,20-21,38,-3.251258486371416,-3.4126480228813603,-3.4224642833860837
male,20-21,39,-5.676537557279019,-5.013110828319447,-5.02292708882417
male,20-21,40,-9.210340371976182,-6.254914074081141,-6.264730334585864
male,20-21,41,-4.228991825775099,-4.430359949903731,-4.440176210408454
male,20-21,42,-5.47711298645269,-4.8836545977607,-4.893470858265424
male,20-21,43,-3.6630845091422675,-3.8640109002641845,-3.873827160768908
male,20-21,44,-5.761727658217266,-5.2108959381744215,-5.220712198679145
male,20-21,45,-6.249850166474688,-5.493597956326589,-5.503414216831312
male,20-21,46,-3.843742850980841,-4.024407133112655,-4.034223393617379
male,20-21,47,-4.849995153959871,-4.770737639221143,-4.7805538997258665
male,20-21,48,-9.210340371976182,-6.446107638544614,-6.4559238990493375
male,20-21,49,-4.975787914474824,-5.145718581036836,-5.155534841541559
male,20-21,50,-9.210340371976182,-6.299052074556043,-6.308868335060766
male,20-21,51,-9.210340371976182,-9.210340371976182,-9.220156632480904
male,20-21,52,-9.210340371976182,-9.210340371976182,-9.220156632480904
male,22-23,-52,-9.210340371976182,-9.210340371976182,-9.213260263383669
male,22-23,-51,-9.210340371976182,-9.210340371976182,-9.213260263383669
male,22-23,-50,-9.210340371976182,-9.210340371976182,-9.213260263383669
male,22-23,-49,-9.210340371976182,-9.210340371976182,-9.213260263383669
male,22-23,-48,-9.210340371976182,-9.210340371976182,-9.213260263383669
male,22-23,-47,-9.210340371976182,-9.210340371976182,-9.213260263383669
male,22-23,-46,-9.210340371976182,-9.210340371976182,-9.213260263383669
male,22-23,-45,-9.210340371976182,-9.210340371976182,-9.213260263383669
male,22-23,-44,-9.210340371976182,-9.210340371976182,-9.213260263383669
male,22-23,-43,-9.210340371976182,-9.210340371976182,-9.213260263383669
male,22-23,-42,-9.210340371976182,-9.210340371976182,-9.213260263383669
male,22-23,-41,-9.210340371976182,-9.210340371976182,-9.213260263383669
male,22-23,-40,-9.210340371976182,-9.210340371976182,-9.213260263383669
male,22-23,-39,-9.210340371976182,-9.210340371976182,-9.213260263383669
male,22-23,-38,-9.210340371976182,-9.210340371976182,-9.213260263383669
male,22-23,-37,-9.210340371976182,-9.210340371976182,-9.213260263383669
male,22-23,-36,-9.210340371976182,-9.210340371976182,-9.213260263383669
male,22-23,-35,-9.210340371976182,-9.210340371976182,-9.213260263383669
male,22-23,-34,-9.210340371976182,-9.210340371976182,-9.213260263383669
male,22-23,-33,-9.210340371976182,-9.210340371976182,-9.213260263383669
male,22-23,-32,-9.210340371976182,-9.210340371976182,-9.213260263383669
male,22-23,-31,-9.210340371976182,-9.210340371976182,-9.213260263383669
male,22-23,-30,-9.210340371976182,-9.210340371976182,-9.213260263383669
male,22-23,-29,-9.210340371976182,-9.210340371976182,-9.213260263383669
male,22-23,-28,-9.210340371976182,-9.210340371976182,-9.213260263383669
male,22-23,-27,-9.210340371976182,-9.210340371976182,-9.213260263383669
male,22-23,-26,-9.210340371976182,-9.210340371976182,-9.213260263383669
male,22-23,-25,-9.210340371976182,-9.210340371976182,-9.213260263383669
male,22-23,-24,-9.210340371976182,-2.2778167506711595,-2.280736642078647
male,22-23,-23,-9.210340371976182,-2.2778167506710854,-2.2807366420785726
male,22-23,-22,-9.210340371976182,-2.2778167506710854,-2.2807366420785726
male,22-23,-21,-9.210340371976182,-2.2778167506710854,-2.2807366420785726
male,22-23,-20,-9.210340371976182,-2.2778167506710854,-2.2807366420785726
male,22-23,-19,-9.210340371976182,-2.2778167506710854,-2.2807366420785726
male,22-23,-18,-9.210340371976182,-2.2778167506710854,-2.2807366420785726
male,22-23,-17,-9.210340371976182,-2.2778167506710854,-2.2807366420785726
male,22-23,-16,-9.210340371976182,-2.2778167506710854,-2.2807366420785726
male,22-23,-15,-9.210340371976182,-2.2778167506710854,-2.2807366420785726
male,22-23,-14,-9.210340371976182,-2.2778167506710854,-2.2807366420785726
male,22-23,-13,-9.210340371976182,-2.2778167506710774,-2.2807366420785646
male,22-23,-12,-9.210340371976182,-2.2778167506706413,-2.2807366420781285
male,22-23,-11,-9.210340371976182,-2.277816750646825,-2.2807366420543125
male,22-23,-10,-9.210340371976182,-2.277816749346522,-2.280736640754009
male,22-23,-9,-9.210340371976182,-2.2778166783523623,-2.2807365697598496
male,22-23,-8,-9.210340371976182,-2.2778128022153545,-2.280732693622842
male,22-23,-7,-9.210340371976182,-2.2776012103388714,-2.2805211017463587
male,22-23,-6,-9.210340371976182,-2.266160824171646,-2.2690807155791335
male,22-23,-5,-2.27782168150006,-1.8527633647749602,-1.8556832561824472
male,22-23,-4,-0.9246624080734629,-0.7588037913472943,-0.7617236827547813
male,22-23,-3,0.21305347190305107,0.2994962142645879,0.2965763228571008
male,22-23,-2,1.1564611789415697,1.1835796160541778,1.1806597246466908
male,22-23,-1,1.796460012678821,1.7944152256761225,1.7914953342686355
male,22-23,0,2.1923709858392986,2.1054965713349723,2.102576679927485
male,22-23,1,1.5751567536652407,1.6124083115737702,1.6094884201662831
male,22-23,2,0.7265435485058527,0.8232565592859339,0.8203366678784468
male,22-23,3,0.04797432480011032,0.12206656637159269,0.11914667496410558
male,22-23,4,-0.36472042841082675,-0.34418844057541415,-0.34710833198290125
male,22-23,5,-0.8450183090650465,-0.7997777153903337,-0.8026976067978208
male,22-23,6,-1.1229800473477498,-1.102655591748413,-1.1055754831559002
male,22-23,7,-1.296185319159759,-1.3169410108435304,-1.3198609022510175
male,22-23,8,-1.833427396567964,-1.75343963386365,-1.756359525271137
male,22-23,9,-1.8127892474933787,-1.8027809760967815,-1.8057008675042685
male,22-23,10,-1.69760604385311,-1.7476904019730706,-1.7506102933805576
male,22-23,11,-2.1456060084638233,-2.0883582008349424,-2.0912780922424297
male,22-23,12,-2.19055902223977,-2.2093185898449788,-2.212238481252466
male,22-23,13,-2.4624923382309745,-2.456581436323522,-2.4595013277310094
male,22-23,14,-2.8071748707467092,-2.7614364692312154,-2.7643563606387027
male,22-23,15,-2.8004988173113,-2.8360216152495976,-2.838941506657085
male,22-23,16,-3.1998131480077605,-3.112958189980902,-3.1158780813883893
male,22-23,17,-2.8999127842761814,-2.9611330125735305,-2.9640529039810177
male,22-23,18,-3.2655510785914883,-3.2309744395364826,-3.23389433094397
male,22-23,19,-3.3989184298181088,-3.4041772303294797,-3.407097121736967
male,22-23,20,-3.6229260281027904,-3.5002616324630407,-3.503181523870528
male,22-23,21,-2.932235652259365,-3.046503896622653,-3.0494237880301402
male,22-23,22,-3.652851543845377,-3.532297219393573,-3.53521711080106
male,22-23,23,-3.5377974546271522,-3.526196803211093,-3.52911669461858
male,22-23,24,-3.337751971720724,-3.2979632051094754,-3.3008830965169627
male,22-23,25,-2.8904101571682026,-2.9760251147696555,-2.9789450061771428
male,22-23,26,-3.4088310046694046,-3.3850186624771346,-3.387938553884622
male,22-23,27,-3.9630128616954563,-3.792248088380846,-3.7951679797883333
male,22-23,28,-3.262408060343893,-3.3772017115998585,-3.3801216030073458
male,22-23,29,-3.9970920437296513,-3.890593483927143,-3.8935133753346305
male,22-23,30,-4.030078510605698,-3.895790246809698,-3.898710138217185
male,22-23,31,-3.1997939770618573,-3.360410207617801,-3.3633300990252883
male,22-23,32,-5.0003251464624965,-4.196399303349814,-4.199319194757301
male,22-23,33,-2.9770213474689404,-3.1824259456492747,-3.185345837056762
male,22-23,34,-4.896267471563416,-4.46743667628871,-4.4703565676961965
male,22-23,35,-5.855739514833597,-4.960463131279695,-4.963383022687182
male,22-23,36,-3.3107029527504794,-3.531651262600341,-3.5345711540078284
male,22-23,37,-5.793811268770177,-4.8208824487526565,-4.823802340160143
male,22-23,38,-4.018834359289702,-4.218583662951798,-4.221503554359285
male,22-23,39,-6.137882882957536,-5.4718920522709915,-5.474811943678478
male,22-23,40,-5.2069681734219255,-5.393393123993367,-5.396313015400854
male,22-23,41,-9.210340371976182,-6.526720077036654,-6.52963996844414
male,22-23,42,-4.787499940821895,-5.008521129980083,-5.0114410213875695
male,22-23,43,-6.783536497679385,-6.313899693658882,-6.316819585066368
male,22-23,44,-8.811176082042648,-8.31958356377215,-8.322503455179637
male,22-23,45,-9.210340371976182,-7.076058203431801,-7.078978094839288
male,22-23,46,-4.8410277036280736,-5.083024150045341,-5.085944041452827
male,22-23,47,-9.210340371976182,-7.019121078635173,-7.02204097004266
male,22-23,48,-9.210340371976182,-9.210340371976182,-9.213260263383669
male,22-23,49,-9.210340371976182,-9.210340371976182,-9.213260263383669
male,22-23,50,-9.210340371976182,-9.210340371976182,-9.213260263383669
male,22-23,51,-9.210340371976182,-9.210340371976182,-9.213260263383669
male,22-23,52,-9.210340371976182,-9.210340371976182,-9.213260263383669
male,24-25,-52,-9.210340371976182,-9.210340371976182,-9.211478541113763
male,24-25,-51,-9.210340371976182,-9.210340371976182,-9.211478541113763
male,24-25,-50,-9.210340371976182,-9.210340371976182,-9.211478541113763
male,24-25,-49,-9.210340371976182,-9.210340371976182,-9.211478541113763
male,24-25,-48,-9.210340371976182,-9.210340371976182,-9.211478541113763
male,24-25,-47,-9.210340371976182,-9.210340371976182,-9.211478541113763
male,24-25,-46,-9.210340371976182,-9.210340371976182,-9.211478541113763
male,24-25,-45,-9.210340371976182,-9.210340371976182,-9.211478541113763
male,24-25,-44,-9.210340371976182,-9.210340371976182,-9.211478541113763
male,24-25,-43,-9.210340371976182,-9.210340371976182,-9.211478541113763
male,24-25,-42,-9.210340371976182,-9.210340371976182,-9.211478541113763
male,24-25,-41,-9.210340371976182,-9.210340371976182,-9.211478541113763
male,24-25,-40,-9.210340371976182,-9.210340371976182,-9.211478541113763
male,24-25,-39,-9.210340371976182,-9.210340371976182,-9.211478541113763
male,24-25,-38,-9.210340371976182,-9.210340371976182,-9.211478541113763
male,24-25,-37,-9.210340371976182,-9.210340371976182,-9.211478541113763
male,24-25,-36,-9.210340371976182,-9.210340371976182,-9.211478541113763
male,24-25,-35,-9.210340371976182,-9.210340371976182,-9.211478541113763
male,24-25,-34,-9.210340371976182,-9.210340371976182,-9.211478541113763
male,24-25,-33,-9.210340371976182,-9.210340371976182,-9.211478541113763
male,24-25,-32,-9.210340371976182,-9.210340371976182,-9.211478541113763
male,24-25,-31,-9.210340371976182,-9.210340371976182,-9.211478541113763
male,24-25,-30,-9.210340371976182,-9.210340371976182,-9.211478541113763
male,24-25,-29,-9.210340371976182,-9.210340371976182,-9.211478541113763
male,24-25,-28,-9.210340371976182,-9.210340371976182,-9.211478541113763
male,24-25,-27,-9.210340371976182,-9.210340371976182,-9.211478541113763
male,24-25,-26,-9.210340371976182,-9.210340371976182,-9.211478541113763
male,24-25,-25,-9.210340371976182,-9.210340371976182,-9.211478541113763
male,24-25,-24,-9.210340371976182,-9.210340371976182,-9.211478541113763
male,24-25,-23,-9.210340371976182,-9.210340371976182,-9.211478541113763
male,24-25,-22,-9.210340371976182,-9.210340371976182,-9.211478541113763
male,24-25,-21,-9.210340371976182,-9.210340371976182,-9.211478541113763
male,24-25,-20,-9.210340371976182,-3.5795799868397458,-3.5807181559773267
male,24-25,-19,-9.210340371976182,-3.5795799868397453,-3.5807181559773262
male,24-25,-18,-9.210340371976182,-3.5795799868397453,-3.5807181559773262
male,24-25,-17,-9.210340371976182,-3.5795799868397458,-3.5807181559773267
male,24-25,-16,-9.210340371976182,-3.5795799868397453,-3.5807181559773262
male,24-25,-15,-9.210340371976182,-3.5795799868397458,-3.5807181559773267
male,24-25,-14,-9.210340371976182,-3.5795799868397453,-3.5807181559773262
male,24-25,-13,-9.210340371976182,-3.5795799868397453,-3.5807181559773262
male,24-25,-12,-9.210340371976182,-3.5795799868397458,-3.5807181559773267
male,24-25,-11,-9.210340371976182,-3.579579986839745,-3.580718155977326
male,24-25,-10,-9.210340371976182,-3.579579986838135,-3.580718155975716
male,24-25,-9,-9.210340371976182,-3.579579981187768,-3.580718150325349
male,24-25,-8,-9.210340371976182,-3.5795601508674126,-3.5806983200049936
male,24-25,-7,-3.5795828923458237,-3.5141702289140926,-3.5153083980516735
male,24-25,-6,-2.3777935027374615,-2.3489118568952665,-2.3500500260328474
male,24-25,-5,-1.2047704174878773,-1.1878813927919458,-1.189019561929527
male,24-25,-4,-0.18746650205530418,-0.17849398967256816,-0.17963215881014924
male,24-25,-3,0.6001051203156016,0.607263530843066,0.6061253617054848
male,24-25,-2,1.289922592474519,1.2950743363053472,1.293936167167766
male,24-25,-1,1.9026369879832776,1.8991246073214967,1.8979864381839155
male,24-25,0,2.142303759532941,2.1315675905069718,2.130429421369391
male,24-25,1,1.537373340897405,1.5432321969964906,1.5420940278589095
male,24-25,2,0.7328364866430019,0.7473982813129502,0.746260112175369
male,24-25,3,0.126518509911788,0.13545048442952193,0.13431231529194085
male,24-25,4,-0.329764928837725,-0.32357983486695935,-0.32471800400454043
male,24-25,5,-0.6205381291749922,-0.619397180422207,-0.6205353495597882
male,24-25,6,-0.9787042187878445,-0.9749294464408563,-0.9760676155784375
male,24-25,7,-1.2627239415819917,-1.2604366831430993,-1.2615748522806804
male,24-25,8,-1.5237859323766316,-1.5201014243795408,-1.521239593517122
male,24-25,9,-1.6237150324033975,-1.6200765706657756,-1.6212147398033567
male,24-25,10,-1.5119948718609075,-1.5222494267897855,-1.5233875959273666
male,24-25,11,-2.3055669505975596,-2.2853031750026793,-2.2864413441402602
male,24-25,12,-2.3467210606017446,-2.345885945970015,-2.347024115107596
male,24-25,13,-2.339830033344664,-2.3445316964674476,-2.3456698656050285
male,24-25,14,-2.678146465206948,-2.6711959768099587,-2.6723341459475396
male,24-25,15,-2.6632678533902716,-2.6673879800836606,-2.6685261492212415
male,24-25,16,-2.941702154956573,-2.932259349131972,-2.933397518269553
male,24-25,17,-2.712363844249534,-2.720442471136092,-2.721580640273673
male,24-25,18,-3.050161722812318,-3.0459798297247245,-3.0471179988623054
male,24-25,19,-3.2177708556605586,-3.218181747772315,-3.219319916909896
male,24-25,20,-3.4639463990738273,-3.4579963593102927,-3.4591345284478736
male,24-25,21,-3.3856191972601977,-3.3944357480795886,-3.3955739172171695
male,24-25,22,-4.02047606695672,-3.993413506379588,-3.994551675517169
male,24-25,23,-3.4489482128862488,-3.465724497189857,-3.466862666327438
male,24-25,24,-4.310062063758454,-4.290421708931472,-4.291559878069053
male,24-25,25,-4.44426412479827,-4.446871470019024,-4.448009639156606
male,24-25,26,-4.791715272348501,-4.776241616290791,-4.777379785428372
male,24-25,27,-4.355123813185715,-4.376901064711468,-4.37803923384905
male,24-25,28,-7.27183588235858,-6.834937801020832,-6.836075970158413
male,24-25,29,-4.4289100750226496,-4.443360823635173,-4.444498992772754
male,24-25,30,-4.380909957076985,-4.387375087389336,-4.388513256526918
male,24-25,31,-4.811729896110579,-4.816249852668787,-4.8173880218063685
male,24-25,32,-6.422637414652331,-6.298622773665805,-6.2997609428033865
male,24-25,33,-4.807194720564687,-4.8183647745909415,-4.819502943728523
male,24-25,34,-4.7188200323152465,-4.737406694383573,-4.738544863521154
male,24-25,35,-9.210340371976182,-8.30288614493551,-8.304024314073091
male,24-25,36,-5.026837776478992,-5.032606600954932,-5.033744770092514
male,24-25,37,-4.53109772127381,-4.538459186002702,-4.539597355140283
male,24-25,38,-4.588422424548695,-4.599862330747269,-4.60100049988485
male,24-25,39,-6.013862499176637,-5.961222083096927,-5.962360252234508
male,24-25,40,-5.886356272187281,-5.845108885243538,-5.846247054381119
male,24-25,41,-4.5636271464808384,-4.585108266485355,-4.586246435622936
male,24-25,42,-5.385919160255997,-5.35791635048609,-5.359054519623672
male,24-25,43,-5.012781238768099,-5.031431896890676,-5.032570066028257
male,24-25,44,-6.776005892093251,-6.71431428834142,-6.715452457479001
male,24-25,45,-9.210340371976182,-9.210340371976182,-9.211478541113763
male,24-25,46,-6.207650711751063,-6.244451251710658,-6.24558942084824
male,24-25,47,-9.210340371976182,-6.207658487946487,-6.2087966570840685
male,24-25,48,-9.210340371976182,-6.207647809286976,-6.208785978424557
male,24-25,49,-9.210340371976182,-6.207647806244284,-6.208785975381866
male,24-25,50,-9.210340371976182,-6.2076478062434175,-6.208785975380999
male,24-25,51,-9.210340371976182,-6.207647806243417,-6.208785975380998
male,24-25,52,-9.210340371976182,-6.207647806243417,-6.208785975380998
male,26-27,-52,-9.210340371976182,-9.210340371976182,-9.211438941840246
male,26-27,-51,-9.210340371976182,-9.210340371976182,-9.211438941840246
male,26-27,-50,-9.210340371976182,-9.210340371976182,-9.211438941840246
male,26-27,-49,-9.210340371976182,-9.210340371976182,-9.211438941840246
male,26-27,-48,-9.210340371976182,-9.210340371976182,-9.211438941840246
male,26-27,-47,-9.210340371976182,-9.210340371976182,-9.211438941840246
male,26-27,-46,-9.210340371976182,-9.210340371976182,-9.211438941840246
male,26-27,-45,-9.210340371976182,-9.210340371976182,-9.211438941840246
male,26-27,-44,-9.210340371976182,-9.210340371976182,-9.211438941840246
male,26-27,-43,-9.210340371976182,-9.210340371976182,-9.211438941840246
male,26-27,-42,-9.210340371976182,-9.210340371976182,-9.211438941840246
male,26-27,-41,-9.210340371976182,-9.210340371976182,-9.211438941840246
male,26-27,-40,-9.210340371976182,-9.210340371976182,-9.211438941840246
male,26-27,-39,-9.210340371976182,-9.210340371976182,-9.211438941840246
male,26-27,-38,-9.210340371976182,-9.210340371976182,-9.211438941840246
male,26-27,-37,-9.210340371976182,-9.210340371976182,-9.211438941840246
male,26-27,-36,-9.210340371976182,-9.210340371976182,-9.211438941840246
male,26-27,-35,-9.210340371976182,-9.210340371976182,-9.211438941840246
male,26-27,-34,-9.210340371976182,-9.210340371976182,-9.211438941840246
male,26-27,-33,-9.210340371976182,-9.210340371976182,-9.211438941840246
male,26-27,-32,-9.210340371976182,-9.210340371976182,-9.211438941840246
male,26-27,-31,-9.210340371976182,-9.210340371976182,-9.211438941840246
male,26-27,-30,-9.210340371976182,-9.210340371976182,-9.211438941840246
male,26-27,-29,-9.210340371976182,-9.210340371976182,-9.211438941840246
male,26-27,-28,-9.210340371976182,-9.210340371976182,-9.211438941840246
male,26-27,-27,-9.210340371976182,-9.210340371976182,-9.211438941840246
male,26-27,-26,-9.210340371976182,-9.210340371976182,-9.211438941840246
male,26-27,-25,-9.210340371976182,-9.210340371976182,-9.211438941840246
male,26-27,-24,-9.210340371976182,-9.210340371976182,-9.211438941840246
male,26-27,-23,-9.210340371976182,-9.210340371976182,-9.211438941840246
male,26-27,-22,-9.210340371976182,-4.809285912177606,-4.810384482041671
male,26-27,-21,-9.210340371976182,-4.809285912177606,-4.810384482041671
male,26-27,-20,-9.210340371976182,-4.809285912177606,-4.810384482041671
male,26-27,-19,-9.210340371976182,-4.809285912177606,-4.810384482041671
male,26-27,-18,-9.210340371976182,-4.809285912177606,-4.810384482041671
male,26-27,-17,-9.210340371976182,-4.809285912177606,-4.810384482041671
male,26-27,-16,-9.210340371976182,-4.809285912177606,-4.810384482041671
male,26-27,-15,-9.210340371976182,-4.809285912177606,-4.810384482041671
male,26-27,-14,-9.210340371976182,-4.809285912177606,-4.810384482041671
male,26-27,-13,-9.210340371976182,-4.8092859121776055,-4.81038448204167
male,26-27,-12,-9.210340371976182,-4.809285912174806,-4.81038448203887
male,26-27,-11,-9.210340371976182,-4.809285902348016,-4.81038447221208
male,26-27,-10,-9.210340371976182,-4.809251414864959,-4.810349984729023
male,26-27,-9,-4.809288751553381,-4.698197687785081,-4.699296257649145
male,26-27,-8,-3.2059900765990523,-3.193205575015439,-3.1943041448795033
male,26-27,-7,-2.3953176938324594,-2.367448477268414,-2.3685470471324783
male,26-27,-6,-1.1993323400787923,-1.191146519135674,-1.192245088999738
male,26-27,-5,-0.41453257895302614,-0.4084628597103773,-0.40956142957444136
male,26-27,-4,0.22946450324121703,0.23814074424981235,0.23704217438574832
male,26-27,-3,0.9367364216048356,0.9389328599728136,0.9378342901087496
male,26-27,-2,1.456149911870201,1.458116960541744,1.45701839067768
male,26-27,-1,1.9066641657963868,1.904029700861627,1.902931130997563
male,26-27,0,2.1174132900658806,2.1068413110997097,2.1057427412356455
male,26-27,1,1.480898260363144,1.4890101891130705,1.4879116192490065
male,26-27,2,0.8163747862124588,0.8257240423401644,0.8246254724761004
male,26-27,3,0.20164379273067393,0.21199197109018175,0.21089340122611772
male,26-27,4,-0.11074262244215438,-0.10792010369619241,-0.10901867356025643
male,26-27,5,-0.3815820419832735,-0.38021033046703817,-0.3813089003311022
male,26-27,6,-0.6971725281365642,-0.6950507824335771,-0.6961493522976411
male,26-27,7,-1.0236986170371858,-1.0179418873942376,-1.0190404572583016
male,26-27,8,-1.0824983722136545,-1.0882210714609855,-1.0893196413250494
male,26-27,9,-1.6650363251866491,-1.6524688478265537,-1.6535674176906177
male,26-27,10,-1.7414730049100446,-1.7402458220783878,-1.7413443919424518
male,26-27,11,-1.750546853835347,-1.756189762161803,-1.757288332025867
male,26-27,12,-2.2018021626212705,-2.1947849281140104,-2.1958834979780746
male,26-27,13,-2.367886843907869,-2.3656914359751546,-2.366790005839219
male,26-27,14,-2.416000136315672,-2.4156822391787056,-2.41678080904277
male,26-27,15,-2.4484495651723828,-2.449406609891436,-2.4505051797555004
male,26-27,16,-2.5467283899252555,-2.5487140700461377,-2.549812639910202
male,26-27,17,-2.8109407361639187,-2.8109748721409966,-2.812073442005061
male,26-27,18,-3.1975928394907918,-3.190041518505321,-3.191140088369385
male,26-27,19,-3.2183313824260544,-3.2219949746594616,-3.223093544523526
male,26-27,20,-3.5075867086188905,-3.506078386786256,-3.50717695665032
male,26-27,21,-3.7942497881623236,-3.7914585927324085,-3.7925571625964727
male,26-27,22,-3.964833913677682,-3.9547184637468327,-3.955817033610897
male,26-27,23,-3.6118388370389565,-3.627446255271337,-3.628544825135401
male,26-27,24,-4.668171527388506,-4.634639255570023,-4.635737825434087
male,26-27,25,-4.453041196998423,-4.467408485470771,-4.468507055334835
male,26-27,26,-5.552043041159777,-5.446122629301981,-5.447221199166045
male,26-27,27,-3.7928269491758093,-3.8149312604217185,-3.8160298302857827
male,26-27,28,-4.535969051836971,-4.526586591917423,-4.527685161781487
male,26-27,29,-5.296752754837259,-5.251389871491319,-5.252488441355383
male,26-27,30,-4.318814137530067,-4.327140108888778,-4.328238678752842
male,26-27,31,-4.224068966795594,-4.237009355268934,-4.238107925132998
male,26-27,32,-5.381837279037211,-5.348454245776122,-5.349552815640187
male,26-27,33,-5.440152966609231,-5.442367489863576,-5.4434660597276405
male,26-27,34,-5.6519923092148465,-5.655231280768265,-5.656329850632329
male,26-27,35,-6.222960252207834,-6.210971158411891,-6.212069728275956
male,26-27,36,-6.261579926140656,-6.274504850795267,-6.275603420659332
male,26-27,37,-8.035664619212094,-7.678411534380527,-7.679510104244591
male,26-27,38,-4.919278643689106,-4.951572558633285,-4.952671128497349
male,26-27,39,-9.210340371976182,-8.835593603036076,-8.83669217290014
male,26-27,40,-6.510405905467366,-6.526382804282542,-6.527481374146606
male,26-27,41,-6.4694959637559295,-6.471694460328758,-6.472793030192822
male,26-27,42,-6.569737319084408,-6.584494446447976,-6.58559301631204
male,26-27,43,-9.210340371976182,-9.210340371976182,-9.211438941840246
male,26-27,44,-6.8640243211649095,-6.900014679119917,-6.9011132489839815
male,26-27,45,-9.210340371976182,-6.864031924111831,-6.8651304939758955
male,26-27,46,-9.210340371976182,-6.86402148476321,-6.865120054627274
male,26-27,47,-9.210340371976182,-6.864021481788706,-6.86512005165277
male,26-27,48,-9.210340371976182,-6.864021481787859,-6.865120051651923
male,26-27,49,-9.210340371976182,-6.864021481787858,-6.865120051651922
male,26-27,50,-9.210340371976182,-6.864021481787858,-6.865120051651922
male,26-27,51,-9.210340371976182,-6.864021481787858,-6.865120051651922
male,26-27,52,-9.210340371976182,-6.864021481787858,-6.865120051651922
male,28-29,-52,-9.210340371976182,-9.210340371976182,-9.211252877309157
male,28-29,-51,-9.210340371976182,-9.210340371976182,-9.211252877309157
male,28-29,-50,-9.210340371976182,-9.210340371976182,-9.211252877309157
male,28-29,-49,-9.210340371976182,-9.210340371976182,-9.211252877309157
male,28-29,-48,-9.210340371976182,-9.210340371976182,-9.211252877309157
male,28-29,-47,-9.210340371976182,-9.210340371976182,-9.211252877309157
male,28-29,-46,-9.210340371976182,-9.210340371976182,-9.211252877309157
male,28-29,-45,-9.210340371976182,-9.210340371976182,-9.211252877309157
male,28-29,-44,-9.210340371976182,-9.210340371976182,-9.211252877309157
male,28-29,-43,-9.210340371976182,-9.210340371976182,-9.211252877309157
male,28-29,-42,-9.210340371976182,-9.210340371976182,-9.211252877309157
male,28-29,-41,-9.210340371976182,-9.210340371976182,-9.211252877309157
male,28-29,-40,-9.210340371976182,-9.210340371976182,-9.211252877309157
male,28-29,-39,-9.210340371976182,-9.210340371976182,-9.211252877309157
male,28-29,-38,-9.210340371976182,-9.210340371976182,-9.211252877309157
male,28-29,-37,-9.210340371976182,-9.210340371976182,-9.211252877309157
male,28-29,-36,-9.210340371976182,-9.210340371976182,-9.211252877309157
male,28-29,-35,-9.210340371976182,-9.210340371976182,-9.211252877309157
male,28-29,-34,-9.210340371976182,-9.210340371976182,-9.211252877309157
male,28-29,-33,-9.210340371976182,-9.210340371976182,-9.211252877309157
male,28-29,-32,-9.210340371976182,-9.210340371976182,-9.211252877309157
male,28-29,-31,-9.210340371976182,-9.210340371976182,-9.211252877309157
male,28-29,-30,-9.210340371976182,-9.210340371976182,-9.211252877309157
male,28-29,-29,-9.210340371976182,-9.210340371976182,-9.211252877309157
male,28-29,-28,-9.210340371976182,-9.210340371976182,-9.211252877309157
male,28-29,-27,-9.210340371976182,-9.210340371976182,-9.211252877309157
male,28-29,-26,-9.210340371976182,-9.210340371976182,-9.211252877309157
male,28-29,-25,-9.210340371976182,-9.210340371976182,-9.211252877309157
male,28-29,-24,-9.210340371976182,-9.210340371976182,-9.211252877309157
male,28-29,-23,-9.210340371976182,-9.210340371976182,-9.211252877309157
male,28-29,-22,-9.210340371976182,-9.210340371976182,-9.211252877309157
male,28-29,-21,-9.210340371976182,-9.210340371976182,-9.211252877309157
male,28-29,-20,-9.210340371976182,-5.044967368665455,-5.04587987399843
male,28-29,-19,-9.210340371976182,-5.044967368665454,-5.045879873998429
male,28-29,-18,-9.210340371976182,-5.044967368665455,-5.04587987399843
male,28-29,-17,-9.210340371976182,-5.044967368665455,-5.04587987399843
male,28-29,-16,-9.210340371976182,-5.044967368665454,-5.045879873998429
male,28-29,-15,-9.210340371976182,-5.044967368665454,-5.045879873998429
male,28-29,-14,-9.210340371976182,-5.044967368665455,-5.04587987399843
male,28-29,-13,-9.210340371976182,-5.044967368665454,-5.045879873998429
male,28-29,-12,-9.210340371976182,-5.044967368439899,-5.045879873772874
male,28-29,-11,-5.04496953126959,-5.04296630830687,-5.043878813639845
male,28-29,-10,-3.6083098756640646,-3.6081648856437463,-3.6090773909767218
male,28-29,-9,-2.99309681527296,-2.9926514709196366,-2.993563976252612
male,28-29,-8,-1.9666556496239238,-1.966539733716867,-1.9674522390498423
male,28-29,-7,-1.2916690901391896,-1.2915845793072562,-1.2924970846402315
male,28-29,-6,-0.7523869344455533,-0.7521630519750794,-0.7530755573080546
male,28-29,-5,-0.015465422411118817,-0.015412850443435289,-0.0163253557764106
male,28-29,-4,0.5188091482210188,0.5189052545517007,0.5179927492187254
male,28-29,-3,1.0738896512223768,1.0739353417261328,1.0730228363931575
male,28-29,-2,1.5531557604484478,1.553171973099278,1.5522594677663026
male,28-29,-1,1.944651726713104,1.9445934569328736,1.9436809515998983
male,28-29,0,2.108418484115351,2.108228181544613,2.1073156762116376
male,28-29,1,1.5436013920059546,1.543724091267623,1.5428115859346478
male,28-29,2,0.919721398515788,0.9199062030700166,0.9189936977370413
male,28-29,3,0.38883534798220115,0.3890111819567461,0.3880986766237708
male,28-29,4,0.08440477512285804,0.0844360394853902,0.0835235341524149
male,28-29,5,-0.28326596662313347,-0.2831769578938707,-0.28408946322684603
male,28-29,6,-0.5338408198905588,-0.5338136386942334,-0.5347261440272086
male,28-29,7,-0.8099836591192164,-0.8099278536154816,-0.8108403589484569
male,28-29,8,-1.0206759599871955,-1.0206831718423024,-1.0215956771752777
male,28-29,9,-1.3555088665490633,-1.3554068410605191,-1.3563193463934944
male,28-29,10,-1.4783411343215112,-1.47833338463451,-1.4792458899674852
male,28-29,11,-1.6031314933272487,-1.6031488508842622,-1.6040613562172374
male,28-29,12,-1.8205935260399366,-1.820588371985522,-1.8215008773184973
male,28-29,13,-2.102330754046363,-2.1022279725530546,-2.10314047788603
male,28-29,14,-2.136524205995088,-2.1366605151351727,-2.1375730204681482
male,28-29,15,-2.7535955325803947,-2.7532784711020684,-2.754190976435044
male,28-29,16,-2.691427315721117,-2.6914512780966375,-2.692363783429613
male,28-29,17,-2.7082665651898616,-2.708249912774736,-2.7091624181077116
male,28-29,18,-2.682321447428767,-2.6824017715643693,-2.683314276897345
male,28-29,19,-2.9291692994131204,-2.929226475799143,-2.9301389811321186
male,28-29,20,-3.5240353296917255,-3.523797636847844,-3.5247101421808193
male,28-29,21,-3.622492612227482,-3.622506002234398,-3.6234185075673735
male,28-29,22,-3.778021119570108,-3.7780369278259185,-3.778949433158894
male,28-29,23,-4.027374234703638,-4.027437485808073,-4.028349991141048
male,28-29,24,-4.664460381192835,-4.663291581993674,-4.664204087326649
male,28-29,25,-3.3918685536362547,-3.3922536995070693,-3.393166204840045
male,28-29,26,-3.9850139513348557,-3.9849805737831474,-3.985893079116123
male,28-29,27,-5.27967689611875,-5.278332786589575,-5.27924529192255
male,28-29,28,-4.443323216819968,-4.443777766372772,-4.444690271705747
male,28-29,29,-5.961599397323553,-5.960398092912267,-5.961310598245242
male,28-29,30,-5.843746575324045,-5.843212195473699,-5.844124700806674
male,28-29,31,-4.878138494002534,-4.87867478125678,-4.879587286589755
male,28-29,32,-9.210340371976182,-9.210340371976182,-9.211252877309157
male,28-29,33,-6.550210342492034,-6.548748493105306,-6.549660998438281
male,28-29,34,-4.696940139800214,-4.697080116436098,-4.697992621769073
male,28-29,35,-4.343511237973255,-4.343918708559092,-4.344831213892067
male,28-29,36,-6.996596904970615,-6.9909703183000405,-6.9918828236330155
male,28-29,37,-5.473984868769766,-5.474552356135763,-5.475464861468738
male,28-29,38,-7.932611807400275,-7.9277741342576435,-7.928686639590619
male,28-29,39,-6.389253976572034,-6.389265796469409,-6.390178301802384
male,28-29,40,-5.821727675552099,-5.822162822992222,-5.8230753283251975
male,28-29,41,-7.7975084177809535,-7.795593803148362,-7.796506308481337
male,28-29,42,-9.210340371976182,-9.210340371976182,-9.211252877309157
male,28-29,43,-9.210340371976182,-9.210340371976182,-9.211252877309157
male,28-29,44,-9.210340371976182,-9.210340371976182,-9.211252877309157
male,28-29,45,-9.210340371976182,-9.210340371976182,-9.211252877309157
male,28-29,46,-9.210340371976182,-9.210340371976182,-9.211252877309157
male,28-29,47,-9.210340371976182,-9.210340371976182,-9.211252877309157
male,28-29,48,-9.210340371976182,-9.210340371976182,-9.211252877309157
male,28-29,49,-9.210340371976182,-9.210340371976182,-9.211252877309157
male,28-29,50,-9.210340371976182,-9.210340371976182,-9.211252877309157
male,28-29,51,-9.210340371976182,-9.210340371976182,-9.211252877309157
male,28-29,52,-9.210340371976182,-9.210340371976182,-9.211252877309157
male,30-31,-52,-9.210340371976182,-9.210340371976182,-9.211186016663419
male,30-31,-51,-9.210340371976182,-9.210340371976182,-9.211186016663419
male,30-31,-50,-9.210340371976182,-9.210340371976182,-9.211186016663419
male,30-31,-49,-9.210340371976182,-9.210340371976182,-9.211186016663419
male,30-31,-48,-9.210340371976182,-9.210340371976182,-9.211186016663419
male,30-31,-47,-9.210340371976182,-9.210340371976182,-9.211186016663419
male,30-31,-46,-9.210340371976182,-9.210340371976182,-9.211186016663419
male,30-31,-45,-9.210340371976182,-9.210340371976182,-9.211186016663419
male,30-31,-44,-9.210340371976182,-9.210340371976182,-9.211186016663419
male,30-31,-43,-9.210340371976182,-9.210340371976182,-9.211186016663419
male,30-31,-42,-9.210340371976182,-9.210340371976182,-9.211186016663419
male,30-31,-41,-9.210340371976182,-9.210340371976182,-9.211186016663419
male,30-31,-40,-9.210340371976182,-9.210340371976182,-9.211186016663419
male,30-31,-39,-9.210340371976182,-9.210340371976182,-9.211186016663419
male,30-31,-38,-9.210340371976182,-9.210340371976182,-9.211186016663419
male,30-31,-37,-9.210340371976182,-9.210340371976182,-9.211186016663419
male,30-31,-36,-9.210340371976182,-9.210340371976182,-9.211186016663419
male,30-31,-35,-9.210340371976182,-9.210340371976182,-9.211186016663419
male,30-31,-34,-9.210340371976182,-9.210340371976182,-9.211186016663419
male,30-31,-33,-9.210340371976182,-9.210340371976182,-9.211186016663419
male,30-31,-32,-9.210340371976182,-9.210340371976182,-9.211186016663419
male,30-31,-31,-9.210340371976182,-9.210340371976182,-9.211186016663419
male,30-31,-30,-9.210340371976182,-9.210340371976182,-9.211186016663419
male,30-31,-29,-9.210340371976182,-9.210340371976182,-9.211186016663419
male,30-31,-28,-9.210340371976182,-9.210340371976182,-9.211186016663419
male,30-31,-27,-9.210340371976182,-9.210340371976182,-9.211186016663419
male,30-31,-26,-9.210340371976182,-9.210340371976182,-9.211186016663419
male,30-31,-25,-9.210340371976182,-9.210340371976182,-9.211186016663419
male,30-31,-24,-9.210340371976182,-9.210340371976182,-9.211186016663419
male,30-31,-23,-9.210340371976182,-9.210340371976182,-9.211186016663419
male,30-31,-22,-9.210340371976182,-4.913863064955764,-4.914708709643002
male,30-31,-21,-9.210340371976182,-4.9138630649557635,-4.914708709643001
male,30-31,-20,-9.210340371976182,-4.913863064955764,-4.914708709643002
male,30-31,-19,-9.210340371976182,-4.9138630649557635,-4.914708709643001
male,30-31,-18,-9.210340371976182,-4.9138630649557635,-4.914708709643001
male,30-31,-17,-9.210340371976182,-4.9138630649557635,-4.914708709643001
male,30-31,-16,-9.210340371976182,-4.9138630649557635,-4.914708709643001
male,30-31,-15,-9.210340371976182,-4.9138630649557635,-4.914708709643001
male,30-31,-14,-9.210340371976182,-4.913863064924654,-4.914708709611892
male,30-31,-13,-4.913864445297864,-4.913586837283187,-4.914432481970425
male,30-31,-12,-4.558306134591172,-4.557707637850204,-4.558553282537442
male,30-31,-11,-3.470325358727365,-3.4700113473103538,-3.4708569919975916
male,30-31,-10,-2.5128346670120223,-2.5128416904208026,-2.5136873351080404
male,30-31,-9,-2.0575689149099143,-2.057404108914306,-2.058249753601544
male,30-31,-8,-1.4569375557294586,-1.4567878386921362,-1.4576334833793738
male,30-31,-7,-0.8186438076895517,-0.8185537459986741,-0.8193993906859118
male,30-31,-6,-0.24929373518838982,-0.2492203056213452,-0.25006595030858286
male,30-31,-5,0.2766505192662733,0.27670362475262733,0.2758579800653897
male,30-31,-4,0.7589776134591649,0.7590612798360951,0.7582156351488574
male,30-31,-3,1.288451918813765,1.2884371023234544,1.2875914576362169
male,30-31,-2,1.6386707740300925,1.638690819121914,1.6378451744346765
male,30-31,-1,1.969223372564749,1.9691700702782924,1.9683244255910548
male,30-31,0,2.1010790338428493,2.1009093090812665,2.1000636643940287
male,30-31,1,1.5648542320872283,1.5649734946409586,1.564127849953721
male,30-31,2,0.9617491747166574,0.9619374991103976,0.9610918544231599
male,30-31,3,0.543442713076404,0.5435115231137264,0.5426658784264887
male,30-31,4,0.08655037430744204,0.08672135197688315,0.0858757072896455
male,30-31,5,-0.03275322500838112,-0.03279356192054633,-0.03363920660778399
male,30-31,6,-0.3540727592045879,-0.3540005947511601,-0.3548462394383977
male,30-31,7,-0.5719370785229133,-0.5719072158059667,-0.5727528604932044
male,30-31,8,-0.7593802173580143,-0.7593950365395354,-0.7602406812267731
male,30-31,9,-1.0605402256420042,-1.0604652977455598,-1.0613109424327973
male,30-31,10,-1.2055682084210817,-1.205612936248962,-1.2064585809361996
male,30-31,11,-1.5690702757312192,-1.5689807136288203,-1.5698263583160579
male,30-31,12,-1.778054892348705,-1.7780784771872267,-1.7789241218744642
male,30-31,13,-2.1608124658305363,-2.160660719887309,-2.1615063645745467
male,30-31,14,-2.1928712509072628,-2.1928879084915094,-2.193733553178747
male,30-31,15,-2.2870537776801263,-2.287093192542275,-2.287938837229513
male,30-31,16,-2.5468671838902357,-2.546838072324413,-2.5476837170116506
male,30-31,17,-2.7953554529262865,-2.7952328233437895,-2.7960784680310273
male,30-31,18,-2.7187875836052977,-2.7188662888635426,-2.7197119335507804
male,30-31,19,-2.8938189981038183,-2.8938149333390397,-2.8946605780262775
male,30-31,20,-3.0851206107722957,-3.0851675503268163,-3.086013195014054
male,30-31,21,-3.522546794113618,-3.5222806352144618,-3.5231262799016996
male,30-31,22,-3.3128242405735864,-3.313025780911495,-3.313871425598733
male,30-31,23,-3.8467718277566885,-3.8467105740310523,-3.84755621871829
male,30-31,24,-4.581219924921595,-4.580889382115018,-4.581735026802256
male,30-31,25,-4.696567837503843,-4.696567718757909,-4.697413363445147
male,30-31,26,-4.829953404366647,-4.829775517716075,-4.830621162403313
male,30-31,27,-4.511887867381862,-4.512228498906058,-4.513074143593296
male,30-31,28,-5.863483718567841,-5.862394655572304,-5.863240300259542
male,30-31,29,-5.511870317719137,-5.511903673467673,-5.512749318154911
male,30-31,30,-5.347464174664657,-5.347658249756885,-5.348503894444123
male,30-31,31,-5.922671903251123,-5.921732310492017,-5.922577955179255
male,30-31,32,-4.817448089803039,-4.817846746275767,-4.818692390963005
male,30-31,33,-5.564139119815513,-5.5639585621858565,-5.564804206873094
male,30-31,34,-6.448642703285821,-6.447969416501172,-6.44881506118841
male,30-31,35,-5.989921487639285,-5.990213281817578,-5.991058926504816
male,30-31,36,-6.696774736052422,-6.6965936601548925,-6.69743930484213
male,30-31,37,-7.410060456998783,-7.410036957087179,-7.410882601774417
male,30-31,38,-9.210340371976182,-9.210340371976182,-9.211186016663419
male,30-31,39,-6.637231550057634,-6.6374746118623555,-6.638320256549593
male,30-31,40,-6.20215419890576,-6.2023943644730135,-6.203240009160251
male,30-31,41,-9.210340371976182,-6.202152818589981,-6.202998463277218
male,30-31,42,-9.210340371976182,-6.202152818562783,-6.202998463250021
male,30-31,43,-9.210340371976182,-6.202152818562783,-6.202998463250021
male,30-31,44,-9.210340371976182,-6.202152818562783,-6.202998463250021
male,30-31,45,-9.210340371976182,-6.202152818562783,-6.202998463250021
male,30-31,46,-9.210340371976182,-6.202152818562783,-6.202998463250021
male,30-31,47,-9.210340371976182,-6.202152818562783,-6.202998463250021
male,30-31,48,-9.210340371976182,-6.202152818562783,-6.202998463250021
male,30-31,49,-9.210340371976182,-6.202152818562782,-6.20299846325002
male,30-31,50,-9.210340371976182,-9.210340371976182,-9.211186016663419
male,30-31,51,-9.210340371976182,-9.210340371976182,-9.211186016663419
male,30-31,52,-9.210340371976182,-9.210340371976182,-9.211186016663419
male,32-33,-52,-9.210340371976182,-9.210340371976182,-9.21160424412066
male,32-33,-51,-9.210340371976182,-9.210340371976182,-9.21160424412066
male,32-33,-50,-9.210340371976182,-9.210340371976182,-9.21160424412066
male,32-33,-49,-9.210340371976182,-9.210340371976182,-9.21160424412066
male,32-33,-48,-9.210340371976182,-9.210340371976182,-9.21160424412066
male,32-33,-47,-9.210340371976182,-9.210340371976182,-9.21160424412066
male,32-33,-46,-9.210340371976182,-9.210340371976182,-9.21160424412066
male,32-33,-45,-9.210340371976182,-9.210340371976182,-9.21160424412066
male,32-33,-44,-9.210340371976182,-9.210340371976182,-9.21160424412066
male,32-33,-43,-9.210340371976182,-9.210340371976182,-9.21160424412066
male,32-33,-42,-9.210340371976182,-9.210340371976182,-9.21160424412066
male,32-33,-41,-9.210340371976182,-9.210340371976182,-9.21160424412066
male,32-33,-40,-9.210340371976182,-9.210340371976182,-9.21160424412066
male,32-33,-39,-9.210340371976182,-9.210340371976182,-9.21160424412066
male,32-33,-38,-9.210340371976182,-9.210340371976182,-9.21160424412066
male,32-33,-37,-9.210340371976182,-9.210340371976182,-9.21160424412066
male,32-33,-36,-9.210340371976182,-9.210340371976182,-9.21160424412066
male,32-33,-35,-9.210340371976182,-9.210340371976182,-9.21160424412066
male,32-33,-34,-9.210340371976182,-9.210340371976182,-9.21160424412066
male,32-33,-33,-9.210340371976182,-9.210340371976182,-9.21160424412066
male,32-33,-32,-9.210340371976182,-9.210340371976182,-9.21160424412066
male,32-33,-31,-9.210340371976182,-9.210340371976182,-9.21160424412066
male,32-33,-30,-9.210340371976182,-9.210340371976182,-9.21160424412066
male,32-33,-29,-9.210340371976182,-9.210340371976182,-9.21160424412066
male,32-33,-28,-9.210340371976182,-9.210340371976182,-9.21160424412066
male,32-33,-27,-9.210340371976182,-9.210340371976182,-9.21160424412066
male,32-33,-26,-9.210340371976182,-9.210340371976182,-9.21160424412066
male,32-33,-25,-9.210340371976182,-9.210340371976182,-9.21160424412066
male,32-33,-24,-9.210340371976182,-5.312561356292275,-5.313825228436752
male,32-33,-23,-9.210340371976182,-5.312561356292275,-5.313825228436752
male,32-33,-22,-9.210340371976182,-5.312561356292275,-5.313825228436752
male,32-33,-21,-9.210340371976182,-5.312561356292275,-5.313825228436752
male,32-33,-20,-9.210340371976182,-5.312561356292275,-5.313825228436752
male,32-33,-19,-9.210340371976182,-5.312561356292275,-5.313825228436752
male,32-33,-18,-9.210340371976182,-5.312561356292275,-5.313825228436752
male,32-33,-17,-9.210340371976182,-5.312561356292275,-5.313825228436752
male,32-33,-16,-9.210340371976182,-5.3125613563035685,-5.313825228448045
male,32-33,-15,-5.312564829012113,-5.312661647852772,-5.313925519997248
male,32-33,-14,-5.48167714201346,-5.480839951655848,-5.482103823800324
male,32-33,-13,-4.2495388998710295,-4.249148857508167,-4.250412729652643
male,32-33,-12,-3.195181547845389,-3.1950650000838774,-3.1963288722283543
male,32-33,-11,-2.520214915052064,-2.520138609547787,-2.521402481692264
male,32-33,-10,-2.0034936594648856,-2.003366082469162,-2.004629954613639
male,32-33,-9,-1.4326667303184935,-1.4325564303839855,-1.4338203025284624
male,32-33,-8,-0.8549918916781007,-0.8549468856791623,-0.8562107578236391
male,32-33,-7,-0.38481269018679776,-0.38473881143859134,-0.38600268358306816
male,32-33,-6,0.11009003317720963,0.11013896379507575,0.10887509165059896
male,32-33,-5,0.573202448511279,0.5732366266466274,0.5719727545021507
male,32-33,-4,0.9938867808588844,0.9939423080021179,0.9926784358576412
male,32-33,-3,1.4324761445031335,1.432452865430451,1.431188993285974
male,32-33,-2,1.7039300919011737,1.703950366034685,1.7026864938902082
male,32-33,-1,1.990593173855381,1.99054603065139,1.9892821585069131
male,32-33,0,2.112967630241345,2.1128020211123397,2.111538148967863
male,32-33,1,1.5969123290535847,1.5970214185654752,1.5957575464209983
male,32-33,2,1.051454799012871,1.0516102688642468,1.05034639671977
male,32-33,3,0.6455324211895317,0.6456349057702723,0.6443710336257955
male,32-33,4,0.35251070370797855,0.35254397298671286,0.35128010084223604
male,32-33,5,0.02379644740102714,0.023886328451934752,0.022622456307457958
male,32-33,6,-0.13643208321953912,-0.13646888401751298,-0.13773275616198977
male,32-33,7,-0.49127229239787623,-0.4912157507255374,-0.49247962287001423
male,32-33,8,-0.8112085584223069,-0.8111503648292374,-0.8124142369737142
male,32-33,9,-1.0700087917873562,-1.0699077114886864,-1.0711715836331632
male,32-33,10,-1.0820525737942042,-1.082193520426467,-1.0834573925709439
male,32-33,11,-1.6903757667134844,-1.6900526163807297,-1.6913164885252066
male,32-33,12,-1.6000897351853673,-1.6002123925895304,-1.6014762647340073
male,32-33,13,-1.9521621377823917,-1.9520447240201027,-1.9533085961645795
male,32-33,14,-2.0546920932502317,-2.054668018246191,-2.055931890390668
male,32-33,15,-2.104828419462934,-2.104911776484679,-2.106175648629156
male,32-33,16,-2.46916552402329,-2.4691237130335666,-2.4703875851780435
male,32-33,17,-2.8364375091423084,-2.836245016852205,-2.8375088889966817
male,32-33,18,-2.7111550121310994,-2.711332903816855,-2.712596775961332
male,32-33,19,-3.269446306730277,-3.269119578093877,-3.270383450238354
male,32-33,20,-3.0806221313396036,-3.0808113217777104,-3.0820751939221873
male,32-33,21,-3.5916609252380973,-3.5916077956181596,-3.5928716677626364
male,32-33,22,-4.310714474430642,-4.310066873646882,-4.311330745791358
male,32-33,23,-3.683623295271654,-3.6839946947234554,-3.6852585668679323
male,32-33,24,-4.694778213955298,-4.693858009028823,-4.695121881173299
male,32-33,25,-4.008108260842823,-4.008431955790119,-4.009695827934595
male,32-33,26,-4.670557382140997,-4.6704051269157505,-4.671668999060227
male,32-33,27,-5.283783828693904,-5.283637084980378,-5.284900957124854
male,32-33,28,-5.762848765826323,-5.761913855387994,-5.7631777275324705
male,32-33,29,-4.60179169420933,-4.602118347809626,-4.603382219954103
male,32-33,30,-4.947034156232162,-4.947060080638098,-4.948323952782575
male,32-33,31,-5.6493904070946535,-5.649180713717541,-5.650444585862018
male,32-33,32,-6.182419542524049,-6.18225354165557,-6.183517413800047
male,32-33,33,-6.440287104628276,-6.438581875538042,-6.439845747682519
male,32-33,34,-4.675546719436092,-4.6760639156017065,-4.677327787746183
male,32-33,35,-5.9565710622137535,-5.956016654049596,-5.957280526194072
male,32-33,36,-9.210340371976182,-9.210340371976182,-9.21160424412066
male,32-33,37,-9.210340371976182,-9.210340371976182,-9.21160424412066
male,32-33,38,-9.210340371976182,-9.210340371976182,-9.21160424412066
male,32-33,39,-9.210340371976182,-9.210340371976182,-9.21160424412066
male,32-33,40,-9.210340371976182,-9.210340371976182,-9.21160424412066
male,32-33,41,-9.210340371976182,-9.210340371976182,-9.21160424412066
male,32-33,42,-9.210340371976182,-9.210340371976182,-9.21160424412066
male,32-33,43,-9.210340371976182,-9.210340371976182,-9.21160424412066
male,32-33,44,-9.210340371976182,-9.210340371976182,-9.21160424412066
male,32-33,45,-9.210340371976182,-9.210340371976182,-9.21160424412066
male,32-33,46,-9.210340371976182,-9.210340371976182,-9.21160424412066
male,32-33,47,-9.210340371976182,-9.210340371976182,-9.21160424412066
male,32-33,48,-9.210340371976182,-9.210340371976182,-9.21160424412066
male,32-33,49,-9.210340371976182,-9.210340371976182,-9.21160424412066
male,32-33,50,-9.210340371976182,-9.210340371976182,-9.21160424412066
male,32-33,51,-9.210340371976182,-9.210340371976182,-9.21160424412066
male,32-33,52,-9.210340371976182,-9.210340371976182,-9.21160424412066
male,34-35,-52,-9.210340371976182,-9.210340371976182,-9.211017852794685
male,34-35,-51,-9.210340371976182,-9.210340371976182,-9.211017852794685
male,34-35,-50,-9.210340371976182,-9.210340371976182,-9.211017852794685
male,34-35,-49,-9.210340371976182,-9.210340371976182,-9.211017852794685
male,34-35,-48,-9.210340371976182,-9.210340371976182,-9.211017852794685
male,34-35,-47,-9.210340371976182,-9.210340371976182,-9.211017852794685
male,34-35,-46,-9.210340371976182,-9.210340371976182,-9.211017852794685
male,34-35,-45,-9.210340371976182,-9.210340371976182,-9.211017852794685
male,34-35,-44,-9.210340371976182,-9.210340371976182,-9.211017852794685
male,34-35,-43,-9.210340371976182,-9.210340371976182,-9.211017852794685
male,34-35,-42,-9.210340371976182,-9.210340371976182,-9.211017852794685
male,34-35,-41,-9.210340371976182,-9.210340371976182,-9.211017852794685
male,34-35,-40,-9.210340371976182,-9.210340371976182,-9.211017852794685
male,34-35,-39,-9.210340371976182,-9.210340371976182,-9.211017852794685
male,34-35,-38,-9.210340371976182,-9.210340371976182,-9.211017852794685
male,34-35,-37,-9.210340371976182,-9.210340371976182,-9.211017852794685
male,34-35,-36,-9.210340371976182,-9.210340371976182,-9.211017852794685
male,34-35,-35,-9.210340371976182,-9.210340371976182,-9.211017852794685
male,34-35,-34,-9.210340371976182,-9.210340371976182,-9.211017852794685
male,34-35,-33,-9.210340371976182,-9.210340371976182,-9.211017852794685
male,34-35,-32,-9.210340371976182,-9.210340371976182,-9.211017852794685
male,34-35,-31,-9.210340371976182,-9.210340371976182,-9.211017852794685
male,34-35,-30,-9.210340371976182,-9.210340371976182,-9.211017852794685
male,34-35,-29,-9.210340371976182,-9.210340371976182,-9.211017852794685
male,34-35,-28,-9.210340371976182,-9.210340371976182,-9.211017852794685
male,34-35,-27,-9.210340371976182,-9.210340371976182,-9.211017852794685
male,34-35,-26,-9.210340371976182,-6.216278038040343,-6.216955518858845
male,34-35,-25,-9.210340371976182,-6.216278038040343,-6.216955518858845
male,34-35,-24,-9.210340371976182,-6.216278038040343,-6.216955518858845
male,34-35,-23,-9.210340371976182,-6.216278038040343,-6.216955518858845
male,34-35,-22,-9.210340371976182,-6.216278038040343,-6.216955518858845
male,34-35,-21,-9.210340371976182,-6.216278038040343,-6.216955518858845
male,34-35,-20,-9.210340371976182,-6.216278038040343,-6.216955518858845
male,34-35,-19,-9.210340371976182,-6.216278038040343,-6.216955518858845
male,34-35,-18,-9.210340371976182,-6.2162780379651315,-6.216955518783633
male,34-35,-17,-6.216278737007635,-6.215610347141612,-6.216287827960114
male,34-35,-16,-5.507287622980438,-5.50688343397959,-5.507560914798092
male,34-35,-15,-4.594938332624969,-4.5945924960285724,-4.595269976847074
male,34-35,-14,-3.6255748972725828,-3.62540459670389,-3.626082077522392
male,34-35,-13,-2.8842796976996063,-2.8842439291727517,-2.8849214099912537
male,34-35,-12,-2.416137140762485,-2.416130373634602,-2.4168078544531038
male,34-35,-11,-2.091211892990271,-2.090958572080319,-2.091636052898821
male,34-35,-10,-1.3661117554581492,-1.3660827653159067,-1.3667602461344086
male,34-35,-9,-0.8711172311683758,-0.8710722391838525,-0.8717497200023545
male,34-35,-8,-0.41778951765973693,-0.4177316922958054,-0.4184091731143075
male,34-35,-7,0.050005035576603345,0.04999833364382701,0.049320852825324966
male,34-35,-6,0.38947565564297343,0.3895568437926482,0.38887936297414616
male,34-35,-5,0.8452248866420055,0.845233498995318,0.8445560181768159
male,34-35,-4,1.2058590970581924,1.2058840549760006,1.2052065741574987
male,34-35,-3,1.5652445770290477,1.565214185924592,1.56453670510609
male,34-35,-2,1.7917543946442618,1.7917546395300308,1.7910771587115288
male,34-35,-1,1.9962244232291269,1.99619290454542,1.9955154237269181
male,34-35,0,2.095808162338465,2.09565444283663,2.094976962018128
male,34-35,1,1.6084678919774984,1.608566436881694,1.6078889560631922
male,34-35,2,1.0944086278429037,1.0945437365483994,1.0938662557298975
male,34-35,3,0.7081403222611686,0.7082135874050101,0.707536106586508
male,34-35,4,0.38263026595222993,0.3826902672476515,0.38201278642914943
male,34-35,5,0.1363138001061739,0.13630139736403704,0.135623916545535
male,34-35,6,-0.25762416769907226,-0.2574777717697299,-0.25815525258823196
male,34-35,7,-0.3200244462555432,-0.3201291507868001,-0.32080663160530215
male,34-35,8,-0.8050978935495386,-0.8048902310885809,-0.805567711907083
male,34-35,9,-0.8187996182113999,-0.8188770469750577,-0.8195545277935598
male,34-35,10,-1.1103342238472667,-1.1102640471894358,-1.1109415280079378
male,34-35,11,-1.2648390722516392,-1.2648663468550634,-1.2655438276735653
male,34-35,12,-1.5685040584805023,-1.5684315006248857,-1.5691089814433876
male,34-35,13,-1.7294583507303818,-1.7294900585955963,-1.7301675394140983
male,34-35,14,-2.03943951405443,-2.039409043016518,-2.04008652383502
male,34-35,15,-2.3403001169049213,-2.340268118720435,-2.3409455995389368
male,34-35,16,-2.617785388069308,-2.6177447318073317,-2.6184222126258336
male,34-35,17,-2.8382101664263355,-2.838252208466227,-2.838929689284729
male,34-35,18,-3.29973563293863,-3.29949042377818,-3.300167904596682
male,34-35,19,-3.1592240346689913,-3.1592929008660615,-3.1599703816845635
male,34-35,20,-3.241057020129263,-3.241114285329543,-3.241791766148045
male,34-35,21,-3.544007059428371,-3.5440440263984603,-3.544721507216962
male,34-35,22,-4.163645342116818,-4.163455171148596,-4.164132651967098
male,34-35,23,-4.478413962722995,-4.478392901639569,-4.479070382458071
male,34-35,24,-4.824541712814527,-4.824525362375412,-4.825202843193914
male,34-35,25,-5.247781400610646,-5.247267395879587,-5.247944876698089
male,34-35,26,-4.548286247167599,-4.548670069445505,-4.549347550264007
male,34-35,27,-5.615260472764924,-5.614330028641989,-5.615007509460491
male,34-35,28,-4.998916385388025,-4.999213328938213,-4.999890809756715
male,34-35,29,-5.560473589189537,-5.559766217505911,-5.560443698324413
male,34-35,30,-4.702859285436817,-4.703275768710841,-4.703953249529343
male,34-35,31,-5.826340612440079,-5.825676843363412,-5.826354324181914
male,34-35,32,-5.964932761075913,-5.9649765247194235,-5.9656540055379255
male,34-35,33,-6.302502897902298,-6.302411801661146,-6.303089282479648
male,34-35,34,-6.451674927589548,-6.450399805657504,-6.451077286476006
male,34-35,35,-4.919766054588421,-4.920194656049545,-4.920872136868047
male,34-35,36,-9.210340371976182,-9.210340371976182,-9.211017852794685
male,34-35,37,-9.210340371976182,-9.210340371976182,-9.211017852794685
male,34-35,38,-9.210340371976182,-9.210340371976182,-9.211017852794685
male,34-35,39,-9.210340371976182,-9.210340371976182,-9.211017852794685
male,34-35,40,-9.210340371976182,-9.210340371976182,-9.211017852794685
male,34-35,41,-9.210340371976182,-9.210340371976182,-9.211017852794685
male,34-35,42,-9.210340371976182,-9.210340371976182,-9.211017852794685
male,34-35,43,-9.210340371976182,-9.210340371976182,-9.211017852794685
male,34-35,44,-9.210340371976182,-9.210340371976182,-9.211017852794685
male,34-35,45,-9.210340371976182,-9.210340371976182,-9.211017852794685
male,34-35,46,-9.210340371976182,-9.210340371976182,-9.211017852794685
male,34-35,47,-9.210340371976182,-9.210340371976182,-9.211017852794685
male,34-35,48,-9.210340371976182,-9.210340371976182,-9.211017852794685
male,34-35,49,-9.210340371976182,-9.210340371976182,-9.211017852794685
male,34-35,50,-9.210340371976182,-9.210340371976182,-9.211017852794685
male,34-35,51,-9.210340371976182,-9.210340371976182,-9.211017852794685
male,34-35,52,-9.210340371976182,-9.210340371976182,-9.211017852794685
male,36-37,-52,-9.210340371976182,-9.210340371976182,-9.210766008849301
male,36-37,-51,-9.210340371976182,-9.210340371976182,-9.210766008849301
male,36-37,-50,-9.210340371976182,-9.210340371976182,-9.210766008849301
male,36-37,-49,-9.210340371976182,-9.210340371976182,-9.210766008849301
male,36-37,-48,-9.210340371976182,-9.210340371976182,-9.210766008849301
male,36-37,-47,-9.210340371976182,-9.210340371976182,-9.210766008849301
male,36-37,-46,-9.210340371976182,-9.210340371976182,-9.210766008849301
male,36-37,-45,-9.210340371976182,-9.210340371976182,-9.210766008849301
male,36-37,-44,-9.210340371976182,-9.210340371976182,-9.210766008849301
male,36-37,-43,-9.210340371976182,-9.210340371976182,-9.210766008849301
male,36-37,-42,-9.210340371976182,-9.210340371976182,-9.210766008849301
male,36-37,-41,-9.210340371976182,-9.210340371976182,-9.210766008849301
male,36-37,-40,-9.210340371976182,-9.210340371976182,-9.210766008849301
male,36-37,-39,-9.210340371976182,-9.210340371976182,-9.210766008849301
male,36-37,-38,-9.210340371976182,-9.210340371976182,-9.210766008849301
male,36-37,-37,-9.210340371976182,-9.210340371976182,-9.210766008849301
male,36-37,-36,-9.210340371976182,-9.210340371976182,-9.210766008849301
male,36-37,-35,-9.210340371976182,-9.210340371976182,-9.210766008849301
male,36-37,-34,-9.210340371976182,-9.210340371976182,-9.210766008849301
male,36-37,-33,-9.210340371976182,-9.210340371976182,-9.210766008849301
male,36-37,-32,-9.210340371976182,-9.210340371976182,-9.210766008849301
male,36-37,-31,-9.210340371976182,-9.210340371976182,-9.210766008849301
male,36-37,-30,-9.210340371976182,-9.210340371976182,-9.210766008849301
male,36-37,-29,-9.210340371976182,-9.210340371976182,-9.210766008849301
male,36-37,-28,-9.210340371976182,-6.886944820086737,-6.887370456959857
male,36-37,-27,-9.210340371976182,-6.886944820086737,-6.887370456959857
male,36-37,-26,-9.210340371976182,-6.886944820086737,-6.887370456959857
male,36-37,-25,-9.210340371976182,-6.886944820086737,-6.887370456959857
male,36-37,-24,-9.210340371976182,-6.886944820086737,-6.887370456959857
male,36-37,-23,-9.210340371976182,-6.886944820086737,-6.887370456959857
male,36-37,-22,-9.210340371976182,-6.886944820086737,-6.887370456959857
male,36-37,-21,-9.210340371976182,-6.886944820086737,-6.887370456959857
male,36-37,-20,-9.210340371976182,-6.8869448197877245,-6.887370456660845
male,36-37,-19,-6.8869448200857075,-6.884293028999285,-6.8847186658724056
male,36-37,-18,-5.2711238409358225,-5.270291286178356,-5.270716923051476
male,36-37,-17,-3.8973027394223236,-3.897490934562846,-3.897916571435966
male,36-37,-16,-3.714238809040962,-3.71393029785563,-3.71435593472875
male,36-37,-15,-2.9885298018739648,-2.9886833810118882,-2.989109017885008
male,36-37,-14,-2.94313982862149,-2.942996625901935,-2.943422262775055
male,36-37,-13,-2.5544000426300966,-2.554224696567486,-2.554650333440606
male,36-37,-12,-1.9257797060101511,-1.9257482194943996,-1.9261738563675195
male,36-37,-11,-1.4568121193223658,-1.456633691287119,-1.4570593281602389
male,36-37,-10,-0.7727071445140269,-0.772773128004963,-0.773198764878083
male,36-37,-9,-0.4702030996568451,-0.47012938991411163,-0.4705550267872316
male,36-37,-8,-0.041941415658393266,-0.04193200144431309,-0.04235763831743307
male,36-37,-7,0.3105943646954868,0.31065596085886266,0.3102303239857427
male,36-37,-6,0.7338457459771575,0.7338456805819007,0.7334200437087807
male,36-37,-5,1.0715626856396907,1.0715563492556692,1.0711307123825493
male,36-37,-4,1.3454307959200973,1.3454357159888655,1.3450100791157455
male,36-37,-3,1.5964284391593178,1.5964376664061741,1.5960120295330542
male,36-37,-2,1.8404320587465162,1.840425032752062,1.839999395878942
male,36-37,-1,2.040568050343282,2.04051324868898,2.04008761181586
male,36-37,0,2.0721702400064346,2.0720280546610192,2.0716024177878993
male,36-37,1,1.5548361992163526,1.5549615492123507,1.5545359123392308
male,36-37,2,1.1478837351055104,1.147959240392199,1.147533603519079
male,36-37,3,0.8046384524851182,0.804669330056837,0.804243693183717
male,36-37,4,0.41242612124489625,0.4125197178782277,0.41209408100510775
male,36-37,5,0.16766378494017325,0.16768245698713943,0.16725682011401946
male,36-37,6,-0.09551817019369725,-0.09547810580359749,-0.09590374267671747
male,36-37,7,-0.3061656992455346,-0.3061297244407748,-0.30655536131389477
male,36-37,8,-0.4537062616003917,-0.45371821467865064,-0.4541438515517706
male,36-37,9,-0.6820652190737941,-0.6820567400338045,-0.6824823769069245
male,36-37,10,-0.9627598488562601,-0.9627698348959262,-0.9631954717690462
male,36-37,11,-1.4101528870316113,-1.4099370586874336,-1.4103626955605535
male,36-37,12,-1.333018473237315,-1.3331362992000473,-1.3335619360731672
male,36-37,13,-1.6463603273236131,-1.646337914859445,-1.646763551732565
male,36-37,14,-1.981266503551541,-1.9812525392324978,-1.9816781761056177
male,36-37,15,-2.417227423158874,-2.417032782388064,-2.417458419261184
male,36-37,16,-2.3885634021680544,-2.3887003506886026,-2.3891259875617226
male,36-37,17,-2.85970276769785,-2.859583642602257,-2.860009279475377
male,36-37,18,-3.1338312687181777,-3.1338238662324946,-3.1342495031056146
male,36-37,19,-3.487482259314247,-3.48751200687161,-3.48793764374473
male,36-37,20,-4.19804725846171,-4.197542195082498,-4.197967831955618
male,36-37,21,-3.8097726650178347,-3.810038240516775,-3.810463877389895
male,36-37,22,-4.446574319261972,-4.445821692774316,-4.446247329647436
male,36-37,23,-3.605442427857143,-3.605784762439724,-3.606210399312844
male,36-37,24,-4.236923268732434,-4.236879799590895,-4.237305436464015
male,36-37,25,-5.610588562873268,-5.608968010442228,-5.609393647315349
male,36-37,26,-4.558573626140966,-4.55872969448722,-4.559155331360341
male,36-37,27,-4.386044501746295,-4.3861647372576895,-4.38659037413081
male,36-37,28,-4.609259822379878,-4.609503192183774,-4.609928829056894
male,36-37,29,-9.405014337884282,-9.210340371976182,-9.210766008849301
male,36-37,30,-8.902835981220877,-8.895788186560093,-8.896213823433213
male,36-37,31,-5.77829312745803,-5.778451965065087,-5.778877601938207
male,36-37,32,-5.37267382205129,-5.373100514687681,-5.373526151560801
male,36-37,33,-8.048639142547097,-8.04384027312913,-8.044265910002249
male,36-37,34,-7.047355980299698,-7.047775953682691,-7.048201590555811
male,36-37,35,-9.210340371976182,-7.04735598034726,-7.04778161722038
male,36-37,36,-9.210340371976182,-7.047355980299977,-7.047781617173097
male,36-37,37,-9.210340371976182,-7.047355980299977,-7.047781617173097
male,36-37,38,-9.210340371976182,-7.047355980299976,-7.047781617173096
male,36-37,39,-9.210340371976182,-7.047355980299977,-7.047781617173097
male,36-37,40,-9.210340371976182,-7.047355980299977,-7.047781617173097
male,36-37,41,-9.210340371976182,-7.047355980299977,-7.047781617173097
male,36-37,42,-9.210340371976182,-7.047355980299977,-7.047781617173097
male,36-37,43,-9.210340371976182,-7.047355980299977,-7.047781617173097
male,36-37,44,-9.210340371976182,-9.210340371976182,-9.210766008849301
male,36-37,45,-9.210340371976182,-9.210340371976182,-9.210766008849301
male,36-37,46,-9.210340371976182,-9.210340371976182,-9.210766008849301
male,36-37,47,-9.210340371976182,-9.210340371976182,-9.210766008849301
male,36-37,48,-9.210340371976182,-9.210340371976182,-9.210766008849301
male,36-37,49,-9.210340371976182,-9.210340371976182,-9.210766008849301
male,36-37,50,-9.210340371976182,-9.210340371976182,-9.210766008849301
male,36-37,51,-9.210340371976182,-9.210340371976182,-9.210766008849301
male,36-37,52,-9.210340371976182,-9.210340371976182,-9.210766008849301
male,38-39,-52,-9.210340371976182,-9.210340371976182,-9.210822544893317
male,38-39,-51,-9.210340371976182,-9.210340371976182,-9.210822544893317
male,38-39,-50,-9.210340371976182,-9.210340371976182,-9.210822544893317
male,38-39,-49,-9.210340371976182,-9.210340371976182,-9.210822544893317
male,38-39,-48,-9.210340371976182,-9.210340371976182,-9.210822544893317
male,38-39,-47,-9.210340371976182,-9.210340371976182,-9.210822544893317
male,38-39,-46,-9.210340371976182,-9.210340371976182,-9.210822544893317
male,38-39,-45,-9.210340371976182,-9.210340371976182,-9.210822544893317
male,38-39,-44,-9.210340371976182,-9.210340371976182,-9.210822544893317
male,38-39,-43,-9.210340371976182,-9.210340371976182,-9.210822544893317
male,38-39,-42,-9.210340371976182,-9.210340371976182,-9.210822544893317
male,38-39,-41,-9.210340371976182,-9.210340371976182,-9.210822544893317
male,38-39,-40,-9.210340371976182,-9.210340371976182,-9.210822544893317
male,38-39,-39,-9.210340371976182,-9.210340371976182,-9.210822544893317
male,38-39,-38,-9.210340371976182,-9.210340371976182,-9.210822544893317
male,38-39,-37,-9.210340371976182,-9.210340371976182,-9.210822544893317
male,38-39,-36,-9.210340371976182,-9.210340371976182,-9.210822544893317
male,38-39,-35,-9.210340371976182,-9.210340371976182,-9.210822544893317
male,38-39,-34,-9.210340371976182,-9.210340371976182,-9.210822544893317
male,38-39,-33,-9.210340371976182,-9.210340371976182,-9.210822544893317
male,38-39,-32,-9.210340371976182,-9.210340371976182,-9.210822544893317
male,38-39,-31,-9.210340371976182,-9.210340371976182,-9.210822544893317
male,38-39,-30,-9.210340371976182,-8.270958817836583,-8.271440990753717
male,38-39,-29,-9.210340371976182,-8.270958817836583,-8.271440990753717
male,38-39,-28,-9.210340371976182,-8.270958817836583,-8.271440990753717
male,38-39,-27,-9.210340371976182,-8.270958817836583,-8.271440990753717
male,38-39,-26,-9.210340371976182,-8.270958817836583,-8.271440990753717
male,38-39,-25,-9.210340371976182,-8.270958817836583,-8.271440990753717
male,38-39,-24,-9.210340371976182,-8.270958817836583,-8.271440990753717
male,38-39,-23,-9.210340371976182,-8.270958817836583,-8.271440990753717
male,38-39,-22,-9.210340371976182,-8.27095881709167,-8.271440990008804
male,38-39,-21,-8.270959538254292,-8.264365569301626,-8.26484774221876
male,38-39,-20,-5.867106469194589,-5.866630108016641,-5.867112280933775
male,38-39,-19,-4.793524305567419,-4.793577350515433,-4.7940595234325665
male,38-39,-18,-4.37861285664336,-4.378130805767467,-4.3786129786846
male,38-39,-17,-3.367683910932292,-3.3676189857281593,-3.3681011586452936
male,38-39,-16,-2.7803326099832564,-2.7804127231348907,-2.780894896052025
male,38-39,-15,-2.6018809134110414,-2.60177229354667,-2.6022544664638043
male,38-39,-14,-2.1946383128203837,-2.1945500571730925,-2.1950322300902267
male,38-39,-13,-1.7056196280001332,-1.7056350129299116,-1.7061171858470459
male,38-39,-12,-1.385436684936404,-1.385345965972811,-1.3858281388899452
male,38-39,-11,-0.9168473639805683,-0.9167585125911644,-0.9172406855082985
male,38-39,-10,-0.38044882656188916,-0.3804985529047582,-0.38098072582189235
male,38-39,-9,-0.11044310971792402,-0.11039214905174119,-0.11087432196887535
male,38-39,-8,0.24236464611283823,0.24240425707566254,0.2419220841585284
male,38-39,-7,0.6299168674832799,0.6298942268759036,0.6294120539587694
male,38-39,-6,0.893337145688944,0.8933904346827428,0.8929082617656087
male,38-39,-5,1.2484620488487586,1.2484414734333593,1.247959300516225
male,38-39,-4,1.4842578535021491,1.4842672115396245,1.4837850386224902
male,38-39,-3,1.7185380787937343,1.7185076257042615,1.7180254527871273
male,38-39,-2,1.8475853715114168,1.8476060355954447,1.8471238626783104
male,38-39,-1,2.0247339264852764,2.024683199532455,2.0242010266153208
male,38-39,0,2.0391832363215743,2.03904923963137,2.038567066714236
male,38-39,1,1.5495899995271771,1.5496837397810306,1.5492015668638963
male,38-39,2,1.1005941405168442,1.1006932207752191,1.1002110478580849
male,38-39,3,0.7535229646382162,0.7535825621871766,0.7531003892700424
male,38-39,4,0.4616431870368907,0.46167874349375837,0.4611965705766242
male,38-39,5,0.1800093269958886,0.18003943725709645,0.1795572643399623
male,38-39,6,-0.1116571743338395,-0.11158609353460622,-0.11206826645174038
male,38-39,7,-0.26303788033913306,-0.2630598126664894,-0.2635419855836236
male,38-39,8,-0.5397015140808581,-0.539678013512587,-0.5401601864297212
male,38-39,9,-0.8380775557229732,-0.8379721351698657,-0.8384543080869998
male,38-39,10,-0.8725472246862183,-0.8726351073606259,-0.87311728027776
male,38-39,11,-1.2132710239810034,-1.2131869487114897,-1.213669121628624
male,38-39,12,-1.365856039837992,-1.3658984217772052,-1.3663805946943395
male,38-39,13,-1.7133867896601531,-1.7133531716296895,-1.7138353445468237
male,38-39,14,-2.0927378406057513,-2.092646193769395,-2.0931283666865292
male,38-39,15,-2.2911376930975935,-2.2911008344437738,-2.291583007360908
male,38-39,16,-2.406823837713348,-2.406865133621869,-2.407347306539003
male,38-39,17,-2.6959595743131435,-2.6959511022781477,-2.696433275195282
male,38-39,18,-3.067442626785912,-3.0673329104622837,-3.067815083379418
male,38-39,19,-3.188181514773593,-3.188183511229858,-3.1886656841469923
male,38-39,20,-3.327626067528479,-3.327735506294486,-3.3282176792116203
male,38-39,21,-3.938512202500548,-3.9381671524757405,-3.9386493253928747
male,38-39,22,-3.74383552495338,-3.744055872575164,-3.7445380454922983
male,38-39,23,-4.416497977493037,-4.4162490201018825,-4.416731193019016
male,38-39,24,-4.6767681474145375,-4.676663927758824,-4.677146100675958
male,38-39,25,-4.665940815932808,-4.6660319520224895,-4.666514124939623
male,38-39,26,-4.9733887429907675,-4.9734086669797355,-4.973890839896869
male,38-39,27,-5.535312266905502,-5.534758203182605,-5.535240376099739
male,38-39,28,-4.895033970392473,-4.895516381520323,-4.8959985544374565
male,38-39,29,-8.539588503029359,-8.525428065624038,-8.525910238541172
male,38-39,30,-6.7679689564,-6.767551289485434,-6.768033462402568
male,38-39,31,-5.643507975950901,-5.643903505602042,-5.644385678519176
male,38-39,32,-9.210340371976182,-9.210340371976182,-9.210822544893317
male,38-39,33,-9.210340371976182,-9.210340371976182,-9.210822544893317
male,38-39,34,-9.210340371976182,-9.210340371976182,-9.210822544893317
male,38-39,35,-9.210340371976182,-9.210340371976182,-9.210822544893317
male,38-39,36,-9.210340371976182,-9.210340371976182,-9.210822544893317
male,38-39,37,-9.210340371976182,-9.210340371976182,-9.210822544893317
male,38-39,38,-9.210340371976182,-9.210340371976182,-9.210822544893317
male,38-39,39,-9.210340371976182,-9.210340371976182,-9.210822544893317
male,38-39,40,-9.210340371976182,-9.210340371976182,-9.210822544893317
male,38-39,41,-9.210340371976182,-9.210340371976182,-9.210822544893317
male,38-39,42,-9.210340371976182,-9.210340371976182,-9.210822544893317
male,38-39,43,-9.210340371976182,-9.210340371976182,-9.210822544893317
male,38-39,44,-9.210340371976182,-9.210340371976182,-9.210822544893317
male,38-39,45,-9.210340371976182,-9.210340371976182,-9.210822544893317
male,38-39,46,-9.210340371976182,-9.210340371976182,-9.210822544893317
male,38-39,47,-9.210340371976182,-9.210340371976182,-9.210822544893317
male,38-39,48,-9.210340371976182,-9.210340371976182,-9.210822544893317
male,38-39,49,-9.210340371976182,-9.210340371976182,-9.210822544893317
male,38-39,50,-9.210340371976182,-9.210340371976182,-9.210822544893317
male,38-39,51,-9.210340371976182,-9.210340371976182,-9.210822544893317
male,38-39,52,-9.210340371976182,-9.210340371976182,-9.210822544893317
male,40-42,-52,-9.210340371976182,-9.210340371976182,-9.210643492953313
male,40-42,-51,-9.210340371976182,-9.210340371976182,-9.210643492953313
male,40-42,-50,-9.210340371976182,-9.210340371976182,-9.210643492953313
male,40-42,-49,-9.210340371976182,-9.210340371976182,-9.210643492953313
male,40-42,-48,-9.210340371976182,-9.210340371976182,-9.210643492953313
male,40-42,-47,-9.210340371976182,-9.210340371976182,-9.210643492953313
male,40-42,-46,-9.210340371976182,-9.210340371976182,-9.210643492953313
male,40-42,-45,-9.210340371976182,-9.210340371976182,-9.210643492953313
male,40-42,-44,-9.210340371976182,-9.210340371976182,-9.210643492953313
male,40-42,-43,-9.210340371976182,-9.210340371976182,-9.210643492953313
male,40-42,-42,-9.210340371976182,-9.210340371976182,-9.210643492953313
male,40-42,-41,-9.210340371976182,-9.210340371976182,-9.210643492953313
male,40-42,-40,-9.210340371976182,-9.210340371976182,-9.210643492953313
male,40-42,-39,-9.210340371976182,-9.210340371976182,-9.210643492953313
male,40-42,-38,-9.210340371976182,-9.210340371976182,-9.210643492953313
male,40-42,-37,-9.210340371976182,-9.210340371976182,-9.210643492953313
male,40-42,-36,-9.210340371976182,-9.210340371976182,-9.210643492953313
male,40-42,-35,-9.210340371976182,-9.210340371976182,-9.210643492953313
male,40-42,-34,-9.210340371976182,-9.210340371976182,-9.210643492953313
male,40-42,-33,-9.210340371976182,-4.78180257500549,-4.782105695982621
male,40-42,-32,-9.210340371976182,-4.78180257500549,-4.782105695982621
male,40-42,-31,-9.210340371976182,-4.78180257500549,-4.782105695982621
male,40-42,-30,-9.210340371976182,-4.78180257500549,-4.782105695982621
male,40-42,-29,-9.210340371976182,-4.78180257500549,-4.782105695982621
male,40-42,-28,-9.210340371976182,-4.78180257500549,-4.782105695982621
male,40-42,-27,-9.210340371976182,-4.78180257500549,-4.782105695982621
male,40-42,-26,-9.210340371976182,-4.78180257500549,-4.782105695982621
male,40-42,-25,-9.210340371976182,-4.781802575053348,-4.782105696030479
male,40-42,-24,-4.781803075917262,-4.782227652120331,-4.782530773097462
male,40-42,-23,-5.821852912521786,-5.821278031255655,-5.8215811522327865
male,40-42,-22,-5.406489625723438,-5.406341241698872,-5.406644362676003
male,40-42,-21,-4.88831520912427,-4.888164343185113,-4.888467464162244
male,40-42,-20,-4.268538203547609,-4.268517566396797,-4.268820687373928
male,40-42,-19,-3.851579889739378,-3.8513474018446114,-3.8516505228217426
male,40-42,-18,-3.14198567878889,-3.1420298033247245,-3.1423329243018556
male,40-42,-17,-2.816947823879602,-2.8169617435215817,-2.817264864498713
male,40-42,-16,-2.5939268405468483,-2.5935953711287785,-2.5938984921059096
male,40-42,-15,-1.7791540984872083,-1.7792337104025637,-1.7795368313796949
male,40-42,-14,-1.4651440416137824,-1.465125466042964,-1.4654285870200952
male,40-42,-13,-1.1538448456406942,-1.1537720526944217,-1.1540751736715529
male,40-42,-12,-0.7294840119880189,-0.7294616640332636,-0.7297647850103948
male,40-42,-11,-0.3513716908986277,-0.35132799807609555,-0.35163111905322664
male,40-42,-10,0.05082966711712312,0.0507807703983019,0.050477649421170806
male,40-42,-9,0.2509243115911953,0.250973535596541,0.2506704146194099
male,40-42,-8,0.5604048551988497,0.5604062980232275,0.5601031770460964
male,40-42,-7,0.8234449629152033,0.8234755633874408,0.8231724424103096
male,40-42,-6,1.126757609256942,1.126744361019714,1.126441240042583
male,40-42,-5,1.3500866215478928,1.3500908331523847,1.3497877121752535
male,40-42,-4,1.560120650217832,1.5601170528129054,1.5598139318357742
male,40-42,-3,1.7357138899857742,1.7357052058023306,1.7354020848251994
male,40-42,-2,1.8664023795181652,1.866384525832572,1.8660814048554408
male,40-42,-1,1.934404091796541,1.9343902876901677,1.9340871667130366
male,40-42,0,1.958814641351624,1.9586879379097366,1.9583848169326055
male,40-42,1,1.5032384712774436,1.5033261278476107,1.5030230068704795
male,40-42,2,1.0885682530158918,1.0886590369233575,1.0883559159462264
male,40-42,3,0.7893274953516232,0.7893632861592171,0.789060165182086
male,40-42,4,0.4882244568496155,0.48830536007336595,0.48800223909623486
male,40-42,5,0.3556910876975876,0.3556584297532835,0.3553553087761524
male,40-42,6,0.07222149870135391,0.07226631315459038,0.07196319217745928
male,40-42,7,-0.1488938242298028,-0.14893314847480996,-0.14923626945194104
male,40-42,8,-0.5871689096378631,-0.5870226245403659,-0.587325745517497
male,40-42,9,-0.6908849809235518,-0.690874107758086,-0.6911772287352171
male,40-42,10,-0.7697232056221781,-0.7698255741773552,-0.7701286951544863
male,40-42,11,-1.259195888126177,-1.2590491060110616,-1.2593522269881927
male,40-42,12,-1.471917344184255,-1.471946141546066,-1.472249262523197
male,40-42,13,-1.857064348137012,-1.8570076523001404,-1.8573107732772716
male,40-42,14,-2.215115066138318,-2.215003142391536,-2.2153062633686673
male,40-42,15,-2.3202696657269275,-2.3202717321792052,-2.3205748531563364
male,40-42,16,-2.44323664603241,-2.443277961771485,-2.443581082748616
male,40-42,17,-2.726516423446781,-2.7264937070421422,-2.7267968280192734
male,40-42,18,-3.0070206411263714,-3.0070964633626835,-3.0073995843398147
male,40-42,19,-3.769008654893332,-3.768530180960129,-3.76883330193726
male,40-42,20,-3.5095961260025756,-3.5097459504853177,-3.510049071462449
male,40-42,21,-3.765899545476762,-3.765961672430679,-3.76626479340781
male,40-42,22,-4.4257974359739825,-4.425563233931654,-4.425866354908785
male,40-42,23,-4.700589472590146,-4.700533075361267,-4.700836196338398
male,40-42,24,-4.868202843876827,-4.8679748206008195,-4.868277941577951
male,40-42,25,-4.461802228407361,-4.461789033341903,-4.462092154319034
male,40-42,26,-4.138562354289799,-4.1389349642460305,-4.139238085223162
male,40-42,27,-5.992880888804117,-5.990612746765026,-5.9909158677421575
male,40-42,28,-5.151128735087367,-5.151537566960026,-5.151840687937157
male,40-42,29,-8.38455996941198,-8.372724507905748,-8.373027628882879
male,40-42,30,-9.210340371976182,-9.210340371976182,-9.210643492953313
male,40-42,31,-9.210340371976182,-9.210340371976182,-9.210643492953313
male,40-42,32,-9.210340371976182,-9.210340371976182,-9.210643492953313
male,40-42,33,-9.210340371976182,-9.210340371976182,-9.210643492953313
male,40-42,34,-9.210340371976182,-9.210340371976182,-9.210643492953313
male,40-42,35,-9.210340371976182,-9.210340371976182,-9.210643492953313
male,40-42,36,-9.210340371976182,-9.210340371976182,-9.210643492953313
male,40-42,37,-9.210340371976182,-9.210340371976182,-9.210643492953313
male,40-42,38,-9.210340371976182,-9.210340371976182,-9.210643492953313
male,40-42,39,-9.210340371976182,-9.210340371976182,-9.210643492953313
male,40-42,40,-9.210340371976182,-9.210340371976182,-9.210643492953313
male,40-42,41,-9.210340371976182,-9.210340371976182,-9.210643492953313
male,40-42,42,-9.210340371976182,-9.210340371976182,-9.210643492953313
male,40-42,43,-9.210340371976182,-9.210340371976182,-9.210643492953313
male,40-42,44,-9.210340371976182,-9.210340371976182,-9.210643492953313
male,40-42,45,-9.210340371976182,-9.210340371976182,-9.210643492953313
male,40-42,46,-9.210340371976182,-9.210340371976182,-9.210643492953313
male,40-42,47,-9.210340371976182,-9.210340371976182,-9.210643492953313
male,40-42,48,-9.210340371976182,-9.210340371976182,-9.210643492953313
male,40-42,49,-9.210340371976182,-9.210340371976182,-9.210643492953313
male,40-42,50,-9.210340371976182,-9.210340371976182,-9.210643492953313
male,40-42,51,-9.210340371976182,-9.210340371976182,-9.210643492953313
male,40-42,52,-9.210340371976182,-9.210340371976182,-9.210643492953313
male,43-45,-52,-9.210340371976182,-9.210340371976182,-9.210459507106242
male,43-45,-51,-9.210340371976182,-9.210340371976182,-9.210459507106242
male,43-45,-50,-9.210340371976182,-9.210340371976182,-9.210459507106242
male,43-45,-49,-9.210340371976182,-9.210340371976182,-9.210459507106242
male,43-45,-48,-9.210340371976182,-9.210340371976182,-9.210459507106242
male,43-45,-47,-9.210340371976182,-9.210340371976182,-9.210459507106242
male,43-45,-46,-9.210340371976182,-9.210340371976182,-9.210459507106242
male,43-45,-45,-9.210340371976182,-9.210340371976182,-9.210459507106242
male,43-45,-44,-9.210340371976182,-9.210340371976182,-9.210459507106242
male,43-45,-43,-9.210340371976182,-9.210340371976182,-9.210459507106242
male,43-45,-42,-9.210340371976182,-9.210340371976182,-9.210459507106242
male,43-45,-41,-9.210340371976182,-9.210340371976182,-9.210459507106242
male,43-45,-40,-9.210340371976182,-9.210340371976182,-9.210459507106242
male,43-45,-39,-9.210340371976182,-9.210340371976182,-9.210459507106242
male,43-45,-38,-9.210340371976182,-9.210340371976182,-9.210459507106242
male,43-45,-37,-9.210340371976182,-9.210340371976182,-9.210459507106242
male,43-45,-36,-9.210340371976182,-4.853514507303553,-4.853633642433613
male,43-45,-35,-9.210340371976182,-4.853514507303553,-4.853633642433613
male,43-45,-34,-9.210340371976182,-4.853514507303553,-4.853633642433613
male,43-45,-33,-9.210340371976182,-4.853514507303553,-4.853633642433613
male,43-45,-32,-9.210340371976182,-4.8535145073035535,-4.853633642433614
male,43-45,-31,-9.210340371976182,-4.853514507303553,-4.853633642433613
male,43-45,-30,-9.210340371976182,-4.853514507303553,-4.853633642433613
male,43-45,-29,-9.210340371976182,-4.853514507303553,-4.853633642433613
male,43-45,-28,-9.210340371976182,-4.853514507370976,-4.853633642501037
male,43-45,-27,-4.853514507302666,-4.854113405905766,-4.8542325410358265
male,43-45,-26,-6.9922355927184245,-6.986486154649073,-6.986605289779134
male,43-45,-25,-4.697587335858264,-4.69791448404455,-4.698033619174611
male,43-45,-24,-5.192660989340295,-5.192192636014871,-5.192311771144932
male,43-45,-23,-4.637273562758389,-4.636992783757231,-4.637111918887292
male,43-45,-22,-3.820413024613883,-3.8205393284148395,-3.8206584635449
male,43-45,-21,-3.652949555465722,-3.6525338946550483,-3.652653029785109
male,43-45,-20,-2.7653156554402716,-2.7654181168746867,-2.7655372520047474
male,43-45,-19,-2.4960010164741373,-2.496007956858126,-2.496127091988187
male,43-45,-18,-2.2834024439270366,-2.2833124489460563,-2.283431584076117
male,43-45,-17,-1.878807597862465,-1.8788189892762555,-1.878938124406316
male,43-45,-16,-1.5842687793476513,-1.5842439228520169,-1.5843630579820773
male,43-45,-15,-1.2724947022859523,-1.2724915148068703,-1.2726106499369307
male,43-45,-14,-1.0013723312554148,-1.001275089708018,-1.0013942248380785
male,43-45,-13,-0.5455815105378254,-0.5456010416735829,-0.5457201768036435
male,43-45,-12,-0.23946735658280532,-0.23943624191125096,-0.23955537704131152
male,43-45,-11,0.09804574506152482,0.09805659822847339,0.09793746309841284
male,43-45,-10,0.40142432285186147,0.4014006454720616,0.40128151034200105
male,43-45,-9,0.5984785644479624,0.5984964624045767,0.5983773272745161
male,43-45,-8,0.8272649129975879,0.8272511217946018,0.8271319866645412
male,43-45,-7,0.9960257873371724,0.9960670178936226,0.995947882763562
male,43-45,-6,1.2538416237551206,1.253827755262626,1.2537086201325656
male,43-45,-5,1.431243504145635,1.4312403044307072,1.4311211693006467
male,43-45,-4,1.577552149052572,1.5775448452580965,1.577425710128036
male,43-45,-3,1.6893405228362601,1.6893550107345312,1.6892358756044707
male,43-45,-2,1.8330048779465213,1.832976717883694,1.8328575827536335
male,43-45,-1,1.8861101156822666,1.8861043196834426,1.8859851845533822
male,43-45,0,1.9216176652696313,1.9214951568697074,1.921376021739647
male,43-45,1,1.5081614578396658,1.5082328805970493,1.5081137454669888
male,43-45,2,1.1219532074615766,1.1220226712889274,1.121903536158867
male,43-45,3,0.7953039370075072,0.795362554004715,0.7952434188746544
male,43-45,4,0.5529496589616963,0.5529645329882262,0.5528453978581657
male,43-45,5,0.30153254028285376,0.30152703903575234,0.3014079039056918
male,43-45,6,-0.04111895528760132,-0.04102301675458,-0.04114215188464056
male,43-45,7,-0.16319061981176375,-0.16324809105432794,-0.1633672261843885
male,43-45,8,-0.5185863779083101,-0.5184462835176389,-0.5185654186476994
male,43-45,9,-0.5265635214405767,-0.5266649730568066,-0.5267841081868672
male,43-45,10,-0.8953404056636335,-0.8952814780773435,-0.895400613207404
male,43-45,11,-1.2081633917905792,-1.20814020230366,-1.2082593374337205
male,43-45,12,-1.5618002957633017,-1.5617409380206635,-1.561860073150724
male,43-45,13,-1.8359496718195703,-1.835954890247357,-1.8360740253774175
male,43-45,14,-2.2172027854813487,-2.217084360670379,-2.21720349580044
male,43-45,15,-2.3176734238985475,-2.3177285601801954,-2.317847695310256
male,43-45,16,-2.622516153788825,-2.622482141874697,-2.6226012770047578
male,43-45,17,-2.9050798844278822,-2.9050727297957697,-2.9051918649258304
male,43-45,18,-3.268460412770336,-3.268449955795359,-3.2685690909254195
male,43-45,19,-3.801101435395975,-3.8008634546057802,-3.800982589735841
male,43-45,20,-3.7950250342467293,-3.7951317508573865,-3.795250885987447
male,43-45,21,-4.173728440254442,-4.173602781571193,-4.173721916701254
male,43-45,22,-4.269513320015172,-4.268748561136501,-4.268867696266562
male,43-45,23,-3.1029420415584044,-3.1034274580423165,-3.103546593172377
male,43-45,24,-4.526149958484259,-4.525109454768172,-4.525228589898233
male,43-45,25,-4.616410695616206,-4.616487382554121,-4.616606517684182
male,43-45,26,-5.253885324515733,-5.253526864787569,-5.253645999917629
male,43-45,27,-5.84953732852533,-5.849003674645816,-5.849122809775877
male,43-45,28,-9.210340371976182,-5.849537328465416,-5.849656463595477
male,43-45,29,-9.210340371976182,-5.8495373285255265,-5.849656463655587
male,43-45,30,-9.210340371976182,-5.8495373285255265,-5.849656463655587
male,43-45,31,-9.210340371976182,-5.8495373285255265,-5.849656463655587
male,43-45,32,-9.210340371976182,-5.8495373285255265,-5.849656463655587
male,43-45,33,-9.210340371976182,-5.8495373285255265,-5.849656463655587
male,43-45,34,-9.210340371976182,-5.8495373285255265,-5.849656463655587
male,43-45,35,-9.210340371976182,-5.8495373285255265,-5.849656463655587
male,43-45,36,-9.210340371976182,-5.8495373285255265,-5.849656463655587
male,43-45,37,-9.210340371976182,-9.210340371976182,-9.210459507106242
male,43-45,38,-9.210340371976182,-9.210340371976182,-9.210459507106242
male,43-45,39,-9.210340371976182,-9.210340371976182,-9.210459507106242
male,43-45,40,-9.210340371976182,-9.210340371976182,-9.210459507106242
male,43-45,41,-9.210340371976182,-9.210340371976182,-9.210459507106242
male,43-45,42,-9.210340371976182,-9.210340371976182,-9.210459507106242
male,43-45,43,-9.210340371976182,-9.210340371976182,-9.210459507106242
male,43-45,44,-9.210340371976182,-9.210340371976182,-9.210459507106242
male,43-45,45,-9.210340371976182,-9.210340371976182,-9.210459507106242
male,43-45,46,-9.210340371976182,-9.210340371976182,-9.210459507106242
male,43-45,47,-9.210340371976182,-9.210340371976182,-9.210459507106242
male,43-45,48,-9.210340371976182,-9.210340371976182,-9.210459507106242
male,43-45,49,-9.210340371976182,-9.210340371976182,-9.210459507106242
male,43-45,50,-9.210340371976182,-9.210340371976182,-9.210459507106242
male,43-45,51,-9.210340371976182,-9.210340371976182,-9.210459507106242
male,43-45,52,-9.210340371976182,-9.210340371976182,-9.210459507106242
male,46-49,-52,-9.210340371976182,-9.210340371976182,-9.210392564018228
male,46-49,-51,-9.210340371976182,-9.210340371976182,-9.210392564018228
male,46-49,-50,-9.210340371976182,-9.210340371976182,-9.210392564018228
male,46-49,-49,-9.210340371976182,-9.210340371976182,-9.210392564018228
male,46-49,-48,-9.210340371976182,-9.210340371976182,-9.210392564018228
male,46-49,-47,-9.210340371976182,-9.210340371976182,-9.210392564018228
male,46-49,-46,-9.210340371976182,-9.210340371976182,-9.210392564018228
male,46-49,-45,-9.210340371976182,-9.210340371976182,-9.210392564018228
male,46-49,-44,-9.210340371976182,-9.210340371976182,-9.210392564018228
male,46-49,-43,-9.210340371976182,-9.210340371976182,-9.210392564018228
male,46-49,-42,-9.210340371976182,-9.210340371976182,-9.210392564018228
male,46-49,-41,-9.210340371976182,-9.210340371976182,-9.210392564018228
male,46-49,-40,-9.210340371976182,-5.976789117587919,-5.9768413096299655
male,46-49,-39,-9.210340371976182,-5.976789117587919,-5.9768413096299655
male,46-49,-38,-9.210340371976182,-5.976789117587919,-5.9768413096299655
male,46-49,-37,-9.210340371976182,-5.976789117587919,-5.9768413096299655
male,46-49,-36,-9.210340371976182,-5.976789117587919,-5.9768413096299655
male,46-49,-35,-9.210340371976182,-5.976789117587919,-5.9768413096299655
male,46-49,-34,-9.210340371976182,-5.976789117587919,-5.9768413096299655
male,46-49,-33,-9.210340371976182,-5.976789117587919,-5.9768413096299655
male,46-49,-32,-9.210340371976182,-5.976789117618185,-5.976841309660231
male,46-49,-31,-5.97678911758707,-5.977057916104378,-5.977110108146425
male,46-49,-30,-6.49345997296214,-6.493089849494336,-6.493142041536382
male,46-49,-29,-6.080567110120257,-6.080535720317738,-6.080587912359785
male,46-49,-28,-5.864506692977438,-5.864113605486006,-5.864165797528052
male,46-49,-27,-5.012620380813825,-5.012445051859576,-5.012497243901622
male,46-49,-26,-4.263281402710396,-4.263160707131629,-4.263212899173675
male,46-49,-25,-3.6193050834566254,-3.619445349934838,-3.6194975419768842
male,46-49,-24,-3.55691777623779,-3.556790429604119,-3.5568426216461653
male,46-49,-23,-3.181066004751096,-3.18116085675374,-3.1812130487957866
male,46-49,-22,-3.1390859224304095,-3.138997374548918,-3.1390495665909643
male,46-49,-21,-2.858548301483526,-2.85830828085049,-2.8583604728925365
male,46-49,-20,-2.1458180149400508,-2.145938820896822,-2.1459910129388686
male,46-49,-19,-1.9681935022285946,-1.968097116551242,-1.9681493085932886
male,46-49,-18,-1.5698364664836129,-1.5698041512837424,-1.569856343325789
male,46-49,-17,-1.179865534328029,-1.1798779948442157,-1.1799301868862624
male,46-49,-16,-0.8972938351987253,-0.8972738484978968,-0.8973260405399435
male,46-49,-15,-0.600999430232772,-0.6010192263363721,-0.6010714183784187
male,46-49,-14,-0.3945651302764035,-0.394526970716951,-0.39457916275899757
male,46-49,-13,-0.10963121179505007,-0.10964634410335151,-0.10969853614539811
male,46-49,-12,0.0970354876656222,0.09708851420905545,0.09703632216700886
male,46-49,-11,0.4139931279900685,0.4139901801372275,0.4139379880951809
male,46-49,-10,0.6670304192242701,0.6669889180609482,0.6669367260189015
male,46-49,-9,0.7720504114617945,0.772090850808972,0.7720386587669253
male,46-49,-8,0.9763494828184215,0.9763463527688907,0.976294160726844
male,46-49,-7,1.1433090826204124,1.1433108255205746,1.143258633478528
male,46-49,-6,1.294629232527215,1.294634142761225,1.2945819507191783
male,46-49,-5,1.4445560948682934,1.4445537713543914,1.4445015793123448
male,46-49,-4,1.5742841196144979,1.5742848144667207,1.574232622424674
male,46-49,-3,1.6959871153449508,1.6959787480035822,1.6959265559615355
male,46-49,-2,1.7869455435652046,1.7869392519083291,1.7868870598662825
male,46-49,-1,1.8557594087578932,1.855737594452743,1.8556854024106963
male,46-49,0,1.8581302989108979,1.858013022932365,1.8579608308903184
male,46-49,1,1.4408158720255908,1.4408866308920352,1.4408344388499885
male,46-49,2,1.093978701208917,1.0940414224166808,1.0939892303746341
male,46-49,3,0.8474538562908023,0.8474533024108407,0.8474011103687941
male,46-49,4,0.5283616386592719,0.5284168862768729,0.5283646942348262
male,46-49,5,0.2995927868257629,0.29963168129839096,0.29957948925634437
male,46-49,6,0.14960859563305012,0.14959439430409582,0.14954220226204923
male,46-49,7,-0.07643254078762608,-0.0764583928881162,-0.0765105849301628
male,46-49,8,-0.47324904197155737,-0.4731537886126724,-0.47320598065471897
male,46-49,9,-0.6928552239059763,-0.69284918264557,-0.6929013746876167
male,46-49,10,-0.9422438473733138,-0.9422575973988567,-0.9423097894409034
male,46-49,11,-1.310571122700828,-1.310500896659223,-1.3105530887012697
male,46-49,12,-1.5549810550394039,-1.5549720503958961,-1.5550242424379428
male,46-49,13,-1.8320508143916472,-1.832020571399285,-1.8320727634413316
male,46-49,14,-2.0844592035037106,-2.08439655216007,-2.0844487442021165
male,46-49,15,-2.1891805965295545,-2.1892758093109252,-2.1893280013529717
male,46-49,16,-2.6952376721076208,-2.6949892187777844,-2.695041410819831
male,46-49,17,-2.617688705832212,-2.6178614840712475,-2.617913676113294
male,46-49,18,-3.205385258342835,-3.2049745376475283,-3.2050267296895747
male,46-49,19,-2.852417259722374,-2.8527233176923095,-2.852775509734356
male,46-49,20,-3.8195207031335414,-3.8188529539349303,-3.8189051459769767
male,46-49,21,-3.5263199740419453,-3.5263809207536783,-3.5264331127957247
male,46-49,22,-3.4330786041626693,-3.4332193390439634,-3.43327153108601
male,46-49,23,-4.031825497509178,-4.031463875289815,-4.031516067331862
male,46-49,24,-4.369336479635544,-4.369070569139585,-4.3691227611816315
male,46-49,25,-9.210340371976182,-4.369336479605769,-4.369388671647815
male,46-49,26,-9.210340371976182,-4.3693364796357175,-4.369388671677764
male,46-49,27,-9.210340371976182,-4.3693364796357175,-4.369388671677764
male,46-49,28,-9.210340371976182,-4.3693364796357175,-4.369388671677764
male,46-49,29,-9.210340371976182,-4.3693364796357175,-4.369388671677764
male,46-49,30,-9.210340371976182,-4.3693364796357175,-4.369388671677764
male,46-49,31,-9.210340371976182,-4.3693364796357175,-4.369388671677764
male,46-49,32,-9.210340371976182,-4.3693364796357175,-4.369388671677764
male,46-49,33,-9.210340371976182,-4.3693364796357175,-4.369388671677764
male,46-49,34,-9.210340371976182,-9.210340371976182,-9.210392564018228
male,46-49,35,-9.210340371976182,-9.210340371976182,-9.210392564018228
male,46-49,36,-9.210340371976182,-9.210340371976182,-9.210392564018228
male,46-49,37,-9.210340371976182,-9.210340371976182,-9.210392564018228
male,46-49,38,-9.210340371976182,-9.210340371976182,-9.210392564018228
male,46-49,39,-9.210340371976182,-9.210340371976182,-9.210392564018228
male,46-49,40,-9.210340371976182,-9.210340371976182,-9.210392564018228
male,46-49,41,-9.210340371976182,-9.210340371976182,-9.210392564018228
male,46-49,42,-9.210340371976182,-9.210340371976182,-9.210392564018228
male,46-49,43,-9.210340371976182,-9.210340371976182,-9.210392564018228
male,46-49,44,-9.210340371976182,-9.210340371976182,-9.210392564018228
male,46-49,45,-9.210340371976182,-9.210340371976182,-9.210392564018228
male,46-49,46,-9.210340371976182,-9.210340371976182,-9.210392564018228
male,46-49,47,-9.210340371976182,-9.210340371976182,-9.210392564018228
male,46-49,48,-9.210340371976182,-9.210340371976182,-9.210392564018228
male,46-49,49,-9.210340371976182,-9.210340371976182,-9.210392564018228
male,46-49,50,-9.210340371976182,-9.210340371976182,-9.210392564018228
male,46-49,51,-9.210340371976182,-9.210340371976182,-9.210392564018228
male,46-49,52,-9.210340371976182,-9.210340371976182,-9.210392564018228
male,50-54,-52,-9.210340371976182,-9.210340371976182,-9.210819482204341
male,50-54,-51,-9.210340371976182,-9.210340371976182,-9.210819482204341
male,50-54,-50,-9.210340371976182,-9.210340371976182,-9.210819482204341
male,50-54,-49,-9.210340371976182,-9.210340371976182,-9.210819482204341
male,50-54,-48,-9.210340371976182,-9.210340371976182,-9.210819482204341
male,50-54,-47,-9.210340371976182,-9.210340371976182,-9.210819482204341
male,50-54,-46,-9.210340371976182,-9.210340371976182,-9.210819482204341
male,50-54,-45,-9.210340371976182,-9.210340371976182,-9.210819482204341
male,50-54,-44,-9.210340371976182,-9.210340371976182,-9.210819482204341
male,50-54,-43,-9.210340371976182,-9.210340371976182,-9.210819482204341
male,50-54,-42,-9.210340371976182,-9.210340371976182,-9.210819482204341
male,50-54,-41,-9.210340371976182,-9.210340371976182,-9.210819482204341
male,50-54,-40,-9.210340371976182,-9.210340371976182,-9.210819482204341
male,50-54,-39,-9.210340371976182,-9.210340371976182,-9.210819482204341
male,50-54,-38,-9.210340371976182,-9.210340371976182,-9.210819482204341
male,50-54,-37,-9.210340371976182,-9.210340371976182,-9.210819482204341
male,50-54,-36,-9.210340371976182,-9.210340371976182,-9.210819482204341
male,50-54,-35,-9.210340371976182,-9.210340371976182,-9.210819482204341
male,50-54,-34,-5.324740988125626,-5.32517014119853,-5.32564925142669
male,50-54,-33,-5.954698173828496,-5.954162353488672,-5.954641463716833
male,50-54,-32,-5.402984857265714,-5.402739028608318,-5.403218138836478
male,50-54,-31,-4.668607646119891,-4.66866919798974,-4.6691483082179
male,50-54,-30,-4.36999900629555,-4.369975674230338,-4.370454784458499
male,50-54,-29,-4.082883224505177,-4.082865762217046,-4.083344872445206
male,50-54,-28,-3.813229563925961,-3.813181037425065,-3.8136601476532253
male,50-54,-27,-3.4780164399318805,-3.477947148045854,-3.4784262582740144
male,50-54,-26,-3.0570495086131686,-3.0570919341602125,-3.057571044388373
male,50-54,-25,-2.8399383440611414,-2.839945611138492,-2.8404247213666522
male,50-54,-24,-2.666583327265965,-2.666513841179042,-2.6669929514072024
male,50-54,-23,-2.3341441805041647,-2.3341019795783766,-2.334581089806537
male,50-54,-22,-1.9636838649969712,-1.963754329209465,-1.964233439437625
male,50-54,-21,-1.850030155340933,-1.8499259069951182,-1.8504050172232782
male,50-54,-20,-1.483221052017375,-1.4831910351992155,-1.4836701454273755
male,50-54,-19,-1.1204697531841117,-1.1204787499552415,-1.1209578601834016
male,50-54,-18,-0.8497706919588359,-0.8497902468515163,-0.8502693570796764
male,50-54,-17,-0.6696984265982238,-0.6696332496072618,-0.670112359835422
male,50-54,-16,-0.34740782613112964,-0.34744109497770037,-0.3479202052058605
male,50-54,-15,-0.17166174551618826,-0.17166667477825592,-0.17214578500641603
male,50-54,-14,-0.03013852291032396,-0.03011065899727996,-0.03058976922544007
male,50-54,-13,0.16725450257564942,0.16726175029092435,0.16678264006276425
male,50-54,-12,0.3512919891263259,0.3513018517684785,0.3508227415403184
male,50-54,-11,0.5311513786055633,0.5311565561077065,0.5306774458795464
male,50-54,-10,0.6961487731737227,0.6961442468672835,0.6956651366391233
male,50-54,-9,0.826010211410175,0.8260332633208682,0.8255541530927081
male,50-54,-8,1.0012245852020278,1.001227230288619,1.0007481200604589
male,50-54,-7,1.1581610403957265,1.1581646143976385,1.1576855041694785
male,50-54,-6,1.3032810983341556,1.3032968771875464,1.3028177669593863
male,50-54,-5,1.4687356807613008,1.4687084577969607,1.4682293475688006
male,50-54,-4,1.5327567829754352,1.5327825273106996,1.5323034170825396
male,50-54,-3,1.655757693413332,1.655743499899417,1.6552643896712569
male,50-54,-2,1.718801073738908,1.718809593913051,1.718330483684891
male,50-54,-1,1.7940944260628455,1.794061643897815,1.793582533669655
male,50-54,0,1.7615116648917475,1.7614277113007728,1.7609486010726128
male,50-54,1,1.4209356016836368,1.420969698922591,1.420490588694431
male,50-54,2,1.053173951431851,1.053253570076954,1.052774459848794
male,50-54,3,0.819996122492787,0.8200113574260974,0.8195322471979373
male,50-54,4,0.5744380693312083,0.5744518278406444,0.5739727176124843
male,50-54,5,0.3036720653333111,0.30369000306877186,0.30321089284061176
male,50-54,6,0.0129121625454099,0.012932490625795167,0.012453380397635057
male,50-54,7,-0.2982633316791412,-0.298180935740861,-0.2986600459690211
male,50-54,8,-0.4202508890258246,-0.42027273877086474,-0.42075184899902485
male,50-54,9,-0.6395415432825321,-0.6395225359272204,-0.6400016461553806
male,50-54,10,-0.8513040989418217,-0.8513362261231866,-0.8518153363513468
male,50-54,11,-1.266382213408335,-1.2662701837933474,-1.2667492940215075
male,50-54,12,-1.4810441529755456,-1.4809883597582807,-1.4814674699864407
male,50-54,13,-1.566225548091929,-1.5662441317491271,-1.5667232419772872
male,50-54,14,-1.7325111105784017,-1.7326054805286302,-1.7330845907567902
male,50-54,15,-2.381725585658131,-2.381360732719448,-2.3818398429476084
male,50-54,16,-2.236711092234924,-2.2368080368216563,-2.2372871470498166
male,50-54,17,-2.4538288459958233,-2.4537570015014376,-2.454236111729598
male,50-54,18,-2.5781919639411237,-2.5781086854049775,-2.578587795633138
male,50-54,19,-2.4814888306168985,-2.4816160377223317,-2.482095147950492
male,50-54,20,-3.131522330595927,-3.130931956137321,-3.131411066365481
male,50-54,21,-9.210340371976182,-3.131520281575663,-3.131999391803823
male,50-54,22,-9.210340371976182,-3.131520281641932,-3.1319993918700924
male,50-54,23,-9.210340371976182,-3.131520281641932,-3.1319993918700924
male,50-54,24,-9.210340371976182,-3.131520281641932,-3.1319993918700924
male,50-54,25,-9.210340371976182,-3.131520281641932,-3.1319993918700924
male,50-54,26,-9.210340371976182,-3.1315202816419325,-3.131999391870093
male,50-54,27,-9.210340371976182,-3.131520281641932,-3.1319993918700924
male,50-54,28,-9.210340371976182,-3.131520281641932,-3.1319993918700924
male,50-54,29,-9.210340371976182,-3.1315202816419325,-3.131999391870093
male,50-54,30,-9.210340371976182,-9.210340371976182,-9.210819482204341
male,50-54,31,-9.210340371976182,-9.210340371976182,-9.210819482204341
male,50-54,32,-9.210340371976182,-9.210340371976182,-9.210819482204341
male,50-54,33,-9.210340371976182,-9.210340371976182,-9.210819482204341
male,50-54,34,-9.210340371976182,-9.210340371976182,-9.210819482204341
male,50-54,35,-9.210340371976182,-9.210340371976182,-9.210819482204341
male,50-54,36,-9.210340371976182,-9.210340371976182,-9.210819482204341
male,50-54,37,-9.210340371976182,-9.210340371976182,-9.210819482204341
male,50-54,38,-9.210340371976182,-9.210340371976182,-9.210819482204341
male,50-54,39,-9.210340371976182,-9.210340371976182,-9.210819482204341
male,50-54,40,-9.210340371976182,-9.210340371976182,-9.210819482204341
male,50-54,41,-9.210340371976182,-9.210340371976182,-9.210819482204341
male,50-54,42,-9.210340371976182,-9.210340371976182,-9.210819482204341
male,50-54,43,-9.210340371976182,-9.210340371976182,-9.210819482204341
male,50-54,44,-9.210340371976182,-9.210340371976182,-9.210819482204341
male,50-54,45,-9.210340371976182,-9.210340371976182,-9.210819482204341
male,50-54,46,-9.210340371976182,-9.210340371976182,-9.210819482204341
male,50-54,47,-9.210340371976182,-9.210340371976182,-9.210819482204341
male,50-54,48,-9.210340371976182,-9.210340371976182,-9.210819482204341
male,50-54,49,-9.210340371976182,-9.210340371976182,-9.210819482204341
male,50-54,50,-9.210340371976182,-9.210340371976182,-9.210819482204341
male,50-54,51,-9.210340371976182,-9.210340371976182,-9.210819482204341
male,50-54,52,-9.210340371976182,-9.210340371976182,-9.210819482204341
male,55-59,-52,-9.210340371976182,-9.210340371976182,-9.210503821550676
male,55-59,-51,-9.210340371976182,-9.210340371976182,-9.210503821550676
male,55-59,-50,-9.210340371976182,-4.515231502129247,-4.515394951703741
male,55-59,-49,-9.210340371976182,-4.5152315021292475,-4.515394951703742
male,55-59,-48,-9.210340371976182,-4.515231502129247,-4.515394951703741
male,55-59,-47,-9.210340371976182,-4.515231502129247,-4.515394951703741
male,55-59,-46,-9.210340371976182,-4.515231502129247,-4.515394951703741
male,55-59,-45,-9.210340371976182,-4.515231502129247,-4.515394951703741
male,55-59,-44,-9.210340371976182,-4.5152315021292475,-4.515394951703742
male,55-59,-43,-9.210340371976182,-4.515231502129247,-4.515394951703741
male,55-59,-42,-9.210340371976182,-4.5152315021504155,-4.51539495172491
male,55-59,-41,-4.515231502128472,-4.515419499590905,-4.5155829491654
male,55-59,-40,-4.8450059565610335,-4.845146712312037,-4.845310161886531
male,55-59,-39,-5.371490061068198,-5.371681136270098,-5.371844585844593
male,55-59,-38,-6.845610745537634,-6.843962704991903,-6.844126154566398
male,55-59,-37,-5.782795654880195,-5.782607532287544,-5.782770981862039
male,55-59,-36,-5.037721422328781,-5.0380147367320625,-5.038178186306557
male,55-59,-35,-5.456006626653399,-5.455284938445459,-5.455448388019954
male,55-59,-34,-4.475785405391202,-4.475900239119297,-4.476063688693792
male,55-59,-33,-4.207766493487409,-4.207785947034985,-4.20794939660948
male,55-59,-32,-4.0314739634365635,-4.031316975382394,-4.0314804249568885
male,55-59,-31,-3.5181769868041646,-3.518149610723436,-3.5183130602979307
male,55-59,-30,-3.089663959703207,-3.0897928891766875,-3.089956338751182
male,55-59,-29,-3.105473941611152,-3.105227593019285,-3.1053910425937796
male,55-59,-28,-2.536704624612947,-2.5368884487073577,-2.5370518982818524
male,55-59,-27,-2.6320172847709578,-2.631728651789344,-2.6318921013638388
male,55-59,-26,-2.041833334670733,-2.042010638748873,-2.0421740883233674
male,55-59,-25,-2.100347599758302,-2.1002614043787493,-2.100424853953244
male,55-59,-24,-1.9119498782450008,-1.9119268901011952,-1.9120903396756896
male,55-59,-23,-1.6748200754232028,-1.6747612380219616,-1.674924687596456
male,55-59,-22,-1.3232516191703614,-1.323304982241135,-1.3234684318156293
male,55-59,-21,-1.1737403761433844,-1.1736667519886184,-1.1738302015631128
male,55-59,-20,-0.8504769460833482,-0.85051790176729,-0.8506813513417845
male,55-59,-19,-0.692469796939024,-0.6924723449872321,-0.6926357945617265
male,55-59,-18,-0.5559531819850876,-0.5559339717567381,-0.5560974213312325
male,55-59,-17,-0.3812620215749251,-0.38121881854363526,-0.38138226811812975
male,55-59,-16,-0.12182887068593548,-0.1218932945959691,-0.12205674417046358
male,55-59,-15,-0.08206464546312262,-0.0819721570330501,-0.08213560660754457
male,55-59,-14,0.19881763289933127,0.19876466105214755,0.19860121147765308
male,55-59,-13,0.2900762728501247,0.2901042720389537,0.28994082246445924
male,55-59,-12,0.4529598488572072,0.4529551153449704,0.4527916657704759
male,55-59,-11,0.58606232573219,0.5860951233218584,0.585931673747364
male,55-59,-10,0.7901238476304823,0.7901193103259522,0.7899558607514577
male,55-59,-9,0.9482592745698142,0.9482489215007912,0.9480854719262968
male,55-59,-8,1.0552725637273797,1.0552632106129638,1.0550997610384694
male,55-59,-7,1.1241382310113057,1.1241758023058512,1.1240123527313568
male,55-59,-6,1.2849780770157315,1.2849609731274931,1.2847975235529987
male,55-59,-5,1.3742525569194035,1.3742683774143667,1.3741049278398723
male,55-59,-4,1.497186901571341,1.4971749787489188,1.4970115291744244
male,55-59,-3,1.573472595056769,1.5734876587792979,1.5733242092048034
male,55-59,-2,1.6835099919282188,1.6834708588820224,1.683307409307528
male,55-59,-1,1.6696285552352852,1.6696436025643995,1.669480152989905
male,55-59,0,1.699787380483404,1.699662663536559,1.6994992139620646
male,55-59,1,1.2948195789474042,1.2948873436156625,1.294723894041168
male,55-59,2,0.9718055187116024,0.9718466752772835,0.9716832257027891
male,55-59,3,0.6908447486103954,0.6908786752186862,0.6907152256441917
male,55-59,4,0.4482771017057236,0.4483009003695108,0.4481374507950163
male,55-59,5,0.2261845359011026,0.2262315699606985,0.22606812038620402
male,55-59,6,0.1123467494118276,0.11230135174716141,0.11213790217266693
male,55-59,7,-0.1874427051138211,-0.18740517087053465,-0.18756862044502912
male,55-59,8,-0.46572718297264165,-0.46567490461713473,-0.4658383541916292
male,55-59,9,-0.6529293475309529,-0.6528902280263651,-0.6530536776008595
male,55-59,10,-0.7504412117052625,-0.7505257749779773,-0.7506892245524718
male,55-59,11,-1.1952195704638942,-1.1950731477815617,-1.1952365973560561
male,55-59,12,-1.366791601495448,-1.366770394164159,-1.3669338437386533
male,55-59,13,-1.6169755028986372,-1.6169004233042328,-1.6170638728787272
male,55-59,14,-1.870744523260504,-1.870640541514947,-1.8708039910894414
male,55-59,15,-2.12718887111699,-2.126999774608069,-2.1271632241825635
male,55-59,16,-9.210340371976182,-2.127188871095805,-2.1273523206703
male,55-59,17,-9.210340371976182,-2.127188871117101,-2.1273523206915956
male,55-59,18,-9.210340371976182,-2.127188871117101,-2.1273523206915956
male,55-59,19,-9.210340371976182,-2.127188871117101,-2.1273523206915956
male,55-59,20,-9.210340371976182,-2.127188871117101,-2.1273523206915956
male,55-59,21,-9.210340371976182,-2.127188871117101,-2.1273523206915956
male,55-59,22,-9.210340371976182,-2.127188871117101,-2.1273523206915956
male,55-59,23,-9.210340371976182,-2.127188871117101,-2.1273523206915956
male,55-59,24,-9.210340371976182,-2.127188871117101,-2.1273523206915956
male,55-59,25,-9.210340371976182,-9.210340371976182,-9.210503821550676
male,55-59,26,-9.210340371976182,-9.210340371976182,-9.210503821550676
male,55-59,27,-9.210340371976182,-9.210340371976182,-9.210503821550676
male,55-59,28,-9.210340371976182,-9.210340371976182,-9.210503821550676
male,55-59,29,-9.210340371976182,-9.210340371976182,-9.210503821550676
male,55-59,30,-9.210340371976182,-9.210340371976182,-9.210503821550676
male,55-59,31,-9.210340371976182,-9.210340371976182,-9.210503821550676
male,55-59,32,-9.210340371976182,-9.210340371976182,-9.210503821550676
male,55-59,33,-9.210340371976182,-9.210340371976182,-9.210503821550676
male,55-59,34,-9.210340371976182,-9.210340371976182,-9.210503821550676
male,55-59,35,-9.210340371976182,-9.210340371976182,-9.210503821550676
male,55-59,36,-9.210340371976182,-9.210340371976182,-9.210503821550676
male,55-59,37,-9.210340371976182,-9.210340371976182,-9.210503821550676
male,55-59,38,-9.210340371976182,-9.210340371976182,-9.210503821550676
male,55-59,39,-9.210340371976182,-9.210340371976182,-9.210503821550676
male,55-59,40,-9.210340371976182,-9.210340371976182,-9.210503821550676
male,55-59,41,-9.210340371976182,-9.210340371976182,-9.210503821550676
male,55-59,42,-9.210340371976182,-9.210340371976182,-9.210503821550676
male,55-59,43,-9.210340371976182,-9.210340371976182,-9.210503821550676
male,55-59,44,-9.210340371976182,-9.210340371976182,-9.210503821550676
male,55-59,45,-9.210340371976182,-9.210340371976182,-9.210503821550676
male,55-59,46,-9.210340371976182,-9.210340371976182,-9.210503821550676
male,55-59,47,-9.210340371976182,-9.210340371976182,-9.210503821550676
male,55-59,48,-9.210340371976182,-9.210340371976182,-9.210503821550676
male,55-59,49,-9.210340371976182,-9.210340371976182,-9.210503821550676
male,55-59,50,-9.210340371976182,-9.210340371976182,-9.210503821550676
male,55-59,51,-9.210340371976182,-9.210340371976182,-9.210503821550676
male,55-59,52,-9.210340371976182,-9.210340371976182,-9.210503821550676
male,60-70,-52,-9.210340371976182,-9.210340371976182,-9.210796674143968
male,60-70,-51,-9.210340371976182,-9.210340371976182,-9.210796674143968
male,60-70,-50,-9.210340371976182,-9.210340371976182,-9.210796674143968
male,60-70,-49,-5.460806195487662,-5.460935544858486,-5.461391847026272
male,60-70,-48,-5.236368085807627,-5.236517213235172,-5.2369735154029575
male,60-70,-47,-5.503466242050053,-5.50333002793541,-5.503786330103195
male,60-70,-46,-5.3813660033392825,-5.381479664960508,-5.381935967128293
male,60-70,-45,-5.61411386407781,-5.613818099578607,-5.614274401746393
male,60-70,-44,-5.166262472352148,-5.166485046833614,-5.1669413490014
male,60-70,-43,-5.542826906910033,-5.542605595950409,-5.543061898118195
male,60-70,-42,-5.3397452654288,-5.339697987565874,-5.340154289733659
male,60-70,-41,-5.069852818022811,-5.069801044498285,-5.070257346666071
male,60-70,-40,-4.727443831698631,-4.727435338882236,-4.727891641050022
male,60-70,-39,-4.439907564437834,-4.439994905346431,-4.440451207514217
male,60-70,-38,-4.444665681025121,-4.444655048569326,-4.445111350737112
male,60-70,-37,-4.420763249678663,-4.42025901561372,-4.4207153177815055
male,60-70,-36,-3.4605454947931813,-3.460853715809881,-3.461310017977667
male,60-70,-35,-3.7983868265863068,-3.7978723237564833,-3.7983286259242695
male,60-70,-34,-3.0212004111741657,-3.0212935705223725,-3.0217498726901586
male,60-70,-33,-2.7502082898400064,-2.750377567784077,-2.750833869951863
male,60-70,-32,-3.066607548737351,-3.0663470763728133,-3.0668033785405995
male,60-70,-31,-2.728914631718981,-2.72886457882115,-2.729320880988936
male,60-70,-30,-2.34305881436383,-2.343124192924115,-2.343580495091901
male,60-70,-29,-2.20773881432686,-2.2076783704826606,-2.2081346726504467
male,60-70,-28,-1.9268591750946844,-1.926924933098815,-1.9273812352666009
male,60-70,-27,-1.8703417080055902,-1.8702573822507722,-1.8707136844185581
male,60-70,-26,-1.5956245792703143,-1.595665376690796,-1.596121678858582
male,60-70,-25,-1.475427806600719,-1.4753652851347212,-1.4758215873025071
male,60-70,-24,-1.206286862015825,-1.206291213997037,-1.206747516164823
male,60-70,-23,-0.9982924951032208,-0.9983575305597747,-0.9988138327275607
male,60-70,-22,-1.0043015208112926,-1.004204970121862,-1.004661272289648
male,60-70,-21,-0.7557947401110847,-0.7558076158875493,-0.7562639180553353
male,60-70,-20,-0.5881066083530324,-0.5880869033913232,-0.5885432055591092
male,60-70,-19,-0.3942358761006515,-0.39427382836024405,-0.39473013052803
male,60-70,-18,-0.3337679361847307,-0.3337136318807085,-0.3341699340484945
male,60-70,-17,-0.13598022279922004,-0.13599547995340083,-0.13645178212118683
male,60-70,-16,-0.012308244067607277,-0.012322800164557036,-0.012779102332343029
male,60-70,-15,0.05472895715875506,0.054775287121755,0.05431898495396901
male,60-70,-14,0.23567524701717338,0.23569656774376946,0.23524026557598346
male,60-70,-13,0.4360797000550338,0.43609112868148925,0.4356348265137033
male,60-70,-12,0.6237754063262003,0.623769822726844,0.623313520559058
male,60-70,-11,0.7598263052203802,0.7598305536727323,0.7593742515049463
male,60-70,-10,0.883381827668889,0.8833880833832133,0.8829317812154273
male,60-70,-9,1.0033894999252981,1.0033793845268024,1.0029230823590165
male,60-70,-8,1.0773999249672053,1.077417342591944,1.076961040424158
male,60-70,-7,1.1878931861662132,1.187897840562027,1.1874415383942412
male,60-70,-6,1.2940173214134232,1.2940149347305732,1.2935586325627872
male,60-70,-5,1.3781148900827838,1.3781038994472112,1.3776475972794253
male,60-70,-4,1.4200516701735242,1.4200781474746755,1.4196218453068896
male,60-70,-3,1.5284458231391158,1.5284321089755648,1.527975806807779
male,60-70,-2,1.5834486729424646,1.5834473044879582,1.5829910023201723
male,60-70,-1,1.6277651491891876,1.6277615035088218,1.6273052013410358
male,60-70,0,1.655983647952364,1.6558788027355498,1.6554225005677639
male,60-70,1,1.2866852649264842,1.286759325278067,1.286303023110281
male,60-70,2,0.9573295515361846,0.957396113479706,0.95693981131192
male,60-70,3,0.674640729977951,0.674717528435736,0.6742612262679499
male,60-70,4,0.5163207188786137,0.5163648123699379,0.5159085102021519
male,60-70,5,0.4430669333743861,0.4430093105868962,0.4425530084191102
male,60-70,6,0.0812718107960602,0.08140761980778678,0.08095131764000078
male,60-70,7,-0.054379600369007054,-0.05438494484607984,-0.054841247013865835
male,60-70,8,-0.3495464682412499,-0.3494544032206505,-0.3499107053884365
male,60-70,9,-0.6472976300464109,-0.64717699289511,-0.647633295062896
male,60-70,10,-0.9755763872631747,-0.9753304518183442,-0.9757867539861302
male,60-70,11,-9.210340371976182,-0.9755751402894639,-0.9760314424572499
male,60-70,12,-9.210340371976182,-0.9755751403170208,-0.9760314424848068
male,60-70,13,-9.210340371976182,-0.9755751403170208,-0.9760314424848068
male,60-70,14,-9.210340371976182,-0.9755751403170209,-0.9760314424848069
male,60-70,15,-9.210340371976182,-0.9755751403170209,-0.9760314424848069
male,60-70,16,-9.210340371976182,-0.9755751403170209,-0.9760314424848069
male,60-70,17,-9.210340371976182,-0.9755751403170208,-0.9760314424848068
male,60-70,18,-9.210340371976182,-0.9755751403170208,-0.9760314424848068
male,60-70,19,-9.210340371976182,-0.9755751403170209,-0.9760314424848069
male,60-70,20,-9.210340371976182,-9.210340371976182,-9.210796674143968
male,60-70,21,-9.210340371976182,-9.210340371976182,-9.210796674143968
male,60-70,22,-9.210340371976182,-9.210340371976182,-9.210796674143968
male,60-70,23,-9.210340371976182,-9.210340371976182,-9.210796674143968
male,60-70,24,-9.210340371976182,-9.210340371976182,-9.210796674143968
male,60-70,25,-9.210340371976182,-9.210340371976182,-9.210796674143968
male,60-70,26,-9.210340371976182,-9.210340371976182,-9.210796674143968
male,60-70,27,-9.210340371976182,-9.210340371976182,-9.210796674143968
male,60-70,28,-9.210340371976182,-9.210340371976182,-9.210796674143968
male,60-70,29,-9.210340371976182,-9.210340371976182,-9.210796674143968
male,60-70,30,-9.210340371976182,-9.210340371976182,-9.210796674143968
male,60-70,31,-9.210340371976182,-9.210340371976182,-9.210796674143968
male,60-70,32,-9.210340371976182,-9.210340371976182,-9.210796674143968
male,60-70,33,-9.210340371976182,-9.210340371976182,-9.210796674143968
male,60-70,34,-9.210340371976182,-9.210340371976182,-9.210796674143968
male,60-70,35,-9.210340371976182,-9.210340371976182,-9.210796674143968
male,60-70,36,-9.210340371976182,-9.210340371976182,-9.210796674143968
male,60-70,37,-9.210340371976182,-9.210340371976182,-9.210796674143968
male,60-70,38,-9.210340371976182,-9.210340371976182,-9.210796674143968
male,60-70,39,-9.210340371976182,-9.210340371976182,-9.210796674143968
male,60-70,40,-9.210340371976182,-9.210340371976182,-9.210796674143968
male,60-70,41,-9.210340371976182,-9.210340371976182,-9.210796674143968
male,60-70,42,-9.210340371976182,-9.210340371976182,-9.210796674143968
male,60-70,43,-9.210340371976182,-9.210340371976182,-9.210796674143968
male,60-70,44,-9.210340371976182,-9.210340371976182,-9.210796674143968
male,60-70,45,-9.210340371976182,-9.210340371976182,-9.210796674143968
male,60-70,46,-9.210340371976182,-9.210340371976182,-9.210796674143968
male,60-70,47,-9.210340371976182,-9.210340371976182,-9.210796674143968
male,60-70,48,-9.210340371976182,-9.210340371976182,-9.210796674143968
male,60-70,49,-9.210340371976182,-9.210340371976182,-9.210796674143968
male,60-70,50,-9.210340371976182,-9.210340371976182,-9.210796674143968
male,60-70,51,-9.210340371976182,-9.210340371976182,-9.210796674143968
male,60-70,52,-9.210340371976182,-9.210340371976182,-9.210796674143968
female,18-19,-52,-9.210340371976182,-9.210340371976182,-9.223585148301773
female,18-19,-51,-9.210340371976182,-9.210340371976182,-9.223585148301773
female,18-19,-50,-9.210340371976182,-9.210340371976182,-9.223585148301773
female,18-19,-49,-9.210340371976182,-9.210340371976182,-9.223585148301773
female,18-19,-48,-9.210340371976182,-9.210340371976182,-9.223585148301773
female,18-19,-47,-9.210340371976182,-9.210340371976182,-9.223585148301773
female,18-19,-46,-9.210340371976182,-9.210340371976182,-9.223585148301773
female,18-19,-45,-9.210340371976182,-9.210340371976182,-9.223585148301773
female,18-19,-44,-9.210340371976182,-9.210340371976182,-9.223585148301773
female,18-19,-43,-9.210340371976182,-9.210340371976182,-9.223585148301773
female,18-19,-42,-9.210340371976182,-9.210340371976182,-9.223585148301773
female,18-19,-41,-9.210340371976182,-9.210340371976182,-9.223585148301773
female,18-19,-40,-9.210340371976182,-9.210340371976182,-9.223585148301773
female,18-19,-39,-9.210340371976182,-9.210340371976182,-9.223585148301773
female,18-19,-38,-9.210340371976182,-9.210340371976182,-9.223585148301773
female,18-19,-37,-9.210340371976182,-9.210340371976182,-9.223585148301773
female,18-19,-36,-9.210340371976182,-9.210340371976182,-9.223585148301773
female,18-19,-35,-9.210340371976182,-9.210340371976182,-9.223585148301773
female,18-19,-34,-9.210340371976182,-9.210340371976182,-9.223585148301773
female,18-19,-33,-9.210340371976182,-9.210340371976182,-9.223585148301773
female,18-19,-32,-9.210340371976182,-9.210340371976182,-9.223585148301773
female,18-19,-31,-9.210340371976182,-9.210340371976182,-9.223585148301773
female,18-19,-30,-9.210340371976182,-9.210340371976182,-9.223585148301773
female,18-19,-29,-9.210340371976182,-9.210340371976182,-9.223585148301773
female,18-19,-28,-9.210340371976182,-9.210340371976182,-9.223585148301773
female,18-19,-27,-9.210340371976182,-9.210340371976182,-9.223585148301773
female,18-19,-26,-9.210340371976182,-9.210340371976182,-9.223585148301773
female,18-19,-25,-9.210340371976182,-9.210340371976182,-9.223585148301773
female,18-19,-24,-9.210340371976182,-9.210340371976182,-9.223585148301773
female,18-19,-23,-9.210340371976182,-9.210340371976182,-9.223585148301773
female,18-19,-22,-9.210340371976182,-9.210340371976182,-9.223585148301773
female,18-19,-21,-9.210340371976182,-9.210340371976182,-9.223585148301773
female,18-19,-20,-9.210340371976182,0.008225074325754037,-0.005019701999836489
female,18-19,-19,-9.210340371976182,0.008225074325748972,-0.005019701999841555
female,18-19,-18,-9.210340371976182,0.008225074325749192,-0.005019701999841334
female,18-19,-17,-9.210340371976182,0.008225074325748972,-0.005019701999841555
female,18-19,-16,-9.210340371976182,0.008225074325748972,-0.005019701999841555
female,18-19,-15,-9.210340371976182,0.008225074325748972,-0.005019701999841555
female,18-19,-14,-9.210340371976182,0.008225074325748972,-0.005019701999841555
female,18-19,-13,-9.210340371976182,0.008225074325748972,-0.005019701999841555
female,18-19,-12,-9.210340371976182,0.008225074325749192,-0.005019701999841334
female,18-19,-11,-9.210340371976182,0.008225074325748972,-0.005019701999841555
female,18-19,-10,-9.210340371976182,0.008225074325749192,-0.005019701999841334
female,18-19,-9,-9.210340371976182,0.008225074325755137,-0.0050197019998353895
female,18-19,-8,-9.210340371976182,0.008225074326090322,-0.0050197019995002045
female,18-19,-7,-9.210340371976182,0.008225074344382934,-0.005019701981207592
female,18-19,-6,-9.210340371976182,0.008225075343125042,-0.005019700982465484
female,18-19,-5,-9.210340371976182,0.008225129872587502,-0.005019646453003025
female,18-19,-4,-9.210340371976182,0.008228107072836789,-0.005016669252753738
female,18-19,-3,-9.210340371976182,0.008390634265653557,-0.004854142059936969
female,18-19,-2,-9.210340371976182,0.017198006445463775,0.003953230119873249
female,18-19,-1,0.008218017298389965,0.3615953479592136,0.3483505716336231
female,18-19,0,1.3750587233442562,1.3657141531341697,1.3524693768085791
female,18-19,1,1.8037024228398193,1.7414906229799165,1.728245846654326
female,18-19,2,1.5729683193325612,1.5655925732680693,1.5523477969424788
female,18-19,3,1.1169935115279244,1.158747331662897,1.1455025553373064
female,18-19,4,0.8233443473239568,0.817897144602169,0.8046523682765785
female,18-19,5,0.2170625805061962,0.2935074256824538,0.2802626493568633
female,18-19,6,0.05314254252524321,0.036347275719552714,0.023102499393962188
female,18-19,7,-0.4022776797599861,-0.3638959861672515,-0.377140762492842
female,18-19,8,-0.7040199311689849,-0.6729117474590202,-0.6861565237846107
female,18-19,9,-0.7893308402256447,-0.7775031443993374,-0.7907479207249279
female,18-19,10,-0.7709992947725023,-0.8186765680831001,-0.8319213444086906
female,18-19,11,-1.315215979684045,-1.2450282242891104,-1.258273000614701
female,18-19,12,-1.3668139105305948,-1.4067907846327659,-1.4200355609583564
female,18-19,13,-1.9684047018102593,-1.869064602752611,-1.8823093790782015
female,18-19,14,-1.8586932914031045,-1.9157486683792222,-1.9289934447048127
female,18-19,15,-2.4409098468266874,-2.3183058037916098,-2.3315505801172005
female,18-19,16,-2.1141769626244504,-2.0170938826680618,-2.0303386589936525
female,18-19,17,-1.2690357268381585,-1.3912369397771187,-1.4044817161027092
female,18-19,18,-1.9622111114024177,-1.918108735939034,-1.9313535122646246
female,18-19,19,-3.0963417559097333,-2.7812527290238727,-2.7944975053494634
female,18-19,20,-2.2589556358313096,-2.3906880675776763,-2.403932843903267
female,18-19,21,-3.0756012101773873,-2.8958561261930233,-2.909100902518614
female,18-19,22,-2.5666679025499968,-2.6220815178505608,-2.6353262941761515
female,18-19,23,-2.6532608493425194,-2.6542170602332997,-2.6674618365588905
female,18-19,24,-2.7658162838780265,-2.7552481779885247,-2.7684929543141155
female,18-19,25,-2.789584874731395,-2.8763514670333548,-2.8895962433589455
female,18-19,26,-4.525993493759682,-3.3024829559857722,-3.315727732311363
female,18-19,27,-1.5305002000166206,-1.7055741922030834,-1.7188189685286739
female,18-19,28,-2.2348197859122076,-2.1711582299606693,-2.18440300628626
female,18-19,29,-2.790089402942258,-2.747002867612921,-2.7602476439385115
female,18-19,30,-3.1864402213002427,-2.957819777144012,-2.9710645534696027
female,18-19,31,-2.1541931620874246,-2.2628855076801933,-2.276130284005784
female,18-19,32,-2.613478250196069,-2.53880266651329,-2.5520474428388806
female,18-19,33,-2.493883303891945,-2.5272531700516594,-2.54049794637725
female,18-19,34,-2.709507820435493,-2.793321037651802,-2.8065658139773926
female,18-19,35,-9.210340371976182,-4.72678127546085,-4.74002605178644
female,18-19,36,-4.154106615636328,-3.9905812062813397,-4.00382598260693
female,18-19,37,-2.8588555356592082,-3.0223460766550803,-3.035590852980671
female,18-19,38,-4.007789958700965,-3.5241951911700866,-3.5374399674956774
female,18-19,39,-2.4785619937739503,-2.5760255254676525,-2.5892703017932432
female,18-19,40,-2.589532545109076,-2.594017164724662,-2.6072619410502527
female,18-19,41,-2.7508368066691413,-2.840447966008208,-2.8536927423337985
female,18-19,42,-9.210340371976182,-4.95030973587335,-4.96355451219894
female,18-19,43,-9.210340371976182,-4.614595809875375,-4.627840586200966
female,18-19,44,-2.3484468380196706,-2.544854222206261,-2.5580989985318516
female,18-19,45,-3.4395496394496776,-3.3280367449008805,-3.3412815212264713
female,18-19,46,-9.210340371976182,-4.934252436068684,-4.947497212394275
female,18-19,47,-3.335065530816858,-3.5739961426681317,-3.5872409189937224
female,18-19,48,-9.210340371976182,-4.5825650252442145,-4.595809801569805
female,18-19,49,-2.787925530547991,-3.02821951319112,-3.0414642895167106
female,18-19,50,-9.210340371976182,-4.970196384962111,-4.983441161287701
female,18-19,51,-9.210340371976182,-9.210340371976182,-9.223585148301773
female,18-19,52,-9.210340371976182,-9.210340371976182,-9.223585148301773
female,20-21,-52,-9.210340371976182,-9.210340371976182,-9.216924330498108
female,20-21,-51,-9.210340371976182,-9.210340371976182,-9.216924330498108
female,20-21,-50,-9.210340371976182,-9.210340371976182,-9.216924330498108
female,20-21,-49,-9.210340371976182,-9.210340371976182,-9.216924330498108
female,20-21,-48,-9.210340371976182,-9.210340371976182,-9.216924330498108
female,20-21,-47,-9.210340371976182,-9.210340371976182,-9.216924330498108
female,20-21,-46,-9.210340371976182,-9.210340371976182,-9.216924330498108
female,20-21,-45,-9.210340371976182,-9.210340371976182,-9.216924330498108
female,20-21,-44,-9.210340371976182,-9.210340371976182,-9.216924330498108
female,20-21,-43,-9.210340371976182,-9.210340371976182,-9.216924330498108
female,20-21,-42,-9.210340371976182,-9.210340371976182,-9.216924330498108
female,20-21,-41,-9.210340371976182,-9.210340371976182,-9.216924330498108
female,20-21,-40,-9.210340371976182,-9.210340371976182,-9.216924330498108
female,20-21,-39,-9.210340371976182,-9.210340371976182,-9.216924330498108
female,20-21,-38,-9.210340371976182,-9.210340371976182,-9.216924330498108
female,20-21,-37,-9.210340371976182,-9.210340371976182,-9.216924330498108
female,20-21,-36,-9.210340371976182,-9.210340371976182,-9.216924330498108
female,20-21,-35,-9.210340371976182,-9.210340371976182,-9.216924330498108
female,20-21,-34,-9.210340371976182,-9.210340371976182,-9.216924330498108
female,20-21,-33,-9.210340371976182,-9.210340371976182,-9.216924330498108
female,20-21,-32,-9.210340371976182,-9.210340371976182,-9.216924330498108
female,20-21,-31,-9.210340371976182,-9.210340371976182,-9.216924330498108
female,20-21,-30,-9.210340371976182,-9.210340371976182,-9.216924330498108
female,20-21,-29,-9.210340371976182,-9.210340371976182,-9.216924330498108
female,20-21,-28,-9.210340371976182,-9.210340371976182,-9.216924330498108
female,20-21,-27,-9.210340371976182,-9.210340371976182,-9.216924330498108
female,20-21,-26,-9.210340371976182,-9.210340371976182,-9.216924330498108
female,20-21,-25,-9.210340371976182,-9.210340371976182,-9.216924330498108
female,20-21,-24,-9.210340371976182,-9.210340371976182,-9.216924330498108
female,20-21,-23,-9.210340371976182,-9.210340371976182,-9.216924330498108
female,20-21,-22,-9.210340371976182,-2.8867660207919226,-2.8933499793138475
female,20-21,-21,-9.210340371976182,-2.8867660207918475,-2.8933499793137725
female,20-21,-20,-9.210340371976182,-2.8867660207918475,-2.8933499793137725
female,20-21,-19,-9.210340371976182,-2.8867660207918475,-2.8933499793137725
female,20-21,-18,-9.210340371976182,-2.8867660207918475,-2.8933499793137725
female,20-21,-17,-9.210340371976182,-2.8867660207918475,-2.8933499793137725
female,20-21,-16,-9.210340371976182,-2.8867660207918475,-2.8933499793137725
female,20-21,-15,-9.210340371976182,-2.8867660207918475,-2.8933499793137725
female,20-21,-14,-9.210340371976182,-2.8867660207918475,-2.8933499793137725
female,20-21,-13,-9.210340371976182,-2.8867660207918475,-2.8933499793137725
female,20-21,-12,-9.210340371976182,-2.8867660207918475,-2.8933499793137725
female,20-21,-11,-9.210340371976182,-2.8867660207918364,-2.8933499793137614
female,20-21,-10,-9.210340371976182,-2.8867660207912484,-2.8933499793131734
female,20-21,-9,-9.210340371976182,-2.8867660207591515,-2.8933499792810764
female,20-21,-8,-9.210340371976182,-2.8867660190066915,-2.8933499775286164
female,20-21,-7,-9.210340371976182,-2.8867659233256235,-2.8933498818475485
female,20-21,-6,-9.210340371976182,-2.8867606993364854,-2.8933446578584103
female,20-21,-5,-9.210340371976182,-2.886475539215899,-2.893059497737824
female,20-21,-4,-9.210340371976182,-2.8710828843788097,-2.8776668429007346
female,20-21,-3,-2.886770674735604,-2.3405653262027895,-2.3471492847247144
female,20-21,-2,-1.2595034627804782,-0.8688481400997835,-0.8754320986217086
female,20-21,-1,0.5241836132407917,0.6087191033402333,0.6021351448183082
female,20-21,0,1.5256371454803381,1.4739833837760137,1.4673994252540885
female,20-21,1,1.6996026250459766,1.6612974073872044,1.6547134488652793
female,20-21,2,1.4841012738741186,1.4814882173540942,1.474904258832169
female,20-21,3,1.123476984030122,1.1386290000733208,1.1320450415513956
female,20-21,4,0.7166693398389308,0.7474038929723659,0.7408199344504408
female,20-21,5,0.43310554061461337,0.4446442429267847,0.43806028440485967
female,20-21,6,0.14278723046597294,0.1456695579791862,0.13908559945726115
female,20-21,7,-0.2844519028761863,-0.24004943782528543,-0.2466333963472105
female,20-21,8,-0.4424137075343109,-0.4602846298089356,-0.46686858833086065
female,20-21,9,-0.8821291631887541,-0.8068904680230286,-0.8134744265449536
female,20-21,10,-0.716596848756668,-0.7715352434871913,-0.7781192020091163
female,20-21,11,-1.1678026184209827,-1.1263558764243367,-1.1329398349462618
female,20-21,12,-1.425190987802611,-1.4142753115620443,-1.4208592700839695
female,20-21,13,-1.684728474273834,-1.6437525043467254,-1.6503364628686505
female,20-21,14,-1.611489126684354,-1.6142745150797249,-1.62085847360165
female,20-21,15,-1.5628550455595276,-1.5855635455988972,-1.5921475041208224
female,20-21,16,-1.751862218398716,-1.7266541286055632,-1.7332380871274884
female,20-21,17,-1.7348554777829668,-1.7700538366949563,-1.7766377952168815
female,20-21,18,-2.119455008386604,-2.0379193477050817,-2.0445033062270066
female,20-21,19,-1.850101029715595,-1.930964117288999,-1.9375480758109243
female,20-21,20,-2.57900568597511,-2.5008500098322535,-2.5074339683541784
female,20-21,21,-3.071630223304676,-2.9140039616731617,-2.9205879201950866
female,20-21,22,-2.4006797094509786,-2.4796283696126946,-2.4862123281346196
female,20-21,23,-2.6419939452558987,-2.6373220273141604,-2.6439059858360854
female,20-21,24,-2.919898940361598,-2.8762838475426764,-2.8828678060646014
female,20-21,25,-2.8301081482689017,-2.832914205155982,-2.839498163677907
female,20-21,26,-2.764239326210418,-2.815481327242831,-2.822065285764756
female,20-21,27,-3.2722241653873043,-3.257799598618304,-3.264383557140229
female,20-21,28,-4.006556380894687,-3.6118795423650796,-3.6184635008870045
female,20-21,29,-2.550616733789372,-2.6468698180421844,-2.6534537765641093
female,20-21,30,-2.690391806408782,-2.698342968200442,-2.704926926722367
female,20-21,31,-2.9446478892307626,-2.9897837042065842,-2.996367662728509
female,20-21,32,-4.1376856344508415,-4.009482050489498,-4.016066009011423
female,20-21,33,-9.210340371976182,-5.465431479642847,-5.472015438164772
female,20-21,34,-3.7550839653841392,-3.993977120631717,-4.000561079153642
female,20-21,35,-9.210340371976182,-5.4555046665238995,-5.4620886250458245
female,20-21,36,-4.094049394421966,-4.212937601383127,-4.2195215599050515
female,20-21,37,-4.1531269153906525,-4.245666803545357,-4.252250762067282
female,20-21,38,-6.251177816637257,-5.660661608738333,-5.667245567260258
female,20-21,39,-5.878541906324198,-5.951944372152889,-5.958528330674814
female,20-21,40,-6.360217715613584,-6.0158387684922605,-6.0224227270141855
female,20-21,41,-4.893743989506644,-5.002647112922645,-5.00923107144457
female,20-21,42,-5.0888136838479685,-5.002377572224286,-5.008961530746211
female,20-21,43,-4.586059798487662,-4.742764655350024,-4.749348613871949
female,20-21,44,-9.210340371976182,-6.544182318719302,-6.550766277241227
female,20-21,45,-5.844143085825877,-5.72718328917621,-5.733767247698135
female,20-21,46,-4.626609822014077,-4.802301062596157,-4.808885021118082
female,20-21,47,-6.261242468989797,-5.9492123247015005,-5.9557962832234255
female,20-21,48,-9.210340371976182,-8.059038865478195,-8.06562282400012
female,20-21,49,-6.940479100228362,-7.114888181354087,-7.121472139876012
female,20-21,50,-9.210340371976182,-8.261594119227336,-8.268178077749262
female,20-21,51,-9.210340371976182,-9.210340371976182,-9.216924330498108
female,20-21,52,-9.210340371976182,-9.210340371976182,-9.216924330498108
female,22-23,-52,-9.210340371976182,-9.210340371976182,-9.210561367687031
female,22-23,-51,-9.210340371976182,-9.210340371976182,-9.210561367687031
female,22-23,-50,-9.210340371976182,-9.210340371976182,-9.210561367687031
female,22-23,-49,-9.210340371976182,-9.210340371976182,-9.210561367687031
female,22-23,-48,-9.210340371976182,-9.210340371976182,-9.210561367687031
female,22-23,-47,-9.210340371976182,-9.210340371976182,-9.210561367687031
female,22-23,-46,-9.210340371976182,-9.210340371976182,-9.210561367687031
female,22-23,-45,-9.210340371976182,-9.210340371976182,-9.210561367687031
female,22-23,-44,-9.210340371976182,-9.210340371976182,-9.210561367687031
female,22-23,-43,-9.210340371976182,-9.210340371976182,-9.210561367687031
female,22-23,-42,-9.210340371976182,-9.210340371976182,-9.210561367687031
female,22-23,-41,-9.210340371976182,-9.210340371976182,-9.210561367687031
female,22-23,-40,-9.210340371976182,-9.210340371976182,-9.210561367687031
female,22-23,-39,-9.210340371976182,-9.210340371976182,-9.210561367687031
female,22-23,-38,-9.210340371976182,-9.210340371976182,-9.210561367687031
female,22-23,-37,-9.210340371976182,-9.210340371976182,-9.210561367687031
female,22-23,-36,-9.210340371976182,-9.210340371976182,-9.210561367687031
female,22-23,-35,-9.210340371976182,-9.210340371976182,-9.210561367687031
female,22-23,-34,-9.210340371976182,-9.210340371976182,-9.210561367687031
female,22-23,-33,-9.210340371976182,-9.210340371976182,-9.210561367687031
female,22-23,-32,-9.210340371976182,-9.210340371976182,-9.210561367687031
female,22-23,-31,-9.210340371976182,-9.210340371976182,-9.210561367687031
female,22-23,-30,-9.210340371976182,-9.210340371976182,-9.210561367687031
female,22-23,-29,-9.210340371976182,-9.210340371976182,-9.210561367687031
female,22-23,-28,-9.210340371976182,-9.210340371976182,-9.210561367687031
female,22-23,-27,-9.210340371976182,-9.210340371976182,-9.210561367687031
female,22-23,-26,-9.210340371976182,-9.210340371976182,-9.210561367687031
female,22-23,-25,-9.210340371976182,-9.210340371976182,-9.210561367687031
female,22-23,-24,-9.210340371976182,-9.210340371976182,-9.210561367687031
female,22-23,-23,-9.210340371976182,-9.210340371976182,-9.210561367687031
female,22-23,-22,-9.210340371976182,-9.210340371976182,-9.210561367687031
female,22-23,-21,-9.210340371976182,-9.210340371976182,-9.210561367687031
female,22-23,-20,-9.210340371976182,-9.210340371976182,-9.210561367687031
female,22-23,-19,-9.210340371976182,-9.210340371976182,-9.210561367687031
female,22-23,-18,-9.210340371976182,-9.210340371976182,-9.210561367687031
female,22-23,-17,-9.210340371976182,-9.210340371976182,-9.210561367687031
female,22-23,-16,-9.210340371976182,-9.210340371976182,-9.210561367687031
female,22-23,-15,-9.210340371976182,-9.210340371976182,-9.210561367687031
female,22-23,-14,-9.210340371976182,-3.7075510994588106,-3.707772095169661
female,22-23,-13,-9.210340371976182,-3.7075510994588106,-3.707772095169661
female,22-23,-12,-9.210340371976182,-3.7075510994588106,-3.707772095169661
female,22-23,-11,-9.210340371976182,-3.7075510994588106,-3.707772095169661
female,22-23,-10,-9.210340371976182,-3.7075510994588106,-3.707772095169661
female,22-23,-9,-9.210340371976182,-3.7075510994588106,-3.707772095169661
female,22-23,-8,-9.210340371976182,-3.7075510994588106,-3.707772095169661
female,22-23,-7,-9.210340371976182,-3.7075510994588106,-3.707772095169661
female,22-23,-6,-9.210340371976182,-3.707551099479607,-3.707772095190457
female,22-23,-5,-3.7075510994578424,-3.707735804740603,-3.7079568004514534
female,22-23,-4,-4.086302966840081,-4.084076124771946,-4.0842971204827965
female,22-23,-3,-2.0734207063503494,-2.072542140368434,-2.0727631360792844
female,22-23,-2,-0.5650060656392141,-0.5644576514145777,-0.5646786471254279
female,22-23,-1,0.6841518493064738,0.6844874658839998,0.6842664701731496
female,22-23,0,1.7117604930774113,1.7115407157956029,1.7113197200847527
female,22-23,1,1.7207469430586715,1.7206555460827802,1.72043455037193
female,22-23,2,1.4026142331854778,1.402656468884818,1.4024354731739679
female,22-23,3,1.0832096859297113,1.0832444669562347,1.0830234712453846
female,22-23,4,0.7200018000464578,0.7200798086291966,0.7198588129183464
female,22-23,5,0.44475835208178427,0.44477010668372785,0.44454911097287764
female,22-23,6,0.06120467242671793,0.06131030682056991,0.06108931110971973
female,22-23,7,-0.14471952820415018,-0.14473030631444056,-0.14495130202529075
female,22-23,8,-0.47829275001702504,-0.47819122848003265,-0.47841222419088286
female,22-23,9,-0.6166063797022422,-0.616609291083491,-0.6168302867943413
female,22-23,10,-0.8160080485308524,-0.8159416270668428,-0.816162622777693
female,22-23,11,-0.8580276239781807,-0.8580944270580801,-0.8583154227689304
female,22-23,12,-1.1543861414116345,-1.1543367772186632,-1.1545577729295133
female,22-23,13,-1.411870849257177,-1.4118564679305652,-1.4120774636414153
female,22-23,14,-1.7583797177326983,-1.7581567774793228,-1.7583777731901729
female,22-23,15,-1.5528164871464194,-1.5528888224835822,-1.5531098181944323
female,22-23,16,-1.5737383624638612,-1.5738443539552298,-1.57406534966608
female,22-23,17,-1.9805078461658359,-1.980439459423589,-1.9806604551344391
female,22-23,18,-2.346201816206784,-2.3461317179869643,-2.3463527136978146
female,22-23,19,-2.661516531719388,-2.6612475041731236,-2.661468499883974
female,22-23,20,-2.310192439605331,-2.310344954664449,-2.3105659503752993
female,22-23,21,-2.4784431130983613,-2.478347820135506,-2.4785688158463564
female,22-23,22,-2.386714908481775,-2.3868910030840405,-2.3871119987948908
female,22-23,23,-3.004550023561325,-3.004139005363427,-3.0043600010742773
female,22-23,24,-2.7139008916711793,-2.7138600403412307,-2.714081036052081
female,22-23,25,-2.3906975498330394,-2.390953723714981,-2.3911747194258313
female,22-23,26,-3.0612265850842664,-3.0610454493482697,-3.06126644505912
female,22-23,27,-3.5558745718268328,-3.55559633965542,-3.5558173353662705
female,22-23,28,-3.357002569164102,-3.3571512628269495,-3.3573722585378
female,22-23,29,-3.6672935310193653,-3.66711436574414,-3.6673353614549904
female,22-23,30,-3.516005380035441,-3.516215291806412,-3.516436287517262
female,22-23,31,-4.191524818496493,-4.190815399107207,-4.191036394818057
female,22-23,32,-3.429168340622649,-3.4296125174977057,-3.429833513208556
female,22-23,33,-5.0072369985413765,-5.005023753204144,-5.005244748914994
female,22-23,34,-3.6859640347546527,-3.6863710218054555,-3.686592017516306
female,22-23,35,-4.328105980683581,-4.327665614211539,-4.327886609922389
female,22-23,36,-3.97277680765361,-3.9731233089548734,-3.9733443046657237
female,22-23,37,-5.223551156068142,-5.22227205018318,-5.22249304589403
female,22-23,38,-4.338845866567819,-4.33900770962777,-4.339228705338621
female,22-23,39,-4.228329977301594,-4.228496539756469,-4.228717535467319
female,22-23,40,-4.734355537340402,-4.734245085084875,-4.734466080795725
female,22-23,41,-5.174982486694538,-5.175047622509708,-5.175268618220558
female,22-23,42,-6.8082207479635874,-6.80569006183482,-6.8059110575456705
female,22-23,43,-5.320392237615249,-5.3200095500105125,-5.320230545721363
female,22-23,44,-4.195693499894307,-4.196187599488203,-4.1964085951990535
female,22-23,45,-5.8144807805480605,-5.812027812562758,-5.812248808273608
female,22-23,46,-4.379366725291871,-4.379825928547432,-4.3800469242582825
female,22-23,47,-5.266299353415317,-5.265376643239079,-5.265597638949929
female,22-23,48,-3.860070867215959,-3.860681415954793,-3.860902411665643
female,22-23,49,-9.210340371976182,-3.8600708672847253,-3.8602918629955756
female,22-23,50,-9.210340371976182,-3.8600708672159825,-3.860291862926833
female,22-23,51,-9.210340371976182,-3.8600708672159825,-3.860291862926833
female,22-23,52,-9.210340371976182,-3.8600708672159825,-3.860291862926833
female,24-25,-52,-9.210340371976182,-9.210340371976182,-9.210403309229196
female,24-25,-51,-9.210340371976182,-9.210340371976182,-9.210403309229196
female,24-25,-50,-9.210340371976182,-9.210340371976182,-9.210403309229196
female,24-25,-49,-9.210340371976182,-9.210340371976182,-9.210403309229196
female,24-25,-48,-9.210340371976182,-9.210340371976182,-9.210403309229196
female,24-25,-47,-9.210340371976182,-9.210340371976182,-9.210403309229196
female,24-25,-46,-9.210340371976182,-9.210340371976182,-9.210403309229196
female,24-25,-45,-9.210340371976182,-9.210340371976182,-9.210403309229196
female,24-25,-44,-9.210340371976182,-9.210340371976182,-9.210403309229196
female,24-25,-43,-9.210340371976182,-9.210340371976182,-9.210403309229196
female,24-25,-42,-9.210340371976182,-9.210340371976182,-9.210403309229196
female,24-25,-41,-9.210340371976182,-9.210340371976182,-9.210403309229196
female,24-25,-40,-9.210340371976182,-9.210340371976182,-9.210403309229196
female,24-25,-39,-9.210340371976182,-9.210340371976182,-9.210403309229196
female,24-25,-38,-9.210340371976182,-9.210340371976182,-9.210403309229196
female,24-25,-37,-9.210340371976182,-9.210340371976182,-9.210403309229196
female,24-25,-36,-9.210340371976182,-9.210340371976182,-9.210403309229196
female,24-25,-35,-9.210340371976182,-9.210340371976182,-9.210403309229196
female,24-25,-34,-9.210340371976182,-9.210340371976182,-9.210403309229196
female,24-25,-33,-9.210340371976182,-9.210340371976182,-9.210403309229196
female,24-25,-32,-9.210340371976182,-9.210340371976182,-9.210403309229196
female,24-25,-31,-9.210340371976182,-9.210340371976182,-9.210403309229196
female,24-25,-30,-9.210340371976182,-9.210340371976182,-9.210403309229196
female,24-25,-29,-9.210340371976182,-9.210340371976182,-9.210403309229196
female,24-25,-28,-9.210340371976182,-9.210340371976182,-9.210403309229196
female,24-25,-27,-9.210340371976182,-9.210340371976182,-9.210403309229196
female,24-25,-26,-9.210340371976182,-9.210340371976182,-9.210403309229196
female,24-25,-25,-9.210340371976182,-9.210340371976182,-9.210403309229196
female,24-25,-24,-9.210340371976182,-9.210340371976182,-9.210403309229196
female,24-25,-23,-9.210340371976182,-9.210340371976182,-9.210403309229196
female,24-25,-22,-9.210340371976182,-9.210340371976182,-9.210403309229196
female,24-25,-21,-9.210340371976182,-9.210340371976182,-9.210403309229196
female,24-25,-20,-9.210340371976182,-9.210340371976182,-9.210403309229196
female,24-25,-19,-9.210340371976182,-9.210340371976182,-9.210403309229196
female,24-25,-18,-9.210340371976182,-9.210340371976182,-9.210403309229196
female,24-25,-17,-9.210340371976182,-9.210340371976182,-9.210403309229196
female,24-25,-16,-9.210340371976182,-5.419753262676116,-5.419816199929129
female,24-25,-15,-9.210340371976182,-5.419753262676116,-5.419816199929129
female,24-25,-14,-9.210340371976182,-5.419753262676116,-5.419816199929129
female,24-25,-13,-9.210340371976182,-5.419753262676116,-5.419816199929129
female,24-25,-12,-9.210340371976182,-5.419753262676116,-5.419816199929129
female,24-25,-11,-9.210340371976182,-5.419753262676116,-5.419816199929129
female,24-25,-10,-9.210340371976182,-5.419753262676116,-5.419816199929129
female,24-25,-9,-9.210340371976182,-5.419753262676116,-5.419816199929129
female,24-25,-8,-9.210340371976182,-5.419753262563433,-5.419816199816447
female,24-25,-7,-5.419753262675004,-5.418753073767822,-5.418816011020835
female,24-25,-6,-4.457087719461781,-4.456426941418856,-4.45648987867187
female,24-25,-5,-3.260214112599457,-3.259824795502239,-3.2598877327552525
female,24-25,-4,-2.210652451176533,-2.2104113552810607,-2.2104742925340743
female,24-25,-3,-1.3439855585212253,-1.3435675979003603,-1.3436305351533742
female,24-25,-2,-0.3004817570866796,-0.29994238834185555,-0.3000053255948693
female,24-25,-1,0.8915209635847486,0.8917090964767026,0.8916461592236888
female,24-25,0,1.7244627943009472,1.724257913559252,1.724194976306238
female,24-25,1,1.6911554129389095,1.6910980967589768,1.691035159505963
female,24-25,2,1.4479467896318305,1.4479651855117333,1.4479022482587194
female,24-25,3,1.1651083710570311,1.1651267747106229,1.165063837457609
female,24-25,4,0.7962957945155595,0.7963734812663831,0.7963105440133693
female,24-25,5,0.5098614802282041,0.5099022879638473,0.5098393507108335
female,24-25,6,0.24527697687112296,0.24531475265999028,0.24525181540697652
female,24-25,7,-0.012567875548661234,-0.012512566094155806,-0.012575503347169578
female,24-25,8,-0.19331327620978703,-0.19329046187121054,-0.1933533991242243
female,24-25,9,-0.36371757475982325,-0.36370333943426686,-0.3637662766872806
female,24-25,10,-0.5464866757155017,-0.5465343657748235,-0.5465973030278373
female,24-25,11,-1.0188523573199182,-1.018675344816617,-1.018738282069631
female,24-25,12,-1.1537520371687806,-1.1537342948258993,-1.1537972320789132
female,24-25,13,-1.2700761145531314,-1.2700786605174963,-1.2701415977705102
female,24-25,14,-1.4251326396841613,-1.425124627552614,-1.4251875648056278
female,24-25,15,-1.587817990297445,-1.5878710572749377,-1.5879339945279516
female,24-25,16,-2.018229298554765,-2.0180044822445535,-2.018067419497567
female,24-25,17,-1.909164334113947,-1.909192478672492,-1.909255415925506
female,24-25,18,-1.8821866571022863,-1.8822007653074215,-1.8822637025604354
female,24-25,19,-1.8975416623998593,-1.8975382526111007,-1.8976011898641145
female,24-25,20,-1.9036430486471518,-1.903824841414422,-1.903887778667436
female,24-25,21,-2.7693099802546457,-2.768893202921966,-2.76895614017498
female,24-25,22,-3.0186144159655055,-3.0184568051290026,-3.0185197423820163
female,24-25,23,-2.860752593515734,-2.8608969000132083,-2.860959837266222
female,24-25,24,-3.1944632774182278,-3.194221508255008,-3.1942844455080217
female,24-25,25,-2.9210872824260177,-2.9212709731260236,-2.9213339103790372
female,24-25,26,-3.3016177074237905,-3.301444849919462,-3.3015077871724756
female,24-25,27,-3.2463506489672183,-3.246538831230217,-3.2466017684832305
female,24-25,28,-3.937184203586517,-3.9365510260303296,-3.9366139632833432
female,24-25,29,-3.2879156742192315,-3.288189373373092,-3.2882523106261057
female,24-25,30,-3.6988453533422456,-3.6986345692174347,-3.6986975064704484
female,24-25,31,-3.5855115122073222,-3.5857599983722275,-3.585822935625241
female,24-25,32,-4.587103193044172,-4.586248648598599,-4.586311585851613
female,24-25,33,-3.9905441922230467,-3.990923961090281,-3.990986898343295
female,24-25,34,-5.146700856111121,-5.145701579515229,-5.145764516768243
female,24-25,35,-4.560346836170347,-4.560141899185727,-4.560204836438741
female,24-25,36,-3.8420486260833875,-3.842453709906557,-3.8425166471595706
female,24-25,37,-5.119160678350237,-5.118335217675857,-5.118398154928871
female,24-25,38,-5.39567964290924,-5.395253228099535,-5.395316165352549
female,24-25,39,-4.714619559832873,-4.714692449594035,-4.714755386847049
female,24-25,40,-4.447583775857601,-4.447936837330405,-4.447999774583419
female,24-25,41,-6.3667869446379255,-6.363828120253994,-6.363891057507008
female,24-25,42,-5.021047645996986,-5.021439483348116,-5.02150242060113
female,24-25,43,-5.547025047980134,-5.546635899137055,-5.546698836390068
female,24-25,44,-5.173420150002797,-5.1730856081771455,-5.173148545430159
female,24-25,45,-4.312478715511228,-4.312782035657328,-4.312844972910342
female,24-25,46,-5.491788187304293,-5.4901011094924295,-5.490164046745443
female,24-25,47,-9.210340371976182,-5.491788187114276,-5.491851124367289
female,24-25,48,-9.210340371976182,-5.491788187304434,-5.4918511245574475
female,24-25,49,-9.210340371976182,-5.491788187304434,-5.4918511245574475
female,24-25,50,-9.210340371976182,-5.491788187304434,-5.4918511245574475
female,24-25,51,-9.210340371976182,-5.491788187304434,-5.4918511245574475
female,24-25,52,-9.210340371976182,-5.491788187304434,-5.4918511245574475
female,26-27,-52,-9.210340371976182,-9.210340371976182,-9.210477015865658
female,26-27,-51,-9.210340371976182,-9.210340371976182,-9.210477015865658
female,26-27,-50,-9.210340371976182,-9.210340371976182,-9.210477015865658
female,26-27,-49,-9.210340371976182,-9.210340371976182,-9.210477015865658
female,26-27,-48,-9.210340371976182,-9.210340371976182,-9.210477015865658
female,26-27,-47,-9.210340371976182,-9.210340371976182,-9.210477015865658
female,26-27,-46,-9.210340371976182,-9.210340371976182,-9.210477015865658
female,26-27,-45,-9.210340371976182,-9.210340371976182,-9.210477015865658
female,26-27,-44,-9.210340371976182,-9.210340371976182,-9.210477015865658
female,26-27,-43,-9.210340371976182,-9.210340371976182,-9.210477015865658
female,26-27,-42,-9.210340371976182,-9.210340371976182,-9.210477015865658
female,26-27,-41,-9.210340371976182,-9.210340371976182,-9.210477015865658
female,26-27,-40,-9.210340371976182,-9.210340371976182,-9.210477015865658
female,26-27,-39,-9.210340371976182,-9.210340371976182,-9.210477015865658
female,26-27,-38,-9.210340371976182,-9.210340371976182,-9.210477015865658
female,26-27,-37,-9.210340371976182,-9.210340371976182,-9.210477015865658
female,26-27,-36,-9.210340371976182,-9.210340371976182,-9.210477015865658
female,26-27,-35,-9.210340371976182,-9.210340371976182,-9.210477015865658
female,26-27,-34,-9.210340371976182,-9.210340371976182,-9.210477015865658
female,26-27,-33,-9.210340371976182,-9.210340371976182,-9.210477015865658
female,26-27,-32,-9.210340371976182,-9.210340371976182,-9.210477015865658
female,26-27,-31,-9.210340371976182,-9.210340371976182,-9.210477015865658
female,26-27,-30,-9.210340371976182,-9.210340371976182,-9.210477015865658
female,26-27,-29,-9.210340371976182,-9.210340371976182,-9.210477015865658
female,26-27,-28,-9.210340371976182,-9.210340371976182,-9.210477015865658
female,26-27,-27,-9.210340371976182,-9.210340371976182,-9.210477015865658
female,26-27,-26,-9.210340371976182,-9.210340371976182,-9.210477015865658
female,26-27,-25,-9.210340371976182,-9.210340371976182,-9.210477015865658
female,26-27,-24,-9.210340371976182,-9.210340371976182,-9.210477015865658
female,26-27,-23,-9.210340371976182,-9.210340371976182,-9.210477015865658
female,26-27,-22,-9.210340371976182,-9.210340371976182,-9.210477015865658
female,26-27,-21,-9.210340371976182,-9.210340371976182,-9.210477015865658
female,26-27,-20,-9.210340371976182,-9.210340371976182,-9.210477015865658
female,26-27,-19,-9.210340371976182,-9.210340371976182,-9.210477015865658
female,26-27,-18,-9.210340371976182,-9.210340371976182,-9.210477015865658
female,26-27,-17,-9.210340371976182,-9.210340371976182,-9.210477015865658
female,26-27,-16,-9.210340371976182,-9.210340371976182,-9.210477015865658
female,26-27,-15,-9.210340371976182,-9.210340371976182,-9.210477015865658
female,26-27,-14,-9.210340371976182,-9.210340371976182,-9.210477015865658
female,26-27,-13,-9.210340371976182,-9.210340371976182,-9.210477015865658
female,26-27,-12,-9.210340371976182,-9.210340371976182,-9.210477015865658
female,26-27,-11,-9.210340371976182,-9.210340371976182,-9.210477015865658
female,26-27,-10,-9.210340371976182,-9.210340371976182,-9.210477015865658
female,26-27,-9,-10.855115528464951,-9.210340371976182,-9.210477015865658
female,26-27,-8,-5.831709109713362,-5.829974036936469,-5.830110680825945
female,26-27,-7,-3.9347627728443544,-3.9348505355191996,-3.934987179408676
female,26-27,-6,-3.478160158311244,-3.4778035058532737,-3.47794014974275
female,26-27,-5,-2.592384006804997,-2.5920787421138995,-2.592215386003376
female,26-27,-4,-1.6847547067856194,-1.6845895536495914,-1.6847261975390677
female,26-27,-3,-0.950282341326729,-0.949978564762138,-0.9501152086516145
female,26-27,-2,-0.052619808046388855,-0.05227338477999572,-0.05241002866947212
female,26-27,-1,0.9363101143871339,0.9364979344185599,0.9363612905290835
female,26-27,0,1.7521927142935252,1.751991570718294,1.7518549268288177
female,26-27,1,1.7333811522191493,1.733319288572532,1.7331826446830556
female,26-27,2,1.488065840038895,1.488088607531602,1.4879519636421257
female,26-27,3,1.2215308445341888,1.2215505951749175,1.2214139512854412
female,26-27,4,0.9058634587554847,0.9059392290747748,0.9058025851852983
female,26-27,5,0.7038841396426765,0.703888939296063,0.7037522954065866
female,26-27,6,0.42163025406077237,0.4217057604344726,0.4215691165449962
female,26-27,7,0.27557300738279944,0.27555520205579614,0.2754185581663197
female,26-27,8,0.006731240520421217,0.00676444682129494,0.0066278029318185385
female,26-27,9,-0.2690749885167382,-0.268978040680407,-0.2691146845698834
female,26-27,10,-0.32520460758048564,-0.32528521434961416,-0.3254218582390906
female,26-27,11,-0.7117919738948115,-0.7116919008936395,-0.711828544783116
female,26-27,12,-0.9462784682179018,-0.9462185051674659,-0.9463551490569423
female,26-27,13,-1.0478828169369483,-1.0478683890293272,-1.0480050329188035
female,26-27,14,-1.1170140606946175,-1.1170323487441574,-1.1171689926336337
female,26-27,15,-1.2663102790756051,-1.2663687950024882,-1.2665054388919645
female,26-27,16,-1.708777757403322,-1.7085386948734236,-1.7086753387629
female,26-27,17,-1.5730861910644711,-1.573219741187026,-1.5733563850765022
female,26-27,18,-1.8931688259356787,-1.8930657259048,-1.8932023697942764
female,26-27,19,-1.9818122509575968,-1.9817397897833549,-1.9818764336728312
female,26-27,20,-1.8647019041436317,-1.8649311674386875,-1.8650678113281638
female,26-27,21,-2.6888532401690717,-2.6883840962654975,-2.6885207401549738
female,26-27,22,-2.56404223161399,-2.5640790960732383,-2.5642157399627146
female,26-27,23,-2.557993276027428,-2.5581047017383547,-2.558241345627831
female,26-27,24,-2.9485201591547203,-2.9483374916208613,-2.9484741355103377
female,26-27,25,-2.878110299844148,-2.8782037613801847,-2.878340405269661
female,26-27,26,-3.109829873712108,-3.109801930218978,-3.109938574108454
female,26-27,27,-3.301493511623686,-3.301326492541719,-3.3014631364311953
female,26-27,28,-3.0490775631377027,-3.0492962399794696,-3.049432883868946
female,26-27,29,-3.611974614985881,-3.611654892344356,-3.611791536233832
female,26-27,30,-3.434430461630926,-3.434480146734283,-3.4346167906237595
female,26-27,31,-3.4203743229566883,-3.4205068653670527,-3.420643509256529
female,26-27,32,-3.896305780170032,-3.8961080862779784,-3.8962447301674548
female,26-27,33,-3.911040613310281,-3.911106601457956,-3.9112432453474324
female,26-27,34,-4.15028297111212,-4.150315254923912,-4.1504518988133885
female,26-27,35,-4.636851240898647,-4.6364778669548725,-4.636614510844349
female,26-27,36,-4.251446984698505,-4.251714266842811,-4.251850910732287
female,26-27,37,-4.912487477333061,-4.911876238921687,-4.9120128828111635
female,26-27,38,-4.2715705361571885,-4.2719748329283425,-4.272111476817819
female,26-27,39,-5.658641231955146,-5.656924512004814,-5.65706115589429
female,26-27,40,-4.54104112754584,-4.541256876736789,-4.541393520626265
female,26-27,41,-4.475482334443769,-4.475649996814806,-4.475786640704282
female,26-27,42,-5.080311999192824,-5.080101354405218,-5.080237998294694
female,26-27,43,-5.365922373463311,-5.365766946480389,-5.365903590369865
female,26-27,44,-5.130729917800001,-5.130880597260252,-5.131017241149729
female,26-27,45,-9.210340371976182,-5.130729917817134,-5.13086656170661
female,26-27,46,-9.210340371976182,-5.130729917800166,-5.1308665616896425
female,26-27,47,-9.210340371976182,-5.130729917800166,-5.1308665616896425
female,26-27,48,-9.210340371976182,-5.130729917800166,-5.1308665616896425
female,26-27,49,-9.210340371976182,-5.130729917800166,-5.1308665616896425
female,26-27,50,-9.210340371976182,-5.130729917800166,-5.1308665616896425
female,26-27,51,-9.210340371976182,-5.130729917800166,-5.1308665616896425
female,26-27,52,-9.210340371976182,-5.130729917800166,-5.1308665616896425
female,28-29,-52,-9.210340371976182,-9.210340371976182,-9.2112550342185
female,28-29,-51,-9.210340371976182,-9.210340371976182,-9.2112550342185
female,28-29,-50,-9.210340371976182,-9.210340371976182,-9.2112550342185
female,28-29,-49,-9.210340371976182,-9.210340371976182,-9.2112550342185
female,28-29,-48,-9.210340371976182,-9.210340371976182,-9.2112550342185
female,28-29,-47,-9.210340371976182,-9.210340371976182,-9.2112550342185
female,28-29,-46,-9.210340371976182,-9.210340371976182,-9.2112550342185
female,28-29,-45,-9.210340371976182,-9.210340371976182,-9.2112550342185
female,28-29,-44,-9.210340371976182,-9.210340371976182,-9.2112550342185
female,28-29,-43,-9.210340371976182,-9.210340371976182,-9.2112550342185
female,28-29,-42,-9.210340371976182,-9.210340371976182,-9.2112550342185
female,28-29,-41,-9.210340371976182,-9.210340371976182,-9.2112550342185
female,28-29,-40,-9.210340371976182,-9.210340371976182,-9.2112550342185
female,28-29,-39,-9.210340371976182,-9.210340371976182,-9.2112550342185
female,28-29,-38,-9.210340371976182,-9.210340371976182,-9.2112550342185
female,28-29,-37,-9.210340371976182,-9.210340371976182,-9.2112550342185
female,28-29,-36,-9.210340371976182,-9.210340371976182,-9.2112550342185
female,28-29,-35,-9.210340371976182,-9.210340371976182,-9.2112550342185
female,28-29,-34,-9.210340371976182,-9.210340371976182,-9.2112550342185
female,28-29,-33,-9.210340371976182,-9.210340371976182,-9.2112550342185
female,28-29,-32,-9.210340371976182,-9.210340371976182,-9.2112550342185
female,28-29,-31,-9.210340371976182,-9.210340371976182,-9.2112550342185
female,28-29,-30,-9.210340371976182,-6.223179755798499,-6.224094418040816
female,28-29,-29,-9.210340371976182,-6.223179755798496,-6.224094418040813
female,28-29,-28,-9.210340371976182,-6.223179755798496,-6.224094418040813
female,28-29,-27,-9.210340371976182,-6.223179755798496,-6.224094418040813
female,28-29,-26,-9.210340371976182,-6.223179755798496,-6.224094418040813
female,28-29,-25,-9.210340371976182,-6.223179755798496,-6.224094418040813
female,28-29,-24,-9.210340371976182,-6.223179755798496,-6.224094418040813
female,28-29,-23,-9.210340371976182,-6.223179755798496,-6.224094418040813
female,28-29,-22,-9.210340371976182,-6.223179755798496,-6.224094418040813
female,28-29,-21,-9.210340371976182,-6.223179755798496,-6.224094418040813
female,28-29,-20,-9.210340371976182,-6.223179755798496,-6.224094418040813
female,28-29,-19,-9.210340371976182,-6.223179755798499,-6.224094418040816
female,28-29,-18,-9.210340371976182,-6.223179755798677,-6.224094418040994
female,28-29,-17,-9.210340371976182,-6.2231797558083715,-6.224094418050688
female,28-29,-16,-9.210340371976182,-6.223179756337668,-6.224094418579985
female,28-29,-15,-9.210340371976182,-6.2231797852362805,-6.224094447478597
female,28-29,-14,-9.210340371976182,-6.223181363045723,-6.2240960252880395
female,28-29,-13,-9.210340371976182,-6.2232675045029335,-6.22418216674525
female,28-29,-12,-9.210340371976182,-6.227958721740228,-6.2288733839825445
female,28-29,-11,-6.223183094064962,-6.453234679068398,-6.454149341310715
female,28-29,-10,-9.210340371976182,-6.820128607528208,-6.8210432697705246
female,28-29,-9,-4.756650950294406,-4.8296598309245224,-4.830574493166839
female,28-29,-8,-4.478987440572434,-4.323001333417419,-4.3239159956597355
female,28-29,-7,-3.4499969833784725,-3.3973079561607915,-3.398222618403109
female,28-29,-6,-2.7015085341347618,-2.6695018201055474,-2.6704164823478647
female,28-29,-5,-2.1078782490776438,-2.0375296867349912,-2.0384443489773085
female,28-29,-4,-1.3481332422915262,-1.303585462535446,-1.3045001247777632
female,28-29,-3,-0.6621296222033837,-0.57625774097545,-0.5771724032177672
female,28-29,-2,0.21273713394515514,0.2856942672863969,0.2847796050440797
female,28-29,-1,1.0801766207106556,1.1193090203112546,1.1183943580689373
female,28-29,0,1.796823522324733,1.7314447004758684,1.7305300382335511
female,28-29,1,1.7438176891392878,1.7306908705149275,1.7297762082726102
female,28-29,2,1.5368607016943054,1.5476394781445875,1.5467248159022702
female,28-29,3,1.3683429606559916,1.3644082340048984,1.3634935717625811
female,28-29,4,1.0739653065457,1.092226858326746,1.0913121960844288
female,28-29,5,0.8345042663660706,0.8414197434000872,0.84050508115777
female,28-29,6,0.5566566234885892,0.5745281152749941,0.573613453032677
female,28-29,7,0.3560897678192299,0.36573893828369936,0.3648242760413821
female,28-29,8,0.18055481542728635,0.1878797901615592,0.18696512791924197
female,28-29,9,0.019698005836261512,0.022668576929958655,0.021753914687641426
female,28-29,10,-0.15926380145876484,-0.15891230631278289,-0.15982696855510012
female,28-29,11,-0.384485352926413,-0.38707532858477844,-0.3879899908270957
female,28-29,12,-0.7279205046970663,-0.6964553577161388,-0.6973700199584559
female,28-29,13,-0.8785884100128638,-0.8888578487033147,-0.8897725109456319
female,28-29,14,-1.2069229204048226,-1.1751904497959764,-1.1761051120382937
female,28-29,15,-1.3154784130853563,-1.3117032539151956,-1.3126179161575129
female,28-29,16,-1.4064692820770226,-1.422491700011403,-1.4234063622537203
female,28-29,17,-1.7083330069194305,-1.680448381022857,-1.6813630432651743
female,28-29,18,-1.827491995807578,-1.8246201545892589,-1.8255348168315761
female,28-29,19,-1.9388706491591878,-1.943476586281425,-1.9443912485237422
female,28-29,20,-2.1105286078648455,-2.123273710237369,-2.1241883724796864
female,28-29,21,-2.4579157283619617,-2.417643083971454,-2.4185577462137715
female,28-29,22,-2.4747615419982987,-2.453873753939174,-2.4547884161814912
female,28-29,23,-2.306741104493109,-2.3586025330419753,-2.3595171952842926
female,28-29,24,-2.682997261489369,-2.648105089597553,-2.6490197518398704
female,28-29,25,-2.8090501275979793,-2.7915741856440497,-2.792488847886367
female,28-29,26,-2.7796360292254487,-2.8139712680427227,-2.81488593028504
female,28-29,27,-3.121030065429658,-3.077224100793965,-3.078138763036282
female,28-29,28,-3.1096736285377657,-3.146195987189152,-3.147110649431469
female,28-29,29,-3.497714406998612,-3.43685344345929,-3.437768105701607
female,28-29,30,-3.382755508205454,-3.4777150849621945,-3.478629747204512
female,28-29,31,-4.664800299727933,-4.342135357491495,-4.343050019733812
female,28-29,32,-3.9527699258492284,-4.035354194446839,-4.036268856689156
female,28-29,33,-4.228833213731732,-4.17442800374682,-4.175342665989137
female,28-29,34,-4.046574764759146,-4.0967807262857425,-4.097695388528059
female,28-29,35,-4.3986800693610775,-4.378504097176423,-4.37941875941874
female,28-29,36,-4.691345938413873,-4.685809914771501,-4.686724577013818
female,28-29,37,-5.077927828403342,-5.0838709779351765,-5.084785640177493
female,28-29,38,-5.959913766741057,-5.566841479980946,-5.567756142223263
female,28-29,39,-4.529897393299105,-4.711084480782903,-4.71199914302522
female,28-29,40,-6.109017555408672,-5.476665277531849,-5.477579939774166
female,28-29,41,-4.424009178345519,-4.582633422485233,-4.58354808472755
female,28-29,42,-8.530574620380358,-5.87464623940932,-5.875560901651637
female,28-29,43,-9.210340371976182,-8.260597318130861,-8.261511980373179
female,28-29,44,-9.210340371976182,-8.524881909106831,-8.525796571349149
female,28-29,45,-9.210340371976182,-8.530466776293203,-8.53138143853552
female,28-29,46,-9.210340371976182,-8.530569367917597,-8.531484030159914
female,28-29,47,-9.210340371976182,-8.53057124705018,-8.531485909292497
female,28-29,48,-9.210340371976182,-8.530571281467727,-8.531485943710045
female,28-29,49,-9.210340371976182,-8.530571282098107,-8.531485944340425
female,28-29,50,-9.210340371976182,-8.530571282109651,-8.531485944351969
female,28-29,51,-9.210340371976182,-8.530571282109864,-8.531485944352182
female,28-29,52,-9.210340371976182,-8.530571282109868,-8.531485944352186
female,30-31,-52,-9.210340371976182,-9.210340371976182,-9.210606115572904
female,30-31,-51,-9.210340371976182,-9.210340371976182,-9.210606115572904
female,30-31,-50,-9.210340371976182,-9.210340371976182,-9.210606115572904
female,30-31,-49,-9.210340371976182,-9.210340371976182,-9.210606115572904
female,30-31,-48,-9.210340371976182,-9.210340371976182,-9.210606115572904
female,30-31,-47,-9.210340371976182,-9.210340371976182,-9.210606115572904
female,30-31,-46,-9.210340371976182,-9.210340371976182,-9.210606115572904
female,30-31,-45,-9.210340371976182,-9.210340371976182,-9.210606115572904
female,30-31,-44,-9.210340371976182,-9.210340371976182,-9.210606115572904
female,30-31,-43,-9.210340371976182,-9.210340371976182,-9.210606115572904
female,30-31,-42,-9.210340371976182,-9.210340371976182,-9.210606115572904
female,30-31,-41,-9.210340371976182,-9.210340371976182,-9.210606115572904
female,30-31,-40,-9.210340371976182,-9.210340371976182,-9.210606115572904
female,30-31,-39,-9.210340371976182,-9.210340371976182,-9.210606115572904
female,30-31,-38,-9.210340371976182,-9.210340371976182,-9.210606115572904
female,30-31,-37,-9.210340371976182,-9.210340371976182,-9.210606115572904
female,30-31,-36,-9.210340371976182,-9.210340371976182,-9.210606115572904
female,30-31,-35,-9.210340371976182,-9.210340371976182,-9.210606115572904
female,30-31,-34,-9.210340371976182,-9.210340371976182,-9.210606115572904
female,30-31,-33,-9.210340371976182,-9.210340371976182,-9.210606115572904
female,30-31,-32,-9.210340371976182,-9.210340371976182,-9.210606115572904
female,30-31,-31,-9.210340371976182,-9.210340371976182,-9.210606115572904
female,30-31,-30,-9.210340371976182,-9.210340371976182,-9.210606115572904
female,30-31,-29,-9.210340371976182,-9.210340371976182,-9.210606115572904
female,30-31,-28,-9.210340371976182,-9.210340371976182,-9.210606115572904
female,30-31,-27,-9.210340371976182,-9.210340371976182,-9.210606115572904
female,30-31,-26,-9.210340371976182,-9.210340371976182,-9.210606115572904
female,30-31,-25,-9.210340371976182,-9.210340371976182,-9.210606115572904
female,30-31,-24,-9.210340371976182,-9.210340371976182,-9.210606115572904
female,30-31,-23,-9.210340371976182,-9.210340371976182,-9.210606115572904
female,30-31,-22,-9.210340371976182,-5.720978488749585,-5.721244232346307
female,30-31,-21,-9.210340371976182,-5.720978488749585,-5.721244232346307
female,30-31,-20,-9.210340371976182,-5.720978488749585,-5.721244232346307
female,30-31,-19,-9.210340371976182,-5.720978488749585,-5.721244232346307
female,30-31,-18,-9.210340371976182,-5.720978488749585,-5.721244232346307
female,30-31,-17,-9.210340371976182,-5.720978488749586,-5.721244232346308
female,30-31,-16,-9.210340371976182,-5.720978488749585,-5.721244232346307
female,30-31,-15,-9.210340371976182,-5.720978488749585,-5.721244232346307
female,30-31,-14,-9.210340371976182,-5.720978488730097,-5.721244232326819
female,30-31,-13,-5.720978488748428,-5.720805434702226,-5.721071178298947
female,30-31,-12,-5.488382731541922,-5.488193115573658,-5.48845885917038
female,30-31,-11,-4.980290181516962,-4.980317182444633,-4.980582926041355
female,30-31,-10,-4.710709164869395,-4.710368759490886,-4.710634503087608
female,30-31,-9,-3.907258101820306,-3.9072547050315083,-3.9075204486282304
female,30-31,-8,-3.4753888292136264,-3.4751396127424723,-3.4754053563391945
female,30-31,-7,-2.7455410139542367,-2.745437997880053,-2.7457037414767753
female,30-31,-6,-2.1417430196705696,-2.141569469308793,-2.1418352129055154
female,30-31,-5,-1.4489637986181951,-1.4488928205015226,-1.4491585640982445
female,30-31,-4,-0.8875985297693442,-0.8875171409358007,-0.8877828845325227
female,30-31,-3,-0.34186094815063844,-0.341640917803971,-0.341906661400693
female,30-31,-2,0.4319462318214369,0.4321083750754493,0.4318426314787273
female,30-31,-1,1.1677232959903905,1.167836202475943,1.167570458879221
female,30-31,0,1.8226120321652763,1.8224333168455178,1.8221675732487959
female,30-31,1,1.796233993992914,1.7961922220316888,1.7959264784349669
female,30-31,2,1.6155365754725315,1.6155578830230368,1.6152921394263149
female,30-31,3,1.4380998766423827,1.4381044076538159,1.437838664057094
female,30-31,4,1.2038301815345887,1.2038588542407613,1.2035931106440394
female,30-31,5,0.9721451321990444,0.9721902280006104,0.9719244844038883
female,30-31,6,0.8007160184704537,0.8007085097751325,0.8004427661784105
female,30-31,7,0.5267989761379653,0.5268477165871995,0.5265819729904775
female,30-31,8,0.3080771565553054,0.30806920956386014,0.30780346596713815
female,30-31,9,-0.02035399004200876,-0.02021317826391418,-0.02047892186063619
female,30-31,10,0.010396528378778424,0.010299593333836957,0.010033849737114948
female,30-31,11,-0.3135006551982274,-0.31340460705379153,-0.3136703506505135
female,30-31,12,-0.4505833713118491,-0.45059123677303975,-0.45085698036976174
female,30-31,13,-0.651110870013465,-0.6511096462597148,-0.6513753898564368
female,30-31,14,-0.918000633209753,-0.917942135472463,-0.918207879069185
female,30-31,15,-1.0786252088626103,-1.0785855136825118,-1.0788512572792337
female,30-31,16,-1.1499102946872002,-1.1498967619112663,-1.1501625055079883
female,30-31,17,-1.1875420830983663,-1.1876394100508942,-1.1879051536476162
female,30-31,18,-1.5806019932052362,-1.5805215129315304,-1.5807872565282524
female,30-31,19,-1.8397876884589832,-1.8397354994353337,-1.8400012430320556
female,30-31,20,-1.9766550103894138,-1.9766950392765728,-1.9769607828732947
female,30-31,21,-2.289002530012232,-2.288864437276385,-2.2891301808731073
female,30-31,22,-2.250744118902068,-2.250884724316164,-2.251150467912886
female,30-31,23,-2.735241001850423,-2.7351111731894533,-2.7353769167861754
female,30-31,24,-3.0097486914002634,-3.009467536844133,-3.009733280440855
female,30-31,25,-2.5880639223128186,-2.5882263596338193,-2.5884921032305415
female,30-31,26,-2.736942657846269,-2.737043043804258,-2.73730878740098
female,30-31,27,-3.341072333367288,-3.3406771681806875,-3.3409429117774097
female,30-31,28,-3.034654831979765,-3.034845989226568,-3.03511173282329
female,30-31,29,-3.390327301709865,-3.3903181510984766,-3.3905838946951987
female,30-31,30,-3.8837300771347363,-3.8835257976022017,-3.883791541198924
female,30-31,31,-3.91762086037025,-3.9177466864012396,-3.9180124299979617
female,30-31,32,-4.465132817439194,-4.464744208977717,-4.465009952574439
female,30-31,33,-4.11131764214107,-4.111415949650703,-4.111681693247425
female,30-31,34,-4.097332899032144,-4.097400083586175,-4.0976658271828965
female,30-31,35,-4.31550964368561,-4.314896907799159,-4.31516265139588
female,30-31,36,-3.3408373493047154,-3.341323851558956,-3.341589595155678
female,30-31,37,-5.142563056429689,-5.140727346870717,-5.140993090467439
female,30-31,38,-4.971246976190212,-4.971086119496612,-4.971351863093334
female,30-31,39,-4.463207836354164,-4.463408831991877,-4.463674575588599
female,30-31,40,-4.958038452542702,-4.957598281040191,-4.957864024636913
female,30-31,41,-9.210340371976182,-4.958038452493242,-4.958304196089964
female,30-31,42,-9.210340371976182,-4.958038452542822,-4.958304196139544
female,30-31,43,-9.210340371976182,-4.958038452542822,-4.958304196139544
female,30-31,44,-9.210340371976182,-4.958038452542822,-4.958304196139544
female,30-31,45,-9.210340371976182,-4.958038452542822,-4.958304196139544
female,30-31,46,-9.210340371976182,-4.958038452542822,-4.958304196139544
female,30-31,47,-9.210340371976182,-4.958038452542822,-4.958304196139544
female,30-31,48,-9.210340371976182,-4.958038452542822,-4.958304196139544
female,30-31,49,-9.210340371976182,-4.958038452542822,-4.958304196139544
female,30-31,50,-9.210340371976182,-9.210340371976182,-9.210606115572904
female,30-31,51,-9.210340371976182,-9.210340371976182,-9.210606115572904
female,30-31,52,-9.210340371976182,-9.210340371976182,-9.210606115572904
female,32-33,-52,-9.210340371976182,-9.210340371976182,-9.210598782172445
female,32-33,-51,-9.210340371976182,-9.210340371976182,-9.210598782172445
female,32-33,-50,-9.210340371976182,-9.210340371976182,-9.210598782172445
female,32-33,-49,-9.210340371976182,-9.210340371976182,-9.210598782172445
female,32-33,-48,-9.210340371976182,-9.210340371976182,-9.210598782172445
female,32-33,-47,-9.210340371976182,-9.210340371976182,-9.210598782172445
female,32-33,-46,-9.210340371976182,-9.210340371976182,-9.210598782172445
female,32-33,-45,-9.210340371976182,-9.210340371976182,-9.210598782172445
female,32-33,-44,-9.210340371976182,-9.210340371976182,-9.210598782172445
female,32-33,-43,-9.210340371976182,-9.210340371976182,-9.210598782172445
female,32-33,-42,-9.210340371976182,-9.210340371976182,-9.210598782172445
female,32-33,-41,-9.210340371976182,-9.210340371976182,-9.210598782172445
female,32-33,-40,-9.210340371976182,-9.210340371976182,-9.210598782172445
female,32-33,-39,-9.210340371976182,-9.210340371976182,-9.210598782172445
female,32-33,-38,-9.210340371976182,-9.210340371976182,-9.210598782172445
female,32-33,-37,-9.210340371976182,-9.210340371976182,-9.210598782172445
female,32-33,-36,-9.210340371976182,-9.210340371976182,-9.210598782172445
female,32-33,-35,-9.210340371976182,-9.210340371976182,-9.210598782172445
female,32-33,-34,-9.210340371976182,-9.210340371976182,-9.210598782172445
female,32-33,-33,-9.210340371976182,-9.210340371976182,-9.210598782172445
female,32-33,-32,-9.210340371976182,-9.210340371976182,-9.210598782172445
female,32-33,-31,-9.210340371976182,-9.210340371976182,-9.210598782172445
female,32-33,-30,-9.210340371976182,-9.210340371976182,-9.210598782172445
female,32-33,-29,-9.210340371976182,-9.210340371976182,-9.210598782172445
female,32-33,-28,-9.210340371976182,-9.210340371976182,-9.210598782172445
female,32-33,-27,-9.210340371976182,-9.210340371976182,-9.210598782172445
female,32-33,-26,-9.210340371976182,-9.210340371976182,-9.210598782172445
female,32-33,-25,-9.210340371976182,-9.210340371976182,-9.210598782172445
female,32-33,-24,-9.210340371976182,-7.43919718454673,-7.439455594742994
female,32-33,-23,-9.210340371976182,-7.43919718454673,-7.439455594742994
female,32-33,-22,-9.210340371976182,-7.43919718454673,-7.439455594742994
female,32-33,-21,-9.210340371976182,-7.43919718454673,-7.439455594742994
female,32-33,-20,-9.210340371976182,-7.43919718454673,-7.439455594742994
female,32-33,-19,-9.210340371976182,-7.43919718454673,-7.439455594742994
female,32-33,-18,-9.210340371976182,-7.43919718454673,-7.439455594742994
female,32-33,-17,-9.210340371976182,-7.43919718454673,-7.439455594742994
female,32-33,-16,-9.210340371976182,-7.4391971843418645,-7.439455594538129
female,32-33,-15,-7.4391971845456055,-7.437379595284657,-7.437638005480921
female,32-33,-14,-6.121312806642078,-6.12153712297595,-6.1217955331722145
female,32-33,-13,-6.472138391508666,-6.47119758546386,-6.471455995660124
female,32-33,-12,-5.257817219552175,-5.257502029189155,-5.257760439385419
female,32-33,-11,-4.29683979429879,-4.296612500776351,-4.296870910972615
female,32-33,-10,-3.4857942354354194,-3.4857754679537467,-3.4860338781500104
female,32-33,-9,-3.022650294487301,-3.0226766256596886,-3.0229350358559524
female,32-33,-8,-2.7675004388414033,-2.767228458045111,-2.7674868682413747
female,32-33,-7,-2.043704610292886,-2.043707196221083,-2.0439656064173466
female,32-33,-6,-1.611996393408264,-1.611891240644341,-1.612149650840605
female,32-33,-5,-1.0734518849627046,-1.0733513433077153,-1.0736097535039792
female,32-33,-4,-0.4945145890829538,-0.494468085871548,-0.4947264960678119
female,32-33,-3,-0.00986671184691188,-0.009750562480495674,-0.01000897267675953
female,32-33,-2,0.5699595426265516,0.5701355128097852,0.5698771026135214
female,32-33,-1,1.302467912036136,1.3025413987948118,1.3022829885985479
female,32-33,0,1.9147483609794451,1.9145722276102861,1.9143138174140222
female,32-33,1,1.8782989589849934,1.8782556145176827,1.8779972043214188
female,32-33,2,1.6806465699052382,1.680674725145217,1.680416314948953
female,32-33,3,1.5094945565274962,1.5095037401497637,1.5092453299534998
female,32-33,4,1.301186439016157,1.3012236613328392,1.3009652511365752
female,32-33,5,1.1387086664158843,1.1386910656737215,1.1384326554774575
female,32-33,6,0.8511735301412898,0.8512266083266953,0.8509681981304315
female,32-33,7,0.6401244652564106,0.6401346540649961,0.6398762438687323
female,32-33,8,0.3983311173015094,0.3983792134878187,0.3981208032915548
female,32-33,9,0.23229936981858995,0.23231974978333753,0.23206133958707367
female,32-33,10,0.08468727432544429,0.08467052981996542,0.08441211962370157
female,32-33,11,-0.16665903844101107,-0.1666234510893367,-0.16688186128560056
female,32-33,12,-0.38616315241931115,-0.3861291926323091,-0.386387602828573
female,32-33,13,-0.5605166494167342,-0.560512086903866,-0.5607704971001298
female,32-33,14,-0.7800232620709939,-0.7799769290141341,-0.7802353392103979
female,32-33,15,-0.9063779276912526,-0.90639216517951,-0.9066505753757739
female,32-33,16,-1.0973254452139611,-1.0973259978125025,-1.0975844080087664
female,32-33,17,-1.3237325245386753,-1.3236614065491579,-1.3239198167454218
female,32-33,18,-1.3568955240716558,-1.356978584597632,-1.357236994793896
female,32-33,19,-1.6930447608973591,-1.6929750230167584,-1.6932334332130223
female,32-33,20,-1.910302600207329,-1.9103180600905125,-1.9105764702867765
female,32-33,21,-2.248320109359481,-2.2481754174376083,-2.248433827633872
female,32-33,22,-2.220781757124421,-2.2208488082508433,-2.221107218447107
female,32-33,23,-2.411746036691513,-2.4116365990624566,-2.4118950092587204
female,32-33,24,-2.30310404442797,-2.3033010743225186,-2.3035594845187823
female,32-33,25,-2.952534327517293,-2.952082529848082,-2.952340940044346
female,32-33,26,-2.58551226278159,-2.5857408276238583,-2.585999237820122
female,32-33,27,-3.040881933100839,-3.0407188930172526,-3.0409773032135163
female,32-33,28,-3.1177179634254983,-3.117753410144201,-3.1180118203404645
female,32-33,29,-3.3344621691273306,-3.3343746308667543,-3.334633041063018
female,32-33,30,-3.326723244067458,-3.3268068744813792,-3.327065284677643
female,32-33,31,-3.6125054357502364,-3.612534536942471,-3.612792947138735
female,32-33,32,-4.203156538455425,-4.202615049327743,-4.202873459524008
female,32-33,33,-3.6059134652890683,-3.606270849391813,-3.606529259588077
female,32-33,34,-4.577376053750109,-4.576732557004609,-4.5769909672008735
female,32-33,35,-4.390636086969069,-4.390724373071773,-4.390982783268037
female,32-33,36,-4.483682866695138,-4.483736559856235,-4.483994970052499
female,32-33,37,-4.797458198928203,-4.797379446400684,-4.797637856596948
female,32-33,38,-5.14323902832713,-5.142957465197621,-5.143215875393885
female,32-33,39,-9.210340371976182,-5.143239028295502,-5.143497438491766
female,32-33,40,-9.210340371976182,-5.143239028327214,-5.143497438523478
female,32-33,41,-9.210340371976182,-5.143239028327214,-5.143497438523478
female,32-33,42,-9.210340371976182,-5.143239028327214,-5.143497438523478
female,32-33,43,-9.210340371976182,-5.143239028327214,-5.143497438523478
female,32-33,44,-9.210340371976182,-5.143239028327214,-5.143497438523478
female,32-33,45,-9.210340371976182,-5.143239028327214,-5.143497438523478
female,32-33,46,-9.210340371976182,-5.143239028327214,-5.143497438523478
female,32-33,47,-9.210340371976182,-5.143239028327214,-5.143497438523478
female,32-33,48,-9.210340371976182,-9.210340371976182,-9.210598782172445
female,32-33,49,-9.210340371976182,-9.210340371976182,-9.210598782172445
female,32-33,50,-9.210340371976182,-9.210340371976182,-9.210598782172445
female,32-33,51,-9.210340371976182,-9.210340371976182,-9.210598782172445
female,32-33,52,-9.210340371976182,-9.210340371976182,-9.210598782172445
female,34-35,-52,-9.210340371976182,-9.210340371976182,-9.210588398272662
female,34-35,-51,-9.210340371976182,-9.210340371976182,-9.210588398272662
female,34-35,-50,-9.210340371976182,-9.210340371976182,-9.210588398272662
female,34-35,-49,-9.210340371976182,-9.210340371976182,-9.210588398272662
female,34-35,-48,-9.210340371976182,-9.210340371976182,-9.210588398272662
female,34-35,-47,-9.210340371976182,-9.210340371976182,-9.210588398272662
female,34-35,-46,-9.210340371976182,-9.210340371976182,-9.210588398272662
female,34-35,-45,-9.210340371976182,-9.210340371976182,-9.210588398272662
female,34-35,-44,-9.210340371976182,-9.210340371976182,-9.210588398272662
female,34-35,-43,-9.210340371976182,-9.210340371976182,-9.210588398272662
female,34-35,-42,-9.210340371976182,-9.210340371976182,-9.210588398272662
female,34-35,-41,-9.210340371976182,-9.210340371976182,-9.210588398272662
female,34-35,-40,-9.210340371976182,-9.210340371976182,-9.210588398272662
female,34-35,-39,-9.210340371976182,-9.210340371976182,-9.210588398272662
female,34-35,-38,-9.210340371976182,-9.210340371976182,-9.210588398272662
female,34-35,-37,-9.210340371976182,-9.210340371976182,-9.210588398272662
female,34-35,-36,-9.210340371976182,-9.210340371976182,-9.210588398272662
female,34-35,-35,-9.210340371976182,-9.210340371976182,-9.210588398272662
female,34-35,-34,-9.210340371976182,-9.210340371976182,-9.210588398272662
female,34-35,-33,-9.210340371976182,-9.210340371976182,-9.210588398272662
female,34-35,-32,-9.210340371976182,-9.210340371976182,-9.210588398272662
female,34-35,-31,-9.210340371976182,-9.210340371976182,-9.210588398272662
female,34-35,-30,-9.210340371976182,-9.210340371976182,-9.210588398272662
female,34-35,-29,-9.210340371976182,-9.210340371976182,-9.210588398272662
female,34-35,-28,-9.210340371976182,-9.210340371976182,-9.210588398272662
female,34-35,-27,-9.210340371976182,-9.210340371976182,-9.210588398272662
female,34-35,-26,-9.210340371976182,-6.58007531121164,-6.58032333750812
female,34-35,-25,-9.210340371976182,-6.58007531121164,-6.58032333750812
female,34-35,-24,-9.210340371976182,-6.58007531121164,-6.58032333750812
female,34-35,-23,-9.210340371976182,-6.58007531121164,-6.58032333750812
female,34-35,-22,-9.210340371976182,-6.58007531121164,-6.58032333750812
female,34-35,-21,-9.210340371976182,-6.58007531121164,-6.58032333750812
female,34-35,-20,-9.210340371976182,-6.58007531121164,-6.58032333750812
female,34-35,-19,-9.210340371976182,-6.58007531121164,-6.58032333750812
female,34-35,-18,-9.210340371976182,-6.580075311218959,-6.580323337515439
female,34-35,-17,-6.580075311210562,-6.580140304400408,-6.580388330696888
female,34-35,-16,-6.682913240828464,-6.683071487380463,-6.683319513676943
female,34-35,-15,-7.416670809035715,-7.414502005242351,-7.414750031538831
female,34-35,-14,-5.56789607752219,-5.567201199654048,-5.5674492259505275
female,34-35,-13,-4.214559568774092,-4.214686620931925,-4.214934647228405
female,34-35,-12,-3.9196584062447033,-3.9196258847768037,-3.919873911073284
female,34-35,-11,-3.626254745960349,-3.6259750805979527,-3.626223106894433
female,34-35,-10,-2.8871415299912226,-2.887308641082269,-2.887556667378749
female,34-35,-9,-2.8588399366496127,-2.8584097143824647,-2.858657740678945
female,34-35,-8,-1.998321170479904,-1.9984357943345799,-1.9986838206310598
female,34-35,-7,-1.7581267707796362,-1.757951518974616,-1.758199545271096
female,34-35,-6,-1.1736734236978044,-1.1736165663618952,-1.173864592658375
female,34-35,-5,-0.6678187325414146,-0.6678239596464357,-0.6680719859429156
female,34-35,-4,-0.31990665859329365,-0.31974800484770727,-0.3199960311441872
female,34-35,-3,0.2979946783423257,0.2980443524022119,0.297796326105732
female,34-35,-2,0.8283998788925369,0.8285038500111161,0.8282558237146362
female,34-35,-1,1.4269778626437841,1.4270375616773148,1.4267895353808349
female,34-35,0,1.9613509215257459,1.9611812932476762,1.9609332669511963
female,34-35,1,1.8852191650545107,1.8852158488792716,1.8849678225827917
female,34-35,2,1.7762841105979843,1.7762722671700988,1.7760242408736189
female,34-35,3,1.5894330182293255,1.589458036592966,1.5892100102964861
female,34-35,4,1.4277750369485547,1.4277591353560768,1.4275111090595969
female,34-35,5,1.164349459683171,1.164392406598234,1.1641443803017542
female,34-35,6,0.9630016167152599,0.9630190639207029,0.962771037624223
female,34-35,7,0.7464936894860336,0.7465240778582589,0.746276051561779
female,34-35,8,0.5551480516198084,0.555160800953323,0.5549127746568431
female,34-35,9,0.3491865295392133,0.34922979624403155,0.34898176994755165
female,34-35,10,0.2301048012674881,0.2300865092710998,0.22983848297461987
female,34-35,11,0.013041546120269022,0.013044584879612171,0.012796558583132238
female,34-35,12,-0.28757198607046836,-0.2874960904340907,-0.2877441167305706
female,34-35,13,-0.43955933915504886,-0.43955682228365023,-0.43980484858013014
female,34-35,14,-0.6058792132037001,-0.6058533515337686,-0.6061013778302485
female,34-35,15,-0.7095968260843725,-0.7096191375819069,-0.7098671638783868
female,34-35,16,-0.895644771695484,-0.8956707026033581,-0.895918728899838
female,34-35,17,-1.2291527620555434,-1.2290613149379095,-1.2293093412343894
female,34-35,18,-1.365962200020133,-1.3659636801775095,-1.3662117064739894
female,34-35,19,-1.528302144409832,-1.528347237402637,-1.528595263699117
female,34-35,20,-1.9042624861940345,-1.904114055206617,-1.9043620815030968
female,34-35,21,-1.9208587379967113,-1.9209138731784785,-1.9211618994749584
female,34-35,22,-2.1212485565874344,-2.12124256167311,-2.12149058796959
female,34-35,23,-2.346166536500005,-2.3461938638955653,-2.3464418901920454
female,34-35,24,-2.7433983722485134,-2.7431695621376657,-2.743417588434146
female,34-35,25,-2.5672302106630625,-2.567386715880254,-2.5676347421767343
female,34-35,26,-2.9404220875118043,-2.9402290118648526,-2.9404770381613328
female,34-35,27,-2.8207017102242116,-2.820793211149257,-2.821041237445737
female,34-35,28,-2.9933898187320285,-2.9934090384050727,-2.993657064701553
female,34-35,29,-3.2915723324924864,-3.291524421110954,-3.291772447407434
female,34-35,30,-3.5451069379300977,-3.5450908913138575,-3.5453389176103376
female,34-35,31,-3.8558396581371372,-3.855548667518236,-3.855796693814716
female,34-35,32,-3.4448501012410375,-3.4448446783449267,-3.445092704641407
female,34-35,33,-3.1172441358537983,-3.117448119599883,-3.117696145896363
female,34-35,34,-3.518360458032626,-3.5184495650784773,-3.5186975913749574
female,34-35,35,-5.145425534284011,-5.143844055713058,-5.1440920820095375
female,34-35,36,-4.429764581725606,-4.430109561555961,-4.43035758785244
female,34-35,37,-9.210340371976182,-4.429764581764494,-4.430012608060974
female,34-35,38,-9.210340371976182,-4.429764581725652,-4.430012608022132
female,34-35,39,-9.210340371976182,-4.429764581725652,-4.430012608022132
female,34-35,40,-9.210340371976182,-4.429764581725652,-4.430012608022132
female,34-35,41,-9.210340371976182,-4.429764581725652,-4.430012608022132
female,34-35,42,-9.210340371976182,-4.429764581725652,-4.430012608022132
female,34-35,43,-9.210340371976182,-4.429764581725652,-4.430012608022132
female,34-35,44,-9.210340371976182,-4.429764581725652,-4.430012608022132
female,34-35,45,-9.210340371976182,-4.429764581725652,-4.430012608022132
female,34-35,46,-9.210340371976182,-9.210340371976182,-9.210588398272662
female,34-35,47,-9.210340371976182,-9.210340371976182,-9.210588398272662
female,34-35,48,-9.210340371976182,-9.210340371976182,-9.210588398272662
female,34-35,49,-9.210340371976182,-9.210340371976182,-9.210588398272662
female,34-35,50,-9.210340371976182,-9.210340371976182,-9.210588398272662
female,34-35,51,-9.210340371976182,-9.210340371976182,-9.210588398272662
female,34-35,52,-9.210340371976182,-9.210340371976182,-9.210588398272662
female,36-37,-52,-9.210340371976182,-9.210340371976182,-9.210551067867172
female,36-37,-51,-9.210340371976182,-9.210340371976182,-9.210551067867172
female,36-37,-50,-9.210340371976182,-9.210340371976182,-9.210551067867172
female,36-37,-49,-9.210340371976182,-9.210340371976182,-9.210551067867172
female,36-37,-48,-9.210340371976182,-9.210340371976182,-9.210551067867172
female,36-37,-47,-9.210340371976182,-9.210340371976182,-9.210551067867172
female,36-37,-46,-9.210340371976182,-9.210340371976182,-9.210551067867172
female,36-37,-45,-9.210340371976182,-9.210340371976182,-9.210551067867172
female,36-37,-44,-9.210340371976182,-9.210340371976182,-9.210551067867172
female,36-37,-43,-9.210340371976182,-9.210340371976182,-9.210551067867172
female,36-37,-42,-9.210340371976182,-9.210340371976182,-9.210551067867172
female,36-37,-41,-9.210340371976182,-9.210340371976182,-9.210551067867172
female,36-37,-40,-9.210340371976182,-9.210340371976182,-9.210551067867172
female,36-37,-39,-9.210340371976182,-9.210340371976182,-9.210551067867172
female,36-37,-38,-9.210340371976182,-9.210340371976182,-9.210551067867172
female,36-37,-37,-9.210340371976182,-9.210340371976182,-9.210551067867172
female,36-37,-36,-9.210340371976182,-9.210340371976182,-9.210551067867172
female,36-37,-35,-9.210340371976182,-9.210340371976182,-9.210551067867172
female,36-37,-34,-9.210340371976182,-9.210340371976182,-9.210551067867172
female,36-37,-33,-9.210340371976182,-9.210340371976182,-9.210551067867172
female,36-37,-32,-9.210340371976182,-9.210340371976182,-9.210551067867172
female,36-37,-31,-9.210340371976182,-9.210340371976182,-9.210551067867172
female,36-37,-30,-9.210340371976182,-9.210340371976182,-9.210551067867172
female,36-37,-29,-9.210340371976182,-9.210340371976182,-9.210551067867172
female,36-37,-28,-9.210340371976182,-4.891300578821384,-4.891511274712374
female,36-37,-27,-9.210340371976182,-4.891300578821384,-4.891511274712374
female,36-37,-26,-9.210340371976182,-4.891300578821384,-4.891511274712374
female,36-37,-25,-9.210340371976182,-4.891300578821384,-4.891511274712374
female,36-37,-24,-9.210340371976182,-4.891300578821384,-4.891511274712374
female,36-37,-23,-9.210340371976182,-4.891300578821384,-4.891511274712374
female,36-37,-22,-9.210340371976182,-4.891300578821384,-4.891511274712374
female,36-37,-21,-9.210340371976182,-4.891300578821384,-4.891511274712374
female,36-37,-20,-9.210340371976182,-4.8913005788738015,-4.891511274764792
female,36-37,-19,-4.891300578820348,-4.891766160296695,-4.891976856187685
female,36-37,-18,-6.049530151943042,-6.049354055038356,-6.049564750929346
female,36-37,-17,-6.844772836339684,-6.844270208558636,-6.844480904449626
female,36-37,-16,-6.587304470879603,-6.586268302091806,-6.5864789979827965
female,36-37,-15,-5.133127195623302,-5.133161822850267,-5.1333725187412576
female,36-37,-14,-4.639689839374889,-4.639584782943656,-4.639795478834646
female,36-37,-13,-4.117411612019739,-4.117340512886611,-4.117551208777601
female,36-37,-12,-3.634962152114107,-3.6349233225957143,-3.635134018486704
female,36-37,-11,-3.220982637493721,-3.2208455915385357,-3.2210562874295254
female,36-37,-10,-2.6411722773414574,-2.6410921713608584,-2.641302867251848
female,36-37,-9,-2.0915283170137737,-2.0914730029050506,-2.0916836987960403
female,36-37,-8,-1.5921690560668669,-1.5921503252489522,-1.5923610211399422
female,36-37,-7,-1.1950937658602054,-1.1950449497018971,-1.195255645592887
female,36-37,-6,-0.7824938694478653,-0.7824218546108983,-0.7826325505018882
female,36-37,-5,-0.2975002798201862,-0.29748025250831306,-0.297690948399303
female,36-37,-4,0.11765428940077259,0.11768296420468304,0.11747226831369312
female,36-37,-3,0.516804766441866,0.5168658477090532,0.5166551518180633
female,36-37,-2,0.9685984054424371,0.9686854426777267,0.9684747467867368
female,36-37,-1,1.4923912540893403,1.492448957180086,1.492238261289096
female,36-37,0,2.001432116736632,2.001282121690909,2.0010714257999194
female,36-37,1,1.9886095183576404,1.9885563024471082,1.9883456065561183
female,36-37,2,1.790208393617047,1.7902299739737653,1.7900192780827753
female,36-37,3,1.6093025954931384,1.6093151962479362,1.6091045003569462
female,36-37,4,1.4247188605689118,1.4247384233577423,1.4245277274667523
female,36-37,5,1.2447210983875772,1.2447401503978042,1.2445294545068142
female,36-37,6,1.0704153649484196,1.0704038719774698,1.0701931760864798
female,36-37,7,0.7965816808674062,0.7966454976093532,0.7964348017183633
female,36-37,8,0.6437987339586957,0.6438037308185279,0.643593034927538
female,36-37,9,0.4651521822172938,0.4651959862414634,0.4649852903504735
female,36-37,10,0.38219892211776185,0.3821551592475495,0.38194446335655957
female,36-37,11,0.13480399981328053,0.13481214062558755,0.13460144473459762
female,36-37,12,-0.15382019856242418,-0.15378106058689822,-0.15399175647788815
female,36-37,13,-0.3861692765432087,-0.386094242942892,-0.38630493883388195
female,36-37,14,-0.415140419602565,-0.4151980142032243,-0.4154087100942142
female,36-37,15,-0.6436564550274042,-0.6435981630711504,-0.6438088589621402
female,36-37,16,-0.7338605715059713,-0.7339211471035667,-0.7341318429945566
female,36-37,17,-1.0556242592073313,-1.055548387671325,-1.055759083562315
female,36-37,18,-1.2250490660960343,-1.2250775682477422,-1.2252882641387322
female,36-37,19,-1.5433318420631295,-1.5432273974092137,-1.5434380933002037
female,36-37,20,-1.6114978370999136,-1.611504620548275,-1.611715316439265
female,36-37,21,-1.7054065300280277,-1.7054472906282254,-1.7056579865192154
female,36-37,22,-1.950144823202196,-1.9501429359597982,-1.9503536318507881
female,36-37,23,-2.2540978657087307,-2.253979795390772,-2.254190491281762
female,36-37,24,-2.2471088304537763,-2.2471907370758926,-2.2474014329668823
female,36-37,25,-2.5332201424686653,-2.5331820314428724,-2.533392727333862
female,36-37,26,-2.806901989146892,-2.806807872139098,-2.8070185680300876
female,36-37,27,-2.8509506120666845,-2.8509206284577027,-2.8511313243486924
female,36-37,28,-2.8069613515089578,-2.8070602171376713,-2.807270913028661
female,36-37,29,-3.1129285039059544,-3.112737015629859,-3.1129477115208486
female,36-37,30,-2.9275048715637406,-2.9276807857493687,-2.9278914816403585
female,36-37,31,-3.378939026216556,-3.378854114076803,-3.379064809967793
female,36-37,32,-3.82572959279604,-3.8251548901456607,-3.8253655860366504
female,36-37,33,-3.0570163236319425,-3.0572383084012884,-3.057449004292278
female,36-37,34,-3.3046347763457216,-3.3044479070914057,-3.3046586029823954
female,36-37,35,-9.210340371976182,-3.304634776324692,-3.304845472215682
female,36-37,36,-9.210340371976182,-3.3046347763457375,-3.3048454722367273
female,36-37,37,-9.210340371976182,-3.304634776345737,-3.304845472236727
female,36-37,38,-9.210340371976182,-3.304634776345737,-3.304845472236727
female,36-37,39,-9.210340371976182,-3.304634776345737,-3.304845472236727
female,36-37,40,-9.210340371976182,-3.304634776345737,-3.304845472236727
female,36-37,41,-9.210340371976182,-3.304634776345737,-3.304845472236727
female,36-37,42,-9.210340371976182,-3.304634776345737,-3.304845472236727
female,36-37,43,-9.210340371976182,-3.3046347763457375,-3.3048454722367273
female,36-37,44,-9.210340371976182,-9.210340371976182,-9.210551067867172
female,36-37,45,-9.210340371976182,-9.210340371976182,-9.210551067867172
female,36-37,46,-9.210340371976182,-9.210340371976182,-9.210551067867172
female,36-37,47,-9.210340371976182,-9.210340371976182,-9.210551067867172
female,36-37,48,-9.210340371976182,-9.210340371976182,-9.210551067867172
female,36-37,49,-9.210340371976182,-9.210340371976182,-9.210551067867172
female,36-37,50,-9.210340371976182,-9.210340371976182,-9.210551067867172
female,36-37,51,-9.210340371976182,-9.210340371976182,-9.210551067867172
female,36-37,52,-9.210340371976182,-9.210340371976182,-9.210551067867172
female,38-39,-52,-9.210340371976182,-9.210340371976182,-9.210837317074985
female,38-39,-51,-9.210340371976182,-9.210340371976182,-9.210837317074985
female,38-39,-50,-9.210340371976182,-9.210340371976182,-9.210837317074985
female,38-39,-49,-9.210340371976182,-9.210340371976182,-9.210837317074985
female,38-39,-48,-9.210340371976182,-9.210340371976182,-9.210837317074985
female,38-39,-47,-9.210340371976182,-9.210340371976182,-9.210837317074985
female,38-39,-46,-9.210340371976182,-9.210340371976182,-9.210837317074985
female,38-39,-45,-9.210340371976182,-9.210340371976182,-9.210837317074985
female,38-39,-44,-9.210340371976182,-9.210340371976182,-9.210837317074985
female,38-39,-43,-9.210340371976182,-9.210340371976182,-9.210837317074985
female,38-39,-42,-9.210340371976182,-9.210340371976182,-9.210837317074985
female,38-39,-41,-9.210340371976182,-9.210340371976182,-9.210837317074985
female,38-39,-40,-9.210340371976182,-9.210340371976182,-9.210837317074985
female,38-39,-39,-9.210340371976182,-9.210340371976182,-9.210837317074985
female,38-39,-38,-9.210340371976182,-9.210340371976182,-9.210837317074985
female,38-39,-37,-9.210340371976182,-9.210340371976182,-9.210837317074985
female,38-39,-36,-9.210340371976182,-9.210340371976182,-9.210837317074985
female,38-39,-35,-9.210340371976182,-9.210340371976182,-9.210837317074985
female,38-39,-34,-9.210340371976182,-9.210340371976182,-9.210837317074985
female,38-39,-33,-9.210340371976182,-9.210340371976182,-9.210837317074985
female,38-39,-32,-9.210340371976182,-9.210340371976182,-9.210837317074985
female,38-39,-31,-9.210340371976182,-9.210340371976182,-9.210837317074985
female,38-39,-30,-9.210340371976182,-9.210340371976182,-9.210837317074985
female,38-39,-29,-9.210340371976182,-9.210340371976182,-9.210837317074985
female,38-39,-28,-9.210340371976182,-9.210340371976182,-9.210837317074985
female,38-39,-27,-9.210340371976182,-9.210340371976182,-9.210837317074985
female,38-39,-26,-9.210340371976182,-9.210340371976182,-9.210837317074985
female,38-39,-25,-9.210340371976182,-9.210340371976182,-9.210837317074985
female,38-39,-24,-9.210340371976182,-9.210340371976182,-9.210837317074985
female,38-39,-23,-9.210340371976182,-9.210340371976182,-9.210837317074985
female,38-39,-22,-9.210340371976182,-9.210340371976182,-9.210837317074985
female,38-39,-21,-9.210340371976182,-9.210340371976182,-9.210837317074985
female,38-39,-20,-6.219130753617822,-6.219097311685065,-6.219594256783868
female,38-39,-19,-5.7604387408450775,-5.759888713322167,-5.76038565842097
female,38-39,-18,-4.666193269101652,-4.666565104072655,-4.667062049171458
female,38-39,-17,-5.265133839492813,-5.2646643322577615,-5.265161277356564
female,38-39,-16,-4.814493712886187,-4.814199285713354,-4.814696230812157
female,38-39,-15,-4.017466077775777,-4.017495867931878,-4.017992813030681
female,38-39,-14,-3.6421770517902265,-3.642195830496259,-3.6426927755950613
female,38-39,-13,-3.41058476806564,-3.41050313741931,-3.4110000825181124
female,38-39,-12,-3.0264403632285357,-3.026272824371606,-3.0267697694704085
female,38-39,-11,-2.400821087097139,-2.4008463642365676,-2.40134330933537
female,38-39,-10,-2.0403713033318707,-2.040371950593123,-2.040868895691925
female,38-39,-9,-1.760024670455897,-1.7598199914012083,-1.7603169365000109
female,38-39,-8,-1.1151241137775898,-1.1151679262837675,-1.11566487138257
female,38-39,-7,-0.7788682085217433,-0.7787913627507942,-0.7792883078495967
female,38-39,-6,-0.3245752686416104,-0.3245852181655386,-0.3250821632643411
female,38-39,-5,0.003953206711478659,0.0039620193016241265,0.0034650742028216087
female,38-39,-4,0.29985800747123564,0.29993224100522714,0.29943529590642465
female,38-39,-3,0.7187581440904014,0.7187937958213688,0.7182968507225663
female,38-39,-2,1.1307041553971844,1.1307445286714757,1.130247583572673
female,38-39,-1,1.5445508535503227,1.5446376022249417,1.5441406571261391
female,38-39,0,2.0388106983016505,2.038648603082961,2.0381516579841588
female,38-39,1,1.9532944531753214,1.9532837051431304,1.9527867600443278
female,38-39,2,1.8117230114782266,1.8117436206413586,1.811246675542556
female,38-39,3,1.6953986324488663,1.6953836430162148,1.6948866979174122
female,38-39,4,1.4874076432357914,1.4874329054389561,1.4869359603401535
female,38-39,5,1.2959203892015085,1.2959371060852967,1.295440160986494
female,38-39,6,1.0973549452899996,1.097366462793508,1.0968695176947054
female,38-39,7,0.864591680931873,0.8646591119599859,0.8641621668611834
female,38-39,8,0.7763271173930137,0.7762987130405301,0.7758017679417276
female,38-39,9,0.5717688113041611,0.5717833184697728,0.5712863733709703
female,38-39,10,0.36788862743047424,0.36789427010625847,0.367397325007456
female,38-39,11,0.1383589376957819,0.1383874703141811,0.1378905252153786
female,38-39,12,-0.04431613148796126,-0.04429921013565224,-0.04479615523445476
female,38-39,13,-0.21256457496939887,-0.21259148760381433,-0.21308843270261685
female,38-39,14,-0.525315118526824,-0.5252317295723178,-0.5257286746711203
female,38-39,15,-0.652620621455748,-0.6526195686891779,-0.6531165137879804
female,38-39,16,-0.8023552271901826,-0.8023431000438108,-0.8028400451426133
female,38-39,17,-0.9441484925590441,-0.9441894725352211,-0.9446864176340236
female,38-39,18,-1.2743671472618534,-1.2742435494963098,-1.2747404945951124
female,38-39,19,-1.3027845831605878,-1.302822311311205,-1.3033192564100076
female,38-39,20,-1.4594048841008394,-1.4594802557486943,-1.459977200847497
female,38-39,21,-1.949104188457998,-1.948866494783975,-1.9493634398827775
female,38-39,22,-1.862795308567005,-1.862868005353645,-1.8633649504524477
female,38-39,23,-2.020107441745831,-2.020115095642041,-2.0206120407408434
female,38-39,24,-2.257891761268288,-2.2577657590515097,-2.258262704150312
female,38-39,25,-2.163931538821376,-2.164127145166186,-2.1646240902649883
female,38-39,26,-2.8936458064986166,-2.893252951636886,-2.8937498967356885
female,38-39,27,-2.8469245499818703,-2.846966180909383,-2.8474631260081855
female,38-39,28,-2.9360125929958274,-2.9359868015827812,-2.9364837466815836
female,38-39,29,-2.9637342610628297,-2.9637968854733727,-2.964293830572175
female,38-39,30,-3.2273153255867815,-3.227126641387084,-3.2276235864858864
female,38-39,31,-3.0049335662611982,-3.005110681094192,-3.0056076261929943
female,38-39,32,-4.0366135913647305,-4.035425119429037,-4.03592206452784
female,38-39,33,-9.210340371976182,-4.036611908082217,-4.03710885318102
female,38-39,34,-9.210340371976182,-4.0366119082159395,-4.037108853314742
female,38-39,35,-9.210340371976182,-4.0366119082159395,-4.037108853314742
female,38-39,36,-9.210340371976182,-4.0366119082159395,-4.037108853314742
female,38-39,37,-9.210340371976182,-4.03661190821594,-4.037108853314743
female,38-39,38,-9.210340371976182,-4.0366119082159395,-4.037108853314742
female,38-39,39,-9.210340371976182,-4.03661190821594,-4.037108853314743
female,38-39,40,-9.210340371976182,-4.03661190821594,-4.037108853314743
female,38-39,41,-9.210340371976182,-4.03661190821594,-4.037108853314743
female,38-39,42,-9.210340371976182,-9.210340371976182,-9.210837317074985
female,38-39,43,-9.210340371976182,-9.210340371976182,-9.210837317074985
female,38-39,44,-9.210340371976182,-9.210340371976182,-9.210837317074985
female,38-39,45,-9.210340371976182,-9.210340371976182,-9.210837317074985
female,38-39,46,-9.210340371976182,-9.210340371976182,-9.210837317074985
female,38-39,47,-9.210340371976182,-9.210340371976182,-9.210837317074985
female,38-39,48,-9.210340371976182,-9.210340371976182,-9.210837317074985
female,38-39,49,-9.210340371976182,-9.210340371976182,-9.210837317074985
female,38-39,50,-9.210340371976182,-9.210340371976182,-9.210837317074985
female,38-39,51,-9.210340371976182,-9.210340371976182,-9.210837317074985
female,38-39,52,-9.210340371976182,-9.210340371976182,-9.210837317074985
female,40-42,-52,-9.210340371976182,-9.210340371976182,-9.210421051465284
female,40-42,-51,-9.210340371976182,-9.210340371976182,-9.210421051465284
female,40-42,-50,-9.210340371976182,-9.210340371976182,-9.210421051465284
female,40-42,-49,-9.210340371976182,-9.210340371976182,-9.210421051465284
female,40-42,-48,-9.210340371976182,-9.210340371976182,-9.210421051465284
female,40-42,-47,-9.210340371976182,-9.210340371976182,-9.210421051465284
female,40-42,-46,-9.210340371976182,-9.210340371976182,-9.210421051465284
female,40-42,-45,-9.210340371976182,-9.210340371976182,-9.210421051465284
female,40-42,-44,-9.210340371976182,-9.210340371976182,-9.210421051465284
female,40-42,-43,-9.210340371976182,-5.988190248924453,-5.988270928413555
female,40-42,-42,-9.210340371976182,-5.988190248926193,-5.988270928415295
female,40-42,-41,-9.210340371976182,-5.988190248926193,-5.988270928415295
female,40-42,-40,-9.210340371976182,-5.988190248926194,-5.988270928415296
female,40-42,-39,-9.210340371976182,-5.988190248926193,-5.988270928415295
female,40-42,-38,-9.210340371976182,-5.988190248926193,-5.988270928415295
female,40-42,-37,-9.210340371976182,-5.988190248926193,-5.988270928415295
female,40-42,-36,-9.210340371976182,-5.988190248926193,-5.988270928415295
female,40-42,-35,-9.210340371976182,-5.988190248926193,-5.988270928415295
female,40-42,-34,-9.210340371976182,-5.988190248926193,-5.988270928415295
female,40-42,-33,-9.210340371976182,-5.988190248926193,-5.988270928415295
female,40-42,-32,-9.210340371976182,-5.9881902489261964,-5.988270928415298
female,40-42,-31,-9.210340371976182,-5.988190248926378,-5.98827092841548
female,40-42,-30,-9.210340371976182,-5.988190248936253,-5.988270928425355
female,40-42,-29,-9.210340371976182,-5.988190249475434,-5.988270928964536
female,40-42,-28,-9.210340371976182,-5.988190278913744,-5.988270958402846
female,40-42,-27,-9.210340371976182,-5.988191886189652,-5.988272565678754
female,40-42,-26,-9.210340371976182,-5.9882796365190005,-5.9883603160081025
female,40-42,-25,-9.210340371976182,-5.993058868396294,-5.993139547885396
female,40-42,-24,-5.988192540323829,-6.223840089716213,-6.223920769205315
female,40-42,-23,-9.210340371976182,-7.272158689391894,-7.272239368880996
female,40-42,-22,-5.676459399659453,-5.818697686040017,-5.818778365529119
female,40-42,-21,-6.4785173752881,-6.107034598891652,-6.107115278380754
female,40-42,-20,-5.098247586678391,-5.166879402062554,-5.166960081551656
female,40-42,-19,-4.985310126481464,-4.931936615340429,-4.932017294829531
female,40-42,-18,-4.505617160985019,-4.4736110483113665,-4.473691727800468
female,40-42,-17,-3.985629333094186,-3.98769293939063,-3.9877736188797326
female,40-42,-16,-3.6544776551105818,-3.6222661272496977,-3.6223468067388
female,40-42,-15,-3.1774394169935145,-3.1902734009768783,-3.1903540804659807
female,40-42,-14,-2.927830200694073,-2.913147948162751,-2.9132286276518533
female,40-42,-13,-2.599052107823483,-2.571880047548537,-2.5719607270376392
female,40-42,-12,-2.1443944553888463,-2.150449403464684,-2.1505300829537863
female,40-42,-11,-1.8510647629325285,-1.807663112586044,-1.8077437920751465
female,40-42,-10,-1.3079654123474604,-1.3349870956475864,-1.3350677751366888
female,40-42,-9,-1.1177302775746003,-1.0985313763976978,-1.0986120558868002
female,40-42,-8,-0.782622594570522,-0.7623025914834741,-0.7623832709725764
female,40-42,-7,-0.355084368505553,-0.3790639551409637,-0.379144634630066
female,40-42,-6,-0.20636429127248782,-0.16720369773232663,-0.16728437722142894
female,40-42,-5,0.23722890361303867,0.23303148274258165,0.23295080325347933
female,40-42,-4,0.5513942396457777,0.5612295436221445,0.5611488641330422
female,40-42,-3,0.8903952545915379,0.8958930522150614,0.8958123727259591
female,40-42,-2,1.19768319143059,1.2207671413226053,1.220686461833503
female,40-42,-1,1.60758788337642,1.6234209552218022,1.6233402757326998
female,40-42,0,2.0246714744675782,1.980234850499542,1.9801541710104396
female,40-42,1,1.9664982859645659,1.9619701743101643,1.961889494821062
female,40-42,2,1.8516500037797874,1.8478120592454899,1.8477313797563875
female,40-42,3,1.669054317766561,1.6774935988919935,1.677412919402891
female,40-42,4,1.524789558415747,1.5312003420175468,1.5311196625284444
female,40-42,5,1.4115679967865709,1.4055194202202317,1.4054387407311293
female,40-42,6,1.2054098220942593,1.2150194380769062,1.2149387585878038
female,40-42,7,1.0499146289457708,1.0453941595652387,1.0453134800761363
female,40-42,8,0.8223338565270905,0.8259025082496187,0.8258218287605165
female,40-42,9,0.582308812130659,0.5976084987590261,0.5975278192699238
female,40-42,10,0.4497818428855391,0.4424842399941001,0.4424035605049978
female,40-42,11,0.2136709204050736,0.2222900430405344,0.2222093635514321
female,40-42,12,0.005557684964554836,0.01099591711582344,0.010915237626721135
female,40-42,13,-0.19346413453093214,-0.17923608718170714,-0.17931676667080945
female,40-42,14,-0.28503049957735926,-0.30318350929472493,-0.3032641887838272
female,40-42,15,-0.5942250913747709,-0.568123190459096,-0.5682038699481983
female,40-42,16,-0.7152034740510238,-0.7242080860513452,-0.7242887655404475
female,40-42,17,-0.9524684428427824,-0.9320327272372594,-0.9321134067263617
female,40-42,18,-1.0248778063821815,-1.0431136202055171,-1.0431942996946195
female,40-42,19,-1.3045253743851488,-1.272286313203355,-1.2723669926924575
female,40-42,20,-1.3216600129199167,-1.3504849854285008,-1.3505656649176032
female,40-42,21,-1.671796400969202,-1.6380576319668148,-1.6381383114559172
female,40-42,22,-1.7977014811167806,-1.774270505767115,-1.7743511852562175
female,40-42,23,-1.714507121496879,-1.758006577585399,-1.7580872570745014
female,40-42,24,-2.11583249358011,-2.105089853373141,-2.1051705328622434
female,40-42,25,-2.6955535373981427,-2.5237613115529642,-2.5238419910420666
female,40-42,26,-2.013785179214997,-2.1269874862859997,-2.127068165775102
female,40-42,27,-2.7234138221718216,-2.6186684265311775,-2.61874910602028
female,40-42,28,-2.7703625490848824,-2.7923510124423565,-2.792431691931459
female,40-42,29,-3.2440349929518164,-3.1230326036657368,-3.123113283154839
female,40-42,30,-2.7894659330077682,-2.8684731434335236,-2.868553822922626
female,40-42,31,-9.210340371976182,-2.7912156857269057,-2.791296365216008
female,40-42,32,-9.210340371976182,-2.78949585550307,-2.7895765349921726
female,40-42,33,-9.210340371976182,-2.789464231659533,-2.7895449111486355
female,40-42,34,-9.210340371976182,-2.7894636524068557,-2.789544331895958
female,40-42,35,-9.210340371976182,-2.7894636417974588,-2.789544321286561
female,40-42,36,-9.210340371976182,-2.789463641603141,-2.7895443210922433
female,40-42,37,-9.210340371976182,-2.789463641599582,-2.7895443210886843
female,40-42,38,-9.210340371976182,-2.7894636415995167,-2.789544321088619
female,40-42,39,-9.210340371976182,-2.7894636415995158,-2.789544321088618
female,40-42,40,-9.210340371976182,-2.7894636415995153,-2.7895443210886177
female,40-42,41,-9.210340371976182,-2.7894636415995153,-2.7895443210886177
female,40-42,42,-9.210340371976182,-2.7894636415995158,-2.789544321088618
female,40-42,43,-9.210340371976182,-2.7894636415995153,-2.7895443210886177
female,40-42,44,-9.210340371976182,-2.7894636415995153,-2.7895443210886177
female,40-42,45,-9.210340371976182,-2.7894636415995158,-2.789544321088618
female,40-42,46,-9.210340371976182,-2.7894636415995158,-2.789544321088618
female,40-42,47,-9.210340371976182,-2.7894636415995158,-2.789544321088618
female,40-42,48,-9.210340371976182,-2.7894636415995158,-2.789544321088618
female,40-42,49,-9.210340371976182,-2.7894636415993395,-2.789544321088442
female,40-42,50,-9.210340371976182,-9.210340371976182,-9.210421051465284
female,40-42,51,-9.210340371976182,-9.210340371976182,-9.210421051465284
female,40-42,52,-9.210340371976182,-9.210340371976182,-9.210421051465284
female,43-45,-52,-9.210340371976182,-9.210340371976182,-9.210385101178122
female,43-45,-51,-9.210340371976182,-9.210340371976182,-9.210385101178122
female,43-45,-50,-9.210340371976182,-9.210340371976182,-9.210385101178122
female,43-45,-49,-9.210340371976182,-9.210340371976182,-9.210385101178122
female,43-45,-48,-9.210340371976182,-9.210340371976182,-9.210385101178122
female,43-45,-47,-9.210340371976182,-9.210340371976182,-9.210385101178122
female,43-45,-46,-9.210340371976182,-9.210340371976182,-9.210385101178122
female,43-45,-45,-9.210340371976182,-9.210340371976182,-9.210385101178122
female,43-45,-44,-9.210340371976182,-9.210340371976182,-9.210385101178122
female,43-45,-43,-9.210340371976182,-9.210340371976182,-9.210385101178122
female,43-45,-42,-9.210340371976182,-9.210340371976182,-9.210385101178122
female,43-45,-41,-9.210340371976182,-9.210340371976182,-9.210385101178122
female,43-45,-40,-9.210340371976182,-9.210340371976182,-9.210385101178122
female,43-45,-39,-9.210340371976182,-9.210340371976182,-9.210385101178122
female,43-45,-38,-9.210340371976182,-9.210340371976182,-9.210385101178122
female,43-45,-37,-9.210340371976182,-9.210340371976182,-9.210385101178122
female,43-45,-36,-9.210340371976182,-5.530733951060067,-5.530778680262007
female,43-45,-35,-9.210340371976182,-5.530733951060067,-5.530778680262007
female,43-45,-34,-9.210340371976182,-5.530733951060067,-5.530778680262007
female,43-45,-33,-9.210340371976182,-5.530733951060067,-5.530778680262007
female,43-45,-32,-9.210340371976182,-5.530733951060067,-5.530778680262007
female,43-45,-31,-9.210340371976182,-5.530733951060067,-5.530778680262007
female,43-45,-30,-9.210340371976182,-5.530733951060067,-5.530778680262007
female,43-45,-29,-9.210340371976182,-5.530733951060067,-5.530778680262007
female,43-45,-28,-9.210340371976182,-5.530733951038295,-5.5307786802402354
female,43-45,-27,-5.530733951059218,-5.530540625585366,-5.5305853547873065
female,43-45,-26,-5.276929327700893,-5.276992656145322,-5.2770373853472625
female,43-45,-25,-5.327882402574989,-5.328022500124343,-5.328067229326283
female,43-45,-24,-5.932253226378236,-5.931927530500239,-5.93197225970218
female,43-45,-23,-5.802845478889006,-5.802519747714876,-5.8025644769168165
female,43-45,-22,-5.065042654268598,-5.064793384461464,-5.064838113663405
female,43-45,-21,-4.246758823324165,-4.247049959106334,-4.247094688308275
female,43-45,-20,-4.617180409179793,-4.616694274403756,-4.616739003605696
female,43-45,-19,-3.912202900083701,-3.9123906600078633,-3.9124353892098043
female,43-45,-18,-3.956967932272458,-3.956669698676206,-3.956714427878147
female,43-45,-17,-3.3236029311354685,-3.3236494765253717,-3.3236942057273127
female,43-45,-16,-3.0067892193798516,-3.0068101398332474,-3.0068548690351884
female,43-45,-15,-2.7973520989304888,-2.7971799850625967,-2.7972247142645377
female,43-45,-14,-2.2373085720260613,-2.237456267881164,-2.237500997083105
female,43-45,-13,-2.2238314758330087,-2.223614305272677,-2.223659034474618
female,43-45,-12,-1.679537855452313,-1.6795976202227925,-1.6796423494247334
female,43-45,-11,-1.4166712752715216,-1.416543823023326,-1.416588552225267
female,43-45,-10,-0.9024216365819593,-0.9024592437238618,-0.9025039729258026
female,43-45,-9,-0.6095119568734642,-0.6095072945122008,-0.6095520237141416
female,43-45,-8,-0.3433854042854048,-0.34335784773351924,-0.3434025769354601
female,43-45,-7,-0.03794723771701199,-0.03794740510231641,-0.0379921343042573
female,43-45,-6,0.2230118430014546,0.22302495820165313,0.22298022899971226
female,43-45,-5,0.4741398627009041,0.4741535782859258,0.47410884908398493
female,43-45,-4,0.7188158174794907,0.718843679550352,0.7187989503484111
female,43-45,-3,0.9957170530565597,0.9957347997286027,0.9956900705266618
female,43-45,-2,1.2755989124367384,1.2756616723267316,1.2756169431247906
female,43-45,-1,1.655535274588416,1.6555828076047445,1.6555380784028035
female,43-45,0,2.0498994444276724,2.049760429848173,2.049715700646232
female,43-45,1,1.9643880326590284,1.9644022979807148,1.9643575687787738
female,43-45,2,1.909686411001491,1.9096540510627795,1.9096093218608385
female,43-45,3,1.7360910942203778,1.7361119043589461,1.7360671751570051
female,43-45,4,1.5938541907686274,1.5938525077054408,1.5938077785034999
female,43-45,5,1.4284145107474444,1.428419375266557,1.428374646064616
female,43-45,6,1.255007714322231,1.2549994274022023,1.2549546982002613
female,43-45,7,1.0191210175691217,1.0191599331825576,1.0191152039806166
female,43-45,8,0.8593149929204762,0.8593105745156906,0.8592658453137497
female,43-45,9,0.6507925828378536,0.6508074510012752,0.6507627217993344
female,43-45,10,0.4436797439824469,0.44371495470074573,0.44367022549880486
female,43-45,11,0.30804015907848087,0.3080106711232987,0.30796594192135784
female,43-45,12,0.04072718016246477,0.04080100806699324,0.04075627886505235
female,43-45,13,-0.04922029959009579,-0.049253797393029555,-0.04929852659497044
female,43-45,14,-0.2625511302415654,-0.26252653990552477,-0.26257126910746564
female,43-45,15,-0.43542240555048056,-0.4354530962773639,-0.43549782547930477
female,43-45,16,-0.7600064245770365,-0.7599186920376974,-0.7599634212396382
female,43-45,17,-0.8931048103610457,-0.8930728280336383,-0.8931175572355792
female,43-45,18,-0.9447690991147759,-0.9448057637372086,-0.9448504929391495
female,43-45,19,-1.1301939736000453,-1.1301682752342643,-1.1302130044362053
female,43-45,20,-1.2785721317998542,-1.27852935518019,-1.278574084382131
female,43-45,21,-1.3198055327807163,-1.3199416120847631,-1.3199863412867041
female,43-45,22,-1.9641038696172541,-1.9637375373132537,-1.9637822665151947
female,43-45,23,-1.8281890824566482,-1.8281927976033905,-1.8282375268053315
female,43-45,24,-1.706919054801029,-1.7071060438568926,-1.7071507730588336
female,43-45,25,-2.3133515204787014,-2.313055573519601,-2.313100302721542
female,43-45,26,-2.288630599663679,-2.2886462093490345,-2.2886909385509755
female,43-45,27,-2.3087955904527107,-2.3087822324760934,-2.3088269616780344
female,43-45,28,-9.210340371976182,-2.30879559045115,-2.308840319653091
female,43-45,29,-9.210340371976182,-2.3087955904526547,-2.3088403196545957
female,43-45,30,-9.210340371976182,-2.3087955904526543,-2.3088403196545952
female,43-45,31,-9.210340371976182,-2.3087955904526547,-2.3088403196545957
female,43-45,32,-9.210340371976182,-2.3087955904526547,-2.3088403196545957
female,43-45,33,-9.210340371976182,-2.3087955904526547,-2.3088403196545957
female,43-45,34,-9.210340371976182,-2.3087955904526547,-2.3088403196545957
female,43-45,35,-9.210340371976182,-2.3087955904526547,-2.3088403196545957
female,43-45,36,-9.210340371976182,-2.3087955904526547,-2.3088403196545957
female,43-45,37,-9.210340371976182,-9.210340371976182,-9.210385101178122
female,43-45,38,-9.210340371976182,-9.210340371976182,-9.210385101178122
female,43-45,39,-9.210340371976182,-9.210340371976182,-9.210385101178122
female,43-45,40,-9.210340371976182,-9.210340371976182,-9.210385101178122
female,43-45,41,-9.210340371976182,-9.210340371976182,-9.210385101178122
female,43-45,42,-9.210340371976182,-9.210340371976182,-9.210385101178122
female,43-45,43,-9.210340371976182,-9.210340371976182,-9.210385101178122
female,43-45,44,-9.210340371976182,-9.210340371976182,-9.210385101178122
female,43-45,45,-9.210340371976182,-9.210340371976182,-9.210385101178122
female,43-45,46,-9.210340371976182,-9.210340371976182,-9.210385101178122
female,43-45,47,-9.210340371976182,-9.210340371976182,-9.210385101178122
female,43-45,48,-9.210340371976182,-9.210340371976182,-9.210385101178122
female,43-45,49,-9.210340371976182,-9.210340371976182,-9.210385101178122
female,43-45,50,-9.210340371976182,-9.210340371976182,-9.210385101178122
female,43-45,51,-9.210340371976182,-9.210340371976182,-9.210385101178122
female,43-45,52,-9.210340371976182,-9.210340371976182,-9.210385101178122
female,46-49,-52,-9.210340371976182,-9.210340371976182,-9.210359355534955
female,46-49,-51,-9.210340371976182,-9.210340371976182,-9.210359355534955
female,46-49,-50,-9.210340371976182,-9.210340371976182,-9.210359355534955
female,46-49,-49,-9.210340371976182,-9.210340371976182,-9.210359355534955
female,46-49,-48,-9.210340371976182,-9.210340371976182,-9.210359355534955
female,46-49,-47,-9.210340371976182,-9.210340371976182,-9.210359355534955
female,46-49,-46,-9.210340371976182,-9.210340371976182,-9.210359355534955
female,46-49,-45,-9.210340371976182,-9.210340371976182,-9.210359355534955
female,46-49,-44,-9.210340371976182,-9.210340371976182,-9.210359355534955
female,46-49,-43,-9.210340371976182,-9.210340371976182,-9.210359355534955
female,46-49,-42,-9.210340371976182,-9.210340371976182,-9.210359355534955
female,46-49,-41,-9.210340371976182,-9.210340371976182,-9.210359355534955
female,46-49,-40,-9.210340371976182,-7.870207289536092,-7.870226273094865
female,46-49,-39,-9.210340371976182,-7.870207289536092,-7.870226273094865
female,46-49,-38,-9.210340371976182,-7.870207289536092,-7.870226273094865
female,46-49,-37,-9.210340371976182,-7.870207289536092,-7.870226273094865
female,46-49,-36,-9.210340371976182,-7.870207289536092,-7.870226273094865
female,46-49,-35,-9.210340371976182,-7.870207289536092,-7.870226273094865
female,46-49,-34,-9.210340371976182,-7.870207289536092,-7.870226273094865
female,46-49,-33,-9.210340371976182,-7.870207289536092,-7.870226273094865
female,46-49,-32,-9.210340371976182,-7.870207289056928,-7.870226272615701
female,46-49,-31,-7.870207289535283,-7.865961276147778,-7.865980259706551
female,46-49,-30,-5.877004717025897,-5.876862663742433,-5.8768816473012055
female,46-49,-29,-5.429645125113725,-5.429797692423117,-5.42981667598189
female,46-49,-28,-5.605734800982105,-5.605751754716456,-5.605770738275229
female,46-49,-27,-5.823613190089885,-5.823148249923053,-5.823167233481826
female,46-49,-26,-5.0611904643789885,-5.061011468752395,-5.061030452311168
female,46-49,-25,-4.329781105680334,-4.330090708020979,-4.330109691579752
female,46-49,-24,-4.8462180918999245,-4.845783495794159,-4.8458024793529315
female,46-49,-23,-4.3608863203767,-4.361121001531497,-4.36113998509027
female,46-49,-22,-4.7440371683436595,-4.743380405454593,-4.743399389013366
female,46-49,-21,-3.8134232442721117,-3.8136086053525866,-3.8136275889113596
female,46-49,-20,-3.736414525508351,-3.73610707783835,-3.736126061397123
female,46-49,-19,-3.0256612623025316,-3.025753904547152,-3.025772888105925
female,46-49,-18,-2.7884418580174724,-2.788476078419467,-2.78849506197824
female,46-49,-17,-2.6679592197580693,-2.667887794524674,-2.667906778083447
female,46-49,-16,-2.365499695228705,-2.365457711350134,-2.365476694908907
female,46-49,-15,-2.002489049858731,-2.0025082594057038,-2.0025272429644767
female,46-49,-14,-1.7470748237743803,-1.7470068560119238,-1.7470258395706968
female,46-49,-13,-1.357602346507033,-1.357597264714732,-1.357616248273505
female,46-49,-12,-1.029893441444423,-1.02994842980845,-1.029967413367223
female,46-49,-11,-0.8959947078085418,-0.8958842837845677,-0.8959032673433408
female,46-49,-10,-0.4945217786674442,-0.49459461227318163,-0.49461359583195463
female,46-49,-9,-0.3634106980054877,-0.3633943112841977,-0.3634132948429707
female,46-49,-8,-0.19579587844113278,-0.19570646121815713,-0.19572544477693016
female,46-49,-7,0.17037848036095127,0.17034778823367994,0.1703288046749069
female,46-49,-6,0.38037532000962576,0.38041162421492253,0.3803926406561495
female,46-49,-5,0.6599670959542998,0.6599398160269311,0.659920832468158
female,46-49,-4,0.8274081534490791,0.8274441063747342,0.8274251228159611
female,46-49,-3,1.0728884718675908,1.0729176192461711,1.0728986356873982
female,46-49,-2,1.3563327896335673,1.356370496924589,1.3563515133658162
female,46-49,-1,1.6770842980511715,1.6771362549687288,1.6771172714099558
female,46-49,0,2.04623101107832,2.0461135526663887,2.046094569107616
female,46-49,1,2.012252537035199,2.012218738649941,2.012199755091168
female,46-49,2,1.869218883111839,1.869231912804651,1.8692129292458781
female,46-49,3,1.749813138560269,1.7498001074993599,1.749781123940587
female,46-49,4,1.5721178708627268,1.5721352959396409,1.572116312380868
female,46-49,5,1.4188389699082333,1.4188343759020974,1.4188153923433244
female,46-49,6,1.2193631431263796,1.2193842919530733,1.2193653083943004
female,46-49,7,1.0478693548714215,1.047880082865053,1.04786109930628
female,46-49,8,0.8774611177737914,0.8774812564242347,0.8774622728654616
female,46-49,9,0.7431079211215077,0.7430980402137615,0.7430790566549884
female,46-49,10,0.5540733801433885,0.5540708026039226,0.5540518190451496
female,46-49,11,0.31719936590976555,0.31724896317262463,0.31722997961385163
female,46-49,12,0.19646230418304453,0.19642427626941017,0.19640529271063714
female,46-49,13,-0.08296057976234847,-0.0829219549028109,-0.08294093846158393
female,46-49,14,-0.3224729061999489,-0.322452935735234,-0.322471919294007
female,46-49,15,-0.5755235401584233,-0.5753818893262955,-0.5754008728850686
female,46-49,16,-0.4557223519534289,-0.45578386201869225,-0.45580284557746525
female,46-49,17,-0.5278440770578553,-0.527925606341007,-0.5279445898997801
female,46-49,18,-0.9395905765448908,-0.9394301497757337,-0.9394491333345067
female,46-49,19,-1.001261467171238,-1.001285855699952,-1.001304839258725
female,46-49,20,-1.1606344987839947,-1.1606322215851117,-1.1606512051438846
female,46-49,21,-1.362448524361258,-1.3623836118534514,-1.3624025954122243
female,46-49,22,-1.417215194683507,-1.4171965703191627,-1.4172155538779356
female,46-49,23,-1.4479403664425063,-1.4480094971424216,-1.4480284807011945
female,46-49,24,-2.1498737274106636,-2.149194576960507,-2.14921356051928
female,46-49,25,-9.210340371976182,-2.149873727334091,-2.149892710892864
female,46-49,26,-9.210340371976182,-2.1498737274105966,-2.1498927109693695
female,46-49,27,-9.210340371976182,-2.1498737274105966,-2.1498927109693695
female,46-49,28,-9.210340371976182,-2.1498737274105966,-2.1498927109693695
female,46-49,29,-9.210340371976182,-2.1498737274105966,-2.1498927109693695
female,46-49,30,-9.210340371976182,-2.1498737274105966,-2.1498927109693695
female,46-49,31,-9.210340371976182,-2.1498737274105966,-2.1498927109693695
female,46-49,32,-9.210340371976182,-2.1498737274105966,-2.1498927109693695
female,46-49,33,-9.210340371976182,-2.1498737274105966,-2.1498927109693695
female,46-49,34,-9.210340371976182,-9.210340371976182,-9.210359355534955
female,46-49,35,-9.210340371976182,-9.210340371976182,-9.210359355534955
female,46-49,36,-9.210340371976182,-9.210340371976182,-9.210359355534955
female,46-49,37,-9.210340371976182,-9.210340371976182,-9.210359355534955
female,46-49,38,-9.210340371976182,-9.210340371976182,-9.210359355534955
female,46-49,39,-9.210340371976182,-9.210340371976182,-9.210359355534955
female,46-49,40,-9.210340371976182,-9.210340371976182,-9.210359355534955
female,46-49,41,-9.210340371976182,-9.210340371976182,-9.210359355534955
female,46-49,42,-9.210340371976182,-9.210340371976182,-9.210359355534955
female,46-49,43,-9.210340371976182,-9.210340371976182,-9.210359355534955
female,46-49,44,-9.210340371976182,-9.210340371976182,-9.210359355534955
female,46-49,45,-9.210340371976182,-9.210340371976182,-9.210359355534955
female,46-49,46,-9.210340371976182,-9.210340371976182,-9.210359355534955
female,46-49,47,-9.210340371976182,-9.210340371976182,-9.210359355534955
female,46-49,48,-9.210340371976182,-9.210340371976182,-9.210359355534955
female,46-49,49,-9.210340371976182,-9.210340371976182,-9.210359355534955
female,46-49,50,-9.210340371976182,-9.210340371976182,-9.210359355534955
female,46-49,51,-9.210340371976182,-9.210340371976182,-9.210359355534955
female,46-49,52,-9.210340371976182,-9.210340371976182,-9.210359355534955
female,50-54,-52,-9.210340371976182,-9.210340371976182,-9.210357364410015
female,50-54,-51,-9.210340371976182,-9.210340371976182,-9.210357364410015
female,50-54,-50,-9.210340371976182,-9.210340371976182,-9.210357364410015
female,50-54,-49,-9.210340371976182,-9.210340371976182,-9.210357364410015
female,50-54,-48,-9.210340371976182,-9.210340371976182,-9.210357364410015
female,50-54,-47,-9.210340371976182,-9.210340371976182,-9.210357364410015
female,50-54,-46,-9.210340371976182,-9.210340371976182,-9.210357364410015
female,50-54,-45,-9.210340371976182,-6.424854239094561,-6.424871231528394
female,50-54,-44,-9.210340371976182,-6.424854239094561,-6.424871231528394
female,50-54,-43,-9.210340371976182,-6.424854239094561,-6.424871231528394
female,50-54,-42,-9.210340371976182,-6.424854239094561,-6.424871231528394
female,50-54,-41,-9.210340371976182,-6.42485423909456,-6.424871231528393
female,50-54,-40,-9.210340371976182,-6.424854239094561,-6.424871231528394
female,50-54,-39,-9.210340371976182,-6.424854239094561,-6.424871231528394
female,50-54,-38,-9.210340371976182,-6.424854239094561,-6.424871231528394
female,50-54,-37,-9.210340371976182,-6.424854238752886,-6.424871231186719
female,50-54,-36,-6.424854239093794,-6.421824726304951,-6.421841718738785
female,50-54,-35,-4.7220134970380725,-4.722514537233546,-4.722531529667379
female,50-54,-34,-5.977756722949205,-5.977190383232922,-5.977207375666755
female,50-54,-33,-5.948045909138872,-5.948277462979825,-5.9482944554136585
female,50-54,-32,-6.69958233182665,-6.697048639236126,-6.697065631669959
female,50-54,-31,-4.648354931341862,-4.648831300796389,-4.648848293230222
female,50-54,-30,-5.429959837073493,-5.429171727428314,-5.429188719862148
female,50-54,-29,-4.654598237408053,-4.654885372028851,-4.654902364462685
female,50-54,-28,-5.033786744526205,-5.033326144223936,-5.033343136657769
female,50-54,-27,-4.378578887985047,-4.378907415585048,-4.378924408018881
female,50-54,-26,-5.08228146267959,-5.081530682067978,-5.081547674501811
female,50-54,-25,-4.2791280779379255,-4.2794204014178145,-4.279437393851648
female,50-54,-24,-4.648170262742641,-4.647453533541136,-4.64747052597497
female,50-54,-23,-3.6312877470911493,-3.631372993952341,-3.631389986386175
female,50-54,-22,-3.2652210603516507,-3.2653191917746143,-3.265336184208448
female,50-54,-21,-3.2329612192291823,-3.2327033861581147,-3.2327203785919485
female,50-54,-20,-2.6164360356893828,-2.6165928839528383,-2.616609876386672
female,50-54,-19,-2.5942921053843397,-2.5942725168977403,-2.594289509331574
female,50-54,-18,-2.510291497900369,-2.5102488502310916,-2.5102658426649254
female,50-54,-17,-2.3038375723696887,-2.3037158103184496,-2.3037328027522834
female,50-54,-16,-1.8337302421026844,-1.8338393160010882,-1.8338563084349218
female,50-54,-15,-1.7584303633426202,-1.7583411094872454,-1.758358101921079
female,50-54,-14,-1.451541678878515,-1.4515002188570336,-1.4515172112908672
female,50-54,-13,-1.1014949994262724,-1.1014940689624502,-1.1015110613962837
female,50-54,-12,-0.8215575731037769,-0.8215971065865662,-0.8216140990203998
female,50-54,-11,-0.6907400575758359,-0.6905941016596285,-0.6906110940934622
female,50-54,-10,-0.23247581449946916,-0.23256187317432822,-0.23257886560816188
female,50-54,-9,-0.11045143367170639,-0.11045757208155728,-0.11047456451539092
female,50-54,-8,-0.009072715325147328,-0.008977972611088953,-0.008994965044922597
female,50-54,-7,0.32611796866433346,0.3260991296631974,0.32608213722936374
female,50-54,-6,0.5466056907952954,0.5466129472475956,0.5465959548137619
female,50-54,-5,0.7534859385406119,0.7535017138200176,0.7534847213861839
female,50-54,-4,0.9675528630061604,0.9675781183052993,0.9675611258714656
female,50-54,-3,1.2040366951329828,1.2040438397793183,1.2040268473454847
female,50-54,-2,1.4089285269655385,1.4089842502143066,1.408967257780473
female,50-54,-1,1.7065656389383923,1.7065985528374972,1.7065815604036636
female,50-54,0,2.0071916524022586,2.007088337420479,2.0070713449866453
female,50-54,1,1.9544818259497787,1.9544681429950983,1.9544511505612647
female,50-54,2,1.854351836415362,1.8543384813526942,1.8543214889188606
female,50-54,3,1.697499741896793,1.6975134657365742,1.6974964733027407
female,50-54,4,1.559542584709617,1.5595362975894465,1.5595193051556129
female,50-54,5,1.3784608407296937,1.3784821719518254,1.3784651795179919
female,50-54,6,1.2366119459543503,1.2366038450068717,1.2365868525730381
female,50-54,7,1.045758729357799,1.0457954839064982,1.0457784914726647
female,50-54,8,0.9405228049337251,0.9405140941199871,0.9404971016861534
female,50-54,9,0.7910531463146429,0.791059524563094,0.7910425321292603
female,50-54,10,0.6325276776041906,0.6325368762155638,0.6325198837817301
female,50-54,11,0.46574024042165707,0.46575491679568987,0.46573792436185624
female,50-54,12,0.3018158216916553,0.30183825245983487,0.30182126002600124
female,50-54,13,0.16993723695893376,0.16991511894403807,0.16989812651020442
female,50-54,14,-0.08411970230102664,-0.08407668128668942,-0.08409367372052307
female,50-54,15,-0.2892168171843642,-0.2891678620929814,-0.289184854526815
female,50-54,16,-0.39311686811838775,-0.39310976284973936,-0.393126755283573
female,50-54,17,-0.5183670109758634,-0.5183471086642186,-0.5183641010980523
female,50-54,18,-0.6761933962379706,-0.6761025435360264,-0.6761195359698601
female,50-54,19,-0.6159928761109631,-0.6161128499869655,-0.6161298424207992
female,50-54,20,-1.3692482170285645,-1.368508938215844,-1.3685259306496775
female,50-54,21,-9.210340371976182,-1.3692482169452012,-1.3692652093790347
female,50-54,22,-9.210340371976182,-1.3692482170284817,-1.3692652094623152
female,50-54,23,-9.210340371976182,-1.3692482170284814,-1.369265209462315
female,50-54,24,-9.210340371976182,-1.3692482170284814,-1.369265209462315
female,50-54,25,-9.210340371976182,-1.3692482170284814,-1.369265209462315
female,50-54,26,-9.210340371976182,-1.3692482170284814,-1.369265209462315
female,50-54,27,-9.210340371976182,-1.3692482170284817,-1.3692652094623152
female,50-54,28,-9.210340371976182,-1.3692482170284819,-1.3692652094623154
female,50-54,29,-9.210340371976182,-1.3692482170284814,-1.369265209462315
female,50-54,30,-9.210340371976182,-9.210340371976182,-9.210357364410015
female,50-54,31,-9.210340371976182,-9.210340371976182,-9.210357364410015
female,50-54,32,-9.210340371976182,-9.210340371976182,-9.210357364410015
female,50-54,33,-9.210340371976182,-9.210340371976182,-9.210357364410015
female,50-54,34,-9.210340371976182,-9.210340371976182,-9.210357364410015
female,50-54,35,-9.210340371976182,-9.210340371976182,-9.210357364410015
female,50-54,36,-9.210340371976182,-9.210340371976182,-9.210357364410015
female,50-54,37,-9.210340371976182,-9.210340371976182,-9.210357364410015
female,50-54,38,-9.210340371976182,-9.210340371976182,-9.210357364410015
female,50-54,39,-9.210340371976182,-9.210340371976182,-9.210357364410015
female,50-54,40,-9.210340371976182,-9.210340371976182,-9.210357364410015
female,50-54,41,-9.210340371976182,-9.210340371976182,-9.210357364410015
female,50-54,42,-9.210340371976182,-9.210340371976182,-9.210357364410015
female,50-54,43,-9.210340371976182,-9.210340371976182,-9.210357364410015
female,50-54,44,-9.210340371976182,-9.210340371976182,-9.210357364410015
female,50-54,45,-9.210340371976182,-9.210340371976182,-9.210357364410015
female,50-54,46,-9.210340371976182,-9.210340371976182,-9.210357364410015
female,50-54,47,-9.210340371976182,-9.210340371976182,-9.210357364410015
female,50-54,48,-9.210340371976182,-9.210340371976182,-9.210357364410015
female,50-54,49,-9.210340371976182,-9.210340371976182,-9.210357364410015
female,50-54,50,-9.210340371976182,-9.210340371976182,-9.210357364410015
female,50-54,51,-9.210340371976182,-9.210340371976182,-9.210357364410015
female,50-54,52,-9.210340371976182,-9.210340371976182,-9.210357364410015
female,55-59,-52,-9.210340371976182,-9.210340371976182,-9.210398372076709
female,55-59,-51,-9.210340371976182,-9.210340371976182,-9.210398372076709
female,55-59,-50,-9.210340371976182,-5.576052425754898,-5.576110425855425
female,55-59,-49,-9.210340371976182,-5.576052425754897,-5.576110425855424
female,55-59,-48,-9.210340371976182,-5.576052425754897,-5.576110425855424
female,55-59,-47,-9.210340371976182,-5.576052425754898,-5.576110425855425
female,55-59,-46,-9.210340371976182,-5.576052425754897,-5.576110425855424
female,55-59,-45,-9.210340371976182,-5.576052425754897,-5.576110425855424
female,55-59,-44,-9.210340371976182,-5.576052425754898,-5.576110425855425
female,55-59,-43,-9.210340371976182,-5.576052425754897,-5.576110425855424
female,55-59,-42,-9.210340371976182,-5.5760524257085615,-5.576110425809088
female,55-59,-41,-5.576052425754182,-5.5756410390849656,-5.575699039185492
female,55-59,-40,-5.0912674099853525,-5.09183978079376,-5.0918977808942865
female,55-59,-39,-10.986056548000809,-9.210340371976182,-9.210398372076709
female,55-59,-38,-4.793507110573411,-4.793956737561041,-4.794014737661568
female,55-59,-37,-5.437848776128657,-5.437292567852481,-5.437350567953008
female,55-59,-36,-4.765024469880057,-4.7652851802508005,-4.765343180351327
female,55-59,-35,-5.096500358736362,-5.096461504760109,-5.096519504860636
female,55-59,-34,-5.438523474990543,-5.437770311006107,-5.4378283111066334
female,55-59,-33,-4.379805441308127,-4.3802705999612925,-4.380328600061819
female,55-59,-32,-5.713377816578096,-5.711631048219109,-5.711689048319636
female,55-59,-31,-4.480815842319145,-4.481080367579953,-4.4811383676804795
female,55-59,-30,-4.537902072389749,-4.537952900371719,-4.538010900472246
female,55-59,-29,-4.789031963319362,-4.788604190634401,-4.788662190734928
female,55-59,-28,-4.079959454359308,-4.080209333871461,-4.080267333971988
female,55-59,-27,-4.329983528608322,-4.329734882064062,-4.329792882164589
female,55-59,-26,-3.945615633381056,-3.945635457793607,-3.9456934578941336
female,55-59,-25,-3.686051731462844,-3.6861562210372263,-3.686214221137753
female,55-59,-24,-3.7632611691599505,-3.762749300857366,-3.762807300957893
female,55-59,-23,-2.8321640044698997,-2.8325383914644386,-2.8325963915649655
female,55-59,-22,-3.5353093216542857,-3.534583351144425,-3.534641351244952
female,55-59,-21,-2.775142456941671,-2.7753309586157964,-2.775388958716323
female,55-59,-20,-2.7709513774976195,-2.770798096303502,-2.770856096404029
female,55-59,-19,-2.3769706172822818,-2.376996893087121,-2.3770548931876476
female,55-59,-18,-2.1346805440501755,-2.1346303900787946,-2.1346883901793214
female,55-59,-17,-1.8070460293122932,-1.8070355093060435,-1.8070935094065705
female,55-59,-16,-1.5208282361667549,-1.5209149323995739,-1.520972932500101
female,55-59,-15,-1.5221248438841135,-1.522047538536698,-1.522105538637225
female,55-59,-14,-1.3062439629224434,-1.3061970875932087,-1.3062550876937358
female,55-59,-13,-1.0005217583860702,-1.0005266749153137,-1.0005846750158407
female,55-59,-12,-0.7619584773451665,-0.7619309235966834,-0.7619889236972103
female,55-59,-11,-0.4911491904325155,-0.4911115657569681,-0.4911695658574951
female,55-59,-10,-0.18105842837695496,-0.18108432271753563,-0.1811423228180626
female,55-59,-9,-0.0026587048635975585,-0.002642503971276029,-0.002700504071802999
female,55-59,-8,0.18833928184578605,0.18840172439911446,0.18834372429858748
female,55-59,-7,0.49130291644726537,0.49126434304619343,0.49120634294566645
female,55-59,-6,0.6235770621102472,0.6236311337218868,0.6235731336213599
female,55-59,-5,0.8716426624184602,0.8716256230955132,0.8715676229949862
female,55-59,-4,1.0271104408384961,1.027146154002717,1.0270881539021899
female,55-59,-3,1.250957061315695,1.2509539472352968,1.2508959471347698
female,55-59,-2,1.4254059839834723,1.4254689936822724,1.4254109935817454
female,55-59,-1,1.723093945522094,1.7231297731544937,1.7230717730539666
female,55-59,0,2.0315759719813116,2.0314572702652414,2.0313992701647146
female,55-59,1,1.938597683996422,1.938604364569601,1.938546364469074
female,55-59,2,1.8599090864026868,1.8598908367611737,1.8598328366606467
female,55-59,3,1.713690764267927,1.7137008385170256,1.7136428384164986
female,55-59,4,1.5755705173082473,1.5755802480929193,1.5755222479923923
female,55-59,5,1.4445439536507527,1.4445640894822618,1.4445060893817347
female,55-59,6,1.3547812282788267,1.3547821441787613,1.3547241440782343
female,55-59,7,1.250636091124026,1.250621632922872,1.250563632822345
female,55-59,8,1.0708988848687733,1.0709414798401342,1.0708834797396072
female,55-59,9,0.9840225916845676,0.984029571233501,0.9839715711329741
female,55-59,10,0.9018064072058738,0.9017767934400033,0.9017187933394764
female,55-59,11,0.6940107464324897,0.6940686749824859,0.694010674881959
female,55-59,12,0.6019390857389638,0.6019083612443672,0.6018503611438403
female,55-59,13,0.2643205627929812,0.2644899425866729,0.26443194248614593
female,55-59,14,0.2131728416695095,0.21315940539392672,0.21310140529339974
female,55-59,15,-0.05454250918232305,-0.05433967444205147,-0.05439767454257844
female,55-59,16,-9.210340371976182,-0.054542509159370756,-0.05460050925989773
female,55-59,17,-9.210340371976182,-0.054542509182214365,-0.054600509282741336
female,55-59,18,-9.210340371976182,-0.054542509182214365,-0.054600509282741336
female,55-59,19,-9.210340371976182,-0.05454250918221425,-0.05460050928274122
female,55-59,20,-9.210340371976182,-0.05454250918221425,-0.05460050928274122
female,55-59,21,-9.210340371976182,-0.05454250918221425,-0.05460050928274122
female,55-59,22,-9.210340371976182,-0.05454250918221425,-0.05460050928274122
female,55-59,23,-9.210340371976182,-0.05454250918221413,-0.0546005092827411
female,55-59,24,-9.210340371976182,-0.05454250918221425,-0.05460050928274122
female,55-59,25,-9.210340371976182,-9.210340371976182,-9.210398372076709
female,55-59,26,-9.210340371976182,-9.210340371976182,-9.210398372076709
female,55-59,27,-9.210340371976182,-9.210340371976182,-9.210398372076709
female,55-59,28,-9.210340371976182,-9.210340371976182,-9.210398372076709
female,55-59,29,-9.210340371976182,-9.210340371976182,-9.210398372076709
female,55-59,30,-9.210340371976182,-9.210340371976182,-9.210398372076709
female,55-59,31,-9.210340371976182,-9.210340371976182,-9.210398372076709
female,55-59,32,-9.210340371976182,-9.210340371976182,-9.210398372076709
female,55-59,33,-9.210340371976182,-9.210340371976182,-9.210398372076709
female,55-59,34,-9.210340371976182,-9.210340371976182,-9.210398372076709
female,55-59,35,-9.210340371976182,-9.210340371976182,-9.210398372076709
female,55-59,36,-9.210340371976182,-9.210340371976182,-9.210398372076709
female,55-59,37,-9.210340371976182,-9.210340371976182,-9.210398372076709
female,55-59,38,-9.210340371976182,-9.210340371976182,-9.210398372076709
female,55-59,39,-9.210340371976182,-9.210340371976182,-9.210398372076709
female,55-59,40,-9.210340371976182,-9.210340371976182,-9.210398372076709
female,55-59,41,-9.210340371976182,-9.210340371976182,-9.210398372076709
female,55-59,42,-9.210340371976182,-9.210340371976182,-9.210398372076709
female,55-59,43,-9.210340371976182,-9.210340371976182,-9.210398372076709
female,55-59,44,-9.210340371976182,-9.210340371976182,-9.210398372076709
female,55-59,45,-9.210340371976182,-9.210340371976182,-9.210398372076709
female,55-59,46,-9.210340371976182,-9.210340371976182,-9.210398372076709
female,55-59,47,-9.210340371976182,-9.210340371976182,-9.210398372076709
female,55-59,48,-9.210340371976182,-9.210340371976182,-9.210398372076709
female,55-59,49,-9.210340371976182,-9.210340371976182,-9.210398372076709
female,55-59,50,-9.210340371976182,-9.210340371976182,-9.210398372076709
female,55-59,51,-9.210340371976182,-9.210340371976182,-9.210398372076709
female,55-59,52,-9.210340371976182,-9.210340371976182,-9.210398372076709
female,60-70,-52,-9.210340371976182,-9.210340371976182,-9.213948178201184
female,60-70,-51,-9.210340371976182,-9.210340371976182,-9.213948178201184
female,60-70,-50,-9.210340371976182,-9.210340371976182,-9.213948178201184
female,60-70,-49,-6.671540546044902,-6.671460715279472,-6.675068521504473
female,60-70,-48,-6.101958550612891,-6.102013481053414,-6.1056212872784155
female,60-70,-47,-5.968069022177505,-5.967516081367971,-5.971123887592972
female,60-70,-46,-5.066869158711786,-5.067362386110743,-5.070970192335744
female,60-70,-45,-6.923093802619626,-6.921464562857409,-6.92507236908241
female,60-70,-44,-6.758107480527628,-6.757097171511769,-6.76070497773677
female,60-70,-43,-5.424762426817029,-5.4251280642503055,-5.428735870475307
female,60-70,-42,-5.928648959913729,-5.928169410397132,-5.931777216622133
female,60-70,-41,-5.305002281579008,-5.3052648250899335,-5.308872631314935
female,60-70,-40,-5.686830051031097,-5.686653715192555,-5.690261521417556
female,60-70,-39,-5.643434335061693,-5.6429534491834605,-5.646561255408462
female,60-70,-38,-4.7137679288268,-4.71406701136656,-4.717674817591561
female,60-70,-37,-5.040548329023091,-5.040457566992135,-5.044065373217136
female,60-70,-36,-5.1963730211205865,-5.195809373019166,-5.1994171792441675
female,60-70,-35,-4.250690210204467,-4.250933186233018,-4.254540992458019
female,60-70,-34,-4.348146163561332,-4.34822026704644,-4.351828073271441
female,60-70,-33,-4.785489462523567,-4.785070814360367,-4.788678620585368
female,60-70,-32,-4.253238096289469,-4.25333601044372,-4.256943816668721
female,60-70,-31,-4.114639696229616,-4.114661283708249,-4.11826908993325
female,60-70,-30,-4.045945742362141,-4.046049567554822,-4.049657373779823
female,60-70,-29,-4.349446693021206,-4.348838813748314,-4.352446619973315
female,60-70,-28,-3.4288749520142496,-3.4291266582737205,-3.432734464498722
female,60-70,-27,-3.5648347391716384,-3.564662473393853,-3.5682702796188543
female,60-70,-26,-3.248048042036409,-3.248195453335143,-3.2518032595601447
female,60-70,-25,-3.430592337697239,-3.4303542040054182,-3.43396201023042
female,60-70,-24,-3.0113920946410757,-3.0112645011144115,-3.014872307339413
female,60-70,-23,-2.4432660180773667,-2.443399620350247,-2.4470074265752486
female,60-70,-22,-2.3956212703347686,-2.3955641657062166,-2.399171971931218
female,60-70,-21,-2.197216757530621,-2.1972422579631754,-2.200850064188177
female,60-70,-20,-2.0963903155724464,-2.096275413741582,-2.099883219966584
female,60-70,-19,-1.7249938568699077,-1.7250284604501978,-1.728636266675199
female,60-70,-18,-1.5298618253646366,-1.5298417631213705,-1.5334495693463719
female,60-70,-17,-1.3164058772226546,-1.3164092216576109,-1.3200170278826122
female,60-70,-16,-1.14959924372217,-1.1495522837413454,-1.1531600899663468
female,60-70,-15,-0.8937585979491207,-0.8937463864735903,-0.8973541926985917
female,60-70,-14,-0.6634086003208106,-0.6634040865381486,-0.6670118927631501
female,60-70,-13,-0.47019632355028956,-0.4701652483025272,-0.4737730545275286
female,60-70,-12,-0.23990791860151564,-0.23992911309689097,-0.24353691932189236
female,60-70,-11,-0.11413436730390393,-0.11403024002008048,-0.1176380462450819
female,60-70,-10,0.23452003645901293,0.23449426239614965,0.23088645617114825
female,60-70,-9,0.42410204414460406,0.42409543073174394,0.42048762450674254
female,60-70,-8,0.5616391368552315,0.5616618784342507,0.5580540722092493
female,60-70,-7,0.7361451711941777,0.7361794262079385,0.7325716199829371
female,60-70,-6,0.9657712058609025,0.9657803354418238,0.9621725292168224
female,60-70,-5,1.1722421020698637,1.172221139111935,1.1686133328869337
female,60-70,-4,1.2866700731874934,1.2866911639724037,1.2830833577474023
female,60-70,-3,1.4431795960739304,1.4432101988552166,1.4396023926302153
female,60-70,-2,1.6563641975797647,1.6564084768786733,1.652800670653672
female,60-70,-1,1.9427882780795438,1.94284513104266,1.9392373248176586
female,60-70,0,2.302781855460316,2.302660592356313,2.2990527861313113
female,60-70,1,2.2396461149312183,2.2396458642202526,2.236038057995251
female,60-70,2,2.149014575652514,2.1490383675051903,2.1454305612801887
female,60-70,3,2.103364331355876,2.10333729100019,2.0997294847751884
female,60-70,4,1.9299638674001465,1.930021656549524,1.9264138503245227
female,60-70,5,1.86892807520668,1.8689253777268742,1.8653175715018728
female,60-70,6,1.7578051380920325,1.75781191618343,1.7542041099584287
female,60-70,7,1.5838714438511057,1.5839167119474011,1.5803089057223998
female,60-70,8,1.4257132006851458,1.4257656896442084,1.422157883419207
female,60-70,9,1.3017503468217915,1.3017989410160082,1.298191134791007
female,60-70,10,1.176519495446265,1.1766092665972177,1.1730014603722163
female,60-70,11,-9.210340371976182,1.1765212605503745,1.1729134543253732
female,60-70,12,-9.210340371976182,1.1765212605404638,1.1729134543154625
female,60-70,13,-9.210340371976182,1.1765212605404638,1.1729134543154625
female,60-70,14,-9.210340371976182,1.1765212605404636,1.1729134543154622
female,60-70,15,-9.210340371976182,1.1765212605404636,1.1729134543154622
female,60-70,16,-9.210340371976182,1.1765212605404636,1.1729134543154622
female,60-70,17,-9.210340371976182,1.1765212605404636,1.1729134543154622
female,60-70,18,-9.210340371976182,1.1765212605404638,1.1729134543154625
female,60-70,19,-9.210340371976182,1.1765212605404636,1.1729134543154622
female,60-70,20,-9.210340371976182,-9.210340371976182,-9.213948178201184
female,60-70,21,-9.210340371976182,-9.210340371976182,-9.213948178201184
female,60-70,22,-9.210340371976182,-9.210340371976182,-9.213948178201184
female,60-70,23,-9.210340371976182,-9.210340371976182,-9.213948178201184
female,60-70,24,-9.210340371976182,-9.210340371976182,-9.213948178201184
female,60-70,25,-9.210340371976182,-9.210340371976182,-9.213948178201184
female,60-70,26,-9.210340371976182,-9.210340371976182,-9.213948178201184
female,60-70,27,-9.210340371976182,-9.210340371976182,-9.213948178201184
female,60-70,28,-9.210340371976182,-9.210340371976182,-9.213948178201184
female,60-70,29,-9.210340371976182,-9.210340371976182,-9.213948178201184
female,60-70,30,-9.210340371976182,-9.210340371976182,-9.213948178201184
female,60-70,31,-9.210340371976182,-9.210340371976182,-9.213948178201184
female,60-70,32,-9.210340371976182,-9.210340371976182,-9.213948178201184
female,60-70,33,-9.210340371976182,-9.210340371976182,-9.213948178201184
female,60-70,34,-9.210340371976182,-9.210340371976182,-9.213948178201184
female,60-70,35,-9.210340371976182,-9.210340371976182,-9.213948178201184
female,60-70,36,-9.210340371976182,-9.210340371976182,-9.213948178201184
female,60-70,37,-9.210340371976182,-9.210340371976182,-9.213948178201184
female,60-70,38,-9.210340371976182,-9.210340371976182,-9.213948178201184
female,60-70,39,-9.210340371976182,-9.210340371976182,-9.213948178201184
female,60-70,40,-9.210340371976182,-9.210340371976182,-9.213948178201184
female,60-70,41,-9.210340371976182,-9.210340371976182,-9.213948178201184
female,60-70,42,-9.210340371976182,-9.210340371976182,-9.213948178201184
female,60-70,43,-9.210340371976182,-9.210340371976182,-9.213948178201184
female,60-70,44,-9.210340371976182,-9.210340371976182,-9.213948178201184
female,60-70,45,-9.210340371976182,-9.210340371976182,-9.213948178201184
female,60-70,46,-9.210340371976182,-9.210340371976182,-9.213948178201184
female,60-70,47,-9.210340371976182,-9.210340371976182,-9.213948178201184
female,60-70,48,-9.210340371976182,-9.210340371976182,-9.213948178201184
female,60-70,49,-9.210340371976182,-9.210340371976182,-9.213948178201184
female,60-70,50,-9.210340371976182,-9.210340371976182,-9.213948178201184
female,60-70,51,-9.210340371976182,-9.210340371976182,-9.213948178201184
female,60-70,52,-9.210340371976182,-9.210340371976182,-9.213948178201184
