sex_s,cohort,gap,raw_log_mult,smoothed_log_mult,gauged_log_mult
male,18-19,-52,-9.210340371976182,-9.210340371976182,-9.250051383314046
male,18-19,-51,-9.210340371976182,-9.210340371976182,-9.250051383314046
male,18-19,-50,-9.210340371976182,-9.210340371976182,-9.250051383314046
male,18-19,-49,-9.210340371976182,-9.210340371976182,-9.250051383314046
male,18-19,-48,-9.210340371976182,-9.210340371976182,-9.250051383314046
male,18-19,-47,-9.210340371976182,-9.210340371976182,-9.250051383314046
male,18-19,-46,-9.210340371976182,-9.210340371976182,-9.250051383314046
male,18-19,-45,-9.210340371976182,-9.210340371976182,-9.250051383314046
male,18-19,-44,-9.210340371976182,-9.210340371976182,-9.250051383314046
male,18-19,-43,-9.210340371976182,-9.210340371976182,-9.250051383314046
male,18-19,-42,-9.210340371976182,-9.210340371976182,-9.250051383314046
male,18-19,-41,-9.210340371976182,-9.210340371976182,-9.250051383314046
male,18-19,-40,-9.210340371976182,-9.210340371976182,-9.250051383314046
male,18-19,-39,-9.210340371976182,1.48593626247211,1.4462252511342453
male,18-19,-38,-9.210340371976182,1.4859362624721373,1.4462252511342726
male,18-19,-37,-9.210340371976182,1.4859362624721373,1.4462252511342726
male,18-19,-36,-9.210340371976182,1.4859362624721377,1.446225251134273
male,18-19,-35,-9.210340371976182,1.4859362624721388,1.4462252511342741
male,18-19,-34,-9.210340371976182,1.4859362624721408,1.4462252511342761
male,18-19,-33,-9.210340371976182,1.485936262472147,1.4462252511342824
male,18-19,-32,-9.210340371976182,1.485936262472164,1.4462252511342992
male,18-19,-31,-9.210340371976182,1.48593626247221,1.4462252511343452
male,18-19,-30,-9.210340371976182,1.485936262472335,1.4462252511344702
male,18-19,-29,-9.210340371976182,1.4859362624726749,1.4462252511348102
male,18-19,-28,-9.210340371976182,1.4859362624735986,1.4462252511357339
male,18-19,-27,-9.210340371976182,1.4859362624761097,1.446225251138245
male,18-19,-26,-9.210340371976182,1.485936262482936,1.4462252511450713
male,18-19,-25,-9.210340371976182,1.4859362625014907,1.446225251163626
male,18-19,-24,-9.210340371976182,1.4859362625519283,1.4462252512140636
male,18-19,-23,-9.210340371976182,1.4859362626890318,1.446225251351167
male,18-19,-22,-9.210340371976182,1.4859362630617183,1.4462252517238536
male,18-19,-21,-9.210340371976182,1.4859362640747853,1.4462252527369206
male,18-19,-20,-9.210340371976182,1.485936266828586,1.4462252554907213
male,18-19,-19,-9.210340371976182,1.4859362743141926,1.446225262976328
male,18-19,-18,-9.210340371976182,1.4859362946621808,1.446225283324316
male,18-19,-17,-9.210340371976182,1.4859363499737417,1.446225338635877
male,18-19,-16,-9.210340371976182,1.4859365003261147,1.44622548898825
male,18-19,-15,-9.210340371976182,1.4859369090259533,1.4462258976880886
male,18-19,-14,-9.210340371976182,1.4859380199852004,1.4462270086473357
male,18-19,-13,-9.210340371976182,1.4859410398700315,1.4462300285321668
male,18-19,-12,-9.210340371976182,1.4859492486535493,1.4462382373156846
male,18-19,-11,-9.210340371976182,1.4859715615942886,1.4462605502564239
male,18-19,-10,-9.210340371976182,1.4860322082027322,1.4463211968648675
male,18-19,-9,-9.210340371976182,1.4861970165870366,1.446486005249172
male,18-19,-8,-9.210340371976182,1.4866446712020887,1.446933659864224
male,18-19,-7,-9.210340371976182,1.487859008288884,1.4481479969510194
male,18-19,-6,-9.210340371976182,1.4911414501543347,1.45143043881647
male,18-19,-5,-9.210340371976182,1.4999297552524906,1.460218743914626
male,18-19,-4,-9.210340371976182,1.5228680706970852,1.4831570593592205
male,18-19,-3,-9.210340371976182,1.5789343192308585,1.5392233078929938
male,18-19,-2,-9.210340371976182,1.6959099603849404,1.6561989490470757
male,18-19,-1,1.4859241457773387,1.8684513482919185,1.8287403369540538
male,18-19,0,2.238407239135153,1.9768646740503761,1.9371536627125114
male,18-19,1,1.9658073198286354,1.8259254197533459,1.7862144084154812
male,18-19,2,0.9225306163419681,1.3300190753765633,1.2903080640386986
male,18-19,3,0.28173665329594977,0.6059542962568312,0.5662432849189665
male,18-19,4,-0.9454779556530086,-0.0751933925801075,-0.11490440391797217
male,18-19,5,-0.12388716063074252,-0.42245819996271644,-0.4621692113005811
male,18-19,6,-0.9291481414525674,-0.7026394751917734,-0.7423504865296381
male,18-19,7,-1.15542540256747,-1.1172287517135455,-1.1569397630514102
male,18-19,8,-2.0074684352651,-1.4820847901247087,-1.5217958014625734
male,18-19,9,-1.2859113072258477,-1.72241573821944,-1.7621267495573048
male,18-19,10,-9.210340371976182,-1.9064419245757285,-1.9461529359135932
male,18-19,11,-1.4628749287295069,-1.6936697048004525,-1.7333807161383172
male,18-19,12,-1.3263120827387114,-1.4722660889626498,-1.5119771003005145
male,18-19,13,-1.445459691338517,-1.519029409320479,-1.5587404206583437
male,18-19,14,-1.7079850555136136,-1.8233777195499734,-1.863088730887838
male,18-19,15,-3.3900371491179078,-2.311119551040626,-2.3508305623784906
male,18-19,16,-2.3772746630748203,-2.6069689057726686,-2.646679917110533
male,18-19,17,-2.8581395208892033,-2.7018729467928035,-2.741583958130668
male,18-19,18,-2.972611220896384,-2.6187562704565317,-2.658467281794396
male,18-19,19,-2.2370878683340645,-2.3528101163661583,-2.392521127704023
male,18-19,20,-1.9227945871775138,-2.2181203252509816,-2.257831336588846
male,18-19,21,-9.210340371976182,-1.9569149137829371,-1.9966259251208018
male,18-19,22,-0.8642011923827607,-1.6929949927418804,-1.732706004079745
male,18-19,23,-9.210340371976182,-1.8746292122460644,-1.914340223583929
male,18-19,24,-1.868868659547067,-1.8756151974221913,-1.915326208760056
male,18-19,25,-1.4487121924530055,-1.6281236342290368,-1.6678346455669015
male,18-19,26,-1.4312686223640456,-1.6154990181759281,-1.6552100295137928
male,18-19,27,-2.3296182933183003,-1.7254532262629505,-1.7651642376008152
male,18-19,28,-1.3815515534048857,-1.7399750776697704,-1.7796860890076351
male,18-19,29,-2.188548214117553,-1.8020070362296436,-1.8417180475675083
male,18-19,30,-1.6596044127523684,-1.8968132957405843,-1.936524307078449
male,18-19,31,-1.998814697222049,-2.1601727588990878,-2.1998837702369523
male,18-19,32,-5.197982183930073,-2.468133603225469,-2.5078446145633335
male,18-19,33,-2.00948079776261,-2.2162660950148716,-2.255977106352736
male,18-19,34,-2.4368616283014943,-1.718797486847349,-1.7585084981852137
male,18-19,35,-0.8083085392103116,-1.523932811383295,-1.5636438227211598
male,18-19,36,-3.740338995468494,-1.8401998611295212,-1.8799108724673859
male,18-19,37,-2.5763273163080793,-1.9458221602619696,-1.9855331715998343
male,18-19,38,-1.1010034447616097,-1.8253491869764338,-1.8650601983142985
male,18-19,39,-7.441299109676298,-2.161723816052069,-2.2014348273899333
male,18-19,40,-2.092650488637742,-2.5853947883936517,-2.625105799731516
male,18-19,41,-3.329980931080415,-3.058123479863036,-3.0978344912009006
male,18-19,42,-9.210340371976182,-3.6774884447502556,-3.71719945608812
male,18-19,43,-3.184283604980024,-3.8932682303322563,-3.932979241670121
male,18-19,44,-9.210340371976182,-4.103978689247304,-4.143689700585169
male,18-19,45,-3.7007496730042297,-4.159462715741087,-4.199173727078952
male,18-19,46,-9.210340371976182,-3.7557023088595995,-3.795413320197464
male,18-19,47,-2.7748961396410743,-3.2970815453800313,-3.3367925567178958
male,18-19,48,-3.0875545270247193,-3.3928446196893187,-3.432555631027183
male,18-19,49,-9.210340371976182,-4.2170647712596105,-4.256775782597475
male,18-19,50,-9.210340371976182,-5.8237169935165065,-5.863428004854371
male,18-19,51,-9.210340371976182,-8.149098536753225,-8.18880954809109
male,18-19,52,-9.210340371976182,-9.210340371976182,-9.250051383314046
male,20-21,-52,-9.210340371976182,-9.210340371976182,-9.221736752122538
male,20-21,-51,-9.210340371976182,-9.210340371976182,-9.221736752122538
male,20-21,-50,-9.210340371976182,-9.210340371976182,-9.221736752122538
male,20-21,-49,-9.210340371976182,-9.210340371976182,-9.221736752122538
male,20-21,-48,-9.210340371976182,-9.210340371976182,-9.221736752122538
male,20-21,-47,-9.210340371976182,-9.210340371976182,-9.221736752122538
male,20-21,-46,-9.210340371976182,-9.210340371976182,-9.221736752122538
male,20-21,-45,-9.210340371976182,-9.210340371976182,-9.221736752122538
male,20-21,-44,-9.210340371976182,-9.210340371976182,-9.221736752122538
male,20-21,-43,-9.210340371976182,-9.210340371976182,-9.221736752122538
male,20-21,-42,-9.210340371976182,-9.210340371976182,-9.221736752122538
male,20-21,-41,-9.210340371976182,-9.210340371976182,-9.221736752122538
male,20-21,-40,-9.210340371976182,-9.210340371976182,-9.221736752122538
male,20-21,-39,-9.210340371976182,-9.210340371976182,-9.221736752122538
male,20-21,-38,-9.210340371976182,-9.210340371976182,-9.221736752122538
male,20-21,-37,-9.210340371976182,-9.210340371976182,-9.221736752122538
male,20-21,-36,-9.210340371976182,-9.210340371976182,-9.221736752122538
male,20-21,-35,-9.210340371976182,-9.210340371976182,-9.221736752122538
male,20-21,-34,-9.210340371976182,-9.210340371976182,-9.221736752122538
male,20-21,-33,-9.210340371976182,-9.210340371976182,-9.221736752122538
male,20-21,-32,-9.210340371976182,-9.210340371976182,-9.221736752122538
male,20-21,-31,-9.210340371976182,-9.210340371976182,-9.221736752122538
male,20-21,-30,-9.210340371976182,-9.210340371976182,-9.221736752122538
male,20-21,-29,-9.210340371976182,-9.210340371976182,-9.221736752122538
male,20-21,-28,-9.210340371976182,-9.210340371976182,-9.221736752122538
male,20-21,-27,-9.210340371976182,-9.210340371976182,-9.221736752122538
male,20-21,-26,-9.210340371976182,-9.210340371976182,-9.221736752122538
male,20-21,-25,-9.210340371976182,-9.210340371976182,-9.221736752122538
male,20-21,-24,-9.210340371976182,-9.210340371976182,-9.221736752122538
male,20-21,-23,-9.210340371976182,-9.210340371976182,-9.221736752122538
male,20-21,-22,-9.210340371976182,-0.4654694859606998,-0.47686586610705634
male,20-21,-21,-9.210340371976182,-0.46546948596069027,-0.4768658661070468
male,20-21,-20,-9.210340371976182,-0.46546948596069004,-0.47686586610704657
male,20-21,-19,-9.210340371976182,-0.46546948596069004,-0.47686586610704657
male,20-21,-18,-9.210340371976182,-0.46546948596069027,-0.4768658661070468
male,20-21,-17,-9.210340371976182,-0.46546948596069027,-0.4768658661070468
male,20-21,-16,-9.210340371976182,-0.46546948596069004,-0.47686586610704657
male,20-21,-15,-9.210340371976182,-0.46546948596069027,-0.4768658661070468
male,20-21,-14,-9.210340371976182,-0.46546948596069027,-0.4768658661070468
male,20-21,-13,-9.210340371976182,-0.46546948596069004,-0.47686586610704657
male,20-21,-12,-9.210340371976182,-0.46546948596069004,-0.47686586610704657
male,20-21,-11,-9.210340371976182,-0.4654694859606837,-0.47686586610704024
male,20-21,-10,-9.210340371976182,-0.4654694859603177,-0.4768658661066742
male,20-21,-9,-9.210340371976182,-0.46546948594034215,-0.4768658660866987
male,20-21,-8,-9.210340371976182,-0.46546948484972606,-0.4768658649960826
male,20-21,-7,-9.210340371976182,-0.46546942530411506,-0.4768658054504716
male,20-21,-6,-9.210340371976182,-0.4654661742331754,-0.4768625543795319
male,20-21,-5,-9.210340371976182,-0.4652886994142525,-0.476685079560609
male,20-21,-4,-9.210340371976182,-0.4556805214372998,-0.46707690158365633
male,20-21,-3,-0.4654727463699816,-0.09289902395626766,-0.1042954041026242
male,20-21,-2,0.8321385781776935,0.9459912096349086,0.934594829488552
male,20-21,-1,1.8110212720100163,1.7810836123841636,1.769687232237807
male,20-21,0,2.148528910968175,2.07753327319487,2.0661368930485136
male,20-21,1,1.6843573834746923,1.6992181216639848,1.6878217415176282
male,20-21,2,0.8696059633866091,0.9599137323021307,0.9485173521557742
male,20-21,3,0.06624519421011776,0.17910167176613312,0.1677052916197766
male,20-21,4,-0.20792026705756317,-0.2073009500297766,-0.21869733017613313
male,20-21,5,-0.6492324227320002,-0.6249939368081326,-0.6363903169544892
male,20-21,6,-1.1374365532441246,-1.091677875590269,-1.1030742557366255
male,20-21,7,-1.4241063972382937,-1.4347023468392703,-1.446098726985627
male,20-21,8,-2.0897307252482857,-1.909924061405016,-1.9213204415513725
male,20-21,9,-1.4672177152417385,-1.5649021913103334,-1.57629857145669
male,20-21,10,-2.0120380308782293,-1.9174833080455673,-1.928879688191924
male,20-21,11,-1.8510747539444294,-1.9286327139282533,-1.9400290940746099
male,20-21,12,-2.6967432173823016,-2.5427304386571326,-2.554126818803489
male,20-21,13,-2.535592624633063,-2.5839789086193714,-2.595375288765728
male,20-21,14,-2.8975325304231094,-2.841239009857784,-2.852635390004141
male,20-21,15,-2.8088705559236016,-2.881904936637006,-2.8933013167833628
male,20-21,16,-3.7249869690521833,-3.609411988478828,-3.6208083686251844
male,20-21,17,-4.3077021142756875,-3.7350062376830024,-3.746402617829359
male,20-21,18,-2.2866501724213917,-2.451200843190741,-2.4625972233370974
male,20-21,19,-3.0610629897377564,-2.852331129374259,-2.8637275095206154
male,20-21,20,-2.3439443589864335,-2.442413103357092,-2.4538094835034485
male,20-21,21,-2.790240894877192,-2.7740059425924146,-2.785402322738771
male,20-21,22,-3.339177137984418,-3.3235553723947504,-3.334951752541107
male,20-21,23,-4.298315553830651,-4.039522306337403,-4.05091868648376
male,20-21,24,-3.54575131593135,-3.421114769657927,-3.4325111498042835
male,20-21,25,-2.503609882018202,-2.597835341002577,-2.6092317211489338
male,20-21,26,-2.701789830522683,-2.715729691115545,-2.7271260712619014
male,20-21,27,-3.1299265699423793,-3.1343633796719654,-3.145759759818322
male,20-21,28,-3.972832948422045,-3.7018538735311353,-3.713250253677492
male,20-21,29,-3.0382520726733,-3.196443718480554,-3.2078400986269107
male,20-21,30,-4.5477972124226405,-4.266461523458027,-4.277857903604383
male,20-21,31,-5.128014576120266,-4.955097498180644,-4.966493878327
male,20-21,32,-4.459692062539849,-4.621474198780129,-4.632870578926486
male,20-21,33,-6.8523293248523744,-5.6603471790315,-5.671743559177856
male,20-21,34,-4.323642927063995,-4.139608339700195,-4.151004719846552
male,20-21,35,-2.985254612135628,-3.187686345357328,-3.1990827255036844
male,20-21,36,-6.061630152704966,-4.666268708464499,-4.677665088610856
male,20-21,37,-3.845927691204441,-3.848585072796882,-3.8599814529432384
male,20-21,38,-3.248639979503086,-3.4101688044124243,-3.421565184558781
male,20-21,39,-5.674837566978435,-5.0113966509858034,-5.02279303113216
male,20-21,40,-9.210340371976182,-6.253849039709946,-6.265245419856303
male,20-21,41,-4.227823758330633,-4.429224676340581,-4.440621056486938
male,20-21,42,-5.476050323945293,-4.882605552121989,-4.8940019322683455
male,20-21,43,-3.6622553624516843,-3.8631548354366334,-3.87455121558299
male,20-21,44,-5.76088254425833,-5.209969793003881,-5.221366173150238
male,20-21,45,-6.248209207498278,-5.4920529294233225,-5.503449309569679
male,20-21,46,-3.8421854987476136,-4.022821319075202,-4.034217699221559
male,20-21,47,-4.848250518204093,-4.769036073265143,-4.7804324534115
male,20-21,48,-9.210340371976182,-6.444564731828279,-6.455961111974635
male,20-21,49,-4.974341499029448,-5.144098803723328,-5.155495183869685
male,20-21,50,-9.210340371976182,-6.294774636811733,-6.30617101695809
male,20-21,51,-9.210340371976182,-9.210340371976182,-9.221736752122538
male,20-21,52,-9.210340371976182,-9.210340371976182,-9.221736752122538
male,22-23,-52,-9.210340371976182,-9.210340371976182,-9.213190015268928
male,22-23,-51,-9.210340371976182,-9.210340371976182,-9.213190015268928
male,22-23,-50,-9.210340371976182,-9.210340371976182,-9.213190015268928
male,22-23,-49,-9.210340371976182,-9.210340371976182,-9.213190015268928
male,22-23,-48,-9.210340371976182,-9.210340371976182,-9.213190015268928
male,22-23,-47,-9.210340371976182,-9.210340371976182,-9.213190015268928
male,22-23,-46,-9.210340371976182,-9.210340371976182,-9.213190015268928
male,22-23,-45,-9.210340371976182,-9.210340371976182,-9.213190015268928
male,22-23,-44,-9.210340371976182,-9.210340371976182,-9.213190015268928
male,22-23,-43,-9.210340371976182,-9.210340371976182,-9.213190015268928
male,22-23,-42,-9.210340371976182,-9.210340371976182,-9.213190015268928
male,22-23,-41,-9.210340371976182,-9.210340371976182,-9.213190015268928
male,22-23,-40,-9.210340371976182,-9.210340371976182,-9.213190015268928
male,22-23,-39,-9.210340371976182,-9.210340371976182,-9.213190015268928
male,22-23,-38,-9.210340371976182,-9.210340371976182,-9.213190015268928
male,22-23,-37,-9.210340371976182,-9.210340371976182,-9.213190015268928
male,22-23,-36,-9.210340371976182,-9.210340371976182,-9.213190015268928
male,22-23,-35,-9.210340371976182,-9.210340371976182,-9.213190015268928
male,22-23,-34,-9.210340371976182,-9.210340371976182,-9.213190015268928
male,22-23,-33,-9.210340371976182,-9.210340371976182,-9.213190015268928
male,22-23,-32,-9.210340371976182,-9.210340371976182,-9.213190015268928
male,22-23,-31,-9.210340371976182,-9.210340371976182,-9.213190015268928
male,22-23,-30,-9.210340371976182,-9.210340371976182,-9.213190015268928
male,22-23,-29,-9.210340371976182,-9.210340371976182,-9.213190015268928
male,22-23,-28,-9.210340371976182,-9.210340371976182,-9.213190015268928
male,22-23,-27,-9.210340371976182,-9.210340371976182,-9.213190015268928
male,22-23,-26,-9.210340371976182,-9.210340371976182,-9.213190015268928
male,22-23,-25,-9.210340371976182,-9.210340371976182,-9.213190015268928
male,22-23,-24,-9.210340371976182,-2.329272009827552,-2.332121653120299
male,22-23,-23,-9.210340371976182,-2.3292720098274766,-2.3321216531202236
male,22-23,-22,-9.210340371976182,-2.3292720098274766,-2.3321216531202236
male,22-23,-21,-9.210340371976182,-2.329272009827476,-2.332121653120223
male,22-23,-20,-9.210340371976182,-2.329272009827476,-2.332121653120223
male,22-23,-19,-9.210340371976182,-2.329272009827476,-2.332121653120223
male,22-23,-18,-9.210340371976182,-2.329272009827476,-2.332121653120223
male,22-23,-17,-9.210340371976182,-2.329272009827476,-2.332121653120223
male,22-23,-16,-9.210340371976182,-2.329272009827476,-2.332121653120223
male,22-23,-15,-9.210340371976182,-2.329272009827476,-2.332121653120223
male,22-23,-14,-9.210340371976182,-2.329272009827476,-2.332121653120223
male,22-23,-13,-9.210340371976182,-2.329272009827468,-2.332121653120215
male,22-23,-12,-9.210340371976182,-2.32927200982703,-2.332121653119777
male,22-23,-11,-9.210340371976182,-2.3292720098031086,-2.3321216530958555
male,22-23,-10,-9.210340371976182,-2.3292720084970386,-2.3321216517897856
male,22-23,-9,-9.210340371976182,-2.329271937188047,-2.332121580480794
male,22-23,-8,-9.210340371976182,-2.3292680438618025,-2.3321176871545495
male,22-23,-7,-9.210340371976182,-2.3290555135534916,-2.3319051568462386
male,22-23,-6,-9.210340371976182,-2.317564094657703,-2.32041373795045
male,22-23,-5,-2.329276983308829,-1.9018785510848586,-1.9047281943776055
male,22-23,-4,-0.9633103135325457,-0.7972249893696701,-0.8000746326624172
male,22-23,-3,0.18458096550145672,0.2705046368902363,0.2676549935974893
male,22-23,-2,1.133775549064203,1.1617889623974818,1.1589393191047348
male,22-23,-1,1.7884778392623308,1.7863015992915356,1.7834519559987887
male,22-23,0,2.1989819918061055,2.111181332589085,2.108331689296338
male,22-23,1,1.5887952795003941,1.6255232013663652,1.6226735580736182
male,22-23,2,0.7428861401987998,0.839407773066229,0.836558129773482
male,22-23,3,0.06546909809274144,0.1393463096952824,0.13649666640253535
male,22-23,4,-0.3480667369563689,-0.32754940294779744,-0.33039904624054445
male,22-23,5,-0.8294677476961889,-0.784181893072203,-0.78703153636495
male,22-23,6,-1.1082361415783388,-1.0879834328794247,-1.0908330761721716
male,22-23,7,-1.2830416407788032,-1.303773033604676,-1.306622676897423
male,22-23,8,-1.8218111206725884,-1.741790188614111,-1.744639831906858
male,22-23,9,-1.8025989811661367,-1.7925634931841645,-1.7954131364769115
male,22-23,10,-1.6887757266553902,-1.738795518780565,-1.741645162073312
male,22-23,11,-2.1376529175138543,-2.080405964322188,-2.083255607614935
male,22-23,12,-2.183586597749156,-2.2023693776270874,-2.2052190209198343
male,22-23,13,-2.4568503184603077,-2.450865874059656,-2.453715517352403
male,22-23,14,-2.802296031421605,-2.756579284122907,-2.759428927415654
male,22-23,15,-2.79665760317156,-2.8321472505179632,-2.83499689381071
male,22-23,16,-3.196745665033889,-3.1099226742247748,-3.1127723175175217
male,22-23,17,-2.8979296117840105,-2.959063380183337,-2.9619130234760838
male,22-23,18,-3.2638459477664794,-3.2292346558205534,-3.2320842991133003
male,22-23,19,-3.3971761390995106,-3.4024469840267284,-3.4052966273194754
male,22-23,20,-3.621262492337464,-3.4985197395425485,-3.5013693828352954
male,22-23,21,-2.9298995152228575,-3.0443059291741688,-3.0471555724669157
male,22-23,22,-3.6511340054518047,-3.5305926713554108,-3.5334423146481577
male,22-23,23,-3.536858041230606,-3.525187342052858,-3.528036985345605
male,22-23,24,-3.3369617203439392,-3.2971731521380256,-3.3000227954307726
male,22-23,25,-2.8897764582949184,-2.975317126848078,-2.9781667701408248
male,22-23,26,-3.4076614423059985,-3.384031070502955,-3.3868807137957018
male,22-23,27,-3.962975516289841,-3.7921762702027237,-3.7950259134954707
male,22-23,28,-3.2631220904260845,-3.3778489470811905,-3.3806985903739375
male,22-23,29,-3.9979239761008083,-3.891468095205619,-3.894317738498366
male,22-23,30,-4.031416405217549,-3.8972500227942115,-3.9000996660869585
male,22-23,31,-3.202735686268868,-3.3634159818440703,-3.3662656251368173
male,22-23,32,-5.00543663703029,-4.201364757579176,-4.2042144008719236
male,22-23,33,-2.9829326708684794,-3.188393826456524,-3.191243469749271
male,22-23,34,-4.903481082423128,-4.474594254095417,-4.477443897388165
male,22-23,35,-5.863671477665451,-4.968313436245907,-4.9711630795386546
male,22-23,36,-3.318566290173352,-3.539629458475837,-3.542479101768584
male,22-23,37,-5.802638665524986,-4.829689952904609,-4.832539596197356
male,22-23,38,-4.028387871553754,-4.228072816637675,-4.230922459930422
male,22-23,39,-6.147557517723874,-5.48155737380275,-5.4844070170954975
male,22-23,40,-5.21667877642242,-5.403135142199556,-5.405984785492303
male,22-23,41,-9.210340371976182,-6.53671381429455,-6.539563457587297
male,22-23,42,-4.797415425158885,-5.0183587390416475,-5.021208382334395
male,22-23,43,-6.7925761873453085,-6.323031161097299,-6.325880804390047
male,22-23,44,-8.820181620613806,-8.328568014089814,-8.331417657382561
male,22-23,45,-9.210340371976182,-7.084853344247003,-7.087702987539751
male,22-23,46,-4.849807095763334,-5.091793670066488,-5.094643313359235
male,22-23,47,-9.210340371976182,-7.027625483101669,-7.030475126394417
male,22-23,48,-9.210340371976182,-9.210340371976182,-9.213190015268928
male,22-23,49,-9.210340371976182,-9.210340371976182,-9.213190015268928
male,22-23,50,-9.210340371976182,-9.210340371976182,-9.213190015268928
male,22-23,51,-9.210340371976182,-9.210340371976182,-9.213190015268928
male,22-23,52,-9.210340371976182,-9.210340371976182,-9.213190015268928
male,24-25,-52,-9.210340371976182,-9.210340371976182,-9.211247394821623
male,24-25,-51,-9.210340371976182,-9.210340371976182,-9.211247394821623
male,24-25,-50,-9.210340371976182,-9.210340371976182,-9.211247394821623
male,24-25,-49,-9.210340371976182,-9.210340371976182,-9.211247394821623
male,24-25,-48,-9.210340371976182,-9.210340371976182,-9.211247394821623
male,24-25,-47,-9.210340371976182,-9.210340371976182,-9.211247394821623
male,24-25,-46,-9.210340371976182,-9.210340371976182,-9.211247394821623
male,24-25,-45,-9.210340371976182,-9.210340371976182,-9.211247394821623
male,24-25,-44,-9.210340371976182,-9.210340371976182,-9.211247394821623
male,24-25,-43,-9.210340371976182,-9.210340371976182,-9.211247394821623
male,24-25,-42,-9.210340371976182,-9.210340371976182,-9.211247394821623
male,24-25,-41,-9.210340371976182,-9.210340371976182,-9.211247394821623
male,24-25,-40,-9.210340371976182,-9.210340371976182,-9.211247394821623
male,24-25,-39,-9.210340371976182,-9.210340371976182,-9.211247394821623
male,24-25,-38,-9.210340371976182,-9.210340371976182,-9.211247394821623
male,24-25,-37,-9.210340371976182,-9.210340371976182,-9.211247394821623
male,24-25,-36,-9.210340371976182,-9.210340371976182,-9.211247394821623
male,24-25,-35,-9.210340371976182,-9.210340371976182,-9.211247394821623
male,24-25,-34,-9.210340371976182,-9.210340371976182,-9.211247394821623
male,24-25,-33,-9.210340371976182,-9.210340371976182,-9.211247394821623
male,24-25,-32,-9.210340371976182,-9.210340371976182,-9.211247394821623
male,24-25,-31,-9.210340371976182,-9.210340371976182,-9.211247394821623
male,24-25,-30,-9.210340371976182,-9.210340371976182,-9.211247394821623
male,24-25,-29,-9.210340371976182,-9.210340371976182,-9.211247394821623
male,24-25,-28,-9.210340371976182,-9.210340371976182,-9.211247394821623
male,24-25,-27,-9.210340371976182,-9.210340371976182,-9.211247394821623
male,24-25,-26,-9.210340371976182,-9.210340371976182,-9.211247394821623
male,24-25,-25,-9.210340371976182,-9.210340371976182,-9.211247394821623
male,24-25,-24,-9.210340371976182,-9.210340371976182,-9.211247394821623
male,24-25,-23,-9.210340371976182,-9.210340371976182,-9.211247394821623
male,24-25,-22,-9.210340371976182,-9.210340371976182,-9.211247394821623
male,24-25,-21,-9.210340371976182,-9.210340371976182,-9.211247394821623
male,24-25,-20,-9.210340371976182,-3.639341064491253,-3.640248087336694
male,24-25,-19,-9.210340371976182,-3.639341064491253,-3.640248087336694
male,24-25,-18,-9.210340371976182,-3.639341064491253,-3.640248087336694
male,24-25,-17,-9.210340371976182,-3.639341064491253,-3.640248087336694
male,24-25,-16,-9.210340371976182,-3.639341064491253,-3.640248087336694
male,24-25,-15,-9.210340371976182,-3.639341064491253,-3.640248087336694
male,24-25,-14,-9.210340371976182,-3.639341064491253,-3.640248087336694
male,24-25,-13,-9.210340371976182,-3.639341064491253,-3.640248087336694
male,24-25,-12,-9.210340371976182,-3.639341064491253,-3.640248087336694
male,24-25,-11,-9.210340371976182,-3.6393410644912527,-3.6402480873366936
male,24-25,-10,-9.210340371976182,-3.6393410644896367,-3.6402480873350775
male,24-25,-9,-9.210340371976182,-3.6393410588177106,-3.6402480816631515
male,24-25,-8,-9.210340371976182,-3.639321152834988,-3.640228175680429
male,24-25,-7,-3.6393440227664136,-3.5736733653069317,-3.5745803881523726
male,24-25,-6,-2.4286400358118967,-2.399706110007957,-2.400613132853398
male,24-25,-5,-1.2471430749585344,-1.230306788280768,-1.2312138111262088
male,24-25,-4,-0.2242829659512613,-0.2151575418803638,-0.21606456472580457
male,24-25,-3,0.5784138254339211,0.5855852384781944,0.5846782156327537
male,24-25,-2,1.284550545812496,1.2895553414980798,1.288648318652639
male,24-25,-1,1.9051253291932748,1.9015282131012072,1.9006211902557664
male,24-25,0,2.147900871849778,2.1371332455905554,2.1362262227451145
male,24-25,1,1.5443735170060793,1.550200725925065,1.549293703079624
male,24-25,2,0.7393415765889736,0.7538977062444577,0.752990683399017
male,24-25,3,0.13208394744863794,0.1410223184633543,0.14011529561791353
male,24-25,4,-0.32485963759961917,-0.3186843246946575,-0.3195913475400983
male,24-25,5,-0.6170016381400873,-0.6158603069237438,-0.6167673297691846
male,24-25,6,-0.9766663928617039,-0.9728864587175017,-0.9737934815629424
male,24-25,7,-1.262079191419504,-1.259786230499016,-1.2606932533444568
male,24-25,8,-1.5243767110809427,-1.520684812293848,-1.521591835139289
male,24-25,9,-1.6252112814433781,-1.6215717506118708,-1.6224787734573116
male,24-25,10,-1.5144306224016006,-1.5246891480681455,-1.5255961709135863
male,24-25,11,-2.3093196540271963,-2.2890440258333475,-2.2899510486787884
male,24-25,12,-2.3511915089338733,-2.3503576812429032,-2.351264704088344
male,24-25,13,-2.3451647909776745,-2.3498649111519843,-2.350771933997425
male,24-25,14,-2.6842993790034253,-2.677350924496875,-2.678257947342316
male,24-25,15,-2.670381565602965,-2.6744917072106515,-2.6753987300560924
male,24-25,16,-2.9491730430913723,-2.939723636577288,-2.940630659422729
male,24-25,17,-2.7197988527256807,-2.7278796691651443,-2.728786692010585
male,24-25,18,-3.0576985590681036,-3.0535063686531254,-3.0544133914985663
male,24-25,19,-3.224769128189869,-3.2251944633060075,-3.2261014861514483
male,24-25,20,-3.471287657404894,-3.4653444020579367,-3.4662514249033776
male,24-25,21,-3.3937547866782682,-3.4025616471428703,-3.403468669988311
male,24-25,22,-4.02884520851769,-4.001780711835442,-4.002687734680883
male,24-25,23,-3.457439885586435,-3.474206748012674,-3.475113770858115
male,24-25,24,-4.318108377831461,-4.298490304303126,-4.299397327148567
male,24-25,25,-4.453204242837005,-4.455812625725711,-4.456719648571152
male,24-25,26,-4.801567984608687,-4.786082138109814,-4.786989160955255
male,24-25,27,-4.365133244408685,-4.386916650342018,-4.387823673187459
male,24-25,28,-7.282372408587563,-6.845490437053099,-6.84639745989854
male,24-25,29,-4.440929467231797,-4.455390790237416,-4.456297813082857
male,24-25,30,-4.3950401843807985,-4.401485845109638,-4.402392867955079
male,24-25,31,-4.82678777188798,-4.831310805946172,-4.832217828791613
male,24-25,32,-6.438794629038376,-6.314776672023607,-6.315683694869048
male,24-25,33,-4.824197177825649,-4.835355399471528,-4.836262422316969
male,24-25,34,-4.735916145553844,-4.754517144210179,-4.75542416705562
male,24-25,35,-9.210340371976182,-8.320911929639943,-8.321818952485383
male,24-25,36,-5.045696627579613,-5.051454888573711,-5.052361911419152
male,24-25,37,-4.550137364164317,-4.557497498470303,-4.558404521315744
male,24-25,38,-4.607566258126507,-4.619009710683351,-4.619916733528792
male,24-25,39,-6.033332757893685,-5.98068538137518,-5.9815924042206206
male,24-25,40,-5.90573057037621,-5.8644714952289565,-5.865378518074397
male,24-25,41,-4.582175420753303,-4.6036676728074255,-4.604574695652866
male,24-25,42,-5.40430738891558,-5.376304697898968,-5.377211720744409
male,24-25,43,-5.031015993272619,-5.049666884517529,-5.05057390736297
male,24-25,44,-6.79410077659217,-6.732409373611469,-6.73331639645691
male,24-25,45,-9.210340371976182,-9.210340371976182,-9.211247394821623
male,24-25,46,-6.223047622942509,-6.2599411659097015,-6.260848188755142
male,24-25,47,-9.210340371976182,-6.22305537387806,-6.2239623967235005
male,24-25,48,-9.210340371976182,-6.223044667717107,-6.223951690562548
male,24-25,49,-9.210340371976182,-6.223044664666579,-6.22395168751202
male,24-25,50,-9.210340371976182,-6.22304466466571,-6.223951687511151
male,24-25,51,-9.210340371976182,-6.22304466466571,-6.223951687511151
male,24-25,52,-9.210340371976182,-6.22304466466571,-6.223951687511151
male,26-27,-52,-9.210340371976182,-9.210340371976182,-9.211219383060717
male,26-27,-51,-9.210340371976182,-9.210340371976182,-9.211219383060717
male,26-27,-50,-9.210340371976182,-9.210340371976182,-9.211219383060717
male,26-27,-49,-9.210340371976182,-9.210340371976182,-9.211219383060717
male,26-27,-48,-9.210340371976182,-9.210340371976182,-9.211219383060717
male,26-27,-47,-9.210340371976182,-9.210340371976182,-9.211219383060717
male,26-27,-46,-9.210340371976182,-9.210340371976182,-9.211219383060717
male,26-27,-45,-9.210340371976182,-9.210340371976182,-9.211219383060717
male,26-27,-44,-9.210340371976182,-9.210340371976182,-9.211219383060717
male,26-27,-43,-9.210340371976182,-9.210340371976182,-9.211219383060717
male,26-27,-42,-9.210340371976182,-9.210340371976182,-9.211219383060717
male,26-27,-41,-9.210340371976182,-9.210340371976182,-9.211219383060717
male,26-27,-40,-9.210340371976182,-9.210340371976182,-9.211219383060717
male,26-27,-39,-9.210340371976182,-9.210340371976182,-9.211219383060717
male,26-27,-38,-9.210340371976182,-9.210340371976182,-9.211219383060717
male,26-27,-37,-9.210340371976182,-9.210340371976182,-9.211219383060717
male,26-27,-36,-9.210340371976182,-9.210340371976182,-9.211219383060717
male,26-27,-35,-9.210340371976182,-9.210340371976182,-9.211219383060717
male,26-27,-34,-9.210340371976182,-9.210340371976182,-9.211219383060717
male,26-27,-33,-9.210340371976182,-9.210340371976182,-9.211219383060717
male,26-27,-32,-9.210340371976182,-9.210340371976182,-9.211219383060717
male,26-27,-31,-9.210340371976182,-9.210340371976182,-9.211219383060717
male,26-27,-30,-9.210340371976182,-9.210340371976182,-9.211219383060717
male,26-27,-29,-9.210340371976182,-9.210340371976182,-9.211219383060717
male,26-27,-28,-9.210340371976182,-9.210340371976182,-9.211219383060717
male,26-27,-27,-9.210340371976182,-9.210340371976182,-9.211219383060717
male,26-27,-26,-9.210340371976182,-9.210340371976182,-9.211219383060717
male,26-27,-25,-9.210340371976182,-9.210340371976182,-9.211219383060717
male,26-27,-24,-9.210340371976182,-9.210340371976182,-9.211219383060717
male,26-27,-23,-9.210340371976182,-9.210340371976182,-9.211219383060717
male,26-27,-22,-9.210340371976182,-4.87160382840615,-4.872482839490685
male,26-27,-21,-9.210340371976182,-4.871603828406151,-4.872482839490686
male,26-27,-20,-9.210340371976182,-4.87160382840615,-4.872482839490685
male,26-27,-19,-9.210340371976182,-4.871603828406151,-4.872482839490686
male,26-27,-18,-9.210340371976182,-4.871603828406151,-4.872482839490686
male,26-27,-17,-9.210340371976182,-4.87160382840615,-4.872482839490685
male,26-27,-16,-9.210340371976182,-4.871603828406151,-4.872482839490686
male,26-27,-15,-9.210340371976182,-4.87160382840615,-4.872482839490685
male,26-27,-14,-9.210340371976182,-4.87160382840615,-4.872482839490685
male,26-27,-13,-9.210340371976182,-4.87160382840615,-4.872482839490685
male,26-27,-12,-9.210340371976182,-4.8716038284033445,-4.872482839487879
male,26-27,-11,-9.210340371976182,-4.871603818559402,-4.872482829643936
male,26-27,-10,-9.210340371976182,-4.871569270877967,-4.872448281962502
male,26-27,-9,-4.871606728456549,-4.760310500475843,-4.761189511560377
male,26-27,-8,-3.261355420781702,-3.2485127795954805,-3.2493917906800154
male,26-27,-7,-2.4431091356384065,-2.415276272683559,-2.4161552837680937
male,26-27,-6,-1.2415563769538158,-1.233204542948239,-1.234083554032774
male,26-27,-5,-0.4410162572790083,-0.4349261030571935,-0.4358051141417283
male,26-27,-4,0.2199511745289802,0.22847858580463323,0.2275995747200984
male,26-27,-3,0.9353115891103113,0.9374235070634122,0.9365444959788773
male,26-27,-2,1.4579998543797483,1.4599349609752676,1.4590559498907327
male,26-27,-1,1.910044625239216,1.9073783099478978,1.906499298863363
male,26-27,0,2.1204225627931703,2.1098446906082002,2.1089656795236653
male,26-27,1,1.4830943759603616,1.4912116114686471,1.4903326003841122
male,26-27,2,0.8179834124397989,0.8273236529327783,0.8264446418482435
male,26-27,3,0.20201069675715788,0.21235732604692056,0.21147831496238573
male,26-27,4,-0.111862920710913,-0.10903461158145016,-0.10991362266598498
male,26-27,5,-0.38404417018610937,-0.3826667987152109,-0.38354580979974573
male,26-27,6,-0.7008205061835946,-0.698691865615887,-0.6995708767004218
male,26-27,7,-1.0282320864312608,-1.0224741651939226,-1.0233531762784576
male,26-27,8,-1.0879433002138903,-1.0936702866186365,-1.0945492977031714
male,26-27,9,-1.671790391064927,-1.6592102697321445,-1.6600892808166794
male,26-27,10,-1.7488876738707793,-1.7476611673121234,-1.7485401783966583
male,26-27,11,-1.758726813393342,-1.7643701509064607,-1.7652491619909956
male,26-27,12,-2.210821885394948,-2.203805108899242,-2.204684119983777
male,26-27,13,-2.377796377070592,-2.375592854794732,-2.376471865879267
male,26-27,14,-2.426313332647326,-2.425987609233661,-2.426866620318196
male,26-27,15,-2.4586989993593913,-2.4596588572635594,-2.4605378683480943
male,26-27,16,-2.5570898370726165,-2.5590654505200803,-2.559944461604615
male,26-27,17,-2.8207892270645245,-2.8208359367724642,-2.821714947856999
male,26-27,18,-3.207694330888756,-3.2001513064123692,-3.201030317496904
male,26-27,19,-3.2292283745896135,-3.232882368950243,-3.2337613800347778
male,26-27,20,-3.518725390029055,-3.5172150519563607,-3.5180940630408957
male,26-27,21,-3.80551497869132,-3.802714377769376,-3.803593388853911
male,26-27,22,-3.9756594485987105,-3.9655653165579943,-3.966444327642529
male,26-27,23,-3.6235084254076853,-3.6391184117061766,-3.6399974227907115
male,26-27,24,-4.680800011230726,-4.647255549592946,-4.64813456067748
male,26-27,25,-4.465872714805599,-4.480245622805849,-4.481124633890383
male,26-27,26,-5.565416063126163,-5.459510948459361,-5.460389959543895
male,26-27,27,-3.807649238059037,-3.829763862078697,-3.830642873163232
male,26-27,28,-4.552857679947097,-4.54345711558131,-4.544336126665844
male,26-27,29,-5.314613580218883,-5.269251600476552,-5.270130611561086
male,26-27,30,-4.337690667481847,-4.346015611934222,-4.346894623018756
male,26-27,31,-4.243849447556599,-4.256778632223394,-4.257657643307929
male,26-27,32,-5.401805888846153,-5.36843493502744,-5.3693139461119745
male,26-27,33,-5.461009533668765,-5.463224890367268,-5.464103901451803
male,26-27,34,-5.673742655951602,-5.676970538139921,-5.677849549224455
male,26-27,35,-6.24492049929609,-6.232930163287851,-6.233809174372386
male,26-27,36,-6.28367978510044,-6.296607485006358,-6.297486496090892
male,26-27,37,-8.058079699515234,-7.700819971097312,-7.7016989821818465
male,26-27,38,-4.941606634395601,-4.973888552597604,-4.974767563682138
male,26-27,39,-9.210340371976182,-8.857098099766647,-8.857977110851182
male,26-27,40,-6.531706972224697,-6.54768440156277,-6.5485634126473045
male,26-27,41,-6.490636210228715,-6.49283435243389,-6.493713363518425
male,26-27,42,-6.590694278217137,-6.605451509604559,-6.606330520689093
male,26-27,43,-9.210340371976182,-9.210340371976182,-9.211219383060717
male,26-27,44,-6.883771698073101,-6.919798590281478,-6.9206776013660125
male,26-27,45,-9.210340371976182,-6.883779251154548,-6.884658262239083
male,26-27,46,-9.210340371976182,-6.883768800999833,-6.884647812084367
male,26-27,47,-9.210340371976182,-6.883768798022249,-6.8846478091067835
male,26-27,48,-9.210340371976182,-6.883768798021401,-6.884647809105935
male,26-27,49,-9.210340371976182,-6.8837687980214,-6.884647809105934
male,26-27,50,-9.210340371976182,-6.8837687980214,-6.884647809105934
male,26-27,51,-9.210340371976182,-6.8837687980214,-6.884647809105934
male,26-27,52,-9.210340371976182,-6.8837687980214,-6.884647809105934
male,28-29,-52,-9.210340371976182,-9.210340371976182,-9.211086631454199
male,28-29,-51,-9.210340371976182,-9.210340371976182,-9.211086631454199
male,28-29,-50,-9.210340371976182,-9.210340371976182,-9.211086631454199
male,28-29,-49,-9.210340371976182,-9.210340371976182,-9.211086631454199
male,28-29,-48,-9.210340371976182,-9.210340371976182,-9.211086631454199
male,28-29,-47,-9.210340371976182,-9.210340371976182,-9.211086631454199
male,28-29,-46,-9.210340371976182,-9.210340371976182,-9.211086631454199
male,28-29,-45,-9.210340371976182,-9.210340371976182,-9.211086631454199
male,28-29,-44,-9.210340371976182,-9.210340371976182,-9.211086631454199
male,28-29,-43,-9.210340371976182,-9.210340371976182,-9.211086631454199
male,28-29,-42,-9.210340371976182,-9.210340371976182,-9.211086631454199
male,28-29,-41,-9.210340371976182,-9.210340371976182,-9.211086631454199
male,28-29,-40,-9.210340371976182,-9.210340371976182,-9.211086631454199
male,28-29,-39,-9.210340371976182,-9.210340371976182,-9.211086631454199
male,28-29,-38,-9.210340371976182,-9.210340371976182,-9.211086631454199
male,28-29,-37,-9.210340371976182,-9.210340371976182,-9.211086631454199
male,28-29,-36,-9.210340371976182,-9.210340371976182,-9.211086631454199
male,28-29,-35,-9.210340371976182,-9.210340371976182,-9.211086631454199
male,28-29,-34,-9.210340371976182,-9.210340371976182,-9.211086631454199
male,28-29,-33,-9.210340371976182,-9.210340371976182,-9.211086631454199
male,28-29,-32,-9.210340371976182,-9.210340371976182,-9.211086631454199
male,28-29,-31,-9.210340371976182,-9.210340371976182,-9.211086631454199
male,28-29,-30,-9.210340371976182,-9.210340371976182,-9.211086631454199
male,28-29,-29,-9.210340371976182,-9.210340371976182,-9.211086631454199
male,28-29,-28,-9.210340371976182,-9.210340371976182,-9.211086631454199
male,28-29,-27,-9.210340371976182,-9.210340371976182,-9.211086631454199
male,28-29,-26,-9.210340371976182,-9.210340371976182,-9.211086631454199
male,28-29,-25,-9.210340371976182,-9.210340371976182,-9.211086631454199
male,28-29,-24,-9.210340371976182,-9.210340371976182,-9.211086631454199
male,28-29,-23,-9.210340371976182,-9.210340371976182,-9.211086631454199
male,28-29,-22,-9.210340371976182,-9.210340371976182,-9.211086631454199
male,28-29,-21,-9.210340371976182,-9.210340371976182,-9.211086631454199
male,28-29,-20,-9.210340371976182,-5.107809225214276,-5.108555484692293
male,28-29,-19,-9.210340371976182,-5.107809225214276,-5.108555484692293
male,28-29,-18,-9.210340371976182,-5.107809225214276,-5.108555484692293
male,28-29,-17,-9.210340371976182,-5.107809225214276,-5.108555484692293
male,28-29,-16,-9.210340371976182,-5.107809225214276,-5.108555484692293
male,28-29,-15,-9.210340371976182,-5.107809225214276,-5.108555484692293
male,28-29,-14,-9.210340371976182,-5.107809225214276,-5.108555484692293
male,28-29,-13,-9.210340371976182,-5.107809225214276,-5.108555484692293
male,28-29,-12,-9.210340371976182,-5.107809224988294,-5.1085554844663115
male,28-29,-11,-5.107811434312288,-5.105804387159613,-5.10655064663763
male,28-29,-10,-3.665085874640015,-3.664939545567011,-3.665685805045028
male,28-29,-9,-3.042598671312329,-3.0421538906203525,-3.0429001500983692
male,28-29,-8,-2.0105270198055516,-2.010407485144528,-2.0111537446225447
male,28-29,-7,-1.319395049601816,-1.319309942319995,-1.320056201798012
male,28-29,-6,-0.7626483046705915,-0.7624274597362743,-0.7631737192142912
male,28-29,-5,-0.017447154355147564,-0.01739628147830835,-0.018142540956325233
male,28-29,-4,0.5202059668401109,0.5203014543654418,0.519555194887425
male,28-29,-3,1.076883360400377,1.0769284488862392,1.0761821894082222
male,28-29,-2,1.5558683850351132,1.5558845045937297,1.5551382451157127
male,28-29,-1,1.9465994401671256,1.9465413225133221,1.9457950630353051
male,28-29,0,2.109827766198153,2.1096373331660083,2.1088910736879916
male,28-29,1,1.5438519190220237,1.5439746096978635,1.5432283502198465
male,28-29,2,0.9185061357452764,0.9186911020687177,0.9179448425907009
male,28-29,3,0.3862935833584199,0.38646958297747325,0.38572332349945637
male,28-29,4,0.08070260137077935,0.08073404685838541,0.07998778738036853
male,28-29,5,-0.28784510492793347,-0.28775602019310714,-0.288502279671124
male,28-29,6,-0.5393030476087022,-0.5392759170117379,-0.5400221764897548
male,28-29,7,-0.8167497836078316,-0.8166936610516965,-0.8174399205297134
male,28-29,8,-1.0280603260541217,-1.028067501508773,-1.02881376098679
male,28-29,9,-1.363597833942681,-1.363495797698923,-1.36424205717694
male,28-29,10,-1.4872852558418799,-1.4872774484707716,-1.4880237079487886
male,28-29,11,-1.6129180973878832,-1.612935275120962,-1.613681534598979
male,28-29,12,-1.8308338313390307,-1.830828441629819,-1.831574701107836
male,28-29,13,-2.1124685219092436,-2.112365771821037,-2.1131120312990537
male,28-29,14,-2.146790721273237,-2.146926784050411,-2.1476730435284277
male,28-29,15,-2.7633831664104958,-2.763066279048583,-2.7638125385266
male,28-29,16,-2.701384945616293,-2.7014090615011876,-2.7021553209792044
male,28-29,17,-2.7190192421925783,-2.7190023501464555,-2.7197486096244723
male,28-29,18,-2.6933236653678208,-2.6934038968035514,-2.694150156281568
male,28-29,19,-2.940288286833655,-2.9403452370328633,-2.94109149651088
male,28-29,20,-3.534741028425784,-3.534503697036608,-3.5352499565146247
male,28-29,21,-3.6339789356933525,-3.633992375971345,-3.6347386354493616
male,28-29,22,-3.7905328527547812,-3.790548350925353,-3.79129461040337
male,28-29,23,-4.040111078457918,-4.040174393392392,-4.040920652870409
male,28-29,24,-4.67774240602866,-4.676573858239889,-4.6773201177179065
male,28-29,25,-3.4065530122087746,-3.4069383408128937,-3.4076846002909105
male,28-29,26,-4.001770459862243,-4.001736672189955,-4.002482931667973
male,28-29,27,-5.297435317633527,-5.296091153003008,-5.296837412481025
male,28-29,28,-4.462045852638972,-4.46250037427299,-4.463246633751007
male,28-29,29,-5.9812901360985,-5.980088546508127,-5.980834805986144
male,28-29,30,-5.863657736175561,-5.863123542569031,-5.8638698020470486
male,28-29,31,-4.898921618786515,-4.8994578948986485,-4.900204154376666
male,28-29,32,-9.210340371976182,-9.210340371976182,-9.211086631454199
male,28-29,33,-6.572149870320965,-6.570687951534555,-6.571434211012572
male,28-29,34,-4.719041111678458,-4.719181092268029,-4.719927351746046
male,28-29,35,-4.3659262441103035,-4.366333538466237,-4.367079797944254
male,28-29,36,-7.018940074247877,-7.013313189784012,-7.014059449262029
male,28-29,37,-5.495491341967471,-5.496058992321311,-5.496805251799328
male,28-29,38,-7.953888690762387,-7.949050992570808,-7.949797252048826
male,28-29,39,-6.410360405136258,-6.410372164266831,-6.411118423744848
male,28-29,40,-5.842616162534944,-5.843051275702669,-5.843797535180686
male,28-29,41,-7.81821328344374,-7.816298614335247,-7.8170448738132645
male,28-29,42,-9.210340371976182,-9.210340371976182,-9.211086631454199
male,28-29,43,-9.210340371976182,-9.210340371976182,-9.211086631454199
male,28-29,44,-9.210340371976182,-9.210340371976182,-9.211086631454199
male,28-29,45,-9.210340371976182,-9.210340371976182,-9.211086631454199
male,28-29,46,-9.210340371976182,-9.210340371976182,-9.211086631454199
male,28-29,47,-9.210340371976182,-9.210340371976182,-9.211086631454199
male,28-29,48,-9.210340371976182,-9.210340371976182,-9.211086631454199
male,28-29,49,-9.210340371976182,-9.210340371976182,-9.211086631454199
male,28-29,50,-9.210340371976182,-9.210340371976182,-9.211086631454199
male,28-29,51,-9.210340371976182,-9.210340371976182,-9.211086631454199
male,28-29,52,-9.210340371976182,-9.210340371976182,-9.211086631454199
male,30-31,-52,-9.210340371976182,-9.210340371976182,-9.211018385431933
male,30-31,-51,-9.210340371976182,-9.210340371976182,-9.211018385431933
male,30-31,-50,-9.210340371976182,-9.210340371976182,-9.211018385431933
male,30-31,-49,-9.210340371976182,-9.210340371976182,-9.211018385431933
male,30-31,-48,-9.210340371976182,-9.210340371976182,-9.211018385431933
male,30-31,-47,-9.210340371976182,-9.210340371976182,-9.211018385431933
male,30-31,-46,-9.210340371976182,-9.210340371976182,-9.211018385431933
male,30-31,-45,-9.210340371976182,-9.210340371976182,-9.211018385431933
male,30-31,-44,-9.210340371976182,-9.210340371976182,-9.211018385431933
male,30-31,-43,-9.210340371976182,-9.210340371976182,-9.211018385431933
male,30-31,-42,-9.210340371976182,-9.210340371976182,-9.211018385431933
male,30-31,-41,-9.210340371976182,-9.210340371976182,-9.211018385431933
male,30-31,-40,-9.210340371976182,-9.210340371976182,-9.211018385431933
male,30-31,-39,-9.210340371976182,-9.210340371976182,-9.211018385431933
male,30-31,-38,-9.210340371976182,-9.210340371976182,-9.211018385431933
male,30-31,-37,-9.210340371976182,-9.210340371976182,-9.211018385431933
male,30-31,-36,-9.210340371976182,-9.210340371976182,-9.211018385431933
male,30-31,-35,-9.210340371976182,-9.210340371976182,-9.211018385431933
male,30-31,-34,-9.210340371976182,-9.210340371976182,-9.211018385431933
male,30-31,-33,-9.210340371976182,-9.210340371976182,-9.211018385431933
male,30-31,-32,-9.210340371976182,-9.210340371976182,-9.211018385431933
male,30-31,-31,-9.210340371976182,-9.210340371976182,-9.211018385431933
male,30-31,-30,-9.210340371976182,-9.210340371976182,-9.211018385431933
male,30-31,-29,-9.210340371976182,-9.210340371976182,-9.211018385431933
male,30-31,-28,-9.210340371976182,-9.210340371976182,-9.211018385431933
male,30-31,-27,-9.210340371976182,-9.210340371976182,-9.211018385431933
male,30-31,-26,-9.210340371976182,-9.210340371976182,-9.211018385431933
male,30-31,-25,-9.210340371976182,-9.210340371976182,-9.211018385431933
male,30-31,-24,-9.210340371976182,-9.210340371976182,-9.211018385431933
male,30-31,-23,-9.210340371976182,-9.210340371976182,-9.211018385431933
male,30-31,-22,-9.210340371976182,-4.9756237944391195,-4.97630180789487
male,30-31,-21,-9.210340371976182,-4.9756237944391195,-4.97630180789487
male,30-31,-20,-9.210340371976182,-4.9756237944391195,-4.97630180789487
male,30-31,-19,-9.210340371976182,-4.9756237944391195,-4.97630180789487
male,30-31,-18,-9.210340371976182,-4.9756237944391195,-4.97630180789487
male,30-31,-17,-9.210340371976182,-4.9756237944391195,-4.97630180789487
male,30-31,-16,-9.210340371976182,-4.9756237944391195,-4.97630180789487
male,30-31,-15,-9.210340371976182,-4.9756237944391195,-4.97630180789487
male,30-31,-14,-9.210340371976182,-4.975623794407622,-4.976301807863373
male,30-31,-13,-4.9756252022157055,-4.9753441207834355,-4.976022134239186
male,30-31,-12,-4.614726797394275,-4.614126867375331,-4.614804880831082
male,30-31,-11,-3.5196391531069326,-3.5193256518134692,-3.5200036652692206
male,30-31,-10,-2.5564921080723213,-2.5564954842219745,-2.557173497677726
male,30-31,-9,-2.085018122990787,-2.0848525789692816,-2.085530592425033
male,30-31,-8,-1.4666115657760586,-1.4664648997737297,-1.467142913229481
male,30-31,-7,-0.8198851592315054,-0.8197968280325768,-0.8204748414883282
male,30-31,-6,-0.24709014369219784,-0.24701735186503557,-0.2476953653207869
male,30-31,-5,0.28050645365317917,0.28055894803412074,0.27988093457836943
male,30-31,-4,0.7626410463298138,0.7627245813489161,0.7620465678931647
male,30-31,-3,1.2913906301128466,1.2913759478638749,1.2906979344081235
male,30-31,-2,1.6411212231590724,1.6411411232789852,1.6404631098232338
male,30-31,-1,1.9705836578776716,1.9705303145892537,1.9698523011335023
male,30-31,0,2.101006217573367,2.100836626917046,2.1001586134612946
male,30-31,1,1.5634629055730147,1.5635823178960673,1.562904304440316
male,30-31,2,0.9592107308531186,0.959399213743705,0.9587212002879536
male,30-31,3,0.5400282402662814,0.5400971104061076,0.5394190969503563
male,30-31,4,0.08226294862256088,0.08243385173170135,0.08175583827595004
male,30-31,5,-0.03834931029911672,-0.038389350117208856,-0.03906736357296017
male,30-31,6,-0.36029635210873034,-0.36022414517884566,-0.36090215863459696
male,30-31,7,-0.5787992234210746,-0.5787694033804263,-0.5794474168361776
male,30-31,8,-0.7671337610044161,-0.767148524383139,-0.7678265378388903
male,30-31,9,-1.0691238022000524,-1.0690487305542649,-1.0697267440100162
male,30-31,10,-1.2146452331800286,-1.214689722459162,-1.2153677359149133
male,30-31,11,-1.57801867141252,-1.5779291712756733,-1.5786071847314247
male,30-31,12,-1.7871394300396708,-1.7871627920243858,-1.7878408054801371
male,30-31,13,-2.169439083874969,-2.169287509190495,-2.169965522646246
male,30-31,14,-2.201622641223344,-2.2016394938110917,-2.202317507266843
male,30-31,15,-2.296620773236666,-2.2966599603231415,-2.297337973778893
male,30-31,16,-2.5566829471069132,-2.5566537555127025,-2.557331768968454
male,30-31,17,-2.805268515477294,-2.8051456942296626,-2.805823707685414
male,30-31,18,-2.728313671182703,-2.7283927263147816,-2.729070739770533
male,30-31,19,-2.90406355824374,-2.9040595994851643,-2.9047376129409157
male,30-31,20,-3.096440296208546,-3.0964869313880956,-3.097164944843847
male,30-31,21,-3.5341010082587556,-3.533834921725301,-3.5345129351810525
male,30-31,22,-3.3249027445698363,-3.3251045513755226,-3.325782564831274
male,30-31,23,-3.8602222761527534,-3.86016122233664,-3.8608392357923913
male,30-31,24,-4.5967095475444335,-4.5963786330015575,-4.597056646457308
male,30-31,25,-4.713087040381589,-4.713086860897698,-4.713764874353449
male,30-31,26,-4.8473945232811095,-4.847216650127254,-4.847894663583005
male,30-31,27,-4.530323722315487,-4.530664086969696,-4.531342100425447
male,30-31,28,-5.882163879371651,-5.881075003360847,-5.881753016816598
male,30-31,29,-5.531393975900183,-5.531427357231607,-5.532105370687358
male,30-31,30,-5.3679427899402405,-5.36813660291087,-5.368814616366621
male,30-31,31,-5.943395334472968,-5.942455693954665,-5.943133707410416
male,30-31,32,-4.838358455835982,-4.838757126560189,-4.83943514001594
male,30-31,33,-5.58536323892589,-5.585182529169898,-5.585860542625649
male,30-31,34,-6.46981027093679,-6.469136710017901,-6.469814723473652
male,30-31,35,-6.01028332122574,-6.010575273106884,-6.011253286562635
male,30-31,36,-6.716866693866493,-6.716685629268159,-6.71736364272391
male,30-31,37,-7.429992894949285,-7.42996933827312,-7.4306473517288705
male,30-31,38,-9.210340371976182,-9.210340371976182,-9.211018385431933
male,30-31,39,-6.656733131145812,-6.65697622414284,-6.6576542375985905
male,30-31,40,-6.221649574972689,-6.2218897173534105,-6.222567730809161
male,30-31,41,-9.210340371976182,-6.221648167222409,-6.22232618067816
male,30-31,42,-9.210340371976182,-6.221648167195211,-6.2223261806509615
male,30-31,43,-9.210340371976182,-6.221648167195211,-6.2223261806509615
male,30-31,44,-9.210340371976182,-6.221648167195211,-6.2223261806509615
male,30-31,45,-9.210340371976182,-6.221648167195211,-6.2223261806509615
male,30-31,46,-9.210340371976182,-6.221648167195211,-6.2223261806509615
male,30-31,47,-9.210340371976182,-6.221648167195211,-6.2223261806509615
male,30-31,48,-9.210340371976182,-6.221648167195211,-6.2223261806509615
male,30-31,49,-9.210340371976182,-6.221648167195211,-6.2223261806509615
male,30-31,50,-9.210340371976182,-9.210340371976182,-9.211018385431933
male,30-31,51,-9.210340371976182,-9.210340371976182,-9.211018385431933
male,30-31,52,-9.210340371976182,-9.210340371976182,-9.211018385431933
male,32-33,-52,-9.210340371976182,-9.210340371976182,-9.211456392404477
male,32-33,-51,-9.210340371976182,-9.210340371976182,-9.211456392404477
male,32-33,-50,-9.210340371976182,-9.210340371976182,-9.211456392404477
male,32-33,-49,-9.210340371976182,-9.210340371976182,-9.211456392404477
male,32-33,-48,-9.210340371976182,-9.210340371976182,-9.211456392404477
male,32-33,-47,-9.210340371976182,-9.210340371976182,-9.211456392404477
male,32-33,-46,-9.210340371976182,-9.210340371976182,-9.211456392404477
male,32-33,-45,-9.210340371976182,-9.210340371976182,-9.211456392404477
male,32-33,-44,-9.210340371976182,-9.210340371976182,-9.211456392404477
male,32-33,-43,-9.210340371976182,-9.210340371976182,-9.211456392404477
male,32-33,-42,-9.210340371976182,-9.210340371976182,-9.211456392404477
male,32-33,-41,-9.210340371976182,-9.210340371976182,-9.211456392404477
male,32-33,-40,-9.210340371976182,-9.210340371976182,-9.211456392404477
male,32-33,-39,-9.210340371976182,-9.210340371976182,-9.211456392404477
male,32-33,-38,-9.210340371976182,-9.210340371976182,-9.211456392404477
male,32-33,-37,-9.210340371976182,-9.210340371976182,-9.211456392404477
male,32-33,-36,-9.210340371976182,-9.210340371976182,-9.211456392404477
male,32-33,-35,-9.210340371976182,-9.210340371976182,-9.211456392404477
male,32-33,-34,-9.210340371976182,-9.210340371976182,-9.211456392404477
male,32-33,-33,-9.210340371976182,-9.210340371976182,-9.211456392404477
male,32-33,-32,-9.210340371976182,-9.210340371976182,-9.211456392404477
male,32-33,-31,-9.210340371976182,-9.210340371976182,-9.211456392404477
male,32-33,-30,-9.210340371976182,-9.210340371976182,-9.211456392404477
male,32-33,-29,-9.210340371976182,-9.210340371976182,-9.211456392404477
male,32-33,-28,-9.210340371976182,-9.210340371976182,-9.211456392404477
male,32-33,-27,-9.210340371976182,-9.210340371976182,-9.211456392404477
male,32-33,-26,-9.210340371976182,-9.210340371976182,-9.211456392404477
male,32-33,-25,-9.210340371976182,-9.210340371976182,-9.211456392404477
male,32-33,-24,-9.210340371976182,-5.372109222044372,-5.373225242472668
male,32-33,-23,-9.210340371976182,-5.372109222044372,-5.373225242472668
male,32-33,-22,-9.210340371976182,-5.372109222044372,-5.373225242472668
male,32-33,-21,-9.210340371976182,-5.372109222044372,-5.373225242472668
male,32-33,-20,-9.210340371976182,-5.372109222044372,-5.373225242472668
male,32-33,-19,-9.210340371976182,-5.372109222044372,-5.373225242472668
male,32-33,-18,-9.210340371976182,-5.372109222044372,-5.373225242472668
male,32-33,-17,-9.210340371976182,-5.372109222044372,-5.373225242472668
male,32-33,-16,-9.210340371976182,-5.372109222055325,-5.373225242483621
male,32-33,-15,-5.372112757694699,-5.372206490444461,-5.373322510872757
male,32-33,-14,-5.5365238707113225,-5.535685127640062,-5.536801148068358
male,32-33,-13,-4.2973607947927634,-4.296971210641071,-4.298087231069367
male,32-33,-12,-3.2373915473958412,-3.2372713333102476,-3.2383873537385433
male,32-33,-11,-2.5463258530622874,-2.54624870555161,-2.5473647259799055
male,32-33,-10,-2.0118007346891664,-2.011676158277969,-2.0127921787062646
male,32-33,-9,-1.4325389951276217,-1.432430380930345,-1.4335464013586405
male,32-33,-8,-0.8514162189010073,-0.851371809577125,-0.8524878300054207
male,32-33,-7,-0.37957412714964545,-0.3795008155920136,-0.38061683602030927
male,32-33,-6,0.11517176481054486,0.1152205920031741,0.1141045715748784
male,32-33,-5,0.5775763140567298,0.5776106617820018,0.5764946413537061
male,32-33,-4,0.9977915678853538,0.9978469903124749,0.9967309698841792
male,32-33,-3,1.4353270095684245,1.435303721654849,1.4341877012265534
male,32-33,-2,1.705377309121077,1.705397745233311,1.7042817248050153
male,32-33,-1,1.9907304161405037,1.9906834597123042,1.9895674392840086
male,32-33,0,2.111970392791773,2.1118049738064393,2.1106889533781437
male,32-33,1,1.5950400770378064,1.5951492671866196,1.594033246758324
male,32-33,2,1.0487266543610052,1.0488820811796156,1.04776606075132
male,32-33,3,0.6415016574812625,0.6416044770108008,0.6404884565825051
male,32-33,4,0.3478657483629627,0.3478990952202048,0.3467830747919091
male,32-33,5,0.01852605299938785,0.01861592713426449,0.017499906705968796
male,32-33,6,-0.1425792420669703,-0.1426159588980018,-0.1437319793262975
male,32-33,7,-0.4982567173621878,-0.4981999924062491,-0.4993160128345448
male,32-33,8,-0.81868179545016,-0.8186233338574066,-0.8197393542857023
male,32-33,9,-1.0773670682654304,-1.077266000793522,-1.0783820212218176
male,32-33,10,-1.0895200028941616,-1.0896607081263354,-1.090776728554631
male,32-33,11,-1.6974088859462289,-1.6970858611697026,-1.6982018815979982
male,32-33,12,-1.607240907704011,-1.6073637213947267,-1.6084797418230223
male,32-33,13,-1.9601116809065486,-1.959994005187216,-1.9611100256155116
male,32-33,14,-2.0628761564513747,-2.062851972430983,-2.0639679928592787
male,32-33,15,-2.113114696532562,-2.1131978320757723,-2.114313852504068
male,32-33,16,-2.4770863843881012,-2.477044874349475,-2.4781608947777705
male,32-33,17,-2.845058885488455,-2.8448664719946217,-2.8459824924229173
male,32-33,18,-2.720859576232837,-2.721037127349572,-2.7221531477778678
male,32-33,19,-3.279391972186635,-3.2790652797537483,-3.280181300182044
male,32-33,20,-3.0910968410898247,-3.0912862530209817,-3.0924022734492773
male,32-33,21,-3.603484614955367,-3.603431648045003,-3.6045476684732987
male,32-33,22,-4.324550303436465,-4.323902309285073,-4.325018329713369
male,32-33,23,-3.6985042238526087,-3.6988755139338445,-3.69999153436214
male,32-33,24,-4.710558801522047,-4.70963858300626,-4.710754603434556
male,32-33,25,-4.024887722614106,-4.025211115487793,-4.026327135916089
male,32-33,26,-4.687586634750868,-4.687434525731689,-4.688550546159985
male,32-33,27,-5.301646974783366,-5.301500225870883,-5.302616246299179
male,32-33,28,-5.781672153331027,-5.780736943620209,-5.781852964048505
male,32-33,29,-4.620860346112324,-4.621186919968044,-4.62230294039634
male,32-33,30,-4.966300678172786,-4.966326577546544,-4.9674425979748404
male,32-33,31,-5.668970470415818,-5.668760593306477,-5.669876613734773
male,32-33,32,-6.201954678971359,-6.201788371165978,-6.202904391594274
male,32-33,33,-6.459036817418929,-6.457331699516951,-6.458447719945247
male,32-33,34,-4.6940144256008605,-4.694531601677985,-4.695647622106281
male,32-33,35,-5.9748792217168845,-5.974324715376348,-5.975440735804644
male,32-33,36,-9.210340371976182,-9.210340371976182,-9.211456392404477
male,32-33,37,-9.210340371976182,-9.210340371976182,-9.211456392404477
male,32-33,38,-9.210340371976182,-9.210340371976182,-9.211456392404477
male,32-33,39,-9.210340371976182,-9.210340371976182,-9.211456392404477
male,32-33,40,-9.210340371976182,-9.210340371976182,-9.211456392404477
male,32-33,41,-9.210340371976182,-9.210340371976182,-9.211456392404477
male,32-33,42,-9.210340371976182,-9.210340371976182,-9.211456392404477
male,32-33,43,-9.210340371976182,-9.210340371976182,-9.211456392404477
male,32-33,44,-9.210340371976182,-9.210340371976182,-9.211456392404477
male,32-33,45,-9.210340371976182,-9.210340371976182,-9.211456392404477
male,32-33,46,-9.210340371976182,-9.210340371976182,-9.211456392404477
male,32-33,47,-9.210340371976182,-9.210340371976182,-9.211456392404477
male,32-33,48,-9.210340371976182,-9.210340371976182,-9.211456392404477
male,32-33,49,-9.210340371976182,-9.210340371976182,-9.211456392404477
male,32-33,50,-9.210340371976182,-9.210340371976182,-9.211456392404477
male,32-33,51,-9.210340371976182,-9.210340371976182,-9.211456392404477
male,32-33,52,-9.210340371976182,-9.210340371976182,-9.211456392404477
male,34-35,-52,-9.210340371976182,-9.210340371976182,-9.210866996854456
male,34-35,-51,-9.210340371976182,-9.210340371976182,-9.210866996854456
male,34-35,-50,-9.210340371976182,-9.210340371976182,-9.210866996854456
male,34-35,-49,-9.210340371976182,-9.210340371976182,-9.210866996854456
male,34-35,-48,-9.210340371976182,-9.210340371976182,-9.210866996854456
male,34-35,-47,-9.210340371976182,-9.210340371976182,-9.210866996854456
male,34-35,-46,-9.210340371976182,-9.210340371976182,-9.210866996854456
male,34-35,-45,-9.210340371976182,-9.210340371976182,-9.210866996854456
male,34-35,-44,-9.210340371976182,-9.210340371976182,-9.210866996854456
male,34-35,-43,-9.210340371976182,-9.210340371976182,-9.210866996854456
male,34-35,-42,-9.210340371976182,-9.210340371976182,-9.210866996854456
male,34-35,-41,-9.210340371976182,-9.210340371976182,-9.210866996854456
male,34-35,-40,-9.210340371976182,-9.210340371976182,-9.210866996854456
male,34-35,-39,-9.210340371976182,-9.210340371976182,-9.210866996854456
male,34-35,-38,-9.210340371976182,-9.210340371976182,-9.210866996854456
male,34-35,-37,-9.210340371976182,-9.210340371976182,-9.210866996854456
male,34-35,-36,-9.210340371976182,-9.210340371976182,-9.210866996854456
male,34-35,-35,-9.210340371976182,-9.210340371976182,-9.210866996854456
male,34-35,-34,-9.210340371976182,-9.210340371976182,-9.210866996854456
male,34-35,-33,-9.210340371976182,-9.210340371976182,-9.210866996854456
male,34-35,-32,-9.210340371976182,-9.210340371976182,-9.210866996854456
male,34-35,-31,-9.210340371976182,-9.210340371976182,-9.210866996854456
male,34-35,-30,-9.210340371976182,-9.210340371976182,-9.210866996854456
male,34-35,-29,-9.210340371976182,-9.210340371976182,-9.210866996854456
male,34-35,-28,-9.210340371976182,-9.210340371976182,-9.210866996854456
male,34-35,-27,-9.210340371976182,-9.210340371976182,-9.210866996854456
male,34-35,-26,-9.210340371976182,-6.273738831550313,-6.274265456428587
male,34-35,-25,-9.210340371976182,-6.273738831550313,-6.274265456428587
male,34-35,-24,-9.210340371976182,-6.273738831550313,-6.274265456428587
male,34-35,-23,-9.210340371976182,-6.273738831550313,-6.274265456428587
male,34-35,-22,-9.210340371976182,-6.273738831550313,-6.274265456428587
male,34-35,-21,-9.210340371976182,-6.273738831550313,-6.274265456428587
male,34-35,-20,-9.210340371976182,-6.273738831550313,-6.274265456428587
male,34-35,-19,-9.210340371976182,-6.273738831550313,-6.274265456428587
male,34-35,-18,-9.210340371976182,-6.273738831474787,-6.274265456353061
male,34-35,-17,-6.273739542204859,-6.273068352136259,-6.273594977014533
male,34-35,-16,-5.560430814892582,-5.560025090887279,-5.560551715765553
male,34-35,-15,-4.6411646339138075,-4.640819292842534,-4.641345917720808
male,34-35,-14,-3.6662517536857266,-3.666077883952524,-3.666604508830798
male,34-35,-13,-2.9090529493678985,-2.909016303096721,-2.9095429279749947
male,34-35,-12,-2.4230716808735817,-2.4230679555290413,-2.423594580407315
male,34-35,-11,-2.0896879247872038,-2.0894363425030185,-2.0899629673812923
male,34-35,-10,-1.3611365083583995,-1.361108167880654,-1.3616347927589278
male,34-35,-9,-0.8644869344927487,-0.8644425516605698,-0.8649691765388438
male,34-35,-8,-0.4112970377223634,-0.41123937048357007,-0.41176599536184394
male,34-35,-7,0.05580038474900661,0.05579380064929435,0.05526717577102048
male,34-35,-6,0.39481275055162673,0.39489378045281626,0.3943671555745424
male,34-35,-5,0.849512406633123,0.8495209648377503,0.8489943399594764
male,34-35,-4,1.208766222735504,1.2087912808661165,1.2082646559878427
male,34-35,-3,1.566833696120754,1.5668034446774142,1.5662768197991404
male,34-35,-2,1.7922106591045317,1.792211041039856,1.7916844161615821
male,34-35,-1,1.99580088830178,1.9957694220464604,1.9952427971681865
male,34-35,0,2.0945332043868645,2.0943793903037906,2.093852765425517
male,34-35,1,1.6058946488510002,1.6059934720392044,1.6054668471609306
male,34-35,2,1.0912085388886903,1.0913436879212763,1.0908170630430025
male,34-35,3,0.7043437186996995,0.7044169109106341,0.7038902860323601
male,34-35,4,0.37794219382388194,0.3780022319200531,0.37747560704177924
male,34-35,5,0.13078549207596982,0.13077322284593815,0.13024659796766427
male,34-35,6,-0.26363981675338954,-0.2634932127822859,-0.26401983766055975
male,34-35,7,-0.3259501704166824,-0.3260549201518306,-0.32658154503010445
male,34-35,8,-0.8111018162522615,-0.8108939880908372,-0.8114206129691112
male,34-35,9,-0.82441186769763,-0.824489455156246,-0.82501608003452
male,34-35,10,-1.1160538485065585,-1.1159838786903287,-1.1165105035686025
male,34-35,11,-1.271343180967485,-1.271370250133625,-1.2718968750118989
male,34-35,12,-1.5752438304796461,-1.5751712121576107,-1.5756978370358845
male,34-35,13,-1.7362937133557075,-1.73632525638669,-1.7368518812649638
male,34-35,14,-2.0459187585150262,-2.0458886375271303,-2.046415262405404
male,34-35,15,-2.3474824986259115,-2.347450631333245,-2.347977256211519
male,34-35,16,-2.62605636339222,-2.6260154158862665,-2.6265420407645403
male,34-35,17,-2.8467223628269753,-2.846764493049433,-2.847291117927707
male,34-35,18,-3.3087795413228993,-3.3085345962772603,-3.309061221155534
male,34-35,19,-3.169594747821772,-3.169663828099713,-3.170190452977987
male,34-35,20,-3.2534190012703377,-3.2534759364976686,-3.2540025613759425
male,34-35,21,-3.557430607407002,-3.5574675051789195,-3.5579941300571933
male,34-35,22,-4.1779536356008835,-4.177763507666746,-4.17829013254502
male,34-35,23,-4.493723491030658,-4.493702178546138,-4.494228803424412
male,34-35,24,-4.840102297701271,-4.840086144667293,-4.840612769545567
male,34-35,25,-5.264177677168212,-5.263663718560235,-5.264190343438509
male,34-35,26,-4.565645352393119,-4.566028927871275,-4.566555552749549
male,34-35,27,-5.632871246639286,-5.631940777697554,-5.632467402575828
male,34-35,28,-5.016742571704529,-5.0170395387811215,-5.017566163659396
male,34-35,29,-5.5786231714995544,-5.577915664660883,-5.578442289539157
male,34-35,30,-4.720966129164544,-4.721382367040138,-4.721908991918412
male,34-35,31,-5.843696009357812,-5.843032390870169,-5.843559015748443
male,34-35,32,-5.982005924899327,-5.982049713758854,-5.982576338637128
male,34-35,33,-6.3193983487288,-6.319307216334104,-6.319833841212378
male,34-35,34,-6.468314100468709,-6.467039005966152,-6.467565630844426
male,34-35,35,-4.936262719308602,-4.936691371046475,-4.937217995924749
male,34-35,36,-9.210340371976182,-9.210340371976182,-9.210866996854456
male,34-35,37,-9.210340371976182,-9.210340371976182,-9.210866996854456
male,34-35,38,-9.210340371976182,-9.210340371976182,-9.210866996854456
male,34-35,39,-9.210340371976182,-9.210340371976182,-9.210866996854456
male,34-35,40,-9.210340371976182,-9.210340371976182,-9.210866996854456
male,34-35,41,-9.210340371976182,-9.210340371976182,-9.210866996854456
male,34-35,42,-9.210340371976182,-9.210340371976182,-9.210866996854456
male,34-35,43,-9.210340371976182,-9.210340371976182,-9.210866996854456
male,34-35,44,-9.210340371976182,-9.210340371976182,-9.210866996854456
male,34-35,45,-9.210340371976182,-9.210340371976182,-9.210866996854456
male,34-35,46,-9.210340371976182,-9.210340371976182,-9.210866996854456
male,34-35,47,-9.210340371976182,-9.210340371976182,-9.210866996854456
male,34-35,48,-9.210340371976182,-9.210340371976182,-9.210866996854456
male,34-35,49,-9.210340371976182,-9.210340371976182,-9.210866996854456
male,34-35,50,-9.210340371976182,-9.210340371976182,-9.210866996854456
male,34-35,51,-9.210340371976182,-9.210340371976182,-9.210866996854456
male,34-35,52,-9.210340371976182,-9.210340371976182,-9.210866996854456
male,36-37,-52,-9.210340371976182,-9.210340371976182,-9.210630602135739
male,36-37,-51,-9.210340371976182,-9.210340371976182,-9.210630602135739
male,36-37,-50,-9.210340371976182,-9.210340371976182,-9.210630602135739
male,36-37,-49,-9.210340371976182,-9.210340371976182,-9.210630602135739
male,36-37,-48,-9.210340371976182,-9.210340371976182,-9.210630602135739
male,36-37,-47,-9.210340371976182,-9.210340371976182,-9.210630602135739
male,36-37,-46,-9.210340371976182,-9.210340371976182,-9.210630602135739
male,36-37,-45,-9.210340371976182,-9.210340371976182,-9.210630602135739
male,36-37,-44,-9.210340371976182,-9.210340371976182,-9.210630602135739
male,36-37,-43,-9.210340371976182,-9.210340371976182,-9.210630602135739
male,36-37,-42,-9.210340371976182,-9.210340371976182,-9.210630602135739
male,36-37,-41,-9.210340371976182,-9.210340371976182,-9.210630602135739
male,36-37,-40,-9.210340371976182,-9.210340371976182,-9.210630602135739
male,36-37,-39,-9.210340371976182,-9.210340371976182,-9.210630602135739
male,36-37,-38,-9.210340371976182,-9.210340371976182,-9.210630602135739
male,36-37,-37,-9.210340371976182,-9.210340371976182,-9.210630602135739
male,36-37,-36,-9.210340371976182,-9.210340371976182,-9.210630602135739
male,36-37,-35,-9.210340371976182,-9.210340371976182,-9.210630602135739
male,36-37,-34,-9.210340371976182,-9.210340371976182,-9.210630602135739
male,36-37,-33,-9.210340371976182,-9.210340371976182,-9.210630602135739
male,36-37,-32,-9.210340371976182,-9.210340371976182,-9.210630602135739
male,36-37,-31,-9.210340371976182,-9.210340371976182,-9.210630602135739
male,36-37,-30,-9.210340371976182,-9.210340371976182,-9.210630602135739
male,36-37,-29,-9.210340371976182,-9.210340371976182,-9.210630602135739
male,36-37,-28,-9.210340371976182,-6.941804980084637,-6.942095210244194
male,36-37,-27,-9.210340371976182,-6.941804980084637,-6.942095210244194
male,36-37,-26,-9.210340371976182,-6.941804980084637,-6.942095210244194
male,36-37,-25,-9.210340371976182,-6.941804980084637,-6.942095210244194
male,36-37,-24,-9.210340371976182,-6.941804980084637,-6.942095210244194
male,36-37,-23,-9.210340371976182,-6.941804980084637,-6.942095210244194
male,36-37,-22,-9.210340371976182,-6.941804980084637,-6.942095210244194
male,36-37,-21,-9.210340371976182,-6.941804980084637,-6.942095210244194
male,36-37,-20,-9.210340371976182,-6.9418049797852825,-6.942095209944839
male,36-37,-19,-6.941804980083607,-6.939150157828058,-6.939440387987615
male,36-37,-18,-5.321370633546212,-5.320536522430886,-5.320826752590443
male,36-37,-17,-3.9403869390035435,-3.940575787183454,-3.9408660173430112
male,36-37,-16,-3.751915722461737,-3.751603875708378,-3.7518941058679354
male,36-37,-15,-3.0110202112774798,-3.011172918028648,-3.0114631481882053
male,36-37,-14,-2.948321181968785,-2.9481809512101655,-2.948471181369723
male,36-37,-13,-2.551307273178323,-2.5511336546404526,-2.55142388480001
male,36-37,-12,-1.9193420227414468,-1.9193111795436257,-1.919601409703183
male,36-37,-11,-1.4487747018691142,-1.448596868944793,-1.4488870991043503
male,36-37,-10,-0.7647868285146633,-0.7648530004716222,-0.7651432306311794
male,36-37,-9,-0.4630154632266132,-0.462941634474974,-0.4632318646345312
male,36-37,-8,-0.03521110127320547,-0.03520185202131336,-0.03549208218087058
male,36-37,-7,0.3162915226097517,0.3163530501488095,0.3160628199892523
male,36-37,-6,0.7381731161669947,0.7381731419372163,0.7378829117776591
male,36-37,-5,1.0745948161597092,1.0745885984647434,1.074298368305186
male,36-37,-4,1.3473271353406306,1.3473321850844806,1.3470419549249233
male,36-37,-3,1.5974554348629297,1.597464707552932,1.5971744773933747
male,36-37,-2,1.840634159928896,1.8406270146483354,1.8403367844887781
male,36-37,-1,2.039461749434303,2.0394072144738566,2.0391169843142993
male,36-37,0,2.0704273680381484,2.070285215309889,2.069994985150332
male,36-37,1,1.5524983824777618,1.5526236525092587,1.5523334223497014
male,36-37,2,1.1446709260605157,1.1447464472232944,1.1444562170637371
male,36-37,3,0.8005749936395086,0.8006059892280387,0.8003157590684815
male,36-37,4,0.407853393580009,0.4079472061903401,0.4076569760307829
male,36-37,5,0.1632186156323684,0.16323720591889931,0.16294697575934208
male,36-37,6,-0.1000772879860017,-0.10003705411955052,-0.10032728427910774
male,36-37,7,-0.31032271650250876,-0.31028691547482984,-0.31057714563438704
male,36-37,8,-0.457969978074854,-0.45798215409032994,-0.45827238424988714
male,36-37,9,-0.687125701266037,-0.6871170193879863,-0.6874072495475435
male,36-37,10,-0.9680405941956159,-0.9680505370801961,-0.9683407672397533
male,36-37,11,-1.4155302722050411,-1.4153142971619206,-1.415604527321478
male,36-37,12,-1.3380597024470529,-1.3381778720545232,-1.3384681022140805
male,36-37,13,-1.6520720058099054,-1.652049746575844,-1.6523399767354012
male,36-37,14,-1.9880663716984017,-1.9880521306624104,-1.9883423608219677
male,36-37,15,-2.4242757436182876,-2.42408118511953,-2.4243714152790874
male,36-37,16,-2.3960991283445106,-2.396236365571179,-2.3965265957307365
male,36-37,17,-2.868560240654591,-2.868441338577484,-2.8687315687370414
male,36-37,18,-3.1446655614224417,-3.144657833791836,-3.1449480639513934
male,36-37,19,-3.4993412681236857,-3.4993709712332883,-3.4996612013928456
male,36-37,20,-4.210792748901483,-4.210287733134861,-4.210577963294418
male,36-37,21,-3.823500543639312,-3.823765883618381,-3.8240561137779383
male,36-37,22,-4.460547368153949,-4.459794942859548,-4.460085173019105
male,36-37,23,-3.620223312538489,-3.620565713330605,-3.620855943490162
male,36-37,24,-4.252665036925589,-4.252621325530171,-4.252911555689728
male,36-37,25,-5.626558102715373,-5.624937549874656,-5.625227780034213
male,36-37,26,-4.574772451751723,-4.574928546280228,-4.575218776439785
male,36-37,27,-4.40255367579329,-4.402673797074712,-4.402964027234269
male,36-37,28,-4.625740904258069,-4.6259840424973016,-4.626274272656858
male,36-37,29,-9.420765630732712,-9.210340371976182,-9.210630602135739
male,36-37,30,-8.918276870543014,-8.91122913427303,-8.911519364432587
male,36-37,31,-5.793592272898233,-5.793751070715807,-5.794041300875364
male,36-37,32,-5.38770724696441,-5.388133995218521,-5.388424225378078
male,36-37,33,-8.063569461558473,-8.058770635809598,-8.059060865969155
male,36-37,34,-7.062340755400437,-7.062760692639002,-7.063050922798559
male,36-37,35,-9.210340371976182,-7.06234075544799,-7.062630985607547
male,36-37,36,-9.210340371976182,-7.062340755400711,-7.062630985560268
male,36-37,37,-9.210340371976182,-7.062340755400711,-7.062630985560268
male,36-37,38,-9.210340371976182,-7.062340755400711,-7.062630985560268
male,36-37,39,-9.210340371976182,-7.062340755400711,-7.062630985560268
male,36-37,40,-9.210340371976182,-7.062340755400711,-7.062630985560268
male,36-37,41,-9.210340371976182,-7.062340755400711,-7.062630985560268
male,36-37,42,-9.210340371976182,-7.062340755400711,-7.062630985560268
male,36-37,43,-9.210340371976182,-7.062340755400711,-7.062630985560268
male,36-37,44,-9.210340371976182,-9.210340371976182,-9.210630602135739
male,36-37,45,-9.210340371976182,-9.210340371976182,-9.210630602135739
male,36-37,46,-9.210340371976182,-9.210340371976182,-9.210630602135739
male,36-37,47,-9.210340371976182,-9.210340371976182,-9.210630602135739
male,36-37,48,-9.210340371976182,-9.210340371976182,-9.210630602135739
male,36-37,49,-9.210340371976182,-9.210340371976182,-9.210630602135739
male,36-37,50,-9.210340371976182,-9.210340371976182,-9.210630602135739
male,36-37,51,-9.210340371976182,-9.210340371976182,-9.210630602135739
male,36-37,52,-9.210340371976182,-9.210340371976182,-9.210630602135739
male,38-39,-52,-9.210340371976182,-9.210340371976182,-9.210713462466252
male,38-39,-51,-9.210340371976182,-9.210340371976182,-9.210713462466252
male,38-39,-50,-9.210340371976182,-9.210340371976182,-9.210713462466252
male,38-39,-49,-9.210340371976182,-9.210340371976182,-9.210713462466252
male,38-39,-48,-9.210340371976182,-9.210340371976182,-9.210713462466252
male,38-39,-47,-9.210340371976182,-9.210340371976182,-9.210713462466252
male,38-39,-46,-9.210340371976182,-9.210340371976182,-9.210713462466252
male,38-39,-45,-9.210340371976182,-9.210340371976182,-9.210713462466252
male,38-39,-44,-9.210340371976182,-9.210340371976182,-9.210713462466252
male,38-39,-43,-9.210340371976182,-9.210340371976182,-9.210713462466252
male,38-39,-42,-9.210340371976182,-9.210340371976182,-9.210713462466252
male,38-39,-41,-9.210340371976182,-9.210340371976182,-9.210713462466252
male,38-39,-40,-9.210340371976182,-9.210340371976182,-9.210713462466252
male,38-39,-39,-9.210340371976182,-9.210340371976182,-9.210713462466252
male,38-39,-38,-9.210340371976182,-9.210340371976182,-9.210713462466252
male,38-39,-37,-9.210340371976182,-9.210340371976182,-9.210713462466252
male,38-39,-36,-9.210340371976182,-9.210340371976182,-9.210713462466252
male,38-39,-35,-9.210340371976182,-9.210340371976182,-9.210713462466252
male,38-39,-34,-9.210340371976182,-9.210340371976182,-9.210713462466252
male,38-39,-33,-9.210340371976182,-9.210340371976182,-9.210713462466252
male,38-39,-32,-9.210340371976182,-9.210340371976182,-9.210713462466252
male,38-39,-31,-9.210340371976182,-9.210340371976182,-9.210713462466252
male,38-39,-30,-9.210340371976182,-8.32367807612057,-8.32405116661064
male,38-39,-29,-9.210340371976182,-8.32367807612057,-8.32405116661064
male,38-39,-28,-9.210340371976182,-8.32367807612057,-8.32405116661064
male,38-39,-27,-9.210340371976182,-8.32367807612057,-8.32405116661064
male,38-39,-26,-9.210340371976182,-8.32367807612057,-8.32405116661064
male,38-39,-25,-9.210340371976182,-8.32367807612057,-8.32405116661064
male,38-39,-24,-9.210340371976182,-8.32367807612057,-8.32405116661064
male,38-39,-23,-9.210340371976182,-8.32367807612057,-8.32405116661064
male,38-39,-22,-9.210340371976182,-8.323678075375305,-8.324051165865376
male,38-39,-21,-8.323678806473144,-8.317081704211915,-8.317454794701986
male,38-39,-20,-5.915061748483566,-5.914583861503435,-5.914956951993506
male,38-39,-19,-4.8343386122314564,-4.834392345284673,-4.834765435774744
male,38-39,-18,-4.414151385747819,-4.413666120241428,-4.414039210731499
male,38-39,-17,-3.3884893756348826,-3.388423558326851,-3.388796648816922
male,38-39,-16,-2.7841432415563188,-2.7842262721347013,-2.7845993626247725
male,38-39,-15,-2.59754218581557,-2.59743526373738,-2.597808354227451
male,38-39,-14,-2.1870121507243963,-2.1869245196345153,-2.1872976101245865
male,38-39,-13,-1.6964265430303378,-1.6964425076051064,-1.6968155980951776
male,38-39,-12,-1.376379262819951,-1.3762887150242047,-1.3766618055142759
male,38-39,-11,-0.908520136601951,-0.9084311589913071,-0.9088042494813782
male,38-39,-10,-0.3725845096179977,-0.3726343901485591,-0.3730074806386302
male,38-39,-9,-0.10361529092686017,-0.10356438184871931,-0.10393747233879043
male,38-39,-8,0.24784257406962917,0.24788227718709088,0.24750918669701977
male,38-39,-7,0.6340944264044273,0.6340719211444316,0.6336988306543605
male,38-39,-6,0.8963946209349698,0.8964480432924488,0.8960749528023777
male,38-39,-5,1.2506487755539435,1.2506282582501878,1.2502551677601166
male,38-39,-4,1.485627141619282,1.485636396702813,1.4852633062127418
male,38-39,-3,1.7186286405973485,1.7185984505274325,1.7182253600373614
male,38-39,-2,1.8470302953404274,1.8470510026858127,1.8466779121957415
male,38-39,-1,2.0235759799791375,2.0235251907685154,2.0231521002784443
male,38-39,0,2.0371659138057074,2.0370319401787524,2.0366588496886813
male,38-39,1,1.546730553525535,1.546824421251503,1.5464513307614318
male,38-39,2,1.097233168940022,1.0973324654222587,1.0969593749321875
male,38-39,3,0.7502681211386628,0.750327662449414,0.7499545719593429
male,38-39,4,0.4582991556594368,0.45833487412682783,0.4579617836367567
male,38-39,5,0.1770398404868188,0.17706979412251034,0.17669670363243922
male,38-39,6,-0.11474018210320842,-0.1146693085264212,-0.11504239901649231
male,38-39,7,-0.26690696877070874,-0.26692868595870484,-0.26730177644877595
male,38-39,8,-0.5437723010394773,-0.5437487552521041,-0.5441218457421751
male,38-39,9,-0.8422494956565246,-0.8421439230017652,-0.8425170134918363
male,38-39,10,-0.8764005885784176,-0.8764887992206689,-0.87686188971074
male,38-39,11,-1.2177946410847487,-1.2177107090542008,-1.218083799544272
male,38-39,12,-1.3714674347795226,-1.3715095242747395,-1.3718826147648107
male,38-39,13,-1.7192289697730183,-1.7191954318166904,-1.7195685223067616
male,38-39,14,-2.099072798744517,-2.098981427054328,-2.0993545175443993
male,38-39,15,-2.298788758348378,-2.298752103907226,-2.299125194397297
male,38-39,16,-2.4164188909200757,-2.4164598671398854,-2.4168329576299565
male,38-39,17,-2.706592079787038,-2.706583547010873,-2.706956637500944
male,38-39,18,-3.078955683469879,-3.078846000335383,-3.079219090825454
male,38-39,19,-3.200658535492824,-3.2006602839724625,-3.2010333744625337
male,38-39,20,-3.340323570284467,-3.3404332083760044,-3.3408062988660756
male,38-39,21,-3.952017582281621,-3.9516725875563625,-3.9520456780464337
male,38-39,22,-3.758299050853905,-3.758519147449076,-3.758892237939147
male,38-39,23,-4.4311900822813675,-4.430941112058391,-4.431314202548462
male,38-39,24,-4.691682967359213,-4.691578768938832,-4.691951859428904
male,38-39,25,-4.681174368017894,-4.681265380452787,-4.6816384709428585
male,38-39,26,-4.9886042800410735,-4.988623964175266,-4.9889970546653375
male,38-39,27,-5.549813211644298,-5.549259281107878,-5.549632371597949
male,38-39,28,-4.909232667298529,-4.909715127331818,-4.910088217821889
male,38-39,29,-8.553655018554357,-8.539494539752525,-8.539867630242595
male,38-39,30,-6.781804641553119,-6.781387011857888,-6.781760102347959
male,38-39,31,-5.657250582931866,-5.657646125838813,-5.658019216328884
male,38-39,32,-9.210340371976182,-9.210340371976182,-9.210713462466252
male,38-39,33,-9.210340371976182,-9.210340371976182,-9.210713462466252
male,38-39,34,-9.210340371976182,-9.210340371976182,-9.210713462466252
male,38-39,35,-9.210340371976182,-9.210340371976182,-9.210713462466252
male,38-39,36,-9.210340371976182,-9.210340371976182,-9.210713462466252
male,38-39,37,-9.210340371976182,-9.210340371976182,-9.210713462466252
male,38-39,38,-9.210340371976182,-9.210340371976182,-9.210713462466252
male,38-39,39,-9.210340371976182,-9.210340371976182,-9.210713462466252
male,38-39,40,-9.210340371976182,-9.210340371976182,-9.210713462466252
male,38-39,41,-9.210340371976182,-9.210340371976182,-9.210713462466252
male,38-39,42,-9.210340371976182,-9.210340371976182,-9.210713462466252
male,38-39,43,-9.210340371976182,-9.210340371976182,-9.210713462466252
male,38-39,44,-9.210340371976182,-9.210340371976182,-9.210713462466252
male,38-39,45,-9.210340371976182,-9.210340371976182,-9.210713462466252
male,38-39,46,-9.210340371976182,-9.210340371976182,-9.210713462466252
male,38-39,47,-9.210340371976182,-9.210340371976182,-9.210713462466252
male,38-39,48,-9.210340371976182,-9.210340371976182,-9.210713462466252
male,38-39,49,-9.210340371976182,-9.210340371976182,-9.210713462466252
male,38-39,50,-9.210340371976182,-9.210340371976182,-9.210713462466252
male,38-39,51,-9.210340371976182,-9.210340371976182,-9.210713462466252
male,38-39,52,-9.210340371976182,-9.210340371976182,-9.210713462466252
male,40-42,-52,-9.210340371976182,-9.210340371976182,-9.210568472430472
male,40-42,-51,-9.210340371976182,-9.210340371976182,-9.210568472430472
male,40-42,-50,-9.210340371976182,-9.210340371976182,-9.210568472430472
male,40-42,-49,-9.210340371976182,-9.210340371976182,-9.210568472430472
male,40-42,-48,-9.210340371976182,-9.210340371976182,-9.210568472430472
male,40-42,-47,-9.210340371976182,-9.210340371976182,-9.210568472430472
male,40-42,-46,-9.210340371976182,-9.210340371976182,-9.210568472430472
male,40-42,-45,-9.210340371976182,-9.210340371976182,-9.210568472430472
male,40-42,-44,-9.210340371976182,-9.210340371976182,-9.210568472430472
male,40-42,-43,-9.210340371976182,-9.210340371976182,-9.210568472430472
male,40-42,-42,-9.210340371976182,-9.210340371976182,-9.210568472430472
male,40-42,-41,-9.210340371976182,-9.210340371976182,-9.210568472430472
male,40-42,-40,-9.210340371976182,-9.210340371976182,-9.210568472430472
male,40-42,-39,-9.210340371976182,-9.210340371976182,-9.210568472430472
male,40-42,-38,-9.210340371976182,-9.210340371976182,-9.210568472430472
male,40-42,-37,-9.210340371976182,-9.210340371976182,-9.210568472430472
male,40-42,-36,-9.210340371976182,-9.210340371976182,-9.210568472430472
male,40-42,-35,-9.210340371976182,-9.210340371976182,-9.210568472430472
male,40-42,-34,-9.210340371976182,-9.210340371976182,-9.210568472430472
male,40-42,-33,-9.210340371976182,-4.831231817153736,-4.831459917608026
male,40-42,-32,-9.210340371976182,-4.831231817153736,-4.831459917608026
male,40-42,-31,-9.210340371976182,-4.831231817153736,-4.831459917608026
male,40-42,-30,-9.210340371976182,-4.831231817153736,-4.831459917608026
male,40-42,-29,-9.210340371976182,-4.831231817153736,-4.831459917608026
male,40-42,-28,-9.210340371976182,-4.831231817153736,-4.831459917608026
male,40-42,-27,-9.210340371976182,-4.831231817153736,-4.831459917608026
male,40-42,-26,-9.210340371976182,-4.831231817153736,-4.831459917608026
male,40-42,-25,-9.210340371976182,-4.831231817201203,-4.8314599176554935
male,40-42,-24,-4.8312323244655335,-4.8316534339159825,-4.831881534370273
male,40-42,-23,-5.86600378093853,-5.865428638952496,-5.865656739406786
male,40-42,-22,-5.448357603355582,-5.44820729066599,-5.44843539112028
male,40-42,-21,-4.92276607794324,-4.922614346031499,-4.922842446485789
male,40-42,-20,-4.292808084440009,-4.292786515378556,-4.293014615832846
male,40-42,-19,-3.862884329968712,-3.862652083284306,-3.8628801837385955
male,40-42,-18,-3.1409564595029047,-3.141002757711712,-3.1412308581660016
male,40-42,-17,-2.809841183442749,-2.8098563904348466,-2.8100844908891363
male,40-42,-16,-2.5843580986606427,-2.584027288116677,-2.5842553885709667
male,40-42,-15,-1.7689764417660527,-1.7690563033318754,-1.7692844037861652
male,40-42,-14,-1.4550961311820763,-1.4550777619078699,-1.4553058623621598
male,40-42,-13,-1.1446265945075726,-1.1445537156958805,-1.1447818161501704
male,40-42,-12,-0.7209530537779737,-0.7209308356265867,-0.7211589360808764
male,40-42,-11,-0.34404989613836495,-0.3440061452937301,-0.34423424574801986
male,40-42,-10,0.056940078259438795,0.0568912112672139,0.056663110812924106
male,40-42,-9,0.25571656979519264,0.25576600270073535,0.25553790224644557
male,40-42,-8,0.5643221522850032,0.5643235965208261,0.5640954960665363
male,40-42,-7,0.8263681724463932,0.8263988453178909,0.8261707448636011
male,40-42,-6,1.1287770824142105,1.1287638775307278,1.128535777076438
male,40-42,-5,1.351209341347559,1.3512136042998173,1.3509855038455274
male,40-42,-4,1.560389687007527,1.560386220854191,1.560158120399901
male,40-42,-3,1.7354450804719055,1.7354362638063723,1.7352081633520824
male,40-42,-2,1.8651574948583696,1.8651398200585882,1.8649117196042984
male,40-42,-1,1.9326791608441827,1.9326654043176164,1.9324373038633265
male,40-42,0,1.9567189948950723,1.9565924345884642,1.9563643341341743
male,40-42,1,1.5011777215990951,1.5012654431982666,1.5010373427439767
male,40-42,2,1.0867213688665902,1.0868120382087667,1.0865839377544768
male,40-42,3,0.7873328396273863,0.7873686378165304,0.7871405373622407
male,40-42,4,0.48607685808982853,0.4861576295044183,0.48592952905012854
male,40-42,5,0.35296087476328863,0.3529283740373274,0.3527002735830376
male,40-42,6,0.06934338264116023,0.06938830178009602,0.06916020132580622
male,40-42,7,-0.15162914681510042,-0.15166866872577295,-0.15189676918006276
male,40-42,8,-0.5903578742085058,-0.5902115960861866,-0.5904396965404763
male,40-42,9,-0.6945480691584038,-0.6945373127051754,-0.6947654131594652
male,40-42,10,-0.7742095136452709,-0.7743117241772224,-0.7745398246315122
male,40-42,11,-1.2640410693444872,-1.2638944891791537,-1.2641225896334436
male,40-42,12,-1.4777301900513355,-1.4777591639500305,-1.4779872644043204
male,40-42,13,-1.8643682716356407,-1.864311522371189,-1.864539622825479
male,40-42,14,-2.2237660478788897,-2.2236540849582878,-2.2238821854125774
male,40-42,15,-2.330166381063133,-2.3301682493916576,-2.3303963498459472
male,40-42,16,-2.4537855586477324,-2.453826888537613,-2.4540549889919028
male,40-42,17,-2.7377488332778737,-2.7377260997712516,-2.7379542002255413
male,40-42,18,-3.0188661819784377,-3.0189420324866014,-3.019170132940891
male,40-42,19,-3.781540698680184,-3.7810622016093194,-3.781290302063609
male,40-42,20,-3.5227454840945818,-3.5228951997456894,-3.523123300199979
male,40-42,21,-3.779355906753785,-3.779417986724345,-3.7796460871786346
male,40-42,22,-4.4394439028496135,-4.439209680777466,-4.4394377812317565
male,40-42,23,-4.714387011925325,-4.7143304289076315,-4.714558529361922
male,40-42,24,-4.881614198117931,-4.881386208027734,-4.881614308482024
male,40-42,25,-4.474937900306144,-4.474924633741561,-4.475152734195851
male,40-42,26,-4.151217709070886,-4.151590502198305,-4.151818602652595
male,40-42,27,-6.005615735555287,-6.003347441979084,-6.003575542433374
male,40-42,28,-5.1635098381708655,-5.163918849639546,-5.164146950093836
male,40-42,29,-8.397236338879551,-8.385400728003534,-8.385628828457824
male,40-42,30,-9.210340371976182,-9.210340371976182,-9.210568472430472
male,40-42,31,-9.210340371976182,-9.210340371976182,-9.210568472430472
male,40-42,32,-9.210340371976182,-9.210340371976182,-9.210568472430472
male,40-42,33,-9.210340371976182,-9.210340371976182,-9.210568472430472
male,40-42,34,-9.210340371976182,-9.210340371976182,-9.210568472430472
male,40-42,35,-9.210340371976182,-9.210340371976182,-9.210568472430472
male,40-42,36,-9.210340371976182,-9.210340371976182,-9.210568472430472
male,40-42,37,-9.210340371976182,-9.210340371976182,-9.210568472430472
male,40-42,38,-9.210340371976182,-9.210340371976182,-9.210568472430472
male,40-42,39,-9.210340371976182,-9.210340371976182,-9.210568472430472
male,40-42,40,-9.210340371976182,-9.210340371976182,-9.210568472430472
male,40-42,41,-9.210340371976182,-9.210340371976182,-9.210568472430472
male,40-42,42,-9.210340371976182,-9.210340371976182,-9.210568472430472
male,40-42,43,-9.210340371976182,-9.210340371976182,-9.210568472430472
male,40-42,44,-9.210340371976182,-9.210340371976182,-9.210568472430472
male,40-42,45,-9.210340371976182,-9.210340371976182,-9.210568472430472
male,40-42,46,-9.210340371976182,-9.210340371976182,-9.210568472430472
male,40-42,47,-9.210340371976182,-9.210340371976182,-9.210568472430472
male,40-42,48,-9.210340371976182,-9.210340371976182,-9.210568472430472
male,40-42,49,-9.210340371976182,-9.210340371976182,-9.210568472430472
male,40-42,50,-9.210340371976182,-9.210340371976182,-9.210568472430472
male,40-42,51,-9.210340371976182,-9.210340371976182,-9.210568472430472
male,40-42,52,-9.210340371976182,-9.210340371976182,-9.210568472430472
male,43-45,-52,-9.210340371976182,-9.210340371976182,-9.210413002810869
male,43-45,-51,-9.210340371976182,-9.210340371976182,-9.210413002810869
male,43-45,-50,-9.210340371976182,-9.210340371976182,-9.210413002810869
male,43-45,-49,-9.210340371976182,-9.210340371976182,-9.210413002810869
male,43-45,-48,-9.210340371976182,-9.210340371976182,-9.210413002810869
male,43-45,-47,-9.210340371976182,-9.210340371976182,-9.210413002810869
male,43-45,-46,-9.210340371976182,-9.210340371976182,-9.210413002810869
male,43-45,-45,-9.210340371976182,-9.210340371976182,-9.210413002810869
male,43-45,-44,-9.210340371976182,-9.210340371976182,-9.210413002810869
male,43-45,-43,-9.210340371976182,-9.210340371976182,-9.210413002810869
male,43-45,-42,-9.210340371976182,-9.210340371976182,-9.210413002810869
male,43-45,-41,-9.210340371976182,-9.210340371976182,-9.210413002810869
male,43-45,-40,-9.210340371976182,-9.210340371976182,-9.210413002810869
male,43-45,-39,-9.210340371976182,-9.210340371976182,-9.210413002810869
male,43-45,-38,-9.210340371976182,-9.210340371976182,-9.210413002810869
male,43-45,-37,-9.210340371976182,-9.210340371976182,-9.210413002810869
male,43-45,-36,-9.210340371976182,-4.901343166065256,-4.901415796899943
male,43-45,-35,-9.210340371976182,-4.901343166065256,-4.901415796899943
male,43-45,-34,-9.210340371976182,-4.901343166065256,-4.901415796899943
male,43-45,-33,-9.210340371976182,-4.901343166065256,-4.901415796899943
male,43-45,-32,-9.210340371976182,-4.901343166065256,-4.901415796899943
male,43-45,-31,-9.210340371976182,-4.901343166065256,-4.901415796899943
male,43-45,-30,-9.210340371976182,-4.901343166065256,-4.901415796899943
male,43-45,-29,-9.210340371976182,-4.901343166065256,-4.901415796899943
male,43-45,-28,-9.210340371976182,-4.901343166132249,-4.901415796966935
male,43-45,-27,-4.90134316606437,-4.901938245277335,-4.902010876112021
male,43-45,-26,-7.034420612162876,-7.0286707499599475,-7.028743380794634
male,43-45,-25,-4.7370854858885245,-4.7374107662424825,-4.737483397077169
male,43-45,-24,-5.224607466660588,-5.224138470214119,-5.224211101048805
male,43-45,-23,-4.6594807647885785,-4.659199059149744,-4.65927168998443
male,43-45,-22,-3.829986442747405,-3.8301130292611005,-3.8301856600957866
male,43-45,-21,-3.6505051772584522,-3.6500916636627263,-3.6501642944974124
male,43-45,-20,-2.756940887357726,-2.7570446253692986,-2.7571172562039847
male,43-45,-19,-2.485246382763453,-2.4852539724945655,-2.4853266033292516
male,43-45,-18,-2.272076759541684,-2.2719870241270304,-2.2720596549617165
male,43-45,-17,-1.8676651128708572,-1.8676767016622435,-1.8677493324969296
male,43-45,-16,-1.5739667832014699,-1.573941853374006,-1.574014484208692
male,43-45,-15,-1.2629106672708463,-1.2629076053042219,-1.262980236138908
male,43-45,-14,-0.9929954445948759,-0.9928981549508527,-0.9929707857855388
male,43-45,-13,-0.5384214729916541,-0.5384409784173013,-0.5385136092519874
male,43-45,-12,-0.23362303750671198,-0.23359172388447685,-0.233664354719163
male,43-45,-11,0.10300788537378856,0.10301873975646123,0.10294610892177508
male,43-45,-10,0.405404909367443,0.4053812973208201,0.40530866648613395
male,43-45,-9,0.6015688530027606,0.6015867825421358,0.6015141517074497
male,43-45,-8,0.8294572616707683,0.8294435138290521,0.829370882994366
male,43-45,-7,0.9973579431284747,0.9973992960192326,0.9973266651845465
male,43-45,-6,1.2546214289981243,1.2546074305331476,1.2545347996984615
male,43-45,-5,1.4310595859189483,1.4310565571445262,1.43098392630984
male,43-45,-4,1.5768971889398582,1.5768899150216724,1.5768172841869863
male,43-45,-3,1.6882902919633993,1.6883049342023673,1.6882323033676812
male,43-45,-2,1.8320175244904051,1.8319894054147317,1.8319167745800455
male,43-45,-1,1.8853125023414032,1.8853065968460994,1.8852339660114132
male,43-45,0,1.9206823122843815,1.9205597894973052,1.920487158662619
male,43-45,1,1.5070366515036437,1.5071079527172906,1.5070353218826045
male,43-45,2,1.1202583322000945,1.1203279425018382,1.120255311667152
male,43-45,3,0.7934609270011935,0.7935196431703675,0.7934470123356814
male,43-45,4,0.5512517552829261,0.5512664224255793,0.5511937915908932
male,43-45,5,0.29937477382489847,0.29936926372880684,0.2992966328941207
male,43-45,6,-0.04374323710851724,-0.04364742395814815,-0.04372005479283429
male,43-45,7,-0.16663763355592257,-0.16669494996998174,-0.1667675808046679
male,43-45,8,-0.522383017725689,-0.5222431294941688,-0.522315760328855
male,43-45,9,-0.5313121015692452,-0.5314137391830809,-0.531486370017767
male,43-45,10,-0.9015727156588184,-0.9015137513389005,-0.9015863821735867
male,43-45,11,-1.2157652215714838,-1.215741985862433,-1.215814616697119
male,43-45,12,-1.5706303033664109,-1.5705707602222394,-1.5706433910569255
male,43-45,13,-1.8454331697573547,-1.8454384023787915,-1.8455110332134776
male,43-45,14,-2.227352452314471,-2.227234012856462,-2.227306643691148
male,43-45,15,-2.3284087609151443,-2.3284639447626994,-2.3285365755973855
male,43-45,16,-2.6339494286304785,-2.633915394058555,-2.6339880248932412
male,43-45,17,-2.917124087088379,-2.9171168270648007,-2.917189457899487
male,43-45,18,-3.280796448464263,-3.2807859547160367,-3.280858585550723
male,43-45,19,-3.813623453037184,-3.813385462317565,-3.813458093152251
male,43-45,20,-3.807705176246069,-3.8078117142299495,-3.8078843450646356
male,43-45,21,-4.186031804282525,-4.1859061846628265,-4.185978815497513
male,43-45,22,-4.281548828350122,-4.280784009579024,-4.2808566404137105
male,43-45,23,-3.1145206717768374,-3.1150062756162886,-3.1150789064509747
male,43-45,24,-4.5378252554544245,-4.536784607254352,-4.536857238089038
male,43-45,25,-4.627751427598667,-4.627828278604429,-4.6279009094391155
male,43-45,26,-5.265449335356607,-5.2650907538936735,-5.26516338472836
male,43-45,27,-5.861027201074629,-5.860493595801792,-5.860566226636478
male,43-45,28,-9.210340371976182,-5.861027201014718,-5.861099831849404
male,43-45,29,-9.210340371976182,-5.861027201074823,-5.861099831909509
male,43-45,30,-9.210340371976182,-5.861027201074823,-5.861099831909509
male,43-45,31,-9.210340371976182,-5.861027201074823,-5.861099831909509
male,43-45,32,-9.210340371976182,-5.861027201074823,-5.861099831909509
male,43-45,33,-9.210340371976182,-5.861027201074823,-5.861099831909509
male,43-45,34,-9.210340371976182,-5.861027201074823,-5.861099831909509
male,43-45,35,-9.210340371976182,-5.861027201074823,-5.861099831909509
male,43-45,36,-9.210340371976182,-5.861027201074823,-5.861099831909509
male,43-45,37,-9.210340371976182,-9.210340371976182,-9.210413002810869
male,43-45,38,-9.210340371976182,-9.210340371976182,-9.210413002810869
male,43-45,39,-9.210340371976182,-9.210340371976182,-9.210413002810869
male,43-45,40,-9.210340371976182,-9.210340371976182,-9.210413002810869
male,43-45,41,-9.210340371976182,-9.210340371976182,-9.210413002810869
male,43-45,42,-9.210340371976182,-9.210340371976182,-9.210413002810869
male,43-45,43,-9.210340371976182,-9.210340371976182,-9.210413002810869
male,43-45,44,-9.210340371976182,-9.210340371976182,-9.210413002810869
male,43-45,45,-9.210340371976182,-9.210340371976182,-9.210413002810869
male,43-45,46,-9.210340371976182,-9.210340371976182,-9.210413002810869
male,43-45,47,-9.210340371976182,-9.210340371976182,-9.210413002810869
male,43-45,48,-9.210340371976182,-9.210340371976182,-9.210413002810869
male,43-45,49,-9.210340371976182,-9.210340371976182,-9.210413002810869
male,43-45,50,-9.210340371976182,-9.210340371976182,-9.210413002810869
male,43-45,51,-9.210340371976182,-9.210340371976182,-9.210413002810869
male,43-45,52,-9.210340371976182,-9.210340371976182,-9.210413002810869
male,46-49,-52,-9.210340371976182,-9.210340371976182,-9.210381972410678
male,46-49,-51,-9.210340371976182,-9.210340371976182,-9.210381972410678
male,46-49,-50,-9.210340371976182,-9.210340371976182,-9.210381972410678
male,46-49,-49,-9.210340371976182,-9.210340371976182,-9.210381972410678
male,46-49,-48,-9.210340371976182,-9.210340371976182,-9.210381972410678
male,46-49,-47,-9.210340371976182,-9.210340371976182,-9.210381972410678
male,46-49,-46,-9.210340371976182,-9.210340371976182,-9.210381972410678
male,46-49,-45,-9.210340371976182,-9.210340371976182,-9.210381972410678
male,46-49,-44,-9.210340371976182,-9.210340371976182,-9.210381972410678
male,46-49,-43,-9.210340371976182,-9.210340371976182,-9.210381972410678
male,46-49,-42,-9.210340371976182,-9.210340371976182,-9.210381972410678
male,46-49,-41,-9.210340371976182,-9.210340371976182,-9.210381972410678
male,46-49,-40,-9.210340371976182,-6.022070685137738,-6.022112285572235
male,46-49,-39,-9.210340371976182,-6.022070685137738,-6.022112285572235
male,46-49,-38,-9.210340371976182,-6.022070685137737,-6.022112285572234
male,46-49,-37,-9.210340371976182,-6.022070685137738,-6.022112285572235
male,46-49,-36,-9.210340371976182,-6.022070685137737,-6.022112285572234
male,46-49,-35,-9.210340371976182,-6.022070685137738,-6.022112285572235
male,46-49,-34,-9.210340371976182,-6.022070685137738,-6.022112285572235
male,46-49,-33,-9.210340371976182,-6.022070685137737,-6.022112285572234
male,46-49,-32,-9.210340371976182,-6.022070685167547,-6.022112285602044
male,46-49,-31,-6.022070685136887,-6.022335432603127,-6.022377033037624
male,46-49,-30,-6.532641080633592,-6.5322705847287645,-6.532312185163262
male,46-49,-29,-6.116939650575136,-6.116907629168182,-6.116949229602679
male,46-49,-28,-5.898036783189426,-5.89764102066181,-5.897682621096307
male,46-49,-27,-5.035781530147895,-5.035606526840009,-5.035648127274507
male,46-49,-26,-4.276673943334584,-4.276553228330336,-4.276594828764833
male,46-49,-25,-3.6225563959908524,-3.6226970926630746,-3.622738693097572
male,46-49,-24,-3.5509011695103867,-3.5507755257747178,-3.550817126209215
male,46-49,-23,-3.1704856211831705,-3.170581601542149,-3.170623201976646
male,46-49,-22,-3.1270750458288057,-3.126986892688106,-3.1270284931226033
male,46-49,-21,-2.8461936832603816,-2.8459539073378433,-2.8459955077723404
male,46-49,-20,-2.133855824208304,-2.133976786382213,-2.1340183868167104
male,46-49,-19,-1.9571668134733744,-1.95707038732057,-1.9571119877550671
male,46-49,-18,-1.5597338064635407,-1.5597015231900588,-1.559743123624556
male,46-49,-17,-1.1709150096230814,-1.1709274537502414,-1.1709690541847386
male,46-49,-16,-0.889595567070364,-0.8895754771339222,-0.8896170775684193
male,46-49,-15,-0.5943965587720066,-0.5944162580818412,-0.5944578585163384
male,46-49,-14,-0.3889019885604069,-0.3888638141769235,-0.38890541461142064
male,46-49,-13,-0.10497343640326942,-0.10498844460012867,-0.10503004503462583
male,46-49,-12,0.1009606763357278,0.10101364815763321,0.10097204772313605
male,46-49,-11,0.4169361013443151,0.4169332658110931,0.41689166537659594
male,46-49,-10,0.6692489039512827,0.6692074079456517,0.6691658075111545
male,46-49,-9,0.77351887870817,0.7735593524046743,0.7735177519701771
male,46-49,-8,0.9771450961706206,0.9771420765796808,0.9771004761451836
male,46-49,-7,1.1437425530937324,1.143744317041161,1.1437027166066638
male,46-49,-6,1.2947542376373962,1.2947593310761267,1.2947177306416295
male,46-49,-5,1.444921176482842,1.4449187198166054,1.4448771193821082
male,46-49,-4,1.5744965873848664,1.5744972786776368,1.5744556782431396
male,46-49,-3,1.6960290172971095,1.696020649440389,1.695979049005892
male,46-49,-2,1.7868061231437946,1.7867997441295247,1.7867581436950275
male,46-49,-1,1.8551676229033034,1.8551459807404889,1.8551043803059917
male,46-49,0,1.857593735148226,1.8574763113683035,1.8574347109338063
male,46-49,1,1.4399009617011322,1.4399717070238858,1.4399301065893886
male,46-49,2,1.0926581090727614,1.0927208200362326,1.0926792196017354
male,46-49,3,0.8457087442019369,0.845708076382871,0.8456664759483739
male,46-49,4,0.5258700868429329,0.5259253271303231,0.525883726695826
male,46-49,5,0.2963475447948288,0.29638628957897006,0.29634468914447293
male,46-49,6,0.14517503369486448,0.14516083826621273,0.14511923783171557
male,46-49,7,-0.0820228706822554,-0.08204882208042792,-0.08209042251492508
male,46-49,8,-0.480276449758081,-0.4801810419310191,-0.48022264236551626
male,46-49,9,-0.7008361159946566,-0.700829933048661,-0.7008715334831582
male,46-49,10,-0.950734754238727,-0.9507486239951557,-0.9507902244296529
male,46-49,11,-1.3198898238283119,-1.319819521002263,-1.3198611214367602
male,46-49,12,-1.5648601429768363,-1.564851116189137,-1.5648927166236342
male,46-49,13,-1.8424079273673275,-1.8423777181359882,-1.8424193185704854
male,46-49,14,-2.095384431850692,-2.0953216754644366,-2.095363275898934
male,46-49,15,-2.200359333285743,-2.200454487146659,-2.2004960875811563
male,46-49,16,-2.70649679496376,-2.70624826379446,-2.7062898642289572
male,46-49,17,-2.628794423697621,-2.628967210670241,-2.6290088111047383
male,46-49,18,-3.216360285684036,-3.2159494801634034,-3.2159910805979006
male,46-49,19,-2.863001466616767,-2.8633075834979684,-2.8633491839324656
male,46-49,20,-3.8298808255419043,-3.8292131397473352,-3.8292547401818324
male,46-49,21,-3.5366416983945874,-3.5367026602755787,-3.536744260710076
male,46-49,22,-3.44340912551599,-3.443549919789789,-3.4435915202242864
male,46-49,23,-4.042437858646252,-4.042076071608785,-4.0421176720432825
male,46-49,24,-4.379808588117771,-4.3795427705393895,-4.379584370973887
male,46-49,25,-9.210340371976182,-4.3798085880880055,-4.379850188522503
male,46-49,26,-9.210340371976182,-4.379808588117943,-4.379850188552441
male,46-49,27,-9.210340371976182,-4.379808588117943,-4.379850188552441
male,46-49,28,-9.210340371976182,-4.379808588117943,-4.379850188552441
male,46-49,29,-9.210340371976182,-4.379808588117943,-4.379850188552441
male,46-49,30,-9.210340371976182,-4.379808588117943,-4.379850188552441
male,46-49,31,-9.210340371976182,-4.379808588117943,-4.379850188552441
male,46-49,32,-9.210340371976182,-4.379808588117943,-4.379850188552441
male,46-49,33,-9.210340371976182,-4.379808588117943,-4.379850188552441
male,46-49,34,-9.210340371976182,-9.210340371976182,-9.210381972410678
male,46-49,35,-9.210340371976182,-9.210340371976182,-9.210381972410678
male,46-49,36,-9.210340371976182,-9.210340371976182,-9.210381972410678
male,46-49,37,-9.210340371976182,-9.210340371976182,-9.210381972410678
male,46-49,38,-9.210340371976182,-9.210340371976182,-9.210381972410678
male,46-49,39,-9.210340371976182,-9.210340371976182,-9.210381972410678
male,46-49,40,-9.210340371976182,-9.210340371976182,-9.210381972410678
male,46-49,41,-9.210340371976182,-9.210340371976182,-9.210381972410678
male,46-49,42,-9.210340371976182,-9.210340371976182,-9.210381972410678
male,46-49,43,-9.210340371976182,-9.210340371976182,-9.210381972410678
male,46-49,44,-9.210340371976182,-9.210340371976182,-9.210381972410678
male,46-49,45,-9.210340371976182,-9.210340371976182,-9.210381972410678
male,46-49,46,-9.210340371976182,-9.210340371976182,-9.210381972410678
male,46-49,47,-9.210340371976182,-9.210340371976182,-9.210381972410678
male,46-49,48,-9.210340371976182,-9.210340371976182,-9.210381972410678
male,46-49,49,-9.210340371976182,-9.210340371976182,-9.210381972410678
male,46-49,50,-9.210340371976182,-9.210340371976182,-9.210381972410678
male,46-49,51,-9.210340371976182,-9.210340371976182,-9.210381972410678
male,46-49,52,-9.210340371976182,-9.210340371976182,-9.210381972410678
male,50-54,-52,-9.210340371976182,-9.210340371976182,-9.210882533298664
male,50-54,-51,-9.210340371976182,-9.210340371976182,-9.210882533298664
male,50-54,-50,-9.210340371976182,-9.210340371976182,-9.210882533298664
male,50-54,-49,-9.210340371976182,-9.210340371976182,-9.210882533298664
male,50-54,-48,-9.210340371976182,-9.210340371976182,-9.210882533298664
male,50-54,-47,-9.210340371976182,-9.210340371976182,-9.210882533298664
male,50-54,-46,-9.210340371976182,-9.210340371976182,-9.210882533298664
male,50-54,-45,-9.210340371976182,-9.210340371976182,-9.210882533298664
male,50-54,-44,-9.210340371976182,-9.210340371976182,-9.210882533298664
male,50-54,-43,-9.210340371976182,-9.210340371976182,-9.210882533298664
male,50-54,-42,-9.210340371976182,-9.210340371976182,-9.210882533298664
male,50-54,-41,-9.210340371976182,-9.210340371976182,-9.210882533298664
male,50-54,-40,-9.210340371976182,-9.210340371976182,-9.210882533298664
male,50-54,-39,-9.210340371976182,-9.210340371976182,-9.210882533298664
male,50-54,-38,-9.210340371976182,-9.210340371976182,-9.210882533298664
male,50-54,-37,-9.210340371976182,-9.210340371976182,-9.210882533298664
male,50-54,-36,-9.210340371976182,-9.210340371976182,-9.210882533298664
male,50-54,-35,-9.210340371976182,-9.210340371976182,-9.210882533298664
male,50-54,-34,-5.358279916102146,-5.358708355515994,-5.359250516838475
male,50-54,-33,-5.985473420128856,-5.98493622163078,-5.985478382953262
male,50-54,-32,-5.429103343648385,-5.428855221530236,-5.429397382852718
male,50-54,-31,-4.684172137214788,-4.684234471239082,-4.684776632561564
male,50-54,-30,-4.377112862497315,-4.377089575441091,-4.377631736763573
male,50-54,-29,-4.081540719696829,-4.081523574296435,-4.082065735618917
male,50-54,-28,-3.8041530526500322,-3.804105984115263,-3.8046481454377448
male,50-54,-27,-3.4653879337019093,-3.465319435112116,-3.465861596434598
male,50-54,-26,-3.0432565697599467,-3.0432992946705664,-3.0438414559930482
male,50-54,-25,-2.826046096070094,-2.826053486403396,-2.826595647725878
male,50-54,-24,-2.653220521255418,-2.6531511054705437,-2.6536932667930255
male,50-54,-23,-2.321856831020436,-2.3218144536204637,-2.3223566149429455
male,50-54,-22,-1.9523104365063921,-1.952380870383229,-1.9529230317057107
male,50-54,-21,-1.8398500357882772,-1.839745625278585,-1.8402877866010667
male,50-54,-20,-1.4741252950288473,-1.4740951628763834,-1.474637324198865
male,50-54,-19,-1.1124881504635948,-1.1124969682662118,-1.1130391295886934
male,50-54,-18,-0.8427415005835232,-0.8427609104745504,-0.843303071797032
male,50-54,-17,-0.6635293683290714,-0.6634640626027809,-0.6640062239252625
male,50-54,-16,-0.3420385767520862,-0.34207174569466553,-0.34261390701714717
male,50-54,-15,-0.1671072187328656,-0.16711205943474008,-0.16765422075722175
male,50-54,-14,-0.026434013972950476,-0.02640595511665634,-0.026948116439138
male,50-54,-13,0.17041344268623215,0.1704207718835335,0.16987861056105183
male,50-54,-12,0.35388813620173504,0.3538981744076275,0.35335601308514586
male,50-54,-11,0.5334568181947701,0.5334621262413685,0.5329199649188868
male,50-54,-10,0.6983072290576686,0.6983028267978596,0.697760665475378
male,50-54,-9,0.8281501249570618,0.8281732204494081,0.8276310591269265
male,50-54,-8,1.0032341921710937,1.003236914157941,1.0026947528354593
male,50-54,-7,1.1600247633962544,1.160028410949333,1.1594862496268514
male,50-54,-6,1.3049729284781342,1.3049887602204056,1.304446598897924
male,50-54,-5,1.4701694574798494,1.470142297045781,1.4696001357232993
male,50-54,-4,1.5338799978611042,1.5339058138940083,1.5333636525715266
male,50-54,-3,1.6565510793168299,1.656536947262861,1.6559947859403794
male,50-54,-2,1.7192184569266773,1.7192270289986573,1.7186848676761757
male,50-54,-1,1.7940649862521234,1.7940320872951947,1.793489925972713
male,50-54,0,1.7604721165572252,1.7603882613323292,1.7598461000098475
male,50-54,1,1.4189588075830601,1.418992970780187,1.4184508094577053
male,50-54,2,1.050225917566684,1.050305511384085,1.0497633500616033
male,50-54,3,0.8157866019760873,0.8158019283830237,0.815259767060542
male,50-54,4,0.5690308756786335,0.5690448381291726,0.568502676806691
male,50-54,5,0.29746146484148533,0.29747951740372636,0.2969373560812447
male,50-54,6,0.006032060733315485,0.006052419857701713,0.005510258535220051
male,50-54,7,-0.30592187142992866,-0.3058392708181558,-0.30638143214063746
male,50-54,8,-0.4282909861597805,-0.42831278823202107,-0.4288549495545027
male,50-54,9,-0.6480485723508447,-0.6480294954427644,-0.6485716567652461
male,50-54,10,-0.8603010436238828,-0.8603329828356527,-0.8608751441581344
male,50-54,11,-1.2755452526126252,-1.2754330321876581,-1.2759751935101398
male,50-54,12,-1.4900435558338883,-1.489987737807118,-1.4905298991295997
male,50-54,13,-1.5752249821970357,-1.5752433987248122,-1.5757855600472939
male,50-54,14,-1.741247878915444,-1.741342179439658,-1.7418843407621396
male,50-54,15,-2.3902248832323147,-2.389859937182768,-2.3904020985052497
male,50-54,16,-2.244927960768615,-2.24502500110597,-2.245567162428452
male,50-54,17,-2.4623394040162174,-2.462267374956098,-2.46280953627858
male,50-54,18,-2.5867659165097803,-2.5866826052192007,-2.5872247665416825
male,50-54,19,-2.490394059196526,-2.4905210129388986,-2.4910631742613805
male,50-54,20,-3.1403749263130156,-3.1397845056410727,-3.1403266669635546
male,50-54,21,-9.210340371976182,-3.1403727972491304,-3.1409149585716123
male,50-54,22,-9.210340371976182,-3.140372797315396,-3.140914958637878
male,50-54,23,-9.210340371976182,-3.140372797315396,-3.140914958637878
male,50-54,24,-9.210340371976182,-3.140372797315396,-3.140914958637878
male,50-54,25,-9.210340371976182,-3.140372797315396,-3.140914958637878
male,50-54,26,-9.210340371976182,-3.140372797315396,-3.140914958637878
male,50-54,27,-9.210340371976182,-3.140372797315396,-3.140914958637878
male,50-54,28,-9.210340371976182,-3.140372797315396,-3.140914958637878
male,50-54,29,-9.210340371976182,-3.140372797315396,-3.140914958637878
male,50-54,30,-9.210340371976182,-9.210340371976182,-9.210882533298664
male,50-54,31,-9.210340371976182,-9.210340371976182,-9.210882533298664
male,50-54,32,-9.210340371976182,-9.210340371976182,-9.210882533298664
male,50-54,33,-9.210340371976182,-9.210340371976182,-9.210882533298664
male,50-54,34,-9.210340371976182,-9.210340371976182,-9.210882533298664
male,50-54,35,-9.210340371976182,-9.210340371976182,-9.210882533298664
male,50-54,36,-9.210340371976182,-9.210340371976182,-9.210882533298664
male,50-54,37,-9.210340371976182,-9.210340371976182,-9.210882533298664
male,50-54,38,-9.210340371976182,-9.210340371976182,-9.210882533298664
male,50-54,39,-9.210340371976182,-9.210340371976182,-9.210882533298664
male,50-54,40,-9.210340371976182,-9.210340371976182,-9.210882533298664
male,50-54,41,-9.210340371976182,-9.210340371976182,-9.210882533298664
male,50-54,42,-9.210340371976182,-9.210340371976182,-9.210882533298664
male,50-54,43,-9.210340371976182,-9.210340371976182,-9.210882533298664
male,50-54,44,-9.210340371976182,-9.210340371976182,-9.210882533298664
male,50-54,45,-9.210340371976182,-9.210340371976182,-9.210882533298664
male,50-54,46,-9.210340371976182,-9.210340371976182,-9.210882533298664
male,50-54,47,-9.210340371976182,-9.210340371976182,-9.210882533298664
male,50-54,48,-9.210340371976182,-9.210340371976182,-9.210882533298664
male,50-54,49,-9.210340371976182,-9.210340371976182,-9.210882533298664
male,50-54,50,-9.210340371976182,-9.210340371976182,-9.210882533298664
male,50-54,51,-9.210340371976182,-9.210340371976182,-9.210882533298664
male,50-54,52,-9.210340371976182,-9.210340371976182,-9.210882533298664
male,55-59,-52,-9.210340371976182,-9.210340371976182,-9.210619163660908
male,55-59,-51,-9.210340371976182,-9.210340371976182,-9.210619163660908
male,55-59,-50,-9.210340371976182,-4.555047583413738,-4.555326375098464
male,55-59,-49,-9.210340371976182,-4.555047583413738,-4.555326375098464
male,55-59,-48,-9.210340371976182,-4.555047583413738,-4.555326375098464
male,55-59,-47,-9.210340371976182,-4.555047583413738,-4.555326375098464
male,55-59,-46,-9.210340371976182,-4.555047583413738,-4.555326375098464
male,55-59,-45,-9.210340371976182,-4.555047583413737,-4.555326375098463
male,55-59,-44,-9.210340371976182,-4.555047583413738,-4.555326375098464
male,55-59,-43,-9.210340371976182,-4.555047583413737,-4.555326375098463
male,55-59,-42,-9.210340371976182,-4.55504758343441,-4.555326375119137
male,55-59,-41,-4.555047583412972,-4.555231177415568,-4.555509969100294
male,55-59,-40,-4.878219843341044,-4.878360154827462,-4.878638946512188
male,55-59,-39,-5.401611240284185,-5.401801743209656,-5.402080534894383
male,55-59,-38,-6.872910212624728,-6.871260845900154,-6.87153963758488
male,55-59,-37,-5.805294972334528,-5.805104704388576,-5.805383496073302
male,55-59,-36,-5.049695556994947,-5.049989796369144,-5.0502685880538705
male,55-59,-35,-5.459683189685261,-5.458961653228104,-5.4592404449128304
male,55-59,-34,-4.471185283201031,-4.47130053533155,-4.4715793270162765
male,55-59,-33,-4.19563657539493,-4.19565754523872,-4.195936336923446
male,55-59,-32,-4.0159174542697835,-4.0157613188410215,-4.016040110525748
male,55-59,-31,-3.5015214845536566,-3.5014944768222267,-3.501773268506953
male,55-59,-30,-3.072946117170407,-3.073075250987758,-3.0733540426724844
male,55-59,-29,-3.0893301747580177,-3.0890839652401696,-3.089362756924896
male,55-59,-28,-2.5216498421400706,-2.521833571609059,-2.5221123632937856
male,55-59,-27,-2.6178963423891006,-2.6176077562382947,-2.617886547923021
male,55-59,-26,-2.028917873242631,-2.0290950917595834,-2.02937388344431
male,55-59,-25,-2.0885176675545387,-2.088431427061537,-2.0887102187462636
male,55-59,-24,-1.9012026303814036,-1.9011795540051877,-1.9014583456899141
male,55-59,-23,-1.6650219760918652,-1.6649630700241267,-1.6652418617088531
male,55-59,-22,-1.3142978635841756,-1.3143511803913401,-1.3146299720760666
male,55-59,-21,-1.1655763543340678,-1.1655027121166905,-1.165781503801417
male,55-59,-20,-0.8431217611090617,-0.8431627083960278,-0.8434415000807542
male,55-59,-19,-0.6859575439551019,-0.685959978499261,-0.6862387701839875
male,55-59,-18,-0.5499821447155315,-0.54996293044708,-0.5502417221318064
male,55-59,-17,-0.37584124266101443,-0.3757979427977434,-0.37607673448246987
male,55-59,-16,-0.11668197607377173,-0.11674635180616612,-0.11702514349089259
male,55-59,-15,-0.07705430551449996,-0.07696177285542839,-0.07724056454015486
male,55-59,-14,0.20382101141381492,0.20376799357853687,0.2034892018938104
male,55-59,-13,0.2949324740511572,0.29496048053378204,0.2946816888490556
male,55-59,-12,0.4576844406701977,0.4576796914547184,0.45740089976999193
male,55-59,-11,0.5906021068143095,0.590634892463566,0.5903561007788396
male,55-59,-10,0.794438345517998,0.7944337710684642,0.7941549793837378
male,55-59,-9,0.9522383630641635,0.9522280113368962,0.9519492196521697
male,55-59,-8,1.0589267357450591,1.0589173621530916,1.0586385704683652
male,55-59,-7,1.1274161099768132,1.1274536529700552,1.1271748612853287
male,55-59,-6,1.2878090481572735,1.2877917464696123,1.2875129547848858
male,55-59,-5,1.3760718756377377,1.3760877064851402,1.3758089148004138
male,55-59,-4,1.4980458107443946,1.4980338788596745,1.497755087174948
male,55-59,-3,1.5733539889112305,1.5733689480636333,1.5730901563789068
male,55-59,-2,1.682126772562527,1.6820876512630991,1.6818088595783727
male,55-59,-1,1.667048919374928,1.6670640981805915,1.666785306495865
male,55-59,0,1.696430329600838,1.6963056430657106,1.6960268513809842
male,55-59,1,1.2908069060914682,1.2908746222750758,1.2905958305903493
male,55-59,2,0.9670307623534059,0.9670720434895387,0.9667932518048122
male,55-59,3,0.6857048037714224,0.6857386988536934,0.685459907168967
male,55-59,4,0.44268902939462446,0.44271281755675973,0.4424340258720333
male,55-59,5,0.22012547578773112,0.2201726172409283,0.21989382555620182
male,55-59,6,0.10613923486930062,0.10609394903498284,0.10581515735025637
male,55-59,7,-0.19346535009664892,-0.19342787757068194,-0.19370666925540841
male,55-59,8,-0.47174774065272534,-0.47169537058987077,-0.4719741622745972
male,55-59,9,-0.6586710302274963,-0.6586319317696986,-0.658910723454425
male,55-59,10,-0.7559602574585357,-0.7560448016307711,-0.7563235933154976
male,55-59,11,-1.2004533538311304,-1.2003071185728824,-1.2005859102576089
male,55-59,12,-1.372360140395655,-1.372338829785672,-1.3726176214703985
male,55-59,13,-1.6226823510686228,-1.622607302024667,-1.6228860937093934
male,55-59,14,-1.8768563892083618,-1.876752211298893,-1.8770310029836195
male,55-59,15,-2.1333277195823106,-2.1331386056178765,-2.133417397302603
male,55-59,16,-9.210340371976182,-2.1333277195611187,-2.133606511245845
male,55-59,17,-9.210340371976182,-2.1333277195824163,-2.1336065112671427
male,55-59,18,-9.210340371976182,-2.1333277195824163,-2.1336065112671427
male,55-59,19,-9.210340371976182,-2.1333277195824163,-2.1336065112671427
male,55-59,20,-9.210340371976182,-2.1333277195824163,-2.1336065112671427
male,55-59,21,-9.210340371976182,-2.1333277195824163,-2.1336065112671427
male,55-59,22,-9.210340371976182,-2.1333277195824163,-2.1336065112671427
male,55-59,23,-9.210340371976182,-2.1333277195824163,-2.1336065112671427
male,55-59,24,-9.210340371976182,-2.1333277195824163,-2.1336065112671427
male,55-59,25,-9.210340371976182,-9.210340371976182,-9.210619163660908
male,55-59,26,-9.210340371976182,-9.210340371976182,-9.210619163660908
male,55-59,27,-9.210340371976182,-9.210340371976182,-9.210619163660908
male,55-59,28,-9.210340371976182,-9.210340371976182,-9.210619163660908
male,55-59,29,-9.210340371976182,-9.210340371976182,-9.210619163660908
male,55-59,30,-9.210340371976182,-9.210340371976182,-9.210619163660908
male,55-59,31,-9.210340371976182,-9.210340371976182,-9.210619163660908
male,55-59,32,-9.210340371976182,-9.210340371976182,-9.210619163660908
male,55-59,33,-9.210340371976182,-9.210340371976182,-9.210619163660908
male,55-59,34,-9.210340371976182,-9.210340371976182,-9.210619163660908
male,55-59,35,-9.210340371976182,-9.210340371976182,-9.210619163660908
male,55-59,36,-9.210340371976182,-9.210340371976182,-9.210619163660908
male,55-59,37,-9.210340371976182,-9.210340371976182,-9.210619163660908
male,55-59,38,-9.210340371976182,-9.210340371976182,-9.210619163660908
male,55-59,39,-9.210340371976182,-9.210340371976182,-9.210619163660908
male,55-59,40,-9.210340371976182,-9.210340371976182,-9.210619163660908
male,55-59,41,-9.210340371976182,-9.210340371976182,-9.210619163660908
male,55-59,42,-9.210340371976182,-9.210340371976182,-9.210619163660908
male,55-59,43,-9.210340371976182,-9.210340371976182,-9.210619163660908
male,55-59,44,-9.210340371976182,-9.210340371976182,-9.210619163660908
male,55-59,45,-9.210340371976182,-9.210340371976182,-9.210619163660908
male,55-59,46,-9.210340371976182,-9.210340371976182,-9.210619163660908
male,55-59,47,-9.210340371976182,-9.210340371976182,-9.210619163660908
male,55-59,48,-9.210340371976182,-9.210340371976182,-9.210619163660908
male,55-59,49,-9.210340371976182,-9.210340371976182,-9.210619163660908
male,55-59,50,-9.210340371976182,-9.210340371976182,-9.210619163660908
male,55-59,51,-9.210340371976182,-9.210340371976182,-9.210619163660908
male,55-59,52,-9.210340371976182,-9.210340371976182,-9.210619163660908
male,60-70,-52,-9.210340371976182,-9.210340371976182,-9.210922529230345
male,60-70,-51,-9.210340371976182,-9.210340371976182,-9.210922529230345
male,60-70,-50,-9.210340371976182,-9.210340371976182,-9.210922529230345
male,60-70,-49,-5.488660707913093,-5.488788280176497,-5.48937043743066
male,60-70,-48,-5.258381835229968,-5.25853021177334,-5.259112369027503
male,60-70,-47,-5.520213690133767,-5.520077290721536,-5.520659447975699
male,60-70,-46,-5.3943257913496065,-5.394439378082157,-5.39502153533632
male,60-70,-45,-5.6244031089108475,-5.624107186536538,-5.624689343790701
male,60-70,-44,-5.1743452014398255,-5.174567742690784,-5.175149899944947
male,60-70,-43,-5.549278330887407,-5.549057054957882,-5.549639212212045
male,60-70,-42,-5.345144839710833,-5.345095616758172,-5.345677774012335
male,60-70,-41,-5.068385208533872,-5.068334165819748,-5.068916323073911
male,60-70,-40,-4.720974353201011,-4.720965972135553,-4.721548129389716
male,60-70,-39,-4.428531903307036,-4.428619453982103,-4.429201611236266
male,60-70,-38,-4.428728773233188,-4.42871906916605,-4.429301226420213
male,60-70,-37,-4.402851508218449,-4.402347814869191,-4.402929972123354
male,60-70,-36,-3.442277228481928,-3.442585635150612,-3.443167792404775
male,60-70,-35,-3.780440790761409,-3.779926368489873,-3.780508525744036
male,60-70,-34,-3.0040075407991726,-3.004100709957419,-3.004682867211582
male,60-70,-33,-2.734032538486818,-2.734201706962386,-2.734783864216549
male,60-70,-32,-3.051365182194423,-3.0511046639597477,-3.0516868212139108
male,60-70,-31,-2.714707829376765,-2.7146576981851154,-2.7152398554392785
male,60-70,-30,-2.32988946526898,-2.3299547420549658,-2.330536899309129
male,60-70,-29,-2.195533120234584,-2.1954725434297853,-2.1960547006839484
male,60-70,-28,-1.9154365527952544,-1.915502229890368,-1.9160843871445308
male,60-70,-27,-1.859651006277696,-1.8595665501040346,-1.8601487073581975
male,60-70,-26,-1.5854518384640601,-1.585492607120391,-1.5860747643745539
male,60-70,-25,-1.465852635077634,-1.465790028958009,-1.466372186212172
male,60-70,-24,-1.197218664611291,-1.1972229177501805,-1.1978050750043434
male,60-70,-23,-0.9895864582276926,-0.9896514535109707,-0.9902336107651337
male,60-70,-22,-0.9959794112280921,-0.9958827470504358,-0.9964649043045988
male,60-70,-21,-0.7476545517935087,-0.7476674209670643,-0.7482495782212273
male,60-70,-20,-0.580261048507914,-0.580241233107497,-0.58082339036166
male,60-70,-19,-0.38648680480120373,-0.3865247493089536,-0.3871069065631165
male,60-70,-18,-0.32622224980524056,-0.3261679194139202,-0.32675007666808314
male,60-70,-17,-0.12869029452863295,-0.12870555364342348,-0.12928771089758642
male,60-70,-16,-0.005409627177451081,-0.005424227930808867,-0.006006385184971819
male,60-70,-15,0.06097595289006999,0.061022360134422006,0.06044020288025905
male,60-70,-14,0.2413773412878873,0.24139865463745633,0.2408164973832934
male,60-70,-13,0.44109881596185385,0.4411102693631289,0.440528112108966
male,60-70,-12,0.628078290582385,0.6280727345171986,0.6274905772630356
male,60-70,-11,0.7633912826694413,0.7633954778972989,0.7628133206431359
male,60-70,-10,0.8859550097221696,0.8859613532433502,0.8853791959891872
male,60-70,-9,1.0051346731896078,1.0051245895313068,1.004542432277144
male,60-70,-8,1.0783066249298814,1.078324066600187,1.077741909346024
male,60-70,-7,1.1879314666371463,1.1879361601204383,1.1873540028662755
male,60-70,-6,1.2931996003152255,1.2931973297236308,1.2926151724694679
male,60-70,-5,1.376677243155488,1.3766663900692861,1.3760842328151233
male,60-70,-4,1.4182874114855568,1.4183139063060355,1.4177317490518726
male,60-70,-3,1.5262883169174735,1.5262747277425734,1.5256925704884106
male,60-70,-2,1.5811489776374414,1.5811476423066222,1.5805654850524593
male,60-70,-1,1.6252958816464107,1.6252922869560298,1.624710129701867
male,60-70,0,1.6533701016098188,1.6532653053559112,1.6526831481017483
male,60-70,1,1.2839375497092882,1.2840116815617553,1.2834295243075924
male,60-70,2,0.9545198003434936,0.9545863934975429,0.9540042362433799
male,60-70,3,0.671720407594281,0.6717972833475908,0.6712151260934278
male,60-70,4,0.5133806743114276,0.5134248320169513,0.5128426747627883
male,60-70,5,0.4401747037489724,0.44011712086154375,0.4395349636073808
male,60-70,6,0.07843262653234176,0.07856838963470707,0.07798623238054411
male,60-70,7,-0.05746487967132752,-0.05747008676690504,-0.058052244021068
male,60-70,8,-0.35265296096712606,-0.3525609235044887,-0.35314308075865164
male,60-70,9,-0.6507496146687289,-0.65062876704895,-0.651210924303113
male,60-70,10,-0.9790333893010104,-0.9787874079880733,-0.9793695652422363
male,60-70,11,-9.210340371976182,-0.9790320996190658,-0.9796142568732288
male,60-70,12,-9.210340371976182,-0.9790320996466232,-0.9796142569007862
male,60-70,13,-9.210340371976182,-0.9790320996466231,-0.9796142569007861
male,60-70,14,-9.210340371976182,-0.9790320996466232,-0.9796142569007862
male,60-70,15,-9.210340371976182,-0.9790320996466231,-0.9796142569007861
male,60-70,16,-9.210340371976182,-0.9790320996466232,-0.9796142569007862
male,60-70,17,-9.210340371976182,-0.9790320996466231,-0.9796142569007861
male,60-70,18,-9.210340371976182,-0.9790320996466231,-0.9796142569007861
male,60-70,19,-9.210340371976182,-0.9790320996466232,-0.9796142569007862
male,60-70,20,-9.210340371976182,-9.210340371976182,-9.210922529230345
male,60-70,21,-9.210340371976182,-9.210340371976182,-9.210922529230345
male,60-70,22,-9.210340371976182,-9.210340371976182,-9.210922529230345
male,60-70,23,-9.210340371976182,-9.210340371976182,-9.210922529230345
male,60-70,24,-9.210340371976182,-9.210340371976182,-9.210922529230345
male,60-70,25,-9.210340371976182,-9.210340371976182,-9.210922529230345
male,60-70,26,-9.210340371976182,-9.210340371976182,-9.210922529230345
male,60-70,27,-9.210340371976182,-9.210340371976182,-9.210922529230345
male,60-70,28,-9.210340371976182,-9.210340371976182,-9.210922529230345
male,60-70,29,-9.210340371976182,-9.210340371976182,-9.210922529230345
male,60-70,30,-9.210340371976182,-9.210340371976182,-9.210922529230345
male,60-70,31,-9.210340371976182,-9.210340371976182,-9.210922529230345
male,60-70,32,-9.210340371976182,-9.210340371976182,-9.210922529230345
male,60-70,33,-9.210340371976182,-9.210340371976182,-9.210922529230345
male,60-70,34,-9.210340371976182,-9.210340371976182,-9.210922529230345
male,60-70,35,-9.210340371976182,-9.210340371976182,-9.210922529230345
male,60-70,36,-9.210340371976182,-9.210340371976182,-9.210922529230345
male,60-70,37,-9.210340371976182,-9.210340371976182,-9.210922529230345
male,60-70,38,-9.210340371976182,-9.210340371976182,-9.210922529230345
male,60-70,39,-9.210340371976182,-9.210340371976182,-9.210922529230345
male,60-70,40,-9.210340371976182,-9.210340371976182,-9.210922529230345
male,60-70,41,-9.210340371976182,-9.210340371976182,-9.210922529230345
male,60-70,42,-9.210340371976182,-9.210340371976182,-9.210922529230345
male,60-70,43,-9.210340371976182,-9.210340371976182,-9.210922529230345
male,60-70,44,-9.210340371976182,-9.210340371976182,-9.210922529230345
male,60-70,45,-9.210340371976182,-9.210340371976182,-9.210922529230345
male,60-70,46,-9.210340371976182,-9.210340371976182,-9.210922529230345
male,60-70,47,-9.210340371976182,-9.210340371976182,-9.210922529230345
male,60-70,48,-9.210340371976182,-9.210340371976182,-9.210922529230345
male,60-70,49,-9.210340371976182,-9.210340371976182,-9.210922529230345
male,60-70,50,-9.210340371976182,-9.210340371976182,-9.210922529230345
male,60-70,51,-9.210340371976182,-9.210340371976182,-9.210922529230345
male,60-70,52,-9.210340371976182,-9.210340371976182,-9.210922529230345
female,18-19,-52,-9.210340371976182,-9.210340371976182,-9.221935539568083
female,18-19,-51,-9.210340371976182,-9.210340371976182,-9.221935539568083
female,18-19,-50,-9.210340371976182,-9.210340371976182,-9.221935539568083
female,18-19,-49,-9.210340371976182,-9.210340371976182,-9.221935539568083
female,18-19,-48,-9.210340371976182,-9.210340371976182,-9.221935539568083
female,18-19,-47,-9.210340371976182,-9.210340371976182,-9.221935539568083
female,18-19,-46,-9.210340371976182,-9.210340371976182,-9.221935539568083
female,18-19,-45,-9.210340371976182,-9.210340371976182,-9.221935539568083
female,18-19,-44,-9.210340371976182,-9.210340371976182,-9.221935539568083
female,18-19,-43,-9.210340371976182,-9.210340371976182,-9.221935539568083
female,18-19,-42,-9.210340371976182,-9.210340371976182,-9.221935539568083
female,18-19,-41,-9.210340371976182,-9.210340371976182,-9.221935539568083
female,18-19,-40,-9.210340371976182,-9.210340371976182,-9.221935539568083
female,18-19,-39,-9.210340371976182,-9.210340371976182,-9.221935539568083
female,18-19,-38,-9.210340371976182,-9.210340371976182,-9.221935539568083
female,18-19,-37,-9.210340371976182,-9.210340371976182,-9.221935539568083
female,18-19,-36,-9.210340371976182,-9.210340371976182,-9.221935539568083
female,18-19,-35,-9.210340371976182,-9.210340371976182,-9.221935539568083
female,18-19,-34,-9.210340371976182,-9.210340371976182,-9.221935539568083
female,18-19,-33,-9.210340371976182,-9.210340371976182,-9.221935539568083
female,18-19,-32,-9.210340371976182,-9.210340371976182,-9.221935539568083
female,18-19,-31,-9.210340371976182,-9.210340371976182,-9.221935539568083
female,18-19,-30,-9.210340371976182,-9.210340371976182,-9.221935539568083
female,18-19,-29,-9.210340371976182,-9.210340371976182,-9.221935539568083
female,18-19,-28,-9.210340371976182,-9.210340371976182,-9.221935539568083
female,18-19,-27,-9.210340371976182,-9.210340371976182,-9.221935539568083
female,18-19,-26,-9.210340371976182,-9.210340371976182,-9.221935539568083
female,18-19,-25,-9.210340371976182,-9.210340371976182,-9.221935539568083
female,18-19,-24,-9.210340371976182,-9.210340371976182,-9.221935539568083
female,18-19,-23,-9.210340371976182,-9.210340371976182,-9.221935539568083
female,18-19,-22,-9.210340371976182,-9.210340371976182,-9.221935539568083
female,18-19,-21,-9.210340371976182,-9.210340371976182,-9.221935539568083
female,18-19,-20,-9.210340371976182,0.03822089384645756,0.026625726254557336
female,18-19,-19,-9.210340371976182,0.0382208938464332,0.026625726254532973
female,18-19,-18,-9.210340371976182,0.0382208938464332,0.026625726254532973
female,18-19,-17,-9.210340371976182,0.0382208938464332,0.026625726254532973
female,18-19,-16,-9.210340371976182,0.0382208938464332,0.026625726254532973
female,18-19,-15,-9.210340371976182,0.0382208938464332,0.026625726254532973
female,18-19,-14,-9.210340371976182,0.0382208938464332,0.026625726254532973
female,18-19,-13,-9.210340371976182,0.0382208938464332,0.026625726254532973
female,18-19,-12,-9.210340371976182,0.0382208938464332,0.026625726254532973
female,18-19,-11,-9.210340371976182,0.0382208938464332,0.026625726254532973
female,18-19,-10,-9.210340371976182,0.038220893846433415,0.02662572625453319
female,18-19,-9,-9.210340371976182,0.0382208938464394,0.02662572625453917
female,18-19,-8,-9.210340371976182,0.03822089384677237,0.026625726254872147
female,18-19,-7,-9.210340371976182,0.03822089386495785,0.02662572627305762
female,18-19,-6,-9.210340371976182,0.03822089485784787,0.02662572726594764
female,18-19,-5,-9.210340371976182,0.038220949067781326,0.0266257814758811
female,18-19,-4,-9.210340371976182,0.0382239088223603,0.026628741230460072
female,18-19,-3,-9.210340371976182,0.03838548356708476,0.026790315975184532
female,18-19,-2,-9.210340371976182,0.04714101204216787,0.03554584445026764
female,18-19,-1,0.03821379628378683,0.38911157738481,0.3775164097929098
female,18-19,0,1.3880718505055285,1.3792467872955056,1.3676516197036055
female,18-19,1,1.8076387265327318,1.7460376050732402,1.73444243748134
female,18-19,2,1.5730632095246997,1.5653523614529694,1.5537571938610693
female,18-19,3,1.1093650320319668,1.1512484105142182,1.139653242922318
female,18-19,4,0.8078749013478808,0.8029461041892038,0.7913509365973035
female,18-19,5,0.19767892785361235,0.27442719645401736,0.26283202886211715
female,18-19,6,0.032361594183690695,0.015556547020863634,0.003961379428963409
female,18-19,7,-0.42471428967601516,-0.3861877524045403,-0.3977829199964405
female,18-19,8,-0.7268849274258442,-0.695644617101983,-0.7072397846938833
female,18-19,9,-0.8113705510010866,-0.7996559988954488,-0.8112511664873491
female,18-19,10,-0.7932454100519878,-0.8407450582660824,-0.8523402258579826
female,18-19,11,-1.336004811052877,-1.265973202405854,-1.2775683699977542
female,18-19,12,-1.3876008975927316,-1.4274116148909963,-1.4390067824828965
female,18-19,13,-1.9875396113239556,-1.8882348030558165,-1.8998299706477166
female,18-19,14,-1.8763174288005466,-1.9334070460937145,-1.9450022136856147
female,18-19,15,-2.4571383619007596,-2.3345555133139535,-2.3461506809058537
female,18-19,16,-2.1290705484859656,-2.0320293609644198,-2.04362452855632
female,18-19,17,-1.2828765632154595,-1.4051117100040837,-1.416706877595984
female,18-19,18,-1.9751770294107969,-1.9310754735297073,-1.9426706411216075
female,18-19,19,-3.108330319519706,-2.793294555065851,-2.804889722657751
female,18-19,20,-2.27040794174646,-2.4019255332155653,-2.4135207008074655
female,18-19,21,-3.084572445658829,-2.9050181309163037,-2.916613298508204
female,18-19,22,-2.5749769985431077,-2.6304539619736462,-2.6420491295655464
female,18-19,23,-2.6614401186549097,-2.662442234513649,-2.674037402105549
female,18-19,24,-2.7743003212781083,-2.7636925544085886,-2.775287722000489
female,18-19,25,-2.798015232392964,-2.8846380677141927,-2.896233235306093
female,18-19,26,-4.532998862879423,-3.3097091696969683,-3.3213043372888684
female,18-19,27,-1.538165865505576,-1.7131813043067974,-1.7247764718986975
female,18-19,28,-2.2426492059380085,-2.1788990015658003,-2.1904941691577005
female,18-19,29,-2.7972653746424787,-2.754285182024952,-2.765880349616852
female,18-19,30,-3.193973667891023,-2.96515913352113,-2.97675430111303
female,18-19,31,-2.1603470144102626,-2.269284951725073,-2.280880119316973
female,18-19,32,-2.6206605614429055,-2.5458174002429597,-2.55741256783486
female,18-19,33,-2.500554149735765,-2.534019544168151,-2.545614711760051
female,18-19,34,-2.716568157611574,-2.8002650706931362,-2.8118602382850364
female,18-19,35,-9.210340371976182,-4.733012778656205,-4.744607946248105
female,18-19,36,-4.158601771437508,-3.995198715722162,-4.006793883314062
female,18-19,37,-2.86265632942866,-3.0261811169268173,-3.0377762845187175
female,18-19,38,-4.011214740884487,-3.5276051703178894,-3.5392003379097896
female,18-19,39,-2.481487441487726,-2.5789424480717,-2.5905376156636
female,18-19,40,-2.591891210682585,-2.5964469074157654,-2.6080420750076656
female,18-19,41,-2.7532932507361565,-2.84289736210094,-2.8544925296928403
female,18-19,42,-9.210340371976182,-4.9527131678443315,-4.964308335436232
female,18-19,43,-9.210340371976182,-4.616433082660458,-4.628028250252358
female,18-19,44,-2.3505176873354325,-2.546957157172775,-2.5585523247646753
female,18-19,45,-3.442308364928157,-3.330781668470754,-3.342376836062654
female,18-19,46,-9.210340371976182,-4.937692754424551,-4.949287922016451
female,18-19,47,-3.3397776864414315,-3.5788294787701833,-3.5904246463620835
female,18-19,48,-9.210340371976182,-4.589777073241946,-4.601372240833846
female,18-19,49,-2.7959845709108206,-3.0363655394898803,-3.0479607070817805
female,18-19,50,-9.210340371976182,-4.979760112177402,-4.991355279769302
female,18-19,51,-9.210340371976182,-9.210340371976182,-9.221935539568083
female,18-19,52,-9.210340371976182,-9.210340371976182,-9.221935539568083
female,20-21,-52,-9.210340371976182,-9.210340371976182,-9.215498184093658
female,20-21,-51,-9.210340371976182,-9.210340371976182,-9.215498184093658
female,20-21,-50,-9.210340371976182,-9.210340371976182,-9.215498184093658
female,20-21,-49,-9.210340371976182,-9.210340371976182,-9.215498184093658
female,20-21,-48,-9.210340371976182,-9.210340371976182,-9.215498184093658
female,20-21,-47,-9.210340371976182,-9.210340371976182,-9.215498184093658
female,20-21,-46,-9.210340371976182,-9.210340371976182,-9.215498184093658
female,20-21,-45,-9.210340371976182,-9.210340371976182,-9.215498184093658
female,20-21,-44,-9.210340371976182,-9.210340371976182,-9.215498184093658
female,20-21,-43,-9.210340371976182,-9.210340371976182,-9.215498184093658
female,20-21,-42,-9.210340371976182,-9.210340371976182,-9.215498184093658
female,20-21,-41,-9.210340371976182,-9.210340371976182,-9.215498184093658
female,20-21,-40,-9.210340371976182,-9.210340371976182,-9.215498184093658
female,20-21,-39,-9.210340371976182,-9.210340371976182,-9.215498184093658
female,20-21,-38,-9.210340371976182,-9.210340371976182,-9.215498184093658
female,20-21,-37,-9.210340371976182,-9.210340371976182,-9.215498184093658
female,20-21,-36,-9.210340371976182,-9.210340371976182,-9.215498184093658
female,20-21,-35,-9.210340371976182,-9.210340371976182,-9.215498184093658
female,20-21,-34,-9.210340371976182,-9.210340371976182,-9.215498184093658
female,20-21,-33,-9.210340371976182,-9.210340371976182,-9.215498184093658
female,20-21,-32,-9.210340371976182,-9.210340371976182,-9.215498184093658
female,20-21,-31,-9.210340371976182,-9.210340371976182,-9.215498184093658
female,20-21,-30,-9.210340371976182,-9.210340371976182,-9.215498184093658
female,20-21,-29,-9.210340371976182,-9.210340371976182,-9.215498184093658
female,20-21,-28,-9.210340371976182,-9.210340371976182,-9.215498184093658
female,20-21,-27,-9.210340371976182,-9.210340371976182,-9.215498184093658
female,20-21,-26,-9.210340371976182,-9.210340371976182,-9.215498184093658
female,20-21,-25,-9.210340371976182,-9.210340371976182,-9.215498184093658
female,20-21,-24,-9.210340371976182,-9.210340371976182,-9.215498184093658
female,20-21,-23,-9.210340371976182,-9.210340371976182,-9.215498184093658
female,20-21,-22,-9.210340371976182,-2.845197895821487,-2.8503557079389625
female,20-21,-21,-9.210340371976182,-2.845197895821415,-2.8503557079388906
female,20-21,-20,-9.210340371976182,-2.845197895821415,-2.8503557079388906
female,20-21,-19,-9.210340371976182,-2.845197895821415,-2.8503557079388906
female,20-21,-18,-9.210340371976182,-2.845197895821415,-2.8503557079388906
female,20-21,-17,-9.210340371976182,-2.845197895821415,-2.8503557079388906
female,20-21,-16,-9.210340371976182,-2.845197895821415,-2.8503557079388906
female,20-21,-15,-9.210340371976182,-2.845197895821415,-2.8503557079388906
female,20-21,-14,-9.210340371976182,-2.845197895821415,-2.8503557079388906
female,20-21,-13,-9.210340371976182,-2.845197895821415,-2.8503557079388906
female,20-21,-12,-9.210340371976182,-2.845197895821415,-2.8503557079388906
female,20-21,-11,-9.210340371976182,-2.8451978958214044,-2.85035570793888
female,20-21,-10,-9.210340371976182,-2.845197895820818,-2.8503557079382937
female,20-21,-9,-9.210340371976182,-2.845197895788828,-2.8503557079063038
female,20-21,-8,-9.210340371976182,-2.8451978940422347,-2.8503557061597102
female,20-21,-7,-9.210340371976182,-2.845197798681443,-2.8503556107989185
female,20-21,-6,-9.210340371976182,-2.8451925921787575,-2.850350404296233
female,20-21,-5,-9.210340371976182,-2.8449083867192657,-2.8500661988367413
female,20-21,-4,-9.210340371976182,-2.829567655967774,-2.8347254680852494
female,20-21,-3,-2.8452025489388917,-2.301395982718075,-2.306553794835551
female,20-21,-2,-1.2315328624896027,-0.8410538061631582,-0.8462116182806338
female,20-21,-1,0.5416549300078055,0.6269055911260787,0.621747779008603
female,20-21,0,1.5389282260629706,1.4868381384203933,1.4816803263029175
female,20-21,1,1.7039995225342317,1.6656490292212545,1.6604912171037787
female,20-21,2,1.4777966745625115,1.4757929416506952,1.4706351295332194
female,20-21,3,1.1109706221608227,1.126572963415109,1.1214151512976331
female,20-21,4,0.7016762475721465,0.7324870339339721,0.7273292218164964
female,20-21,5,0.41611205580642224,0.4277760504252588,0.42261823830778306
female,20-21,6,0.12479797275355625,0.12785959391564267,0.12270178179816696
female,20-21,7,-0.3017833181028995,-0.2574427944979586,-0.26260060661543433
female,20-21,8,-0.4596299079145649,-0.47740053808324856,-0.4825583502007243
female,20-21,9,-0.8982615547838934,-0.8230974274267563,-0.828255239544232
female,20-21,10,-0.7322988409271034,-0.7871569260736612,-0.7923147381911368
female,20-21,11,-1.1822049499448057,-1.1407292828652154,-1.1458870949826911
female,20-21,12,-1.437819901971969,-1.4269627506175873,-1.432120562735063
female,20-21,13,-1.6959091196568903,-1.6549553365154215,-1.6601131486328973
female,20-21,14,-1.6212636378528615,-1.6240769212679127,-1.6292347333853885
female,20-21,15,-1.5713512655037771,-1.5941070622774345,-1.5992648743949103
female,20-21,16,-1.7593654206812857,-1.7341843467598852,-1.739342158877361
female,20-21,17,-1.7414957049998696,-1.776719544818159,-1.7818773569356348
female,20-21,18,-2.1254047997458407,-2.0436979781296194,-2.048855790247095
female,20-21,19,-1.8537743714864996,-1.9347646401194238,-1.9399224522368996
female,20-21,20,-2.5815822590634228,-2.503525794344537,-2.5086836064620126
female,20-21,21,-3.0739619607355544,-2.9163883952750886,-2.921546207392564
female,20-21,22,-2.4032517555660875,-2.4821661543620848,-2.4873239664795603
female,20-21,23,-2.6444928808532318,-2.6397001002938896,-2.644857912411365
female,20-21,24,-2.9211635161482468,-2.87770108996201,-2.8828589020794855
female,20-21,25,-2.8315484782851486,-2.834361108334351,-2.8395189204518267
female,20-21,26,-2.7659366965588923,-2.8171157068689556,-2.822273518986431
female,20-21,27,-3.2736005254781806,-3.2592233699657562,-3.264381182083232
female,20-21,28,-4.008062831549143,-3.613243102821234,-3.6184009149387095
female,20-21,29,-2.5509692632845518,-2.6474167185498336,-2.652574530667309
female,20-21,30,-2.691469615646702,-2.6993290503520044,-2.70448686246948
female,20-21,31,-2.9455947895261434,-2.9907429209984246,-2.9959007331159
female,20-21,32,-4.138619019832136,-4.010377549274135,-4.015535361391611
female,20-21,33,-9.210340371976182,-5.46585117736566,-5.471008989483136
female,20-21,34,-3.753915856979182,-3.9928625279247223,-3.998020340042198
female,20-21,35,-9.210340371976182,-5.453205483442479,-5.458363295559955
female,20-21,36,-4.091272648868177,-4.210118423691485,-4.215276235808961
female,20-21,37,-4.14958120841977,-4.242137951499364,-4.24729576361684
female,20-21,38,-6.247041653126339,-5.6566007872531,-5.661758599370576
female,20-21,39,-5.874521487358958,-5.947924121697981,-5.953081933815457
female,20-21,40,-6.356313552449946,-6.011836584744694,-6.01699439686217
female,20-21,41,-4.889012438809595,-4.998015212953799,-5.003173025071275
female,20-21,42,-5.084160461666304,-4.997780858772027,-5.002938670889503
female,20-21,43,-4.582033837504474,-4.738736542270545,-4.743894354388021
female,20-21,44,-9.210340371976182,-6.540864666434258,-6.546022478551734
female,20-21,45,-5.841987601803887,-5.725151022130095,-5.730308834247571
female,20-21,46,-4.6270623432877525,-4.802585134866526,-4.807742946984002
female,20-21,47,-6.262977870902905,-5.9509382457335365,-5.9560960578510125
female,20-21,48,-9.210340371976182,-8.062143999829514,-8.06730181194699
female,20-21,49,-6.945238721663546,-7.11958021857544,-7.1247380306929164
female,20-21,50,-9.210340371976182,-8.268622621256341,-8.273780433373817
female,20-21,51,-9.210340371976182,-9.210340371976182,-9.215498184093658
female,20-21,52,-9.210340371976182,-9.210340371976182,-9.215498184093658
female,22-23,-52,-9.210340371976182,-9.210340371976182,-9.210430439200763
female,22-23,-51,-9.210340371976182,-9.210340371976182,-9.210430439200763
female,22-23,-50,-9.210340371976182,-9.210340371976182,-9.210430439200763
female,22-23,-49,-9.210340371976182,-9.210340371976182,-9.210430439200763
female,22-23,-48,-9.210340371976182,-9.210340371976182,-9.210430439200763
female,22-23,-47,-9.210340371976182,-9.210340371976182,-9.210430439200763
female,22-23,-46,-9.210340371976182,-9.210340371976182,-9.210430439200763
female,22-23,-45,-9.210340371976182,-9.210340371976182,-9.210430439200763
female,22-23,-44,-9.210340371976182,-9.210340371976182,-9.210430439200763
female,22-23,-43,-9.210340371976182,-9.210340371976182,-9.210430439200763
female,22-23,-42,-9.210340371976182,-9.210340371976182,-9.210430439200763
female,22-23,-41,-9.210340371976182,-9.210340371976182,-9.210430439200763
female,22-23,-40,-9.210340371976182,-9.210340371976182,-9.210430439200763
female,22-23,-39,-9.210340371976182,-9.210340371976182,-9.210430439200763
female,22-23,-38,-9.210340371976182,-9.210340371976182,-9.210430439200763
female,22-23,-37,-9.210340371976182,-9.210340371976182,-9.210430439200763
female,22-23,-36,-9.210340371976182,-9.210340371976182,-9.210430439200763
female,22-23,-35,-9.210340371976182,-9.210340371976182,-9.210430439200763
female,22-23,-34,-9.210340371976182,-9.210340371976182,-9.210430439200763
female,22-23,-33,-9.210340371976182,-9.210340371976182,-9.210430439200763
female,22-23,-32,-9.210340371976182,-9.210340371976182,-9.210430439200763
female,22-23,-31,-9.210340371976182,-9.210340371976182,-9.210430439200763
female,22-23,-30,-9.210340371976182,-9.210340371976182,-9.210430439200763
female,22-23,-29,-9.210340371976182,-9.210340371976182,-9.210430439200763
female,22-23,-28,-9.210340371976182,-9.210340371976182,-9.210430439200763
female,22-23,-27,-9.210340371976182,-9.210340371976182,-9.210430439200763
female,22-23,-26,-9.210340371976182,-9.210340371976182,-9.210430439200763
female,22-23,-25,-9.210340371976182,-9.210340371976182,-9.210430439200763
female,22-23,-24,-9.210340371976182,-9.210340371976182,-9.210430439200763
female,22-23,-23,-9.210340371976182,-9.210340371976182,-9.210430439200763
female,22-23,-22,-9.210340371976182,-9.210340371976182,-9.210430439200763
female,22-23,-21,-9.210340371976182,-9.210340371976182,-9.210430439200763
female,22-23,-20,-9.210340371976182,-9.210340371976182,-9.210430439200763
female,22-23,-19,-9.210340371976182,-9.210340371976182,-9.210430439200763
female,22-23,-18,-9.210340371976182,-9.210340371976182,-9.210430439200763
female,22-23,-17,-9.210340371976182,-9.210340371976182,-9.210430439200763
female,22-23,-16,-9.210340371976182,-9.210340371976182,-9.210430439200763
female,22-23,-15,-9.210340371976182,-9.210340371976182,-9.210430439200763
female,22-23,-14,-9.210340371976182,-3.6561950337084173,-3.6562851009329984
female,22-23,-13,-9.210340371976182,-3.6561950337084173,-3.6562851009329984
female,22-23,-12,-9.210340371976182,-3.6561950337084173,-3.6562851009329984
female,22-23,-11,-9.210340371976182,-3.6561950337084173,-3.6562851009329984
female,22-23,-10,-9.210340371976182,-3.6561950337084173,-3.6562851009329984
female,22-23,-9,-9.210340371976182,-3.6561950337084173,-3.6562851009329984
female,22-23,-8,-9.210340371976182,-3.6561950337084173,-3.6562851009329984
female,22-23,-7,-9.210340371976182,-3.6561950337084177,-3.656285100932999
female,22-23,-6,-9.210340371976182,-3.6561950337297797,-3.656285100954361
female,22-23,-5,-3.6561950337073617,-3.656384765735691,-3.656474832960272
female,22-23,-4,-4.043491558254211,-4.041265841274513,-4.041355908499094
female,22-23,-3,-2.0389278508626942,-2.0380478360024497,-2.038137903227031
female,22-23,-2,-0.5346166223543718,-0.5340704165922242,-0.5341604838168051
female,22-23,-1,0.7035953558318897,0.7039302796794343,0.7038402124548534
female,22-23,0,1.7175807958429092,1.7173631227551267,1.7172730555305458
female,22-23,1,1.7185986705785414,1.7185089483658302,1.7184188811412493
female,22-23,2,1.3971293926408843,1.3971720135167005,1.3970819462921196
female,22-23,3,1.075325980424854,1.0753611749124024,1.0752711076878214
female,22-23,4,0.7107821656933876,0.7108607488450436,0.7107706816204626
female,22-23,5,0.4358660105899855,0.43587771400380493,0.43578764677922394
female,22-23,6,0.05251759781729852,0.0526233862599583,0.05253331903537732
female,22-23,7,-0.15271353132462762,-0.15272437471310246,-0.15281444193768343
female,22-23,8,-0.4857383312543571,-0.4856366865258792,-0.4857267537504602
female,22-23,9,-0.6230222637345048,-0.6230250659844556,-0.6231151332090366
female,22-23,10,-0.820883350338034,-0.8208170937519264,-0.8209071609765073
female,22-23,11,-0.8616488454259159,-0.8617156780465207,-0.8618057452711017
female,22-23,12,-1.1566810178442928,-1.1566317088493785,-1.1567217760739594
female,22-23,13,-1.4128627544022558,-1.4128485449181207,-1.4129386121427017
female,22-23,14,-1.7584199628472972,-1.7581971908077987,-1.7582872580323796
female,22-23,15,-1.5522983515513615,-1.5523706591435757,-1.5524607263681567
female,22-23,16,-1.5725215925887854,-1.5726271401546594,-1.5727172073792404
female,22-23,17,-1.9772618417336867,-1.977193760574306,-1.977283827798887
female,22-23,18,-2.341805864629053,-2.3417360813674635,-2.3418261485920446
female,22-23,19,-2.656836124129023,-2.656567259878413,-2.656657327102994
female,22-23,20,-2.3057020081308917,-2.305854383433362,-2.305944450657943
female,22-23,21,-2.473723266937783,-2.4736276975306835,-2.4737177647552646
female,22-23,22,-2.3809064726420295,-2.381082935168912,-2.381173002393493
female,22-23,23,-2.998723330645136,-2.998312359533098,-2.998402426757679
female,22-23,24,-2.7082012321554476,-2.708160385790501,-2.708250453015082
female,22-23,25,-2.3851440561114816,-2.3854001648814838,-2.385490232106065
female,22-23,26,-3.0556234719652386,-3.055442005353004,-3.055532072577585
female,22-23,27,-3.5492834175046712,-3.549005766874672,-3.549095834099253
female,22-23,28,-3.351202941157538,-3.3513514092877723,-3.3514414765123535
female,22-23,29,-3.6616130214913354,-3.6614337017047944,-3.6615237689293756
female,22-23,30,-3.5099899698691917,-3.5101999455526114,-3.5102900127771925
female,22-23,31,-4.185369505692861,-4.184659677324587,-4.184749744549168
female,22-23,32,-3.4216539740057486,-3.422098108338489,-3.42218817556307
female,22-23,33,-4.998234780525439,-4.996021896365858,-4.9961119635904385
female,22-23,34,-3.6765489666844573,-3.6769557558183874,-3.6770458230429686
female,22-23,35,-4.317707422205482,-4.317267176834351,-4.317357244058932
female,22-23,36,-3.9617791793713972,-3.962125995794365,-3.9622160630189462
female,22-23,37,-5.212888499261569,-5.211609323831419,-5.211699391055999
female,22-23,38,-4.3283016740639955,-4.328463175820068,-4.328553243044649
female,22-23,39,-4.216850873971111,-4.21701771342865,-4.21710778065323
female,22-23,40,-4.722725945793772,-4.7226157066979715,-4.722705773922552
female,22-23,41,-5.163850759187739,-5.1639159046055445,-5.164005971830125
female,22-23,42,-6.797658983377384,-6.795128408938786,-6.795218476163367
female,22-23,43,-5.3108172425258715,-5.310434910193682,-5.310524977418263
female,22-23,44,-4.188346716438697,-4.188840521761267,-4.188930588985848
female,22-23,45,-5.8086988171860074,-5.806245689984494,-5.806335757209075
female,22-23,46,-4.374822976245579,-4.375282302572825,-4.375372369797406
female,22-23,47,-5.263478088825416,-5.262555178037956,-5.2626452452625365
female,22-23,48,-3.860094133347649,-3.860702385555812,-3.860792452780393
female,22-23,49,-9.210340371976182,-3.8600941334162333,-3.8601842006408145
female,22-23,50,-9.210340371976182,-3.860094133347749,-3.86018420057233
female,22-23,51,-9.210340371976182,-3.860094133347749,-3.86018420057233
female,22-23,52,-9.210340371976182,-3.860094133347749,-3.86018420057233
female,24-25,-52,-9.210340371976182,-9.210340371976182,-9.210507003029509
female,24-25,-51,-9.210340371976182,-9.210340371976182,-9.210507003029509
female,24-25,-50,-9.210340371976182,-9.210340371976182,-9.210507003029509
female,24-25,-49,-9.210340371976182,-9.210340371976182,-9.210507003029509
female,24-25,-48,-9.210340371976182,-9.210340371976182,-9.210507003029509
female,24-25,-47,-9.210340371976182,-9.210340371976182,-9.210507003029509
female,24-25,-46,-9.210340371976182,-9.210340371976182,-9.210507003029509
female,24-25,-45,-9.210340371976182,-9.210340371976182,-9.210507003029509
female,24-25,-44,-9.210340371976182,-9.210340371976182,-9.210507003029509
female,24-25,-43,-9.210340371976182,-9.210340371976182,-9.210507003029509
female,24-25,-42,-9.210340371976182,-9.210340371976182,-9.210507003029509
female,24-25,-41,-9.210340371976182,-9.210340371976182,-9.210507003029509
female,24-25,-40,-9.210340371976182,-9.210340371976182,-9.210507003029509
female,24-25,-39,-9.210340371976182,-9.210340371976182,-9.210507003029509
female,24-25,-38,-9.210340371976182,-9.210340371976182,-9.210507003029509
female,24-25,-37,-9.210340371976182,-9.210340371976182,-9.210507003029509
female,24-25,-36,-9.210340371976182,-9.210340371976182,-9.210507003029509
female,24-25,-35,-9.210340371976182,-9.210340371976182,-9.210507003029509
female,24-25,-34,-9.210340371976182,-9.210340371976182,-9.210507003029509
female,24-25,-33,-9.210340371976182,-9.210340371976182,-9.210507003029509
female,24-25,-32,-9.210340371976182,-9.210340371976182,-9.210507003029509
female,24-25,-31,-9.210340371976182,-9.210340371976182,-9.210507003029509
female,24-25,-30,-9.210340371976182,-9.210340371976182,-9.210507003029509
female,24-25,-29,-9.210340371976182,-9.210340371976182,-9.210507003029509
female,24-25,-28,-9.210340371976182,-9.210340371976182,-9.210507003029509
female,24-25,-27,-9.210340371976182,-9.210340371976182,-9.210507003029509
female,24-25,-26,-9.210340371976182,-9.210340371976182,-9.210507003029509
female,24-25,-25,-9.210340371976182,-9.210340371976182,-9.210507003029509
female,24-25,-24,-9.210340371976182,-9.210340371976182,-9.210507003029509
female,24-25,-23,-9.210340371976182,-9.210340371976182,-9.210507003029509
female,24-25,-22,-9.210340371976182,-9.210340371976182,-9.210507003029509
female,24-25,-21,-9.210340371976182,-9.210340371976182,-9.210507003029509
female,24-25,-20,-9.210340371976182,-9.210340371976182,-9.210507003029509
female,24-25,-19,-9.210340371976182,-9.210340371976182,-9.210507003029509
female,24-25,-18,-9.210340371976182,-9.210340371976182,-9.210507003029509
female,24-25,-17,-9.210340371976182,-9.210340371976182,-9.210507003029509
female,24-25,-16,-9.210340371976182,-5.364897286135046,-5.365063917188374
female,24-25,-15,-9.210340371976182,-5.364897286135046,-5.365063917188374
female,24-25,-14,-9.210340371976182,-5.364897286135046,-5.365063917188374
female,24-25,-13,-9.210340371976182,-5.364897286135046,-5.365063917188374
female,24-25,-12,-9.210340371976182,-5.364897286135046,-5.365063917188374
female,24-25,-11,-9.210340371976182,-5.364897286135046,-5.365063917188374
female,24-25,-10,-9.210340371976182,-5.364897286135046,-5.365063917188374
female,24-25,-9,-9.210340371976182,-5.364897286135046,-5.365063917188374
female,24-25,-8,-9.210340371976182,-5.3648972860227415,-5.365063917076069
female,24-25,-7,-5.364897286133868,-5.363900452588893,-5.364067083642221
female,24-25,-6,-4.407644550496705,-4.406984890468432,-4.40715152152176
female,24-25,-5,-3.2170217309736064,-3.216631607356266,-3.2167982384095937
female,24-25,-4,-2.1712785421634333,-2.171040013790794,-2.1712066448441214
female,24-25,-3,-1.3161009479620915,-1.3156841445566858,-1.3158507756100135
female,24-25,-2,-0.287517376268409,-0.2869759040692236,-0.2871425351225512
female,24-25,-1,0.8957969987065312,0.8959868573832934,0.8958202263299657
female,24-25,0,1.7250218013228182,1.7248173753688514,1.7246507443155237
female,24-25,1,1.689178961339482,1.6891220396473585,1.6889554085940308
female,24-25,2,1.444452456362151,1.4444714225943662,1.4443047915410385
female,24-25,3,1.1617327657838543,1.1617511832692682,1.1615845522159405
female,24-25,4,0.7930973474312364,0.7931751291442927,0.793008498090965
female,24-25,5,0.5071471876985151,0.5071880029239536,0.5070213718706259
female,24-25,6,0.24311507520017442,0.2431529108022222,0.24298627974889456
female,24-25,7,-0.013898161437645726,-0.013842722206475557,-0.01400935325980321
female,24-25,8,-0.19325917333415257,-0.19323651895874508,-0.19340315001207273
female,24-25,9,-0.36256863969208364,-0.36255444167164375,-0.3627210727249714
female,24-25,10,-0.5442061288152591,-0.5442538053244013,-0.544420436377729
female,24-25,11,-1.015259208560077,-1.0150823870117758,-1.0152490180651035
female,24-25,12,-1.149254879799609,-1.1492373537823197,-1.1494039848356474
female,24-25,13,-1.2652227732766927,-1.2652252478291626,-1.2653918788824903
female,24-25,14,-1.41966530350596,-1.4196568913941254,-1.4198235224474531
female,24-25,15,-1.580523941358996,-1.580577245808481,-1.5807438768618087
female,24-25,16,-2.0097705283206766,-2.0095460557429825,-2.00971268679631
female,24-25,17,-1.9004978035621807,-1.900526056439243,-1.9006926874925707
female,24-25,18,-1.8736241771814943,-1.8736381763328263,-1.873804807386154
female,24-25,19,-1.8887523074649037,-1.8887486399924076,-1.8889152710457353
female,24-25,20,-1.8938219383545833,-1.894004047859097,-1.8941706789124246
female,24-25,21,-2.7593677235615828,-2.758951024886152,-2.7591176559394794
female,24-25,22,-3.0087841528060664,-3.008626594844015,-3.0087932258973424
female,24-25,23,-2.851194439113774,-2.85133867509541,-2.8515053061487374
female,24-25,24,-3.184963270369349,-3.1847211172416454,-3.184887748294973
female,24-25,25,-2.91054530216723,-2.9107295707406586,-2.910896201793986
female,24-25,26,-3.2917956647183084,-3.2916226819325423,-3.2917893129858697
female,24-25,27,-3.236873948516552,-3.2370618413447687,-3.237228472398096
female,24-25,28,-3.927202139424365,-3.9265690917300633,-3.926735722783391
female,24-25,29,-3.2778228343616687,-3.278096196036937,-3.2782628270902645
female,24-25,30,-3.6876317331097503,-3.687420828914703,-3.6875874599680305
female,24-25,31,-3.5728105753762165,-3.573059393691545,-3.5732260247448724
female,24-25,32,-4.573900726686866,-4.573046044651747,-4.573212675705075
female,24-25,33,-3.9764456903046552,-3.9768254978277295,-3.976992128881057
female,24-25,34,-5.1318427429350555,-5.130843888705169,-5.1310105197584965
female,24-25,35,-4.545979357849948,-4.545774294145779,-4.5459409251991065
female,24-25,36,-3.8277794680272987,-3.8281842215973736,-3.828350852650701
female,24-25,37,-5.103966477103747,-5.1031412530554086,-5.1033078841087365
female,24-25,38,-5.380219124462207,-5.379792943374822,-5.37995957442815
female,24-25,39,-4.699596809365209,-4.699669703935658,-4.699836334988986
female,24-25,40,-4.433049054943661,-4.433402215223988,-4.433568846277316
female,24-25,41,-6.353103674719193,-6.35014516477936,-6.350311795832688
female,24-25,42,-5.009300789811722,-5.009692443424772,-5.0098590744781
female,24-25,43,-5.536849071587117,-5.5364597544393,-5.536626385492628
female,24-25,44,-5.164450214816397,-5.164115794290068,-5.164282425343396
female,24-25,45,-4.3051824121243065,-4.30548535316201,-4.305651984215338
female,24-25,46,-5.485816540584193,-5.484128470286339,-5.484295101339667
female,24-25,47,-9.210340371976182,-5.485816540394144,-5.485983171447472
female,24-25,48,-9.210340371976182,-5.485816540584414,-5.485983171637742
female,24-25,49,-9.210340371976182,-5.485816540584414,-5.485983171637742
female,24-25,50,-9.210340371976182,-5.485816540584414,-5.485983171637742
female,24-25,51,-9.210340371976182,-5.485816540584414,-5.485983171637742
female,24-25,52,-9.210340371976182,-5.485816540584414,-5.485983171637742
female,26-27,-52,-9.210340371976182,-9.210340371976182,-9.210583918369222
female,26-27,-51,-9.210340371976182,-9.210340371976182,-9.210583918369222
female,26-27,-50,-9.210340371976182,-9.210340371976182,-9.210583918369222
female,26-27,-49,-9.210340371976182,-9.210340371976182,-9.210583918369222
female,26-27,-48,-9.210340371976182,-9.210340371976182,-9.210583918369222
female,26-27,-47,-9.210340371976182,-9.210340371976182,-9.210583918369222
female,26-27,-46,-9.210340371976182,-9.210340371976182,-9.210583918369222
female,26-27,-45,-9.210340371976182,-9.210340371976182,-9.210583918369222
female,26-27,-44,-9.210340371976182,-9.210340371976182,-9.210583918369222
female,26-27,-43,-9.210340371976182,-9.210340371976182,-9.210583918369222
female,26-27,-42,-9.210340371976182,-9.210340371976182,-9.210583918369222
female,26-27,-41,-9.210340371976182,-9.210340371976182,-9.210583918369222
female,26-27,-40,-9.210340371976182,-9.210340371976182,-9.210583918369222
female,26-27,-39,-9.210340371976182,-9.210340371976182,-9.210583918369222
female,26-27,-38,-9.210340371976182,-9.210340371976182,-9.210583918369222
female,26-27,-37,-9.210340371976182,-9.210340371976182,-9.210583918369222
female,26-27,-36,-9.210340371976182,-9.210340371976182,-9.210583918369222
female,26-27,-35,-9.210340371976182,-9.210340371976182,-9.210583918369222
female,26-27,-34,-9.210340371976182,-9.210340371976182,-9.210583918369222
female,26-27,-33,-9.210340371976182,-9.210340371976182,-9.210583918369222
female,26-27,-32,-9.210340371976182,-9.210340371976182,-9.210583918369222
female,26-27,-31,-9.210340371976182,-9.210340371976182,-9.210583918369222
female,26-27,-30,-9.210340371976182,-9.210340371976182,-9.210583918369222
female,26-27,-29,-9.210340371976182,-9.210340371976182,-9.210583918369222
female,26-27,-28,-9.210340371976182,-9.210340371976182,-9.210583918369222
female,26-27,-27,-9.210340371976182,-9.210340371976182,-9.210583918369222
female,26-27,-26,-9.210340371976182,-9.210340371976182,-9.210583918369222
female,26-27,-25,-9.210340371976182,-9.210340371976182,-9.210583918369222
female,26-27,-24,-9.210340371976182,-9.210340371976182,-9.210583918369222
female,26-27,-23,-9.210340371976182,-9.210340371976182,-9.210583918369222
female,26-27,-22,-9.210340371976182,-9.210340371976182,-9.210583918369222
female,26-27,-21,-9.210340371976182,-9.210340371976182,-9.210583918369222
female,26-27,-20,-9.210340371976182,-9.210340371976182,-9.210583918369222
female,26-27,-19,-9.210340371976182,-9.210340371976182,-9.210583918369222
female,26-27,-18,-9.210340371976182,-9.210340371976182,-9.210583918369222
female,26-27,-17,-9.210340371976182,-9.210340371976182,-9.210583918369222
female,26-27,-16,-9.210340371976182,-9.210340371976182,-9.210583918369222
female,26-27,-15,-9.210340371976182,-9.210340371976182,-9.210583918369222
female,26-27,-14,-9.210340371976182,-9.210340371976182,-9.210583918369222
female,26-27,-13,-9.210340371976182,-9.210340371976182,-9.210583918369222
female,26-27,-12,-9.210340371976182,-9.210340371976182,-9.210583918369222
female,26-27,-11,-9.210340371976182,-9.210340371976182,-9.210583918369222
female,26-27,-10,-9.210340371976182,-9.210340371976182,-9.210583918369222
female,26-27,-9,-10.800016184429207,-9.210340371976182,-9.210583918369222
female,26-27,-8,-5.780556943816831,-5.778822920989213,-5.779066467382252
female,26-27,-7,-3.8887749351517082,-3.8888622293730726,-3.889105775766112
female,26-27,-6,-3.4358604228911758,-3.4355065033104726,-3.435750049703512
female,26-27,-5,-2.561796920503027,-2.5614930295858205,-2.56173657597886
female,26-27,-4,-1.6695686053562595,-1.6694013892608501,-1.6696449356538896
female,26-27,-3,-0.944017917811185,-0.9437124349210141,-0.9439559813140536
female,26-27,-2,-0.050230628419586684,-0.0498837329131005,-0.050127279306139985
female,26-27,-1,0.9360932870902477,0.9362814919458969,0.9360379455528575
female,26-27,0,1.7503730728288907,1.7501724897749116,1.749928943381872
female,26-27,1,1.7315616339143167,1.7314998127125198,1.7312562663194804
female,26-27,2,1.486381128423158,1.4864039679579082,1.4861604215648687
female,26-27,3,1.2202142219476475,1.2202340129319953,1.2199904665389558
female,26-27,4,0.905076547531412,0.9051523549756691,0.9049088085826297
female,26-27,5,0.7038295840794685,0.7038345158442202,0.7035909694511807
female,26-27,6,0.4228551255253135,0.42293048002149447,0.422686933628455
female,26-27,7,0.2778003628531101,0.2777825155850273,0.27753896919198784
female,26-27,8,0.009974395103423853,0.010007644650040014,0.00976409825700053
female,26-27,9,-0.2645502128736584,-0.2644534565965865,-0.26469700298962595
female,26-27,10,-0.3198100170113936,-0.31989086546852913,-0.3201344118615686
female,26-27,11,-0.7061583867648876,-0.7060582108938689,-0.7063017572869084
female,26-27,12,-0.9400611657530534,-0.9400008351990607,-0.9402443815921002
female,26-27,13,-1.0399605774351826,-1.0399463479917772,-1.0401898943848167
female,26-27,14,-1.1079262309330735,-1.1079448803746321,-1.1081884267676716
female,26-27,15,-1.2570692973428024,-1.2571278975904487,-1.2573714439834882
female,26-27,16,-1.6996269144440037,-1.6993877478454615,-1.699631294238501
female,26-27,17,-1.5637090609390891,-1.5638423571431959,-1.5640859035362353
female,26-27,18,-1.8827703259836666,-1.882667534871872,-1.8829110812649115
female,26-27,19,-1.9712772472525368,-1.9712048650421545,-1.971448411435194
female,26-27,20,-1.8542629082405973,-1.8544922443815854,-1.854735790774625
female,26-27,21,-2.6787287689194432,-2.6782595584660034,-2.678503104859043
female,26-27,22,-2.554029183943336,-2.5540656511448065,-2.554309197537846
female,26-27,23,-2.546947536566903,-2.547059521359892,-2.5473030677529316
female,26-27,24,-2.938142731256902,-2.937959996350669,-2.9382035427437083
female,26-27,25,-2.8681995836820713,-2.8682926972155633,-2.868536243608603
female,26-27,26,-3.0993621127835524,-3.0993343136955014,-3.099577860088541
female,26-27,27,-3.290906797709124,-3.290739488723634,-3.2909830351166733
female,26-27,28,-3.03750245599105,-3.0377209748461595,-3.037964521239199
female,26-27,29,-3.5989273629180243,-3.59860796264161,-3.5988515090346493
female,26-27,30,-3.4208644398961368,-3.420914008036075,-3.4211575544291146
female,26-27,31,-3.4059541794904646,-3.406086731704255,-3.4063302780972946
female,26-27,32,-3.8810798230204755,-3.8808825851151254,-3.881126131508165
female,26-27,33,-3.896357609632739,-3.896423452178651,-3.8966669985716904
female,26-27,34,-4.135692548438073,-4.1357245112481875,-4.135968057641227
female,26-27,35,-4.621357000549683,-4.620983837583246,-4.621227383976286
female,26-27,36,-4.235629044285507,-4.235896574309954,-4.236140120702993
female,26-27,37,-4.89708946744626,-4.896478230927498,-4.896721777320537
female,26-27,38,-4.256630840046844,-4.257035229031342,-4.257278775424381
female,26-27,39,-5.644497486345323,-5.642781053657811,-5.64302460005085
female,26-27,40,-4.528680945107428,-4.528896563704209,-4.529140110097249
female,26-27,41,-4.4646806860731365,-4.4648481791821455,-4.465091725575185
female,26-27,42,-5.0706932388296115,-5.070482710572431,-5.070726256965471
female,26-27,43,-5.357932628081629,-5.357776754417795,-5.358020300810835
female,26-27,44,-5.123472590473819,-5.123622743591003,-5.123866289984043
female,26-27,45,-9.210340371976182,-5.123472590490957,-5.1237161368839965
female,26-27,46,-9.210340371976182,-5.123472590474049,-5.123716136867088
female,26-27,47,-9.210340371976182,-5.123472590474048,-5.123716136867087
female,26-27,48,-9.210340371976182,-5.123472590474048,-5.123716136867087
female,26-27,49,-9.210340371976182,-5.123472590474048,-5.123716136867087
female,26-27,50,-9.210340371976182,-5.123472590474049,-5.123716136867088
female,26-27,51,-9.210340371976182,-5.123472590474049,-5.123716136867088
female,26-27,52,-9.210340371976182,-5.123472590474048,-5.123716136867087
female,28-29,-52,-9.210340371976182,-9.210340371976182,-9.211381743745404
female,28-29,-51,-9.210340371976182,-9.210340371976182,-9.211381743745404
female,28-29,-50,-9.210340371976182,-9.210340371976182,-9.211381743745404
female,28-29,-49,-9.210340371976182,-9.210340371976182,-9.211381743745404
female,28-29,-48,-9.210340371976182,-9.210340371976182,-9.211381743745404
female,28-29,-47,-9.210340371976182,-9.210340371976182,-9.211381743745404
female,28-29,-46,-9.210340371976182,-9.210340371976182,-9.211381743745404
female,28-29,-45,-9.210340371976182,-9.210340371976182,-9.211381743745404
female,28-29,-44,-9.210340371976182,-9.210340371976182,-9.211381743745404
female,28-29,-43,-9.210340371976182,-9.210340371976182,-9.211381743745404
female,28-29,-42,-9.210340371976182,-9.210340371976182,-9.211381743745404
female,28-29,-41,-9.210340371976182,-9.210340371976182,-9.211381743745404
female,28-29,-40,-9.210340371976182,-9.210340371976182,-9.211381743745404
female,28-29,-39,-9.210340371976182,-9.210340371976182,-9.211381743745404
female,28-29,-38,-9.210340371976182,-9.210340371976182,-9.211381743745404
female,28-29,-37,-9.210340371976182,-9.210340371976182,-9.211381743745404
female,28-29,-36,-9.210340371976182,-9.210340371976182,-9.211381743745404
female,28-29,-35,-9.210340371976182,-9.210340371976182,-9.211381743745404
female,28-29,-34,-9.210340371976182,-9.210340371976182,-9.211381743745404
female,28-29,-33,-9.210340371976182,-9.210340371976182,-9.211381743745404
female,28-29,-32,-9.210340371976182,-9.210340371976182,-9.211381743745404
female,28-29,-31,-9.210340371976182,-9.210340371976182,-9.211381743745404
female,28-29,-30,-9.210340371976182,-6.1687682134867465,-6.169809585255969
female,28-29,-29,-9.210340371976182,-6.16876821348675,-6.1698095852559725
female,28-29,-28,-9.210340371976182,-6.16876821348675,-6.1698095852559725
female,28-29,-27,-9.210340371976182,-6.16876821348675,-6.1698095852559725
female,28-29,-26,-9.210340371976182,-6.16876821348675,-6.1698095852559725
female,28-29,-25,-9.210340371976182,-6.16876821348675,-6.1698095852559725
female,28-29,-24,-9.210340371976182,-6.16876821348675,-6.1698095852559725
female,28-29,-23,-9.210340371976182,-6.16876821348675,-6.1698095852559725
female,28-29,-22,-9.210340371976182,-6.16876821348675,-6.1698095852559725
female,28-29,-21,-9.210340371976182,-6.16876821348675,-6.1698095852559725
female,28-29,-20,-9.210340371976182,-6.16876821348675,-6.1698095852559725
female,28-29,-19,-9.210340371976182,-6.168768213486754,-6.169809585255976
female,28-29,-18,-9.210340371976182,-6.168768213486931,-6.169809585256154
female,28-29,-17,-9.210340371976182,-6.16876821349666,-6.169809585265883
female,28-29,-16,-9.210340371976182,-6.168768214027831,-6.169809585797053
female,28-29,-15,-9.210340371976182,-6.168768243028764,-6.169809614797987
female,28-29,-14,-9.210340371976182,-6.168769826424724,-6.169811198193947
female,28-29,-13,-9.210340371976182,-6.1688562728692675,-6.16989764463849
female,28-29,-12,-9.210340371976182,-6.173564064076803,-6.174605435846026
female,28-29,-11,-6.168771386159615,-6.399560852556185,-6.400602224325407
female,28-29,-10,-9.210340371976182,-6.769566449875798,-6.7706078216450205
female,28-29,-9,-4.710331121507468,-4.783257617506251,-4.784298989275474
female,28-29,-8,-4.43632515344589,-4.2812527667062,-4.2822941384754225
female,28-29,-7,-3.4192971735393383,-3.367070179829267,-3.3681115515984894
female,28-29,-6,-2.6864136917669943,-2.6537539960133,-2.6547953677825222
female,28-29,-5,-2.101738369423974,-2.0308522325923177,-2.03189360436154
female,28-29,-4,-1.3459090839260626,-1.301210238171168,-1.3022516099403905
female,28-29,-3,-0.6625352680505229,-0.576542351240518,-0.5775837230097404
female,28-29,-2,0.2106933608766737,0.28382646226978275,0.28278509050056044
female,28-29,-1,1.0780656938922906,1.1172142947809183,1.116172923011696
female,28-29,0,1.794794846420845,1.729440833354454,1.7283994615852316
female,28-29,1,1.7421192470055267,1.7290076331226076,1.7279662613533853
female,28-29,2,1.5356741558447042,1.5464593354874998,1.5454179637182774
female,28-29,3,1.367813289125939,1.363921875273597,1.3628805035043747
female,28-29,4,1.0746438537462617,1.0928606438130541,1.0918192720438318
female,28-29,5,0.8361427403380304,0.8430413181222445,0.8419999463530221
female,28-29,6,0.5592320617869886,0.5771236892425629,0.5760823174733405
female,28-29,7,0.35992849301341673,0.369514397347055,0.3684730255778327
female,28-29,8,0.18522659204233086,0.1924726753254048,0.19143130355618246
female,28-29,9,0.024549711155029307,0.02755486588813283,0.026513494118910495
female,28-29,10,-0.15387454507117565,-0.15340545318739537,-0.1544468249566177
female,28-29,11,-0.37742393445355704,-0.38007986413389266,-0.381121235903115
female,28-29,12,-0.7197443290622276,-0.6883908255384831,-0.6894321973077054
female,28-29,13,-0.870273330569231,-0.8805688666799721,-0.8816102384491945
female,28-29,14,-1.1987031563203188,-1.166936533188345,-1.1679779049575674
female,28-29,15,-1.3070284848925644,-1.3031758062941843,-1.3042171780634066
female,28-29,16,-1.3970222542872974,-1.4131385357318813,-1.4141799075011037
female,28-29,17,-1.698725332273557,-1.670866372350023,-1.6719077441192454
female,28-29,18,-1.8179536746574574,-1.8151147482640406,-1.816156120033263
female,28-29,19,-1.9297089103933895,-1.934287598024086,-1.9353289697933083
female,28-29,20,-2.101483949198022,-2.114100701628628,-2.1151420733978505
female,28-29,21,-2.4478185171484754,-2.4077273629122375,-2.40876873468146
female,28-29,22,-2.4653361769141786,-2.444429020977359,-2.4454703927465813
female,28-29,23,-2.297802699975652,-2.349549436011865,-2.3505908077810873
female,28-29,24,-2.6734831180238916,-2.6386397645019892,-2.6396811362712116
female,28-29,25,-2.7994261362540502,-2.781862602808743,-2.7829039745779656
female,28-29,26,-2.769076542387461,-2.8033581662851996,-2.804399538054422
female,28-29,27,-3.1090174441455765,-3.065310829644533,-3.066352201413755
female,28-29,28,-3.0971276981789932,-3.133616474942457,-3.1346578467116792
female,28-29,29,-3.4843291517606274,-3.4234705225160225,-3.424511894285245
female,28-29,30,-3.368566503717714,-3.4636735504986707,-3.464714922267893
female,28-29,31,-4.651177026221679,-4.328463446931149,-4.3295048187003715
female,28-29,32,-3.9392404370762555,-4.021722574397605,-4.022763946166827
female,28-29,33,-4.214405387589577,-4.160065514558486,-4.161106886327708
female,28-29,34,-4.031809835479317,-4.082093485846635,-4.083134857615858
female,28-29,35,-4.384303485882379,-4.364131134264524,-4.365172506033747
female,28-29,36,-4.677418235715016,-4.6719079769181215,-4.672949348687344
female,28-29,37,-5.064744482933724,-5.0707753280214005,-5.071816699790623
female,28-29,38,-5.948413924516335,-5.555309674531858,-5.556351046301081
female,28-29,39,-4.519933736638922,-4.701067235427946,-4.702108607197168
female,28-29,40,-6.100210864079679,-5.46789668576406,-5.468938057533283
female,28-29,41,-4.416815642858787,-4.575281887859205,-4.576323259628428
female,28-29,42,-8.523921398368262,-5.86787231083775,-5.868913682606973
female,28-29,43,-9.210340371976182,-8.253941458722705,-8.254982830491928
female,28-29,44,-9.210340371976182,-8.518228801096496,-8.519270172865719
female,28-29,45,-9.210340371976182,-8.523813718929736,-8.524855090698958
female,28-29,46,-9.210340371976182,-8.523916311481846,-8.524957683251069
female,28-29,47,-9.210340371976182,-8.52391819063142,-8.524959562400642
female,28-29,48,-9.210340371976182,-8.523918225049279,-8.524959596818501
female,28-29,49,-9.210340371976182,-8.523918225679664,-8.524959597448886
female,28-29,50,-9.210340371976182,-8.52391822569121,-8.524959597460432
female,28-29,51,-9.210340371976182,-8.523918225691421,-8.524959597460644
female,28-29,52,-9.210340371976182,-8.523918225691425,-8.524959597460647
female,30-31,-52,-9.210340371976182,-9.210340371976182,-9.210734378156998
female,30-31,-51,-9.210340371976182,-9.210340371976182,-9.210734378156998
female,30-31,-50,-9.210340371976182,-9.210340371976182,-9.210734378156998
female,30-31,-49,-9.210340371976182,-9.210340371976182,-9.210734378156998
female,30-31,-48,-9.210340371976182,-9.210340371976182,-9.210734378156998
female,30-31,-47,-9.210340371976182,-9.210340371976182,-9.210734378156998
female,30-31,-46,-9.210340371976182,-9.210340371976182,-9.210734378156998
female,30-31,-45,-9.210340371976182,-9.210340371976182,-9.210734378156998
female,30-31,-44,-9.210340371976182,-9.210340371976182,-9.210734378156998
female,30-31,-43,-9.210340371976182,-9.210340371976182,-9.210734378156998
female,30-31,-42,-9.210340371976182,-9.210340371976182,-9.210734378156998
female,30-31,-41,-9.210340371976182,-9.210340371976182,-9.210734378156998
female,30-31,-40,-9.210340371976182,-9.210340371976182,-9.210734378156998
female,30-31,-39,-9.210340371976182,-9.210340371976182,-9.210734378156998
female,30-31,-38,-9.210340371976182,-9.210340371976182,-9.210734378156998
female,30-31,-37,-9.210340371976182,-9.210340371976182,-9.210734378156998
female,30-31,-36,-9.210340371976182,-9.210340371976182,-9.210734378156998
female,30-31,-35,-9.210340371976182,-9.210340371976182,-9.210734378156998
female,30-31,-34,-9.210340371976182,-9.210340371976182,-9.210734378156998
female,30-31,-33,-9.210340371976182,-9.210340371976182,-9.210734378156998
female,30-31,-32,-9.210340371976182,-9.210340371976182,-9.210734378156998
female,30-31,-31,-9.210340371976182,-9.210340371976182,-9.210734378156998
female,30-31,-30,-9.210340371976182,-9.210340371976182,-9.210734378156998
female,30-31,-29,-9.210340371976182,-9.210340371976182,-9.210734378156998
female,30-31,-28,-9.210340371976182,-9.210340371976182,-9.210734378156998
female,30-31,-27,-9.210340371976182,-9.210340371976182,-9.210734378156998
female,30-31,-26,-9.210340371976182,-9.210340371976182,-9.210734378156998
female,30-31,-25,-9.210340371976182,-9.210340371976182,-9.210734378156998
female,30-31,-24,-9.210340371976182,-9.210340371976182,-9.210734378156998
female,30-31,-23,-9.210340371976182,-9.210340371976182,-9.210734378156998
female,30-31,-22,-9.210340371976182,-5.66854603803011,-5.668940044210926
female,30-31,-21,-9.210340371976182,-5.668546038030111,-5.668940044210927
female,30-31,-20,-9.210340371976182,-5.668546038030111,-5.668940044210927
female,30-31,-19,-9.210340371976182,-5.668546038030111,-5.668940044210927
female,30-31,-18,-9.210340371976182,-5.668546038030111,-5.668940044210927
female,30-31,-17,-9.210340371976182,-5.668546038030111,-5.668940044210927
female,30-31,-16,-9.210340371976182,-5.668546038030111,-5.668940044210927
female,30-31,-15,-9.210340371976182,-5.668546038030111,-5.668940044210927
female,30-31,-14,-9.210340371976182,-5.668546038010834,-5.6689400441916495
female,30-31,-13,-5.668546038028932,-5.66837487126832,-5.668768877449136
female,30-31,-12,-5.43880187151088,-5.438613259219503,-5.439007265400319
female,30-31,-11,-4.935079872612034,-4.935106649971693,-4.9355006561525085
female,30-31,-10,-4.669092335335726,-4.66875476568847,-4.669148771869286
female,30-31,-9,-3.877424656134364,-3.877422811256615,-3.877816817437431
female,30-31,-8,-3.461185189262799,-3.4609339802416925,-3.4613279864225084
female,30-31,-7,-2.740357200637247,-2.7402525156608166,-2.7406465218416325
female,30-31,-6,-2.140510705816352,-2.14033667947623,-2.140730685657046
female,30-31,-5,-1.450354611118618,-1.4502832745026766,-1.4506772806834922
female,30-31,-4,-0.8906671978778024,-0.8905852575597174,-0.890979263740533
female,30-31,-3,-0.3450344115530886,-0.3448143244762777,-0.34520833065709333
female,30-31,-2,0.42883543123381856,0.4289976506105511,0.4286036444297355
female,30-31,-1,1.1649147800947646,1.1650277443075248,1.1646337381267091
female,30-31,0,1.8203158187813087,1.8201371088347822,1.8197431026539665
female,30-31,1,1.7945471282933985,1.79450550584559,1.7941114996647745
female,30-31,2,1.6150442737794402,1.61506543717024,1.6146714309894243
female,30-31,3,1.4385387206992868,1.4385431932753556,1.43814918709454
female,30-31,4,1.2051559220387311,1.2051846703445608,1.2047906641637451
female,30-31,5,0.9747156400498859,0.9747605489576058,0.9743665427767901
female,30-31,6,0.8041323615048237,0.8041245876226162,0.8037305814418005
female,30-31,7,0.5303548695002874,0.5304037244432728,0.5300097182624571
female,30-31,8,0.3121439810783904,0.312136403819498,0.31174239763868233
female,30-31,9,-0.01464349948188324,-0.01450287969382169,-0.014896885874637349
female,30-31,10,0.017234453300783638,0.017137157240456342,0.016743151059640686
female,30-31,11,-0.3065531015755442,-0.3064571212826341,-0.3068511274634497
female,30-31,12,-0.44372287289722734,-0.4437306422063388,-0.44412464838715443
female,30-31,13,-0.6440451668452544,-0.6440436916397178,-0.6444376978205334
female,30-31,14,-0.9099416451080118,-0.9098834287197107,-0.9102774349005264
female,30-31,15,-1.0703714048990205,-1.0703318074007828,-1.0707258135815985
female,30-31,16,-1.1417468294419366,-1.1417333832795413,-1.142127389460357
female,30-31,17,-1.1797277827188868,-1.1798250471079255,-1.180219053288741
female,30-31,18,-1.5729444773395713,-1.572863581883852,-1.5732575880646675
female,30-31,19,-1.8310849464825318,-1.8310332990648817,-1.8314273052456973
female,30-31,20,-1.96855092297884,-1.9685909379696496,-1.9689849441504652
female,30-31,21,-2.2814559138715107,-2.2813174260124964,-2.2817114321933123
female,30-31,22,-2.242593049723062,-2.2427338201195393,-2.243127826300355
female,30-31,23,-2.7269851225531347,-2.7268550315814943,-2.72724903776231
female,30-31,24,-3.000599747952539,-3.0003184123575024,-3.0007124185383183
female,30-31,25,-2.5774661376008945,-2.577628878817569,-2.578022884998385
female,30-31,26,-2.725791495439002,-2.725891793734074,-2.7262857999148897
female,30-31,27,-3.3291171535301713,-3.328721979959444,-3.32911598614026
female,30-31,28,-3.0218878454794527,-3.022079461537278,-3.0224734677180938
female,30-31,29,-3.3781065045331378,-3.3780972140817913,-3.378491220262607
female,30-31,30,-3.8716228952746374,-3.8714182915827036,-3.8718122977635194
female,30-31,31,-3.9046201064736277,-3.9047461297462687,-3.9051401359270845
female,30-31,32,-4.451775382349587,-4.451387023749729,-4.451781029930545
female,30-31,33,-4.098350988406007,-4.098449302171344,-4.09884330835216
female,30-31,34,-4.084805559693091,-4.084872819078088,-4.085266825258904
female,30-31,35,-4.303701011384492,-4.303088536857456,-4.303482543038272
female,30-31,36,-3.3306419176100865,-3.3311283435950796,-3.3315223497758955
female,30-31,37,-5.133902051391502,-5.132066160857,-5.132460167037816
female,30-31,38,-4.963701143884963,-4.963540424591016,-4.963934430771832
female,30-31,39,-4.4572790510193645,-4.45747955924692,-4.457873565427736
female,30-31,40,-4.952531888565087,-4.9520914267696,-4.952485432950416
female,30-31,41,-9.210340371976182,-4.952531888515635,-4.952925894696451
female,30-31,42,-9.210340371976182,-4.952531888565248,-4.9529258947460635
female,30-31,43,-9.210340371976182,-4.952531888565247,-4.952925894746063
female,30-31,44,-9.210340371976182,-4.952531888565247,-4.952925894746063
female,30-31,45,-9.210340371976182,-4.952531888565247,-4.952925894746063
female,30-31,46,-9.210340371976182,-4.952531888565247,-4.952925894746063
female,30-31,47,-9.210340371976182,-4.952531888565247,-4.952925894746063
female,30-31,48,-9.210340371976182,-4.952531888565247,-4.952925894746063
female,30-31,49,-9.210340371976182,-4.952531888565247,-4.952925894746063
female,30-31,50,-9.210340371976182,-9.210340371976182,-9.210734378156998
female,30-31,51,-9.210340371976182,-9.210340371976182,-9.210734378156998
female,30-31,52,-9.210340371976182,-9.210340371976182,-9.210734378156998
female,32-33,-52,-9.210340371976182,-9.210340371976182,-9.210717888704371
female,32-33,-51,-9.210340371976182,-9.210340371976182,-9.210717888704371
female,32-33,-50,-9.210340371976182,-9.210340371976182,-9.210717888704371
female,32-33,-49,-9.210340371976182,-9.210340371976182,-9.210717888704371
female,32-33,-48,-9.210340371976182,-9.210340371976182,-9.210717888704371
female,32-33,-47,-9.210340371976182,-9.210340371976182,-9.210717888704371
female,32-33,-46,-9.210340371976182,-9.210340371976182,-9.210717888704371
female,32-33,-45,-9.210340371976182,-9.210340371976182,-9.210717888704371
female,32-33,-44,-9.210340371976182,-9.210340371976182,-9.210717888704371
female,32-33,-43,-9.210340371976182,-9.210340371976182,-9.210717888704371
female,32-33,-42,-9.210340371976182,-9.210340371976182,-9.210717888704371
female,32-33,-41,-9.210340371976182,-9.210340371976182,-9.210717888704371
female,32-33,-40,-9.210340371976182,-9.210340371976182,-9.210717888704371
female,32-33,-39,-9.210340371976182,-9.210340371976182,-9.210717888704371
female,32-33,-38,-9.210340371976182,-9.210340371976182,-9.210717888704371
female,32-33,-37,-9.210340371976182,-9.210340371976182,-9.210717888704371
female,32-33,-36,-9.210340371976182,-9.210340371976182,-9.210717888704371
female,32-33,-35,-9.210340371976182,-9.210340371976182,-9.210717888704371
female,32-33,-34,-9.210340371976182,-9.210340371976182,-9.210717888704371
female,32-33,-33,-9.210340371976182,-9.210340371976182,-9.210717888704371
female,32-33,-32,-9.210340371976182,-9.210340371976182,-9.210717888704371
female,32-33,-31,-9.210340371976182,-9.210340371976182,-9.210717888704371
female,32-33,-30,-9.210340371976182,-9.210340371976182,-9.210717888704371
female,32-33,-29,-9.210340371976182,-9.210340371976182,-9.210717888704371
female,32-33,-28,-9.210340371976182,-9.210340371976182,-9.210717888704371
female,32-33,-27,-9.210340371976182,-9.210340371976182,-9.210717888704371
female,32-33,-26,-9.210340371976182,-9.210340371976182,-9.210717888704371
female,32-33,-25,-9.210340371976182,-9.210340371976182,-9.210717888704371
female,32-33,-24,-9.210340371976182,-7.3886184940524124,-7.388996010780603
female,32-33,-23,-9.210340371976182,-7.3886184940524124,-7.388996010780603
female,32-33,-22,-9.210340371976182,-7.3886184940524124,-7.388996010780603
female,32-33,-21,-9.210340371976182,-7.3886184940524124,-7.388996010780603
female,32-33,-20,-9.210340371976182,-7.3886184940524124,-7.388996010780603
female,32-33,-19,-9.210340371976182,-7.3886184940524124,-7.388996010780603
female,32-33,-18,-9.210340371976182,-7.3886184940524124,-7.388996010780603
female,32-33,-17,-9.210340371976182,-7.3886184940524124,-7.388996010780603
female,32-33,-16,-9.210340371976182,-7.388618493847761,-7.388996010575951
female,32-33,-15,-7.388618494051272,-7.386802804231639,-7.387180320959829
female,32-33,-14,-6.0735861498821775,-6.0738114482658645,-6.074188964994055
female,32-33,-13,-6.428710131322311,-6.427769112098533,-6.428146628826723
female,32-33,-12,-5.217942493203071,-5.21763010784683,-5.21800762457502
female,32-33,-11,-4.268615739566747,-4.268390010147317,-4.268767526875507
female,32-33,-10,-3.4730799537376806,-3.473059219053396,-3.4734367357815863
female,32-33,-9,-3.0188753784691458,-3.0189000658540737,-3.019277582582264
female,32-33,-8,-2.7676511378220776,-2.767378684637403,-2.7677562013655934
female,32-33,-7,-2.0464535084838142,-2.0464557434011654,-2.0468332601293557
female,32-33,-6,-1.6164150601288145,-1.6163093651171383,-1.6166868818453286
female,32-33,-5,-1.0779943475627525,-1.0778937442982048,-1.0782712610263951
female,32-33,-4,-0.49900012649316483,-0.49895354799775543,-0.49933106472594574
female,32-33,-3,-0.014058742299525567,-0.013942535999587138,-0.014320052727777421
female,32-33,-2,0.5662675585096932,0.566443531819274,0.5660660150910837
female,32-33,-1,1.2993637479097497,1.2994373858842676,1.2990598691560773
female,32-33,0,1.9128194268844416,1.9126431543229534,1.912265637594763
female,32-33,1,1.8772950119273963,1.8772516039072833,1.876874087179093
female,32-33,2,1.6805070792877121,1.680535311184286,1.6801577944560957
female,32-33,3,1.5105787713903585,1.5105877757532784,1.510210259025088
female,32-33,4,1.3031172040482637,1.3031541574534498,1.3027766407252594
female,32-33,5,1.1407682786864812,1.1407507905405954,1.140373273812405
female,32-33,6,0.8537263808337875,0.8537798295840094,0.8534023128558191
female,32-33,7,0.6443061172306055,0.6443161113421093,0.643938594613919
female,32-33,8,0.40361699447094984,0.4036647353094714,0.4032872185812811
female,32-33,9,0.23768653069264273,0.23770684889763552,0.23732933216944524
female,32-33,10,0.08999695994148221,0.0899803029800946,0.08960278625190432
female,32-33,11,-0.16116051979293453,-0.16112467795460633,-0.1615021946827966
female,32-33,12,-0.37967911659926423,-0.37964543123983696,-0.38002294796802727
female,32-33,13,-0.5538240596735841,-0.5538195991608384,-0.5541971158890288
female,32-33,14,-0.7734193621102681,-0.7733731146767446,-0.7737506314049349
female,32-33,15,-0.9001186548594218,-0.9001328371553672,-0.9005103538835575
female,32-33,16,-1.0912403131595345,-1.0912404400947973,-1.0916179568229876
female,32-33,17,-1.3165877543335305,-1.3165171764913333,-1.3168946932195236
female,32-33,18,-1.3503305577384859,-1.3504136143226972,-1.3507911310508876
female,32-33,19,-1.6870484886104506,-1.6869783493631294,-1.6873558660913197
female,32-33,20,-1.9036945786990445,-1.9037102058612398,-1.9040877225894302
female,32-33,21,-2.2416067073131827,-2.2414617588272243,-2.2418392755554146
female,32-33,22,-2.2131916961085594,-2.2132585663337148,-2.213636083061905
female,32-33,23,-2.402723612600964,-2.4026144745587015,-2.402991991286892
female,32-33,24,-2.2935315546123274,-2.293728500153718,-2.2941060168819085
female,32-33,25,-2.9421706274657,-2.94171881423624,-2.9420963309644304
female,32-33,26,-2.574327677856775,-2.5745567043250803,-2.5749342210532706
female,32-33,27,-3.0302426201566353,-3.0300794395594663,-3.0304569562876567
female,32-33,28,-3.1071893109959516,-3.1072244422026167,-3.107601958930807
female,32-33,29,-3.3230636723138987,-3.322976322091278,-3.323353838819468
female,32-33,30,-3.314965194905537,-3.3150490746772543,-3.3154265914054446
female,32-33,31,-3.601133479509587,-3.6011625869630186,-3.601540103691209
female,32-33,32,-4.192218714636734,-4.1916772930379915,-4.192054809766182
female,32-33,33,-3.5956655017916384,-3.5960231491546106,-3.596400665882801
female,32-33,34,-4.568714971860824,-4.568071402214115,-4.568448918942305
female,32-33,35,-4.383489993432868,-4.383578102976247,-4.383955619704437
female,32-33,36,-4.477643647586809,-4.47769747417616,-4.47807499090435
female,32-33,37,-4.793015318490469,-4.792936085360271,-4.793313602088461
female,32-33,38,-5.139213395420149,-5.13893154791499,-5.1393090646431805
female,32-33,39,-9.210340371976182,-5.139213395388524,-5.139590912116715
female,32-33,40,-9.210340371976182,-5.139213395420268,-5.139590912148458
female,32-33,41,-9.210340371976182,-5.139213395420268,-5.139590912148458
female,32-33,42,-9.210340371976182,-5.139213395420268,-5.139590912148458
female,32-33,43,-9.210340371976182,-5.139213395420268,-5.139590912148458
female,32-33,44,-9.210340371976182,-5.139213395420268,-5.139590912148458
female,32-33,45,-9.210340371976182,-5.139213395420268,-5.139590912148458
female,32-33,46,-9.210340371976182,-5.139213395420268,-5.139590912148458
female,32-33,47,-9.210340371976182,-5.139213395420268,-5.139590912148458
female,32-33,48,-9.210340371976182,-9.210340371976182,-9.210717888704371
female,32-33,49,-9.210340371976182,-9.210340371976182,-9.210717888704371
female,32-33,50,-9.210340371976182,-9.210340371976182,-9.210717888704371
female,32-33,51,-9.210340371976182,-9.210340371976182,-9.210717888704371
female,32-33,52,-9.210340371976182,-9.210340371976182,-9.210717888704371
female,34-35,-52,-9.210340371976182,-9.210340371976182,-9.210699034425788
female,34-35,-51,-9.210340371976182,-9.210340371976182,-9.210699034425788
female,34-35,-50,-9.210340371976182,-9.210340371976182,-9.210699034425788
female,34-35,-49,-9.210340371976182,-9.210340371976182,-9.210699034425788
female,34-35,-48,-9.210340371976182,-9.210340371976182,-9.210699034425788
female,34-35,-47,-9.210340371976182,-9.210340371976182,-9.210699034425788
female,34-35,-46,-9.210340371976182,-9.210340371976182,-9.210699034425788
female,34-35,-45,-9.210340371976182,-9.210340371976182,-9.210699034425788
female,34-35,-44,-9.210340371976182,-9.210340371976182,-9.210699034425788
female,34-35,-43,-9.210340371976182,-9.210340371976182,-9.210699034425788
female,34-35,-42,-9.210340371976182,-9.210340371976182,-9.210699034425788
female,34-35,-41,-9.210340371976182,-9.210340371976182,-9.210699034425788
female,34-35,-40,-9.210340371976182,-9.210340371976182,-9.210699034425788
female,34-35,-39,-9.210340371976182,-9.210340371976182,-9.210699034425788
female,34-35,-38,-9.210340371976182,-9.210340371976182,-9.210699034425788
female,34-35,-37,-9.210340371976182,-9.210340371976182,-9.210699034425788
female,34-35,-36,-9.210340371976182,-9.210340371976182,-9.210699034425788
female,34-35,-35,-9.210340371976182,-9.210340371976182,-9.210699034425788
female,34-35,-34,-9.210340371976182,-9.210340371976182,-9.210699034425788
female,34-35,-33,-9.210340371976182,-9.210340371976182,-9.210699034425788
female,34-35,-32,-9.210340371976182,-9.210340371976182,-9.210699034425788
female,34-35,-31,-9.210340371976182,-9.210340371976182,-9.210699034425788
female,34-35,-30,-9.210340371976182,-9.210340371976182,-9.210699034425788
female,34-35,-29,-9.210340371976182,-9.210340371976182,-9.210699034425788
female,34-35,-28,-9.210340371976182,-9.210340371976182,-9.210699034425788
female,34-35,-27,-9.210340371976182,-9.210340371976182,-9.210699034425788
female,34-35,-26,-9.210340371976182,-6.531579709443705,-6.531938371893312
female,34-35,-25,-9.210340371976182,-6.531579709443705,-6.531938371893312
female,34-35,-24,-9.210340371976182,-6.531579709443705,-6.531938371893312
female,34-35,-23,-9.210340371976182,-6.531579709443705,-6.531938371893312
female,34-35,-22,-9.210340371976182,-6.531579709443705,-6.531938371893312
female,34-35,-21,-9.210340371976182,-6.531579709443705,-6.531938371893312
female,34-35,-20,-9.210340371976182,-6.531579709443705,-6.531938371893312
female,34-35,-19,-9.210340371976182,-6.531579709443705,-6.531938371893312
female,34-35,-18,-9.210340371976182,-6.531579709451238,-6.531938371900845
female,34-35,-17,-6.531579709442615,-6.531646600421719,-6.532005262871325
female,34-35,-16,-6.637267275340437,-6.637426491151109,-6.637785153600715
female,34-35,-15,-7.375286526511507,-7.373117502360908,-7.373476164810515
female,34-35,-14,-5.530011270335732,-5.5293191414682274,-5.529677803917834
female,34-35,-13,-4.188117891364535,-4.188246510053723,-4.18860517250333
female,34-35,-12,-3.9085455747701356,-3.9085111179285663,-3.9088697803781733
female,34-35,-11,-3.623997066846215,-3.6237157743742596,-3.6240744368238667
female,34-35,-10,-2.8887650885375296,-2.888931734060978,-2.889290396510585
female,34-35,-9,-2.8630306310454805,-2.862600063114112,-2.862958725563719
female,34-35,-8,-2.004162948395836,-2.0042770339109315,-2.0046356963605385
female,34-35,-7,-1.7640838040009734,-1.7639084977665271,-1.764267160216134
female,34-35,-6,-1.1795867376650317,-1.179529800793715,-1.1798884632433218
female,34-35,-5,-0.673440059346219,-0.6734452253466215,-0.6738038877962285
female,34-35,-4,-0.3250166213325624,-0.32485796903184255,-0.3252166314814494
female,34-35,-3,0.2934705610715281,0.2935203840699697,0.29316172162036286
female,34-35,-2,0.825041106331126,0.8251449372888012,0.8247862748391943
female,34-35,-1,1.4245293943024318,1.4245890292640042,1.4242303668143974
female,34-35,0,1.9597485698007977,1.9595790167420755,1.9592203542924687
female,34-35,1,1.8848155015010628,1.8848120182487946,1.8844533557991878
female,34-35,2,1.7767382270008345,1.7767261102748428,1.776367447825236
female,34-35,3,1.5900154845731918,1.590040611453707,1.5896819490041
female,34-35,4,1.4288375262255715,1.4288219985880954,1.4284633361384886
female,34-35,5,1.1670368094511343,1.1670795618599623,1.1667208994103555
female,34-35,6,0.9667896589213941,0.9668067399919684,0.9664480775423615
female,34-35,7,0.7503448023763334,0.7503751453059864,0.7500164828563795
female,34-35,8,0.5589294945651663,0.5589423320725759,0.558583669622969
female,34-35,9,0.3531670906100425,0.35321060596631404,0.3528519435167072
female,34-35,10,0.23506410165946687,0.2350455347007695,0.23468687225116264
female,34-35,11,0.018200594744749915,0.018203539503463033,0.01784487705385616
female,34-35,12,-0.2824862134283535,-0.28241039954125424,-0.2827690619908611
female,34-35,13,-0.4347907663358932,-0.4347882147514085,-0.43514687720101536
female,34-35,14,-0.6013184947259962,-0.6012921919624451,-0.601650854412052
female,34-35,15,-0.7039638471592857,-0.7039866933117574,-0.7043453557613644
female,34-35,16,-0.8905631637899276,-0.8905891026960898,-0.8909477651456967
female,34-35,17,-1.2246478429339103,-1.224555989985832,-1.2249146524354388
female,34-35,18,-1.360839965481517,-1.3608416093322468,-1.3612002717818537
female,34-35,19,-1.5230577303640709,-1.5231025806143976,-1.5234612430640044
female,34-35,20,-1.8981658268670993,-1.8980172090080791,-1.898375871457686
female,34-35,21,-1.9133358082233354,-1.9133912396944388,-1.9137499021440456
female,34-35,22,-2.1131710078297905,-2.1131649370642753,-2.1135235995138824
female,34-35,23,-2.337317962812415,-2.3373452662519143,-2.3377039287015213
female,34-35,24,-2.733723509864729,-2.7334951608492895,-2.7338538232988965
female,34-35,25,-2.5580938777178974,-2.5582502440862855,-2.5586089065358926
female,34-35,26,-2.9313950233247272,-2.931201637023322,-2.931560299472929
female,34-35,27,-2.8108183343352655,-2.810910017676872,-2.8112686801264792
female,34-35,28,-2.983143933715244,-2.983163404057757,-2.983522066507364
female,34-35,29,-3.281713287511504,-3.281665380560707,-3.282024043010314
female,34-35,30,-3.535676995472992,-3.535661012691953,-3.53601967514156
female,34-35,31,-3.8470823344265783,-3.8467915968041773,-3.8471502592537843
female,34-35,32,-3.4376288332496836,-3.437623350888137,-3.437982013337744
female,34-35,33,-3.1115243132858277,-3.111728114841523,-3.11208677729113
female,34-35,34,-3.513715218584391,-3.513804466935799,-3.514163129385406
female,34-35,35,-5.142366467573607,-5.14078452436355,-5.1411431868131565
female,34-35,36,-4.427193752235868,-4.427538402675491,-4.427897065125098
female,34-35,37,-9.210340371976182,-4.427193752274752,-4.427552414724358
female,34-35,38,-9.210340371976182,-4.427193752235947,-4.427552414685554
female,34-35,39,-9.210340371976182,-4.427193752235947,-4.427552414685554
female,34-35,40,-9.210340371976182,-4.427193752235947,-4.427552414685554
female,34-35,41,-9.210340371976182,-4.427193752235947,-4.427552414685554
female,34-35,42,-9.210340371976182,-4.427193752235947,-4.427552414685554
female,34-35,43,-9.210340371976182,-4.427193752235947,-4.427552414685554
female,34-35,44,-9.210340371976182,-4.427193752235947,-4.427552414685554
female,34-35,45,-9.210340371976182,-4.427193752235947,-4.427552414685554
female,34-35,46,-9.210340371976182,-9.210340371976182,-9.210699034425788
female,34-35,47,-9.210340371976182,-9.210340371976182,-9.210699034425788
female,34-35,48,-9.210340371976182,-9.210340371976182,-9.210699034425788
female,34-35,49,-9.210340371976182,-9.210340371976182,-9.210699034425788
female,34-35,50,-9.210340371976182,-9.210340371976182,-9.210699034425788
female,34-35,51,-9.210340371976182,-9.210340371976182,-9.210699034425788
female,34-35,52,-9.210340371976182,-9.210340371976182,-9.210699034425788
female,36-37,-52,-9.210340371976182,-9.210340371976182,-9.21064880698141
female,36-37,-51,-9.210340371976182,-9.210340371976182,-9.21064880698141
female,36-37,-50,-9.210340371976182,-9.210340371976182,-9.21064880698141
female,36-37,-49,-9.210340371976182,-9.210340371976182,-9.21064880698141
female,36-37,-48,-9.210340371976182,-9.210340371976182,-9.21064880698141
female,36-37,-47,-9.210340371976182,-9.210340371976182,-9.21064880698141
female,36-37,-46,-9.210340371976182,-9.210340371976182,-9.21064880698141
female,36-37,-45,-9.210340371976182,-9.210340371976182,-9.21064880698141
female,36-37,-44,-9.210340371976182,-9.210340371976182,-9.21064880698141
female,36-37,-43,-9.210340371976182,-9.210340371976182,-9.21064880698141
female,36-37,-42,-9.210340371976182,-9.210340371976182,-9.21064880698141
female,36-37,-41,-9.210340371976182,-9.210340371976182,-9.21064880698141
female,36-37,-40,-9.210340371976182,-9.210340371976182,-9.21064880698141
female,36-37,-39,-9.210340371976182,-9.210340371976182,-9.21064880698141
female,36-37,-38,-9.210340371976182,-9.210340371976182,-9.21064880698141
female,36-37,-37,-9.210340371976182,-9.210340371976182,-9.21064880698141
female,36-37,-36,-9.210340371976182,-9.210340371976182,-9.21064880698141
female,36-37,-35,-9.210340371976182,-9.210340371976182,-9.21064880698141
female,36-37,-34,-9.210340371976182,-9.210340371976182,-9.21064880698141
female,36-37,-33,-9.210340371976182,-9.210340371976182,-9.21064880698141
female,36-37,-32,-9.210340371976182,-9.210340371976182,-9.21064880698141
female,36-37,-31,-9.210340371976182,-9.210340371976182,-9.21064880698141
female,36-37,-30,-9.210340371976182,-9.210340371976182,-9.21064880698141
female,36-37,-29,-9.210340371976182,-9.210340371976182,-9.21064880698141
female,36-37,-28,-9.210340371976182,-4.844859910712996,-4.845168345718226
female,36-37,-27,-9.210340371976182,-4.844859910712996,-4.845168345718226
female,36-37,-26,-9.210340371976182,-4.844859910712996,-4.845168345718226
female,36-37,-25,-9.210340371976182,-4.844859910712996,-4.845168345718226
female,36-37,-24,-9.210340371976182,-4.844859910712996,-4.845168345718226
female,36-37,-23,-9.210340371976182,-4.844859910712996,-4.845168345718226
female,36-37,-22,-9.210340371976182,-4.844859910712996,-4.845168345718226
female,36-37,-21,-9.210340371976182,-4.844859910712996,-4.845168345718226
female,36-37,-20,-9.210340371976182,-4.844859910765624,-4.845168345770854
female,36-37,-19,-4.844859910711951,-4.84532736339875,-4.84563579840398
female,36-37,-18,-6.0058432563508255,-6.0056682639209855,-6.005976698926215
female,36-37,-17,-6.805683242587253,-6.805180263572259,-6.805488698577489
female,36-37,-16,-6.551671409917557,-6.550637860671054,-6.550946295676283
female,36-37,-15,-5.108542255521323,-5.108578442857926,-5.1088868778631555
female,36-37,-14,-4.630114597290732,-4.630007652038092,-4.6303160870433215
female,36-37,-13,-4.116589543261638,-4.116516823200634,-4.116825258205863
female,36-37,-12,-3.6379565775239633,-3.6379172874708816,-3.638225722476111
female,36-37,-11,-3.226495944614499,-3.2263585653506084,-3.226667000355838
female,36-37,-10,-2.6483244572907796,-2.648243817835655,-2.6485522528408847
female,36-37,-9,-2.098798508296448,-2.098743138327339,-2.0990515733325688
female,36-37,-8,-1.5993940574380445,-1.599375244396743,-1.5996836794019726
female,36-37,-7,-1.2020167640928459,-1.2019678835774095,-1.202276318582639
female,36-37,-6,-0.7888849159685711,-0.788812914966034,-0.7891213499712636
female,36-37,-5,-0.30332255804129904,-0.3033023741529489,-0.3036108091581785
female,36-37,-4,0.11300140412471125,0.11302994088933524,0.11272150588410565
female,36-37,-3,0.5130728052465876,0.5131338176001426,0.5128253825949131
female,36-37,-2,0.9657094088955226,0.9657965217570773,0.9654880867518477
female,36-37,-1,1.4906971651972538,1.490754708888372,1.4904462738831423
female,36-37,0,2.0006148340849337,2.0004645630094164,2.000156128004187
female,36-37,1,1.9879341432273951,1.9878810314881494,1.9875725964829198
female,36-37,2,1.7900144175995296,1.7900363629296736,1.789727927924444
female,36-37,3,1.6107089447784104,1.6107213631848143,1.6104129281795847
female,36-37,4,1.4272365653808705,1.4272557614287593,1.4269473264235297
female,36-37,5,1.247309087755188,1.247328094800129,1.2470196597948995
female,36-37,6,1.0729432450068923,1.0729318281455185,1.0726233931402889
female,36-37,7,0.7992815458008538,0.7993456158813735,0.799037180876144
female,36-37,8,0.6474621487590382,0.6474668915713628,0.6471584565661332
female,36-37,9,0.46906385449336296,0.4691075366788094,0.4687991016735798
female,36-37,10,0.386003471867834,0.38595964628918694,0.38565121128395735
female,36-37,11,0.13831206057907408,0.13832023183494713,0.13801179682971754
female,36-37,12,-0.1505123843265318,-0.1504728134688267,-0.1507812484740563
female,36-37,13,-0.38180445846554534,-0.3817299383373642,-0.3820383733425938
female,36-37,14,-0.4112776363609639,-0.41133526122341263,-0.4116436962286422
female,36-37,15,-0.640388693078748,-0.6403299866557932,-0.6406384216610228
female,36-37,16,-0.7299694142520899,-0.7300301616319833,-0.7303385966372129
female,36-37,17,-1.0516292435452494,-1.0515531198775856,-1.0518615548828152
female,36-37,18,-1.2201921320509364,-1.2202204549458702,-1.2205288899510998
female,36-37,19,-1.5370621362278318,-1.5369579799990574,-1.537266415004287
female,36-37,20,-1.6046637472196348,-1.6046704638017188,-1.6049788988069484
female,36-37,21,-1.6978178344656523,-1.6978585692003239,-1.6981670042055534
female,36-37,22,-1.941740282593389,-1.941738841186354,-1.9420472761915837
female,36-37,23,-2.246198180888531,-2.246079990932918,-2.2463884259381475
female,36-37,24,-2.2393433962395277,-2.239424985127174,-2.2397334201324037
female,36-37,25,-2.524601974796119,-2.5245640421134596,-2.5248724771186892
female,36-37,26,-2.7979122719171383,-2.7978184085963123,-2.798126843601542
female,36-37,27,-2.8423476607778286,-2.842317680622694,-2.8426261156279238
female,36-37,28,-2.7987843815361573,-2.7988833113596656,-2.799191746364895
female,36-37,29,-3.1054218553650825,-3.1052306180809537,-3.1055390530861833
female,36-37,30,-2.921526542505841,-2.9217024013227317,-2.9220108363279613
female,36-37,31,-3.37446780590491,-3.3743826979842013,-3.374691132989431
female,36-37,32,-3.8222973746819795,-3.821722829520273,-3.822031264525503
female,36-37,33,-3.055182912705677,-3.0554044371976596,-3.0557128722028892
female,36-37,34,-3.3033361105808456,-3.3031488857381244,-3.303457320743354
female,36-37,35,-9.210340371976182,-3.3033361105598043,-3.303644545565034
female,36-37,36,-9.210340371976182,-3.3033361105808896,-3.303644545586119
female,36-37,37,-9.210340371976182,-3.3033361105808896,-3.303644545586119
female,36-37,38,-9.210340371976182,-3.3033361105808896,-3.303644545586119
female,36-37,39,-9.210340371976182,-3.3033361105808896,-3.303644545586119
female,36-37,40,-9.210340371976182,-3.3033361105808896,-3.303644545586119
female,36-37,41,-9.210340371976182,-3.3033361105808896,-3.303644545586119
female,36-37,42,-9.210340371976182,-3.3033361105808896,-3.303644545586119
female,36-37,43,-9.210340371976182,-3.3033361105808896,-3.303644545586119
female,36-37,44,-9.210340371976182,-9.210340371976182,-9.21064880698141
female,36-37,45,-9.210340371976182,-9.210340371976182,-9.21064880698141
female,36-37,46,-9.210340371976182,-9.210340371976182,-9.21064880698141
female,36-37,47,-9.210340371976182,-9.210340371976182,-9.21064880698141
female,36-37,48,-9.210340371976182,-9.210340371976182,-9.21064880698141
female,36-37,49,-9.210340371976182,-9.210340371976182,-9.21064880698141
female,36-37,50,-9.210340371976182,-9.210340371976182,-9.21064880698141
female,36-37,51,-9.210340371976182,-9.210340371976182,-9.21064880698141
female,36-37,52,-9.210340371976182,-9.210340371976182,-9.21064880698141
female,38-39,-52,-9.210340371976182,-9.210340371976182,-9.210903803323664
female,38-39,-51,-9.210340371976182,-9.210340371976182,-9.210903803323664
female,38-39,-50,-9.210340371976182,-9.210340371976182,-9.210903803323664
female,38-39,-49,-9.210340371976182,-9.210340371976182,-9.210903803323664
female,38-39,-48,-9.210340371976182,-9.210340371976182,-9.210903803323664
female,38-39,-47,-9.210340371976182,-9.210340371976182,-9.210903803323664
female,38-39,-46,-9.210340371976182,-9.210340371976182,-9.210903803323664
female,38-39,-45,-9.210340371976182,-9.210340371976182,-9.210903803323664
female,38-39,-44,-9.210340371976182,-9.210340371976182,-9.210903803323664
female,38-39,-43,-9.210340371976182,-9.210340371976182,-9.210903803323664
female,38-39,-42,-9.210340371976182,-9.210340371976182,-9.210903803323664
female,38-39,-41,-9.210340371976182,-9.210340371976182,-9.210903803323664
female,38-39,-40,-9.210340371976182,-9.210340371976182,-9.210903803323664
female,38-39,-39,-9.210340371976182,-9.210340371976182,-9.210903803323664
female,38-39,-38,-9.210340371976182,-9.210340371976182,-9.210903803323664
female,38-39,-37,-9.210340371976182,-9.210340371976182,-9.210903803323664
female,38-39,-36,-9.210340371976182,-9.210340371976182,-9.210903803323664
female,38-39,-35,-9.210340371976182,-9.210340371976182,-9.210903803323664
female,38-39,-34,-9.210340371976182,-9.210340371976182,-9.210903803323664
female,38-39,-33,-9.210340371976182,-9.210340371976182,-9.210903803323664
female,38-39,-32,-9.210340371976182,-9.210340371976182,-9.210903803323664
female,38-39,-31,-9.210340371976182,-9.210340371976182,-9.210903803323664
female,38-39,-30,-9.210340371976182,-9.210340371976182,-9.210903803323664
female,38-39,-29,-9.210340371976182,-9.210340371976182,-9.210903803323664
female,38-39,-28,-9.210340371976182,-9.210340371976182,-9.210903803323664
female,38-39,-27,-9.210340371976182,-9.210340371976182,-9.210903803323664
female,38-39,-26,-9.210340371976182,-9.210340371976182,-9.210903803323664
female,38-39,-25,-9.210340371976182,-9.210340371976182,-9.210903803323664
female,38-39,-24,-9.210340371976182,-9.210340371976182,-9.210903803323664
female,38-39,-23,-9.210340371976182,-9.210340371976182,-9.210903803323664
female,38-39,-22,-9.210340371976182,-9.210340371976182,-9.210903803323664
female,38-39,-21,-9.210340371976182,-9.210340371976182,-9.210903803323664
female,38-39,-20,-6.1775810692638995,-6.1775487750817435,-6.178112206429225
female,38-39,-19,-5.723764003413696,-5.723213587671424,-5.723777019018906
female,38-39,-18,-4.632946957960605,-4.633321367240921,-4.633884798588403
female,38-39,-17,-5.242605985602106,-5.242138034731478,-5.24270146607896
female,38-39,-16,-4.806549315679776,-4.806253110732435,-4.8068165420799165
female,38-39,-15,-4.018066619062863,-4.018094888321477,-4.018658319668959
female,38-39,-14,-3.64648966555295,-3.6465080677239725,-3.647071499071455
female,38-39,-13,-3.4173445500236195,-3.4172626664214727,-3.417826097768955
female,38-39,-12,-3.0347853852636444,-3.0346173954925146,-3.035180826839997
female,38-39,-11,-2.409253102006404,-2.4092784035501307,-2.409841834897613
female,38-39,-10,-2.0487429281849594,-2.04874356889473,-2.0493070002422122
female,38-39,-9,-1.7680826051513703,-1.767877938078639,-1.7684413694261212
female,38-39,-8,-1.1226448494690566,-1.1226887473010525,-1.1232521786485348
female,38-39,-7,-0.7858060090900622,-0.7857290818609537,-0.7862925132084359
female,38-39,-6,-0.3303313856147906,-0.3303415545027237,-0.3309049858502059
female,38-39,-5,-0.0008922208786653658,-0.0008835427607269814,-0.0014469741082091673
female,38-39,-4,0.2958701757386991,0.29594440035838987,0.29538096901090766
female,38-39,-3,0.7159470142372636,0.7159824436732228,0.7154190123257407
female,38-39,-2,1.1287842204826801,1.1288242405708635,1.1282608092233812
female,38-39,-1,1.5427800406360006,1.5428668251045978,1.5423033937571156
female,38-39,0,2.0375469338826586,2.0373851110229135,2.0368216796754313
female,38-39,1,1.9536009474376814,1.953589956905466,1.9530265255579837
female,38-39,2,1.813150595539229,1.8131707570504176,1.8126073257029354
female,38-39,3,1.6968847201372754,1.6968696179404879,1.6963061865930056
female,38-39,4,1.4888399984078062,1.4888652614705993,1.488301830123117
female,38-39,5,1.2975280355197683,1.2975449270064643,1.296981495658982
female,38-39,6,1.0999154975619727,1.0999266897304576,1.0993632583829753
female,38-39,7,0.8673978515928129,0.8674650883617477,0.8669016570142656
female,38-39,8,0.7790285516570031,0.7790000142591978,0.7784365829117157
female,38-39,9,0.5741872356498551,0.5742017025572304,0.5736382712097482
female,38-39,10,0.3701299512868858,0.3701359383234636,0.3695725069759814
female,38-39,11,0.1416383780734278,0.1416663373620503,0.14110290601456812
female,38-39,12,-0.041514348199573115,-0.04149753381763791,-0.0420609651651201
female,38-39,13,-0.21034161204349733,-0.21036819430965348,-0.21093162565713566
female,38-39,14,-0.5224820210348476,-0.5223988729614324,-0.5229623043089145
female,38-39,15,-0.6496815289262475,-0.6496802949326483,-0.6502437262801305
female,38-39,16,-0.7985425072676524,-0.7985302803726804,-0.7990937117201625
female,38-39,17,-0.9389275649820957,-0.9389689106627505,-0.9395323420102326
female,38-39,18,-1.2685959115946723,-1.2684723215362024,-1.2690357528836846
female,38-39,19,-1.29627404600744,-1.2963118192415102,-1.2968752505889924
female,38-39,20,-1.4520839957911966,-1.452159883576353,-1.4527233149238352
female,38-39,21,-1.942282313451372,-1.9420445691406096,-1.942608000488092
female,38-39,22,-1.856086765684822,-1.8561592303113266,-1.8567226616588088
female,38-39,23,-2.012559962394818,-2.0125678642624414,-2.0131312956099237
female,38-39,24,-2.249973813327254,-2.249848142802306,-2.2504115741497883
female,38-39,25,-2.1564133916664416,-2.156609070890955,-2.157172502238437
female,38-39,26,-2.886553211245592,-2.886160489384171,-2.886723920731653
female,38-39,27,-2.8404856339177145,-2.840527597227796,-2.841091028575278
female,38-39,28,-2.9311078074628054,-2.9310820288441515,-2.9316454601916337
female,38-39,29,-2.9603266382674236,-2.9603891364597636,-2.960952567807246
female,38-39,30,-3.2249235055176384,-3.224735059274331,-3.2252984906218134
female,38-39,31,-3.0041368416922283,-3.0043135795533686,-3.004877010900851
female,38-39,32,-4.03639383379585,-4.035205056680498,-4.03576848802798
female,38-39,33,-9.210340371976182,-4.036392224642638,-4.03695565599012
female,38-39,34,-9.210340371976182,-4.036392224776403,-4.036955656123885
female,38-39,35,-9.210340371976182,-4.036392224776403,-4.036955656123885
female,38-39,36,-9.210340371976182,-4.036392224776403,-4.036955656123885
female,38-39,37,-9.210340371976182,-4.036392224776403,-4.036955656123885
female,38-39,38,-9.210340371976182,-4.036392224776403,-4.036955656123885
female,38-39,39,-9.210340371976182,-4.036392224776403,-4.036955656123885
female,38-39,40,-9.210340371976182,-4.036392224776403,-4.036955656123885
female,38-39,41,-9.210340371976182,-4.036392224776403,-4.036955656123885
female,38-39,42,-9.210340371976182,-9.210340371976182,-9.210903803323664
female,38-39,43,-9.210340371976182,-9.210340371976182,-9.210903803323664
female,38-39,44,-9.210340371976182,-9.210340371976182,-9.210903803323664
female,38-39,45,-9.210340371976182,-9.210340371976182,-9.210903803323664
female,38-39,46,-9.210340371976182,-9.210340371976182,-9.210903803323664
female,38-39,47,-9.210340371976182,-9.210340371976182,-9.210903803323664
female,38-39,48,-9.210340371976182,-9.210340371976182,-9.210903803323664
female,38-39,49,-9.210340371976182,-9.210340371976182,-9.210903803323664
female,38-39,50,-9.210340371976182,-9.210340371976182,-9.210903803323664
female,38-39,51,-9.210340371976182,-9.210340371976182,-9.210903803323664
female,38-39,52,-9.210340371976182,-9.210340371976182,-9.210903803323664
female,40-42,-52,-9.210340371976182,-9.210340371976182,-9.210441926623107
female,40-42,-51,-9.210340371976182,-9.210340371976182,-9.210441926623107
female,40-42,-50,-9.210340371976182,-9.210340371976182,-9.210441926623107
female,40-42,-49,-9.210340371976182,-9.210340371976182,-9.210441926623107
female,40-42,-48,-9.210340371976182,-9.210340371976182,-9.210441926623107
female,40-42,-47,-9.210340371976182,-9.210340371976182,-9.210441926623107
female,40-42,-46,-9.210340371976182,-9.210340371976182,-9.210441926623107
female,40-42,-45,-9.210340371976182,-9.210340371976182,-9.210441926623107
female,40-42,-44,-9.210340371976182,-9.210340371976182,-9.210441926623107
female,40-42,-43,-9.210340371976182,-5.945760231874759,-5.945861786521683
female,40-42,-42,-9.210340371976182,-5.945760231876498,-5.945861786523422
female,40-42,-41,-9.210340371976182,-5.945760231876498,-5.945861786523422
female,40-42,-40,-9.210340371976182,-5.945760231876498,-5.945861786523422
female,40-42,-39,-9.210340371976182,-5.945760231876498,-5.945861786523422
female,40-42,-38,-9.210340371976182,-5.945760231876498,-5.945861786523422
female,40-42,-37,-9.210340371976182,-5.945760231876498,-5.945861786523422
female,40-42,-36,-9.210340371976182,-5.945760231876498,-5.945861786523422
female,40-42,-35,-9.210340371976182,-5.945760231876498,-5.945861786523422
female,40-42,-34,-9.210340371976182,-5.945760231876498,-5.945861786523422
female,40-42,-33,-9.210340371976182,-5.945760231876498,-5.945861786523422
female,40-42,-32,-9.210340371976182,-5.945760231876502,-5.945861786523426
female,40-42,-31,-9.210340371976182,-5.945760231876683,-5.945861786523607
female,40-42,-30,-9.210340371976182,-5.945760231886597,-5.945861786533521
female,40-42,-29,-9.210340371976182,-5.945760232427847,-5.9458617870747705
female,40-42,-28,-9.210340371976182,-5.945760261979076,-5.9458618166259996
female,40-42,-27,-9.210340371976182,-5.945761875420154,-5.945863430067078
female,40-42,-26,-9.210340371976182,-5.945849962326906,-5.94595151697383
female,40-42,-25,-9.210340371976182,-5.9506474831246425,-5.950749037771566
female,40-42,-24,-5.945762436507917,-6.182220542700405,-6.1823220973473285
female,40-42,-23,-9.210340371976182,-7.233616429429132,-7.233717984076056
female,40-42,-22,-5.639462859726877,-5.7821442067971685,-5.782245761444092
female,40-42,-21,-6.446529119562548,-6.075318754095573,-6.075420308742497
female,40-42,-20,-5.073715263639348,-5.142725169419073,-5.142826724065997
female,40-42,-19,-4.9715521050896445,-4.918222577671916,-4.91832413231884
female,40-42,-18,-4.502793101254099,-4.4703162302591215,-4.470417784906045
female,40-42,-17,-3.98921403982898,-3.990932569721603,-3.991034124368527
female,40-42,-16,-3.661303714112776,-3.628924817557238,-3.629026372204162
female,40-42,-15,-3.1860652213023095,-3.1987958140980757,-3.1988973687449995
female,40-42,-14,-2.9373891416486697,-2.922618805285927,-2.922720359932851
female,40-42,-13,-2.6087773336983426,-2.5815457291214328,-2.5816472837683566
female,40-42,-12,-2.1537228228017997,-2.1598014768015346,-2.1599030314484584
female,40-42,-11,-1.8601921019085357,-1.8167346278622145,-1.8168361825091386
female,40-42,-10,-1.3163167943521608,-1.3433536516802784,-1.3434552063272025
female,40-42,-9,-1.125343528949738,-1.1061252826197434,-1.1062268372666675
female,40-42,-8,-0.7891725817585391,-0.7688775540947559,-0.7689791087416799
female,40-42,-7,-0.3606606341846218,-0.38465308887862837,-0.38475464352555233
female,40-42,-6,-0.2109493286375262,-0.17180965755125452,-0.17191121219817848
female,40-42,-5,0.23357268058523295,0.22933208942584352,0.22923053477891955
female,40-42,-4,0.5483753626617694,0.5581812097332988,0.5580796550863748
female,40-42,-3,0.8878094674843705,0.8933693181499641,0.8932677635030402
female,40-42,-2,1.1961555810334865,1.2192338404495504,1.2191322858026263
female,40-42,-1,1.6071273931730123,1.6229273108083888,1.6228257561614647
female,40-42,0,2.025043978188983,1.9805090946725719,1.9804075400256478
female,40-42,1,1.9668132294509437,1.9623090624099624,1.9622075077630383
female,40-42,2,1.8521361740738258,1.8483288800275586,1.8482273253806345
female,40-42,3,1.6700198089416212,1.6784473743594805,1.6783458197125565
female,40-42,4,1.526160832023783,1.5325623138031497,1.5324607591562256
female,40-42,5,1.413295162472764,1.4071624335183528,1.4070608788714287
female,40-42,6,1.206708049032307,1.2163731530046182,1.2162715983576942
female,40-42,7,1.05129486605406,1.0468012902449626,1.0466997355980385
female,40-42,8,0.8240374845885713,0.8275685195486173,0.8274669649016934
female,40-42,9,0.5839744625297689,0.5992907000676376,0.5991891454207137
female,40-42,10,0.4515655379926639,0.4442091960903453,0.44410764144342135
female,40-42,11,0.21501573278688485,0.22373858631503235,0.2236370316681084
female,40-42,12,0.007429359123553123,0.012871599249060223,0.012770044602136255
female,40-42,13,-0.19103124059722443,-0.1767563845237974,-0.17685793917072137
female,40-42,14,-0.2815869032435858,-0.29975413763348224,-0.2998556922804062
female,40-42,15,-0.5898939839752833,-0.5637895678921074,-0.5638911225390314
female,40-42,16,-0.7099613959353065,-0.7190155788568104,-0.7191171335037344
female,40-42,17,-0.9467845841340171,-0.9263646299359614,-0.9264661845828853
female,40-42,18,-1.0189073591995212,-1.037184474910736,-1.03728602955766
female,40-42,19,-1.2986601593694442,-1.266382014190915,-1.266483568837839
female,40-42,20,-1.3155313777756201,-1.3443431150034328,-1.344444669650357
female,40-42,21,-1.6652615031919202,-1.6315532897184315,-1.6316548443653556
female,40-42,22,-1.791023493815291,-1.7676553145023848,-1.7677568691493089
female,40-42,23,-1.7082834308062729,-1.751787526885773,-1.751889081532697
female,40-42,24,-2.1101443837463756,-2.0994618088065216,-2.0995633634534454
female,40-42,25,-2.6910471743954525,-2.5192426629915623,-2.519344217638486
female,40-42,26,-2.0104639332212826,-2.123688383686007,-2.123789938332931
female,40-42,27,-2.721615676410182,-2.6168227803555655,-2.6169243350024893
female,40-42,28,-2.769759388324802,-2.7916592747266105,-2.7917608293735343
female,40-42,29,-3.2440917944890977,-3.1230181890321553,-3.123119743679079
female,40-42,30,-2.7901615146096614,-2.8690349615016952,-2.869136516148619
female,40-42,31,-9.210340371976182,-2.7919082934316783,-2.792009848078602
female,40-42,32,-9.210340371976182,-2.790191467556537,-2.790293022203461
female,40-42,33,-9.210340371976182,-2.790159898996707,-2.7902614536436308
female,40-42,34,-9.210340371976182,-2.790159320756673,-2.7902608754035967
female,40-42,35,-9.210340371976182,-2.7901593101658233,-2.790260864812747
female,40-42,36,-9.210340371976182,-2.790159309971845,-2.790260864618769
female,40-42,37,-9.210340371976182,-2.790159309968292,-2.790260864615216
female,40-42,38,-9.210340371976182,-2.790159309968227,-2.790260864615151
female,40-42,39,-9.210340371976182,-2.790159309968226,-2.7902608646151497
female,40-42,40,-9.210340371976182,-2.790159309968226,-2.7902608646151497
female,40-42,41,-9.210340371976182,-2.790159309968226,-2.7902608646151497
female,40-42,42,-9.210340371976182,-2.790159309968226,-2.7902608646151497
female,40-42,43,-9.210340371976182,-2.790159309968226,-2.7902608646151497
female,40-42,44,-9.210340371976182,-2.790159309968226,-2.7902608646151497
female,40-42,45,-9.210340371976182,-2.790159309968226,-2.7902608646151497
female,40-42,46,-9.210340371976182,-2.7901593099682263,-2.79026086461515
female,40-42,47,-9.210340371976182,-2.790159309968226,-2.7902608646151497
female,40-42,48,-9.210340371976182,-2.7901593099682263,-2.79026086461515
female,40-42,49,-9.210340371976182,-2.7901593099680158,-2.7902608646149396
female,40-42,50,-9.210340371976182,-9.210340371976182,-9.210441926623107
female,40-42,51,-9.210340371976182,-9.210340371976182,-9.210441926623107
female,40-42,52,-9.210340371976182,-9.210340371976182,-9.210441926623107
female,43-45,-52,-9.210340371976182,-9.210340371976182,-9.21042575230407
female,43-45,-51,-9.210340371976182,-9.210340371976182,-9.21042575230407
female,43-45,-50,-9.210340371976182,-9.210340371976182,-9.21042575230407
female,43-45,-49,-9.210340371976182,-9.210340371976182,-9.21042575230407
female,43-45,-48,-9.210340371976182,-9.210340371976182,-9.21042575230407
female,43-45,-47,-9.210340371976182,-9.210340371976182,-9.21042575230407
female,43-45,-46,-9.210340371976182,-9.210340371976182,-9.21042575230407
female,43-45,-45,-9.210340371976182,-9.210340371976182,-9.21042575230407
female,43-45,-44,-9.210340371976182,-9.210340371976182,-9.21042575230407
female,43-45,-43,-9.210340371976182,-9.210340371976182,-9.21042575230407
female,43-45,-42,-9.210340371976182,-9.210340371976182,-9.21042575230407
female,43-45,-41,-9.210340371976182,-9.210340371976182,-9.21042575230407
female,43-45,-40,-9.210340371976182,-9.210340371976182,-9.21042575230407
female,43-45,-39,-9.210340371976182,-9.210340371976182,-9.21042575230407
female,43-45,-38,-9.210340371976182,-9.210340371976182,-9.21042575230407
female,43-45,-37,-9.210340371976182,-9.210340371976182,-9.21042575230407
female,43-45,-36,-9.210340371976182,-5.490410069948645,-5.4904954502765335
female,43-45,-35,-9.210340371976182,-5.490410069948645,-5.4904954502765335
female,43-45,-34,-9.210340371976182,-5.490410069948645,-5.4904954502765335
female,43-45,-33,-9.210340371976182,-5.490410069948645,-5.4904954502765335
female,43-45,-32,-9.210340371976182,-5.490410069948645,-5.4904954502765335
female,43-45,-31,-9.210340371976182,-5.490410069948645,-5.4904954502765335
female,43-45,-30,-9.210340371976182,-5.490410069948645,-5.4904954502765335
female,43-45,-29,-9.210340371976182,-5.490410069948645,-5.4904954502765335
female,43-45,-28,-9.210340371976182,-5.490410069927178,-5.490495450255066
female,43-45,-27,-5.490410069947781,-5.490219456375875,-5.490304836703763
female,43-45,-26,-5.240649738908788,-5.240713268917964,-5.2407986492458525
female,43-45,-25,-5.293302338538172,-5.2934438241274755,-5.293529204455364
female,43-45,-24,-5.902922012442463,-5.9025969105891045,-5.902682290916993
female,43-45,-23,-5.780517051000536,-5.780192459548607,-5.780277839876495
female,43-45,-22,-5.053020412267762,-5.052771294141523,-5.052856674469411
female,43-45,-21,-4.245385066500941,-4.245674749196444,-4.245760129524332
female,43-45,-20,-4.622079981337672,-4.621592780277213,-4.621678160605102
female,43-45,-19,-3.9202604955602856,-3.92044774679131,-3.920533127119199
female,43-45,-18,-3.966783423932406,-3.9664848732276936,-3.9665702535555827
female,43-45,-17,-3.3343234885992294,-3.334369760766933,-3.334455141094822
female,43-45,-16,-3.0176511533640205,-3.017671887919977,-3.017757268247866
female,43-45,-15,-2.80779228491346,-2.8076202515344,-2.807705631862289
female,43-45,-14,-2.24753868348355,-2.247686198640723,-2.247771578968612
female,43-45,-13,-2.2332606263014454,-2.2330435066973497,-2.233128887025239
female,43-45,-12,-1.6882117785367423,-1.6882714786548976,-1.6883568589827866
female,43-45,-11,-1.4242526780718987,-1.424125310953707,-1.4242106912815962
female,43-45,-10,-0.9090197346205433,-0.9090573794279633,-0.9091427597558522
female,43-45,-9,-0.615103432147143,-0.6150988339314403,-0.6151842142593292
female,43-45,-8,-0.3480303900658095,-0.3480029667686532,-0.34808834709654224
female,43-45,-7,-0.04193088842183764,-0.041931151006875694,-0.04201653133476469
female,43-45,-6,0.21947972147807396,0.219493029373582,0.21940764904569302
female,43-45,-5,0.4716749960134027,0.4716886973957174,0.4716033170678284
female,43-45,-4,0.7174355900619193,0.7174633478241423,0.7173779674962534
female,43-45,-3,0.9951821216174037,0.9951995583708678,0.9951141780429789
female,43-45,-2,1.275009120673525,1.2750719488602105,1.2749865685323214
female,43-45,-1,1.6550953644103201,1.6551430013478197,1.6550576210199306
female,43-45,0,2.049939614147518,2.049800563188566,2.0497151828606768
female,43-45,1,1.9648350365674567,1.9648492691398092,1.96476388881192
female,43-45,2,1.9104762544295033,1.910443648786061,1.910358268458172
female,43-45,3,1.7364942222884212,1.736515189445875,1.736429809117986
female,43-45,4,1.5943280974394374,1.5943265124371844,1.5942411321092953
female,43-45,5,1.4292398402329836,1.4292445881142755,1.4291592077863864
female,43-45,6,1.2558251914622924,1.2558169460615225,1.2557315657336334
female,43-45,7,1.020052600048134,1.020091335389175,1.0200059550612859
female,43-45,8,0.8598149003011185,0.8598108035283183,0.8597254232004293
female,43-45,9,0.6518119296901613,0.6518268141658047,0.6517414338379157
female,43-45,10,0.44526694323077715,0.4453023002227653,0.4452169198948763
female,43-45,11,0.3106425678335862,0.31061304161515974,0.3105276612872707
female,43-45,12,0.04424069274419767,0.044314500783741,0.044229120455852006
female,43-45,13,-0.0448568037311502,-0.044890424748707705,-0.0449758050765967
female,43-45,14,-0.2577116296344169,-0.2576871003615794,-0.2577724806894684
female,43-45,15,-0.43029947475286034,-0.4303302825099762,-0.4304156628378652
female,43-45,16,-0.7549559293277691,-0.7548680949339546,-0.7549534752618435
female,43-45,17,-0.8878210390317749,-0.8877889985920375,-0.8878743789199265
female,43-45,18,-0.9390590358768076,-0.9390958138224279,-0.9391811941503169
female,43-45,19,-1.1243744848197683,-1.1243489712052237,-1.1244343515331128
female,43-45,20,-1.273208062889176,-1.2731653017233064,-1.2732506820511955
female,43-45,21,-1.3149855959301737,-1.3151218575750705,-1.3152072379029596
female,43-45,22,-1.9604594017130448,-1.9600930327404027,-1.9601784130682918
female,43-45,23,-1.825734858750602,-1.8257386374378608,-1.8258240177657499
female,43-45,24,-1.705978418678827,-1.7061652550053,-1.706250635333189
female,43-45,25,-2.3135862162434218,-2.3132900243019576,-2.3133754046298467
female,43-45,26,-2.2895934857094153,-2.2896088464257556,-2.2896942267536446
female,43-45,27,-2.310425672772102,-2.310411877406112,-2.310497257734001
female,43-45,28,-9.210340371976182,-2.3104256727705206,-2.3105110530984097
female,43-45,29,-9.210340371976182,-2.3104256727720744,-2.3105110530999635
female,43-45,30,-9.210340371976182,-2.310425672772074,-2.310511053099963
female,43-45,31,-9.210340371976182,-2.3104256727720744,-2.3105110530999635
female,43-45,32,-9.210340371976182,-2.310425672772074,-2.310511053099963
female,43-45,33,-9.210340371976182,-2.3104256727720744,-2.3105110530999635
female,43-45,34,-9.210340371976182,-2.3104256727720744,-2.3105110530999635
female,43-45,35,-9.210340371976182,-2.310425672772074,-2.310511053099963
female,43-45,36,-9.210340371976182,-2.310425672772074,-2.310511053099963
female,43-45,37,-9.210340371976182,-9.210340371976182,-9.21042575230407
female,43-45,38,-9.210340371976182,-9.210340371976182,-9.21042575230407
female,43-45,39,-9.210340371976182,-9.210340371976182,-9.21042575230407
female,43-45,40,-9.210340371976182,-9.210340371976182,-9.21042575230407
female,43-45,41,-9.210340371976182,-9.210340371976182,-9.21042575230407
female,43-45,42,-9.210340371976182,-9.210340371976182,-9.21042575230407
female,43-45,43,-9.210340371976182,-9.210340371976182,-9.21042575230407
female,43-45,44,-9.210340371976182,-9.210340371976182,-9.21042575230407
female,43-45,45,-9.210340371976182,-9.210340371976182,-9.21042575230407
female,43-45,46,-9.210340371976182,-9.210340371976182,-9.21042575230407
female,43-45,47,-9.210340371976182,-9.210340371976182,-9.21042575230407
female,43-45,48,-9.210340371976182,-9.210340371976182,-9.21042575230407
female,43-45,49,-9.210340371976182,-9.210340371976182,-9.21042575230407
female,43-45,50,-9.210340371976182,-9.210340371976182,-9.21042575230407
female,43-45,51,-9.210340371976182,-9.210340371976182,-9.21042575230407
female,43-45,52,-9.210340371976182,-9.210340371976182,-9.21042575230407
female,46-49,-52,-9.210340371976182,-9.210340371976182,-9.210385774887119
female,46-49,-51,-9.210340371976182,-9.210340371976182,-9.210385774887119
female,46-49,-50,-9.210340371976182,-9.210340371976182,-9.210385774887119
female,46-49,-49,-9.210340371976182,-9.210340371976182,-9.210385774887119
female,46-49,-48,-9.210340371976182,-9.210340371976182,-9.210385774887119
female,46-49,-47,-9.210340371976182,-9.210340371976182,-9.210385774887119
female,46-49,-46,-9.210340371976182,-9.210340371976182,-9.210385774887119
female,46-49,-45,-9.210340371976182,-9.210340371976182,-9.210385774887119
female,46-49,-44,-9.210340371976182,-9.210340371976182,-9.210385774887119
female,46-49,-43,-9.210340371976182,-9.210340371976182,-9.210385774887119
female,46-49,-42,-9.210340371976182,-9.210340371976182,-9.210385774887119
female,46-49,-41,-9.210340371976182,-9.210340371976182,-9.210385774887119
female,46-49,-40,-9.210340371976182,-7.831022264996412,-7.831067667907348
female,46-49,-39,-9.210340371976182,-7.831022264996412,-7.831067667907348
female,46-49,-38,-9.210340371976182,-7.831022264996412,-7.831067667907348
female,46-49,-37,-9.210340371976182,-7.831022264996412,-7.831067667907348
female,46-49,-36,-9.210340371976182,-7.831022264996412,-7.831067667907348
female,46-49,-35,-9.210340371976182,-7.831022264996412,-7.831067667907348
female,46-49,-34,-9.210340371976182,-7.831022264996412,-7.831067667907348
female,46-49,-33,-9.210340371976182,-7.831022264996412,-7.831067667907348
female,46-49,-32,-9.210340371976182,-7.831022264517621,-7.831067667428557
female,46-49,-31,-7.831022264995586,-7.8267795547709,-7.826824957681835
female,46-49,-30,-5.842728560538082,-5.842586789256146,-5.842632192167081
female,46-49,-29,-5.39753506984865,-5.397688083680004,-5.39773348659094
female,46-49,-28,-5.575674801260811,-5.57569375927933,-5.575739162190266
female,46-49,-27,-5.801103940389076,-5.800639129112938,-5.800684532023874
female,46-49,-26,-5.046650014362342,-5.04647124126111,-5.046516644172046
female,46-49,-25,-4.323896196506491,-4.324205655621709,-4.324251058532645
female,46-49,-24,-4.848635930820002,-4.848200226072711,-4.848245628983647
female,46-49,-23,-4.368402075493632,-4.368635820435016,-4.368681223345952
female,46-49,-22,-4.753991830298799,-4.753334603721808,-4.753380006632744
female,46-49,-21,-3.8245436193560782,-3.824728810375227,-3.8247742132861626
female,46-49,-20,-3.7482740070716316,-3.74796623688593,-3.7480116397968657
female,46-49,-19,-3.0373288970777956,-3.037421506667846,-3.037466909578782
female,46-49,-18,-2.7997950930477664,-2.7998292687220894,-2.799874671633025
female,46-49,-17,-2.678820698003673,-2.6787491674219104,-2.678794570332846
female,46-49,-16,-2.3754767142394266,-2.37543480157901,-2.375480204489946
female,46-49,-15,-2.011675105544277,-2.0116942551362778,-2.0117396580472136
female,46-49,-14,-1.7551556506450536,-1.755087749891385,-1.755133152802321
female,46-49,-13,-1.3646327528797095,-1.3646277697791804,-1.3646731726901165
female,46-49,-12,-1.0360277833141236,-1.0360828474125123,-1.0361282503234484
female,46-49,-11,-0.9013500354979981,-0.9012396632082217,-0.9012850661191577
female,46-49,-10,-0.49915739987937435,-0.4992301930329581,-0.4992755959438941
female,46-49,-9,-0.36712890969486867,-0.3671125728783729,-0.36715797578930887
female,46-49,-8,-0.1986850300406248,-0.1985956130381022,-0.19864101594903819
female,46-49,-7,0.16838161080907235,0.16835078993224772,0.16830538702131173
female,46-49,-6,0.37893734390532563,0.3789734849324642,0.3789280820215282
female,46-49,-5,0.6586262748848146,0.6585990877316222,0.6585536848206862
female,46-49,-4,0.8264579804038545,0.8264938627375484,0.8264484598266124
female,46-49,-3,1.0721385375654682,1.0721677501441875,1.0721223472332515
female,46-49,-2,1.3560036161287234,1.3560412011820908,1.3559957982711548
female,46-49,-1,1.6768303344547895,1.6768822097664455,1.6768368068555095
female,46-49,0,2.0458065761899906,2.0456893195182744,2.0456439166073386
female,46-49,1,2.0122458992231183,2.0122118911944673,2.0121664882835315
female,46-49,2,1.868997683437482,1.8690108726928396,1.8689654697819036
female,46-49,3,1.7498536257608863,1.7498405289067571,1.749795125995821
female,46-49,4,1.572221164587751,1.5722385046944842,1.5721931017835482
female,46-49,5,1.4187482005153311,1.4187439298777236,1.4186985269667876
female,46-49,6,1.2200369997759555,1.2200581356371951,1.220012732726259
female,46-49,7,1.0492705008287042,1.0492812450468576,1.0492358421359216
female,46-49,8,0.879645309682842,0.8796655345077278,0.8796201315967918
female,46-49,9,0.7463307001910868,0.7463206927704522,0.7462752898595162
female,46-49,10,0.5579519144289734,0.557949173828849,0.557903770917913
female,46-49,11,0.32124265166934163,0.3212923088634428,0.3212469059525068
female,46-49,12,0.200845489182998,0.20080741448346187,0.20076201157252588
female,46-49,13,-0.07837551630266325,-0.07833692798410022,-0.07838233089503621
female,46-49,14,-0.31779180657075734,-0.317771800009353,-0.317817202920289
female,46-49,15,-0.5706290742437188,-0.570487515382843,-0.5705329182937791
female,46-49,16,-0.4508820568163337,-0.45094372360379564,-0.4509891265147316
female,46-49,17,-0.5235500110224639,-0.5236316610992918,-0.5236770640102278
female,46-49,18,-0.9362733774146833,-0.936112931445935,-0.936158334356871
female,46-49,19,-0.9989659362965759,-0.9989903770189392,-0.9990357799298752
female,46-49,20,-1.1596370820038437,-1.1596348328297503,-1.1596802357406863
female,46-49,21,-1.3629625808036712,-1.36289724438677,-1.362942647297706
female,46-49,22,-1.4181473013198573,-1.4181286535700353,-1.4181740564809713
female,46-49,23,-1.4496138409246384,-1.4496827060914217,-1.4497281090023577
female,46-49,24,-2.15219585315097,-2.1515162698027694,-2.1515616727137052
female,46-49,25,-9.210340371976182,-2.152195853074371,-2.152241255985307
female,46-49,26,-9.210340371976182,-2.152195853150925,-2.1522412560618607
female,46-49,27,-9.210340371976182,-2.152195853150925,-2.1522412560618607
female,46-49,28,-9.210340371976182,-2.1521958531509253,-2.152241256061861
female,46-49,29,-9.210340371976182,-2.152195853150925,-2.1522412560618607
female,46-49,30,-9.210340371976182,-2.152195853150925,-2.1522412560618607
female,46-49,31,-9.210340371976182,-2.152195853150925,-2.1522412560618607
female,46-49,32,-9.210340371976182,-2.152195853150925,-2.1522412560618607
female,46-49,33,-9.210340371976182,-2.152195853150925,-2.1522412560618607
female,46-49,34,-9.210340371976182,-9.210340371976182,-9.210385774887119
female,46-49,35,-9.210340371976182,-9.210340371976182,-9.210385774887119
female,46-49,36,-9.210340371976182,-9.210340371976182,-9.210385774887119
female,46-49,37,-9.210340371976182,-9.210340371976182,-9.210385774887119
female,46-49,38,-9.210340371976182,-9.210340371976182,-9.210385774887119
female,46-49,39,-9.210340371976182,-9.210340371976182,-9.210385774887119
female,46-49,40,-9.210340371976182,-9.210340371976182,-9.210385774887119
female,46-49,41,-9.210340371976182,-9.210340371976182,-9.210385774887119
female,46-49,42,-9.210340371976182,-9.210340371976182,-9.210385774887119
female,46-49,43,-9.210340371976182,-9.210340371976182,-9.210385774887119
female,46-49,44,-9.210340371976182,-9.210340371976182,-9.210385774887119
female,46-49,45,-9.210340371976182,-9.210340371976182,-9.210385774887119
female,46-49,46,-9.210340371976182,-9.210340371976182,-9.210385774887119
female,46-49,47,-9.210340371976182,-9.210340371976182,-9.210385774887119
female,46-49,48,-9.210340371976182,-9.210340371976182,-9.210385774887119
female,46-49,49,-9.210340371976182,-9.210340371976182,-9.210385774887119
female,46-49,50,-9.210340371976182,-9.210340371976182,-9.210385774887119
female,46-49,51,-9.210340371976182,-9.210340371976182,-9.210385774887119
female,46-49,52,-9.210340371976182,-9.210340371976182,-9.210385774887119
female,50-54,-52,-9.210340371976182,-9.210340371976182,-9.210359889128837
female,50-54,-51,-9.210340371976182,-9.210340371976182,-9.210359889128837
female,50-54,-50,-9.210340371976182,-9.210340371976182,-9.210359889128837
female,50-54,-49,-9.210340371976182,-9.210340371976182,-9.210359889128837
female,50-54,-48,-9.210340371976182,-9.210340371976182,-9.210359889128837
female,50-54,-47,-9.210340371976182,-9.210340371976182,-9.210359889128837
female,50-54,-46,-9.210340371976182,-9.210340371976182,-9.210359889128837
female,50-54,-45,-9.210340371976182,-6.387480612333348,-6.387500129486003
female,50-54,-44,-9.210340371976182,-6.387480612333348,-6.387500129486003
female,50-54,-43,-9.210340371976182,-6.387480612333348,-6.387500129486003
female,50-54,-42,-9.210340371976182,-6.387480612333348,-6.387500129486003
female,50-54,-41,-9.210340371976182,-6.387480612333348,-6.387500129486003
female,50-54,-40,-9.210340371976182,-6.387480612333348,-6.387500129486003
female,50-54,-39,-9.210340371976182,-6.387480612333348,-6.387500129486003
female,50-54,-38,-9.210340371976182,-6.387480612333348,-6.387500129486003
female,50-54,-37,-9.210340371976182,-6.387480611992068,-6.3875001291447235
female,50-54,-36,-6.3874806123325625,-6.384454601299274,-6.38447411845193
female,50-54,-35,-4.689807994209857,-4.690309446290855,-4.690328963443511
female,50-54,-34,-5.948035191312731,-5.947469276258256,-5.947488793410912
female,50-54,-33,-5.920475886709168,-5.920708443291853,-5.920727960444509
female,50-54,-32,-6.675630896233202,-6.673099045366173,-6.6731185625188285
female,50-54,-31,-4.632833715596188,-4.633309601634655,-4.6333291187873105
female,50-54,-30,-5.42155897630157,-5.42077085954617,-5.420790376698826
female,50-54,-29,-4.65342222109806,-4.65370921491554,-4.6537287320681955
female,50-54,-28,-5.039614256255565,-5.0391526391179475,-5.039172156270603
female,50-54,-27,-4.388590222872681,-4.388917916013525,-4.388937433166181
female,50-54,-26,-5.094144433882438,-5.093393325469205,-5.093412842621861
female,50-54,-25,-4.291970758751005,-4.292262863316119,-4.292282380468775
female,50-54,-24,-4.661396775825574,-4.660679859400779,-4.660699376553435
female,50-54,-23,-3.644347170251767,-3.6444323085406687,-3.644451825693324
female,50-54,-22,-3.2777524489726138,-3.2778505797834683,-3.2778700969361236
female,50-54,-21,-3.2448987966132643,-3.2446408856958664,-3.2446604028485218
female,50-54,-20,-2.627457360816393,-2.6276142764793677,-2.627633793632023
female,50-54,-19,-2.604480593806355,-2.604460945985921,-2.6044804631385765
female,50-54,-18,-2.5193309134400153,-2.519288364597442,-2.5193078817500973
female,50-54,-17,-2.3118730726525127,-2.3117514220640123,-2.3117709392166677
female,50-54,-16,-1.8409697608162512,-1.8410788652404593,-1.8410983823931149
female,50-54,-15,-1.7648689980368628,-1.7647796958474575,-1.764799213000113
female,50-54,-14,-1.4569410316645914,-1.4568996845432323,-1.4569192016958878
female,50-54,-13,-1.1061067639383042,-1.1061058797463834,-1.106125396899039
female,50-54,-12,-0.8254579009673136,-0.825497464436599,-0.8255169815892545
female,50-54,-11,-0.6939694614285186,-0.6938235432131281,-0.6938430603657836
female,50-54,-10,-0.23510282202905342,-0.23518899430352977,-0.23520851145618524
female,50-54,-9,-0.11277945538327615,-0.11278564333462204,-0.11280516048727751
female,50-54,-8,-0.011227080178257296,-0.011132321934208768,-0.011151839086864243
female,50-54,-7,0.32419962984324335,0.3241807761947717,0.32416125904211623
female,50-54,-6,0.5448948022384185,0.5449020432217114,0.544882526069056
female,50-54,-5,0.7519457381252275,0.7519614858279823,0.7519419686753268
female,50-54,-4,0.9661050569874708,0.966130278294845,0.9661107611421895
female,50-54,-3,1.2025802506338474,1.2025874165292274,1.2025678993765718
female,50-54,-2,1.4075261657082754,1.407581921853059,1.4075624047004034
female,50-54,-1,1.7053137590319913,1.7053466920879454,1.7053271749352898
female,50-54,0,2.006144563546471,2.00604122505181,2.0060217078991545
female,50-54,1,1.953568901852331,1.953555456488121,1.9535359393354654
female,50-54,2,1.8542817781541294,1.8542683400704367,1.8542488229177811
female,50-54,3,1.6980246703864221,1.6980385005443277,1.6980189833916721
female,50-54,4,1.560979122385326,1.5609728139440826,1.560953296791427
female,50-54,5,1.3807404679300999,1.3807616573681485,1.380742140215493
female,50-54,6,1.239303001833089,1.2392948442553127,1.239275327102657
female,50-54,7,1.0486858486497677,1.048722679387726,1.0487031622350704
female,50-54,8,0.9439132511167071,0.9439044201136083,0.9438849029609528
female,50-54,9,0.7945507260029082,0.7945570640307338,0.7945375468780783
female,50-54,10,0.6360135157962996,0.6360227429999276,0.6360032258472721
female,50-54,11,0.4693025878381311,0.46931716935952494,0.4692976522068695
female,50-54,12,0.3051671690915862,0.30518939333077455,0.3051698761781191
female,50-54,13,0.1724154007403314,0.17239330043387666,0.1723737832812212
female,50-54,14,-0.082545236775495,-0.08250226760046397,-0.08252178475311944
female,50-54,15,-0.28880681192974283,-0.2887578817964545,-0.28877739894911
female,50-54,16,-0.394070830472643,-0.3940634456661198,-0.39408296281877525
female,50-54,17,-0.5200689658237186,-0.520048843364941,-0.5200683605175964
female,50-54,18,-0.6782776305455936,-0.6781867604866126,-0.6782062776392681
female,50-54,19,-0.618775276348534,-0.6188950009677371,-0.6189145181203926
female,50-54,20,-1.3726405495191114,-1.371900869480199,-1.3719203866328546
female,50-54,21,-9.210340371976182,-1.3726405494357214,-1.372660066588377
female,50-54,22,-9.210340371976182,-1.372640549519047,-1.3726600666717026
female,50-54,23,-9.210340371976182,-1.372640549519047,-1.3726600666717026
female,50-54,24,-9.210340371976182,-1.372640549519047,-1.3726600666717026
female,50-54,25,-9.210340371976182,-1.372640549519047,-1.3726600666717026
female,50-54,26,-9.210340371976182,-1.372640549519047,-1.3726600666717026
female,50-54,27,-9.210340371976182,-1.372640549519047,-1.3726600666717026
female,50-54,28,-9.210340371976182,-1.3726405495190472,-1.3726600666717028
female,50-54,29,-9.210340371976182,-1.372640549519047,-1.3726600666717026
female,50-54,30,-9.210340371976182,-9.210340371976182,-9.210359889128837
female,50-54,31,-9.210340371976182,-9.210340371976182,-9.210359889128837
female,50-54,32,-9.210340371976182,-9.210340371976182,-9.210359889128837
female,50-54,33,-9.210340371976182,-9.210340371976182,-9.210359889128837
female,50-54,34,-9.210340371976182,-9.210340371976182,-9.210359889128837
female,50-54,35,-9.210340371976182,-9.210340371976182,-9.210359889128837
female,50-54,36,-9.210340371976182,-9.210340371976182,-9.210359889128837
female,50-54,37,-9.210340371976182,-9.210340371976182,-9.210359889128837
female,50-54,38,-9.210340371976182,-9.210340371976182,-9.210359889128837
female,50-54,39,-9.210340371976182,-9.210340371976182,-9.210359889128837
female,50-54,40,-9.210340371976182,-9.210340371976182,-9.210359889128837
female,50-54,41,-9.210340371976182,-9.210340371976182,-9.210359889128837
female,50-54,42,-9.210340371976182,-9.210340371976182,-9.210359889128837
female,50-54,43,-9.210340371976182,-9.210340371976182,-9.210359889128837
female,50-54,44,-9.210340371976182,-9.210340371976182,-9.210359889128837
female,50-54,45,-9.210340371976182,-9.210340371976182,-9.210359889128837
female,50-54,46,-9.210340371976182,-9.210340371976182,-9.210359889128837
female,50-54,47,-9.210340371976182,-9.210340371976182,-9.210359889128837
female,50-54,48,-9.210340371976182,-9.210340371976182,-9.210359889128837
female,50-54,49,-9.210340371976182,-9.210340371976182,-9.210359889128837
female,50-54,50,-9.210340371976182,-9.210340371976182,-9.210359889128837
female,50-54,51,-9.210340371976182,-9.210340371976182,-9.210359889128837
female,50-54,52,-9.210340371976182,-9.210340371976182,-9.210359889128837
female,55-59,-52,-9.210340371976182,-9.210340371976182,-9.210383196417853
female,55-59,-51,-9.210340371976182,-9.210340371976182,-9.210383196417853
female,55-59,-50,-9.210340371976182,-5.540119455066332,-5.540162279508002
female,55-59,-49,-9.210340371976182,-5.540119455066332,-5.540162279508002
female,55-59,-48,-9.210340371976182,-5.540119455066332,-5.540162279508002
female,55-59,-47,-9.210340371976182,-5.540119455066332,-5.540162279508002
female,55-59,-46,-9.210340371976182,-5.540119455066332,-5.540162279508002
female,55-59,-45,-9.210340371976182,-5.540119455066332,-5.540162279508002
female,55-59,-44,-9.210340371976182,-5.540119455066332,-5.540162279508002
female,55-59,-43,-9.210340371976182,-5.540119455066332,-5.540162279508002
female,55-59,-42,-9.210340371976182,-5.540119455020459,-5.5401622794621295
female,55-59,-41,-5.540119455065593,-5.539712179943943,-5.539755004385613
female,55-59,-40,-5.061548564004681,-5.062121446979842,-5.062164271421512
female,55-59,-39,-10.959418021448155,-9.210340371976182,-9.210383196417853
female,55-59,-38,-4.76906525587702,-4.769515794360168,-4.769558618801838
female,55-59,-37,-5.416863936047648,-5.41630959503509,-5.41635241947676
female,55-59,-36,-4.752493613774907,-4.75275367165937,-4.75279649610104
female,55-59,-35,-5.090707276614658,-5.090668412610042,-5.090711237051712
female,55-59,-34,-5.439647268117656,-5.438893987927621,-5.438936812369291
female,55-59,-33,-4.387786408927024,-4.388250560935894,-4.3882933853775645
female,55-59,-32,-5.725490331372593,-5.723742707841358,-5.723785532283028
female,55-59,-31,-4.494683820050194,-4.494948041368979,-4.494990865810649
female,55-59,-30,-4.552725784235067,-4.552776382389314,-4.552819206830984
female,55-59,-29,-4.804181532621755,-4.803753587813932,-4.803796412255602
female,55-59,-28,-4.0949257778109995,-4.095175544737202,-4.095218369178872
female,55-59,-27,-4.34439137547447,-4.344142728948719,-4.344185553390389
female,55-59,-26,-3.9593983644651134,-3.959418115765822,-3.9594609402074927
female,55-59,-25,-3.698898815043925,-3.6990033647825715,-3.699046189224242
female,55-59,-24,-3.775231276820048,-3.774719350652966,-3.7747621750946365
female,55-59,-23,-2.842941352696319,-2.843315849784578,-2.8433586742262484
female,55-59,-22,-3.545071194448557,-3.5443453297886953,-3.544388154230366
female,55-59,-21,-2.7840792306217583,-2.784267764956931,-2.7843105893986015
female,55-59,-20,-2.7790627743213943,-2.7789094279753814,-2.778952252417052
female,55-59,-19,-2.3839651542849176,-2.383991576349338,-2.3840344007910086
female,55-59,-18,-2.1409088826244247,-2.1408587586055567,-2.1409015830472273
female,55-59,-17,-1.812537102811744,-1.8125266202463104,-1.812569444687981
female,55-59,-16,-1.5256453746371967,-1.5257321021728956,-1.5257749266145662
female,55-59,-15,-1.5263174281450973,-1.5262402464900164,-1.526283070931687
female,55-59,-14,-1.31014517062168,-1.3100983474046577,-1.3101411718463283
female,55-59,-13,-1.0042661139835043,-1.0042710143784999,-1.0043138388201704
female,55-59,-12,-0.7654832670172479,-0.7654557085307914,-0.7654985329724618
female,55-59,-11,-0.49442499350377006,-0.49438740900946765,-0.4944302334511381
female,55-59,-10,-0.18419536947011858,-0.18422125861920405,-0.18426408306087452
female,55-59,-9,-0.005638125590729131,-0.00562199091528236,-0.0056648153569528355
female,55-59,-8,0.18532032632697393,0.1853828145285849,0.18533999008691443
female,55-59,-7,0.4883794979461803,0.48834094661861777,0.4882981221769473
female,55-59,-6,0.6208123507649763,0.6208664433462475,0.620823618904577
female,55-59,-5,0.8690958930227369,0.8690788454212569,0.8690360209795864
female,55-59,-4,1.0247565166052839,1.0247924437834735,1.0247496193418029
female,55-59,-3,1.2494336200067182,1.2494304292150786,1.249387604773408
female,55-59,-2,1.4244819273505673,1.424545044433237,1.4245022199915665
female,55-59,-1,1.7230867279755442,1.7231225419242224,1.7230797174825518
female,55-59,0,2.0324373114458454,2.0323184538761536,2.032275629434483
female,55-59,1,1.939852356121452,1.939858995224447,1.9398161707827764
female,55-59,2,1.8614263072937183,1.8614081222462417,1.8613652978045712
female,55-59,3,1.7156624955160669,1.7156724516653232,1.7156296272236526
female,55-59,4,1.577646258026295,1.5776559420631755,1.577613117621505
female,55-59,5,1.446584840440047,1.4466050042917744,1.4465621798501038
female,55-59,6,1.3568723116422992,1.3568731348868777,1.356830310445207
female,55-59,7,1.25249445438906,1.2524797768412907,1.2524369523996202
female,55-59,8,1.0718197154468287,1.071862349673694,1.0718195252320235
female,55-59,9,0.9840346011160559,0.9840415241239522,0.9839986996822817
female,55-59,10,0.9006308414970188,0.9006011995391747,0.9005583750975042
female,55-59,11,0.6914326466972731,0.6914908488074869,0.6914480243658164
female,55-59,12,0.5985331125399272,0.5985026342876018,0.5984598098459313
female,55-59,13,0.2604950211116337,0.2606644066542753,0.26062158221260484
female,55-59,14,0.2085261271269164,0.2085129973859765,0.20847017294430603
female,55-59,15,-0.05982463421770128,-0.05962137971865613,-0.059664204160326605
female,55-59,16,-9.210340371976182,-0.059824634194718174,-0.05986745863638865
female,55-59,17,-9.210340371976182,-0.059824634217608745,-0.05986745865927922
female,55-59,18,-9.210340371976182,-0.05982463421760898,-0.059867458659279456
female,55-59,19,-9.210340371976182,-0.05982463421760886,-0.05986745865927934
female,55-59,20,-9.210340371976182,-0.05982463421760886,-0.05986745865927934
female,55-59,21,-9.210340371976182,-0.05982463421760886,-0.05986745865927934
female,55-59,22,-9.210340371976182,-0.059824634217608745,-0.05986745865927922
female,55-59,23,-9.210340371976182,-0.059824634217608745,-0.05986745865927922
female,55-59,24,-9.210340371976182,-0.05982463421760898,-0.059867458659279456
female,55-59,25,-9.210340371976182,-9.210340371976182,-9.210383196417853
female,55-59,26,-9.210340371976182,-9.210340371976182,-9.210383196417853
female,55-59,27,-9.210340371976182,-9.210340371976182,-9.210383196417853
female,55-59,28,-9.210340371976182,-9.210340371976182,-9.210383196417853
female,55-59,29,-9.210340371976182,-9.210340371976182,-9.210383196417853
female,55-59,30,-9.210340371976182,-9.210340371976182,-9.210383196417853
female,55-59,31,-9.210340371976182,-9.210340371976182,-9.210383196417853
female,55-59,32,-9.210340371976182,-9.210340371976182,-9.210383196417853
female,55-59,33,-9.210340371976182,-9.210340371976182,-9.210383196417853
female,55-59,34,-9.210340371976182,-9.210340371976182,-9.210383196417853
female,55-59,35,-9.210340371976182,-9.210340371976182,-9.210383196417853
female,55-59,36,-9.210340371976182,-9.210340371976182,-9.210383196417853
female,55-59,37,-9.210340371976182,-9.210340371976182,-9.210383196417853
female,55-59,38,-9.210340371976182,-9.210340371976182,-9.210383196417853
female,55-59,39,-9.210340371976182,-9.210340371976182,-9.210383196417853
female,55-59,40,-9.210340371976182,-9.210340371976182,-9.210383196417853
female,55-59,41,-9.210340371976182,-9.210340371976182,-9.210383196417853
female,55-59,42,-9.210340371976182,-9.210340371976182,-9.210383196417853
female,55-59,43,-9.210340371976182,-9.210340371976182,-9.210383196417853
female,55-59,44,-9.210340371976182,-9.210340371976182,-9.210383196417853
female,55-59,45,-9.210340371976182,-9.210340371976182,-9.210383196417853
female,55-59,46,-9.210340371976182,-9.210340371976182,-9.210383196417853
female,55-59,47,-9.210340371976182,-9.210340371976182,-9.210383196417853
female,55-59,48,-9.210340371976182,-9.210340371976182,-9.210383196417853
female,55-59,49,-9.210340371976182,-9.210340371976182,-9.210383196417853
female,55-59,50,-9.210340371976182,-9.210340371976182,-9.210383196417853
female,55-59,51,-9.210340371976182,-9.210340371976182,-9.210383196417853
female,55-59,52,-9.210340371976182,-9.210340371976182,-9.210383196417853
female,60-70,-52,-9.210340371976182,-9.210340371976182,-9.21376676710931
female,60-70,-51,-9.210340371976182,-9.210340371976182,-9.21376676710931
female,60-70,-50,-9.210340371976182,-9.210340371976182,-9.21376676710931
female,60-70,-49,-6.6456331830009505,-6.645554391339541,-6.64898078647267
female,60-70,-48,-6.079737162667617,-6.079792796161145,-6.083219191294274
female,60-70,-47,-5.949823484705473,-5.94927083636589,-5.952697231499019
female,60-70,-46,-5.051943634830225,-5.052437108605396,-5.055863503738525
female,60-70,-45,-6.911048888058209,-6.909419730203955,-6.912846125337084
female,60-70,-44,-6.748293212642889,-6.747283090733761,-6.75070948586689
female,60-70,-43,-5.417025583050084,-5.4173911987452685,-5.420817593878398
female,60-70,-42,-5.922363919288046,-5.921885758510973,-5.925312153644102
female,60-70,-41,-5.304163124042629,-5.304425162249105,-5.307851557382234
female,60-70,-40,-5.690038808172097,-5.689862430962851,-5.69328882609598
female,60-70,-39,-5.650648547758077,-5.650167551383362,-5.653593946516491
female,60-70,-38,-4.724780222096889,-4.7250787266658625,-4.7285051217989915
female,60-70,-37,-5.053706957251516,-5.0536157525018846,-5.057042147635014
female,60-70,-36,-5.210322375167824,-5.2097585634203964,-5.2131849585535255
female,60-70,-35,-4.264828172193442,-4.265071084755793,-4.268497479888922
female,60-70,-34,-4.362123022682477,-4.362197065827365,-4.365623460960494
female,60-70,-33,-4.798924602949325,-4.798505972779684,-4.801932367912813
female,60-70,-32,-4.265950663716268,-4.2660486692783035,-4.2694750644114325
female,60-70,-31,-4.126657979558049,-4.126679531403359,-4.130105926536488
female,60-70,-30,-4.056906592261003,-4.0570105450486675,-4.060436940181797
female,60-70,-29,-4.359451270923064,-4.358843450122313,-4.362269845255442
female,60-70,-28,-3.4378131045361373,-3.4380649507077203,-3.44149134584085
female,60-70,-27,-3.5728512766943905,-3.5726791311184134,-3.576105526251543
female,60-70,-26,-3.255247096713665,-3.2553945893893035,-3.258820984522433
female,60-70,-25,-3.436977921014367,-3.4367398977615715,-3.440166292894701
female,60-70,-24,-3.0170606917217886,-3.0169332226956698,-3.0203596178287992
female,60-70,-23,-2.448369303646678,-2.448502994173954,-2.4519293893070833
female,60-70,-22,-2.4002226630574905,-2.400165626529248,-2.4035920216623774
female,60-70,-21,-2.201327900372375,-2.2013534332362172,-2.2047798283693467
female,60-70,-20,-2.0999205616062624,-2.099805874934736,-2.1032322700678656
female,60-70,-19,-1.7284084581453254,-1.7284430909524195,-1.731869486085549
female,60-70,-18,-1.5330798771890515,-1.5330598749183089,-1.5364862700514383
female,60-70,-17,-1.3194394662190492,-1.3194428411170722,-1.3228692362502017
female,60-70,-16,-1.1523728222478828,-1.1523258964319283,-1.1557522915650578
female,60-70,-15,-0.8962085147261881,-0.8961963819207998,-0.8996227770539292
female,60-70,-14,-0.665605741930274,-0.6656012517068727,-0.6690276468400022
female,60-70,-13,-0.47205138036467403,-0.4720203410159161,-0.47544673614904553
female,60-70,-12,-0.24137359607288447,-0.2413948126036543,-0.24482120773678376
female,60-70,-11,-0.11512272942376431,-0.1150186633233611,-0.11844505845649055
female,60-70,-10,0.23397847790655488,0.2339526127139612,0.23052621758083175
female,60-70,-9,0.42389145177769355,0.4238848777038208,0.42045848257069135
female,60-70,-8,0.5620364010462617,0.5620590451310876,0.5586326499979581
female,60-70,-7,0.737018692538308,0.7370528933240931,0.7336264981909636
female,60-70,-6,0.9671226368757999,0.9671316776506808,0.9637052825175513
female,60-70,-5,1.173971978340458,1.173950880861616,1.1705244857284864
female,60-70,-4,1.2885421786453064,1.2885631244296332,1.2851367292965037
female,60-70,-3,1.4449222258349284,1.4449527710573145,1.441526375924185
female,60-70,-2,1.657962070277658,1.6580062151876922,1.6545798200545627
female,60-70,-1,1.9439879651150664,1.9440447236441838,1.9406183285110543
female,60-70,0,2.303435489837756,2.3033142808844866,2.299887885751357
female,60-70,1,2.2400342917930294,2.2400339616267217,2.2366075664935923
female,60-70,2,2.1489928783795356,2.1490165599368036,2.145590164803674
female,60-70,3,2.102640680541864,2.1026136325868374,2.099187237453708
female,60-70,4,1.9284905456318957,1.9285483196573865,1.925121924524257
female,60-70,5,1.8665795163421632,1.8665768343488152,1.8631504392156857
female,60-70,6,1.7544677599481373,1.754474595452398,1.7510482003192684
female,60-70,7,1.5794526392629715,1.5794981575610938,1.5760717624279643
female,60-70,8,1.420687775511111,1.4207402781611715,1.417313883028042
female,60-70,9,1.2958084388661335,1.2958573004422524,1.292430905309123
female,60-70,10,1.1697393367122377,1.169829606617842,1.1664032114847125
female,60-70,11,-9.210340371976182,1.1697410478129449,1.1663146526798154
female,60-70,12,-9.210340371976182,1.169741047802972,1.1663146526698425
female,60-70,13,-9.210340371976182,1.169741047802972,1.1663146526698425
female,60-70,14,-9.210340371976182,1.169741047802972,1.1663146526698425
female,60-70,15,-9.210340371976182,1.169741047802972,1.1663146526698425
female,60-70,16,-9.210340371976182,1.169741047802972,1.1663146526698425
female,60-70,17,-9.210340371976182,1.169741047802972,1.1663146526698425
female,60-70,18,-9.210340371976182,1.169741047802972,1.1663146526698425
female,60-70,19,-9.210340371976182,1.169741047802972,1.1663146526698425
female,60-70,20,-9.210340371976182,-9.210340371976182,-9.21376676710931
female,60-70,21,-9.210340371976182,-9.210340371976182,-9.21376676710931
female,60-70,22,-9.210340371976182,-9.210340371976182,-9.21376676710931
female,60-70,23,-9.210340371976182,-9.210340371976182,-9.21376676710931
female,60-70,24,-9.210340371976182,-9.210340371976182,-9.21376676710931
female,60-70,25,-9.210340371976182,-9.210340371976182,-9.21376676710931
female,60-70,26,-9.210340371976182,-9.210340371976182,-9.21376676710931
female,60-70,27,-9.210340371976182,-9.210340371976182,-9.21376676710931
female,60-70,28,-9.210340371976182,-9.210340371976182,-9.21376676710931
female,60-70,29,-9.210340371976182,-9.210340371976182,-9.21376676710931
female,60-70,30,-9.210340371976182,-9.210340371976182,-9.21376676710931
female,60-70,31,-9.210340371976182,-9.210340371976182,-9.21376676710931
female,60-70,32,-9.210340371976182,-9.210340371976182,-9.21376676710931
female,60-70,33,-9.210340371976182,-9.210340371976182,-9.21376676710931
female,60-70,34,-9.210340371976182,-9.210340371976182,-9.21376676710931
female,60-70,35,-9.210340371976182,-9.210340371976182,-9.21376676710931
female,60-70,36,-9.210340371976182,-9.210340371976182,-9.21376676710931
female,60-70,37,-9.210340371976182,-9.210340371976182,-9.21376676710931
female,60-70,38,-9.210340371976182,-9.210340371976182,-9.21376676710931
female,60-70,39,-9.210340371976182,-9.210340371976182,-9.21376676710931
female,60-70,40,-9.210340371976182,-9.210340371976182,-9.21376676710931
female,60-70,41,-9.210340371976182,-9.210340371976182,-9.21376676710931
female,60-70,42,-9.210340371976182,-9.210340371976182,-9.21376676710931
female,60-70,43,-9.210340371976182,-9.210340371976182,-9.21376676710931
female,60-70,44,-9.210340371976182,-9.210340371976182,-9.21376676710931
female,60-70,45,-9.210340371976182,-9.210340371976182,-9.21376676710931
female,60-70,46,-9.210340371976182,-9.210340371976182,-9.21376676710931
female,60-70,47,-9.210340371976182,-9.210340371976182,-9.21376676710931
female,60-70,48,-9.210340371976182,-9.210340371976182,-9.21376676710931
female,60-70,49,-9.210340371976182,-9.210340371976182,-9.21376676710931
female,60-70,50,-9.210340371976182,-9.210340371976182,-9.21376676710931
female,60-70,51,-9.210340371976182,-9.210340371976182,-9.21376676710931
female,60-70,52,-9.210340371976182,-9.210340371976182,-9.21376676710931
