sex_s,race_s,race_c,edu_s,edu_c,multiplier,log,sides_alloc
male,hispanic,hispanic,hs_or_less,hs_or_less,1.6383,0.49367,50266.3
male,hispanic,hispanic,hs_or_less,some_college,1.0505,0.04931,14833.2
male,hispanic,hispanic,hs_or_less,bachelors,1.1361,0.12764,5215.0
male,hispanic,hispanic,hs_or_less,graduate,1.0728,0.0703,1542.5
male,hispanic,hispanic,some_college,hs_or_less,0.804,-0.21818,8400.2
male,hispanic,hispanic,some_college,some_college,0.8259,-0.19131,11786.9
male,hispanic,hispanic,some_college,bachelors,0.8248,-0.19265,4555.2
male,hispanic,hispanic,some_college,graduate,0.9598,-0.04099,1648.0
male,hispanic,hispanic,bachelors,hs_or_less,0.8206,-0.19768,2653.0
male,hispanic,hispanic,bachelors,some_college,0.7177,-0.33164,2872.6
male,hispanic,hispanic,bachelors,bachelors,0.8363,-0.17882,4944.0
male,hispanic,hispanic,bachelors,graduate,0.7557,-0.28012,1714.2
male,hispanic,hispanic,graduate,hs_or_less,0.8603,-0.15049,852.3
male,hispanic,hispanic,graduate,some_college,0.77,-0.26134,879.9
male,hispanic,hispanic,graduate,bachelors,0.7569,-0.27851,1435.0
male,hispanic,hispanic,graduate,graduate,0.8975,-0.10813,1783.1
male,hispanic,nh_white,hs_or_less,hs_or_less,0.8019,-0.22082,3816.5
male,hispanic,nh_white,hs_or_less,some_college,0.8557,-0.1558,3494.3
male,hispanic,nh_white,hs_or_less,bachelors,0.7426,-0.29754,1647.4
male,hispanic,nh_white,hs_or_less,graduate,0.7927,-0.23237,716.4
male,hispanic,nh_white,some_college,hs_or_less,1.0775,0.07461,1744.6
male,hispanic,nh_white,some_college,some_college,1.0045,0.00447,3987.0
male,hispanic,nh_white,some_college,bachelors,0.9881,-0.01196,2620.9
male,hispanic,nh_white,some_college,graduate,1.0601,0.05835,1150.5
male,hispanic,nh_white,bachelors,hs_or_less,0.9948,-0.00525,492.4
male,hispanic,nh_white,bachelors,some_college,1.1137,0.10773,1235.8
male,hispanic,nh_white,bachelors,bachelors,1.1781,0.1639,3329.8
male,hispanic,nh_white,bachelors,graduate,1.1576,0.14637,1662.1
male,hispanic,nh_white,graduate,hs_or_less,0.9794,-0.0208,149.0
male,hispanic,nh_white,graduate,some_college,1.076,0.07327,363.4
male,hispanic,nh_white,graduate,bachelors,1.1776,0.16351,1091.8
male,hispanic,nh_white,graduate,graduate,1.1766,0.16259,1489.0
male,hispanic,nh_black,hs_or_less,hs_or_less,0.7805,-0.24788,330.3
male,hispanic,nh_black,hs_or_less,some_college,1.0242,0.0239,328.0
male,hispanic,nh_black,hs_or_less,bachelors,1.2615,0.23234,124.1
male,hispanic,nh_black,hs_or_less,graduate,1.2355,0.21147,62.7
male,hispanic,nh_black,some_college,hs_or_less,0.8655,-0.14442,123.1
male,hispanic,nh_black,some_college,some_college,0.9009,-0.10435,276.7
male,hispanic,nh_black,some_college,bachelors,1.357,0.30529,155.7
male,hispanic,nh_black,some_college,graduate,1.1593,0.14785,64.6
male,hispanic,nh_black,bachelors,hs_or_less,0.9347,-0.06751,40.7
male,hispanic,nh_black,bachelors,some_college,0.8015,-0.22122,62.8
male,hispanic,nh_black,bachelors,bachelors,1.1689,0.1561,138.8
male,hispanic,nh_black,bachelors,graduate,1.0545,0.05304,72.7
male,hispanic,nh_black,graduate,hs_or_less,0.9548,-0.0463,11.9
male,hispanic,nh_black,graduate,some_college,0.8602,-0.15061,17.7
male,hispanic,nh_black,graduate,bachelors,0.9305,-0.07198,33.3
male,hispanic,nh_black,graduate,graduate,0.9246,-0.07843,53.5
male,hispanic,nh_asian,hs_or_less,hs_or_less,0.6506,-0.42982,212.7
male,hispanic,nh_asian,hs_or_less,some_college,0.9208,-0.08251,246.2
male,hispanic,nh_asian,hs_or_less,bachelors,0.6862,-0.37663,192.2
male,hispanic,nh_asian,hs_or_less,graduate,0.5179,-0.6579,55.2
male,hispanic,nh_asian,some_college,hs_or_less,1.1294,0.12168,136.3
male,hispanic,nh_asian,some_college,some_college,1.2818,0.24829,355.6
male,hispanic,nh_asian,some_college,bachelors,0.9586,-0.04223,348.7
male,hispanic,nh_asian,some_college,graduate,0.6469,-0.43563,108.2
male,hispanic,nh_asian,bachelors,hs_or_less,1.3998,0.33631,62.1
male,hispanic,nh_asian,bachelors,some_college,1.4049,0.33998,116.8
male,hispanic,nh_asian,bachelors,bachelors,1.1809,0.16625,465.2
male,hispanic,nh_asian,bachelors,graduate,0.9791,-0.02115,251.5
male,hispanic,nh_asian,graduate,hs_or_less,1.3364,0.28995,25.9
male,hispanic,nh_asian,graduate,some_college,1.3674,0.31291,41.0
male,hispanic,nh_asian,graduate,bachelors,1.1522,0.14167,146.7
male,hispanic,nh_asian,graduate,graduate,1.0958,0.09148,239.0
male,hispanic,nh_aian,hs_or_less,hs_or_less,1.149,0.13893,127.4
male,hispanic,nh_aian,hs_or_less,some_college,0.9366,-0.06555,63.7
male,hispanic,nh_aian,hs_or_less,bachelors,1.2609,0.23179,26.3
male,hispanic,nh_aian,hs_or_less,graduate,1.2136,0.19357,12.9
male,hispanic,nh_aian,some_college,hs_or_less,0.9153,-0.08847,30.2
male,hispanic,nh_aian,some_college,some_college,1.1767,0.16271,87.5
male,hispanic,nh_aian,some_college,bachelors,0.9898,-0.01026,15.5
male,hispanic,nh_aian,some_college,graduate,1.1008,0.09607,9.3
male,hispanic,nh_aian,bachelors,hs_or_less,0.8645,-0.14555,4.3
male,hispanic,nh_aian,bachelors,some_college,0.9051,-0.09976,14.0
male,hispanic,nh_aian,bachelors,bachelors,0.7849,-0.24218,4.2
male,hispanic,nh_aian,bachelors,graduate,0.9807,-0.01944,5.8
male,hispanic,nh_aian,graduate,hs_or_less,1.0767,0.07393,6.6
male,hispanic,nh_aian,graduate,some_college,0.9031,-0.10187,1.5
male,hispanic,nh_aian,graduate,bachelors,0.9771,-0.02312,4.8
male,hispanic,nh_aian,graduate,graduate,0.9034,-0.10156,1.7
male,hispanic,nh_nhpi,hs_or_less,hs_or_less,1.0597,0.05794,41.8
male,hispanic,nh_nhpi,hs_or_less,some_college,0.9636,-0.03704,18.9
male,hispanic,nh_nhpi,hs_or_less,bachelors,0.9376,-0.06445,2.2
male,hispanic,nh_nhpi,hs_or_less,graduate,0.9786,-0.02165,0.8
male,hispanic,nh_nhpi,some_college,hs_or_less,1.1064,0.10115,18.3
male,hispanic,nh_nhpi,some_college,some_college,1.037,0.0363,23.1
male,hispanic,nh_nhpi,some_college,bachelors,1.0456,0.04463,7.7
male,hispanic,nh_nhpi,some_college,graduate,0.9975,-0.00252,1.8
male,hispanic,nh_nhpi,bachelors,hs_or_less,0.9461,-0.05542,1.7
male,hispanic,nh_nhpi,bachelors,some_college,1.0619,0.06004,8.6
male,hispanic,nh_nhpi,bachelors,bachelors,0.9121,-0.09199,2.2
male,hispanic,nh_nhpi,bachelors,graduate,0.9893,-0.0108,2.1
male,hispanic,nh_nhpi,graduate,hs_or_less,0.9726,-0.02778,0.1
male,hispanic,nh_nhpi,graduate,some_college,0.9812,-0.01897,1.0
male,hispanic,nh_nhpi,graduate,bachelors,0.977,-0.02328,1.1
male,hispanic,nh_nhpi,graduate,graduate,1.0552,0.05368,4.4
male,hispanic,nh_twoplus,hs_or_less,hs_or_less,0.8988,-0.10667,501.1
male,hispanic,nh_twoplus,hs_or_less,some_college,0.8965,-0.10922,482.0
male,hispanic,nh_twoplus,hs_or_less,bachelors,0.8596,-0.15133,195.6
male,hispanic,nh_twoplus,hs_or_less,graduate,0.8496,-0.163,72.0
male,hispanic,nh_twoplus,some_college,hs_or_less,0.9063,-0.09833,174.6
male,hispanic,nh_twoplus,some_college,some_college,1.0634,0.06143,577.4
male,hispanic,nh_twoplus,some_college,bachelors,0.9671,-0.03348,272.1
male,hispanic,nh_twoplus,some_college,graduate,1.0432,0.04229,116.9
male,hispanic,nh_twoplus,bachelors,hs_or_less,1.0864,0.08286,68.8
male,hispanic,nh_twoplus,bachelors,some_college,1.1891,0.17321,188.0
male,hispanic,nh_twoplus,bachelors,bachelors,1.0846,0.08124,330.9
male,hispanic,nh_twoplus,bachelors,graduate,1.1349,0.12658,171.5
male,hispanic,nh_twoplus,graduate,hs_or_less,0.9273,-0.07543,13.7
male,hispanic,nh_twoplus,graduate,some_college,1.1123,0.10644,54.1
male,hispanic,nh_twoplus,graduate,bachelors,1.0671,0.06497,106.1
male,hispanic,nh_twoplus,graduate,graduate,0.9961,-0.00392,127.4
male,hispanic,nh_other,hs_or_less,hs_or_less,1.1198,0.11312,85.1
male,hispanic,nh_other,hs_or_less,some_college,0.9573,-0.04366,51.6
male,hispanic,nh_other,hs_or_less,bachelors,1.0097,0.00965,27.2
male,hispanic,nh_other,hs_or_less,graduate,1.0241,0.02381,12.5
male,hispanic,nh_other,some_college,hs_or_less,0.9407,-0.06109,20.9
male,hispanic,nh_other,some_college,some_college,1.0312,0.03073,57.4
male,hispanic,nh_other,some_college,bachelors,1.0603,0.0586,35.2
male,hispanic,nh_other,some_college,graduate,0.9817,-0.01851,12.4
male,hispanic,nh_other,bachelors,hs_or_less,1.1469,0.13704,14.0
male,hispanic,nh_other,bachelors,some_college,0.9528,-0.04837,12.8
male,hispanic,nh_other,bachelors,bachelors,0.8546,-0.15709,22.4
male,hispanic,nh_other,bachelors,graduate,0.9724,-0.02804,16.1
male,hispanic,nh_other,graduate,hs_or_less,1.0809,0.07779,5.5
male,hispanic,nh_other,graduate,some_college,1.0509,0.04965,6.8
male,hispanic,nh_other,graduate,bachelors,0.8907,-0.11572,5.6
male,hispanic,nh_other,graduate,graduate,0.9721,-0.02827,14.1
male,nh_white,hispanic,hs_or_less,hs_or_less,0.502,-0.68914,3286.4
male,nh_white,hispanic,hs_or_less,some_college,0.8655,-0.14443,2657.5
male,nh_white,hispanic,hs_or_less,bachelors,1.2047,0.1862,1197.3
male,nh_white,hispanic,hs_or_less,graduate,1.3528,0.30221,416.4
male,nh_white,hispanic,some_college,hs_or_less,0.6395,-0.44702,2146.1
male,nh_white,hispanic,some_college,some_college,0.9263,-0.0766,4178.0
male,nh_white,hispanic,some_college,bachelors,1.3253,0.28164,2296.6
male,nh_white,hispanic,some_college,graduate,1.5455,0.43535,861.6
male,nh_white,hispanic,bachelors,hs_or_less,0.584,-0.5379,960.6
male,nh_white,hispanic,bachelors,some_college,0.9793,-0.0209,2053.5
male,nh_white,hispanic,bachelors,bachelors,1.3035,0.26506,4032.0
male,nh_white,hispanic,bachelors,graduate,1.4986,0.40451,1770.0
male,nh_white,hispanic,graduate,hs_or_less,0.6402,-0.44597,360.0
male,nh_white,hispanic,graduate,some_college,0.9875,-0.01261,669.2
male,nh_white,hispanic,graduate,bachelors,1.2436,0.21804,1400.1
male,nh_white,hispanic,graduate,graduate,1.3742,0.31788,1618.5
male,nh_white,nh_white,hs_or_less,hs_or_less,1.2576,0.22922,43374.3
male,nh_white,nh_white,hs_or_less,some_college,1.129,0.12132,33185.9
male,nh_white,nh_white,hs_or_less,bachelors,0.9659,-0.03468,15273.0
male,nh_white,nh_white,hs_or_less,graduate,0.9419,-0.05986,5924.6
male,nh_white,nh_white,some_college,hs_or_less,1.0541,0.05265,18253.6
male,nh_white,nh_white,some_college,some_college,0.9727,-0.02765,40944.1
male,nh_white,nh_white,some_college,bachelors,0.9631,-0.0376,26183.6
male,nh_white,nh_white,some_college,graduate,0.9715,-0.02894,11003.0
male,nh_white,nh_white,bachelors,hs_or_less,0.86,-0.15088,7224.1
male,nh_white,nh_white,bachelors,some_college,0.9153,-0.08854,17136.4
male,nh_white,nh_white,bachelors,bachelors,1.0234,0.02311,48807.0
male,nh_white,nh_white,bachelors,graduate,1.0176,0.01744,24264.6
male,nh_white,nh_white,graduate,hs_or_less,0.7583,-0.27673,2246.0
male,nh_white,nh_white,graduate,some_college,0.794,-0.23063,5131.9
male,nh_white,nh_white,graduate,bachelors,0.9567,-0.04426,16848.8
male,nh_white,nh_white,graduate,graduate,0.8958,-0.11004,21625.7
male,nh_white,nh_black,hs_or_less,hs_or_less,0.7736,-0.25665,465.5
male,nh_white,nh_black,hs_or_less,some_college,0.9598,-0.04107,425.8
male,nh_white,nh_black,hs_or_less,bachelors,1.2681,0.23754,169.7
male,nh_white,nh_black,hs_or_less,graduate,1.3749,0.31838,94.0
male,nh_white,nh_black,some_college,hs_or_less,0.78,-0.24844,235.9
male,nh_white,nh_black,some_college,some_college,0.7852,-0.24186,503.8
male,nh_white,nh_black,some_college,bachelors,1.2437,0.21808,281.3
male,nh_white,nh_black,some_college,graduate,1.1767,0.1627,132.5
male,nh_white,nh_black,bachelors,hs_or_less,0.8742,-0.13449,131.6
male,nh_white,nh_black,bachelors,some_college,0.9436,-0.0581,279.8
male,nh_white,nh_black,bachelors,bachelors,1.1201,0.11346,432.7
male,nh_white,nh_black,bachelors,graduate,1.0335,0.03296,231.0
male,nh_white,nh_black,graduate,hs_or_less,0.9662,-0.03443,52.1
male,nh_white,nh_black,graduate,some_college,0.9249,-0.07806,93.9
male,nh_white,nh_black,graduate,bachelors,1.0724,0.06992,161.8
male,nh_white,nh_black,graduate,graduate,0.9399,-0.06197,217.2
male,nh_white,nh_asian,hs_or_less,hs_or_less,0.5878,-0.53134,484.2
male,nh_white,nh_asian,hs_or_less,some_college,0.6678,-0.4037,420.1
male,nh_white,nh_asian,hs_or_less,bachelors,0.709,-0.34393,491.1
male,nh_white,nh_asian,hs_or_less,graduate,0.5122,-0.66905,154.3
male,nh_white,nh_asian,some_college,hs_or_less,1.0356,0.03496,441.0
male,nh_white,nh_asian,some_college,some_college,0.9498,-0.05146,885.4
male,nh_white,nh_asian,some_college,bachelors,0.8995,-0.10597,1102.9
male,nh_white,nh_asian,some_college,graduate,0.6649,-0.40819,415.5
male,nh_white,nh_asian,bachelors,hs_or_less,1.5179,0.41736,320.0
male,nh_white,nh_asian,bachelors,some_college,1.4162,0.34798,606.3
male,nh_white,nh_asian,bachelors,bachelors,1.037,0.03629,2278.7
male,nh_white,nh_asian,bachelors,graduate,0.9671,-0.03341,1382.5
male,nh_white,nh_asian,graduate,hs_or_less,1.8199,0.59877,155.3
male,nh_white,nh_asian,graduate,some_college,1.7929,0.58386,265.3
male,nh_white,nh_asian,graduate,bachelors,1.3477,0.2984,1059.2
male,nh_white,nh_asian,graduate,graduate,1.2645,0.23467,1723.5
male,nh_white,nh_aian,hs_or_less,hs_or_less,1.1981,0.18073,337.1
male,nh_white,nh_aian,hs_or_less,some_college,1.2262,0.20388,231.3
male,nh_white,nh_aian,hs_or_less,bachelors,1.4264,0.35516,64.3
male,nh_white,nh_aian,hs_or_less,graduate,1.2129,0.19299,21.3
male,nh_white,nh_aian,some_college,hs_or_less,1.0751,0.07246,154.8
male,nh_white,nh_aian,some_college,some_college,0.8978,-0.10786,235.1
male,nh_white,nh_aian,some_college,bachelors,1.3273,0.28312,92.1
male,nh_white,nh_aian,some_college,graduate,1.2535,0.22595,34.0
male,nh_white,nh_aian,bachelors,hs_or_less,0.6911,-0.36946,34.8
male,nh_white,nh_aian,bachelors,some_college,0.791,-0.23445,87.4
male,nh_white,nh_aian,bachelors,bachelors,0.9274,-0.07541,95.6
male,nh_white,nh_aian,bachelors,graduate,1.0391,0.03837,43.9
male,nh_white,nh_aian,graduate,hs_or_less,0.9589,-0.04199,22.0
male,nh_white,nh_aian,graduate,some_college,0.7207,-0.32755,18.0
male,nh_white,nh_aian,graduate,bachelors,0.8138,-0.20604,25.7
male,nh_white,nh_aian,graduate,graduate,0.8255,-0.19179,28.7
male,nh_white,nh_nhpi,hs_or_less,hs_or_less,0.8203,-0.19807,33.4
male,nh_white,nh_nhpi,hs_or_less,some_college,1.0917,0.08769,34.3
male,nh_white,nh_nhpi,hs_or_less,bachelors,1.216,0.19559,15.4
male,nh_white,nh_nhpi,hs_or_less,graduate,1.0782,0.0753,5.1
male,nh_white,nh_nhpi,some_college,hs_or_less,0.9285,-0.07417,21.2
male,nh_white,nh_nhpi,some_college,some_college,0.9559,-0.0451,38.1
male,nh_white,nh_nhpi,some_college,bachelors,1.2278,0.20524,21.8
male,nh_white,nh_nhpi,some_college,graduate,1.1324,0.12435,9.1
male,nh_white,nh_nhpi,bachelors,hs_or_less,0.8994,-0.10603,7.8
male,nh_white,nh_nhpi,bachelors,some_college,0.8815,-0.12617,12.2
male,nh_white,nh_nhpi,bachelors,bachelors,0.9744,-0.02597,18.5
male,nh_white,nh_nhpi,bachelors,graduate,0.9925,-0.00749,7.8
male,nh_white,nh_nhpi,graduate,hs_or_less,0.9554,-0.04561,2.6
male,nh_white,nh_nhpi,graduate,some_college,1.067,0.06486,9.4
male,nh_white,nh_nhpi,graduate,bachelors,0.9527,-0.04846,5.4
male,nh_white,nh_nhpi,graduate,graduate,0.9268,-0.07605,4.6
male,nh_white,nh_twoplus,hs_or_less,hs_or_less,1.1968,0.17964,1891.2
male,nh_white,nh_twoplus,hs_or_less,some_college,1.1732,0.15974,1762.6
male,nh_white,nh_twoplus,hs_or_less,bachelors,1.0202,0.02001,656.4
male,nh_white,nh_twoplus,hs_or_less,graduate,0.9022,-0.10294,216.6
male,nh_white,nh_twoplus,some_college,hs_or_less,1.0589,0.05724,853.1
male,nh_white,nh_twoplus,some_college,some_college,0.9283,-0.07437,2032.8
male,nh_white,nh_twoplus,some_college,bachelors,1.0515,0.05024,1180.0
male,nh_white,nh_twoplus,some_college,graduate,1.0593,0.05763,475.5
male,nh_white,nh_twoplus,bachelors,hs_or_less,0.9008,-0.10447,358.0
male,nh_white,nh_twoplus,bachelors,some_college,0.9649,-0.0357,972.9
male,nh_white,nh_twoplus,bachelors,bachelors,1.1238,0.11675,2255.9
male,nh_white,nh_twoplus,bachelors,graduate,1.1419,0.13266,1098.9
male,nh_white,nh_twoplus,graduate,hs_or_less,0.746,-0.29303,89.1
male,nh_white,nh_twoplus,graduate,some_college,0.8539,-0.15799,282.0
male,nh_white,nh_twoplus,graduate,bachelors,1.009,0.00894,730.5
male,nh_white,nh_twoplus,graduate,graduate,0.9741,-0.02619,930.4
male,nh_white,nh_other,hs_or_less,hs_or_less,0.8425,-0.1714,50.2
male,nh_white,nh_other,hs_or_less,some_college,0.7088,-0.34419,23.5
male,nh_white,nh_other,hs_or_less,bachelors,1.2324,0.20893,37.9
male,nh_white,nh_other,hs_or_less,graduate,1.0723,0.06984,13.7
male,nh_white,nh_other,some_college,hs_or_less,0.9065,-0.09821,27.4
male,nh_white,nh_other,some_college,some_college,0.9575,-0.04348,70.5
male,nh_white,nh_other,some_college,bachelors,0.9764,-0.02392,40.3
male,nh_white,nh_other,some_college,graduate,0.9931,-0.00694,18.1
male,nh_white,nh_other,bachelors,hs_or_less,1.0553,0.05382,20.0
male,nh_white,nh_other,bachelors,some_college,0.9801,-0.02007,32.8
male,nh_white,nh_other,bachelors,bachelors,1.1004,0.09567,85.0
male,nh_white,nh_other,bachelors,graduate,0.9244,-0.07859,33.0
male,nh_white,nh_other,graduate,hs_or_less,1.1583,0.14691,12.5
male,nh_white,nh_other,graduate,some_college,1.0411,0.04026,13.8
male,nh_white,nh_other,graduate,bachelors,1.154,0.14324,38.0
male,nh_white,nh_other,graduate,graduate,1.0285,0.02808,41.9
male,nh_black,hispanic,hs_or_less,hs_or_less,0.6281,-0.46511,1146.2
male,nh_black,hispanic,hs_or_less,some_college,0.9837,-0.01641,826.7
male,nh_black,hispanic,hs_or_less,bachelors,0.8801,-0.12769,229.8
male,nh_black,hispanic,hs_or_less,graduate,1.2497,0.22287,112.9
male,nh_black,hispanic,some_college,hs_or_less,0.8358,-0.17931,641.7
male,nh_black,hispanic,some_college,some_college,1.0928,0.0887,1121.7
male,nh_black,hispanic,some_college,bachelors,1.0377,0.03705,407.4
male,nh_black,hispanic,some_college,graduate,1.1274,0.11994,146.1
male,nh_black,hispanic,bachelors,hs_or_less,0.84,-0.17431,193.6
male,nh_black,hispanic,bachelors,some_college,1.0567,0.05511,306.9
male,nh_black,hispanic,bachelors,bachelors,0.9887,-0.01138,414.8
male,nh_black,hispanic,bachelors,graduate,1.3284,0.28395,231.1
male,nh_black,hispanic,graduate,hs_or_less,1.0277,0.02737,81.5
male,nh_black,hispanic,graduate,some_college,1.1244,0.11723,104.6
male,nh_black,hispanic,graduate,bachelors,0.8904,-0.11613,125.6
male,nh_black,hispanic,graduate,graduate,1.1435,0.13407,181.7
male,nh_black,nh_white,hs_or_less,hs_or_less,1.255,0.2271,2293.8
male,nh_black,nh_white,hs_or_less,some_college,1.0667,0.0646,1648.6
male,nh_black,nh_white,hs_or_less,bachelors,0.7791,-0.24964,618.6
male,nh_black,nh_white,hs_or_less,graduate,1.0066,0.00659,333.3
male,nh_black,nh_white,some_college,hs_or_less,1.3958,0.33346,1051.1
male,nh_black,nh_white,some_college,some_college,0.9903,-0.00979,1783.3
male,nh_black,nh_white,some_college,bachelors,0.8151,-0.20441,934.9
male,nh_black,nh_white,some_college,graduate,0.9963,-0.00366,485.4
male,nh_black,nh_white,bachelors,hs_or_less,1.163,0.15101,264.5
male,nh_black,nh_white,bachelors,some_college,1.1504,0.14008,572.6
male,nh_black,nh_white,bachelors,bachelors,0.874,-0.13467,1061.3
male,nh_black,nh_white,bachelors,graduate,0.9474,-0.05403,597.9
male,nh_black,nh_white,graduate,hs_or_less,1.1021,0.09719,84.7
male,nh_black,nh_white,graduate,some_college,1.0954,0.0911,178.6
male,nh_black,nh_white,graduate,bachelors,0.7382,-0.30351,305.9
male,nh_black,nh_white,graduate,graduate,0.8514,-0.16091,500.7
male,nh_black,nh_black,hs_or_less,hs_or_less,1.1113,0.1055,11792.5
male,nh_black,nh_black,hs_or_less,some_college,1.0532,0.05186,8069.3
male,nh_black,nh_black,hs_or_less,bachelors,1.2683,0.23764,2737.7
male,nh_black,nh_black,hs_or_less,graduate,1.3784,0.32095,1451.7
male,nh_black,nh_black,some_college,hs_or_less,0.8526,-0.1595,3775.8
male,nh_black,nh_black,some_college,some_college,0.8614,-0.14922,7906.5
male,nh_black,nh_black,some_college,bachelors,1.0116,0.01158,3117.0
male,nh_black,nh_black,some_college,graduate,1.1788,0.16451,1801.3
male,nh_black,nh_black,bachelors,hs_or_less,0.875,-0.13348,1185.4
male,nh_black,nh_black,bachelors,some_college,0.7782,-0.25079,2010.0
male,nh_black,nh_black,bachelors,bachelors,0.9051,-0.09968,2964.1
male,nh_black,nh_black,bachelors,graduate,0.9075,-0.09702,1796.0
male,nh_black,nh_black,graduate,hs_or_less,1.1445,0.13496,519.6
male,nh_black,nh_black,graduate,some_college,0.9065,-0.09815,767.4
male,nh_black,nh_black,graduate,bachelors,0.9284,-0.07427,1110.8
male,nh_black,nh_black,graduate,graduate,0.9907,-0.00933,1899.9
male,nh_black,nh_asian,hs_or_less,hs_or_less,0.8892,-0.11743,113.0
male,nh_black,nh_asian,hs_or_less,some_college,0.7912,-0.23425,67.5
male,nh_black,nh_asian,hs_or_less,bachelors,0.7895,-0.2364,72.1
male,nh_black,nh_asian,hs_or_less,graduate,0.7312,-0.313,25.7
male,nh_black,nh_asian,some_college,hs_or_less,1.1459,0.13623,65.7
male,nh_black,nh_asian,some_college,some_college,1.311,0.27083,159.5
male,nh_black,nh_asian,some_college,bachelors,0.9287,-0.07399,136.4
male,nh_black,nh_asian,some_college,graduate,0.6672,-0.40465,37.6
male,nh_black,nh_asian,bachelors,hs_or_less,1.6158,0.47984,43.3
male,nh_black,nh_asian,bachelors,some_college,1.3599,0.30742,53.9
male,nh_black,nh_asian,bachelors,bachelors,0.8484,-0.16437,129.0
male,nh_black,nh_asian,bachelors,graduate,0.8497,-0.16288,84.0
male,nh_black,nh_asian,graduate,hs_or_less,1.2084,0.18933,13.5
male,nh_black,nh_asian,graduate,some_college,1.3687,0.31389,25.1
male,nh_black,nh_asian,graduate,bachelors,0.9953,-0.00468,54.0
male,nh_black,nh_asian,graduate,graduate,1.0141,0.01399,96.8
male,nh_black,nh_aian,hs_or_less,hs_or_less,1.128,0.12044,58.8
male,nh_black,nh_aian,hs_or_less,some_college,1.1835,0.16847,44.1
male,nh_black,nh_aian,hs_or_less,bachelors,1.0818,0.07861,9.7
male,nh_black,nh_aian,hs_or_less,graduate,0.9825,-0.01765,1.4
male,nh_black,nh_aian,some_college,hs_or_less,1.0329,0.03237,22.1
male,nh_black,nh_aian,some_college,some_college,0.856,-0.1555,26.7
male,nh_black,nh_aian,some_college,bachelors,0.8631,-0.1472,2.0
male,nh_black,nh_aian,some_college,graduate,0.9564,-0.04454,1.1
male,nh_black,nh_aian,bachelors,hs_or_less,1.0943,0.09007,10.2
male,nh_black,nh_aian,bachelors,some_college,0.9748,-0.02555,9.5
male,nh_black,nh_aian,bachelors,bachelors,1.0139,0.01379,9.9
male,nh_black,nh_aian,bachelors,graduate,0.944,-0.05758,1.3
male,nh_black,nh_aian,graduate,hs_or_less,0.9808,-0.01939,1.3
male,nh_black,nh_aian,graduate,some_college,1.0466,0.04559,5.4
male,nh_black,nh_aian,graduate,bachelors,0.9829,-0.01722,2.7
male,nh_black,nh_aian,graduate,graduate,0.9372,-0.06482,1.0
male,nh_black,nh_nhpi,hs_or_less,hs_or_less,0.9655,-0.03509,26.1
male,nh_black,nh_nhpi,hs_or_less,some_college,1.0078,0.00779,16.6
male,nh_black,nh_nhpi,hs_or_less,bachelors,1.08,0.07693,6.9
male,nh_black,nh_nhpi,hs_or_less,graduate,1.0316,0.03108,2.4
male,nh_black,nh_nhpi,some_college,hs_or_less,1.3201,0.2777,26.6
male,nh_black,nh_nhpi,some_college,some_college,0.8782,-0.12988,12.2
male,nh_black,nh_nhpi,some_college,bachelors,1.0176,0.01746,6.1
male,nh_black,nh_nhpi,some_college,graduate,0.979,-0.0212,1.0
male,nh_black,nh_nhpi,bachelors,hs_or_less,0.9157,-0.08802,0.1
male,nh_black,nh_nhpi,bachelors,some_college,0.982,-0.01811,4.7
male,nh_black,nh_nhpi,bachelors,bachelors,0.9456,-0.05597,3.3
male,nh_black,nh_nhpi,bachelors,graduate,0.9561,-0.04492,0.6
male,nh_black,nh_nhpi,graduate,hs_or_less,1.0369,0.03625,2.6
male,nh_black,nh_nhpi,graduate,some_college,0.9598,-0.04104,0.1
male,nh_black,nh_nhpi,graduate,bachelors,1.0405,0.03969,3.7
male,nh_black,nh_nhpi,graduate,graduate,0.9487,-0.0527,0.1
male,nh_black,nh_twoplus,hs_or_less,hs_or_less,1.0006,0.00064,463.2
male,nh_black,nh_twoplus,hs_or_less,some_college,1.1901,0.17405,529.9
male,nh_black,nh_twoplus,hs_or_less,bachelors,0.7289,-0.31626,122.3
male,nh_black,nh_twoplus,hs_or_less,graduate,1.2125,0.19269,95.3
male,nh_black,nh_twoplus,some_college,hs_or_less,1.0342,0.03361,202.6
male,nh_black,nh_twoplus,some_college,some_college,1.019,0.01883,541.6
male,nh_black,nh_twoplus,some_college,bachelors,0.9586,-0.04227,257.5
male,nh_black,nh_twoplus,some_college,graduate,1.1904,0.17426,136.4
male,nh_black,nh_twoplus,bachelors,hs_or_less,1.0635,0.06157,65.4
male,nh_black,nh_twoplus,bachelors,some_college,1.1507,0.14039,177.1
male,nh_black,nh_twoplus,bachelors,bachelors,0.8475,-0.16549,239.2
male,nh_black,nh_twoplus,bachelors,graduate,1.0156,0.01547,146.9
male,nh_black,nh_twoplus,graduate,hs_or_less,0.9486,-0.05282,15.8
male,nh_black,nh_twoplus,graduate,some_college,1.0205,0.02032,49.0
male,nh_black,nh_twoplus,graduate,bachelors,0.8212,-0.19696,75.0
male,nh_black,nh_twoplus,graduate,graduate,0.9426,-0.05906,124.2
male,nh_black,nh_other,hs_or_less,hs_or_less,1.0216,0.02137,32.3
male,nh_black,nh_other,hs_or_less,some_college,0.8875,-0.11934,16.4
male,nh_black,nh_other,hs_or_less,bachelors,1.0758,0.07307,14.5
male,nh_black,nh_other,hs_or_less,graduate,0.9914,-0.00867,4.4
male,nh_black,nh_other,some_college,hs_or_less,1.1947,0.1779,22.1
male,nh_black,nh_other,some_college,some_college,1.0542,0.05274,31.6
male,nh_black,nh_other,some_college,bachelors,0.8966,-0.10909,9.9
male,nh_black,nh_other,some_college,graduate,0.9066,-0.09806,2.6
male,nh_black,nh_other,bachelors,hs_or_less,1.0902,0.08635,7.6
male,nh_black,nh_other,bachelors,some_college,0.9874,-0.01266,7.3
male,nh_black,nh_other,bachelors,bachelors,0.8843,-0.12294,10.1
male,nh_black,nh_other,bachelors,graduate,1.0498,0.04861,11.4
male,nh_black,nh_other,graduate,hs_or_less,1.0156,0.01544,1.9
male,nh_black,nh_other,graduate,some_college,1.028,0.02758,3.7
male,nh_black,nh_other,graduate,bachelors,1.1168,0.11047,11.0
male,nh_black,nh_other,graduate,graduate,0.8669,-0.14282,2.0
male,nh_asian,hispanic,hs_or_less,hs_or_less,0.5911,-0.52574,116.6
male,nh_asian,hispanic,hs_or_less,some_college,0.9851,-0.01501,99.6
male,nh_asian,hispanic,hs_or_less,bachelors,1.1727,0.15935,45.0
male,nh_asian,hispanic,hs_or_less,graduate,1.1147,0.10856,16.5
male,nh_asian,hispanic,some_college,hs_or_less,0.8216,-0.19645,107.5
male,nh_asian,hispanic,some_college,some_college,1.232,0.20864,227.7
male,nh_asian,hispanic,some_college,bachelors,1.4379,0.36321,112.1
male,nh_asian,hispanic,some_college,graduate,1.3996,0.33621,45.5
male,nh_asian,hispanic,bachelors,hs_or_less,0.7377,-0.30425,73.6
male,nh_asian,hispanic,bachelors,some_college,0.9175,-0.08613,123.3
male,nh_asian,hispanic,bachelors,bachelors,1.2354,0.21142,256.4
male,nh_asian,hispanic,bachelors,graduate,1.1134,0.10741,96.3
male,nh_asian,hispanic,graduate,hs_or_less,0.786,-0.24084,39.1
male,nh_asian,hispanic,graduate,some_college,0.7861,-0.24072,48.2
male,nh_asian,hispanic,graduate,bachelors,1.0031,0.00305,122.7
male,nh_asian,hispanic,graduate,graduate,1.1176,0.11117,146.1
male,nh_asian,nh_white,hs_or_less,hs_or_less,0.6546,-0.42378,155.1
male,nh_asian,nh_white,hs_or_less,some_college,0.727,-0.31889,148.8
male,nh_asian,nh_white,hs_or_less,bachelors,0.8993,-0.10616,102.5
male,nh_asian,nh_white,hs_or_less,graduate,1.182,0.16724,67.3
male,nh_asian,nh_white,some_college,hs_or_less,0.8627,-0.14773,129.9
male,nh_asian,nh_white,some_college,some_college,0.9263,-0.07661,348.9
male,nh_asian,nh_white,some_college,bachelors,1.1394,0.13048,279.6
male,nh_asian,nh_white,some_college,graduate,1.0435,0.04255,114.0
male,nh_asian,nh_white,bachelors,hs_or_less,0.9832,-0.01697,122.5
male,nh_asian,nh_white,bachelors,some_college,0.983,-0.01717,273.8
male,nh_asian,nh_white,bachelors,bachelors,1.2688,0.23804,884.6
male,nh_asian,nh_white,bachelors,graduate,1.2009,0.18305,455.2
male,nh_asian,nh_white,graduate,hs_or_less,0.8069,-0.21456,44.9
male,nh_asian,nh_white,graduate,some_college,1.0156,0.01545,148.6
male,nh_asian,nh_white,graduate,bachelors,1.2977,0.26058,548.4
male,nh_asian,nh_white,graduate,graduate,1.329,0.28443,763.6
male,nh_asian,nh_black,hs_or_less,hs_or_less,0.8604,-0.15031,13.5
male,nh_asian,nh_black,hs_or_less,some_college,1.1557,0.14468,24.4
male,nh_asian,nh_black,hs_or_less,bachelors,1.1254,0.1181,9.7
male,nh_asian,nh_black,hs_or_less,graduate,0.9816,-0.01862,1.6
male,nh_asian,nh_black,some_college,hs_or_less,0.9473,-0.05414,10.7
male,nh_asian,nh_black,some_college,some_college,1.0258,0.02545,29.9
male,nh_asian,nh_black,some_college,bachelors,1.0185,0.01833,10.3
male,nh_asian,nh_black,some_college,graduate,1.0786,0.07569,8.2
male,nh_asian,nh_black,bachelors,hs_or_less,0.9791,-0.02111,10.1
male,nh_asian,nh_black,bachelors,some_college,0.9041,-0.1008,15.6
male,nh_asian,nh_black,bachelors,bachelors,1.0975,0.09306,33.1
male,nh_asian,nh_black,bachelors,graduate,0.8326,-0.18324,7.1
male,nh_asian,nh_black,graduate,hs_or_less,0.986,-0.01409,5.3
male,nh_asian,nh_black,graduate,some_college,1.1173,0.11092,17.0
male,nh_asian,nh_black,graduate,bachelors,1.0692,0.06695,20.1
male,nh_asian,nh_black,graduate,graduate,0.8951,-0.11086,18.7
male,nh_asian,nh_asian,hs_or_less,hs_or_less,2.691,0.98992,3293.1
male,nh_asian,nh_asian,hs_or_less,some_college,1.2221,0.20054,1070.1
male,nh_asian,nh_asian,hs_or_less,bachelors,0.8717,-0.13728,838.7
male,nh_asian,nh_asian,hs_or_less,graduate,0.6872,-0.3751,346.7
male,nh_asian,nh_asian,some_college,hs_or_less,1.229,0.20616,891.8
male,nh_asian,nh_asian,some_college,some_college,1.052,0.05067,1595.5
male,nh_asian,nh_asian,some_college,bachelors,0.7104,-0.34194,1400.8
male,nh_asian,nh_asian,some_college,graduate,0.4795,-0.73495,510.6
male,nh_asian,nh_asian,bachelors,hs_or_less,1.5294,0.42489,869.8
male,nh_asian,nh_asian,bachelors,some_college,0.94,-0.06184,1063.8
male,nh_asian,nh_asian,bachelors,bachelors,0.9474,-0.054,5494.6
male,nh_asian,nh_asian,bachelors,graduate,0.6871,-0.37523,2796.0
male,nh_asian,nh_asian,graduate,hs_or_less,1.2584,0.22986,374.2
male,nh_asian,nh_asian,graduate,some_college,0.8423,-0.17158,490.6
male,nh_asian,nh_asian,graduate,bachelors,0.9776,-0.02263,3408.0
male,nh_asian,nh_asian,graduate,graduate,1.1566,0.14545,7299.3
male,nh_asian,nh_aian,hs_or_less,hs_or_less,1.0811,0.07796,7.9
male,nh_asian,nh_aian,hs_or_less,some_college,1.0128,0.01267,3.6
male,nh_asian,nh_aian,hs_or_less,bachelors,0.9846,-0.01551,0.0
male,nh_asian,nh_aian,hs_or_less,graduate,1.027,0.02661,1.2
male,nh_asian,nh_aian,some_college,hs_or_less,1.0005,0.00046,2.8
male,nh_asian,nh_aian,some_college,some_college,0.96,-0.04079,3.5
male,nh_asian,nh_aian,some_college,bachelors,0.9909,-0.00918,0.8
male,nh_asian,nh_aian,some_college,graduate,1.0169,0.01677,1.1
male,nh_asian,nh_aian,bachelors,hs_or_less,0.9915,-0.00855,2.0
male,nh_asian,nh_aian,bachelors,some_college,0.9884,-0.01164,3.5
male,nh_asian,nh_aian,bachelors,bachelors,1.0084,0.0084,3.8
male,nh_asian,nh_aian,bachelors,graduate,0.9853,-0.01478,0.8
male,nh_asian,nh_aian,graduate,hs_or_less,0.9827,-0.01747,0.5
male,nh_asian,nh_aian,graduate,some_college,0.9667,-0.03387,0.8
male,nh_asian,nh_aian,graduate,bachelors,1.0231,0.0228,3.0
male,nh_asian,nh_aian,graduate,graduate,0.9862,-0.0139,1.5
male,nh_asian,nh_nhpi,hs_or_less,hs_or_less,0.9596,-0.04124,3.3
male,nh_asian,nh_nhpi,hs_or_less,some_college,1.0116,0.01151,3.3
male,nh_asian,nh_nhpi,hs_or_less,bachelors,1.0213,0.02111,1.5
male,nh_asian,nh_nhpi,hs_or_less,graduate,1.0126,0.01255,0.7
male,nh_asian,nh_nhpi,some_college,hs_or_less,0.9982,-0.00183,3.0
male,nh_asian,nh_nhpi,some_college,some_college,1.0537,0.05231,7.1
male,nh_asian,nh_nhpi,some_college,bachelors,1.0397,0.03896,2.9
male,nh_asian,nh_nhpi,some_college,graduate,0.9878,-0.01227,0.0
male,nh_asian,nh_nhpi,bachelors,hs_or_less,0.9563,-0.04464,0.8
male,nh_asian,nh_nhpi,bachelors,some_college,1.0646,0.06262,6.4
male,nh_asian,nh_nhpi,bachelors,bachelors,0.9689,-0.03157,2.6
male,nh_asian,nh_nhpi,bachelors,graduate,1.0065,0.00647,1.9
male,nh_asian,nh_nhpi,graduate,hs_or_less,1.0212,0.02097,2.2
male,nh_asian,nh_nhpi,graduate,some_college,0.9527,-0.04843,0.0
male,nh_asian,nh_nhpi,graduate,bachelors,0.9582,-0.04269,0.6
male,nh_asian,nh_nhpi,graduate,graduate,0.9962,-0.00382,2.4
male,nh_asian,nh_twoplus,hs_or_less,hs_or_less,0.9931,-0.00692,47.4
male,nh_asian,nh_twoplus,hs_or_less,some_college,0.8925,-0.1137,37.2
male,nh_asian,nh_twoplus,hs_or_less,bachelors,1.0725,0.07003,23.8
male,nh_asian,nh_twoplus,hs_or_less,graduate,1.1625,0.15055,15.4
male,nh_asian,nh_twoplus,some_college,hs_or_less,1.0172,0.0171,30.5
male,nh_asian,nh_twoplus,some_college,some_college,1.1137,0.10765,94.4
male,nh_asian,nh_twoplus,some_college,bachelors,0.9389,-0.06307,35.7
male,nh_asian,nh_twoplus,some_college,graduate,0.9285,-0.0742,13.4
male,nh_asian,nh_twoplus,bachelors,hs_or_less,0.8241,-0.19352,12.7
male,nh_asian,nh_twoplus,bachelors,some_college,0.9938,-0.0062,61.6
male,nh_asian,nh_twoplus,bachelors,bachelors,1.3732,0.31717,176.0
male,nh_asian,nh_twoplus,bachelors,graduate,0.9521,-0.04904,57.4
male,nh_asian,nh_twoplus,graduate,hs_or_less,0.9293,-0.07328,9.2
male,nh_asian,nh_twoplus,graduate,some_college,0.9347,-0.06752,28.3
male,nh_asian,nh_twoplus,graduate,bachelors,1.0874,0.08374,81.9
male,nh_asian,nh_twoplus,graduate,graduate,0.9059,-0.0988,82.7
male,nh_asian,nh_other,hs_or_less,hs_or_less,1.0094,0.00933,3.3
male,nh_asian,nh_other,hs_or_less,some_college,0.9606,-0.04019,0.6
male,nh_asian,nh_other,hs_or_less,bachelors,1.0,1e-05,1.1
male,nh_asian,nh_other,hs_or_less,graduate,0.9916,-0.00842,0.2
male,nh_asian,nh_other,some_college,hs_or_less,0.9748,-0.0255,0.8
male,nh_asian,nh_other,some_college,some_college,1.0346,0.03405,5.3
male,nh_asian,nh_other,some_college,bachelors,1.0464,0.04538,4.0
male,nh_asian,nh_other,some_college,graduate,1.0075,0.00747,1.3
male,nh_asian,nh_other,bachelors,hs_or_less,0.9838,-0.01632,0.8
male,nh_asian,nh_other,bachelors,some_college,0.9751,-0.02517,1.9
male,nh_asian,nh_other,bachelors,bachelors,0.9602,-0.0406,4.5
male,nh_asian,nh_other,bachelors,graduate,1.0035,0.00347,3.6
male,nh_asian,nh_other,graduate,hs_or_less,1.0011,0.00112,0.8
male,nh_asian,nh_other,graduate,some_college,0.9811,-0.01906,0.8
male,nh_asian,nh_other,graduate,bachelors,0.9497,-0.05157,1.7
male,nh_asian,nh_other,graduate,graduate,1.1343,0.126,10.8
male,nh_aian,hispanic,hs_or_less,hs_or_less,1.0502,0.04895,79.9
male,nh_aian,hispanic,hs_or_less,some_college,1.0539,0.05251,39.6
male,nh_aian,hispanic,hs_or_less,bachelors,0.9366,-0.06554,8.0
male,nh_aian,hispanic,hs_or_less,graduate,1.0411,0.04028,4.9
male,nh_aian,hispanic,some_college,hs_or_less,1.0419,0.04102,27.3
male,nh_aian,hispanic,some_college,some_college,0.934,-0.06823,28.1
male,nh_aian,hispanic,some_college,bachelors,1.0521,0.05081,15.1
male,nh_aian,hispanic,some_college,graduate,1.006,0.00594,4.2
male,nh_aian,hispanic,bachelors,hs_or_less,0.9535,-0.0476,2.7
male,nh_aian,hispanic,bachelors,some_college,0.9699,-0.03057,4.3
male,nh_aian,hispanic,bachelors,bachelors,0.9756,-0.02465,7.1
male,nh_aian,hispanic,bachelors,graduate,1.041,0.04015,4.9
male,nh_aian,hispanic,graduate,hs_or_less,0.9998,-0.00022,1.4
male,nh_aian,hispanic,graduate,some_college,0.9735,-0.02685,0.5
male,nh_aian,hispanic,graduate,bachelors,0.969,-0.03147,1.3
male,nh_aian,hispanic,graduate,graduate,1.0154,0.01532,3.3
male,nh_aian,nh_white,hs_or_less,hs_or_less,1.1942,0.17751,205.9
male,nh_aian,nh_white,hs_or_less,some_college,1.1071,0.10174,163.0
male,nh_aian,nh_white,hs_or_less,bachelors,0.7738,-0.25645,49.5
male,nh_aian,nh_white,hs_or_less,graduate,0.8615,-0.14904,19.6
male,nh_aian,nh_white,some_college,hs_or_less,1.2704,0.23935,78.0
male,nh_aian,nh_white,some_college,some_college,1.129,0.12137,153.9
male,nh_aian,nh_white,some_college,bachelors,0.9024,-0.1027,72.5
male,nh_aian,nh_white,some_college,graduate,0.8897,-0.11692,27.0
male,nh_aian,nh_white,bachelors,hs_or_less,1.2794,0.24642,22.5
male,nh_aian,nh_white,bachelors,some_college,1.1237,0.11661,29.8
male,nh_aian,nh_white,bachelors,bachelors,0.8787,-0.12933,43.8
male,nh_aian,nh_white,bachelors,graduate,0.9055,-0.09927,22.1
male,nh_aian,nh_white,graduate,hs_or_less,0.9963,-0.00372,2.9
male,nh_aian,nh_white,graduate,some_college,1.0185,0.01829,7.5
male,nh_aian,nh_white,graduate,bachelors,0.94,-0.06184,14.5
male,nh_aian,nh_white,graduate,graduate,0.9027,-0.10242,18.1
male,nh_aian,nh_black,hs_or_less,hs_or_less,0.9421,-0.05961,7.9
male,nh_aian,nh_black,hs_or_less,some_college,1.0095,0.00948,8.3
male,nh_aian,nh_black,hs_or_less,bachelors,1.0684,0.0662,4.9
male,nh_aian,nh_black,hs_or_less,graduate,1.0598,0.05806,3.3
male,nh_aian,nh_black,some_college,hs_or_less,0.9995,-0.0005,3.6
male,nh_aian,nh_black,some_college,some_college,1.0151,0.01499,8.2
male,nh_aian,nh_black,some_college,bachelors,0.9619,-0.03889,0.9
male,nh_aian,nh_black,some_college,graduate,0.9763,-0.02396,0.3
male,nh_aian,nh_black,bachelors,hs_or_less,0.9958,-0.00422,0.5
male,nh_aian,nh_black,bachelors,some_college,1.0019,0.00194,1.4
male,nh_aian,nh_black,bachelors,bachelors,1.0137,0.01359,2.2
male,nh_aian,nh_black,bachelors,graduate,0.9769,-0.0234,0.1
male,nh_aian,nh_black,graduate,hs_or_less,0.9962,-0.00385,0.1
male,nh_aian,nh_black,graduate,some_college,0.9899,-0.0101,0.0
male,nh_aian,nh_black,graduate,bachelors,1.0065,0.00644,0.8
male,nh_aian,nh_black,graduate,graduate,0.9938,-0.00618,0.6
male,nh_aian,nh_asian,hs_or_less,hs_or_less,1.0276,0.02722,7.5
male,nh_aian,nh_asian,hs_or_less,some_college,0.9896,-0.01045,4.5
male,nh_aian,nh_asian,hs_or_less,bachelors,0.9337,-0.06858,2.3
male,nh_aian,nh_asian,hs_or_less,graduate,0.9626,-0.03809,0.9
male,nh_aian,nh_asian,some_college,hs_or_less,1.085,0.08158,5.3
male,nh_aian,nh_asian,some_college,some_college,1.1328,0.12471,9.7
male,nh_aian,nh_asian,some_college,bachelors,0.9081,-0.09637,1.6
male,nh_aian,nh_asian,some_college,graduate,0.9457,-0.05582,0.7
male,nh_aian,nh_asian,bachelors,hs_or_less,0.9905,-0.00956,0.0
male,nh_aian,nh_asian,bachelors,some_college,1.0554,0.05396,2.8
male,nh_aian,nh_asian,bachelors,bachelors,0.9901,-0.00996,3.4
male,nh_aian,nh_asian,bachelors,graduate,0.9947,-0.00534,2.2
male,nh_aian,nh_asian,graduate,hs_or_less,1.0088,0.00873,0.4
male,nh_aian,nh_asian,graduate,some_college,1.006,0.00602,0.4
male,nh_aian,nh_asian,graduate,bachelors,0.99,-0.01005,0.8
male,nh_aian,nh_asian,graduate,graduate,1.002,0.00199,2.1
male,nh_aian,nh_aian,hs_or_less,hs_or_less,1.0703,0.06797,272.6
male,nh_aian,nh_aian,hs_or_less,some_college,0.9178,-0.08576,149.5
male,nh_aian,nh_aian,hs_or_less,bachelors,0.9985,-0.00149,32.1
male,nh_aian,nh_aian,hs_or_less,graduate,1.1173,0.11095,15.5
male,nh_aian,nh_aian,some_college,hs_or_less,0.8846,-0.12264,69.5
male,nh_aian,nh_aian,some_college,some_college,0.9348,-0.06743,145.6
male,nh_aian,nh_aian,some_college,bachelors,0.9723,-0.02806,34.2
male,nh_aian,nh_aian,some_college,graduate,0.9927,-0.00731,11.7
male,nh_aian,nh_aian,bachelors,hs_or_less,0.9375,-0.06456,12.5
male,nh_aian,nh_aian,bachelors,some_college,0.9943,-0.00576,27.1
male,nh_aian,nh_aian,bachelors,bachelors,0.9864,-0.01372,22.9
male,nh_aian,nh_aian,bachelors,graduate,1.0783,0.07535,13.4
male,nh_aian,nh_aian,graduate,hs_or_less,1.0063,0.00627,5.0
male,nh_aian,nh_aian,graduate,some_college,1.106,0.10077,12.8
male,nh_aian,nh_aian,graduate,bachelors,1.0346,0.03406,9.5
male,nh_aian,nh_aian,graduate,graduate,1.0007,0.00067,8.5
male,nh_aian,nh_nhpi,hs_or_less,hs_or_less,0.9739,-0.02645,0.0
male,nh_aian,nh_nhpi,hs_or_less,some_college,0.9846,-0.01549,0.0
male,nh_aian,nh_nhpi,hs_or_less,bachelors,1.0143,0.01416,0.7
male,nh_aian,nh_nhpi,hs_or_less,graduate,0.9989,-0.00114,0.0
male,nh_aian,nh_nhpi,some_college,hs_or_less,0.9914,-0.00864,0.0
male,nh_aian,nh_nhpi,some_college,some_college,0.9928,-0.00727,0.3
male,nh_aian,nh_nhpi,some_college,bachelors,0.9959,-0.00408,0.0
male,nh_aian,nh_nhpi,some_college,graduate,1.0431,0.04217,1.7
male,nh_aian,nh_nhpi,bachelors,hs_or_less,0.9982,-0.00177,0.0
male,nh_aian,nh_nhpi,bachelors,some_college,0.9974,-0.0026,0.0
male,nh_aian,nh_nhpi,bachelors,bachelors,1.004,0.00403,0.3
male,nh_aian,nh_nhpi,bachelors,graduate,1.0097,0.00963,0.4
male,nh_aian,nh_nhpi,graduate,hs_or_less,0.9995,-0.00052,0.0
male,nh_aian,nh_nhpi,graduate,some_college,0.9992,-0.00075,0.0
male,nh_aian,nh_nhpi,graduate,bachelors,0.9991,-0.00088,0.0
male,nh_aian,nh_nhpi,graduate,graduate,0.9996,-0.00038,0.0
male,nh_aian,nh_twoplus,hs_or_less,hs_or_less,1.0952,0.09097,20.3
male,nh_aian,nh_twoplus,hs_or_less,some_college,1.0933,0.08916,19.2
male,nh_aian,nh_twoplus,hs_or_less,bachelors,0.8914,-0.115,1.1
male,nh_aian,nh_twoplus,hs_or_less,graduate,0.9543,-0.04678,0.4
male,nh_aian,nh_twoplus,some_college,hs_or_less,1.0454,0.04443,6.9
male,nh_aian,nh_twoplus,some_college,some_college,0.9737,-0.02661,12.1
male,nh_aian,nh_twoplus,some_college,bachelors,1.0019,0.00187,6.9
male,nh_aian,nh_twoplus,some_college,graduate,1.0042,0.00415,2.9
male,nh_aian,nh_twoplus,bachelors,hs_or_less,0.9995,-0.00052,0.9
male,nh_aian,nh_twoplus,bachelors,some_college,1.0363,0.03569,3.8
male,nh_aian,nh_twoplus,bachelors,bachelors,0.9261,-0.07673,1.2
male,nh_aian,nh_twoplus,bachelors,graduate,0.9498,-0.05155,0.1
male,nh_aian,nh_twoplus,graduate,hs_or_less,0.9981,-0.0019,0.2
male,nh_aian,nh_twoplus,graduate,some_college,1.0007,0.00074,0.7
male,nh_aian,nh_twoplus,graduate,bachelors,1.045,0.04402,3.2
male,nh_aian,nh_twoplus,graduate,graduate,1.0081,0.00806,2.2
male,nh_aian,nh_other,hs_or_less,hs_or_less,0.9821,-0.01806,0.2
male,nh_aian,nh_other,hs_or_less,some_college,1.0122,0.01214,1.1
male,nh_aian,nh_other,hs_or_less,bachelors,0.9927,-0.00738,0.0
male,nh_aian,nh_other,hs_or_less,graduate,0.9967,-0.00333,0.0
male,nh_aian,nh_other,some_college,hs_or_less,0.9968,-0.00316,0.2
male,nh_aian,nh_other,some_college,some_college,0.9843,-0.0158,0.0
male,nh_aian,nh_other,some_college,bachelors,1.0261,0.02578,1.3
male,nh_aian,nh_other,some_college,graduate,0.9963,-0.00367,0.0
male,nh_aian,nh_other,bachelors,hs_or_less,0.9986,-0.00139,0.0
male,nh_aian,nh_other,bachelors,some_college,1.0115,0.01147,0.5
male,nh_aian,nh_other,bachelors,bachelors,0.994,-0.00597,0.0
male,nh_aian,nh_other,bachelors,graduate,0.9996,-0.00039,0.1
male,nh_aian,nh_other,graduate,hs_or_less,1.0029,0.00288,0.1
male,nh_aian,nh_other,graduate,some_college,1.0016,0.00165,0.1
male,nh_aian,nh_other,graduate,bachelors,1.008,0.00801,0.4
male,nh_aian,nh_other,graduate,graduate,0.9972,-0.00278,0.0
male,nh_nhpi,hispanic,hs_or_less,hs_or_less,0.9296,-0.07301,41.8
male,nh_nhpi,hispanic,hs_or_less,some_college,1.118,0.11153,30.4
male,nh_nhpi,hispanic,hs_or_less,bachelors,0.932,-0.07045,4.4
male,nh_nhpi,hispanic,hs_or_less,graduate,0.9637,-0.03696,0.7
male,nh_nhpi,hispanic,some_college,hs_or_less,1.0016,0.00159,12.9
male,nh_nhpi,hispanic,some_college,some_college,0.9347,-0.06748,13.6
male,nh_nhpi,hispanic,some_college,bachelors,0.9531,-0.04807,4.7
male,nh_nhpi,hispanic,some_college,graduate,1.0633,0.06138,4.7
male,nh_nhpi,hispanic,bachelors,hs_or_less,0.9621,-0.03863,1.5
male,nh_nhpi,hispanic,bachelors,some_college,1.276,0.24369,14.2
male,nh_nhpi,hispanic,bachelors,bachelors,1.0166,0.01645,6.3
male,nh_nhpi,hispanic,bachelors,graduate,0.9562,-0.04482,0.3
male,nh_nhpi,hispanic,graduate,hs_or_less,0.9975,-0.00253,0.8
male,nh_nhpi,hispanic,graduate,some_college,0.9852,-0.01496,0.4
male,nh_nhpi,hispanic,graduate,bachelors,0.9847,-0.01544,1.0
male,nh_nhpi,hispanic,graduate,graduate,0.9779,-0.02238,0.7
male,nh_nhpi,nh_white,hs_or_less,hs_or_less,0.8347,-0.18071,40.2
male,nh_nhpi,nh_white,hs_or_less,some_college,0.9079,-0.09661,40.8
male,nh_nhpi,nh_white,hs_or_less,bachelors,0.9116,-0.09251,21.4
male,nh_nhpi,nh_white,hs_or_less,graduate,0.8617,-0.14887,3.3
male,nh_nhpi,nh_white,some_college,hs_or_less,1.2153,0.19495,25.3
male,nh_nhpi,nh_white,some_college,some_college,1.2537,0.22612,53.5
male,nh_nhpi,nh_white,some_college,bachelors,0.9679,-0.03263,22.5
male,nh_nhpi,nh_white,some_college,graduate,0.9309,-0.07155,6.8
male,nh_nhpi,nh_white,bachelors,hs_or_less,1.106,0.10071,7.7
male,nh_nhpi,nh_white,bachelors,some_college,1.1754,0.16162,15.5
male,nh_nhpi,nh_white,bachelors,bachelors,0.8578,-0.15342,11.2
male,nh_nhpi,nh_white,bachelors,graduate,1.0791,0.07611,13.7
male,nh_nhpi,nh_white,graduate,hs_or_less,1.0181,0.01795,1.7
male,nh_nhpi,nh_white,graduate,some_college,1.0112,0.01112,2.6
male,nh_nhpi,nh_white,graduate,bachelors,0.971,-0.02945,4.4
male,nh_nhpi,nh_white,graduate,graduate,1.0173,0.01714,8.5
male,nh_nhpi,nh_black,hs_or_less,hs_or_less,0.8943,-0.11174,2.3
male,nh_nhpi,nh_black,hs_or_less,some_college,1.1213,0.11446,10.4
male,nh_nhpi,nh_black,hs_or_less,bachelors,1.0087,0.0087,1.9
male,nh_nhpi,nh_black,hs_or_less,graduate,0.9821,-0.01803,0.0
male,nh_nhpi,nh_black,some_college,hs_or_less,1.0501,0.04886,3.9
male,nh_nhpi,nh_black,some_college,some_college,1.0338,0.03327,5.6
male,nh_nhpi,nh_black,some_college,bachelors,0.984,-0.01617,0.8
male,nh_nhpi,nh_black,some_college,graduate,0.9998,-0.00023,0.7
male,nh_nhpi,nh_black,bachelors,hs_or_less,0.9877,-0.01233,0.0
male,nh_nhpi,nh_black,bachelors,some_college,1.0158,0.01565,1.5
male,nh_nhpi,nh_black,bachelors,bachelors,0.9728,-0.02761,0.1
male,nh_nhpi,nh_black,bachelors,graduate,0.9825,-0.01768,0.0
male,nh_nhpi,nh_black,graduate,hs_or_less,0.9998,-0.00018,0.1
male,nh_nhpi,nh_black,graduate,some_college,0.9947,-0.00529,0.0
male,nh_nhpi,nh_black,graduate,bachelors,0.991,-0.00904,0.0
male,nh_nhpi,nh_black,graduate,graduate,0.9974,-0.00265,0.5
male,nh_nhpi,nh_asian,hs_or_less,hs_or_less,1.0272,0.02684,15.6
male,nh_nhpi,nh_asian,hs_or_less,some_college,1.0939,0.08973,16.3
male,nh_nhpi,nh_asian,hs_or_less,bachelors,0.9438,-0.05782,10.1
male,nh_nhpi,nh_asian,hs_or_less,graduate,1.0686,0.06639,9.3
male,nh_nhpi,nh_asian,some_college,hs_or_less,0.9729,-0.02742,2.5
male,nh_nhpi,nh_asian,some_college,some_college,0.9946,-0.0054,8.0
male,nh_nhpi,nh_asian,some_college,bachelors,0.856,-0.15553,4.0
male,nh_nhpi,nh_asian,some_college,graduate,0.9532,-0.04795,4.2
male,nh_nhpi,nh_asian,bachelors,hs_or_less,0.9859,-0.01417,0.3
male,nh_nhpi,nh_asian,bachelors,some_college,0.9925,-0.00752,1.6
male,nh_nhpi,nh_asian,bachelors,bachelors,0.9659,-0.03473,7.8
male,nh_nhpi,nh_asian,bachelors,graduate,1.0331,0.03257,7.6
male,nh_nhpi,nh_asian,graduate,hs_or_less,1.0318,0.0313,1.4
male,nh_nhpi,nh_asian,graduate,some_college,1.0741,0.0715,3.2
male,nh_nhpi,nh_asian,graduate,bachelors,1.0903,0.08649,6.2
male,nh_nhpi,nh_asian,graduate,graduate,0.9472,-0.05429,2.1
male,nh_nhpi,nh_aian,hs_or_less,hs_or_less,1.0333,0.03279,4.3
male,nh_nhpi,nh_aian,hs_or_less,some_college,0.9972,-0.00278,1.9
male,nh_nhpi,nh_aian,hs_or_less,bachelors,1.0002,0.00023,0.4
male,nh_nhpi,nh_aian,hs_or_less,graduate,0.9997,-0.00025,0.1
male,nh_nhpi,nh_aian,some_college,hs_or_less,0.9922,-0.00783,0.5
male,nh_nhpi,nh_aian,some_college,some_college,0.9979,-0.00211,1.4
male,nh_nhpi,nh_aian,some_college,bachelors,0.9908,-0.00927,0.0
male,nh_nhpi,nh_aian,some_college,graduate,0.997,-0.00297,0.0
male,nh_nhpi,nh_aian,bachelors,hs_or_less,0.9958,-0.00424,0.0
male,nh_nhpi,nh_aian,bachelors,some_college,1.0017,0.00172,0.4
male,nh_nhpi,nh_aian,bachelors,bachelors,0.9976,-0.00237,0.2
male,nh_nhpi,nh_aian,bachelors,graduate,0.9971,-0.00295,0.0
male,nh_nhpi,nh_aian,graduate,hs_or_less,0.9986,-0.00136,0.0
male,nh_nhpi,nh_aian,graduate,some_college,1.0062,0.00621,0.3
male,nh_nhpi,nh_aian,graduate,bachelors,0.9977,-0.00229,0.0
male,nh_nhpi,nh_aian,graduate,graduate,0.9975,-0.00252,0.0
male,nh_nhpi,nh_nhpi,hs_or_less,hs_or_less,1.3712,0.3157,266.6
male,nh_nhpi,nh_nhpi,hs_or_less,some_college,0.903,-0.10206,91.3
male,nh_nhpi,nh_nhpi,hs_or_less,bachelors,1.0901,0.08625,30.0
male,nh_nhpi,nh_nhpi,hs_or_less,graduate,1.1194,0.11283,12.9
male,nh_nhpi,nh_nhpi,some_college,hs_or_less,1.1416,0.13245,62.5
male,nh_nhpi,nh_nhpi,some_college,some_college,0.9731,-0.02728,77.1
male,nh_nhpi,nh_nhpi,some_college,bachelors,0.878,-0.13014,14.9
male,nh_nhpi,nh_nhpi,some_college,graduate,0.9413,-0.0605,4.8
male,nh_nhpi,nh_nhpi,bachelors,hs_or_less,0.9418,-0.05995,9.2
male,nh_nhpi,nh_nhpi,bachelors,some_college,0.9159,-0.08788,12.9
male,nh_nhpi,nh_nhpi,bachelors,bachelors,0.9368,-0.06525,14.7
male,nh_nhpi,nh_nhpi,bachelors,graduate,0.9088,-0.09567,3.1
male,nh_nhpi,nh_nhpi,graduate,hs_or_less,1.068,0.06574,5.9
male,nh_nhpi,nh_nhpi,graduate,some_college,0.9728,-0.02762,3.5
male,nh_nhpi,nh_nhpi,graduate,bachelors,0.9177,-0.08589,1.6
male,nh_nhpi,nh_nhpi,graduate,graduate,1.0289,0.0285,7.0
male,nh_nhpi,nh_twoplus,hs_or_less,hs_or_less,0.9477,-0.05374,15.5
male,nh_nhpi,nh_twoplus,hs_or_less,some_college,1.0269,0.02659,19.3
male,nh_nhpi,nh_twoplus,hs_or_less,bachelors,1.0441,0.04316,9.8
male,nh_nhpi,nh_twoplus,hs_or_less,graduate,1.028,0.02761,4.0
male,nh_nhpi,nh_twoplus,some_college,hs_or_less,0.9645,-0.03611,3.3
male,nh_nhpi,nh_twoplus,some_college,some_college,1.071,0.06864,16.8
male,nh_nhpi,nh_twoplus,some_college,bachelors,1.0275,0.02711,8.3
male,nh_nhpi,nh_twoplus,some_college,graduate,0.9682,-0.03231,1.5
male,nh_nhpi,nh_twoplus,bachelors,hs_or_less,1.0097,0.00967,1.6
male,nh_nhpi,nh_twoplus,bachelors,some_college,1.0205,0.02033,3.8
male,nh_nhpi,nh_twoplus,bachelors,bachelors,1.0012,0.00116,5.8
male,nh_nhpi,nh_twoplus,bachelors,graduate,0.9583,-0.04263,1.0
male,nh_nhpi,nh_twoplus,graduate,hs_or_less,0.9922,-0.00785,0.0
male,nh_nhpi,nh_twoplus,graduate,some_college,0.9929,-0.00708,0.5
male,nh_nhpi,nh_twoplus,graduate,bachelors,0.9626,-0.03811,0.1
male,nh_nhpi,nh_twoplus,graduate,graduate,0.9936,-0.00642,1.8
male,nh_nhpi,nh_other,hs_or_less,hs_or_less,0.9917,-0.00837,0.1
male,nh_nhpi,nh_other,hs_or_less,some_college,0.9922,-0.00781,0.0
male,nh_nhpi,nh_other,hs_or_less,bachelors,0.9963,-0.00374,0.0
male,nh_nhpi,nh_other,hs_or_less,graduate,1.0017,0.00174,0.1
male,nh_nhpi,nh_other,some_college,hs_or_less,0.9974,-0.00257,0.0
male,nh_nhpi,nh_other,some_college,some_college,0.9941,-0.00587,0.0
male,nh_nhpi,nh_other,some_college,bachelors,0.9966,-0.00344,0.0
male,nh_nhpi,nh_other,some_college,graduate,0.9985,-0.0015,0.0
male,nh_nhpi,nh_other,bachelors,hs_or_less,0.9993,-0.00065,0.0
male,nh_nhpi,nh_other,bachelors,some_college,0.9987,-0.00132,0.0
male,nh_nhpi,nh_other,bachelors,bachelors,1.0303,0.02984,1.2
male,nh_nhpi,nh_other,bachelors,graduate,1.0043,0.00429,0.2
male,nh_nhpi,nh_other,graduate,hs_or_less,0.9998,-0.00018,0.0
male,nh_nhpi,nh_other,graduate,some_college,0.9997,-0.00035,0.0
male,nh_nhpi,nh_other,graduate,bachelors,0.9992,-0.00082,0.0
male,nh_nhpi,nh_other,graduate,graduate,1.0008,0.00075,0.1
male,nh_twoplus,hispanic,hs_or_less,hs_or_less,0.5506,-0.5967,406.5
male,nh_twoplus,hispanic,hs_or_less,some_college,0.9656,-0.03498,362.3
male,nh_twoplus,hispanic,hs_or_less,bachelors,0.9946,-0.00546,121.0
male,nh_twoplus,hispanic,hs_or_less,graduate,1.3318,0.28651,58.3
male,nh_twoplus,hispanic,some_college,hs_or_less,0.7568,-0.27861,288.5
male,nh_twoplus,hispanic,some_college,some_college,1.0155,0.01534,553.1
male,nh_twoplus,hispanic,some_college,bachelors,1.1019,0.097,235.0
male,nh_twoplus,hispanic,some_college,graduate,1.2495,0.22276,89.2
male,nh_twoplus,hispanic,bachelors,hs_or_less,0.7946,-0.22994,119.8
male,nh_twoplus,hispanic,bachelors,some_college,1.0544,0.05296,219.5
male,nh_twoplus,hispanic,bachelors,bachelors,1.2105,0.19104,378.0
male,nh_twoplus,hispanic,bachelors,graduate,1.3036,0.26515,159.1
male,nh_twoplus,hispanic,graduate,hs_or_less,0.7537,-0.2827,31.3
male,nh_twoplus,hispanic,graduate,some_college,0.9425,-0.05925,59.4
male,nh_twoplus,hispanic,graduate,bachelors,1.1463,0.1365,130.2
male,nh_twoplus,hispanic,graduate,graduate,1.2454,0.21943,148.3
male,nh_twoplus,nh_white,hs_or_less,hs_or_less,1.0629,0.06096,1487.8
male,nh_twoplus,nh_white,hs_or_less,some_college,1.0851,0.08169,1314.4
male,nh_twoplus,nh_white,hs_or_less,bachelors,0.8805,-0.12728,586.8
male,nh_twoplus,nh_white,hs_or_less,graduate,0.8205,-0.19781,204.1
male,nh_twoplus,nh_white,some_college,hs_or_less,1.1397,0.13079,799.0
male,nh_twoplus,nh_white,some_college,some_college,0.999,-0.00103,1711.7
male,nh_twoplus,nh_white,some_college,bachelors,1.0577,0.05613,1211.5
male,nh_twoplus,nh_white,some_college,graduate,1.1026,0.09768,514.0
male,nh_twoplus,nh_white,bachelors,hs_or_less,0.9937,-0.00628,276.9
male,nh_twoplus,nh_white,bachelors,some_college,1.0545,0.05306,663.2
male,nh_twoplus,nh_white,bachelors,bachelors,1.0882,0.08455,1789.7
male,nh_twoplus,nh_white,bachelors,graduate,1.0613,0.05948,858.6
male,nh_twoplus,nh_white,graduate,hs_or_less,0.9162,-0.08752,85.1
male,nh_twoplus,nh_white,graduate,some_college,0.843,-0.1708,172.2
male,nh_twoplus,nh_white,graduate,bachelors,1.0303,0.02986,611.9
male,nh_twoplus,nh_white,graduate,graduate,0.9342,-0.06803,747.2
male,nh_twoplus,nh_black,hs_or_less,hs_or_less,0.8718,-0.13721,171.0
male,nh_twoplus,nh_black,hs_or_less,some_college,1.1464,0.13661,175.0
male,nh_twoplus,nh_black,hs_or_less,bachelors,1.3705,0.31515,70.5
male,nh_twoplus,nh_black,hs_or_less,graduate,1.307,0.26777,35.6
male,nh_twoplus,nh_black,some_college,hs_or_less,0.9985,-0.00146,102.5
male,nh_twoplus,nh_black,some_college,some_college,0.9092,-0.09515,192.1
male,nh_twoplus,nh_black,some_college,bachelors,1.154,0.14325,90.0
male,nh_twoplus,nh_black,some_college,graduate,1.243,0.21756,51.5
male,nh_twoplus,nh_black,bachelors,hs_or_less,0.7793,-0.24938,23.4
male,nh_twoplus,nh_black,bachelors,some_college,0.8873,-0.11961,67.5
male,nh_twoplus,nh_black,bachelors,bachelors,0.9053,-0.09952,91.4
male,nh_twoplus,nh_black,bachelors,graduate,1.0876,0.084,68.5
male,nh_twoplus,nh_black,graduate,hs_or_less,0.9984,-0.00165,14.5
male,nh_twoplus,nh_black,graduate,some_college,0.9115,-0.09262,22.0
male,nh_twoplus,nh_black,graduate,bachelors,0.8491,-0.16353,27.8
male,nh_twoplus,nh_black,graduate,graduate,0.8151,-0.20449,43.0
male,nh_twoplus,nh_asian,hs_or_less,hs_or_less,1.009,0.00891,117.2
male,nh_twoplus,nh_asian,hs_or_less,some_college,0.8851,-0.1221,78.7
male,nh_twoplus,nh_asian,hs_or_less,bachelors,0.7516,-0.28561,67.7
male,nh_twoplus,nh_asian,hs_or_less,graduate,0.6475,-0.4346,16.5
male,nh_twoplus,nh_asian,some_college,hs_or_less,0.9241,-0.07896,49.5
male,nh_twoplus,nh_asian,some_college,some_college,1.1059,0.10063,150.8
male,nh_twoplus,nh_asian,some_college,bachelors,0.876,-0.13237,151.4
male,nh_twoplus,nh_asian,some_college,graduate,0.7092,-0.34363,53.3
male,nh_twoplus,nh_asian,bachelors,hs_or_less,1.1644,0.15225,31.6
male,nh_twoplus,nh_asian,bachelors,some_college,1.1473,0.13742,60.9
male,nh_twoplus,nh_asian,bachelors,bachelors,1.253,0.22552,333.4
male,nh_twoplus,nh_asian,bachelors,graduate,0.9475,-0.05388,158.2
male,nh_twoplus,nh_asian,graduate,hs_or_less,1.1041,0.09905,12.4
male,nh_twoplus,nh_asian,graduate,some_college,1.1757,0.16187,24.2
male,nh_twoplus,nh_asian,graduate,bachelors,1.4426,0.36648,143.5
male,nh_twoplus,nh_asian,graduate,graduate,1.22,0.19887,199.7
male,nh_twoplus,nh_aian,hs_or_less,hs_or_less,1.0317,0.03125,24.8
male,nh_twoplus,nh_aian,hs_or_less,some_college,1.078,0.07514,19.2
male,nh_twoplus,nh_aian,hs_or_less,bachelors,1.134,0.12579,8.2
male,nh_twoplus,nh_aian,hs_or_less,graduate,1.0071,0.00709,1.2
male,nh_twoplus,nh_aian,some_college,hs_or_less,0.9403,-0.06153,8.6
male,nh_twoplus,nh_aian,some_college,some_college,1.0075,0.00742,22.4
male,nh_twoplus,nh_aian,some_college,bachelors,1.1365,0.12796,10.6
male,nh_twoplus,nh_aian,some_college,graduate,1.0234,0.02313,2.5
male,nh_twoplus,nh_aian,bachelors,hs_or_less,0.9833,-0.01679,4.1
male,nh_twoplus,nh_aian,bachelors,some_college,0.9823,-0.01785,7.4
male,nh_twoplus,nh_aian,bachelors,bachelors,0.9057,-0.09903,2.8
male,nh_twoplus,nh_aian,bachelors,graduate,0.952,-0.04924,0.7
male,nh_twoplus,nh_aian,graduate,hs_or_less,0.9604,-0.0404,0.0
male,nh_twoplus,nh_aian,graduate,some_college,0.9683,-0.0322,1.5
male,nh_twoplus,nh_aian,graduate,bachelors,0.9679,-0.03258,1.4
male,nh_twoplus,nh_aian,graduate,graduate,0.953,-0.04819,0.9
male,nh_twoplus,nh_nhpi,hs_or_less,hs_or_less,1.1762,0.16233,19.8
male,nh_twoplus,nh_nhpi,hs_or_less,some_college,0.9935,-0.00651,6.3
male,nh_twoplus,nh_nhpi,hs_or_less,bachelors,0.9864,-0.01365,1.0
male,nh_twoplus,nh_nhpi,hs_or_less,graduate,0.9886,-0.01151,0.0
male,nh_twoplus,nh_nhpi,some_college,hs_or_less,1.0507,0.04947,8.1
male,nh_twoplus,nh_nhpi,some_college,some_college,0.9683,-0.03221,8.0
male,nh_twoplus,nh_nhpi,some_college,bachelors,1.0265,0.02612,3.7
male,nh_twoplus,nh_nhpi,some_college,graduate,0.9898,-0.01022,0.5
male,nh_twoplus,nh_nhpi,bachelors,hs_or_less,0.9503,-0.05103,0.4
male,nh_twoplus,nh_nhpi,bachelors,some_college,1.0107,0.01069,4.1
male,nh_twoplus,nh_nhpi,bachelors,bachelors,0.9462,-0.05527,1.5
male,nh_twoplus,nh_nhpi,bachelors,graduate,0.9915,-0.00854,1.2
male,nh_twoplus,nh_nhpi,graduate,hs_or_less,0.9833,-0.01687,0.2
male,nh_twoplus,nh_nhpi,graduate,some_college,1.002,0.00198,1.3
male,nh_twoplus,nh_nhpi,graduate,bachelors,0.9927,-0.00733,1.1
male,nh_twoplus,nh_nhpi,graduate,graduate,0.9632,-0.03746,0.0
male,nh_twoplus,nh_twoplus,hs_or_less,hs_or_less,1.5289,0.42456,1340.6
male,nh_twoplus,nh_twoplus,hs_or_less,some_college,1.0309,0.03043,854.8
male,nh_twoplus,nh_twoplus,hs_or_less,bachelors,1.0233,0.02307,372.8
male,nh_twoplus,nh_twoplus,hs_or_less,graduate,0.9789,-0.02129,129.6
male,nh_twoplus,nh_twoplus,some_college,hs_or_less,1.0711,0.06864,470.1
male,nh_twoplus,nh_twoplus,some_college,some_college,0.852,-0.16011,1014.2
male,nh_twoplus,nh_twoplus,some_college,bachelors,0.86,-0.15084,531.8
male,nh_twoplus,nh_twoplus,some_college,graduate,0.9101,-0.09417,216.7
male,nh_twoplus,nh_twoplus,bachelors,hs_or_less,1.1123,0.10642,202.7
male,nh_twoplus,nh_twoplus,bachelors,some_college,0.839,-0.17553,372.2
male,nh_twoplus,nh_twoplus,bachelors,bachelors,0.9309,-0.07157,845.3
male,nh_twoplus,nh_twoplus,bachelors,graduate,1.0094,0.00938,433.0
male,nh_twoplus,nh_twoplus,graduate,hs_or_less,1.0247,0.02436,60.9
male,nh_twoplus,nh_twoplus,graduate,some_college,0.8999,-0.10548,129.2
male,nh_twoplus,nh_twoplus,graduate,bachelors,0.9322,-0.07021,298.3
male,nh_twoplus,nh_twoplus,graduate,graduate,1.1709,0.15775,499.2
male,nh_twoplus,nh_other,hs_or_less,hs_or_less,0.9637,-0.03701,9.6
male,nh_twoplus,nh_other,hs_or_less,some_college,1.042,0.04115,10.8
male,nh_twoplus,nh_other,hs_or_less,bachelors,0.9659,-0.03467,2.8
male,nh_twoplus,nh_other,hs_or_less,graduate,0.9772,-0.02309,0.8
male,nh_twoplus,nh_other,some_college,hs_or_less,1.0279,0.02755,7.0
male,nh_twoplus,nh_other,some_college,some_college,1.1014,0.09654,17.8
male,nh_twoplus,nh_other,some_college,bachelors,0.9127,-0.09138,3.2
male,nh_twoplus,nh_other,some_college,graduate,1.0252,0.02486,4.1
male,nh_twoplus,nh_other,bachelors,hs_or_less,1.0946,0.09035,6.0
male,nh_twoplus,nh_other,bachelors,some_college,0.947,-0.05442,2.5
male,nh_twoplus,nh_other,bachelors,bachelors,0.9389,-0.06301,7.4
male,nh_twoplus,nh_other,bachelors,graduate,0.9028,-0.1023,1.0
male,nh_twoplus,nh_other,graduate,hs_or_less,0.9886,-0.01151,0.4
male,nh_twoplus,nh_other,graduate,some_college,1.1937,0.17709,8.7
male,nh_twoplus,nh_other,graduate,bachelors,0.945,-0.05655,1.6
male,nh_twoplus,nh_other,graduate,graduate,1.0165,0.01638,6.1
male,nh_other,hispanic,hs_or_less,hs_or_less,0.7823,-0.24551,97.3
male,nh_other,hispanic,hs_or_less,some_college,0.9698,-0.03069,59.8
male,nh_other,hispanic,hs_or_less,bachelors,1.3115,0.27116,37.2
male,nh_other,hispanic,hs_or_less,graduate,1.0,3e-05,6.3
male,nh_other,hispanic,some_college,hs_or_less,0.9483,-0.05306,48.6
male,nh_other,hispanic,some_college,some_college,0.9338,-0.06846,62.3
male,nh_other,hispanic,some_college,bachelors,1.0516,0.05029,29.5
male,nh_other,hispanic,some_college,graduate,1.0435,0.04258,10.7
male,nh_other,hispanic,bachelors,hs_or_less,1.105,0.09986,31.0
male,nh_other,hispanic,bachelors,some_college,1.0075,0.00748,30.1
male,nh_other,hispanic,bachelors,bachelors,0.9133,-0.09072,36.1
male,nh_other,hispanic,bachelors,graduate,1.02,0.01983,18.4
male,nh_other,hispanic,graduate,hs_or_less,1.1599,0.14835,19.2
male,nh_other,hispanic,graduate,some_college,1.0015,0.00149,13.6
male,nh_other,hispanic,graduate,bachelors,0.9814,-0.01874,21.4
male,nh_other,hispanic,graduate,graduate,0.8745,-0.13412,15.6
male,nh_other,nh_white,hs_or_less,hs_or_less,1.0144,0.0143,59.5
male,nh_other,nh_white,hs_or_less,some_college,1.0088,0.00872,50.2
male,nh_other,nh_white,hs_or_less,bachelors,0.8225,-0.19535,14.8
male,nh_other,nh_white,hs_or_less,graduate,1.0191,0.01892,11.9
male,nh_other,nh_white,some_college,hs_or_less,1.092,0.08798,27.7
male,nh_other,nh_white,some_college,some_college,0.9782,-0.02202,52.2
male,nh_other,nh_white,some_college,bachelors,1.1879,0.17215,47.3
male,nh_other,nh_white,some_college,graduate,1.1122,0.10638,20.6
male,nh_other,nh_white,bachelors,hs_or_less,1.052,0.05066,12.6
male,nh_other,nh_white,bachelors,some_college,0.9664,-0.03422,20.5
male,nh_other,nh_white,bachelors,bachelors,0.9383,-0.06365,49.9
male,nh_other,nh_white,bachelors,graduate,0.9687,-0.03176,27.2
male,nh_other,nh_white,graduate,hs_or_less,0.9526,-0.04855,2.7
male,nh_other,nh_white,graduate,some_college,0.9859,-0.01422,9.8
male,nh_other,nh_white,graduate,bachelors,0.9787,-0.02151,27.6
male,nh_other,nh_white,graduate,graduate,0.9725,-0.0279,37.9
male,nh_other,nh_black,hs_or_less,hs_or_less,0.7676,-0.2645,4.2
male,nh_other,nh_black,hs_or_less,some_college,1.2738,0.24197,26.5
male,nh_other,nh_black,hs_or_less,bachelors,1.2648,0.23491,13.9
male,nh_other,nh_black,hs_or_less,graduate,1.0493,0.04811,3.8
male,nh_other,nh_black,some_college,hs_or_less,0.9798,-0.02046,6.3
male,nh_other,nh_black,some_college,some_college,1.0425,0.04159,17.3
male,nh_other,nh_black,some_college,bachelors,0.9683,-0.03217,3.6
male,nh_other,nh_black,some_college,graduate,1.0554,0.0539,4.7
male,nh_other,nh_black,bachelors,hs_or_less,1.0243,0.02402,4.4
male,nh_other,nh_black,bachelors,some_college,0.9337,-0.06856,3.4
male,nh_other,nh_black,bachelors,bachelors,0.881,-0.12672,2.3
male,nh_other,nh_black,bachelors,graduate,0.9303,-0.07223,1.9
male,nh_other,nh_black,graduate,hs_or_less,0.9603,-0.0405,0.0
male,nh_other,nh_black,graduate,some_college,1.0785,0.07554,6.2
male,nh_other,nh_black,graduate,bachelors,0.914,-0.08997,0.6
male,nh_other,nh_black,graduate,graduate,0.9951,-0.00492,6.6
male,nh_other,nh_asian,hs_or_less,hs_or_less,0.9198,-0.08365,3.6
male,nh_other,nh_asian,hs_or_less,some_college,0.9442,-0.05741,3.1
male,nh_other,nh_asian,hs_or_less,bachelors,1.0386,0.03789,8.0
male,nh_other,nh_asian,hs_or_less,graduate,1.0179,0.01772,3.9
male,nh_other,nh_asian,some_college,hs_or_less,0.9928,-0.00728,2.6
male,nh_other,nh_asian,some_college,some_college,1.0882,0.08453,9.9
male,nh_other,nh_asian,some_college,bachelors,0.8942,-0.11184,2.9
male,nh_other,nh_asian,some_college,graduate,1.042,0.04113,6.1
male,nh_other,nh_asian,bachelors,hs_or_less,0.9917,-0.00838,0.9
male,nh_other,nh_asian,bachelors,some_college,1.0438,0.04291,4.3
male,nh_other,nh_asian,bachelors,bachelors,1.0487,0.04756,15.5
male,nh_other,nh_asian,bachelors,graduate,0.9783,-0.02189,7.8
male,nh_other,nh_asian,graduate,hs_or_less,1.1123,0.10645,4.7
male,nh_other,nh_asian,graduate,some_college,0.9991,-0.00088,1.1
male,nh_other,nh_asian,graduate,bachelors,0.9359,-0.0662,3.7
male,nh_other,nh_asian,graduate,graduate,0.9795,-0.02068,10.9
male,nh_other,nh_aian,hs_or_less,hs_or_less,1.0036,0.00362,1.2
male,nh_other,nh_aian,hs_or_less,some_college,0.9911,-0.00899,0.4
male,nh_other,nh_aian,hs_or_less,bachelors,1.0072,0.00718,0.4
male,nh_other,nh_aian,hs_or_less,graduate,0.9988,-0.00121,0.0
male,nh_other,nh_aian,some_college,hs_or_less,1.0022,0.00224,0.5
male,nh_other,nh_aian,some_college,some_college,0.9946,-0.00542,0.6
male,nh_other,nh_aian,some_college,bachelors,0.9952,-0.00477,0.0
male,nh_other,nh_aian,some_college,graduate,1.041,0.0402,1.6
male,nh_other,nh_aian,bachelors,hs_or_less,0.9958,-0.00424,0.0
male,nh_other,nh_aian,bachelors,some_college,0.9912,-0.00884,0.0
male,nh_other,nh_aian,bachelors,bachelors,0.993,-0.007,0.0
male,nh_other,nh_aian,bachelors,graduate,0.9991,-0.00094,0.1
male,nh_other,nh_aian,graduate,hs_or_less,0.9979,-0.00214,0.0
male,nh_other,nh_aian,graduate,some_college,0.9982,-0.00176,0.1
male,nh_other,nh_aian,graduate,bachelors,0.9959,-0.00407,0.0
male,nh_other,nh_aian,graduate,graduate,0.9962,-0.00385,0.0
male,nh_other,nh_nhpi,hs_or_less,hs_or_less,0.9944,-0.00564,0.1
male,nh_other,nh_nhpi,hs_or_less,some_college,1.0191,0.01897,0.9
male,nh_other,nh_nhpi,hs_or_less,bachelors,0.999,-0.00102,0.0
male,nh_other,nh_nhpi,hs_or_less,graduate,0.9997,-0.00033,0.0
male,nh_other,nh_nhpi,some_college,hs_or_less,0.997,-0.00302,0.0
male,nh_other,nh_nhpi,some_college,some_college,1.0004,0.00037,0.2
male,nh_other,nh_nhpi,some_college,bachelors,0.9987,-0.00132,0.0
male,nh_other,nh_nhpi,some_college,graduate,0.9995,-0.00046,0.0
male,nh_other,nh_nhpi,bachelors,hs_or_less,1.0006,0.00064,0.1
male,nh_other,nh_nhpi,bachelors,some_college,0.998,-0.00197,0.0
male,nh_other,nh_nhpi,bachelors,bachelors,0.9979,-0.00214,0.0
male,nh_other,nh_nhpi,bachelors,graduate,0.9999,-8e-05,0.0
male,nh_other,nh_nhpi,graduate,hs_or_less,0.9993,-0.00068,0.0
male,nh_other,nh_nhpi,graduate,some_college,0.999,-0.00096,0.0
male,nh_other,nh_nhpi,graduate,bachelors,0.9989,-0.00114,0.0
male,nh_other,nh_nhpi,graduate,graduate,0.9988,-0.00122,0.0
male,nh_other,nh_twoplus,hs_or_less,hs_or_less,1.1001,0.09543,19.9
male,nh_other,nh_twoplus,hs_or_less,some_college,0.9925,-0.00754,13.8
male,nh_other,nh_twoplus,hs_or_less,bachelors,0.9397,-0.06221,3.4
male,nh_other,nh_twoplus,hs_or_less,graduate,0.9968,-0.00318,2.3
male,nh_other,nh_twoplus,some_college,hs_or_less,1.0372,0.0365,7.3
male,nh_other,nh_twoplus,some_college,some_college,0.9636,-0.03709,13.7
male,nh_other,nh_twoplus,some_college,bachelors,0.9032,-0.10184,3.2
male,nh_other,nh_twoplus,some_college,graduate,1.0122,0.01217,3.8
male,nh_other,nh_twoplus,bachelors,hs_or_less,0.9593,-0.04156,1.0
male,nh_other,nh_twoplus,bachelors,some_college,0.9438,-0.05779,4.1
male,nh_other,nh_twoplus,bachelors,bachelors,0.9816,-0.01862,12.0
male,nh_other,nh_twoplus,bachelors,graduate,0.9962,-0.00378,6.4
male,nh_other,nh_twoplus,graduate,hs_or_less,0.9896,-0.01044,0.8
male,nh_other,nh_twoplus,graduate,some_college,1.2052,0.18666,10.8
male,nh_other,nh_twoplus,graduate,bachelors,1.0716,0.06915,9.8
male,nh_other,nh_twoplus,graduate,graduate,0.9457,-0.05588,6.3
male,nh_other,nh_other,hs_or_less,hs_or_less,1.2499,0.2231,353.3
male,nh_other,nh_other,hs_or_less,some_college,0.8209,-0.1973,166.2
male,nh_other,nh_other,hs_or_less,bachelors,0.9357,-0.06649,92.3
male,nh_other,nh_other,hs_or_less,graduate,0.9877,-0.01235,42.2
male,nh_other,nh_other,some_college,hs_or_less,1.0211,0.02088,110.7
male,nh_other,nh_other,some_college,some_college,0.9237,-0.07937,214.1
male,nh_other,nh_other,some_college,bachelors,0.855,-0.15663,105.7
male,nh_other,nh_other,some_college,graduate,0.9161,-0.0876,50.4
male,nh_other,nh_other,bachelors,hs_or_less,1.6843,0.52138,103.3
male,nh_other,nh_other,bachelors,some_college,0.8531,-0.15884,78.6
male,nh_other,nh_other,bachelors,bachelors,1.0805,0.07743,232.3
male,nh_other,nh_other,bachelors,graduate,0.9344,-0.06788,105.4
male,nh_other,nh_other,graduate,hs_or_less,1.2246,0.20258,36.4
male,nh_other,nh_other,graduate,some_college,0.8472,-0.16587,33.1
male,nh_other,nh_other,graduate,bachelors,0.9889,-0.01121,111.0
male,nh_other,nh_other,graduate,graduate,0.9581,-0.04282,150.0
female,hispanic,hispanic,hs_or_less,hs_or_less,1.7134,0.53847,46104.0
female,hispanic,hispanic,hs_or_less,some_college,1.0487,0.04757,7758.5
female,hispanic,hispanic,hs_or_less,bachelors,1.1155,0.10931,2413.2
female,hispanic,hispanic,hs_or_less,graduate,1.1727,0.15929,802.0
female,hispanic,hispanic,some_college,hs_or_less,0.907,-0.09761,13757.0
female,hispanic,hispanic,some_college,some_college,0.8826,-0.12485,10941.9
female,hispanic,hispanic,some_college,bachelors,0.7948,-0.22963,2622.6
female,hispanic,hispanic,some_college,graduate,0.8605,-0.15027,812.7
female,hispanic,hispanic,bachelors,hs_or_less,0.8853,-0.12179,4754.7
female,hispanic,hispanic,bachelors,some_college,0.8072,-0.21416,4199.2
female,hispanic,hispanic,bachelors,bachelors,0.848,-0.16484,4607.0
female,hispanic,hispanic,bachelors,graduate,0.7587,-0.27611,1302.3
female,hispanic,hispanic,graduate,hs_or_less,0.7586,-0.27633,1409.9
female,hispanic,hispanic,graduate,some_college,0.8336,-0.18196,1510.8
female,hispanic,hispanic,graduate,bachelors,0.6834,-0.38073,1610.3
female,hispanic,hispanic,graduate,graduate,0.8028,-0.21971,1644.8
female,hispanic,nh_white,hs_or_less,hs_or_less,0.5944,-0.52014,3273.8
female,hispanic,nh_white,hs_or_less,some_college,0.7709,-0.26019,2128.2
female,hispanic,nh_white,hs_or_less,bachelors,0.7004,-0.35604,941.0
female,hispanic,nh_white,hs_or_less,graduate,0.7838,-0.24366,358.4
female,hispanic,nh_white,some_college,hs_or_less,0.8807,-0.12709,2609.9
female,hispanic,nh_white,some_college,some_college,0.942,-0.0598,4065.8
female,hispanic,nh_white,some_college,bachelors,1.0234,0.02316,2047.7
female,hispanic,nh_white,some_college,graduate,1.0722,0.06972,676.1
female,hispanic,nh_white,bachelors,hs_or_less,1.1242,0.11708,1155.4
female,hispanic,nh_white,bachelors,some_college,1.2638,0.23412,2265.9
female,hispanic,nh_white,bachelors,bachelors,1.2463,0.22021,4028.4
female,hispanic,nh_white,bachelors,graduate,1.2339,0.21017,1386.9
female,hispanic,nh_white,graduate,hs_or_less,1.1038,0.09873,403.4
female,hispanic,nh_white,graduate,some_college,1.3054,0.26655,873.9
female,hispanic,nh_white,graduate,bachelors,1.2567,0.22848,1811.0
female,hispanic,nh_white,graduate,graduate,1.1892,0.17326,1612.5
female,hispanic,nh_black,hs_or_less,hs_or_less,0.7309,-0.31344,908.0
female,hispanic,nh_black,hs_or_less,some_college,0.9959,-0.00406,498.5
female,hispanic,nh_black,hs_or_less,bachelors,1.1048,0.09971,149.3
female,hispanic,nh_black,hs_or_less,graduate,1.2045,0.18604,64.0
female,hispanic,nh_black,some_college,hs_or_less,0.9617,-0.039,662.5
female,hispanic,nh_black,some_college,some_college,1.1175,0.11105,899.0
female,hispanic,nh_black,some_college,bachelors,1.1609,0.14919,232.4
female,hispanic,nh_black,some_college,graduate,1.2102,0.19075,84.6
female,hispanic,nh_black,bachelors,hs_or_less,0.7953,-0.22908,184.5
female,hispanic,nh_black,bachelors,some_college,0.9506,-0.05067,320.5
female,hispanic,nh_black,bachelors,bachelors,1.0148,0.0147,326.3
female,hispanic,nh_black,bachelors,graduate,0.9026,-0.10247,100.2
female,hispanic,nh_black,graduate,hs_or_less,0.9883,-0.01172,84.3
female,hispanic,nh_black,graduate,some_college,0.9274,-0.07532,112.8
female,hispanic,nh_black,graduate,bachelors,1.1537,0.14296,173.1
female,hispanic,nh_black,graduate,graduate,0.9302,-0.07237,128.7
female,hispanic,nh_asian,hs_or_less,hs_or_less,0.747,-0.29167,121.0
female,hispanic,nh_asian,hs_or_less,some_college,1.0404,0.03957,110.9
female,hispanic,nh_asian,hs_or_less,bachelors,0.8319,-0.18401,73.9
female,hispanic,nh_asian,hs_or_less,graduate,0.8643,-0.1458,41.3
female,hispanic,nh_asian,some_college,hs_or_less,1.1407,0.13162,117.1
female,hispanic,nh_asian,some_college,some_college,1.3715,0.31593,252.1
female,hispanic,nh_asian,some_college,bachelors,0.8619,-0.1486,126.0
female,hispanic,nh_asian,some_college,graduate,0.7409,-0.29984,49.6
female,hispanic,nh_asian,bachelors,hs_or_less,1.1883,0.17254,47.1
female,hispanic,nh_asian,bachelors,some_college,1.442,0.36603,117.6
female,hispanic,nh_asian,bachelors,bachelors,1.029,0.02854,256.1
female,hispanic,nh_asian,bachelors,graduate,0.7855,-0.24148,109.6
female,hispanic,nh_asian,graduate,hs_or_less,1.0774,0.0746,15.5
female,hispanic,nh_asian,graduate,some_college,1.3093,0.26948,42.9
female,hispanic,nh_asian,graduate,bachelors,0.9684,-0.03209,99.1
female,hispanic,nh_asian,graduate,graduate,0.9484,-0.05294,155.4
female,hispanic,nh_aian,hs_or_less,hs_or_less,1.0641,0.06213,93.3
female,hispanic,nh_aian,hs_or_less,some_college,1.0839,0.08058,36.0
female,hispanic,nh_aian,hs_or_less,bachelors,0.9698,-0.03066,3.9
female,hispanic,nh_aian,hs_or_less,graduate,0.9972,-0.00281,1.9
female,hispanic,nh_aian,some_college,hs_or_less,1.0775,0.07464,54.0
female,hispanic,nh_aian,some_college,some_college,0.9564,-0.0446,44.0
female,hispanic,nh_aian,some_college,bachelors,0.9607,-0.04013,5.6
female,hispanic,nh_aian,some_college,graduate,0.9473,-0.05415,0.5
female,hispanic,nh_aian,bachelors,hs_or_less,0.9734,-0.027,15.2
female,hispanic,nh_aian,bachelors,some_college,0.9974,-0.0026,20.2
female,hispanic,nh_aian,bachelors,bachelors,1.004,0.00398,12.3
female,hispanic,nh_aian,bachelors,graduate,0.9316,-0.07084,1.7
female,hispanic,nh_aian,graduate,hs_or_less,1.0375,0.03678,7.4
female,hispanic,nh_aian,graduate,some_college,1.0201,0.01993,8.6
female,hispanic,nh_aian,graduate,bachelors,1.0354,0.03476,7.1
female,hispanic,nh_aian,graduate,graduate,0.9604,-0.04043,4.0
female,hispanic,nh_nhpi,hs_or_less,hs_or_less,1.1025,0.09756,37.2
female,hispanic,nh_nhpi,hs_or_less,some_college,0.9815,-0.01867,10.1
female,hispanic,nh_nhpi,hs_or_less,bachelors,0.9763,-0.02403,2.0
female,hispanic,nh_nhpi,hs_or_less,graduate,1.0114,0.01134,1.3
female,hispanic,nh_nhpi,some_college,hs_or_less,1.1562,0.14513,25.4
female,hispanic,nh_nhpi,some_college,some_college,0.9204,-0.08295,13.4
female,hispanic,nh_nhpi,some_college,bachelors,1.169,0.15615,11.2
female,hispanic,nh_nhpi,some_college,graduate,0.9753,-0.02503,0.1
female,hispanic,nh_nhpi,bachelors,hs_or_less,0.9613,-0.03944,4.3
female,hispanic,nh_nhpi,bachelors,some_college,0.948,-0.05339,5.3
female,hispanic,nh_nhpi,bachelors,bachelors,0.9476,-0.05381,4.9
female,hispanic,nh_nhpi,bachelors,graduate,0.982,-0.01813,1.2
female,hispanic,nh_nhpi,graduate,hs_or_less,0.9659,-0.03472,0.7
female,hispanic,nh_nhpi,graduate,some_college,1.0531,0.05175,4.9
female,hispanic,nh_nhpi,graduate,bachelors,0.9328,-0.06953,0.4
female,hispanic,nh_nhpi,graduate,graduate,0.9586,-0.0423,0.6
female,hispanic,nh_twoplus,hs_or_less,hs_or_less,0.7352,-0.30765,411.7
female,hispanic,nh_twoplus,hs_or_less,some_college,0.9281,-0.07467,302.7
female,hispanic,nh_twoplus,hs_or_less,bachelors,0.841,-0.17315,102.1
female,hispanic,nh_twoplus,hs_or_less,graduate,0.8431,-0.17064,30.5
female,hispanic,nh_twoplus,some_college,hs_or_less,1.0837,0.08041,360.1
female,hispanic,nh_twoplus,some_college,some_college,0.9961,-0.00395,540.1
female,hispanic,nh_twoplus,some_college,bachelors,1.0954,0.09113,221.7
female,hispanic,nh_twoplus,some_college,graduate,0.9626,-0.03811,57.5
female,hispanic,nh_twoplus,bachelors,hs_or_less,1.0425,0.04166,121.0
female,hispanic,nh_twoplus,bachelors,some_college,0.9736,-0.02678,220.8
female,hispanic,nh_twoplus,bachelors,bachelors,1.1181,0.11164,369.5
female,hispanic,nh_twoplus,bachelors,graduate,1.1469,0.13711,132.6
female,hispanic,nh_twoplus,graduate,hs_or_less,1.2094,0.19011,53.7
female,hispanic,nh_twoplus,graduate,some_college,1.0082,0.00812,82.0
female,hispanic,nh_twoplus,graduate,bachelors,1.0997,0.09504,159.2
female,hispanic,nh_twoplus,graduate,graduate,1.0413,0.04044,139.3
female,hispanic,nh_other,hs_or_less,hs_or_less,1.1414,0.13221,100.3
female,hispanic,nh_other,hs_or_less,some_college,1.048,0.04688,47.4
female,hispanic,nh_other,hs_or_less,bachelors,1.1315,0.12351,28.7
female,hispanic,nh_other,hs_or_less,graduate,1.1516,0.14115,17.2
female,hispanic,nh_other,some_college,hs_or_less,1.1078,0.10238,55.5
female,hispanic,nh_other,some_college,some_college,0.8974,-0.10821,57.6
female,hispanic,nh_other,some_college,bachelors,0.9154,-0.08839,25.2
female,hispanic,nh_other,some_college,graduate,0.9795,-0.02071,13.1
female,hispanic,nh_other,bachelors,hs_or_less,1.3499,0.30006,33.5
female,hispanic,nh_other,bachelors,some_college,0.9173,-0.08632,23.2
female,hispanic,nh_other,bachelors,bachelors,0.8221,-0.19595,34.7
female,hispanic,nh_other,bachelors,graduate,0.93,-0.07252,21.1
female,hispanic,nh_other,graduate,hs_or_less,1.0452,0.04417,7.6
female,hispanic,nh_other,graduate,some_college,0.9856,-0.01446,10.1
female,hispanic,nh_other,graduate,bachelors,0.923,-0.08009,18.7
female,hispanic,nh_other,graduate,graduate,0.7993,-0.22399,16.3
female,nh_white,hispanic,hs_or_less,hs_or_less,0.6528,-0.42646,3592.1
female,nh_white,hispanic,hs_or_less,some_college,1.0531,0.0517,1659.3
female,nh_white,hispanic,hs_or_less,bachelors,1.0145,0.01442,464.4
female,nh_white,hispanic,hs_or_less,graduate,0.9664,-0.03414,131.3
female,nh_white,hispanic,some_college,hs_or_less,0.7203,-0.32814,3263.1
female,nh_white,hispanic,some_college,some_college,1.0382,0.03751,3808.2
female,nh_white,hispanic,some_college,bachelors,1.1688,0.15596,1138.1
female,nh_white,hispanic,some_college,graduate,1.115,0.10887,320.2
female,nh_white,hispanic,bachelors,hs_or_less,0.6551,-0.42301,1483.7
female,nh_white,hispanic,bachelors,some_college,1.0981,0.09358,2458.6
female,nh_white,hispanic,bachelors,bachelors,1.3206,0.27808,3091.0
female,nh_white,hispanic,bachelors,graduate,1.3047,0.26594,968.0
female,nh_white,hispanic,graduate,hs_or_less,0.6947,-0.3642,643.0
female,nh_white,hispanic,graduate,some_college,1.115,0.10889,1036.4
female,nh_white,hispanic,graduate,bachelors,1.257,0.22876,1531.5
female,nh_white,hispanic,graduate,graduate,1.2669,0.23657,1325.7
female,nh_white,nh_white,hs_or_less,hs_or_less,1.1369,0.12828,42821.2
female,nh_white,nh_white,hs_or_less,some_college,0.9521,-0.04908,18037.5
female,nh_white,nh_white,hs_or_less,bachelors,0.7619,-0.27196,7131.9
female,nh_white,nh_white,hs_or_less,graduate,0.7212,-0.32685,2237.5
female,nh_white,nh_white,some_college,hs_or_less,1.1023,0.09741,32842.2
female,nh_white,nh_white,some_college,some_college,0.9456,-0.05589,40502.9
female,nh_white,nh_white,some_college,bachelors,0.876,-0.13236,16948.4
female,nh_white,nh_white,some_college,graduate,0.8163,-0.20301,5078.0
female,nh_white,nh_white,bachelors,hs_or_less,1.063,0.06108,15088.7
female,nh_white,nh_white,bachelors,some_college,1.0444,0.04345,25857.5
female,nh_white,nh_white,bachelors,bachelors,1.0695,0.06721,47888.3
female,nh_white,nh_white,bachelors,graduate,1.074,0.07135,16545.1
female,nh_white,nh_white,graduate,hs_or_less,0.9861,-0.01405,5824.5
female,nh_white,nh_white,graduate,some_college,0.9949,-0.0051,10759.3
female,nh_white,nh_white,graduate,bachelors,1.0086,0.00858,23746.0
female,nh_white,nh_white,graduate,graduate,0.9631,-0.03764,21205.8
female,nh_white,nh_black,hs_or_less,hs_or_less,1.156,0.145,1935.2
female,nh_white,nh_black,hs_or_less,some_college,1.3307,0.28572,901.3
female,nh_white,nh_black,hs_or_less,bachelors,1.1815,0.16681,213.8
female,nh_white,nh_black,hs_or_less,graduate,1.0913,0.08738,69.3
female,nh_white,nh_black,some_college,hs_or_less,0.9949,-0.00511,1340.6
female,nh_white,nh_black,some_college,some_college,0.9351,-0.06709,1441.7
female,nh_white,nh_black,some_college,bachelors,1.1902,0.17414,446.4
female,nh_white,nh_black,some_college,graduate,1.159,0.14752,148.7
female,nh_white,nh_black,bachelors,hs_or_less,0.7686,-0.26316,499.5
female,nh_white,nh_black,bachelors,some_college,0.8133,-0.20669,745.6
female,nh_white,nh_black,bachelors,bachelors,0.9221,-0.0811,804.7
female,nh_white,nh_black,bachelors,graduate,0.8404,-0.17386,255.6
female,nh_white,nh_black,graduate,hs_or_less,0.9567,-0.04429,262.8
female,nh_white,nh_black,graduate,some_college,0.9637,-0.03697,387.0
female,nh_white,nh_black,graduate,bachelors,1.0157,0.01563,478.5
female,nh_white,nh_black,graduate,graduate,0.8617,-0.14888,385.5
female,nh_white,nh_asian,hs_or_less,hs_or_less,0.6853,-0.37794,170.4
female,nh_white,nh_asian,hs_or_less,some_college,0.8569,-0.15438,134.7
female,nh_white,nh_asian,hs_or_less,bachelors,0.8851,-0.12209,130.2
female,nh_white,nh_asian,hs_or_less,graduate,0.7292,-0.31583,48.2
female,nh_white,nh_asian,some_college,hs_or_less,0.765,-0.26782,155.4
female,nh_white,nh_asian,some_college,some_college,0.9471,-0.05439,354.5
female,nh_white,nh_asian,some_college,bachelors,0.9096,-0.0947,288.7
female,nh_white,nh_asian,some_college,graduate,0.8998,-0.10553,151.2
female,nh_white,nh_asian,bachelors,hs_or_less,0.9664,-0.03416,100.8
female,nh_white,nh_asian,bachelors,some_college,1.2265,0.20413,282.1
female,nh_white,nh_asian,bachelors,bachelors,1.1727,0.15927,912.0
female,nh_white,nh_asian,bachelors,graduate,1.1316,0.12362,533.6
female,nh_white,nh_asian,graduate,hs_or_less,1.4442,0.36759,76.2
female,nh_white,nh_asian,graduate,some_college,1.2405,0.2155,122.2
female,nh_white,nh_asian,graduate,bachelors,1.2448,0.21894,485.9
female,nh_white,nh_asian,graduate,graduate,1.265,0.23509,782.1
female,nh_white,nh_aian,hs_or_less,hs_or_less,1.1575,0.14628,315.1
female,nh_white,nh_aian,hs_or_less,some_college,1.1633,0.15124,115.2
female,nh_white,nh_aian,hs_or_less,bachelors,1.5879,0.46243,43.2
female,nh_white,nh_aian,hs_or_less,graduate,1.0893,0.0855,10.0
female,nh_white,nh_aian,some_college,hs_or_less,1.2128,0.19289,270.0
female,nh_white,nh_aian,some_college,some_college,1.0639,0.0619,234.0
female,nh_white,nh_aian,some_college,bachelors,1.1495,0.13936,43.9
female,nh_white,nh_aian,some_college,graduate,1.0366,0.03595,14.1
female,nh_white,nh_aian,bachelors,hs_or_less,0.8324,-0.1834,82.1
female,nh_white,nh_aian,bachelors,some_college,0.844,-0.16965,103.4
female,nh_white,nh_aian,bachelors,bachelors,0.9089,-0.09549,66.8
female,nh_white,nh_aian,bachelors,graduate,0.9057,-0.099,23.5
female,nh_white,nh_aian,graduate,hs_or_less,0.8525,-0.15959,31.4
female,nh_white,nh_aian,graduate,some_college,0.836,-0.17916,41.9
female,nh_white,nh_aian,graduate,bachelors,0.8783,-0.12975,32.4
female,nh_white,nh_aian,graduate,graduate,0.7712,-0.25984,23.7
female,nh_white,nh_nhpi,hs_or_less,hs_or_less,0.929,-0.0737,39.5
female,nh_white,nh_nhpi,hs_or_less,some_college,1.2478,0.22137,28.9
female,nh_white,nh_nhpi,hs_or_less,bachelors,0.9647,-0.03594,3.0
female,nh_white,nh_nhpi,hs_or_less,graduate,1.0045,0.0045,1.4
female,nh_white,nh_nhpi,some_college,hs_or_less,1.0311,0.03062,39.5
female,nh_white,nh_nhpi,some_college,some_college,1.2119,0.19219,54.0
female,nh_white,nh_nhpi,some_college,bachelors,1.0991,0.09449,14.0
female,nh_white,nh_nhpi,some_college,graduate,1.0056,0.00554,2.6
female,nh_white,nh_nhpi,bachelors,hs_or_less,0.9922,-0.0078,18.1
female,nh_white,nh_nhpi,bachelors,some_college,0.9954,-0.00463,23.3
female,nh_white,nh_nhpi,bachelors,bachelors,0.8344,-0.18107,11.8
female,nh_white,nh_nhpi,bachelors,graduate,0.9673,-0.03322,4.5
female,nh_white,nh_nhpi,graduate,hs_or_less,0.9074,-0.09722,3.2
female,nh_white,nh_nhpi,graduate,some_college,0.9069,-0.09771,5.5
female,nh_white,nh_nhpi,graduate,bachelors,0.9802,-0.02002,11.1
female,nh_white,nh_nhpi,graduate,graduate,1.0026,0.0026,8.4
female,nh_white,nh_twoplus,hs_or_less,hs_or_less,1.1421,0.13287,1769.0
female,nh_white,nh_twoplus,hs_or_less,some_college,1.0731,0.07058,950.1
female,nh_white,nh_twoplus,hs_or_less,bachelors,0.8922,-0.11408,306.0
female,nh_white,nh_twoplus,hs_or_less,graduate,0.8434,-0.17033,88.3
female,nh_white,nh_twoplus,some_college,hs_or_less,1.2141,0.19402,1525.8
female,nh_white,nh_twoplus,some_college,some_college,0.9468,-0.05467,1933.9
female,nh_white,nh_twoplus,some_college,bachelors,0.9757,-0.02462,717.2
female,nh_white,nh_twoplus,some_college,graduate,0.8765,-0.13181,197.7
female,nh_white,nh_twoplus,bachelors,hs_or_less,1.0468,0.04569,651.8
female,nh_white,nh_twoplus,bachelors,some_college,1.0624,0.06057,1314.5
female,nh_white,nh_twoplus,bachelors,bachelors,1.0554,0.05395,1872.8
female,nh_white,nh_twoplus,bachelors,graduate,1.0793,0.07631,646.7
female,nh_white,nh_twoplus,graduate,hs_or_less,0.9577,-0.04317,234.6
female,nh_white,nh_twoplus,graduate,some_college,1.0502,0.04898,548.2
female,nh_white,nh_twoplus,graduate,bachelors,0.9573,-0.04363,871.8
female,nh_white,nh_twoplus,graduate,graduate,0.8969,-0.10886,753.5
female,nh_white,nh_other,hs_or_less,hs_or_less,1.1202,0.11352,58.0
female,nh_white,nh_other,hs_or_less,some_college,1.0327,0.03219,26.8
female,nh_white,nh_other,hs_or_less,bachelors,0.9541,-0.04695,9.7
female,nh_white,nh_other,hs_or_less,graduate,0.9349,-0.06732,2.8
female,nh_white,nh_other,some_college,hs_or_less,1.1128,0.10689,47.3
female,nh_white,nh_other,some_college,some_college,1.0196,0.01946,58.9
female,nh_white,nh_other,some_college,bachelors,0.9126,-0.09146,19.7
female,nh_white,nh_other,some_college,graduate,0.9781,-0.02218,10.6
female,nh_white,nh_other,bachelors,hs_or_less,0.8868,-0.12008,12.5
female,nh_white,nh_other,bachelors,some_college,1.1939,0.17719,47.2
female,nh_white,nh_other,bachelors,bachelors,0.8934,-0.11268,49.3
female,nh_white,nh_other,bachelors,graduate,0.9536,-0.04755,26.7
female,nh_white,nh_other,graduate,hs_or_less,1.0696,0.06728,11.0
female,nh_white,nh_other,graduate,some_college,1.0936,0.0895,19.7
female,nh_white,nh_other,graduate,bachelors,0.9596,-0.04122,29.8
female,nh_white,nh_other,graduate,graduate,0.9449,-0.05665,38.5
female,nh_black,hispanic,hs_or_less,hs_or_less,0.8119,-0.20833,392.8
female,nh_black,hispanic,hs_or_less,some_college,1.0727,0.07019,148.7
female,nh_black,hispanic,hs_or_less,bachelors,1.0272,0.02686,41.5
female,nh_black,hispanic,hs_or_less,graduate,1.0567,0.05514,15.1
female,nh_black,hispanic,some_college,hs_or_less,0.9511,-0.05015,382.8
female,nh_black,hispanic,some_college,some_college,1.006,0.006,317.6
female,nh_black,hispanic,some_college,bachelors,0.8768,-0.13149,67.8
female,nh_black,hispanic,some_college,graduate,0.8825,-0.12503,17.7
female,nh_black,hispanic,bachelors,hs_or_less,0.9939,-0.00608,141.6
female,nh_black,hispanic,bachelors,some_college,1.3361,0.28976,189.0
female,nh_black,hispanic,bachelors,bachelors,1.0782,0.07533,150.9
female,nh_black,hispanic,bachelors,graduate,0.9273,-0.07549,39.6
female,nh_black,hispanic,graduate,hs_or_less,1.0294,0.02899,66.3
female,nh_black,hispanic,graduate,some_college,1.1327,0.1246,71.4
female,nh_black,hispanic,graduate,bachelors,1.0601,0.05836,82.0
female,nh_black,hispanic,graduate,graduate,0.8695,-0.13979,54.2
female,nh_black,nh_white,hs_or_less,hs_or_less,0.8979,-0.10772,587.8
female,nh_black,nh_white,hs_or_less,some_college,0.8986,-0.10693,290.6
female,nh_black,nh_white,hs_or_less,bachelors,0.9491,-0.05224,149.0
female,nh_black,nh_white,hs_or_less,graduate,0.9697,-0.03072,52.2
female,nh_black,nh_white,some_college,hs_or_less,1.0333,0.03274,540.2
female,nh_black,nh_white,some_college,some_college,0.8113,-0.20911,593.1
female,nh_black,nh_white,some_college,bachelors,0.9877,-0.01234,322.6
female,nh_black,nh_white,some_college,graduate,0.9897,-0.01034,108.5
female,nh_black,nh_white,bachelors,hs_or_less,1.0817,0.07856,194.6
female,nh_black,nh_white,bachelors,some_college,1.1718,0.15857,361.1
female,nh_black,nh_white,bachelors,bachelors,1.0123,0.01218,532.3
female,nh_black,nh_white,bachelors,graduate,1.0558,0.0543,204.3
female,nh_black,nh_white,graduate,hs_or_less,1.2991,0.26168,113.4
female,nh_black,nh_white,graduate,some_college,1.0992,0.09455,160.4
female,nh_black,nh_white,graduate,bachelors,0.9305,-0.07199,271.7
female,nh_black,nh_white,graduate,graduate,0.9113,-0.09287,261.6
female,nh_black,nh_black,hs_or_less,hs_or_less,1.1988,0.18136,11447.0
female,nh_black,nh_black,hs_or_less,some_college,0.9817,-0.01852,3706.1
female,nh_black,nh_black,hs_or_less,bachelors,1.1684,0.15566,1150.4
female,nh_black,nh_black,hs_or_less,graduate,1.4122,0.34514,508.9
female,nh_black,nh_black,some_college,hs_or_less,1.0165,0.01638,7824.6
female,nh_black,nh_black,some_college,some_college,0.8743,-0.13435,7600.0
female,nh_black,nh_black,some_college,bachelors,0.9693,-0.03123,1989.2
female,nh_black,nh_black,some_college,graduate,1.0078,0.00772,722.4
female,nh_black,nh_black,bachelors,hs_or_less,0.9985,-0.00155,2670.1
female,nh_black,nh_black,bachelors,some_college,0.8365,-0.17859,3050.7
female,nh_black,nh_black,bachelors,bachelors,0.8349,-0.18046,2804.2
female,nh_black,nh_black,bachelors,graduate,0.8307,-0.18543,1048.3
female,nh_black,nh_black,graduate,hs_or_less,1.162,0.15011,1398.2
female,nh_black,nh_black,graduate,some_college,1.0107,0.01065,1721.1
female,nh_black,nh_black,graduate,bachelors,0.896,-0.10978,1716.1
female,nh_black,nh_black,graduate,graduate,0.9174,-0.08623,1796.3
female,nh_black,nh_asian,hs_or_less,hs_or_less,0.9547,-0.04635,18.8
female,nh_black,nh_asian,hs_or_less,some_college,0.946,-0.05552,9.9
female,nh_black,nh_asian,hs_or_less,bachelors,1.0213,0.02103,12.7
female,nh_black,nh_asian,hs_or_less,graduate,0.9636,-0.03707,4.8
female,nh_black,nh_asian,some_college,hs_or_less,1.0474,0.04629,19.9
female,nh_black,nh_asian,some_college,some_college,1.071,0.06862,33.7
female,nh_black,nh_asian,some_college,bachelors,0.8825,-0.12504,16.7
female,nh_black,nh_asian,some_college,graduate,1.1597,0.14818,21.1
female,nh_black,nh_asian,bachelors,hs_or_less,1.184,0.16891,13.5
female,nh_black,nh_asian,bachelors,some_college,1.0039,0.00393,12.2
female,nh_black,nh_asian,bachelors,bachelors,1.0419,0.04109,43.2
female,nh_black,nh_asian,bachelors,graduate,0.9797,-0.02053,23.3
female,nh_black,nh_asian,graduate,hs_or_less,0.9933,-0.00673,2.3
female,nh_black,nh_asian,graduate,some_college,1.132,0.12396,10.7
female,nh_black,nh_asian,graduate,bachelors,0.8042,-0.21789,8.5
female,nh_black,nh_asian,graduate,graduate,0.8932,-0.1129,25.5
female,nh_black,nh_aian,hs_or_less,hs_or_less,0.9198,-0.08362,11.7
female,nh_black,nh_aian,hs_or_less,some_college,0.9666,-0.034,4.2
female,nh_black,nh_aian,hs_or_less,bachelors,1.0493,0.04813,2.9
female,nh_black,nh_aian,hs_or_less,graduate,0.9925,-0.00756,0.1
female,nh_black,nh_aian,some_college,hs_or_less,1.1258,0.11851,19.2
female,nh_black,nh_aian,some_college,some_college,1.108,0.10256,18.5
female,nh_black,nh_aian,some_college,bachelors,0.9799,-0.02033,1.2
female,nh_black,nh_aian,some_college,graduate,0.9806,-0.01955,0.0
female,nh_black,nh_aian,bachelors,hs_or_less,1.0422,0.04129,6.3
female,nh_black,nh_aian,bachelors,some_college,0.9096,-0.09479,1.4
female,nh_black,nh_aian,bachelors,bachelors,0.9779,-0.02234,2.3
female,nh_black,nh_aian,bachelors,graduate,1.0097,0.00961,1.7
female,nh_black,nh_aian,graduate,hs_or_less,1.0638,0.06188,4.5
female,nh_black,nh_aian,graduate,some_college,0.9438,-0.05787,0.3
female,nh_black,nh_aian,graduate,bachelors,0.9648,-0.0358,0.5
female,nh_black,nh_aian,graduate,graduate,0.9939,-0.00612,1.8
female,nh_black,nh_nhpi,hs_or_less,hs_or_less,0.9387,-0.0633,2.4
female,nh_black,nh_nhpi,hs_or_less,some_college,1.0343,0.03372,3.2
female,nh_black,nh_nhpi,hs_or_less,bachelors,0.9872,-0.01288,0.0
female,nh_black,nh_nhpi,hs_or_less,graduate,0.9991,-0.00088,0.1
female,nh_black,nh_nhpi,some_college,hs_or_less,1.026,0.0257,5.2
female,nh_black,nh_nhpi,some_college,some_college,1.0351,0.0345,5.8
female,nh_black,nh_nhpi,some_college,bachelors,1.0491,0.04795,2.9
female,nh_black,nh_nhpi,some_college,graduate,0.9955,-0.00453,0.1
female,nh_black,nh_nhpi,bachelors,hs_or_less,1.0463,0.04531,3.2
female,nh_black,nh_nhpi,bachelors,some_college,1.0086,0.00852,2.2
female,nh_black,nh_nhpi,bachelors,bachelors,0.9603,-0.04054,0.1
female,nh_black,nh_nhpi,bachelors,graduate,0.9876,-0.01247,0.0
female,nh_black,nh_nhpi,graduate,hs_or_less,0.9837,-0.0164,0.0
female,nh_black,nh_nhpi,graduate,some_college,0.9894,-0.01067,0.4
female,nh_black,nh_nhpi,graduate,bachelors,0.9752,-0.02509,0.0
female,nh_black,nh_nhpi,graduate,graduate,0.9911,-0.00895,0.4
female,nh_black,nh_twoplus,hs_or_less,hs_or_less,1.015,0.01488,175.7
female,nh_black,nh_twoplus,hs_or_less,some_college,1.1134,0.10738,113.4
female,nh_black,nh_twoplus,hs_or_less,bachelors,0.8603,-0.15043,27.0
female,nh_black,nh_twoplus,hs_or_less,graduate,1.0677,0.06547,16.3
female,nh_black,nh_twoplus,some_college,hs_or_less,1.2793,0.24633,187.5
female,nh_black,nh_twoplus,some_college,some_college,0.9074,-0.09716,201.8
female,nh_black,nh_twoplus,some_college,bachelors,0.9519,-0.04925,74.3
female,nh_black,nh_twoplus,some_college,graduate,0.8823,-0.12524,18.6
female,nh_black,nh_twoplus,bachelors,hs_or_less,1.4,0.33646,80.4
female,nh_black,nh_twoplus,bachelors,some_college,1.0186,0.01847,97.6
female,nh_black,nh_twoplus,bachelors,bachelors,0.8073,-0.21412,98.6
female,nh_black,nh_twoplus,bachelors,graduate,0.7706,-0.26057,26.7
female,nh_black,nh_twoplus,graduate,hs_or_less,1.2237,0.20187,32.9
female,nh_black,nh_twoplus,graduate,some_college,1.1651,0.15283,55.7
female,nh_black,nh_twoplus,graduate,bachelors,1.0058,0.00579,72.4
female,nh_black,nh_twoplus,graduate,graduate,0.7765,-0.25301,45.6
female,nh_black,nh_other,hs_or_less,hs_or_less,0.846,-0.16727,4.6
female,nh_black,nh_other,hs_or_less,some_college,1.0068,0.00682,7.0
female,nh_black,nh_other,hs_or_less,bachelors,1.0254,0.02508,4.3
female,nh_black,nh_other,hs_or_less,graduate,0.9612,-0.03953,0.0
female,nh_black,nh_other,some_college,hs_or_less,1.2878,0.25294,23.1
female,nh_black,nh_other,some_college,some_college,1.037,0.03629,17.4
female,nh_black,nh_other,some_college,bachelors,0.933,-0.06931,3.7
female,nh_black,nh_other,some_college,graduate,1.0316,0.03112,4.5
female,nh_black,nh_other,bachelors,hs_or_less,1.3299,0.28511,15.7
female,nh_black,nh_other,bachelors,some_college,0.958,-0.04292,4.6
female,nh_black,nh_other,bachelors,bachelors,0.8399,-0.17445,2.7
female,nh_black,nh_other,bachelors,graduate,0.8877,-0.1191,0.6
female,nh_black,nh_other,graduate,hs_or_less,1.0449,0.04395,3.4
female,nh_black,nh_other,graduate,some_college,1.0419,0.04104,4.8
female,nh_black,nh_other,graduate,bachelors,0.9199,-0.0835,2.8
female,nh_black,nh_other,graduate,graduate,0.9741,-0.02627,7.5
female,nh_asian,hispanic,hs_or_less,hs_or_less,0.451,-0.79637,184.7
female,nh_asian,hispanic,hs_or_less,some_college,0.9681,-0.03239,118.2
female,nh_asian,hispanic,hs_or_less,bachelors,1.1814,0.16671,49.4
female,nh_asian,hispanic,hs_or_less,graduate,1.1979,0.18056,21.8
female,nh_asian,hispanic,some_college,hs_or_less,0.6875,-0.37468,219.6
female,nh_asian,hispanic,some_college,some_college,1.1899,0.17386,313.3
female,nh_asian,hispanic,some_college,bachelors,1.3328,0.28725,102.1
female,nh_asian,hispanic,some_college,graduate,1.2576,0.22923,36.1
female,nh_asian,hispanic,bachelors,hs_or_less,0.6366,-0.45154,171.3
female,nh_asian,hispanic,bachelors,some_college,1.154,0.14326,321.8
female,nh_asian,hispanic,bachelors,bachelors,1.4455,0.36846,423.3
female,nh_asian,hispanic,bachelors,graduate,1.2487,0.22207,128.4
female,nh_asian,hispanic,graduate,hs_or_less,0.5694,-0.56314,49.1
female,nh_asian,hispanic,graduate,some_college,0.8371,-0.17783,94.1
female,nh_asian,hispanic,graduate,bachelors,1.3398,0.29249,222.4
female,nh_asian,hispanic,graduate,graduate,1.3932,0.33164,203.7
female,nh_asian,nh_white,hs_or_less,hs_or_less,0.4571,-0.78287,451.6
female,nh_asian,nh_white,hs_or_less,some_college,0.8204,-0.19801,414.7
female,nh_asian,nh_white,hs_or_less,bachelors,1.1812,0.16651,297.1
female,nh_asian,nh_white,hs_or_less,graduate,1.4552,0.37515,147.7
female,nh_asian,nh_white,some_college,hs_or_less,0.5676,-0.56635,383.5
female,nh_asian,nh_white,some_college,some_college,0.8209,-0.19738,820.8
female,nh_asian,nh_white,some_college,bachelors,1.22,0.19883,548.6
female,nh_asian,nh_white,some_college,graduate,1.4688,0.38442,240.8
female,nh_asian,nh_white,bachelors,hs_or_less,0.7805,-0.24778,453.4
female,nh_asian,nh_white,bachelors,some_college,1.0162,0.01604,1037.1
female,nh_asian,nh_white,bachelors,bachelors,1.1959,0.17893,2121.1
female,nh_asian,nh_white,bachelors,graduate,1.4645,0.38155,971.1
female,nh_asian,nh_white,graduate,hs_or_less,0.6486,-0.43298,139.8
female,nh_asian,nh_white,graduate,some_college,0.8797,-0.12816,385.9
female,nh_asian,nh_white,graduate,bachelors,1.3331,0.28747,1299.7
female,nh_asian,nh_white,graduate,graduate,1.7533,0.56148,1621.3
female,nh_asian,nh_black,hs_or_less,hs_or_less,0.8033,-0.21901,99.1
female,nh_asian,nh_black,hs_or_less,some_college,0.9543,-0.04678,47.8
female,nh_asian,nh_black,hs_or_less,bachelors,1.4376,0.363,33.2
female,nh_asian,nh_black,hs_or_less,graduate,1.1084,0.10295,9.7
female,nh_asian,nh_black,some_college,hs_or_less,0.6947,-0.36427,50.5
female,nh_asian,nh_black,some_college,some_college,1.1412,0.1321,123.7
female,nh_asian,nh_black,some_college,bachelors,1.2135,0.19354,37.3
female,nh_asian,nh_black,some_college,graduate,1.2664,0.23621,20.2
female,nh_asian,nh_black,bachelors,hs_or_less,0.7905,-0.2351,53.4
female,nh_asian,nh_black,bachelors,some_college,0.984,-0.01609,105.8
female,nh_asian,nh_black,bachelors,bachelors,1.0014,0.00136,100.3
female,nh_asian,nh_black,bachelors,graduate,1.0626,0.06068,43.0
female,nh_asian,nh_black,graduate,hs_or_less,0.8825,-0.12498,24.0
female,nh_asian,nh_black,graduate,some_college,0.7871,-0.23935,28.4
female,nh_asian,nh_black,graduate,bachelors,1.0351,0.03446,59.3
female,nh_asian,nh_black,graduate,graduate,1.1288,0.12115,66.3
female,nh_asian,nh_asian,hs_or_less,hs_or_less,2.2616,0.81606,3137.9
female,nh_asian,nh_asian,hs_or_less,some_college,1.1408,0.13177,871.1
female,nh_asian,nh_asian,hs_or_less,bachelors,1.1627,0.15073,810.9
female,nh_asian,nh_asian,hs_or_less,graduate,0.8736,-0.13514,349.8
female,nh_asian,nh_asian,some_college,hs_or_less,1.0539,0.05253,1016.0
female,nh_asian,nh_asian,some_college,some_college,0.9728,-0.02759,1538.3
female,nh_asian,nh_asian,some_college,bachelors,0.7863,-0.24048,1031.5
female,nh_asian,nh_asian,some_college,graduate,0.6716,-0.39807,487.3
female,nh_asian,nh_asian,bachelors,hs_or_less,0.9893,-0.01072,811.2
female,nh_asian,nh_asian,bachelors,some_college,0.8184,-0.20038,1349.6
female,nh_asian,nh_asian,bachelors,bachelors,0.9569,-0.04407,5265.5
female,nh_asian,nh_asian,bachelors,graduate,0.9488,-0.05257,3282.7
female,nh_asian,nh_asian,graduate,hs_or_less,1.0171,0.01697,343.5
female,nh_asian,nh_asian,graduate,some_college,0.6972,-0.36065,492.0
female,nh_asian,nh_asian,graduate,bachelors,0.8914,-0.11495,2681.0
female,nh_asian,nh_asian,graduate,graduate,1.4293,0.35716,6975.5
female,nh_asian,nh_aian,hs_or_less,hs_or_less,0.9866,-0.0135,10.1
female,nh_asian,nh_aian,hs_or_less,some_college,1.1352,0.12684,9.2
female,nh_asian,nh_aian,hs_or_less,bachelors,0.9836,-0.01652,0.0
female,nh_asian,nh_aian,hs_or_less,graduate,1.0475,0.04645,2.0
female,nh_asian,nh_aian,some_college,hs_or_less,0.936,-0.06609,4.5
female,nh_asian,nh_aian,some_college,some_college,1.1282,0.12062,13.2
female,nh_asian,nh_aian,some_college,bachelors,1.0856,0.08213,4.4
female,nh_asian,nh_aian,some_college,graduate,1.0106,0.01053,0.9
female,nh_asian,nh_aian,bachelors,hs_or_less,0.8847,-0.12253,1.0
female,nh_asian,nh_aian,bachelors,some_college,0.8801,-0.12774,2.1
female,nh_asian,nh_aian,bachelors,bachelors,1.0332,0.03269,6.0
female,nh_asian,nh_aian,bachelors,graduate,0.9834,-0.0167,1.2
female,nh_asian,nh_aian,graduate,hs_or_less,0.964,-0.03665,1.2
female,nh_asian,nh_aian,graduate,some_college,0.941,-0.06076,1.0
female,nh_asian,nh_aian,graduate,bachelors,1.0279,0.02747,3.7
female,nh_asian,nh_aian,graduate,graduate,1.0139,0.01377,3.2
female,nh_asian,nh_nhpi,hs_or_less,hs_or_less,0.9761,-0.02422,11.5
female,nh_asian,nh_nhpi,hs_or_less,some_college,0.9376,-0.06443,1.8
female,nh_asian,nh_nhpi,hs_or_less,bachelors,0.9781,-0.02213,0.4
female,nh_asian,nh_nhpi,hs_or_less,graduate,1.0334,0.03281,1.6
female,nh_asian,nh_nhpi,some_college,hs_or_less,1.212,0.19225,18.3
female,nh_asian,nh_nhpi,some_college,some_college,0.9872,-0.01289,8.8
female,nh_asian,nh_nhpi,some_college,bachelors,0.9746,-0.0257,1.3
female,nh_asian,nh_nhpi,some_college,graduate,1.0394,0.03864,2.1
female,nh_asian,nh_nhpi,bachelors,hs_or_less,1.0447,0.04371,9.9
female,nh_asian,nh_nhpi,bachelors,some_college,0.8705,-0.13869,3.4
female,nh_asian,nh_nhpi,bachelors,bachelors,0.9581,-0.04277,7.3
female,nh_asian,nh_nhpi,bachelors,graduate,1.0311,0.03066,3.8
female,nh_asian,nh_nhpi,graduate,hs_or_less,1.0533,0.05194,5.4
female,nh_asian,nh_nhpi,graduate,some_college,0.9786,-0.0216,3.5
female,nh_asian,nh_nhpi,graduate,bachelors,1.0026,0.0026,5.4
female,nh_asian,nh_nhpi,graduate,graduate,0.9606,-0.04016,1.9
female,nh_asian,nh_twoplus,hs_or_less,hs_or_less,0.8506,-0.16175,107.0
female,nh_asian,nh_twoplus,hs_or_less,some_college,0.8406,-0.17363,56.9
female,nh_asian,nh_twoplus,hs_or_less,bachelors,1.0582,0.05656,33.0
female,nh_asian,nh_twoplus,hs_or_less,graduate,1.0515,0.05026,13.3
female,nh_asian,nh_twoplus,some_college,hs_or_less,0.8329,-0.18282,72.5
female,nh_asian,nh_twoplus,some_college,some_college,0.9144,-0.08949,138.5
female,nh_asian,nh_twoplus,some_college,bachelors,1.0976,0.09315,63.8
female,nh_asian,nh_twoplus,some_college,graduate,1.162,0.15016,27.7
female,nh_asian,nh_twoplus,bachelors,hs_or_less,0.7703,-0.26097,53.8
female,nh_asian,nh_twoplus,bachelors,some_college,0.8962,-0.10955,142.3
female,nh_asian,nh_twoplus,bachelors,bachelors,1.305,0.26622,307.1
female,nh_asian,nh_twoplus,bachelors,graduate,1.4583,0.37728,135.7
female,nh_asian,nh_twoplus,graduate,hs_or_less,0.7527,-0.28414,14.8
female,nh_asian,nh_twoplus,graduate,some_college,0.8161,-0.20319,51.0
female,nh_asian,nh_twoplus,graduate,bachelors,1.1388,0.12997,148.8
female,nh_asian,nh_twoplus,graduate,graduate,1.4073,0.34164,179.8
female,nh_asian,nh_other,hs_or_less,hs_or_less,0.9144,-0.08944,3.3
female,nh_asian,nh_other,hs_or_less,some_college,0.9389,-0.06305,1.2
female,nh_asian,nh_other,hs_or_less,bachelors,0.9719,-0.02849,0.7
female,nh_asian,nh_other,hs_or_less,graduate,1.0869,0.08336,4.2
female,nh_asian,nh_other,some_college,hs_or_less,0.9374,-0.0647,2.4
female,nh_asian,nh_other,some_college,some_college,1.0231,0.02283,8.7
female,nh_asian,nh_other,some_college,bachelors,1.0207,0.02049,4.2
female,nh_asian,nh_other,some_college,graduate,0.9886,-0.01146,1.2
female,nh_asian,nh_other,bachelors,hs_or_less,1.0835,0.08016,7.9
female,nh_asian,nh_other,bachelors,some_college,0.8972,-0.10844,2.9
female,nh_asian,nh_other,bachelors,bachelors,1.043,0.04215,15.9
female,nh_asian,nh_other,bachelors,graduate,0.9218,-0.0814,3.5
female,nh_asian,nh_other,graduate,hs_or_less,1.0233,0.02302,2.8
female,nh_asian,nh_other,graduate,some_college,1.0638,0.06184,6.1
female,nh_asian,nh_other,graduate,bachelors,1.015,0.01484,8.4
female,nh_asian,nh_other,graduate,graduate,1.1033,0.09828,15.0
female,nh_aian,hispanic,hs_or_less,hs_or_less,1.056,0.05447,93.1
female,nh_aian,hispanic,hs_or_less,some_college,0.9904,-0.00966,24.3
female,nh_aian,hispanic,hs_or_less,bachelors,0.9116,-0.09252,3.0
female,nh_aian,hispanic,hs_or_less,graduate,1.0465,0.04548,3.9
female,nh_aian,hispanic,some_college,hs_or_less,0.9047,-0.10012,46.0
female,nh_aian,hispanic,some_college,some_college,1.2584,0.22987,65.1
female,nh_aian,hispanic,some_college,bachelors,0.9459,-0.05562,9.1
female,nh_aian,hispanic,some_college,graduate,0.9418,-0.05994,1.0
female,nh_aian,hispanic,bachelors,hs_or_less,1.0737,0.07112,15.8
female,nh_aian,hispanic,bachelors,some_college,1.0103,0.01022,12.3
female,nh_aian,hispanic,bachelors,bachelors,0.8331,-0.18258,3.3
female,nh_aian,hispanic,bachelors,graduate,1.0133,0.01326,4.4
female,nh_aian,hispanic,graduate,hs_or_less,1.1352,0.12684,9.2
female,nh_aian,hispanic,graduate,some_college,1.0564,0.05486,5.9
female,nh_aian,hispanic,graduate,bachelors,0.9608,-0.03998,2.9
female,nh_aian,hispanic,graduate,graduate,0.9362,-0.06589,1.4
female,nh_aian,nh_white,hs_or_less,hs_or_less,1.2082,0.18917,222.4
female,nh_aian,nh_white,hs_or_less,some_college,1.0838,0.08043,101.3
female,nh_aian,nh_white,hs_or_less,bachelors,0.7497,-0.28805,22.5
female,nh_aian,nh_white,hs_or_less,graduate,0.9936,-0.00644,14.2
female,nh_aian,nh_white,some_college,hs_or_less,1.2693,0.2385,148.3
female,nh_aian,nh_white,some_college,some_college,0.9362,-0.06598,145.9
female,nh_aian,nh_white,some_college,bachelors,0.796,-0.22814,49.0
female,nh_aian,nh_white,some_college,graduate,0.8516,-0.16067,13.5
female,nh_aian,nh_white,bachelors,hs_or_less,1.2926,0.25667,40.2
female,nh_aian,nh_white,bachelors,some_college,1.1967,0.17956,55.6
female,nh_aian,nh_white,bachelors,bachelors,0.8819,-0.12573,60.0
female,nh_aian,nh_white,bachelors,graduate,0.8492,-0.16343,15.3
female,nh_aian,nh_white,graduate,hs_or_less,1.1648,0.15254,14.8
female,nh_aian,nh_white,graduate,some_college,1.1051,0.09995,19.1
female,nh_aian,nh_white,graduate,bachelors,1.0181,0.01796,29.7
female,nh_aian,nh_white,graduate,graduate,0.838,-0.17679,16.7
female,nh_aian,nh_black,hs_or_less,hs_or_less,1.0904,0.08654,29.8
female,nh_aian,nh_black,hs_or_less,some_college,0.9542,-0.04686,7.6
female,nh_aian,nh_black,hs_or_less,bachelors,1.0625,0.06061,5.0
female,nh_aian,nh_black,hs_or_less,graduate,0.9948,-0.00521,0.7
female,nh_aian,nh_black,some_college,hs_or_less,1.1464,0.13659,22.8
female,nh_aian,nh_black,some_college,some_college,0.9037,-0.10121,12.1
female,nh_aian,nh_black,some_college,bachelors,1.0073,0.00726,4.6
female,nh_aian,nh_black,some_college,graduate,1.0445,0.04354,3.1
female,nh_aian,nh_black,bachelors,hs_or_less,1.0431,0.04222,5.1
female,nh_aian,nh_black,bachelors,some_college,0.9231,-0.08003,1.3
female,nh_aian,nh_black,bachelors,bachelors,0.9918,-0.00825,4.1
female,nh_aian,nh_black,bachelors,graduate,0.9693,-0.03115,0.3
female,nh_aian,nh_black,graduate,hs_or_less,0.9908,-0.00922,0.7
female,nh_aian,nh_black,graduate,some_college,0.9778,-0.02242,0.7
female,nh_aian,nh_black,graduate,bachelors,0.9647,-0.03591,0.3
female,nh_aian,nh_black,graduate,graduate,0.9641,-0.03653,0.3
female,nh_aian,nh_asian,hs_or_less,hs_or_less,1.0441,0.04317,5.5
female,nh_aian,nh_asian,hs_or_less,some_college,1.0087,0.00864,2.6
female,nh_aian,nh_asian,hs_or_less,bachelors,0.9764,-0.02391,1.1
female,nh_aian,nh_asian,hs_or_less,graduate,0.9818,-0.01834,0.4
female,nh_aian,nh_asian,some_college,hs_or_less,1.0297,0.02929,3.4
female,nh_aian,nh_asian,some_college,some_college,0.9781,-0.02215,3.0
female,nh_aian,nh_asian,some_college,bachelors,0.9814,-0.01882,2.7
female,nh_aian,nh_asian,some_college,graduate,0.9714,-0.02901,0.7
female,nh_aian,nh_asian,bachelors,hs_or_less,0.9874,-0.01267,0.0
female,nh_aian,nh_asian,bachelors,some_college,0.9906,-0.00948,0.7
female,nh_aian,nh_asian,bachelors,bachelors,1.0579,0.05631,5.9
female,nh_aian,nh_asian,bachelors,graduate,1.0091,0.00903,2.5
female,nh_aian,nh_asian,graduate,hs_or_less,1.0074,0.00741,0.4
female,nh_aian,nh_asian,graduate,some_college,1.0067,0.00665,0.6
female,nh_aian,nh_asian,graduate,bachelors,0.9888,-0.01129,0.8
female,nh_aian,nh_asian,graduate,graduate,0.9853,-0.01485,1.3
female,nh_aian,nh_aian,hs_or_less,hs_or_less,1.1221,0.11519,287.5
female,nh_aian,nh_aian,hs_or_less,some_college,0.8816,-0.12602,73.4
female,nh_aian,nh_aian,hs_or_less,bachelors,0.9607,-0.04008,13.0
female,nh_aian,nh_aian,hs_or_less,graduate,0.9986,-0.0014,5.6
female,nh_aian,nh_aian,some_college,hs_or_less,0.9613,-0.03944,151.8
female,nh_aian,nh_aian,some_college,some_college,0.9477,-0.05369,149.6
female,nh_aian,nh_aian,some_college,bachelors,1.0593,0.05762,28.5
female,nh_aian,nh_aian,some_college,graduate,1.0988,0.09422,13.4
female,nh_aian,nh_aian,bachelors,hs_or_less,1.0135,0.0134,36.0
female,nh_aian,nh_aian,bachelors,some_college,0.9839,-0.01621,41.0
female,nh_aian,nh_aian,bachelors,bachelors,0.948,-0.05343,22.1
female,nh_aian,nh_aian,bachelors,graduate,1.0458,0.04479,12.0
female,nh_aian,nh_aian,graduate,hs_or_less,1.0799,0.07683,14.8
female,nh_aian,nh_aian,graduate,some_college,0.9283,-0.0744,10.7
female,nh_aian,nh_aian,graduate,bachelors,1.0482,0.04705,12.9
female,nh_aian,nh_aian,graduate,graduate,0.9559,-0.04514,9.0
female,nh_aian,nh_nhpi,hs_or_less,hs_or_less,1.0279,0.02748,3.2
female,nh_aian,nh_nhpi,hs_or_less,some_college,0.9978,-0.00216,0.7
female,nh_aian,nh_nhpi,hs_or_less,bachelors,0.9956,-0.0044,0.0
female,nh_aian,nh_nhpi,hs_or_less,graduate,0.9986,-0.00137,0.0
female,nh_aian,nh_nhpi,some_college,hs_or_less,1.0162,0.01604,1.9
female,nh_aian,nh_nhpi,some_college,some_college,0.9836,-0.01657,0.7
female,nh_aian,nh_nhpi,some_college,bachelors,0.9943,-0.00571,0.1
female,nh_aian,nh_nhpi,some_college,graduate,1.0031,0.00305,0.2
female,nh_aian,nh_nhpi,bachelors,hs_or_less,1.0065,0.00647,0.5
female,nh_aian,nh_nhpi,bachelors,some_college,0.9906,-0.00944,0.0
female,nh_aian,nh_nhpi,bachelors,bachelors,0.9988,-0.00115,0.3
female,nh_aian,nh_nhpi,bachelors,graduate,0.9975,-0.00247,0.0
female,nh_aian,nh_nhpi,graduate,hs_or_less,0.9996,-0.00045,0.1
female,nh_aian,nh_nhpi,graduate,some_college,0.9969,-0.00309,0.0
female,nh_aian,nh_nhpi,graduate,bachelors,0.9964,-0.00362,0.0
female,nh_aian,nh_nhpi,graduate,graduate,0.9974,-0.0026,0.0
female,nh_aian,nh_twoplus,hs_or_less,hs_or_less,1.0468,0.04576,21.3
female,nh_aian,nh_twoplus,hs_or_less,some_college,0.9552,-0.04589,8.5
female,nh_aian,nh_twoplus,hs_or_less,bachelors,0.9795,-0.02076,3.3
female,nh_aian,nh_twoplus,hs_or_less,graduate,0.9672,-0.03332,0.0
female,nh_aian,nh_twoplus,some_college,hs_or_less,1.0859,0.08237,15.8
female,nh_aian,nh_twoplus,some_college,some_college,1.0694,0.06712,23.1
female,nh_aian,nh_twoplus,some_college,bachelors,1.0073,0.00723,7.3
female,nh_aian,nh_twoplus,some_college,graduate,0.9668,-0.03379,0.8
female,nh_aian,nh_twoplus,bachelors,hs_or_less,1.1055,0.10029,6.6
female,nh_aian,nh_twoplus,bachelors,some_college,1.0561,0.05459,7.4
female,nh_aian,nh_twoplus,bachelors,bachelors,0.8862,-0.12079,1.8
female,nh_aian,nh_twoplus,bachelors,graduate,0.9637,-0.03697,0.9
female,nh_aian,nh_twoplus,graduate,hs_or_less,0.9941,-0.00593,0.5
female,nh_aian,nh_twoplus,graduate,some_college,1.0208,0.02061,2.4
female,nh_aian,nh_twoplus,graduate,bachelors,0.9617,-0.03902,1.1
female,nh_aian,nh_twoplus,graduate,graduate,0.9593,-0.04152,0.9
female,nh_aian,nh_other,hs_or_less,hs_or_less,1.0104,0.01039,1.1
female,nh_aian,nh_other,hs_or_less,some_college,1.0033,0.00332,0.5
female,nh_aian,nh_other,hs_or_less,bachelors,0.9962,-0.00384,0.0
female,nh_aian,nh_other,hs_or_less,graduate,0.9982,-0.00183,0.0
female,nh_aian,nh_other,some_college,hs_or_less,0.9987,-0.00131,0.4
female,nh_aian,nh_other,some_college,some_college,0.9889,-0.01118,0.2
female,nh_aian,nh_other,some_college,bachelors,0.9921,-0.00794,0.0
female,nh_aian,nh_other,some_college,graduate,0.9987,-0.00134,0.1
female,nh_aian,nh_other,bachelors,hs_or_less,1.0127,0.01261,0.6
female,nh_aian,nh_other,bachelors,some_college,0.9954,-0.00466,0.0
female,nh_aian,nh_other,bachelors,bachelors,0.992,-0.00808,0.0
female,nh_aian,nh_other,bachelors,graduate,0.996,-0.00406,0.0
female,nh_aian,nh_other,graduate,hs_or_less,0.9992,-0.00084,0.0
female,nh_aian,nh_other,graduate,some_college,1.0239,0.02359,1.0
female,nh_aian,nh_other,graduate,bachelors,0.9992,-0.00084,0.1
female,nh_aian,nh_other,graduate,graduate,0.996,-0.004,0.0
female,nh_nhpi,hispanic,hs_or_less,hs_or_less,0.9473,-0.05415,35.1
female,nh_nhpi,hispanic,hs_or_less,some_college,1.1019,0.09703,16.3
female,nh_nhpi,hispanic,hs_or_less,bachelors,0.975,-0.02528,2.4
female,nh_nhpi,hispanic,hs_or_less,graduate,0.9781,-0.02218,0.1
female,nh_nhpi,hispanic,some_college,hs_or_less,0.9202,-0.0832,17.0
female,nh_nhpi,hispanic,some_college,some_college,1.1444,0.13487,25.0
female,nh_nhpi,hispanic,some_college,bachelors,1.0595,0.05776,7.1
female,nh_nhpi,hispanic,some_college,graduate,0.9932,-0.00687,1.1
female,nh_nhpi,hispanic,bachelors,hs_or_less,0.9243,-0.07868,2.3
female,nh_nhpi,hispanic,bachelors,some_college,1.0656,0.06354,8.2
female,nh_nhpi,hispanic,bachelors,bachelors,0.9004,-0.10494,1.1
female,nh_nhpi,hispanic,bachelors,graduate,0.975,-0.02535,0.8
female,nh_nhpi,hispanic,graduate,hs_or_less,0.9774,-0.02288,1.0
female,nh_nhpi,hispanic,graduate,some_college,1.0031,0.00307,1.9
female,nh_nhpi,hispanic,graduate,bachelors,1.015,0.01488,2.9
female,nh_nhpi,hispanic,graduate,graduate,1.0537,0.05233,4.2
female,nh_nhpi,nh_white,hs_or_less,hs_or_less,0.7963,-0.22777,31.0
female,nh_nhpi,nh_white,hs_or_less,some_college,0.8914,-0.11491,18.7
female,nh_nhpi,nh_white,hs_or_less,bachelors,0.885,-0.1222,7.3
female,nh_nhpi,nh_white,hs_or_less,graduate,0.9498,-0.0515,2.1
female,nh_nhpi,nh_white,some_college,hs_or_less,1.2243,0.20234,43.1
female,nh_nhpi,nh_white,some_college,some_college,0.9334,-0.06894,36.0
female,nh_nhpi,nh_white,some_college,bachelors,0.8967,-0.10909,12.8
female,nh_nhpi,nh_white,some_college,graduate,1.1256,0.11834,11.5
female,nh_nhpi,nh_white,bachelors,hs_or_less,1.2026,0.18446,15.9
female,nh_nhpi,nh_white,bachelors,some_college,1.1441,0.13461,19.6
female,nh_nhpi,nh_white,bachelors,bachelors,0.8931,-0.11306,15.8
female,nh_nhpi,nh_white,bachelors,graduate,0.9773,-0.02301,6.9
female,nh_nhpi,nh_white,graduate,hs_or_less,1.1254,0.11817,7.3
female,nh_nhpi,nh_white,graduate,some_college,1.1597,0.14819,10.9
female,nh_nhpi,nh_white,graduate,bachelors,1.0143,0.01419,10.0
female,nh_nhpi,nh_white,graduate,graduate,0.914,-0.08987,4.9
female,nh_nhpi,nh_black,hs_or_less,hs_or_less,0.9292,-0.07341,16.1
female,nh_nhpi,nh_black,hs_or_less,some_college,1.0998,0.09514,12.8
female,nh_nhpi,nh_black,hs_or_less,bachelors,0.9469,-0.05456,0.1
female,nh_nhpi,nh_black,hs_or_less,graduate,1.0228,0.02257,1.6
female,nh_nhpi,nh_black,some_college,hs_or_less,1.0353,0.03468,13.4
female,nh_nhpi,nh_black,some_college,some_college,0.8989,-0.10654,7.9
female,nh_nhpi,nh_black,some_college,bachelors,1.019,0.01879,4.0
female,nh_nhpi,nh_black,some_college,graduate,0.9758,-0.0245,0.1
female,nh_nhpi,nh_black,bachelors,hs_or_less,1.0752,0.07248,6.0
female,nh_nhpi,nh_black,bachelors,some_college,1.008,0.00792,4.5
female,nh_nhpi,nh_black,bachelors,bachelors,1.0115,0.01147,4.4
female,nh_nhpi,nh_black,bachelors,graduate,1.0456,0.04463,3.2
female,nh_nhpi,nh_black,graduate,hs_or_less,1.0439,0.04298,2.7
female,nh_nhpi,nh_black,graduate,some_college,0.9808,-0.01944,0.7
female,nh_nhpi,nh_black,graduate,bachelors,0.9684,-0.03211,0.4
female,nh_nhpi,nh_black,graduate,graduate,0.9607,-0.04012,0.1
female,nh_nhpi,nh_asian,hs_or_less,hs_or_less,0.9708,-0.02967,3.7
female,nh_nhpi,nh_asian,hs_or_less,some_college,0.9942,-0.00584,2.9
female,nh_nhpi,nh_asian,hs_or_less,bachelors,0.9444,-0.05717,0.8
female,nh_nhpi,nh_asian,hs_or_less,graduate,1.0224,0.0222,2.6
female,nh_nhpi,nh_asian,some_college,hs_or_less,1.0325,0.03203,4.1
female,nh_nhpi,nh_asian,some_college,some_college,1.0158,0.01566,5.4
female,nh_nhpi,nh_asian,some_college,bachelors,1.0148,0.01467,4.7
female,nh_nhpi,nh_asian,some_college,graduate,0.9456,-0.05593,0.1
female,nh_nhpi,nh_asian,bachelors,hs_or_less,1.0432,0.0423,2.4
female,nh_nhpi,nh_asian,bachelors,some_college,1.0582,0.05661,3.7
female,nh_nhpi,nh_asian,bachelors,bachelors,0.9651,-0.03549,3.5
female,nh_nhpi,nh_asian,bachelors,graduate,0.9631,-0.03757,1.5
female,nh_nhpi,nh_asian,graduate,hs_or_less,1.0223,0.02203,1.1
female,nh_nhpi,nh_asian,graduate,some_college,0.9876,-0.01249,0.0
female,nh_nhpi,nh_asian,graduate,bachelors,1.0197,0.01953,2.7
female,nh_nhpi,nh_asian,graduate,graduate,1.0092,0.00913,3.4
female,nh_nhpi,nh_aian,hs_or_less,hs_or_less,0.9848,-0.01532,0.0
female,nh_nhpi,nh_aian,hs_or_less,some_college,0.9949,-0.00511,0.0
female,nh_nhpi,nh_aian,hs_or_less,bachelors,0.999,-0.00103,0.0
female,nh_nhpi,nh_aian,hs_or_less,graduate,0.9996,-0.00038,0.0
female,nh_nhpi,nh_aian,some_college,hs_or_less,0.9912,-0.00888,0.0
female,nh_nhpi,nh_aian,some_college,some_college,1.0054,0.00541,0.6
female,nh_nhpi,nh_aian,some_college,bachelors,0.9985,-0.00149,0.0
female,nh_nhpi,nh_aian,some_college,graduate,0.9995,-0.00055,0.0
female,nh_nhpi,nh_aian,bachelors,hs_or_less,1.0103,0.01027,0.5
female,nh_nhpi,nh_aian,bachelors,some_college,0.997,-0.00298,0.0
female,nh_nhpi,nh_aian,bachelors,bachelors,1.0094,0.00941,0.4
female,nh_nhpi,nh_aian,bachelors,graduate,0.9993,-0.0007,0.0
female,nh_nhpi,nh_aian,graduate,hs_or_less,0.9992,-0.00082,0.0
female,nh_nhpi,nh_aian,graduate,some_college,1.0098,0.0098,0.4
female,nh_nhpi,nh_aian,graduate,bachelors,1.0029,0.00292,0.1
female,nh_nhpi,nh_aian,graduate,graduate,0.9995,-0.00055,0.0
female,nh_nhpi,nh_nhpi,hs_or_less,hs_or_less,1.5578,0.44329,251.5
female,nh_nhpi,nh_nhpi,hs_or_less,some_college,1.1605,0.14888,70.2
female,nh_nhpi,nh_nhpi,hs_or_less,bachelors,0.9108,-0.0934,10.7
female,nh_nhpi,nh_nhpi,hs_or_less,graduate,1.0448,0.04382,5.7
female,nh_nhpi,nh_nhpi,some_college,hs_or_less,1.0343,0.03371,87.1
female,nh_nhpi,nh_nhpi,some_college,some_college,0.9477,-0.05376,80.1
female,nh_nhpi,nh_nhpi,some_college,bachelors,0.8909,-0.11549,14.6
female,nh_nhpi,nh_nhpi,some_college,graduate,0.9552,-0.04585,3.5
female,nh_nhpi,nh_nhpi,bachelors,hs_or_less,1.2668,0.23651,36.2
female,nh_nhpi,nh_nhpi,bachelors,some_college,0.8578,-0.15336,17.5
female,nh_nhpi,nh_nhpi,bachelors,bachelors,0.8337,-0.18191,14.4
female,nh_nhpi,nh_nhpi,bachelors,graduate,0.8926,-0.11366,2.0
female,nh_nhpi,nh_nhpi,graduate,hs_or_less,1.1483,0.1383,13.4
female,nh_nhpi,nh_nhpi,graduate,some_college,0.9079,-0.09657,4.9
female,nh_nhpi,nh_nhpi,graduate,bachelors,0.8465,-0.16667,2.6
female,nh_nhpi,nh_nhpi,graduate,graduate,0.9759,-0.0244,6.9
female,nh_nhpi,nh_twoplus,hs_or_less,hs_or_less,1.1356,0.12714,18.7
female,nh_nhpi,nh_twoplus,hs_or_less,some_college,1.0454,0.04438,9.1
female,nh_nhpi,nh_twoplus,hs_or_less,bachelors,0.9424,-0.05928,0.5
female,nh_nhpi,nh_twoplus,hs_or_less,graduate,0.9803,-0.01992,0.1
female,nh_nhpi,nh_twoplus,some_college,hs_or_less,1.0084,0.00836,7.0
female,nh_nhpi,nh_twoplus,some_college,some_college,0.9275,-0.07522,7.3
female,nh_nhpi,nh_twoplus,some_college,bachelors,1.0284,0.02801,5.1
female,nh_nhpi,nh_twoplus,some_college,graduate,1.0258,0.0255,2.3
female,nh_nhpi,nh_twoplus,bachelors,hs_or_less,0.9877,-0.01235,1.2
female,nh_nhpi,nh_twoplus,bachelors,some_college,1.0958,0.09151,7.2
female,nh_nhpi,nh_twoplus,bachelors,bachelors,0.9234,-0.07967,1.4
female,nh_nhpi,nh_twoplus,bachelors,graduate,1.0066,0.0066,1.9
female,nh_nhpi,nh_twoplus,graduate,hs_or_less,0.9863,-0.01382,0.0
female,nh_nhpi,nh_twoplus,graduate,some_college,0.988,-0.01205,0.7
female,nh_nhpi,nh_twoplus,graduate,bachelors,0.9876,-0.01251,1.4
female,nh_nhpi,nh_twoplus,graduate,graduate,0.9544,-0.04669,0.0
female,nh_nhpi,nh_other,hs_or_less,hs_or_less,0.9932,-0.00683,0.1
female,nh_nhpi,nh_other,hs_or_less,some_college,0.9954,-0.00462,0.0
female,nh_nhpi,nh_other,hs_or_less,bachelors,1.0005,0.00048,0.1
female,nh_nhpi,nh_other,hs_or_less,graduate,0.9989,-0.0011,0.0
female,nh_nhpi,nh_other,some_college,hs_or_less,1.0231,0.02281,1.1
female,nh_nhpi,nh_other,some_college,some_college,1.0082,0.00821,0.6
female,nh_nhpi,nh_other,some_college,bachelors,0.9967,-0.00326,0.0
female,nh_nhpi,nh_other,some_college,graduate,0.9984,-0.00156,0.0
female,nh_nhpi,nh_other,bachelors,hs_or_less,0.9987,-0.00129,0.0
female,nh_nhpi,nh_other,bachelors,some_college,0.9977,-0.00228,0.0
female,nh_nhpi,nh_other,bachelors,bachelors,0.996,-0.004,0.0
female,nh_nhpi,nh_other,bachelors,graduate,0.998,-0.00202,0.0
female,nh_nhpi,nh_other,graduate,hs_or_less,0.9996,-0.00043,0.0
female,nh_nhpi,nh_other,graduate,some_college,0.9992,-0.00083,0.0
female,nh_nhpi,nh_other,graduate,bachelors,0.9991,-0.00094,0.0
female,nh_nhpi,nh_other,graduate,graduate,0.9977,-0.00233,0.0
female,nh_twoplus,hispanic,hs_or_less,hs_or_less,0.8307,-0.18547,491.6
female,nh_twoplus,hispanic,hs_or_less,some_college,0.8745,-0.13406,147.8
female,nh_twoplus,hispanic,hs_or_less,bachelors,1.1185,0.112,60.9
female,nh_twoplus,hispanic,hs_or_less,graduate,0.9401,-0.06177,11.5
female,nh_twoplus,hispanic,some_college,hs_or_less,0.765,-0.26789,430.6
female,nh_twoplus,hispanic,some_college,some_college,1.0716,0.06918,507.6
female,nh_twoplus,hispanic,some_college,bachelors,1.2967,0.25979,171.5
female,nh_twoplus,hispanic,some_college,graduate,1.1475,0.13755,46.4
female,nh_twoplus,hispanic,bachelors,hs_or_less,0.7696,-0.26183,175.6
female,nh_twoplus,hispanic,bachelors,some_college,1.0307,0.03019,245.6
female,nh_twoplus,hispanic,bachelors,bachelors,1.2069,0.18808,306.4
female,nh_twoplus,hispanic,bachelors,graduate,1.1484,0.13838,94.2
female,nh_twoplus,hispanic,graduate,hs_or_less,0.7767,-0.25276,64.9
female,nh_twoplus,hispanic,graduate,some_college,1.1324,0.12434,111.1
female,nh_twoplus,hispanic,graduate,bachelors,1.1027,0.09779,139.1
female,nh_twoplus,hispanic,graduate,graduate,1.0051,0.00505,106.0
female,nh_twoplus,nh_white,hs_or_less,hs_or_less,1.0297,0.02931,1460.9
female,nh_twoplus,nh_white,hs_or_less,some_college,0.9344,-0.0679,675.8
female,nh_twoplus,nh_white,hs_or_less,bachelors,0.8746,-0.13403,313.9
female,nh_twoplus,nh_white,hs_or_less,graduate,0.7347,-0.30825,74.3
female,nh_twoplus,nh_white,some_college,hs_or_less,1.0394,0.03861,1378.4
female,nh_twoplus,nh_white,some_college,some_college,0.9264,-0.07642,1783.4
female,nh_twoplus,nh_white,some_college,bachelors,0.9525,-0.04872,840.0
female,nh_twoplus,nh_white,some_college,graduate,0.8935,-0.11261,244.0
female,nh_twoplus,nh_white,bachelors,hs_or_less,1.0545,0.05309,561.3
female,nh_twoplus,nh_white,bachelors,some_college,1.1221,0.11522,1050.9
female,nh_twoplus,nh_white,bachelors,bachelors,1.215,0.19472,2078.0
female,nh_twoplus,nh_white,bachelors,graduate,1.1844,0.16921,692.1
female,nh_twoplus,nh_white,graduate,hs_or_less,0.9146,-0.08923,192.7
female,nh_twoplus,nh_white,graduate,some_college,1.0374,0.03671,409.8
female,nh_twoplus,nh_white,graduate,bachelors,1.1237,0.1166,969.5
female,nh_twoplus,nh_white,graduate,graduate,1.0802,0.07715,867.8
female,nh_twoplus,nh_black,hs_or_less,hs_or_less,0.9331,-0.06926,421.8
female,nh_twoplus,nh_black,hs_or_less,some_college,0.9485,-0.05284,173.7
female,nh_twoplus,nh_black,hs_or_less,bachelors,1.1034,0.0984,58.1
female,nh_twoplus,nh_black,hs_or_less,graduate,1.0037,0.00367,16.7
female,nh_twoplus,nh_black,some_college,hs_or_less,1.1754,0.16161,514.4
female,nh_twoplus,nh_black,some_college,some_college,1.0049,0.00493,503.6
female,nh_twoplus,nh_black,some_college,bachelors,1.1687,0.1559,147.7
female,nh_twoplus,nh_black,some_college,graduate,1.0378,0.03713,42.7
female,nh_twoplus,nh_black,bachelors,hs_or_less,0.7524,-0.28444,123.2
female,nh_twoplus,nh_black,bachelors,some_college,0.9295,-0.07307,230.1
female,nh_twoplus,nh_black,bachelors,bachelors,0.855,-0.1566,198.3
female,nh_twoplus,nh_black,bachelors,graduate,0.889,-0.11771,70.4
female,nh_twoplus,nh_black,graduate,hs_or_less,1.209,0.18983,94.1
female,nh_twoplus,nh_black,graduate,some_college,1.1173,0.11092,121.5
female,nh_twoplus,nh_black,graduate,bachelors,1.051,0.04971,131.1
female,nh_twoplus,nh_black,graduate,graduate,0.9425,-0.0592,109.5
female,nh_twoplus,nh_asian,hs_or_less,hs_or_less,1.1132,0.1072,56.8
female,nh_twoplus,nh_asian,hs_or_less,some_college,1.021,0.02082,31.4
female,nh_twoplus,nh_asian,hs_or_less,bachelors,0.7944,-0.23019,13.5
female,nh_twoplus,nh_asian,hs_or_less,graduate,0.8953,-0.11056,9.3
female,nh_twoplus,nh_asian,some_college,hs_or_less,0.8853,-0.1218,34.8
female,nh_twoplus,nh_asian,some_college,some_college,1.136,0.12753,95.0
female,nh_twoplus,nh_asian,some_college,bachelors,1.0059,0.00593,68.9
female,nh_twoplus,nh_asian,some_college,graduate,0.8908,-0.11563,28.2
female,nh_twoplus,nh_asian,bachelors,hs_or_less,1.1957,0.17875,28.5
female,nh_twoplus,nh_asian,bachelors,some_college,0.9896,-0.01046,38.1
female,nh_twoplus,nh_asian,bachelors,bachelors,1.1713,0.15812,164.4
female,nh_twoplus,nh_asian,bachelors,graduate,1.0277,0.02734,85.2
female,nh_twoplus,nh_asian,graduate,hs_or_less,1.0986,0.09405,11.4
female,nh_twoplus,nh_asian,graduate,some_college,1.0717,0.06921,19.0
female,nh_twoplus,nh_asian,graduate,bachelors,0.9615,-0.03927,59.9
female,nh_twoplus,nh_asian,graduate,graduate,0.8512,-0.16115,80.3
female,nh_twoplus,nh_aian,hs_or_less,hs_or_less,1.0144,0.01431,21.1
female,nh_twoplus,nh_aian,hs_or_less,some_college,1.1535,0.14278,13.7
female,nh_twoplus,nh_aian,hs_or_less,bachelors,0.9929,-0.00708,1.0
female,nh_twoplus,nh_aian,hs_or_less,graduate,0.9972,-0.00277,0.3
female,nh_twoplus,nh_aian,some_college,hs_or_less,1.1472,0.13729,27.4
female,nh_twoplus,nh_aian,some_college,some_college,0.9147,-0.08918,14.3
female,nh_twoplus,nh_aian,some_college,bachelors,1.0286,0.02821,4.2
female,nh_twoplus,nh_aian,some_college,graduate,0.9997,-0.00027,1.1
female,nh_twoplus,nh_aian,bachelors,hs_or_less,0.87,-0.1393,1.6
female,nh_twoplus,nh_aian,bachelors,some_college,0.9727,-0.02765,8.4
female,nh_twoplus,nh_aian,bachelors,bachelors,1.1322,0.12415,11.3
female,nh_twoplus,nh_aian,bachelors,graduate,1.0126,0.01253,2.7
female,nh_twoplus,nh_aian,graduate,hs_or_less,0.9368,-0.06534,0.5
female,nh_twoplus,nh_aian,graduate,some_college,0.9915,-0.00855,3.8
female,nh_twoplus,nh_aian,graduate,bachelors,0.9303,-0.07222,0.1
female,nh_twoplus,nh_aian,graduate,graduate,0.9542,-0.04693,1.2
female,nh_twoplus,nh_nhpi,hs_or_less,hs_or_less,1.0742,0.07156,16.3
female,nh_twoplus,nh_nhpi,hs_or_less,some_college,0.9703,-0.03019,3.3
female,nh_twoplus,nh_nhpi,hs_or_less,bachelors,1.0126,0.01255,1.8
female,nh_twoplus,nh_nhpi,hs_or_less,graduate,0.9916,-0.00841,0.0
female,nh_twoplus,nh_nhpi,some_college,hs_or_less,1.0323,0.03182,13.7
female,nh_twoplus,nh_nhpi,some_college,some_college,0.9729,-0.0275,11.2
female,nh_twoplus,nh_nhpi,some_college,bachelors,1.0084,0.00838,3.5
female,nh_twoplus,nh_nhpi,some_college,graduate,0.9901,-0.00997,0.4
female,nh_twoplus,nh_nhpi,bachelors,hs_or_less,1.0552,0.05375,7.3
female,nh_twoplus,nh_nhpi,bachelors,some_college,0.9905,-0.00952,6.0
female,nh_twoplus,nh_nhpi,bachelors,bachelors,0.9613,-0.03946,4.4
female,nh_twoplus,nh_nhpi,bachelors,graduate,0.9634,-0.03724,0.1
female,nh_twoplus,nh_nhpi,graduate,hs_or_less,1.0687,0.06643,4.6
female,nh_twoplus,nh_nhpi,graduate,some_college,0.9682,-0.03234,1.3
female,nh_twoplus,nh_nhpi,graduate,bachelors,0.9394,-0.06251,0.6
female,nh_twoplus,nh_nhpi,graduate,graduate,1.0127,0.01262,2.7
female,nh_twoplus,nh_twoplus,hs_or_less,hs_or_less,1.6067,0.47416,1308.0
female,nh_twoplus,nh_twoplus,hs_or_less,some_college,0.9809,-0.01933,452.2
female,nh_twoplus,nh_twoplus,hs_or_less,bachelors,1.0666,0.0645,198.7
female,nh_twoplus,nh_twoplus,hs_or_less,graduate,1.0647,0.06266,63.6
female,nh_twoplus,nh_twoplus,some_college,hs_or_less,1.0864,0.08288,824.3
female,nh_twoplus,nh_twoplus,some_college,some_college,0.8063,-0.21529,993.4
female,nh_twoplus,nh_twoplus,some_college,bachelors,0.795,-0.22945,350.6
female,nh_twoplus,nh_twoplus,some_college,graduate,0.9155,-0.08826,123.9
female,nh_twoplus,nh_twoplus,bachelors,hs_or_less,1.1603,0.14865,367.0
female,nh_twoplus,nh_twoplus,bachelors,some_college,0.8759,-0.13253,539.5
female,nh_twoplus,nh_twoplus,bachelors,bachelors,0.9314,-0.0711,834.3
female,nh_twoplus,nh_twoplus,bachelors,graduate,0.9661,-0.0345,287.8
female,nh_twoplus,nh_twoplus,graduate,hs_or_less,1.0224,0.02211,122.4
female,nh_twoplus,nh_twoplus,graduate,some_college,0.8655,-0.14441,211.7
female,nh_twoplus,nh_twoplus,graduate,bachelors,0.9328,-0.06959,408.5
female,nh_twoplus,nh_twoplus,graduate,graduate,1.1556,0.14461,476.2
female,nh_twoplus,nh_other,hs_or_less,hs_or_less,1.166,0.15358,19.8
female,nh_twoplus,nh_other,hs_or_less,some_college,1.1183,0.11179,11.2
female,nh_twoplus,nh_other,hs_or_less,bachelors,0.9491,-0.05222,0.9
female,nh_twoplus,nh_other,hs_or_less,graduate,0.9826,-0.01758,0.7
female,nh_twoplus,nh_other,some_college,hs_or_less,0.9824,-0.01777,10.5
female,nh_twoplus,nh_other,some_college,some_college,1.0555,0.05404,19.8
female,nh_twoplus,nh_other,some_college,bachelors,0.9247,-0.07827,4.0
female,nh_twoplus,nh_other,some_college,graduate,1.1733,0.15978,10.1
female,nh_twoplus,nh_other,bachelors,hs_or_less,0.9627,-0.03798,3.1
female,nh_twoplus,nh_other,bachelors,some_college,0.8985,-0.10706,3.4
female,nh_twoplus,nh_other,bachelors,bachelors,0.9686,-0.03194,13.1
female,nh_twoplus,nh_other,bachelors,graduate,0.9781,-0.02216,6.3
female,nh_twoplus,nh_other,graduate,hs_or_less,1.0067,0.00667,2.1
female,nh_twoplus,nh_other,graduate,some_college,1.035,0.03436,5.0
female,nh_twoplus,nh_other,graduate,bachelors,0.9317,-0.07073,4.5
female,nh_twoplus,nh_other,graduate,graduate,0.919,-0.0845,6.1
female,nh_other,hispanic,hs_or_less,hs_or_less,0.8928,-0.11336,81.1
female,nh_other,hispanic,hs_or_less,some_college,0.9127,-0.09135,20.4
female,nh_other,hispanic,hs_or_less,bachelors,1.1044,0.09929,12.4
female,nh_other,hispanic,hs_or_less,graduate,1.0759,0.07317,5.4
female,nh_other,hispanic,some_college,hs_or_less,0.9447,-0.05694,51.4
female,nh_other,hispanic,some_college,some_college,1.1828,0.16785,59.2
female,nh_other,hispanic,some_college,bachelors,0.998,-0.00197,11.8
female,nh_other,hispanic,some_college,graduate,1.0887,0.08502,7.1
female,nh_other,hispanic,bachelors,hs_or_less,0.9495,-0.05179,25.0
female,nh_other,hispanic,bachelors,some_college,1.0221,0.02184,27.8
female,nh_other,hispanic,bachelors,bachelors,0.9357,-0.06648,22.8
female,nh_other,hispanic,bachelors,graduate,0.9374,-0.06465,6.1
female,nh_other,hispanic,graduate,hs_or_less,1.0052,0.00519,11.6
female,nh_other,hispanic,graduate,some_college,0.9966,-0.00345,10.7
female,nh_other,hispanic,graduate,bachelors,0.9711,-0.02935,12.6
female,nh_other,hispanic,graduate,graduate,1.0272,0.02683,13.8
female,nh_other,nh_white,hs_or_less,hs_or_less,0.7614,-0.27258,54.3
female,nh_other,nh_white,hs_or_less,some_college,0.8258,-0.19139,27.6
female,nh_other,nh_white,hs_or_less,bachelors,1.0968,0.09241,26.6
female,nh_other,nh_white,hs_or_less,graduate,1.0757,0.07293,10.7
female,nh_other,nh_white,some_college,hs_or_less,0.7534,-0.28318,25.7
female,nh_other,nh_white,some_college,some_college,0.9691,-0.03137,66.1
female,nh_other,nh_white,some_college,bachelors,1.055,0.05357,35.0
female,nh_other,nh_white,some_college,graduate,1.0534,0.05202,12.9
female,nh_other,nh_white,bachelors,hs_or_less,1.1812,0.16653,34.2
female,nh_other,nh_white,bachelors,some_college,1.0269,0.02653,42.6
female,nh_other,nh_white,bachelors,bachelors,1.1731,0.15967,88.1
female,nh_other,nh_white,bachelors,graduate,1.1182,0.11174,32.9
female,nh_other,nh_white,graduate,hs_or_less,1.079,0.07603,13.2
female,nh_other,nh_white,graduate,some_college,0.9637,-0.03693,15.2
female,nh_other,nh_white,graduate,bachelors,0.9309,-0.07164,31.6
female,nh_other,nh_white,graduate,graduate,1.0785,0.07558,41.0
female,nh_other,nh_black,hs_or_less,hs_or_less,0.9604,-0.04036,34.0
female,nh_other,nh_black,hs_or_less,some_college,1.1319,0.12385,21.3
female,nh_other,nh_black,hs_or_less,bachelors,1.0555,0.05399,6.2
female,nh_other,nh_black,hs_or_less,graduate,1.0091,0.0091,1.8
female,nh_other,nh_black,some_college,hs_or_less,0.9363,-0.06584,17.6
female,nh_other,nh_black,some_college,some_college,1.0717,0.06928,28.9
female,nh_other,nh_black,some_college,bachelors,1.0064,0.00641,6.1
female,nh_other,nh_black,some_college,graduate,1.0065,0.00645,2.3
female,nh_other,nh_black,bachelors,hs_or_less,1.0546,0.05315,13.2
female,nh_other,nh_black,bachelors,some_college,0.8917,-0.11466,8.6
female,nh_other,nh_black,bachelors,bachelors,0.9158,-0.08795,8.9
female,nh_other,nh_black,bachelors,graduate,1.1189,0.11234,10.0
female,nh_other,nh_black,graduate,hs_or_less,0.9878,-0.01225,3.8
female,nh_other,nh_black,graduate,some_college,0.9111,-0.09312,2.1
female,nh_other,nh_black,graduate,bachelors,1.0989,0.09434,11.4
female,nh_other,nh_black,graduate,graduate,0.8916,-0.11477,1.9
female,nh_other,nh_asian,hs_or_less,hs_or_less,1.0023,0.00235,3.4
female,nh_other,nh_asian,hs_or_less,some_college,0.9622,-0.03852,0.4
female,nh_other,nh_asian,hs_or_less,bachelors,0.9725,-0.02789,0.7
female,nh_other,nh_asian,hs_or_less,graduate,0.9895,-0.01056,0.6
female,nh_other,nh_asian,some_college,hs_or_less,0.9652,-0.03546,0.5
female,nh_other,nh_asian,some_college,some_college,1.0603,0.05857,5.7
female,nh_other,nh_asian,some_college,bachelors,0.9876,-0.01251,2.3
female,nh_other,nh_asian,some_college,graduate,0.9842,-0.01594,0.9
female,nh_other,nh_asian,bachelors,hs_or_less,0.9985,-0.0015,0.9
female,nh_other,nh_asian,bachelors,some_college,1.0598,0.05807,4.2
female,nh_other,nh_asian,bachelors,bachelors,0.9601,-0.04069,4.5
female,nh_other,nh_asian,bachelors,graduate,0.9446,-0.05697,1.5
female,nh_other,nh_asian,graduate,hs_or_less,0.9936,-0.00639,0.1
female,nh_other,nh_asian,graduate,some_college,1.0107,0.01059,1.2
female,nh_other,nh_asian,graduate,bachelors,1.0009,0.0009,3.3
female,nh_other,nh_asian,graduate,graduate,1.1229,0.11595,10.2
female,nh_other,nh_aian,hs_or_less,hs_or_less,0.9753,-0.02503,0.2
female,nh_other,nh_aian,hs_or_less,some_college,0.9933,-0.00677,0.2
female,nh_other,nh_aian,hs_or_less,bachelors,0.9981,-0.00186,0.0
female,nh_other,nh_aian,hs_or_less,graduate,1.0048,0.00475,0.2
female,nh_other,nh_aian,some_college,hs_or_less,1.0216,0.02141,1.5
female,nh_other,nh_aian,some_college,some_college,0.9827,-0.01749,0.0
female,nh_other,nh_aian,some_college,bachelors,1.011,0.01097,0.5
female,nh_other,nh_aian,some_college,graduate,1.0014,0.00143,0.1
female,nh_other,nh_aian,bachelors,hs_or_less,0.9929,-0.00716,0.1
female,nh_other,nh_aian,bachelors,some_college,1.0225,0.02225,1.3
female,nh_other,nh_aian,bachelors,bachelors,0.9937,-0.00635,0.0
female,nh_other,nh_aian,bachelors,graduate,1.0149,0.01478,0.7
female,nh_other,nh_aian,graduate,hs_or_less,0.9965,-0.00355,0.0
female,nh_other,nh_aian,graduate,some_college,0.996,-0.004,0.0
female,nh_other,nh_aian,graduate,bachelors,1.0002,0.00016,0.1
female,nh_other,nh_aian,graduate,graduate,0.9965,-0.00355,0.0
female,nh_other,nh_nhpi,hs_or_less,hs_or_less,0.9945,-0.00552,0.1
female,nh_other,nh_nhpi,hs_or_less,some_college,0.997,-0.00301,0.0
female,nh_other,nh_nhpi,hs_or_less,bachelors,0.9992,-0.00085,0.0
female,nh_other,nh_nhpi,hs_or_less,graduate,0.9998,-0.00023,0.0
female,nh_other,nh_nhpi,some_college,hs_or_less,0.995,-0.00504,0.0
female,nh_other,nh_nhpi,some_college,some_college,0.9948,-0.00524,0.0
female,nh_other,nh_nhpi,some_college,bachelors,0.9987,-0.00129,0.0
female,nh_other,nh_nhpi,some_college,graduate,0.9997,-0.00033,0.0
female,nh_other,nh_nhpi,bachelors,hs_or_less,0.9975,-0.00251,0.0
female,nh_other,nh_nhpi,bachelors,some_college,0.9968,-0.00316,0.0
female,nh_other,nh_nhpi,bachelors,bachelors,1.0215,0.0213,0.9
female,nh_other,nh_nhpi,bachelors,graduate,0.9992,-0.00082,0.0
female,nh_other,nh_nhpi,graduate,hs_or_less,1.0028,0.00281,0.1
female,nh_other,nh_nhpi,graduate,some_college,0.9987,-0.00134,0.0
female,nh_other,nh_nhpi,graduate,bachelors,1.0046,0.00461,0.2
female,nh_other,nh_nhpi,graduate,graduate,1.0006,0.00061,0.1
female,nh_other,nh_twoplus,hs_or_less,hs_or_less,0.9379,-0.06406,8.6
female,nh_other,nh_twoplus,hs_or_less,some_college,1.0053,0.00528,7.0
female,nh_other,nh_twoplus,hs_or_less,bachelors,1.0352,0.03457,4.1
female,nh_other,nh_twoplus,hs_or_less,graduate,0.9841,-0.01604,0.3
female,nh_other,nh_twoplus,some_college,hs_or_less,1.0463,0.04525,9.0
female,nh_other,nh_twoplus,some_college,some_college,1.0855,0.08203,15.5
female,nh_other,nh_twoplus,some_college,bachelors,0.9724,-0.02803,2.9
female,nh_other,nh_twoplus,some_college,graduate,1.1895,0.17357,8.2
female,nh_other,nh_twoplus,bachelors,hs_or_less,0.9606,-0.04024,1.8
female,nh_other,nh_twoplus,bachelors,some_college,0.9225,-0.08066,3.2
female,nh_other,nh_twoplus,bachelors,bachelors,0.9455,-0.05607,6.7
female,nh_other,nh_twoplus,bachelors,graduate,0.9553,-0.04572,1.5
female,nh_other,nh_twoplus,graduate,hs_or_less,0.9869,-0.0132,0.8
female,nh_other,nh_twoplus,graduate,some_college,1.0311,0.03065,4.1
female,nh_other,nh_twoplus,graduate,bachelors,0.9428,-0.05887,2.3
female,nh_other,nh_twoplus,graduate,graduate,1.032,0.03153,6.0
female,nh_other,nh_other,hs_or_less,hs_or_less,1.3514,0.30111,346.6
female,nh_other,nh_other,hs_or_less,some_college,0.8482,-0.16469,103.0
female,nh_other,nh_other,hs_or_less,bachelors,1.1706,0.15754,80.7
female,nh_other,nh_other,hs_or_less,graduate,1.0435,0.04255,34.1
female,nh_other,nh_other,some_college,hs_or_less,1.1016,0.09678,164.1
female,nh_other,nh_other,some_college,some_college,1.0,-3e-05,215.2
female,nh_other,nh_other,some_college,bachelors,0.8703,-0.13895,78.1
female,nh_other,nh_other,some_college,graduate,0.7938,-0.23091,27.0
female,nh_other,nh_other,bachelors,hs_or_less,1.1315,0.12358,86.3
female,nh_other,nh_other,bachelors,some_college,0.8637,-0.14652,104.9
female,nh_other,nh_other,bachelors,bachelors,1.0059,0.00592,222.1
female,nh_other,nh_other,bachelors,graduate,0.9763,-0.02394,110.6
female,nh_other,nh_other,graduate,hs_or_less,1.1394,0.13047,37.9
female,nh_other,nh_other,graduate,some_college,0.9324,-0.06996,48.2
female,nh_other,nh_other,graduate,bachelors,0.9413,-0.0605,108.8
female,nh_other,nh_other,graduate,graduate,0.9768,-0.02344,153.1
