sex_s,cohort,gap,raw_log_mult,smoothed_log_mult,gauged_log_mult
male,18-19,-52,-9.210340371976182,-9.210340371976182,-9.247710138699697
male,18-19,-51,-9.210340371976182,-9.210340371976182,-9.247710138699697
male,18-19,-50,-9.210340371976182,-9.210340371976182,-9.247710138699697
male,18-19,-49,-9.210340371976182,-9.210340371976182,-9.247710138699697
male,18-19,-48,-9.210340371976182,-9.210340371976182,-9.247710138699697
male,18-19,-47,-9.210340371976182,-9.210340371976182,-9.247710138699697
male,18-19,-46,-9.210340371976182,-9.210340371976182,-9.247710138699697
male,18-19,-45,-9.210340371976182,-9.210340371976182,-9.247710138699697
male,18-19,-44,-9.210340371976182,-9.210340371976182,-9.247710138699697
male,18-19,-43,-9.210340371976182,-9.210340371976182,-9.247710138699697
male,18-19,-42,-9.210340371976182,-9.210340371976182,-9.247710138699697
male,18-19,-41,-9.210340371976182,-9.210340371976182,-9.247710138699697
male,18-19,-40,-9.210340371976182,-9.210340371976182,-9.247710138699697
male,18-19,-39,-9.210340371976182,1.483595018529338,1.4462252518058232
male,18-19,-38,-9.210340371976182,1.483595018529398,1.4462252518058831
male,18-19,-37,-9.210340371976182,1.4835950185293982,1.4462252518058833
male,18-19,-36,-9.210340371976182,1.4835950185293987,1.4462252518058838
male,18-19,-35,-9.210340371976182,1.4835950185293996,1.4462252518058847
male,18-19,-34,-9.210340371976182,1.4835950185294018,1.446225251805887
male,18-19,-33,-9.210340371976182,1.483595018529408,1.4462252518058931
male,18-19,-32,-9.210340371976182,1.4835950185294247,1.4462252518059098
male,18-19,-31,-9.210340371976182,1.4835950185294708,1.446225251805956
male,18-19,-30,-9.210340371976182,1.4835950185295959,1.446225251806081
male,18-19,-29,-9.210340371976182,1.4835950185299356,1.4462252518064207
male,18-19,-28,-9.210340371976182,1.4835950185308595,1.4462252518073446
male,18-19,-27,-9.210340371976182,1.4835950185333706,1.4462252518098557
male,18-19,-26,-9.210340371976182,1.4835950185401965,1.4462252518166816
male,18-19,-25,-9.210340371976182,1.4835950185587514,1.4462252518352365
male,18-19,-24,-9.210340371976182,1.483595018609189,1.4462252518856742
male,18-19,-23,-9.210340371976182,1.4835950187462925,1.4462252520227776
male,18-19,-22,-9.210340371976182,1.483595019118979,1.4462252523954642
male,18-19,-21,-9.210340371976182,1.483595020132046,1.4462252534085311
male,18-19,-20,-9.210340371976182,1.4835950228858468,1.4462252561623319
male,18-19,-19,-9.210340371976182,1.4835950303714533,1.4462252636479385
male,18-19,-18,-9.210340371976182,1.4835950507194415,1.4462252839959266
male,18-19,-17,-9.210340371976182,1.4835951060310026,1.4462253393074878
male,18-19,-16,-9.210340371976182,1.4835952563833752,1.4462254896598603
male,18-19,-15,-9.210340371976182,1.4835956650832136,1.4462258983596987
male,18-19,-14,-9.210340371976182,1.4835967760424595,1.4462270093189447
male,18-19,-13,-9.210340371976182,1.4835997959272889,1.446230029203774
male,18-19,-12,-9.210340371976182,1.483608004710801,1.446238237987286
male,18-19,-11,-9.210340371976182,1.483630317651524,1.446260550928009
male,18-19,-10,-9.210340371976182,1.4836909642599234,1.4463211975364085
male,18-19,-9,-9.210340371976182,1.4838557726441084,1.4464860059205935
male,18-19,-8,-9.210340371976182,1.4843034272588354,1.4469336605353205
male,18-19,-7,-9.210340371976182,1.4855177643447475,1.4481479976212326
male,18-19,-6,-9.210340371976182,1.488800206207803,1.451430439484288
male,18-19,-5,-9.210340371976182,1.4975885112994876,1.4602187445759727
male,18-19,-4,-9.210340371976182,1.520526826726772,1.483157060003257
male,18-19,-3,-9.210340371976182,1.5765930752154698,1.5392233084919549
male,18-19,-2,-9.210340371976182,1.6935687162599053,1.6561989495363905
male,18-19,-1,1.483582901871628,1.8661101039386836,1.8287403372151687
male,18-19,0,2.2360659674109002,1.9745234293400773,1.9371536626165624
male,18-19,1,1.9634660436893594,1.8235841746371941,1.7862144079136792
male,18-19,2,0.9201893360083964,1.3276778298087408,1.290308063085226
male,18-19,3,0.27939536157738043,0.6036130501114789,0.566243283387964
male,18-19,4,-0.9478192563572052,-0.07753463931254986,-0.1149044060360647
male,18-19,5,-0.12622846550065892,-0.4247994470960408,-0.4621692138195556
male,18-19,6,-0.931489448107812,-0.7049807225178119,-0.7423504892413267
male,18-19,7,-1.1577667102326852,-1.1195699990947474,-1.1569397658182623
male,18-19,8,-2.0098097416633096,-1.4844260374785216,-1.5217958042020365
male,18-19,9,-1.2882526128916327,-1.7247569855071707,-1.7621267522306856
male,18-19,10,-9.210340371976182,-1.908783171773567,-1.946152938497082
male,18-19,11,-1.4652162314445882,-1.696010951887727,-1.733380718611242
male,18-19,12,-1.3286533852366718,-1.4746073359313578,-1.5119771026548727
male,18-19,13,-1.4478009921930814,-1.5213706561783784,-1.5587404229018933
male,18-19,14,-1.710326355036597,-1.8257189663163162,-1.8630887330398311
male,18-19,15,-3.3923784482210144,-2.3134607977475454,-2.3508305644710603
male,18-19,16,-2.3796159610678447,-2.6093101524381,-2.646679919161615
male,18-19,17,-2.860480818110545,-2.7042141934041797,-2.7415839601276946
male,18-19,18,-2.9749525171721167,-2.6210975170011026,-2.6584672837246175
male,18-19,19,-2.2394291631662395,-2.3551513628546052,-2.39252112957812
male,18-19,20,-1.9251358818672824,-2.2204615717003753,-2.25783133842389
male,18-19,21,-9.210340371976182,-1.9592561601900238,-1.9966259269135387
male,18-19,22,-0.8665424866681177,-1.6953362391144349,-1.7327060058379498
male,18-19,23,-9.210340371976182,-1.876970458607386,-1.914340225330901
male,18-19,24,-1.8712099532982358,-1.8779564437865475,-1.9153262105100624
male,18-19,25,-1.451053486727144,-1.6304648805870134,-1.6678346473105283
male,18-19,26,-1.433609915286641,-1.6178402645137853,-1.6552100312373002
male,18-19,27,-2.331959586215563,-1.7277944725768963,-1.7651642393004112
male,18-19,28,-1.3838928460017483,-1.7423163239492747,-1.7796860906727896
male,18-19,29,-2.1908895062421396,-1.8043482824617443,-1.8417180491852592
male,18-19,30,-1.6619457054427926,-1.8991545419138425,-1.9365243086373574
male,18-19,31,-2.001155987673721,-2.1625140049946094,-2.1998837717181243
male,18-19,32,-5.200323475101198,-2.4704748492428914,-2.5078446159664063
male,18-19,33,-2.011822088459302,-2.2186073409588754,-2.2559771076823902
male,18-19,34,-2.4392029182262056,-1.7211387326911205,-1.7585084994146354
male,18-19,35,-0.810649827458386,-1.5262740570938844,-1.5636438238173993
male,18-19,36,-3.742680282158738,-1.8425411067132205,-1.8799108734367354
male,18-19,37,-2.5786686027757333,-1.9481634057417805,-1.9855331724652954
male,18-19,38,-1.103344729073756,-1.8276904323636296,-1.8650601990871445
male,18-19,39,-7.443640394211937,-2.1640650613615193,-2.201434828085034
male,18-19,40,-2.0949917732961962,-2.5877360336292097,-2.6251058003527246
male,18-19,41,-3.3323222140688435,-3.0604647250135555,-3.0978344917370704
male,18-19,42,-9.210340371976182,-3.6798296898308323,-3.717199456554347
male,18-19,43,-3.1866248882329717,-3.8956094753727024,-3.9329792420962173
male,18-19,44,-9.210340371976182,-4.1063199342536185,-4.143689700977133
male,18-19,45,-3.7030909558511995,-4.161803960731731,-4.199173727455246
male,18-19,46,-9.210340371976182,-3.7580435538765067,-3.7954133206000216
male,18-19,47,-2.777237423896718,-3.299422790434381,-3.336792557157896
male,18-19,48,-3.0898958105149203,-3.3951858647554034,-3.4325556314789183
male,18-19,49,-9.210340371976182,-4.219406016311675,-4.25677578303519
male,18-19,50,-9.210340371976182,-5.826058238537576,-5.863428005261091
male,18-19,51,-9.210340371976182,-8.151439781734597,-8.188809548458112
male,18-19,52,-9.210340371976182,-9.210340371976182,-9.247710138699697
male,20-21,-52,-9.210340371976182,-9.210340371976182,-9.221107296192223
male,20-21,-51,-9.210340371976182,-9.210340371976182,-9.221107296192223
male,20-21,-50,-9.210340371976182,-9.210340371976182,-9.221107296192223
male,20-21,-49,-9.210340371976182,-9.210340371976182,-9.221107296192223
male,20-21,-48,-9.210340371976182,-9.210340371976182,-9.221107296192223
male,20-21,-47,-9.210340371976182,-9.210340371976182,-9.221107296192223
male,20-21,-46,-9.210340371976182,-9.210340371976182,-9.221107296192223
male,20-21,-45,-9.210340371976182,-9.210340371976182,-9.221107296192223
male,20-21,-44,-9.210340371976182,-9.210340371976182,-9.221107296192223
male,20-21,-43,-9.210340371976182,-9.210340371976182,-9.221107296192223
male,20-21,-42,-9.210340371976182,-9.210340371976182,-9.221107296192223
male,20-21,-41,-9.210340371976182,-9.210340371976182,-9.221107296192223
male,20-21,-40,-9.210340371976182,-9.210340371976182,-9.221107296192223
male,20-21,-39,-9.210340371976182,-9.210340371976182,-9.221107296192223
male,20-21,-38,-9.210340371976182,-9.210340371976182,-9.221107296192223
male,20-21,-37,-9.210340371976182,-9.210340371976182,-9.221107296192223
male,20-21,-36,-9.210340371976182,-9.210340371976182,-9.221107296192223
male,20-21,-35,-9.210340371976182,-9.210340371976182,-9.221107296192223
male,20-21,-34,-9.210340371976182,-9.210340371976182,-9.221107296192223
male,20-21,-33,-9.210340371976182,-9.210340371976182,-9.221107296192223
male,20-21,-32,-9.210340371976182,-9.210340371976182,-9.221107296192223
male,20-21,-31,-9.210340371976182,-9.210340371976182,-9.221107296192223
male,20-21,-30,-9.210340371976182,-9.210340371976182,-9.221107296192223
male,20-21,-29,-9.210340371976182,-9.210340371976182,-9.221107296192223
male,20-21,-28,-9.210340371976182,-9.210340371976182,-9.221107296192223
male,20-21,-27,-9.210340371976182,-9.210340371976182,-9.221107296192223
male,20-21,-26,-9.210340371976182,-9.210340371976182,-9.221107296192223
male,20-21,-25,-9.210340371976182,-9.210340371976182,-9.221107296192223
male,20-21,-24,-9.210340371976182,-9.210340371976182,-9.221107296192223
male,20-21,-23,-9.210340371976182,-9.210340371976182,-9.221107296192223
male,20-21,-22,-9.210340371976182,-0.4660989396594316,-0.4768658638754721
male,20-21,-21,-9.210340371976182,-0.46609893965941834,-0.4768658638754588
male,20-21,-20,-9.210340371976182,-0.46609893965941834,-0.4768658638754588
male,20-21,-19,-9.210340371976182,-0.46609893965941834,-0.4768658638754588
male,20-21,-18,-9.210340371976182,-0.46609893965941834,-0.4768658638754588
male,20-21,-17,-9.210340371976182,-0.4660989396594185,-0.476865863875459
male,20-21,-16,-9.210340371976182,-0.46609893965941834,-0.4768658638754588
male,20-21,-15,-9.210340371976182,-0.46609893965941834,-0.4768658638754588
male,20-21,-14,-9.210340371976182,-0.46609893965941834,-0.4768658638754588
male,20-21,-13,-9.210340371976182,-0.46609893965941834,-0.4768658638754588
male,20-21,-12,-9.210340371976182,-0.4660989396594182,-0.47686586387545865
male,20-21,-11,-9.210340371976182,-0.4660989396594118,-0.47686586387545227
male,20-21,-10,-9.210340371976182,-0.46609893965904586,-0.47686586387508634
male,20-21,-9,-9.210340371976182,-0.4660989396390704,-0.47686586385511087
male,20-21,-8,-9.210340371976182,-0.46609893854845447,-0.47686586276449494
male,20-21,-7,-9.210340371976182,-0.46609887900284336,-0.47686580321888383
male,20-21,-6,-9.210340371976182,-0.46609562793190457,-0.47686255214794504
male,20-21,-5,-9.210340371976182,-0.46591815311304285,-0.47668507732908333
male,20-21,-4,-9.210340371976182,-0.45630997513941746,-0.46707689935545793
male,20-21,-3,-0.46610217386000347,-0.09352847780997389,-0.10429540202601434
male,20-21,-2,0.8315091356847903,0.9453617550220316,0.9345948308059912
male,20-21,-1,1.810391822073226,1.7804541571820456,1.7696872329660052
male,20-21,0,2.147899456819596,2.076903817583743,2.0661368933677027
male,20-21,1,1.6837279187097596,1.6985886652895144,1.687821741073474
male,20-21,2,0.8689764875275299,0.959284275105375,0.9485173508893345
male,20-21,3,0.06561571255749879,0.17847221409516245,0.167705289879122
male,20-21,4,-0.20854975123064062,-0.20793040791227207,-0.21869733212831252
male,20-21,5,-0.649861908120586,-0.6256233947758438,-0.6363903189918843
male,20-21,6,-1.1380660378745886,-1.0923073335117832,-1.1030742577278236
male,20-21,7,-1.4247358810064885,-1.4353318046950014,-1.4460987289110419
male,20-21,8,-2.090360208299878,-1.9105535191912464,-1.9213204434072868
male,20-21,9,-1.4678471967401614,-1.5655316489920823,-1.5762985732081227
male,20-21,10,-2.0126675112164287,-1.9181127656177221,-1.9288796898337626
male,20-21,11,-1.851704232908092,-1.9292621713971736,-1.940029095613214
male,20-21,12,-2.6973726951045878,-2.543359896031371,-2.5541268202474114
male,20-21,13,-2.5362221017166413,-2.584608365936164,-2.5953752901522043
male,20-21,14,-2.8981620066670453,-2.841868467114081,-2.8526353913301215
male,20-21,15,-2.8095000310994322,-2.8825343938135544,-2.893301318029595
male,20-21,16,-3.725616443473289,-3.6100414455888727,-3.620808369804913
male,20-21,17,-4.308331587638445,-3.7356356947174345,-3.746402618933475
male,20-21,18,-2.2872796453616813,-2.451830300186293,-2.4625972244023333
male,20-21,19,-3.0616924614853938,-2.8529605862990968,-2.863727510515137
male,20-21,20,-2.344573830824589,-2.443042560262149,-2.4538094844781893
male,20-21,21,-2.790870366552206,-2.7746353994949433,-2.7854023237109837
male,20-21,22,-3.33980660978869,-3.324184829305996,-3.3349517535220365
male,20-21,23,-4.29894502615166,-4.040151763270447,-4.0509186874864875
male,20-21,24,-3.5463807875296163,-3.42174422654765,-3.4325111507636903
male,20-21,25,-2.5042393531063287,-2.5984647978540156,-2.609231722070056
male,20-21,26,-2.7024193014554476,-2.71635914795218,-2.7271260721682204
male,20-21,27,-3.130556040638639,-3.134992836491544,-3.1457597607075845
male,20-21,28,-3.9734624195252555,-3.702483330355686,-3.7132502545717263
male,20-21,29,-3.0388815424945452,-3.197073175226728,-3.2078400994427683
male,20-21,30,-4.548426681786217,-4.267090980145338,-4.277857904361379
male,20-21,31,-5.128644045258984,-4.955726954843959,-4.96649387906
male,20-21,32,-4.460321531158812,-4.6221036553953265,-4.632870579611367
male,20-21,33,-6.852958791978506,-5.6609766355236735,-5.671743559739714
male,20-21,34,-4.324272392299777,-4.1402377960520855,-4.151004720268126
male,20-21,35,-2.985884076752787,-3.188315801638362,-3.1990827258544026
male,20-21,36,-6.0622596159268625,-4.666898164652851,-4.677665088868892
male,20-21,37,-3.8465571539841044,-3.849214528937879,-3.8599814531539196
male,20-21,38,-3.2492694423862445,-3.4107982605415166,-3.421565184757557
male,20-21,39,-5.675467028836991,-5.012026107047412,-5.022793031263453
male,20-21,40,-9.210340371976182,-6.254478495715923,-6.265245419931964
male,20-21,41,-4.228453219688295,-4.42985413234133,-4.4406210565573705
male,20-21,42,-5.47667978523627,-4.8832350081104705,-4.894001932326511
male,20-21,43,-3.662884823453584,-3.8637842914047154,-3.8745512156207558
male,20-21,44,-5.761512005411178,-5.210599248983339,-5.22136617319938
male,20-21,45,-6.248838669411966,-5.4926823854495845,-5.503449309665625
male,20-21,46,-3.8428149605084174,-4.023450775100836,-4.034217699316877
male,20-21,47,-4.848879980242368,-4.769665529299573,-4.780432453515614
male,20-21,48,-9.210340371976182,-6.44519418785163,-6.455961112067671
male,20-21,49,-4.974970960897695,-5.144728259752861,-5.155495183968902
male,20-21,50,-9.210340371976182,-6.295404093029973,-6.3061710172460135
male,20-21,51,-9.210340371976182,-9.210340371976182,-9.221107296192223
male,20-21,52,-9.210340371976182,-9.210340371976182,-9.221107296192223
male,22-23,-52,-9.210340371976182,-9.210340371976182,-9.212229675522872
male,22-23,-51,-9.210340371976182,-9.210340371976182,-9.212229675522872
male,22-23,-50,-9.210340371976182,-9.210340371976182,-9.212229675522872
male,22-23,-49,-9.210340371976182,-9.210340371976182,-9.212229675522872
male,22-23,-48,-9.210340371976182,-9.210340371976182,-9.212229675522872
male,22-23,-47,-9.210340371976182,-9.210340371976182,-9.212229675522872
male,22-23,-46,-9.210340371976182,-9.210340371976182,-9.212229675522872
male,22-23,-45,-9.210340371976182,-9.210340371976182,-9.212229675522872
male,22-23,-44,-9.210340371976182,-9.210340371976182,-9.212229675522872
male,22-23,-43,-9.210340371976182,-9.210340371976182,-9.212229675522872
male,22-23,-42,-9.210340371976182,-9.210340371976182,-9.212229675522872
male,22-23,-41,-9.210340371976182,-9.210340371976182,-9.212229675522872
male,22-23,-40,-9.210340371976182,-9.210340371976182,-9.212229675522872
male,22-23,-39,-9.210340371976182,-9.210340371976182,-9.212229675522872
male,22-23,-38,-9.210340371976182,-9.210340371976182,-9.212229675522872
male,22-23,-37,-9.210340371976182,-9.210340371976182,-9.212229675522872
male,22-23,-36,-9.210340371976182,-9.210340371976182,-9.212229675522872
male,22-23,-35,-9.210340371976182,-9.210340371976182,-9.212229675522872
male,22-23,-34,-9.210340371976182,-9.210340371976182,-9.212229675522872
male,22-23,-33,-9.210340371976182,-9.210340371976182,-9.212229675522872
male,22-23,-32,-9.210340371976182,-9.210340371976182,-9.212229675522872
male,22-23,-31,-9.210340371976182,-9.210340371976182,-9.212229675522872
male,22-23,-30,-9.210340371976182,-9.210340371976182,-9.212229675522872
male,22-23,-29,-9.210340371976182,-9.210340371976182,-9.212229675522872
male,22-23,-28,-9.210340371976182,-9.210340371976182,-9.212229675522872
male,22-23,-27,-9.210340371976182,-9.210340371976182,-9.212229675522872
male,22-23,-26,-9.210340371976182,-9.210340371976182,-9.212229675522872
male,22-23,-25,-9.210340371976182,-9.210340371976182,-9.212229675522872
male,22-23,-24,-9.210340371976182,-2.33023234673919,-2.3321216502858806
male,22-23,-23,-9.210340371976182,-2.3302323467391206,-2.3321216502858113
male,22-23,-22,-9.210340371976182,-2.3302323467391206,-2.3321216502858113
male,22-23,-21,-9.210340371976182,-2.33023234673912,-2.332121650285811
male,22-23,-20,-9.210340371976182,-2.33023234673912,-2.332121650285811
male,22-23,-19,-9.210340371976182,-2.33023234673912,-2.332121650285811
male,22-23,-18,-9.210340371976182,-2.33023234673912,-2.332121650285811
male,22-23,-17,-9.210340371976182,-2.33023234673912,-2.332121650285811
male,22-23,-16,-9.210340371976182,-2.3302323467391206,-2.3321216502858113
male,22-23,-15,-9.210340371976182,-2.33023234673912,-2.332121650285811
male,22-23,-14,-9.210340371976182,-2.33023234673912,-2.332121650285811
male,22-23,-13,-9.210340371976182,-2.330232346739112,-2.332121650285803
male,22-23,-12,-9.210340371976182,-2.3302323467386743,-2.332121650285365
male,22-23,-11,-9.210340371976182,-2.3302323467147525,-2.3321216502614432
male,22-23,-10,-9.210340371976182,-2.3302323454086826,-2.3321216489553733
male,22-23,-9,-9.210340371976182,-2.330232274099691,-2.3321215776463817
male,22-23,-8,-9.210340371976182,-2.3302283807734474,-2.332117684320138
male,22-23,-7,-9.210340371976182,-2.330015850465177,-2.3319051540118676
male,22-23,-6,-9.210340371976182,-2.3185244315715967,-2.3204137351182874
male,22-23,-5,-2.3302372804537637,-1.9028388880979719,-1.9047281916446628
male,22-23,-4,-0.9642706227668267,-0.7981853268748306,-0.8000746304215215
male,22-23,-3,0.18362064804302783,0.26954429876546127,0.26765499521877034
male,22-23,-2,1.1328152264480844,1.160828623765652,1.158939320218961
male,22-23,-1,1.7875175027513028,1.7853412596479195,1.7834519561012285
male,22-23,0,2.198021640896814,2.110220991890126,2.1083316883434353
male,22-23,1,1.587834921260553,1.624562860079063,1.622673556532372
male,22-23,2,0.7419257786733723,0.8384474315101444,0.8365581279634535
male,22-23,3,0.06450873488691782,0.1383859680209526,0.13649666447426168
male,22-23,4,-0.34902709968317386,-0.32850974459351323,-0.33039904814020415
male,22-23,5,-0.8304281095990153,-0.7851422346601001,-0.7870315382067911
male,22-23,6,-1.1091965028213209,-1.0889437743991444,-1.0908330779458353
male,22-23,7,-1.2840020005245645,-1.3047333750254648,-1.3066226785721557
male,22-23,8,-1.8227714789190448,-1.7427505298977175,-1.7446398334444084
male,22-23,9,-1.8035593379978345,-1.7935238343587234,-1.7954131379054143
male,22-23,10,-1.6897360821399106,-1.7397558598509213,-1.7416451633976122
male,22-23,11,-2.1386132722176647,-2.0813663053245657,-2.0832556088712564
male,22-23,12,-2.1845469514859714,-2.203329718560433,-2.2052190221071237
male,22-23,13,-2.4578106708738834,-2.451826214898211,-2.4537155184449015
male,22-23,14,-2.803256383154255,-2.757539624897565,-2.759428928444256
male,22-23,15,-2.797617953965482,-2.833107591219597,-2.8349968947662876
male,22-23,16,-3.1977060150689867,-3.110883014873667,-3.1127723184203577
male,22-23,17,-2.898889960736912,-2.9600237207686946,-2.9619130243153853
male,22-23,18,-3.2648062965060167,-3.2301949963632244,-3.232084299909915
male,22-23,19,-3.3981364878933027,-3.4034073245769347,-3.4052966281236254
male,22-23,20,-3.6222228410649007,-3.4994800800909958,-3.5013693836376865
male,22-23,21,-2.930859864606344,-3.0452662697504524,-3.047155573297143
male,22-23,22,-3.6520943543082085,-3.5315530118984255,-3.533442315445116
male,22-23,23,-3.5378183893590363,-3.5261476825471356,-3.5280369860938263
male,22-23,24,-3.3379220682788575,-3.298133492613941,-3.300022796160632
male,22-23,25,-2.8907368060573115,-2.976277467308141,-2.978166770854832
male,22-23,26,-3.4086217905996596,-3.384991410969868,-3.386880714516559
male,22-23,27,-3.963935863426955,-3.7931366105943893,-3.79502591414108
male,22-23,28,-3.264082436783454,-3.3788092873851014,-3.380698590931792
male,22-23,29,-3.9988843222362647,-3.89242843547791,-3.8943177390246007
male,22-23,30,-4.032376750800312,-3.8982103630127294,-3.90009966655942
male,22-23,31,-3.2036960302591035,-3.3643763219226916,-3.3662656254693823
male,22-23,32,-5.006396978859342,-4.202325097492892,-4.204214401039583
male,22-23,33,-2.9838930118745925,-3.1893541662835854,-3.191243469830276
male,22-23,34,-4.904441422138527,-4.475554593830339,-4.4774438973770305
male,22-23,35,-5.864631816589753,-4.96927377590576,-4.9711630794524515
male,22-23,36,-3.31952662906419,-3.540589798106712,-3.5424791016534027
male,22-23,37,-5.803599003435344,-4.830650292462962,-4.832539596009653
male,22-23,38,-4.02934820873654,-4.229033156110658,-4.230922459657349
male,22-23,39,-6.148517854785331,-5.482517713263178,-5.484407016809869
male,22-23,40,-5.217639113391582,-5.40409548164171,-5.4059847851884015
male,22-23,41,-9.210340371976182,-6.5376741537122545,-6.539563457258946
male,22-23,42,-4.798375761994001,-5.01931907847265,-5.021208382019341
male,22-23,43,-6.793536525148781,-6.323991500591332,-6.3258808041380234
male,22-23,44,-8.821141958436703,-8.329528353592197,-8.331417657138887
male,22-23,45,-9.210340371976182,-7.085813683760226,-7.087702987306917
male,22-23,46,-4.8507674339504785,-5.092754009577167,-5.094643313123858
male,22-23,47,-9.210340371976182,-7.028585822599743,-7.030475126146434
male,22-23,48,-9.210340371976182,-9.210340371976182,-9.212229675522872
male,22-23,49,-9.210340371976182,-9.210340371976182,-9.212229675522872
male,22-23,50,-9.210340371976182,-9.210340371976182,-9.212229675522872
male,22-23,51,-9.210340371976182,-9.210340371976182,-9.212229675522872
male,22-23,52,-9.210340371976182,-9.210340371976182,-9.212229675522872
male,24-25,-52,-9.210340371976182,-9.210340371976182,-9.210676285917328
male,24-25,-51,-9.210340371976182,-9.210340371976182,-9.210676285917328
male,24-25,-50,-9.210340371976182,-9.210340371976182,-9.210676285917328
male,24-25,-49,-9.210340371976182,-9.210340371976182,-9.210676285917328
male,24-25,-48,-9.210340371976182,-9.210340371976182,-9.210676285917328
male,24-25,-47,-9.210340371976182,-9.210340371976182,-9.210676285917328
male,24-25,-46,-9.210340371976182,-9.210340371976182,-9.210676285917328
male,24-25,-45,-9.210340371976182,-9.210340371976182,-9.210676285917328
male,24-25,-44,-9.210340371976182,-9.210340371976182,-9.210676285917328
male,24-25,-43,-9.210340371976182,-9.210340371976182,-9.210676285917328
male,24-25,-42,-9.210340371976182,-9.210340371976182,-9.210676285917328
male,24-25,-41,-9.210340371976182,-9.210340371976182,-9.210676285917328
male,24-25,-40,-9.210340371976182,-9.210340371976182,-9.210676285917328
male,24-25,-39,-9.210340371976182,-9.210340371976182,-9.210676285917328
male,24-25,-38,-9.210340371976182,-9.210340371976182,-9.210676285917328
male,24-25,-37,-9.210340371976182,-9.210340371976182,-9.210676285917328
male,24-25,-36,-9.210340371976182,-9.210340371976182,-9.210676285917328
male,24-25,-35,-9.210340371976182,-9.210340371976182,-9.210676285917328
male,24-25,-34,-9.210340371976182,-9.210340371976182,-9.210676285917328
male,24-25,-33,-9.210340371976182,-9.210340371976182,-9.210676285917328
male,24-25,-32,-9.210340371976182,-9.210340371976182,-9.210676285917328
male,24-25,-31,-9.210340371976182,-9.210340371976182,-9.210676285917328
male,24-25,-30,-9.210340371976182,-9.210340371976182,-9.210676285917328
male,24-25,-29,-9.210340371976182,-9.210340371976182,-9.210676285917328
male,24-25,-28,-9.210340371976182,-9.210340371976182,-9.210676285917328
male,24-25,-27,-9.210340371976182,-9.210340371976182,-9.210676285917328
male,24-25,-26,-9.210340371976182,-9.210340371976182,-9.210676285917328
male,24-25,-25,-9.210340371976182,-9.210340371976182,-9.210676285917328
male,24-25,-24,-9.210340371976182,-9.210340371976182,-9.210676285917328
male,24-25,-23,-9.210340371976182,-9.210340371976182,-9.210676285917328
male,24-25,-22,-9.210340371976182,-9.210340371976182,-9.210676285917328
male,24-25,-21,-9.210340371976182,-9.210340371976182,-9.210676285917328
male,24-25,-20,-9.210340371976182,-3.6399121697599446,-3.640248083701092
male,24-25,-19,-9.210340371976182,-3.6399121697599446,-3.640248083701092
male,24-25,-18,-9.210340371976182,-3.6399121697599446,-3.640248083701092
male,24-25,-17,-9.210340371976182,-3.639912169759945,-3.6402480837010924
male,24-25,-16,-9.210340371976182,-3.6399121697599446,-3.640248083701092
male,24-25,-15,-9.210340371976182,-3.6399121697599446,-3.640248083701092
male,24-25,-14,-9.210340371976182,-3.6399121697599446,-3.640248083701092
male,24-25,-13,-9.210340371976182,-3.6399121697599446,-3.640248083701092
male,24-25,-12,-9.210340371976182,-3.6399121697599446,-3.640248083701092
male,24-25,-11,-9.210340371976182,-3.639912169759944,-3.6402480837010915
male,24-25,-10,-9.210340371976182,-3.639912169758328,-3.6402480836994755
male,24-25,-9,-9.210340371976182,-3.6399121640864025,-3.64024807802755
male,24-25,-8,-9.210340371976182,-3.639892258103686,-3.6402281720448335
male,24-25,-7,-3.639915079053306,-3.57424447059923,-3.5745803845403774
male,24-25,-6,-2.429211101231359,-2.400277216098839,-2.400613130039986
male,24-25,-5,-1.2477141484466343,-1.230877895022502,-1.2312138089636495
male,24-25,-4,-0.22485404431030082,-0.21572864902624184,-0.21606456296738913
male,24-25,-3,0.5778427341283321,0.5850141303203967,0.5846782163792494
male,24-25,-2,1.2839794400157982,1.2889842322192455,1.2886483182780981
male,24-25,-1,1.904554215993922,1.9009571032481836,1.9006211893070362
male,24-25,0,2.147329755281174,2.1365621354830098,2.1362262215418624
male,24-25,1,1.5438023986298048,1.5496296156874358,1.5492937017462884
male,24-25,2,0.7387704582819244,0.753326596017489,0.7529906820763417
male,24-25,3,0.13151282979584505,0.14045120829137225,0.14011529435022496
male,24-25,4,-0.32543075481307304,-0.31925543482646823,-0.3195913487676155
male,24-25,5,-0.6175727541354024,-0.6164314169554962,-0.6167673308966435
male,24-25,6,-0.9772375075585017,-0.97345756864735,-0.9737934825884973
male,24-25,7,-1.2626503047916786,-1.2603573403211767,-1.2606932542623241
male,24-25,8,-1.5249478232896385,-1.5212559220223778,-1.5215918359635252
male,24-25,9,-1.6257823928849071,-1.6221428602775614,-1.6224787742187088
male,24-25,10,-1.5150017330231706,-1.5252602576729315,-1.525596171614079
male,24-25,11,-2.309890763415653,-2.289615135344669,-2.2899510492858166
male,24-25,12,-2.351762617642474,-2.350928790692751,-2.3512647046338984
male,24-25,13,-2.345735898933947,-2.350436020537278,-2.3507719344784253
male,24-25,14,-2.684870486224795,-2.677922033828674,-2.6782579477698216
male,24-25,15,-2.6709526718715337,-2.6750628164694152,-2.6753987304105626
male,24-25,16,-2.949744149071754,-2.9402947458118964,-2.940630659753044
male,24-25,17,-2.720369958768686,-2.7284507783996825,-2.72878669234083
male,24-25,18,-3.058269665055405,-3.05407747788642,-3.0544133918275675
male,24-25,19,-3.225340234688219,-3.225765572573361,-3.2261014865145086
male,24-25,20,-3.471858763595813,-3.4659155112996527,-3.4662514252408
male,24-25,21,-3.3943258921372035,-3.4031327563307436,-3.403468670271891
male,24-25,22,-4.029416313754311,-4.002351821002557,-4.002687734943704
male,24-25,23,-3.458010990647967,-3.474777857160692,-3.4751137711018396
male,24-25,24,-4.31867948328849,-4.29906141347234,-4.299397327413487
male,24-25,25,-4.453775347397743,-4.45638373482086,-4.456719648762007
male,24-25,26,-4.8021390882712,-4.786653247130342,-4.78698916107149
male,24-25,27,-4.3657043478461794,-4.387487759340239,-4.387823673281386
male,24-25,28,-7.282943511474644,-6.846061546004052,-6.8463974599452
male,24-25,29,-4.4415005687059885,-4.455961899070813,-4.45629781301196
male,24-25,30,-4.395611283825706,-4.402056953782626,-4.402392867723774
male,24-25,31,-4.827358870413798,-4.831881914543052,-4.8322178284841995
male,24-25,32,-6.439365726453759,-6.315347780527325,-6.315683694468472
male,24-25,33,-4.824768274352395,-4.835926507902836,-4.836262421843983
male,24-25,34,-4.736487241973873,-4.75508825262808,-4.755424166569227
male,24-25,35,-9.210340371976182,-8.321483037980117,-8.321818951921264
male,24-25,36,-5.046267722325214,-5.052025996851006,-5.052361910792153
male,24-25,37,-4.550708458740165,-4.558068606731839,-4.558404520672986
male,24-25,38,-4.608137352601318,-4.619580818934996,-4.619916732876144
male,24-25,39,-6.033903852051305,-5.981256489597363,-5.98159240353851
male,24-25,40,-5.906301664695892,-5.865042603466708,-5.865378517407855
male,24-25,41,-4.58274651590575,-4.6042387811085375,-4.604574695049685
male,24-25,42,-5.404878484230596,-5.376875806208777,-5.3772117201499245
male,24-25,43,-5.03158708879876,-5.050237992839193,-5.050573906780341
male,24-25,44,-6.794671872295255,-6.732980481939524,-6.733316395880672
male,24-25,45,-9.210340371976182,-9.210340371976182,-9.210676285917328
male,24-25,46,-6.2236187221192045,-6.260512274562201,-6.260848188503348
male,24-25,47,-9.210340371976182,-6.223626482542717,-6.223962396483865
male,24-25,48,-9.210340371976182,-6.223615776381768,-6.223951690322916
male,24-25,49,-9.210340371976182,-6.2236157733312405,-6.223951687272388
male,24-25,50,-9.210340371976182,-6.223615773330371,-6.223951687271518
male,24-25,51,-9.210340371976182,-6.223615773330371,-6.223951687271518
male,24-25,52,-9.210340371976182,-6.223615773330371,-6.223951687271518
male,26-27,-52,-9.210340371976182,-9.210340371976182,-9.210659517845803
male,26-27,-51,-9.210340371976182,-9.210340371976182,-9.210659517845803
male,26-27,-50,-9.210340371976182,-9.210340371976182,-9.210659517845803
male,26-27,-49,-9.210340371976182,-9.210340371976182,-9.210659517845803
male,26-27,-48,-9.210340371976182,-9.210340371976182,-9.210659517845803
male,26-27,-47,-9.210340371976182,-9.210340371976182,-9.210659517845803
male,26-27,-46,-9.210340371976182,-9.210340371976182,-9.210659517845803
male,26-27,-45,-9.210340371976182,-9.210340371976182,-9.210659517845803
male,26-27,-44,-9.210340371976182,-9.210340371976182,-9.210659517845803
male,26-27,-43,-9.210340371976182,-9.210340371976182,-9.210659517845803
male,26-27,-42,-9.210340371976182,-9.210340371976182,-9.210659517845803
male,26-27,-41,-9.210340371976182,-9.210340371976182,-9.210659517845803
male,26-27,-40,-9.210340371976182,-9.210340371976182,-9.210659517845803
male,26-27,-39,-9.210340371976182,-9.210340371976182,-9.210659517845803
male,26-27,-38,-9.210340371976182,-9.210340371976182,-9.210659517845803
male,26-27,-37,-9.210340371976182,-9.210340371976182,-9.210659517845803
male,26-27,-36,-9.210340371976182,-9.210340371976182,-9.210659517845803
male,26-27,-35,-9.210340371976182,-9.210340371976182,-9.210659517845803
male,26-27,-34,-9.210340371976182,-9.210340371976182,-9.210659517845803
male,26-27,-33,-9.210340371976182,-9.210340371976182,-9.210659517845803
male,26-27,-32,-9.210340371976182,-9.210340371976182,-9.210659517845803
male,26-27,-31,-9.210340371976182,-9.210340371976182,-9.210659517845803
male,26-27,-30,-9.210340371976182,-9.210340371976182,-9.210659517845803
male,26-27,-29,-9.210340371976182,-9.210340371976182,-9.210659517845803
male,26-27,-28,-9.210340371976182,-9.210340371976182,-9.210659517845803
male,26-27,-27,-9.210340371976182,-9.210340371976182,-9.210659517845803
male,26-27,-26,-9.210340371976182,-9.210340371976182,-9.210659517845803
male,26-27,-25,-9.210340371976182,-9.210340371976182,-9.210659517845803
male,26-27,-24,-9.210340371976182,-9.210340371976182,-9.210659517845803
male,26-27,-23,-9.210340371976182,-9.210340371976182,-9.210659517845803
male,26-27,-22,-9.210340371976182,-4.872163689962374,-4.872482835831995
male,26-27,-21,-9.210340371976182,-4.872163689962374,-4.872482835831995
male,26-27,-20,-9.210340371976182,-4.872163689962374,-4.872482835831995
male,26-27,-19,-9.210340371976182,-4.872163689962374,-4.872482835831995
male,26-27,-18,-9.210340371976182,-4.872163689962374,-4.872482835831995
male,26-27,-17,-9.210340371976182,-4.872163689962374,-4.872482835831995
male,26-27,-16,-9.210340371976182,-4.872163689962374,-4.872482835831995
male,26-27,-15,-9.210340371976182,-4.872163689962374,-4.872482835831995
male,26-27,-14,-9.210340371976182,-4.872163689962374,-4.872482835831995
male,26-27,-13,-9.210340371976182,-4.872163689962374,-4.872482835831995
male,26-27,-12,-9.210340371976182,-4.872163689959568,-4.87248283582919
male,26-27,-11,-9.210340371976182,-4.872163680115626,-4.872482825985247
male,26-27,-10,-9.210340371976182,-4.872129132434196,-4.872448278303818
male,26-27,-9,-4.872166540657359,-4.760870362050895,-4.761189507920516
male,26-27,-8,-3.2619152402930247,-3.2490726417964524,-3.2493917876660743
male,26-27,-7,-2.443668962851364,-2.415836135512295,-2.4161552813819167
male,26-27,-6,-1.2421162088731403,-1.2337644061702626,-1.2340835520398845
male,26-27,-5,-0.4415761017142908,-0.4354859672648574,-0.4358051131344792
male,26-27,-4,0.21939131617369623,0.22791872050925865,0.22759957463963681
male,26-27,-3,0.9347517236983569,0.9368636412154139,0.9365444953457921
male,26-27,-2,1.4574399856733045,1.4593750948765432,1.4590559490069213
male,26-27,-1,1.9094847546991705,1.9068184437160707,1.9064992978464488
male,26-27,0,2.1198626921865924,2.109284824376833,2.1089656785072113
male,26-27,1,1.482534505843537,1.4906517452798955,1.4903325994102736
male,26-27,2,0.8174235426607162,0.8267637867762957,0.8264446409066739
male,26-27,3,0.20145082798977149,0.21179745997423752,0.21147831410461568
male,26-27,4,-0.11242278825939979,-0.10959447755686061,-0.10991362342648245
male,26-27,5,-0.3846040365308022,-0.38322666459189125,-0.3835458104615131
male,26-27,6,-0.7013803714616902,-0.6992517314058462,-0.699570877275468
male,26-27,7,-1.028791951004834,-1.0230340309254875,-1.0233531767951094
male,26-27,8,-1.0885031640582479,-1.0942301522955102,-1.0945492981651321
male,26-27,9,-1.6723502537506405,-1.6597701353202012,-1.6600892811898231
male,26-27,10,-1.7494475359402915,-1.7482210328434744,-1.7485401787130963
male,26-27,11,-1.7592866748033176,-1.7649300163802126,-1.7652491622498345
male,26-27,12,-2.2113817461119853,-2.2043649743224645,-2.2046841201920864
male,26-27,13,-2.3783562369492537,-2.3761527201541224,-2.3764718660237443
male,26-27,14,-2.426873192184482,-2.4265474745634172,-2.426866620433039
male,26-27,15,-2.459258858982267,-2.4602187225959358,-2.4605378684655577
male,26-27,16,-2.5576496966521645,-2.5596253158512634,-2.5599444617208853
male,26-27,17,-2.821349087104518,-2.8213958021338836,-2.8217149480035055
male,26-27,18,-3.2082541906659348,-3.2007111717516095,-3.2010303176212314
male,26-27,19,-3.2297882336632897,-3.2334422342373657,-3.2337613801069875
male,26-27,20,-3.519285248913329,-3.517774917225372,-3.5180940630949937
male,26-27,21,-3.806074837380982,-3.8032742430180893,-3.803593388887711
male,26-27,22,-3.976219307628144,-3.966125181823812,-3.966444327693434
male,26-27,23,-3.624068283621283,-3.639678276904219,-3.639997422773841
male,26-27,24,-4.681359868513268,-4.647815414711794,-4.648134560581416
male,26-27,25,-4.466432571834092,-4.4808054879000725,-4.481124633769694
male,26-27,26,-5.565975919617688,-5.460070813507944,-5.460389959377565
male,26-27,27,-3.8082090931993613,-3.8303237270134787,-3.8306428728831006
male,26-27,28,-4.553417533164552,-4.544016980362492,-4.544336126232113
male,26-27,29,-5.315173432513612,-5.269811465180779,-5.2701306110504005
male,26-27,30,-4.338250518778852,-4.346575476554005,-4.346894622423626
male,26-27,31,-4.244409297930075,-4.257338496767028,-4.25765764263665
male,26-27,32,-5.402365739047049,-5.368994799552621,-5.369313945422243
male,26-27,33,-5.461569383037441,-5.463784754820829,-5.464103900690451
male,26-27,34,-5.674302504494762,-5.677530402523603,-5.677849548393224
male,26-27,35,-6.245480347660761,-6.233490027655358,-6.233809173524979
male,26-27,36,-6.284239633346416,-6.297167349362531,-6.297486495232152
male,26-27,37,-8.058639547448877,-7.701379835424204,-7.701698981293825
male,26-27,38,-4.9421664824716895,-4.974448416937781,-4.974767562807402
male,26-27,39,-9.210340371976182,-8.857657964168103,-8.857977110037725
male,26-27,40,-6.532266821280704,-6.548244265974046,-6.548563411843667
male,26-27,41,-6.491196059488526,-6.493394216855731,-6.4937133627253525
male,26-27,42,-6.591254127672057,-6.606011374034439,-6.60633051990406
male,26-27,43,-9.210340371976182,-9.210340371976182,-9.210659517845803
male,26-27,44,-6.884331549206247,-6.920358454869082,-6.920677600738704
male,26-27,45,-9.210340371976182,-6.884339115747892,-6.884658261617513
male,26-27,46,-9.210340371976182,-6.884328665593178,-6.884647811462799
male,26-27,47,-9.210340371976182,-6.884328662615594,-6.884647808485216
male,26-27,48,-9.210340371976182,-6.884328662614746,-6.884647808484368
male,26-27,49,-9.210340371976182,-6.884328662614746,-6.884647808484368
male,26-27,50,-9.210340371976182,-6.884328662614746,-6.884647808484368
male,26-27,51,-9.210340371976182,-6.884328662614746,-6.884647808484368
male,26-27,52,-9.210340371976182,-6.884328662614746,-6.884647808484368
male,28-29,-52,-9.210340371976182,-9.210340371976182,-9.210660186039219
male,28-29,-51,-9.210340371976182,-9.210340371976182,-9.210660186039219
male,28-29,-50,-9.210340371976182,-9.210340371976182,-9.210660186039219
male,28-29,-49,-9.210340371976182,-9.210340371976182,-9.210660186039219
male,28-29,-48,-9.210340371976182,-9.210340371976182,-9.210660186039219
male,28-29,-47,-9.210340371976182,-9.210340371976182,-9.210660186039219
male,28-29,-46,-9.210340371976182,-9.210340371976182,-9.210660186039219
male,28-29,-45,-9.210340371976182,-9.210340371976182,-9.210660186039219
male,28-29,-44,-9.210340371976182,-9.210340371976182,-9.210660186039219
male,28-29,-43,-9.210340371976182,-9.210340371976182,-9.210660186039219
male,28-29,-42,-9.210340371976182,-9.210340371976182,-9.210660186039219
male,28-29,-41,-9.210340371976182,-9.210340371976182,-9.210660186039219
male,28-29,-40,-9.210340371976182,-9.210340371976182,-9.210660186039219
male,28-29,-39,-9.210340371976182,-9.210340371976182,-9.210660186039219
male,28-29,-38,-9.210340371976182,-9.210340371976182,-9.210660186039219
male,28-29,-37,-9.210340371976182,-9.210340371976182,-9.210660186039219
male,28-29,-36,-9.210340371976182,-9.210340371976182,-9.210660186039219
male,28-29,-35,-9.210340371976182,-9.210340371976182,-9.210660186039219
male,28-29,-34,-9.210340371976182,-9.210340371976182,-9.210660186039219
male,28-29,-33,-9.210340371976182,-9.210340371976182,-9.210660186039219
male,28-29,-32,-9.210340371976182,-9.210340371976182,-9.210660186039219
male,28-29,-31,-9.210340371976182,-9.210340371976182,-9.210660186039219
male,28-29,-30,-9.210340371976182,-9.210340371976182,-9.210660186039219
male,28-29,-29,-9.210340371976182,-9.210340371976182,-9.210660186039219
male,28-29,-28,-9.210340371976182,-9.210340371976182,-9.210660186039219
male,28-29,-27,-9.210340371976182,-9.210340371976182,-9.210660186039219
male,28-29,-26,-9.210340371976182,-9.210340371976182,-9.210660186039219
male,28-29,-25,-9.210340371976182,-9.210340371976182,-9.210660186039219
male,28-29,-24,-9.210340371976182,-9.210340371976182,-9.210660186039219
male,28-29,-23,-9.210340371976182,-9.210340371976182,-9.210660186039219
male,28-29,-22,-9.210340371976182,-9.210340371976182,-9.210660186039219
male,28-29,-21,-9.210340371976182,-9.210340371976182,-9.210660186039219
male,28-29,-20,-9.210340371976182,-5.108235667569145,-5.108555481632182
male,28-29,-19,-9.210340371976182,-5.108235667569145,-5.108555481632182
male,28-29,-18,-9.210340371976182,-5.108235667569145,-5.108555481632182
male,28-29,-17,-9.210340371976182,-5.108235667569145,-5.108555481632182
male,28-29,-16,-9.210340371976182,-5.108235667569145,-5.108555481632182
male,28-29,-15,-9.210340371976182,-5.108235667569145,-5.108555481632182
male,28-29,-14,-9.210340371976182,-5.108235667569146,-5.108555481632183
male,28-29,-13,-9.210340371976182,-5.108235667569145,-5.108555481632182
male,28-29,-12,-9.210340371976182,-5.108235667343164,-5.108555481406201
male,28-29,-11,-5.1082378271055715,-5.10623082951463,-5.106550643577667
male,28-29,-10,-3.6655122737442287,-3.6653659881589262,-3.6656858022219634
male,28-29,-9,-3.043025078032769,-3.042580333846827,-3.0429001479098643
male,28-29,-8,-2.010953431174576,-2.010833928741116,-2.011153742804153
male,28-29,-7,-1.3198214732834297,-1.3197363868891288,-1.320056200952166
male,28-29,-6,-0.7630747420497644,-0.7628539053784781,-0.7631737194415152
male,28-29,-5,-0.0178735986494617,-0.017822727651387777,-0.018142541714424906
male,28-29,-4,0.5197795192775674,0.5198750079489273,0.5195551938858901
male,28-29,-3,1.0764569110003863,1.0765020023387715,1.0761821882757343
male,28-29,-2,1.555441935490082,1.5554580580469093,1.5551382439838721
male,28-29,-1,1.946172991030491,1.9461148759999782,1.945795061936941
male,28-29,0,2.10940131735501,2.1092108866858186,2.1088910726227814
male,28-29,1,1.543425471049395,1.5435481632789838,1.5432283492159466
male,28-29,2,0.9180796889565772,0.9182646557593441,0.917944841696307
male,28-29,3,0.38586713771388964,0.38604313675352964,0.38572332269049253
male,28-29,4,0.08027615674201583,0.08030760071629177,0.07998778665325464
male,28-29,5,-0.28827154888330175,-0.28818246628104915,-0.28850228034408626
male,28-29,6,-0.5397294908838977,-0.5397023630473964,-0.5400221771104335
male,28-29,7,-0.8171762257600935,-0.8171201069981717,-0.8174399210612089
male,28-29,8,-1.0284867676473164,-1.0284939474112873,-1.0288137614743245
male,28-29,9,-1.364024274935178,-1.3639222435498022,-1.3642420576128393
male,28-29,10,-1.4877116961535177,-1.487703894271398,-1.4880237083344352
male,28-29,11,-1.613344536932449,-1.613361720870168,-1.6136815349332052
male,28-29,12,-1.831260270476143,-1.8312548873322008,-1.831574701395238
male,28-29,13,-2.1128949611802974,-2.1127922175415454,-2.1131120316045826
male,28-29,14,-2.147217160490015,-2.147353229761878,-2.147673043824915
male,28-29,15,-2.7638096060464115,-2.7634927247902965,-2.7638125388533337
male,28-29,16,-2.7018113850344143,-2.701835507223293,-2.7021553212863303
male,28-29,17,-2.7194456809254066,-2.7194287958151793,-2.7197486098782164
male,28-29,18,-2.693750103933799,-2.693830342461681,-2.694150156524718
male,28-29,19,-2.9407147252239474,-2.940771682678099,-2.9410914967411363
male,28-29,20,-3.53516746710746,-3.534930142698363,-3.5352499567614
male,28-29,21,-3.634405373624808,-3.6344188215773423,-3.6347386356403795
male,28-29,22,-3.7909592897137085,-3.7909747964392935,-3.7912946105023306
male,28-29,23,-4.040537515151388,-4.040600838886712,-4.040920652949748
male,28-29,24,-4.678168842205675,-4.677000303696794,-4.677320117759831
male,28-29,25,-3.4069794470946104,-3.407364786159161,-3.4076846002221983
male,28-29,26,-4.002196892863545,-4.0021631173839,-4.002482931446937
male,28-29,27,-5.297861749713342,-5.29651759812244,-5.296837412185477
male,28-29,28,-4.462472283796057,-4.462926819324166,-4.463246633387203
male,28-29,29,-5.981716566305061,-5.980514991479159,-5.980834805542195
male,28-29,30,-5.8640841661899215,-5.863549987522369,-5.863869801585405
male,28-29,31,-4.899348048023593,-4.899884339794389,-4.900204153857426
male,28-29,32,-9.210340371976182,-9.210340371976182,-9.210660186039219
male,28-29,33,-6.572576298510865,-6.571114396334182,-6.571434210397219
male,28-29,34,-4.7194675397246755,-4.71960753705141,-4.719927351114447
male,28-29,35,-4.366352671859314,-4.366759983225334,-4.367079797288371
male,28-29,36,-7.019366502103006,-7.013739634547858,-7.014059448610895
male,28-29,37,-5.495917770598878,-5.496485437146694,-5.4968052512097305
male,28-29,38,-7.954315119602836,-7.949477437410146,-7.949797251473183
male,28-29,39,-6.41078683417809,-6.4107986091152265,-6.411118423178263
male,28-29,40,-5.843042591785212,-5.8434777205627375,-5.843797534625774
male,28-29,41,-7.8186397127774425,-7.8167250592018975,-7.817044873264934
male,28-29,42,-9.210340371976182,-9.210340371976182,-9.210660186039219
male,28-29,43,-9.210340371976182,-9.210340371976182,-9.210660186039219
male,28-29,44,-9.210340371976182,-9.210340371976182,-9.210660186039219
male,28-29,45,-9.210340371976182,-9.210340371976182,-9.210660186039219
male,28-29,46,-9.210340371976182,-9.210340371976182,-9.210660186039219
male,28-29,47,-9.210340371976182,-9.210340371976182,-9.210660186039219
male,28-29,48,-9.210340371976182,-9.210340371976182,-9.210660186039219
male,28-29,49,-9.210340371976182,-9.210340371976182,-9.210660186039219
male,28-29,50,-9.210340371976182,-9.210340371976182,-9.210660186039219
male,28-29,51,-9.210340371976182,-9.210340371976182,-9.210660186039219
male,28-29,52,-9.210340371976182,-9.210340371976182,-9.210660186039219
male,30-31,-52,-9.210340371976182,-9.210340371976182,-9.210746647944053
male,30-31,-51,-9.210340371976182,-9.210340371976182,-9.210746647944053
male,30-31,-50,-9.210340371976182,-9.210340371976182,-9.210746647944053
male,30-31,-49,-9.210340371976182,-9.210340371976182,-9.210746647944053
male,30-31,-48,-9.210340371976182,-9.210340371976182,-9.210746647944053
male,30-31,-47,-9.210340371976182,-9.210340371976182,-9.210746647944053
male,30-31,-46,-9.210340371976182,-9.210340371976182,-9.210746647944053
male,30-31,-45,-9.210340371976182,-9.210340371976182,-9.210746647944053
male,30-31,-44,-9.210340371976182,-9.210340371976182,-9.210746647944053
male,30-31,-43,-9.210340371976182,-9.210340371976182,-9.210746647944053
male,30-31,-42,-9.210340371976182,-9.210340371976182,-9.210746647944053
male,30-31,-41,-9.210340371976182,-9.210340371976182,-9.210746647944053
male,30-31,-40,-9.210340371976182,-9.210340371976182,-9.210746647944053
male,30-31,-39,-9.210340371976182,-9.210340371976182,-9.210746647944053
male,30-31,-38,-9.210340371976182,-9.210340371976182,-9.210746647944053
male,30-31,-37,-9.210340371976182,-9.210340371976182,-9.210746647944053
male,30-31,-36,-9.210340371976182,-9.210340371976182,-9.210746647944053
male,30-31,-35,-9.210340371976182,-9.210340371976182,-9.210746647944053
male,30-31,-34,-9.210340371976182,-9.210340371976182,-9.210746647944053
male,30-31,-33,-9.210340371976182,-9.210340371976182,-9.210746647944053
male,30-31,-32,-9.210340371976182,-9.210340371976182,-9.210746647944053
male,30-31,-31,-9.210340371976182,-9.210340371976182,-9.210746647944053
male,30-31,-30,-9.210340371976182,-9.210340371976182,-9.210746647944053
male,30-31,-29,-9.210340371976182,-9.210340371976182,-9.210746647944053
male,30-31,-28,-9.210340371976182,-9.210340371976182,-9.210746647944053
male,30-31,-27,-9.210340371976182,-9.210340371976182,-9.210746647944053
male,30-31,-26,-9.210340371976182,-9.210340371976182,-9.210746647944053
male,30-31,-25,-9.210340371976182,-9.210340371976182,-9.210746647944053
male,30-31,-24,-9.210340371976182,-9.210340371976182,-9.210746647944053
male,30-31,-23,-9.210340371976182,-9.210340371976182,-9.210746647944053
male,30-31,-22,-9.210340371976182,-4.9758955281454895,-4.976301804113359
male,30-31,-21,-9.210340371976182,-4.9758955281454895,-4.976301804113359
male,30-31,-20,-9.210340371976182,-4.9758955281454895,-4.976301804113359
male,30-31,-19,-9.210340371976182,-4.9758955281454895,-4.976301804113359
male,30-31,-18,-9.210340371976182,-4.9758955281454895,-4.976301804113359
male,30-31,-17,-9.210340371976182,-4.9758955281454895,-4.976301804113359
male,30-31,-16,-9.210340371976182,-4.9758955281454895,-4.976301804113359
male,30-31,-15,-9.210340371976182,-4.9758955281454895,-4.976301804113359
male,30-31,-14,-9.210340371976182,-4.975895528113992,-4.976301804081862
male,30-31,-13,-4.975896887002773,-4.975615854490131,-4.976022130458001
male,30-31,-12,-4.614998488311203,-4.6143986015875855,-4.614804877555455
male,30-31,-11,-3.5199108516236035,-3.519597386645297,-3.5200036626131674
male,30-31,-10,-2.55676381120261,-2.556767219419288,-2.557173495387158
male,30-31,-9,-2.085289838192691,-2.085124315108736,-2.085530591076606
male,30-31,-8,-1.4668832945652435,-1.4667366369674912,-1.4671429129353613
male,30-31,-7,-0.820156894896179,-0.820068565751307,-0.8204748417191772
male,30-31,-6,-0.2473618826187114,-0.24728908982267275,-0.24769536579054288
male,30-31,-5,0.28023471285907287,0.28028720994471185,0.2798809339768417
male,30-31,-4,0.7623693053089678,0.7624528432509423,0.7620465672830722
male,30-31,-3,1.2911188894546608,1.2911042097999132,1.2906979338320432
male,30-31,-2,1.6408494827415305,1.6408693852387009,1.6404631092708308
male,30-31,-1,1.9703119182576148,1.9702585766153213,1.9698523006474513
male,30-31,0,2.100734479079118,2.100564889032422,2.1001586130645515
male,30-31,1,1.5631911682020714,1.563310580100228,1.562904304132358
male,30-31,2,0.9589389944780953,0.9591274760267658,0.9587212000588957
male,30-31,3,0.5397565045573867,0.5398253727431129,0.5394190967752428
male,30-31,4,0.08199121357258782,0.0821621141184386,0.08175583815056847
male,30-31,5,-0.038621044236351716,-0.038661087645201285,-0.03906736361307141
male,30-31,6,-0.36056808549031816,-0.36049588265884086,-0.360902158626711
male,30-31,7,-0.5790709562481267,-0.5790411408124141,-0.5794474167802842
male,30-31,8,-0.7674054931282307,-0.7674202617629446,-0.7678265377308148
male,30-31,9,-1.0693955335739462,-1.06932046787748,-1.06972674384535
male,30-31,10,-1.2149169641280853,-1.2149614597472802,-1.2153677357151502
male,30-31,11,-1.5782904024999267,-1.5782009085723248,-1.5786071845401948
male,30-31,12,-1.7874111610693817,-1.7874345293171041,-1.7878408052849741
male,30-31,13,-2.169710815311971,-2.1695592465122084,-2.1699655224800787
male,30-31,14,-2.201894372463526,-2.201911231114894,-2.202317507082764
male,30-31,15,-2.296892503773648,-2.2969316975735636,-2.297337973541434
male,30-31,16,-2.5569546774914858,-2.556925492750256,-2.557331768718126
male,30-31,17,-2.8055402457073213,-2.80541743145301,-2.8058237074208803
male,30-31,18,-2.728585401667305,-2.7286644635533848,-2.729070739521255
male,30-31,19,-2.9043352880327142,-2.9043313366672754,-2.9047376126351456
male,30-31,20,-3.096712025006095,-3.096758668489323,-3.097164944457193
male,30-31,21,-3.534372736793631,-3.534106658804942,-3.5345129347728124
male,30-31,22,-3.3251744726089774,-3.32537628841688,-3.3257825643847503
male,30-31,23,-3.8604940029445634,-3.8604329592765856,-3.860839235244456
male,30-31,24,-4.596981272507035,-4.596650369797315,-4.597056645765185
male,30-31,25,-4.7133587644110895,-4.713358597619776,-4.713764873587646
male,30-31,26,-4.847666246427257,-4.847488386777712,-4.847894662745582
male,30-31,27,-4.5305954445077345,-4.530935823544944,-4.5313420995128135
male,30-31,28,-5.882435601359276,-5.881346739919626,-5.8817530158874956
male,30-31,29,-5.531665697145098,-5.531699093729664,-5.5321053696975335
male,30-31,30,-5.368214510313279,-5.368408339337216,-5.3688146153050855
male,30-31,31,-5.943667054649209,-5.94272743036544,-5.94313370633331
male,30-31,32,-4.838630175850903,-4.839028862957868,-4.8394351389257375
male,30-31,33,-5.58563495864563,-5.585454265541513,-5.5858605415093825
male,30-31,34,-6.470081990749542,-6.46940844639685,-6.4698147223647196
male,30-31,35,-6.010555041779369,-6.010847009542238,-6.011253285510108
male,30-31,36,-6.717138414654446,-6.716957365718134,-6.717363641686004
male,30-31,37,-7.430264615917718,-7.43024107473194,-7.43064735069981
male,30-31,38,-9.210340371976182,-9.210340371976182,-9.210746647944053
male,30-31,39,-6.657004852418107,-6.6572479606165835,-6.657654236584453
male,30-31,40,-6.221921296494038,-6.222161453850782,-6.2225677298186515
male,30-31,41,-9.210340371976182,-6.2219199037197965,-6.222326179687666
male,30-31,42,-9.210340371976182,-6.221919903692599,-6.2223261796604685
male,30-31,43,-9.210340371976182,-6.221919903692599,-6.2223261796604685
male,30-31,44,-9.210340371976182,-6.221919903692599,-6.2223261796604685
male,30-31,45,-9.210340371976182,-6.221919903692599,-6.2223261796604685
male,30-31,46,-9.210340371976182,-6.221919903692599,-6.2223261796604685
male,30-31,47,-9.210340371976182,-6.221919903692599,-6.2223261796604685
male,30-31,48,-9.210340371976182,-6.221919903692599,-6.2223261796604685
male,30-31,49,-9.210340371976182,-6.221919903692599,-6.2223261796604685
male,30-31,50,-9.210340371976182,-9.210340371976182,-9.210746647944053
male,30-31,51,-9.210340371976182,-9.210340371976182,-9.210746647944053
male,30-31,52,-9.210340371976182,-9.210340371976182,-9.210746647944053
male,32-33,-52,-9.210340371976182,-9.210340371976182,-9.210773782635258
male,32-33,-51,-9.210340371976182,-9.210340371976182,-9.210773782635258
male,32-33,-50,-9.210340371976182,-9.210340371976182,-9.210773782635258
male,32-33,-49,-9.210340371976182,-9.210340371976182,-9.210773782635258
male,32-33,-48,-9.210340371976182,-9.210340371976182,-9.210773782635258
male,32-33,-47,-9.210340371976182,-9.210340371976182,-9.210773782635258
male,32-33,-46,-9.210340371976182,-9.210340371976182,-9.210773782635258
male,32-33,-45,-9.210340371976182,-9.210340371976182,-9.210773782635258
male,32-33,-44,-9.210340371976182,-9.210340371976182,-9.210773782635258
male,32-33,-43,-9.210340371976182,-9.210340371976182,-9.210773782635258
male,32-33,-42,-9.210340371976182,-9.210340371976182,-9.210773782635258
male,32-33,-41,-9.210340371976182,-9.210340371976182,-9.210773782635258
male,32-33,-40,-9.210340371976182,-9.210340371976182,-9.210773782635258
male,32-33,-39,-9.210340371976182,-9.210340371976182,-9.210773782635258
male,32-33,-38,-9.210340371976182,-9.210340371976182,-9.210773782635258
male,32-33,-37,-9.210340371976182,-9.210340371976182,-9.210773782635258
male,32-33,-36,-9.210340371976182,-9.210340371976182,-9.210773782635258
male,32-33,-35,-9.210340371976182,-9.210340371976182,-9.210773782635258
male,32-33,-34,-9.210340371976182,-9.210340371976182,-9.210773782635258
male,32-33,-33,-9.210340371976182,-9.210340371976182,-9.210773782635258
male,32-33,-32,-9.210340371976182,-9.210340371976182,-9.210773782635258
male,32-33,-31,-9.210340371976182,-9.210340371976182,-9.210773782635258
male,32-33,-30,-9.210340371976182,-9.210340371976182,-9.210773782635258
male,32-33,-29,-9.210340371976182,-9.210340371976182,-9.210773782635258
male,32-33,-28,-9.210340371976182,-9.210340371976182,-9.210773782635258
male,32-33,-27,-9.210340371976182,-9.210340371976182,-9.210773782635258
male,32-33,-26,-9.210340371976182,-9.210340371976182,-9.210773782635258
male,32-33,-25,-9.210340371976182,-9.210340371976182,-9.210773782635258
male,32-33,-24,-9.210340371976182,-5.3727918305067135,-5.373225241165788
male,32-33,-23,-9.210340371976182,-5.3727918305067135,-5.373225241165788
male,32-33,-22,-9.210340371976182,-5.3727918305067135,-5.373225241165788
male,32-33,-21,-9.210340371976182,-5.3727918305067135,-5.373225241165788
male,32-33,-20,-9.210340371976182,-5.3727918305067135,-5.373225241165788
male,32-33,-19,-9.210340371976182,-5.3727918305067135,-5.373225241165788
male,32-33,-18,-9.210340371976182,-5.3727918305067135,-5.373225241165788
male,32-33,-17,-9.210340371976182,-5.3727918305067135,-5.373225241165788
male,32-33,-16,-9.210340371976182,-5.3727918305176665,-5.373225241176741
male,32-33,-15,-5.372795320875376,-5.372889098906824,-5.373322509565899
male,32-33,-14,-5.537206439270013,-5.536367736135479,-5.536801146794554
male,32-33,-13,-4.2980433709133905,-4.297653819776279,-4.298087230435354
male,32-33,-12,-3.2380741280995338,-3.2379539428164756,-3.238387353475551
male,32-33,-11,-2.5470084457361066,-2.546931316022955,-2.5473647266820305
male,32-33,-10,-2.0124833408657747,-2.0123587698266214,-2.0127921804856967
male,32-33,-9,-1.4332216081321258,-1.4331129930124817,-1.433546403671557
male,32-33,-8,-0.8520988351651344,-0.8520544219102253,-0.8524878325693006
male,32-33,-7,-0.3802567452929428,-0.3801834280642198,-0.38061683872329505
male,32-33,-6,0.11448914641826168,0.11453797952323438,0.11410456886415911
male,32-33,-5,0.5768936959892307,0.576928049325259,0.5764946386661837
male,32-33,-4,0.9971089500529593,0.997164377886073,0.9967309672269977
male,32-33,-3,1.4346443924767038,1.4346211092746974,1.4341876986156221
male,32-33,-2,1.7046946931499063,1.7047151329648733,1.704281722305798
male,32-33,-1,1.9900478012769587,1.9900008475288962,1.9895674368698208
male,32-33,0,2.1112877789212865,2.111122361706342,2.110688951047267
male,32-33,1,1.5943574638265228,1.5944666551395785,1.5940332444805032
male,32-33,2,1.0480440417908683,1.0481994691815664,1.047766058522491
male,32-33,3,0.6408190460149857,0.6409218651024803,0.640488454443405
male,32-33,4,0.34718313743830764,0.3472164833565153,0.34678307269744
male,32-33,5,0.017843442618560874,0.017933315319943025,0.017499904660867753
male,32-33,6,-0.14326185176225364,-0.1432985706637606,-0.14373198132283585
male,32-33,7,-0.4989393263179862,-0.4988826041273505,-0.4993160147864258
male,32-33,8,-0.8193644039574511,-0.8193059455198821,-0.8197393561789574
male,32-33,9,-1.0780496769169683,-1.0779486124786333,-1.0783820231377086
male,32-33,10,-1.0902026114995154,-1.0903433198004648,-1.0907767304595402
male,32-33,11,-1.6980914949378494,-1.6977684728686224,-1.6982018835276977
male,32-33,12,-1.6079235164987244,-1.6080463330762234,-1.6084797437352987
male,32-33,13,-1.9607942890141932,-1.960676616816189,-1.9611100274752644
male,32-33,14,-2.063558764421806,-2.063534584051204,-2.0639679947102794
male,32-33,15,-2.113797304349764,-2.11388044368229,-2.1143138543413653
male,32-33,16,-2.4777689924269417,-2.4777274859618954,-2.4781608966209707
male,32-33,17,-2.8457414928463076,-2.845549083555368,-2.8459824942144434
male,32-33,18,-2.721542182570812,-2.721719738802326,-2.7221531494614015
male,32-33,19,-3.2800745782546947,-3.279747891182316,-3.2801813018413912
male,32-33,20,-3.0917794466618953,-3.0919688644128835,-3.092402275071959
male,32-33,21,-3.6041672192865857,-3.6041142593222504,-3.6045476699813257
male,32-33,22,-4.32523290595563,-4.324584920409254,-4.325018331068329
male,32-33,23,-3.6991868254266635,-3.6995581249780605,-3.699991535637136
male,32-33,24,-4.711241402234604,-4.710321193985791,-4.710754604644866
male,32-33,25,-4.025570322363677,-4.025893726378024,-4.026327137037099
male,32-33,26,-4.6882692342825685,-4.688117136597848,-4.688550547256923
male,32-33,27,-5.302329573582964,-5.302182836679981,-5.3026162473390555
male,32-33,28,-5.782354751228339,-5.781419554325753,-5.781852964984828
male,32-33,29,-4.6215429438196125,-4.621869530665926,-4.6223029413250005
male,32-33,30,-4.96698327569781,-4.9670091882219065,-4.967442598880981
male,32-33,31,-5.669653067644321,-5.669443203954249,-5.669876614613324
male,32-33,32,-6.202637276282021,-6.202470981816494,-6.202904392475569
male,32-33,33,-6.4597194154526,-6.458014310226981,-6.458447720886056
male,32-33,34,-4.694697023874567,-4.695214212401389,-4.695647623060464
male,32-33,35,-5.975561820164675,-5.975007326104372,-5.975440736763447
male,32-33,36,-9.210340371976182,-9.210340371976182,-9.210773782635258
male,32-33,37,-9.210340371976182,-9.210340371976182,-9.210773782635258
male,32-33,38,-9.210340371976182,-9.210340371976182,-9.210773782635258
male,32-33,39,-9.210340371976182,-9.210340371976182,-9.210773782635258
male,32-33,40,-9.210340371976182,-9.210340371976182,-9.210773782635258
male,32-33,41,-9.210340371976182,-9.210340371976182,-9.210773782635258
male,32-33,42,-9.210340371976182,-9.210340371976182,-9.210773782635258
male,32-33,43,-9.210340371976182,-9.210340371976182,-9.210773782635258
male,32-33,44,-9.210340371976182,-9.210340371976182,-9.210773782635258
male,32-33,45,-9.210340371976182,-9.210340371976182,-9.210773782635258
male,32-33,46,-9.210340371976182,-9.210340371976182,-9.210773782635258
male,32-33,47,-9.210340371976182,-9.210340371976182,-9.210773782635258
male,32-33,48,-9.210340371976182,-9.210340371976182,-9.210773782635258
male,32-33,49,-9.210340371976182,-9.210340371976182,-9.210773782635258
male,32-33,50,-9.210340371976182,-9.210340371976182,-9.210773782635258
male,32-33,51,-9.210340371976182,-9.210340371976182,-9.210773782635258
male,32-33,52,-9.210340371976182,-9.210340371976182,-9.210773782635258
male,34-35,-52,-9.210340371976182,-9.210340371976182,-9.210729831159886
male,34-35,-51,-9.210340371976182,-9.210340371976182,-9.210729831159886
male,34-35,-50,-9.210340371976182,-9.210340371976182,-9.210729831159886
male,34-35,-49,-9.210340371976182,-9.210340371976182,-9.210729831159886
male,34-35,-48,-9.210340371976182,-9.210340371976182,-9.210729831159886
male,34-35,-47,-9.210340371976182,-9.210340371976182,-9.210729831159886
male,34-35,-46,-9.210340371976182,-9.210340371976182,-9.210729831159886
male,34-35,-45,-9.210340371976182,-9.210340371976182,-9.210729831159886
male,34-35,-44,-9.210340371976182,-9.210340371976182,-9.210729831159886
male,34-35,-43,-9.210340371976182,-9.210340371976182,-9.210729831159886
male,34-35,-42,-9.210340371976182,-9.210340371976182,-9.210729831159886
male,34-35,-41,-9.210340371976182,-9.210340371976182,-9.210729831159886
male,34-35,-40,-9.210340371976182,-9.210340371976182,-9.210729831159886
male,34-35,-39,-9.210340371976182,-9.210340371976182,-9.210729831159886
male,34-35,-38,-9.210340371976182,-9.210340371976182,-9.210729831159886
male,34-35,-37,-9.210340371976182,-9.210340371976182,-9.210729831159886
male,34-35,-36,-9.210340371976182,-9.210340371976182,-9.210729831159886
male,34-35,-35,-9.210340371976182,-9.210340371976182,-9.210729831159886
male,34-35,-34,-9.210340371976182,-9.210340371976182,-9.210729831159886
male,34-35,-33,-9.210340371976182,-9.210340371976182,-9.210729831159886
male,34-35,-32,-9.210340371976182,-9.210340371976182,-9.210729831159886
male,34-35,-31,-9.210340371976182,-9.210340371976182,-9.210729831159886
male,34-35,-30,-9.210340371976182,-9.210340371976182,-9.210729831159886
male,34-35,-29,-9.210340371976182,-9.210340371976182,-9.210729831159886
male,34-35,-28,-9.210340371976182,-9.210340371976182,-9.210729831159886
male,34-35,-27,-9.210340371976182,-9.210340371976182,-9.210729831159886
male,34-35,-26,-9.210340371976182,-6.273875993591326,-6.274265452775031
male,34-35,-25,-9.210340371976182,-6.273875993591326,-6.274265452775031
male,34-35,-24,-9.210340371976182,-6.273875993591326,-6.274265452775031
male,34-35,-23,-9.210340371976182,-6.273875993591326,-6.274265452775031
male,34-35,-22,-9.210340371976182,-6.273875993591326,-6.274265452775031
male,34-35,-21,-9.210340371976182,-6.273875993591326,-6.274265452775031
male,34-35,-20,-9.210340371976182,-6.273875993591326,-6.274265452775031
male,34-35,-19,-9.210340371976182,-6.273875993591326,-6.274265452775031
male,34-35,-18,-9.210340371976182,-6.2738759935158,-6.274265452699504
male,34-35,-17,-6.273876658242673,-6.2732055141774925,-6.273594973361197
male,34-35,-16,-5.560567936236804,-5.560162253268841,-5.560551712452545
male,34-35,-15,-4.641301762772901,-4.640956455836613,-4.641345915020318
male,34-35,-14,-3.666388887085385,-3.666215047304468,-3.666604506488173
male,34-35,-13,-2.909190094552476,-2.909153467364923,-2.909542926548628
male,34-35,-12,-2.42320883950001,-2.423205120834272,-2.4235945800179772
male,34-35,-11,-2.089825090220995,-2.0895735083232627,-2.0899629675069678
male,34-35,-10,-1.3612736770362266,-1.361245333936023,-1.361634793119728
male,34-35,-9,-0.8646241050345864,-0.8645797178449045,-0.8649691770286094
male,34-35,-8,-0.41143420853068513,-0.4113765366774098,-0.4117659958611147
male,34-35,-7,0.055663214257715955,0.05565663448505296,0.055267175301348066
male,34-35,-6,0.39467558027999056,0.3947566143125856,0.3943671551288807
male,34-35,-5,0.8493752371096782,0.8493837987561665,0.8489943395724616
male,34-35,-4,1.2086290542858271,1.208654114874425,1.2082646556907202
male,34-35,-3,1.5666965287862409,1.5666662787703112,1.5662768195866064
male,34-35,-2,1.7920734927616593,1.792073875210168,1.7916844160264631
male,34-35,-1,1.9956637226196132,1.99563225626962,1.9952427970859152
male,34-35,0,2.094396039347607,2.094242224575955,2.09385276539225
male,34-35,1,1.6057574849061367,1.6058563063955318,1.605466847211827
male,34-35,2,1.0910713754937662,1.0912065223223162,1.0908170631386114
male,34-35,3,0.7042065558287642,0.7042797453566931,0.7038902861729882
male,34-35,4,0.3778050316593917,0.37786506641865264,0.3774756072349478
male,34-35,5,0.1306483306556718,0.13063605739807074,0.13024659821436585
male,34-35,6,-0.26377697774069336,-0.26363037819091134,-0.2640198373746162
male,34-35,7,-0.3260873315112739,-0.3261920855701157,-0.32658154475382056
male,34-35,8,-0.8112389773368072,-0.8110311535065479,-0.8114206126902528
male,34-35,9,-0.824549029139387,-0.824626620598222,-0.8250160797819269
male,34-35,10,-1.1161910097507004,-1.1161210441140483,-1.1165105032977531
male,34-35,11,-1.2714803415310494,-1.2715074155050647,-1.2718968746887696
male,34-35,12,-1.5753809909071217,-1.5753083775191237,-1.5756978367028285
male,34-35,13,-1.7364308736475444,-1.7364624217376123,-1.7368518809213171
male,34-35,14,-2.0460559190257555,-2.046025802891092,-2.046415262074797
male,34-35,15,-2.347619658444336,-2.34758779664369,-2.347977255827395
male,34-35,16,-2.626193522217948,-2.626152581113753,-2.626542040297458
male,34-35,17,-2.846859521387974,-2.8469016582569595,-2.8472911174406645
male,34-35,18,-3.3089166993852,-3.308671761448106,-3.309061220631811
male,34-35,19,-3.16973190468424,-3.169800993172844,-3.170190452356549
male,34-35,20,-3.253556156347797,-3.2536131014306133,-3.2540025606143184
male,34-35,21,-3.5575677615363306,-3.5576046700379065,-3.5579941292216115
male,34-35,22,-4.178090788879641,-4.177900672460145,-4.178290131643849
male,34-35,23,-4.49386064336099,-4.493839343265044,-4.494228802448749
male,34-35,24,-4.840239449824729,-4.840223309369957,-4.840612768553662
male,34-35,25,-5.264314828565339,-5.263800883206825,-5.264190342390529
male,34-35,26,-4.565782502911913,-4.566166092441985,-4.566555551625689
male,34-35,27,-5.633008396953542,-5.6320779422544796,-5.632467401438184
male,34-35,28,-5.016879721833296,-5.017176703322054,-5.017566162505759
male,34-35,29,-5.578760321326631,-5.5780528291769444,-5.578442288360649
male,34-35,30,-4.7211032790751295,-4.721519531561289,-4.721908990744994
male,34-35,31,-5.843833159949838,-5.843169555442977,-5.843559014626681
male,34-35,32,-5.9821430757301535,-5.982186878347237,-5.982576337530942
male,34-35,33,-6.3195354997555535,-6.319444380932339,-6.319833840116043
male,34-35,34,-6.468451251729191,-6.467176170577921,-6.4675656297616255
male,34-35,35,-4.936399870604422,-4.936828535659465,-4.937217994843169
male,34-35,36,-9.210340371976182,-9.210340371976182,-9.210729831159886
male,34-35,37,-9.210340371976182,-9.210340371976182,-9.210729831159886
male,34-35,38,-9.210340371976182,-9.210340371976182,-9.210729831159886
male,34-35,39,-9.210340371976182,-9.210340371976182,-9.210729831159886
male,34-35,40,-9.210340371976182,-9.210340371976182,-9.210729831159886
male,34-35,41,-9.210340371976182,-9.210340371976182,-9.210729831159886
male,34-35,42,-9.210340371976182,-9.210340371976182,-9.210729831159886
male,34-35,43,-9.210340371976182,-9.210340371976182,-9.210729831159886
male,34-35,44,-9.210340371976182,-9.210340371976182,-9.210729831159886
male,34-35,45,-9.210340371976182,-9.210340371976182,-9.210729831159886
male,34-35,46,-9.210340371976182,-9.210340371976182,-9.210729831159886
male,34-35,47,-9.210340371976182,-9.210340371976182,-9.210729831159886
male,34-35,48,-9.210340371976182,-9.210340371976182,-9.210729831159886
male,34-35,49,-9.210340371976182,-9.210340371976182,-9.210729831159886
male,34-35,50,-9.210340371976182,-9.210340371976182,-9.210729831159886
male,34-35,51,-9.210340371976182,-9.210340371976182,-9.210729831159886
male,34-35,52,-9.210340371976182,-9.210340371976182,-9.210729831159886
male,36-37,-52,-9.210340371976182,-9.210340371976182,-9.210630602139023
male,36-37,-51,-9.210340371976182,-9.210340371976182,-9.210630602139023
male,36-37,-50,-9.210340371976182,-9.210340371976182,-9.210630602139023
male,36-37,-49,-9.210340371976182,-9.210340371976182,-9.210630602139023
male,36-37,-48,-9.210340371976182,-9.210340371976182,-9.210630602139023
male,36-37,-47,-9.210340371976182,-9.210340371976182,-9.210630602139023
male,36-37,-46,-9.210340371976182,-9.210340371976182,-9.210630602139023
male,36-37,-45,-9.210340371976182,-9.210340371976182,-9.210630602139023
male,36-37,-44,-9.210340371976182,-9.210340371976182,-9.210630602139023
male,36-37,-43,-9.210340371976182,-9.210340371976182,-9.210630602139023
male,36-37,-42,-9.210340371976182,-9.210340371976182,-9.210630602139023
male,36-37,-41,-9.210340371976182,-9.210340371976182,-9.210630602139023
male,36-37,-40,-9.210340371976182,-9.210340371976182,-9.210630602139023
male,36-37,-39,-9.210340371976182,-9.210340371976182,-9.210630602139023
male,36-37,-38,-9.210340371976182,-9.210340371976182,-9.210630602139023
male,36-37,-37,-9.210340371976182,-9.210340371976182,-9.210630602139023
male,36-37,-36,-9.210340371976182,-9.210340371976182,-9.210630602139023
male,36-37,-35,-9.210340371976182,-9.210340371976182,-9.210630602139023
male,36-37,-34,-9.210340371976182,-9.210340371976182,-9.210630602139023
male,36-37,-33,-9.210340371976182,-9.210340371976182,-9.210630602139023
male,36-37,-32,-9.210340371976182,-9.210340371976182,-9.210630602139023
male,36-37,-31,-9.210340371976182,-9.210340371976182,-9.210630602139023
male,36-37,-30,-9.210340371976182,-9.210340371976182,-9.210630602139023
male,36-37,-29,-9.210340371976182,-9.210340371976182,-9.210630602139023
male,36-37,-28,-9.210340371976182,-6.9418049763650735,-6.942095206527916
male,36-37,-27,-9.210340371976182,-6.9418049763650735,-6.942095206527916
male,36-37,-26,-9.210340371976182,-6.9418049763650735,-6.942095206527916
male,36-37,-25,-9.210340371976182,-6.9418049763650735,-6.942095206527916
male,36-37,-24,-9.210340371976182,-6.9418049763650735,-6.942095206527916
male,36-37,-23,-9.210340371976182,-6.9418049763650735,-6.942095206527916
male,36-37,-22,-9.210340371976182,-6.9418049763650735,-6.942095206527916
male,36-37,-21,-9.210340371976182,-6.9418049763650735,-6.942095206527916
male,36-37,-20,-9.210340371976182,-6.941804976065719,-6.9420952062285615
male,36-37,-19,-6.941804931862158,-6.939150154108792,-6.939440384271634
male,36-37,-18,-5.321370590885421,-5.320536519164958,-5.3208267493278
male,36-37,-17,-3.9403869038962243,-3.940575784531796,-3.9408660146946377
male,36-37,-16,-3.7519156918029197,-3.751603873407761,-3.751894103570603
male,36-37,-15,-3.011020192045421,-3.011172916615273,-3.011463146778115
male,36-37,-14,-2.948321175999115,-2.9481809508201833,-2.948471180983025
male,36-37,-13,-2.551307273980235,-2.5511336547638974,-2.551423884926739
male,36-37,-12,-1.9193420267519559,-1.9193111798991387,-1.9196014100619805
male,36-37,-11,-1.4487747077261666,-1.4485968694282196,-1.4488870995910614
male,36-37,-10,-0.7647868346561497,-0.7648530009670869,-0.7651432311299288
male,36-37,-9,-0.463015469017247,-0.4629416349368539,-0.46323186509969577
male,36-37,-8,-0.03521110684405698,-0.03520185246085511,-0.03549208262369697
male,36-37,-7,0.31629151779069103,0.31635304977182754,0.3160628196089857
male,36-37,-6,0.7381731124179818,0.7381731416452542,0.7378829114824123
male,36-37,-5,1.0745948135302863,1.0745885982596273,1.0742983680967855
male,36-37,-4,1.3473271337133665,1.3473321849575222,1.3470419547946804
male,36-37,-3,1.59745543390083,1.5974647074795174,1.5971744773166756
male,36-37,-2,1.8406341595953004,1.8406270146226034,1.8403367844597616
male,36-37,-1,2.0394617502122516,2.0394072145328357,2.039116984369994
male,36-37,0,2.070427369373703,2.0702852154157254,2.0699949852528836
male,36-37,1,1.552498384341788,1.5526236526605495,1.5523334224977077
male,36-37,2,1.1446709286315713,1.1447464474274398,1.144456217264598
male,36-37,3,0.8005749969664143,0.8006059894889178,0.8003157593260759
male,36-37,4,0.40785339735250975,0.4079472064873782,0.40765697632453635
male,36-37,5,0.16321861927684658,0.16323720620788082,0.16294697604503897
male,36-37,6,-0.10007728430642843,-0.10003705382795712,-0.10032728399079897
male,36-37,7,-0.31032271318574856,-0.3102869152097729,-0.31057714537261477
male,36-37,8,-0.4579699745691961,-0.4579821538076515,-0.45827238397049336
male,36-37,9,-0.6871256970669402,-0.6871170190524749,-0.6874072492153168
male,36-37,10,-0.9680405898625823,-0.9680505367338836,-0.9683407668967255
male,36-37,11,-1.4155302677389436,-1.4153142968040147,-1.4156045269668565
male,36-37,12,-1.3380596981827246,-1.3381778717089314,-1.3384681018717732
male,36-37,13,-1.6520720008767062,-1.6520497461768335,-1.6523399763396753
male,36-37,14,-1.9880663657657365,-1.9880521301837546,-1.9883423603465964
male,36-37,15,-2.42427573741299,-2.4240811846194013,-2.424371414782243
male,36-37,16,-2.396099121668286,-2.396236365035647,-2.396526595198489
male,36-37,17,-2.8685602327788806,-2.868441337945695,-2.8687315681085366
male,36-37,18,-3.1446655517645903,-3.1446578330208115,-3.1449480631836533
male,36-37,19,-3.4993412575326026,-3.4993709703896547,-3.4996612005524965
male,36-37,20,-4.210792737455546,-4.210287732223088,-4.21057796238593
male,36-37,21,-3.8235005312536443,-3.823765882634064,-3.8240561127969057
male,36-37,22,-4.4605473555589334,-4.45979494185933,-4.460085172022172
male,36-37,23,-3.6202232992310495,-3.6205657122734753,-3.620855942436317
male,36-37,24,-4.252665022740789,-4.252621324402101,-4.252911554564943
male,36-37,25,-5.626558088332325,-5.624937548731295,-5.625227778894137
male,36-37,26,-4.574772437172812,-4.574928545121604,-4.575218775284446
male,36-37,27,-4.402553660919851,-4.402673795891035,-4.402964026053877
male,36-37,28,-4.625740889453657,-4.625984041318608,-4.62627427148145
male,36-37,29,-9.420765616603923,-9.210340371976182,-9.210630602139023
male,36-37,30,-8.918276856676895,-8.911229133162692,-8.911519363325533
male,36-37,31,-5.793592259195953,-5.793751069613259,-5.794041299776101
male,36-37,32,-5.38770723350742,-5.388133994130448,-5.38842422429329
male,36-37,33,-8.063569448108655,-8.058770634719307,-8.059060864882149
male,36-37,34,-7.062340742207899,-7.062760691565502,-7.063050921728344
male,36-37,35,-9.210340371976182,-7.0623407543745005,-7.062630984537343
male,36-37,36,-9.210340371976182,-7.062340754327222,-7.062630984490064
male,36-37,37,-9.210340371976182,-7.062340754327222,-7.062630984490064
male,36-37,38,-9.210340371976182,-7.062340754327222,-7.062630984490064
male,36-37,39,-9.210340371976182,-7.062340754327222,-7.062630984490064
male,36-37,40,-9.210340371976182,-7.062340754327222,-7.062630984490064
male,36-37,41,-9.210340371976182,-7.062340754327222,-7.062630984490064
male,36-37,42,-9.210340371976182,-7.062340754327222,-7.062630984490064
male,36-37,43,-9.210340371976182,-7.062340754327222,-7.062630984490064
male,36-37,44,-9.210340371976182,-9.210340371976182,-9.210630602139023
male,36-37,45,-9.210340371976182,-9.210340371976182,-9.210630602139023
male,36-37,46,-9.210340371976182,-9.210340371976182,-9.210630602139023
male,36-37,47,-9.210340371976182,-9.210340371976182,-9.210630602139023
male,36-37,48,-9.210340371976182,-9.210340371976182,-9.210630602139023
male,36-37,49,-9.210340371976182,-9.210340371976182,-9.210630602139023
male,36-37,50,-9.210340371976182,-9.210340371976182,-9.210630602139023
male,36-37,51,-9.210340371976182,-9.210340371976182,-9.210630602139023
male,36-37,52,-9.210340371976182,-9.210340371976182,-9.210630602139023
male,38-39,-52,-9.210340371976182,-9.210340371976182,-9.21057249455241
male,38-39,-51,-9.210340371976182,-9.210340371976182,-9.21057249455241
male,38-39,-50,-9.210340371976182,-9.210340371976182,-9.21057249455241
male,38-39,-49,-9.210340371976182,-9.210340371976182,-9.21057249455241
male,38-39,-48,-9.210340371976182,-9.210340371976182,-9.21057249455241
male,38-39,-47,-9.210340371976182,-9.210340371976182,-9.21057249455241
male,38-39,-46,-9.210340371976182,-9.210340371976182,-9.21057249455241
male,38-39,-45,-9.210340371976182,-9.210340371976182,-9.21057249455241
male,38-39,-44,-9.210340371976182,-9.210340371976182,-9.21057249455241
male,38-39,-43,-9.210340371976182,-9.210340371976182,-9.21057249455241
male,38-39,-42,-9.210340371976182,-9.210340371976182,-9.21057249455241
male,38-39,-41,-9.210340371976182,-9.210340371976182,-9.21057249455241
male,38-39,-40,-9.210340371976182,-9.210340371976182,-9.21057249455241
male,38-39,-39,-9.210340371976182,-9.210340371976182,-9.21057249455241
male,38-39,-38,-9.210340371976182,-9.210340371976182,-9.21057249455241
male,38-39,-37,-9.210340371976182,-9.210340371976182,-9.21057249455241
male,38-39,-36,-9.210340371976182,-9.210340371976182,-9.21057249455241
male,38-39,-35,-9.210340371976182,-9.210340371976182,-9.21057249455241
male,38-39,-34,-9.210340371976182,-9.210340371976182,-9.21057249455241
male,38-39,-33,-9.210340371976182,-9.210340371976182,-9.21057249455241
male,38-39,-32,-9.210340371976182,-9.210340371976182,-9.21057249455241
male,38-39,-31,-9.210340371976182,-9.210340371976182,-9.21057249455241
male,38-39,-30,-9.210340371976182,-8.323819040656376,-8.324051163232605
male,38-39,-29,-9.210340371976182,-8.323819040656376,-8.324051163232605
male,38-39,-28,-9.210340371976182,-8.323819040656376,-8.324051163232605
male,38-39,-27,-9.210340371976182,-8.323819040656376,-8.324051163232605
male,38-39,-26,-9.210340371976182,-8.323819040656376,-8.324051163232605
male,38-39,-25,-9.210340371976182,-8.323819040656376,-8.324051163232605
male,38-39,-24,-9.210340371976182,-8.323819040656376,-8.324051163232605
male,38-39,-23,-9.210340371976182,-8.323819040656376,-8.324051163232605
male,38-39,-22,-9.210340371976182,-8.323819039911111,-8.32405116248734
male,38-39,-21,-8.323819728240075,-8.317222668747942,-8.31745479132417
male,38-39,-20,-5.915202675536902,-5.914724826374749,-5.9149569489509775
male,38-39,-19,-4.834479546803878,-4.834533310770696,-4.8347654333469245
male,38-39,-18,-4.414292324701372,-4.413807086073461,-4.414039208649689
male,38-39,-17,-3.3886303257917914,-3.388564525030731,-3.3887966476069598
male,38-39,-16,-2.784284204834477,-2.7843672398518224,-2.784599362428051
male,38-39,-15,-2.5976831558085354,-2.5975762319630453,-2.597808354539274
male,38-39,-14,-2.187153123889374,-2.187065488090181,-2.18729761066641
male,38-39,-13,-1.696567518015493,-1.6965834761865564,-1.6968155987627853
male,38-39,-12,-1.376520238070212,-1.376429683615172,-1.3766618061914009
male,38-39,-11,-0.9086611115008916,-0.9085721275500869,-0.9088042501263158
male,38-39,-10,-0.37272548428718044,-0.3727753586825154,-0.3730074812587443
male,38-39,-9,-0.10375626483848635,-0.10370535032354014,-0.10393747289976904
male,38-39,-8,0.24770160122455015,0.24774130880180473,0.24750918622557583
male,38-39,-7,0.6339534546873611,0.6339309528447348,0.6336988302685058
male,38-39,-6,0.8962536502105084,0.8963070750702,0.8960749524939711
male,38-39,-5,1.2505078055035117,1.250487290081732,1.2502551675055031
male,38-39,-4,1.4854861721930142,1.4854954285819792,1.4852633060057503
male,38-39,-3,1.7184876722702873,1.718457482491129,1.7182253599149
male,38-39,-2,1.8468893275774925,1.8469100346952927,1.8466779121190637
male,38-39,-1,2.023435012750833,2.0233842228238186,2.02315210024759
male,38-39,0,2.037024947283736,2.0368909722866673,2.0366588497104385
male,38-39,1,1.5465895877454614,1.546683453412582,1.546451330836353
male,38-39,2,1.0970922036113,1.0971914976243067,1.0969593750480777
male,38-39,3,0.7501271556925266,0.7501866946407459,0.749954572064517
male,38-39,4,0.4581581902406937,0.45819390632224744,0.45796178374601854
male,38-39,5,0.1768988747186953,0.17692882629206358,0.17669670371583468
male,38-39,6,-0.11488114768248338,-0.11481027633918493,-0.11504239891541383
male,38-39,7,-0.26704793365309315,-0.26706965371788294,-0.26730177629411184
male,38-39,8,-0.5439132658023842,-0.543889723002669,-0.544121845578898
male,38-39,9,-0.8423904602839538,-0.8422848907416541,-0.8425170133178831
male,38-39,10,-0.876541553391777,-0.8766297669710464,-0.8768618895472754
male,38-39,11,-1.2179356052304646,-1.2178516767529701,-1.218083799329199
male,38-39,12,-1.3716083979231346,-1.3716504918895673,-1.3718826144657963
male,38-39,13,-1.7193699326535923,-1.7193363994115194,-1.7195685219877483
male,38-39,14,-2.099213761148632,-2.0991223946142075,-2.099354517190436
male,38-39,15,-2.298929719553986,-2.2988930713693287,-2.2991251939455575
male,38-39,16,-2.4165598503553865,-2.4166008344625762,-2.416832957038805
male,38-39,17,-2.7067330382808423,-2.7067245142600873,-2.706956636836316
male,38-39,18,-3.0790966411140928,-3.0789869675190857,-3.0792190900953145
male,38-39,19,-3.2007994922054346,-3.2008012510826367,-3.2010333736588654
male,38-39,20,-3.340464526801114,-3.3405741754707274,-3.340806298046956
male,38-39,21,-3.952158538086069,-3.951813554596093,-3.952045677172322
male,38-39,22,-3.7584400057719964,-3.7586601144119904,-3.758892236988219
male,38-39,23,-4.431331036997806,-4.431082079007727,-4.431314201583956
male,38-39,24,-4.691823921884462,-4.691719735871807,-4.691951858448036
male,38-39,25,-4.681315322239737,-4.681406347360691,-4.68163846993692
male,38-39,26,-4.988745234324295,-4.988764931086537,-4.988997053662766
male,38-39,27,-5.549954166593178,-5.549400248069741,-5.54963237064597
male,38-39,28,-4.909373622504276,-4.9098560943106415,-4.91008821688687
male,38-39,29,-8.553795973909999,-8.539635506737747,-8.539867629313976
male,38-39,30,-6.781945597131494,-6.7815279788558716,-6.7817601014321
male,38-39,31,-5.657391538513396,-5.6577870928354965,-5.658019215411725
male,38-39,32,-9.210340371976182,-9.210340371976182,-9.21057249455241
male,38-39,33,-9.210340371976182,-9.210340371976182,-9.21057249455241
male,38-39,34,-9.210340371976182,-9.210340371976182,-9.21057249455241
male,38-39,35,-9.210340371976182,-9.210340371976182,-9.21057249455241
male,38-39,36,-9.210340371976182,-9.210340371976182,-9.21057249455241
male,38-39,37,-9.210340371976182,-9.210340371976182,-9.21057249455241
male,38-39,38,-9.210340371976182,-9.210340371976182,-9.21057249455241
male,38-39,39,-9.210340371976182,-9.210340371976182,-9.21057249455241
male,38-39,40,-9.210340371976182,-9.210340371976182,-9.21057249455241
male,38-39,41,-9.210340371976182,-9.210340371976182,-9.21057249455241
male,38-39,42,-9.210340371976182,-9.210340371976182,-9.21057249455241
male,38-39,43,-9.210340371976182,-9.210340371976182,-9.21057249455241
male,38-39,44,-9.210340371976182,-9.210340371976182,-9.21057249455241
male,38-39,45,-9.210340371976182,-9.210340371976182,-9.21057249455241
male,38-39,46,-9.210340371976182,-9.210340371976182,-9.21057249455241
male,38-39,47,-9.210340371976182,-9.210340371976182,-9.21057249455241
male,38-39,48,-9.210340371976182,-9.210340371976182,-9.21057249455241
male,38-39,49,-9.210340371976182,-9.210340371976182,-9.21057249455241
male,38-39,50,-9.210340371976182,-9.210340371976182,-9.21057249455241
male,38-39,51,-9.210340371976182,-9.210340371976182,-9.21057249455241
male,38-39,52,-9.210340371976182,-9.210340371976182,-9.21057249455241
male,40-42,-52,-9.210340371976182,-9.210340371976182,-9.210470556407284
male,40-42,-51,-9.210340371976182,-9.210340371976182,-9.210470556407284
male,40-42,-50,-9.210340371976182,-9.210340371976182,-9.210470556407284
male,40-42,-49,-9.210340371976182,-9.210340371976182,-9.210470556407284
male,40-42,-48,-9.210340371976182,-9.210340371976182,-9.210470556407284
male,40-42,-47,-9.210340371976182,-9.210340371976182,-9.210470556407284
male,40-42,-46,-9.210340371976182,-9.210340371976182,-9.210470556407284
male,40-42,-45,-9.210340371976182,-9.210340371976182,-9.210470556407284
male,40-42,-44,-9.210340371976182,-9.210340371976182,-9.210470556407284
male,40-42,-43,-9.210340371976182,-9.210340371976182,-9.210470556407284
male,40-42,-42,-9.210340371976182,-9.210340371976182,-9.210470556407284
male,40-42,-41,-9.210340371976182,-9.210340371976182,-9.210470556407284
male,40-42,-40,-9.210340371976182,-9.210340371976182,-9.210470556407284
male,40-42,-39,-9.210340371976182,-9.210340371976182,-9.210470556407284
male,40-42,-38,-9.210340371976182,-9.210340371976182,-9.210470556407284
male,40-42,-37,-9.210340371976182,-9.210340371976182,-9.210470556407284
male,40-42,-36,-9.210340371976182,-9.210340371976182,-9.210470556407284
male,40-42,-35,-9.210340371976182,-9.210340371976182,-9.210470556407284
male,40-42,-34,-9.210340371976182,-9.210340371976182,-9.210470556407284
male,40-42,-33,-9.210340371976182,-4.831329729859671,-4.831459914290772
male,40-42,-32,-9.210340371976182,-4.831329729859671,-4.831459914290772
male,40-42,-31,-9.210340371976182,-4.831329729859671,-4.831459914290772
male,40-42,-30,-9.210340371976182,-4.831329729859671,-4.831459914290772
male,40-42,-29,-9.210340371976182,-4.831329729859671,-4.831459914290772
male,40-42,-28,-9.210340371976182,-4.831329729859671,-4.831459914290772
male,40-42,-27,-9.210340371976182,-4.831329729859671,-4.831459914290772
male,40-42,-26,-9.210340371976182,-4.831329729859671,-4.831459914290772
male,40-42,-25,-9.210340371976182,-4.8313297299071385,-4.8314599143382395
male,40-42,-24,-4.831330196388557,-4.831751346622218,-4.831881531053319
male,40-42,-23,-5.866101658456725,-5.865526552116474,-5.865656736547575
male,40-42,-22,-5.448455483565601,-5.448305204000718,-5.448435388431819
male,40-42,-21,-4.922863965087688,-4.922712259928082,-4.922842444359183
male,40-42,-20,-4.29290597963069,-4.292884429903943,-4.293014614335044
male,40-42,-19,-3.862982235358704,-3.8627499986007483,-3.8628801830318498
male,40-42,-18,-3.141054374796908,-3.141100673789144,-3.1412308582202453
male,40-42,-17,-2.809939104026401,-2.809954306909655,-2.8100844913407563
male,40-42,-16,-2.584456021753789,-2.5841252047718095,-2.584255389202911
male,40-42,-15,-1.7690743658318417,-1.7691542200496824,-1.7692844044807838
male,40-42,-14,-1.455194055451307,-1.4551756786328993,-1.4553058630640008
male,40-42,-13,-1.144724518297898,-1.1446516323782328,-1.1447818168093342
male,40-42,-12,-0.7210509771171038,-0.7210287522695479,-0.7211589367006493
male,40-42,-11,-0.3441478185349962,-0.3441040618614217,-0.34423424629252314
male,40-42,-10,0.05684215685970045,0.05679329478064549,0.05666311034954404
male,40-42,-9,0.25561864955236124,0.25566808630312626,0.2555379018720248
male,40-42,-8,0.5642242327775331,0.5642256801810809,0.5640954957499794
male,40-42,-7,0.8262702537537651,0.8263009290411595,0.826170744610058
male,40-42,-6,1.1286791644489114,1.1286659613108057,1.1285357768797042
male,40-42,-5,1.3511114241643567,1.3511156881412476,1.3509855037101461
male,40-42,-4,1.5602917705700434,1.5602883047558496,1.560158120324748
male,40-42,-3,1.7353471644952005,1.73533834774434,1.7352081633132386
male,40-42,-2,1.865059579743009,1.8650419040626107,1.8649117196315093
male,40-42,-1,1.9325812461243446,1.9325674883506607,1.9324373039195593
male,40-42,0,1.9566210805031428,1.9564945186510914,1.95636433421999
male,40-42,1,1.501079807141672,1.5011675272538716,1.5010373428227701
male,40-42,2,1.0866234541930435,1.0867141222513192,1.0865839378202178
male,40-42,3,0.7872349250997859,0.7872707218703721,0.7871405374392706
male,40-42,4,0.4859789437275884,0.48605971357364536,0.4859295291425439
male,40-42,5,0.35286296091795444,0.35283045814610875,0.3527002737150073
male,40-42,6,0.06924546893964736,0.06929038590002215,0.06916020146892071
male,40-42,7,-0.1517270605904721,-0.15176658461001796,-0.1518967690411194
male,40-42,8,-0.5904557874912907,-0.590309511930567,-0.5904396963616685
male,40-42,9,-0.6946459819746695,-0.6946352285103832,-0.6947654129414846
male,40-42,10,-0.7743074256800713,-0.7744096399197256,-0.774539824350827
male,40-42,11,-1.2641389810043107,-1.2639924048922557,-1.2641225893233572
male,40-42,12,-1.4778281008042746,-1.4778570795923216,-1.477987264023423
male,40-42,13,-1.8644661810398273,-1.8644094379059888,-1.8645396223370903
male,40-42,14,-2.223863956048948,-2.223752000395089,-2.2238821848261905
male,40-42,15,-2.330264288069696,-2.330266164738118,-2.3303963491692197
male,40-42,16,-2.4538834649979253,-2.4539248038334702,-2.4540549882645717
male,40-42,17,-2.7378467389943433,-2.73782401501656,-2.7379541994476613
male,40-42,18,-3.018964087108353,-3.0190399476862395,-3.019170132117341
male,40-42,19,-3.781638603209155,-3.7811601167597386,-3.78129030119084
male,40-42,20,-3.522843388058811,-3.5229931148490756,-3.523123299280177
male,40-42,21,-3.7794538104324094,-3.7795159018050257,-3.779646086236127
male,40-42,22,-4.439541806361172,-4.439307595844407,-4.439437780275508
male,40-42,23,-4.714484915321078,-4.714428343964237,-4.714558528395338
male,40-42,24,-4.881712101884134,-4.88148412311134,-4.881614307542441
male,40-42,25,-4.4750358043429745,-4.4750225488444855,-4.4751527332755865
male,40-42,26,-4.15131561354615,-4.151688417331392,-4.151818601762493
male,40-42,27,-6.005713639970139,-6.003445357103166,-6.003575541534267
male,40-42,28,-5.163607742878943,-5.1640167647829465,-5.1641469492140475
male,40-42,29,-8.397334243670612,-8.385498643128518,-8.38562882755962
male,40-42,30,-9.210340371976182,-9.210340371976182,-9.210470556407284
male,40-42,31,-9.210340371976182,-9.210340371976182,-9.210470556407284
male,40-42,32,-9.210340371976182,-9.210340371976182,-9.210470556407284
male,40-42,33,-9.210340371976182,-9.210340371976182,-9.210470556407284
male,40-42,34,-9.210340371976182,-9.210340371976182,-9.210470556407284
male,40-42,35,-9.210340371976182,-9.210340371976182,-9.210470556407284
male,40-42,36,-9.210340371976182,-9.210340371976182,-9.210470556407284
male,40-42,37,-9.210340371976182,-9.210340371976182,-9.210470556407284
male,40-42,38,-9.210340371976182,-9.210340371976182,-9.210470556407284
male,40-42,39,-9.210340371976182,-9.210340371976182,-9.210470556407284
male,40-42,40,-9.210340371976182,-9.210340371976182,-9.210470556407284
male,40-42,41,-9.210340371976182,-9.210340371976182,-9.210470556407284
male,40-42,42,-9.210340371976182,-9.210340371976182,-9.210470556407284
male,40-42,43,-9.210340371976182,-9.210340371976182,-9.210470556407284
male,40-42,44,-9.210340371976182,-9.210340371976182,-9.210470556407284
male,40-42,45,-9.210340371976182,-9.210340371976182,-9.210470556407284
male,40-42,46,-9.210340371976182,-9.210340371976182,-9.210470556407284
male,40-42,47,-9.210340371976182,-9.210340371976182,-9.210470556407284
male,40-42,48,-9.210340371976182,-9.210340371976182,-9.210470556407284
male,40-42,49,-9.210340371976182,-9.210340371976182,-9.210470556407284
male,40-42,50,-9.210340371976182,-9.210340371976182,-9.210470556407284
male,40-42,51,-9.210340371976182,-9.210340371976182,-9.210470556407284
male,40-42,52,-9.210340371976182,-9.210340371976182,-9.210470556407284
male,43-45,-52,-9.210340371976182,-9.210340371976182,-9.210413002811817
male,43-45,-51,-9.210340371976182,-9.210340371976182,-9.210413002811817
male,43-45,-50,-9.210340371976182,-9.210340371976182,-9.210413002811817
male,43-45,-49,-9.210340371976182,-9.210340371976182,-9.210413002811817
male,43-45,-48,-9.210340371976182,-9.210340371976182,-9.210413002811817
male,43-45,-47,-9.210340371976182,-9.210340371976182,-9.210413002811817
male,43-45,-46,-9.210340371976182,-9.210340371976182,-9.210413002811817
male,43-45,-45,-9.210340371976182,-9.210340371976182,-9.210413002811817
male,43-45,-44,-9.210340371976182,-9.210340371976182,-9.210413002811817
male,43-45,-43,-9.210340371976182,-9.210340371976182,-9.210413002811817
male,43-45,-42,-9.210340371976182,-9.210340371976182,-9.210413002811817
male,43-45,-41,-9.210340371976182,-9.210340371976182,-9.210413002811817
male,43-45,-40,-9.210340371976182,-9.210340371976182,-9.210413002811817
male,43-45,-39,-9.210340371976182,-9.210340371976182,-9.210413002811817
male,43-45,-38,-9.210340371976182,-9.210340371976182,-9.210413002811817
male,43-45,-37,-9.210340371976182,-9.210340371976182,-9.210413002811817
male,43-45,-36,-9.210340371976182,-4.901343162783948,-4.901415793619584
male,43-45,-35,-9.210340371976182,-4.901343162783948,-4.901415793619584
male,43-45,-34,-9.210340371976182,-4.901343162783948,-4.901415793619584
male,43-45,-33,-9.210340371976182,-4.901343162783948,-4.901415793619584
male,43-45,-32,-9.210340371976182,-4.901343162783948,-4.901415793619584
male,43-45,-31,-9.210340371976182,-4.901343162783948,-4.901415793619584
male,43-45,-30,-9.210340371976182,-4.901343162783948,-4.901415793619584
male,43-45,-29,-9.210340371976182,-4.901343162783948,-4.901415793619584
male,43-45,-28,-9.210340371976182,-4.9013431628509405,-4.901415793686577
male,43-45,-27,-4.901343123609304,-4.901938241996324,-4.90201087283196
male,43-45,-26,-7.034420575082554,-7.028670747119552,-7.028743377955188
male,43-45,-25,-4.7370854517267675,-4.737410763638944,-4.73748339447458
male,43-45,-24,-5.224607439363738,-5.224138468166081,-5.224211099001717
male,43-45,-23,-4.659480745239117,-4.659199057707733,-4.659271688543369
male,43-45,-22,-3.8299864332463955,-3.8301130285987677,-3.830185659434404
male,43-45,-21,-3.6505051775415107,-3.6500916637534226,-3.650164294589059
male,43-45,-20,-2.7569408928691996,-2.757044625853896,-2.7571172566895323
male,43-45,-19,-2.4852463907432387,-2.485253973156672,-2.4853266039923083
male,43-45,-18,-2.2720767684764223,-2.271987024851318,-2.2720596556869546
male,43-45,-17,-1.867665121967542,-1.8676767023910428,-1.8677493332266792
male,43-45,-16,-1.5739667918087896,-1.573941854059071,-1.5740144848947075
male,43-45,-15,-1.2629106754018378,-1.262907605947955,-1.2629802367835914
male,43-45,-14,-0.9929954517806983,-0.992898155518068,-0.9929707863537045
male,43-45,-13,-0.5384214791725811,-0.5384409789050912,-0.5385136097407277
male,43-45,-12,-0.23362304252940372,-0.23359172428168326,-0.2336643551173197
male,43-45,-11,0.10300788109801409,0.103018739418228,0.10294610858259158
male,43-45,-10,0.40540490589857514,0.40538129704524334,0.4053086662096069
male,43-45,-9,0.6015688502530726,0.6015867823222931,0.6015141514866567
male,43-45,-8,0.8294572597044579,0.829443513670697,0.8293708828350606
male,43-45,-7,0.9973579419123147,0.9973992959226683,0.9973266650870318
male,43-45,-6,1.2546214282526262,1.25460743047406,1.2545347996384235
male,43-45,-5,1.4310595860158275,1.4310565571507974,1.430983926315161
male,43-45,-4,1.5768971894327513,1.576889915057392,1.5768172842217556
male,43-45,-3,1.6882902927995778,1.6883049342671903,1.6882323034315538
male,43-45,-2,1.8320175252487796,1.8319894054732022,1.8319167746375657
male,43-45,-1,1.8853125029011906,1.8853065968915124,1.885233966055876
male,43-45,0,1.9206823129747066,1.9205597895531645,1.920487158717528
male,43-45,1,1.5070366523843421,1.5071079527902667,1.5070353219546302
male,43-45,2,1.1202583335911496,1.120327942613893,1.1202553117782565
male,43-45,3,0.793460928540514,0.7935196432950311,0.7934470124593946
male,43-45,4,0.5512517567546756,0.5512664225472027,0.5511937917115662
male,43-45,5,0.2993747757831547,0.2993692638902758,0.2992966330546394
male,43-45,6,-0.04374323467706919,-0.0436474237570952,-0.04372005459273162
male,43-45,7,-0.1666376303386233,-0.16669494970767562,-0.16676758054331206
male,43-45,8,-0.5223830141345281,-0.5222431292017096,-0.522315760037346
male,43-45,9,-0.5313120970808379,-0.5314137388202326,-0.531486369655869
male,43-45,10,-0.901572709822825,-0.9015137508695216,-0.901586381705158
male,43-45,11,-1.2157652144825961,-1.215741985294118,-1.2158146161297545
male,43-45,12,-1.5706302951300333,-1.5705707595639904,-1.5706433903996269
male,43-45,13,-1.8454331608563297,-1.8454384016680847,-1.8455110325037212
male,43-45,14,-2.227352442781715,-2.2272340120962086,-2.227306642931845
male,43-45,15,-2.3284087508139453,-2.32846394395771,-2.3285365747933464
male,43-45,16,-2.6339494179078646,-2.6339153932028956,-2.633988024038532
male,43-45,17,-2.9171240757980694,-2.917116826164193,-2.9171894569998296
male,43-45,18,-3.280796436898146,-3.280785953792768,-3.2808585846284046
male,43-45,19,-3.813623441299232,-3.8133854613807316,-3.813458092216368
male,43-45,20,-3.8077051643854514,-3.8078117132820064,-3.807884344117643
male,43-45,21,-4.186031792783493,-4.185906183741979,-4.185978814577616
male,43-45,22,-4.281548817118142,-4.280784008677121,-4.280856639512757
male,43-45,23,-3.114520660958085,-3.115006274742678,-3.1150789055783146
male,43-45,24,-4.537825244561435,-4.536784606370955,-4.536857237206592
male,43-45,25,-4.627751416984343,-4.627828277738727,-4.627900908574364
male,43-45,26,-5.265449324821882,-5.265090753031618,-5.265163383867255
male,43-45,27,-5.861027190871817,-5.860493594962757,-5.860566225798394
male,43-45,28,-9.210340371976182,-5.861027200175698,-5.861099831011335
male,43-45,29,-9.210340371976182,-5.861027200235803,-5.8610998310714395
male,43-45,30,-9.210340371976182,-5.861027200235803,-5.8610998310714395
male,43-45,31,-9.210340371976182,-5.861027200235803,-5.8610998310714395
male,43-45,32,-9.210340371976182,-5.861027200235803,-5.8610998310714395
male,43-45,33,-9.210340371976182,-5.861027200235803,-5.8610998310714395
male,43-45,34,-9.210340371976182,-5.861027200235803,-5.8610998310714395
male,43-45,35,-9.210340371976182,-5.861027200235803,-5.8610998310714395
male,43-45,36,-9.210340371976182,-5.861027200235803,-5.8610998310714395
male,43-45,37,-9.210340371976182,-9.210340371976182,-9.210413002811817
male,43-45,38,-9.210340371976182,-9.210340371976182,-9.210413002811817
male,43-45,39,-9.210340371976182,-9.210340371976182,-9.210413002811817
male,43-45,40,-9.210340371976182,-9.210340371976182,-9.210413002811817
male,43-45,41,-9.210340371976182,-9.210340371976182,-9.210413002811817
male,43-45,42,-9.210340371976182,-9.210340371976182,-9.210413002811817
male,43-45,43,-9.210340371976182,-9.210340371976182,-9.210413002811817
male,43-45,44,-9.210340371976182,-9.210340371976182,-9.210413002811817
male,43-45,45,-9.210340371976182,-9.210340371976182,-9.210413002811817
male,43-45,46,-9.210340371976182,-9.210340371976182,-9.210413002811817
male,43-45,47,-9.210340371976182,-9.210340371976182,-9.210413002811817
male,43-45,48,-9.210340371976182,-9.210340371976182,-9.210413002811817
male,43-45,49,-9.210340371976182,-9.210340371976182,-9.210413002811817
male,43-45,50,-9.210340371976182,-9.210340371976182,-9.210413002811817
male,43-45,51,-9.210340371976182,-9.210340371976182,-9.210413002811817
male,43-45,52,-9.210340371976182,-9.210340371976182,-9.210413002811817
male,46-49,-52,-9.210340371976182,-9.210340371976182,-9.210381972410376
male,46-49,-51,-9.210340371976182,-9.210340371976182,-9.210381972410376
male,46-49,-50,-9.210340371976182,-9.210340371976182,-9.210381972410376
male,46-49,-49,-9.210340371976182,-9.210340371976182,-9.210381972410376
male,46-49,-48,-9.210340371976182,-9.210340371976182,-9.210381972410376
male,46-49,-47,-9.210340371976182,-9.210340371976182,-9.210381972410376
male,46-49,-46,-9.210340371976182,-9.210340371976182,-9.210381972410376
male,46-49,-45,-9.210340371976182,-9.210340371976182,-9.210381972410376
male,46-49,-44,-9.210340371976182,-9.210340371976182,-9.210381972410376
male,46-49,-43,-9.210340371976182,-9.210340371976182,-9.210381972410376
male,46-49,-42,-9.210340371976182,-9.210340371976182,-9.210381972410376
male,46-49,-41,-9.210340371976182,-9.210340371976182,-9.210381972410376
male,46-49,-40,-9.210340371976182,-6.022070681975146,-6.022112282409339
male,46-49,-39,-9.210340371976182,-6.022070681975146,-6.022112282409339
male,46-49,-38,-9.210340371976182,-6.022070681975146,-6.022112282409339
male,46-49,-37,-9.210340371976182,-6.022070681975146,-6.022112282409339
male,46-49,-36,-9.210340371976182,-6.022070681975146,-6.022112282409339
male,46-49,-35,-9.210340371976182,-6.022070681975146,-6.022112282409339
male,46-49,-34,-9.210340371976182,-6.022070681975146,-6.022112282409339
male,46-49,-33,-9.210340371976182,-6.022070681975146,-6.022112282409339
male,46-49,-32,-9.210340371976182,-6.022070682004955,-6.022112282439148
male,46-49,-31,-6.022070644210181,-6.022335429440847,-6.022377029875041
male,46-49,-30,-6.532641045504136,-6.532270582038562,-6.532312182472755
male,46-49,-29,-6.116939618393663,-6.116907626718242,-6.1169492271524355
male,46-49,-28,-5.898036753720061,-5.897641018429133,-5.8976826188633265
male,46-49,-27,-5.035781509500506,-5.035606525309591,-5.035648125743784
male,46-49,-26,-4.276673930697207,-4.276553227424338,-4.276594827858531
male,46-49,-25,-3.6225563917165857,-3.622697092403435,-3.622738692837629
male,46-49,-24,-3.5509011730691658,-3.5507755261150384,-3.5508171265492323
male,46-49,-23,-3.1704856289238967,-3.170581602195907,-3.1706232026301007
male,46-49,-22,-3.1270750552182607,-3.1269868934579512,-3.127028493892145
male,46-49,-21,-2.84619369334309,-2.845953908151523,-2.845995508585717
male,46-49,-20,-2.133855834234498,-2.133976787184418,-2.134018387618612
male,46-49,-19,-1.957166822882087,-1.9570703880698057,-1.9571119885039996
male,46-49,-18,-1.559733815189317,-1.5597015238827736,-1.5597431243169675
male,46-49,-17,-1.170915017402321,-1.170927454367061,-1.1709690548012548
male,46-49,-16,-0.8895955737958258,-0.8895754776675091,-0.889617078101703
male,46-49,-15,-0.5943965645451648,-0.594416258540495,-0.5944578589746888
male,46-49,-14,-0.3889019935303147,-0.38886381457330227,-0.38890541500749615
male,46-49,-13,-0.10497344053215392,-0.1049884449308131,-0.10503004536500696
male,46-49,-12,0.10096067280704302,0.10101364787473326,0.10097204744053939
male,46-49,-11,0.41693609867417125,0.41693326559625965,0.41689166516206577
male,46-49,-10,0.6692489019122257,0.6692074077809508,0.6691658073467569
male,46-49,-9,0.7735188773284872,0.7735593522926878,0.7735177518584939
male,46-49,-8,0.9771450953667689,0.9771420765123787,0.9771004760781848
male,46-49,-7,1.14374255259161,1.1437443169972785,1.1437027165630846
male,46-49,-6,1.2947542373898495,1.2947593310527785,1.2947177306185846
male,46-49,-5,1.4449211760137157,1.444918719777554,1.44487711934336
male,46-49,-4,1.5744965870406364,1.5744972786496458,1.574455678215452
male,46-49,-3,1.6960290170971575,1.6960206494240189,1.695979048989825
male,46-49,-2,1.786806123122724,1.7867997441287922,1.7867581436945983
male,46-49,-1,1.8551676233259036,1.8551459807744384,1.8551043803402445
male,46-49,0,1.8575937355623118,1.8574763114033752,1.8574347109691813
male,46-49,1,1.4399009625264525,1.439971707092501,1.4399301066583072
male,46-49,2,1.092658110336237,1.0927208201417469,1.092679219707553
male,46-49,3,0.8457087459106525,0.8457080765241508,0.8456664760899569
male,46-49,4,0.5258700892795595,0.5259253273289632,0.5258837268947694
male,46-49,5,0.2963475479782979,0.29638628983755416,0.2963446894033603
male,46-49,6,0.14517503798861553,0.14516083861145912,0.14511923817726527
male,46-49,7,-0.08202286532311694,-0.0820488216503842,-0.08209042208457806
male,46-49,8,-0.48027644306338885,-0.4801810413954852,-0.48022264182967905
male,46-49,9,-0.7008361083634004,-0.7008299324400433,-0.7008715328742372
male,46-49,10,-0.9507347460963084,-0.9507486233458896,-0.9507902237800835
male,46-49,11,-1.3198898148796279,-1.319819520289394,-1.319861120723588
male,46-49,12,-1.564860133483435,-1.5648511154325013,-1.5648927158666952
male,46-49,13,-1.8424079174399315,-1.842377717344695,-1.8424193177788888
male,46-49,14,-2.095384421398537,-2.095321674630815,-2.095363275065009
male,46-49,15,-2.200359322576555,-2.200454486291965,-2.200496086726159
male,46-49,16,-2.706496784205877,-2.706248262935784,-2.7062898633699777
male,46-49,17,-2.6287944130903402,-2.6289672098215524,-2.6290088102557463
male,46-49,18,-3.2163602752119704,-3.2159494793237697,-3.2159910797579636
male,46-49,19,-2.8630014565241146,-2.863307582685109,-2.8633491831193028
male,46-49,20,-3.8298808156489184,-3.829213138946455,-3.829254739380649
male,46-49,21,-3.5366416885211307,-3.5367026594725663,-3.5367442599067602
male,46-49,22,-3.44340911593293,-3.443549919005775,-3.443591519439969
male,46-49,23,-4.042437849122099,-4.042076070826866,-4.042117671261059
male,46-49,24,-4.37980857898111,-4.379542769784846,-4.37958437021904
male,46-49,25,-9.210340371976182,-4.379808587333481,-4.3798501877676745
male,46-49,26,-9.210340371976182,-4.379808587363419,-4.379850187797612
male,46-49,27,-9.210340371976182,-4.379808587363419,-4.379850187797612
male,46-49,28,-9.210340371976182,-4.379808587363419,-4.379850187797612
male,46-49,29,-9.210340371976182,-4.379808587363419,-4.379850187797612
male,46-49,30,-9.210340371976182,-4.379808587363419,-4.379850187797612
male,46-49,31,-9.210340371976182,-4.379808587363419,-4.379850187797612
male,46-49,32,-9.210340371976182,-4.379808587363419,-4.379850187797612
male,46-49,33,-9.210340371976182,-4.379808587363419,-4.379850187797612
male,46-49,34,-9.210340371976182,-9.210340371976182,-9.210381972410376
male,46-49,35,-9.210340371976182,-9.210340371976182,-9.210381972410376
male,46-49,36,-9.210340371976182,-9.210340371976182,-9.210381972410376
male,46-49,37,-9.210340371976182,-9.210340371976182,-9.210381972410376
male,46-49,38,-9.210340371976182,-9.210340371976182,-9.210381972410376
male,46-49,39,-9.210340371976182,-9.210340371976182,-9.210381972410376
male,46-49,40,-9.210340371976182,-9.210340371976182,-9.210381972410376
male,46-49,41,-9.210340371976182,-9.210340371976182,-9.210381972410376
male,46-49,42,-9.210340371976182,-9.210340371976182,-9.210381972410376
male,46-49,43,-9.210340371976182,-9.210340371976182,-9.210381972410376
male,46-49,44,-9.210340371976182,-9.210340371976182,-9.210381972410376
male,46-49,45,-9.210340371976182,-9.210340371976182,-9.210381972410376
male,46-49,46,-9.210340371976182,-9.210340371976182,-9.210381972410376
male,46-49,47,-9.210340371976182,-9.210340371976182,-9.210381972410376
male,46-49,48,-9.210340371976182,-9.210340371976182,-9.210381972410376
male,46-49,49,-9.210340371976182,-9.210340371976182,-9.210381972410376
male,46-49,50,-9.210340371976182,-9.210340371976182,-9.210381972410376
male,46-49,51,-9.210340371976182,-9.210340371976182,-9.210381972410376
male,46-49,52,-9.210340371976182,-9.210340371976182,-9.210381972410376
male,50-54,-52,-9.210340371976182,-9.210340371976182,-9.210471554448667
male,50-54,-51,-9.210340371976182,-9.210340371976182,-9.210471554448667
male,50-54,-50,-9.210340371976182,-9.210340371976182,-9.210471554448667
male,50-54,-49,-9.210340371976182,-9.210340371976182,-9.210471554448667
male,50-54,-48,-9.210340371976182,-9.210340371976182,-9.210471554448667
male,50-54,-47,-9.210340371976182,-9.210340371976182,-9.210471554448667
male,50-54,-46,-9.210340371976182,-9.210340371976182,-9.210471554448667
male,50-54,-45,-9.210340371976182,-9.210340371976182,-9.210471554448667
male,50-54,-44,-9.210340371976182,-9.210340371976182,-9.210471554448667
male,50-54,-43,-9.210340371976182,-9.210340371976182,-9.210471554448667
male,50-54,-42,-9.210340371976182,-9.210340371976182,-9.210471554448667
male,50-54,-41,-9.210340371976182,-9.210340371976182,-9.210471554448667
male,50-54,-40,-9.210340371976182,-9.210340371976182,-9.210471554448667
male,50-54,-39,-9.210340371976182,-9.210340371976182,-9.210471554448667
male,50-54,-38,-9.210340371976182,-9.210340371976182,-9.210471554448667
male,50-54,-37,-9.210340371976182,-9.210340371976182,-9.210471554448667
male,50-54,-36,-9.210340371976182,-9.210340371976182,-9.210471554448667
male,50-54,-35,-9.210340371976182,-9.210340371976182,-9.210471554448667
male,50-54,-34,-5.358690865378577,-5.359119332089445,-5.35925051456193
male,50-54,-33,-5.985884372464424,-5.985347198880359,-5.985478381352845
male,50-54,-32,-5.4295143005338256,-5.429266199431674,-5.42939738190416
male,50-54,-31,-4.684583103109936,-4.684645449888349,-4.684776632360835
male,50-54,-30,-4.377523835562051,-4.3775005546805374,-4.377631737153023
male,50-54,-29,-4.081951700071328,-4.081934554119907,-4.0820657365923925
male,50-54,-28,-3.8045640398659057,-3.804516964478011,-3.8046481469504965
male,50-54,-27,-3.4657989243632095,-3.465730415747726,-3.4658615982202114
male,50-54,-26,-3.0436675618532836,-3.043710275411583,-3.0438414578840685
male,50-54,-25,-2.82645708864086,-2.8264644671820522,-2.826595649654538
male,50-54,-24,-2.6536315135919777,-2.6535620862070295,-2.653693268679515
male,50-54,-23,-2.3222678225876474,-2.322225434294627,-2.3223566167671126
male,50-54,-22,-1.952721427374647,-1.9527918510099649,-1.9529230334824503
male,50-54,-21,-1.8402610256366445,-1.8401566058164194,-1.8402877882889048
male,50-54,-20,-1.4745362839586176,-1.4745061433380502,-1.4746373258105356
male,50-54,-19,-1.112899138391502,-1.112907948633866,-1.1130391311063514
male,50-54,-18,-0.8431524876840104,-0.8431718907792752,-0.8433030732517608
male,50-54,-17,-0.6639403546923316,-0.6638750428458161,-0.6640062253183017
male,50-54,-16,-0.34244956242520236,-0.34248272586689754,-0.34261390833938304
male,50-54,-15,-0.16751820366614484,-0.1675230395304485,-0.167654222002934
male,50-54,-14,-0.026844998113118856,-0.026816935115956963,-0.02694811758844248
male,50-54,-13,0.17000245901683728,0.1700097919151772,0.1698786094426917
male,50-54,-12,0.35347715301198546,0.35348719447508486,0.35335601200259936
male,50-54,-11,0.5330458352467589,0.5330511463269827,0.5329199638544971
male,50-54,-10,0.6978962462099371,0.6978918468811003,0.6977606644086147
male,50-54,-9,0.827739142131639,0.8277622405405679,0.8276310580680823
male,50-54,-8,1.0028232094351397,1.0028259342506582,1.0026947517781728
male,50-54,-7,1.1596137808026339,1.1596174310578122,1.1594862485853268
male,50-54,-6,1.3045619460912614,1.3045777803641394,1.304446597891654
male,50-54,-5,1.4697584753900637,1.4697313172288702,1.4696001347563847
male,50-54,-4,1.5334690161575792,1.5334948341419363,1.5333636516694509
male,50-54,-3,1.6561400979978143,1.656125967540133,1.6559947850676475
male,50-54,-2,1.718807476016472,1.7188160492945184,1.718684866822033
male,50-54,-1,1.7936540058322066,1.7936211076348292,1.7934899251623437
male,50-54,0,1.7600611371167594,1.7599772817502897,1.7598460992778042
male,50-54,1,1.4185478290815252,1.418581991275467,1.4184508088029815
male,50-54,2,1.0498149399844816,1.0498945319424609,1.0497633494699754
male,50-54,3,0.8153756256012166,0.8153909490517729,0.8152597665792873
male,50-54,4,0.5686199004921031,0.5686338589086177,0.5685026764361322
male,50-54,5,0.2970504904627559,0.29706853824986185,0.29693735577737634
male,50-54,6,0.005621087068178273,0.005641440779591458,0.005510258307105942
male,50-54,7,-0.3063328443514129,-0.30625024985564603,-0.30638143232813153
male,50-54,8,-0.4287019587007482,-0.4287237672563167,-0.4288549497288022
male,50-54,9,-0.6484595444646823,-0.6484404744454568,-0.6485716569179424
male,50-54,10,-0.8607120152762698,-0.8607439618110765,-0.860875144283562
male,50-54,11,-1.2759562241108087,-1.275844011149076,-1.2759751936215615
male,50-54,12,-1.4904545275016219,-1.4903987167935457,-1.4905298992660312
male,50-54,13,-1.575635953869306,-1.5756543777109904,-1.5757855601834758
male,50-54,14,-1.7416588508543431,-1.7417531584475914,-1.7418843409200768
male,50-54,15,-2.3906358554126412,-2.390270916207206,-2.390402098679692
male,50-54,16,-2.2453389331725617,-2.2454359801331716,-2.2455671626056573
male,50-54,17,-2.4627503768470898,-2.4626783544686095,-2.462809536941095
male,50-54,18,-2.5871768899452863,-2.5870935851325485,-2.587224767605034
male,50-54,19,-2.490805032587138,-2.490931992846713,-2.4910631753191987
male,50-54,20,-3.1407859000733955,-3.140195485575065,-3.1403266680475506
male,50-54,21,-9.210340371976182,-3.14078377718314,-3.1409149596556256
male,50-54,22,-9.210340371976182,-3.140783777249405,-3.140914959721891
male,50-54,23,-9.210340371976182,-3.140783777249405,-3.140914959721891
male,50-54,24,-9.210340371976182,-3.1407837772494056,-3.1409149597218913
male,50-54,25,-9.210340371976182,-3.1407837772494056,-3.1409149597218913
male,50-54,26,-9.210340371976182,-3.1407837772494056,-3.1409149597218913
male,50-54,27,-9.210340371976182,-3.1407837772494056,-3.1409149597218913
male,50-54,28,-9.210340371976182,-3.1407837772494056,-3.1409149597218913
male,50-54,29,-9.210340371976182,-3.1407837772494056,-3.1409149597218913
male,50-54,30,-9.210340371976182,-9.210340371976182,-9.210471554448667
male,50-54,31,-9.210340371976182,-9.210340371976182,-9.210471554448667
male,50-54,32,-9.210340371976182,-9.210340371976182,-9.210471554448667
male,50-54,33,-9.210340371976182,-9.210340371976182,-9.210471554448667
male,50-54,34,-9.210340371976182,-9.210340371976182,-9.210471554448667
male,50-54,35,-9.210340371976182,-9.210340371976182,-9.210471554448667
male,50-54,36,-9.210340371976182,-9.210340371976182,-9.210471554448667
male,50-54,37,-9.210340371976182,-9.210340371976182,-9.210471554448667
male,50-54,38,-9.210340371976182,-9.210340371976182,-9.210471554448667
male,50-54,39,-9.210340371976182,-9.210340371976182,-9.210471554448667
male,50-54,40,-9.210340371976182,-9.210340371976182,-9.210471554448667
male,50-54,41,-9.210340371976182,-9.210340371976182,-9.210471554448667
male,50-54,42,-9.210340371976182,-9.210340371976182,-9.210471554448667
male,50-54,43,-9.210340371976182,-9.210340371976182,-9.210471554448667
male,50-54,44,-9.210340371976182,-9.210340371976182,-9.210471554448667
male,50-54,45,-9.210340371976182,-9.210340371976182,-9.210471554448667
male,50-54,46,-9.210340371976182,-9.210340371976182,-9.210471554448667
male,50-54,47,-9.210340371976182,-9.210340371976182,-9.210471554448667
male,50-54,48,-9.210340371976182,-9.210340371976182,-9.210471554448667
male,50-54,49,-9.210340371976182,-9.210340371976182,-9.210471554448667
male,50-54,50,-9.210340371976182,-9.210340371976182,-9.210471554448667
male,50-54,51,-9.210340371976182,-9.210340371976182,-9.210471554448667
male,50-54,52,-9.210340371976182,-9.210340371976182,-9.210471554448667
male,55-59,-52,-9.210340371976182,-9.210340371976182,-9.210619163655478
male,55-59,-51,-9.210340371976182,-9.210340371976182,-9.210619163655478
male,55-59,-50,-9.210340371976182,-4.555047580655275,-4.55532637233457
male,55-59,-49,-9.210340371976182,-4.555047580655275,-4.55532637233457
male,55-59,-48,-9.210340371976182,-4.555047580655275,-4.55532637233457
male,55-59,-47,-9.210340371976182,-4.555047580655275,-4.55532637233457
male,55-59,-46,-9.210340371976182,-4.555047580655275,-4.55532637233457
male,55-59,-45,-9.210340371976182,-4.555047580655275,-4.55532637233457
male,55-59,-44,-9.210340371976182,-4.555047580655275,-4.55532637233457
male,55-59,-43,-9.210340371976182,-4.555047580655275,-4.55532637233457
male,55-59,-42,-9.210340371976182,-4.555047580675947,-4.555326372355243
male,55-59,-41,-4.55504754756011,-4.555231174657411,-4.5555099663367065
male,55-59,-40,-4.878219813119664,-4.878360152528715,-4.87863894420801
male,55-59,-39,-5.40161121287977,-5.401801741140304,-5.402080532819599
male,55-59,-38,-6.872910187752229,-6.871260844032945,-6.8715396357122405
male,55-59,-37,-5.805294951681824,-5.805104702850916,-5.805383494530211
male,55-59,-36,-5.049695545358244,-5.04998979554584,-5.050268587225135
male,55-59,-35,-5.459683185182051,-5.458961652958543,-5.459240444637838
male,55-59,-34,-4.471185285990302,-4.4713005356234214,-4.471579327302717
male,55-59,-33,-4.195636585002262,-4.195657546051997,-4.195936337731292
male,55-59,-32,-4.015917467282073,-4.015761319908775,-4.016040111588071
male,55-59,-31,-3.5015214989694945,-3.50149447798866,-3.501773269667955
male,55-59,-30,-3.0729461320349682,-3.073075252180282,-3.0733540438595774
male,55-59,-29,-3.0893301893736314,-3.0890839664072045,-3.0893627580864997
male,55-59,-28,-2.521649855963581,-2.521833572710395,-2.5221123643896903
male,55-59,-27,-2.617896355471408,-2.6176077572792478,-2.617886548958543
male,55-59,-26,-2.0289178852944145,-2.0290950927183045,-2.0293738843975997
male,55-59,-25,-2.088517678673749,-2.0884314279464413,-2.0887102196257366
male,55-59,-24,-1.9012026405301687,-1.9011795548146253,-1.9014583464939208
male,55-59,-23,-1.6650219854069097,-1.6649630707685148,-1.6652418624478103
male,55-59,-22,-1.3142978721679797,-1.3143511810777622,-1.3146299727570576
male,55-59,-21,-1.165576362250876,-1.1655027127498756,-1.165781504429171
male,55-59,-20,-0.8431217683106408,-0.843162708973742,-0.8434415006530375
male,55-59,-19,-0.6859575504005023,-0.6859599790166148,-0.6862387706959102
male,55-59,-18,-0.5499821506846235,-0.549962930926268,-0.5502417226055635
male,55-59,-17,-0.37584124816188974,-0.3757979432399007,-0.37607673491919613
male,55-59,-16,-0.1166819813445543,-0.11674635223140205,-0.11702514391069749
male,55-59,-15,-0.07705431066914756,-0.07696177326956194,-0.07724056494885738
male,55-59,-14,0.20382100626090807,0.20376799316527572,0.2034892014859803
male,55-59,-13,0.294932469007184,0.2949604801302617,0.29468168845096626
male,55-59,-12,0.4576844357561261,0.45767969106149625,0.4574008993822008
male,55-59,-11,0.5906021021039741,0.5906348920881472,0.5903561004088518
male,55-59,-10,0.7944383410653049,0.7944337707138948,0.7941549790345993
male,55-59,-9,0.9522383589925891,0.9522280110133301,0.9519492193340346
male,55-59,-8,1.0589267320683249,1.058917361862392,1.0586385701830965
male,55-59,-7,1.1274161067481476,1.1274536527157129,1.1271748610364174
male,55-59,-6,1.2878090454267561,1.2877917462553794,1.287512954576084
male,55-59,-5,1.3760718739135802,1.3760877063505774,1.375808914671282
male,55-59,-4,1.498045809991157,1.4980338788018979,1.4977550871226024
male,55-59,-3,1.5733539891096362,1.5733689480805153,1.5730901564012199
male,55-59,-2,1.6821267739750085,1.6820876513763348,1.6818088596970393
male,55-59,-1,1.6670489219773854,1.6670640983874667,1.6667853067081713
male,55-59,0,1.6964303330061332,1.696305643335445,1.6960268516561496
male,55-59,1,1.2908069101979476,1.2908746226003454,1.29059583092105
male,55-59,2,0.9670307672352815,0.9670720438765288,0.9667932521972333
male,55-59,3,0.6857048090578683,0.6857386992724924,0.685459907593197
male,55-59,4,0.44268903512176755,0.44271281801121415,0.4424340263319187
male,55-59,5,0.22012548198948786,0.2201726177335853,0.21989382605428986
male,55-59,6,0.106139241209946,0.10609394953936083,0.10581515786006539
male,55-59,7,-0.19346534392829143,-0.1934278770791243,-0.19370666875841971
male,55-59,8,-0.4717477344886642,-0.471695370096796,-0.47197416177609147
male,55-59,9,-0.6586710243395453,-0.6586319312959296,-0.658910722975225
male,55-59,10,-0.7559602518037488,-0.756044801172511,-0.7563235928518065
male,55-59,11,-1.200453348421703,-1.2003071181304388,-1.2005859098097342
male,55-59,12,-1.3723601348591818,-1.3723388293302998,-1.3726176210095953
male,55-59,13,-1.6226823456424886,-1.6226073015742897,-1.6228860932535851
male,55-59,14,-1.8768563836195236,-1.8767522108328958,-1.8770310025121912
male,55-59,15,-2.1333277142120335,-2.1331386051656787,-2.133417396844974
male,55-59,16,-9.210340371976182,-2.1333277191089297,-2.133606510788225
male,55-59,17,-9.210340371976182,-2.133327719130228,-2.133606510809523
male,55-59,18,-9.210340371976182,-2.1333277191302273,-2.1336065108095226
male,55-59,19,-9.210340371976182,-2.1333277191302273,-2.1336065108095226
male,55-59,20,-9.210340371976182,-2.133327719130228,-2.133606510809523
male,55-59,21,-9.210340371976182,-2.1333277191302273,-2.1336065108095226
male,55-59,22,-9.210340371976182,-2.133327719130228,-2.133606510809523
male,55-59,23,-9.210340371976182,-2.133327719130228,-2.133606510809523
male,55-59,24,-9.210340371976182,-2.133327719130228,-2.133606510809523
male,55-59,25,-9.210340371976182,-9.210340371976182,-9.210619163655478
male,55-59,26,-9.210340371976182,-9.210340371976182,-9.210619163655478
male,55-59,27,-9.210340371976182,-9.210340371976182,-9.210619163655478
male,55-59,28,-9.210340371976182,-9.210340371976182,-9.210619163655478
male,55-59,29,-9.210340371976182,-9.210340371976182,-9.210619163655478
male,55-59,30,-9.210340371976182,-9.210340371976182,-9.210619163655478
male,55-59,31,-9.210340371976182,-9.210340371976182,-9.210619163655478
male,55-59,32,-9.210340371976182,-9.210340371976182,-9.210619163655478
male,55-59,33,-9.210340371976182,-9.210340371976182,-9.210619163655478
male,55-59,34,-9.210340371976182,-9.210340371976182,-9.210619163655478
male,55-59,35,-9.210340371976182,-9.210340371976182,-9.210619163655478
male,55-59,36,-9.210340371976182,-9.210340371976182,-9.210619163655478
male,55-59,37,-9.210340371976182,-9.210340371976182,-9.210619163655478
male,55-59,38,-9.210340371976182,-9.210340371976182,-9.210619163655478
male,55-59,39,-9.210340371976182,-9.210340371976182,-9.210619163655478
male,55-59,40,-9.210340371976182,-9.210340371976182,-9.210619163655478
male,55-59,41,-9.210340371976182,-9.210340371976182,-9.210619163655478
male,55-59,42,-9.210340371976182,-9.210340371976182,-9.210619163655478
male,55-59,43,-9.210340371976182,-9.210340371976182,-9.210619163655478
male,55-59,44,-9.210340371976182,-9.210340371976182,-9.210619163655478
male,55-59,45,-9.210340371976182,-9.210340371976182,-9.210619163655478
male,55-59,46,-9.210340371976182,-9.210340371976182,-9.210619163655478
male,55-59,47,-9.210340371976182,-9.210340371976182,-9.210619163655478
male,55-59,48,-9.210340371976182,-9.210340371976182,-9.210619163655478
male,55-59,49,-9.210340371976182,-9.210340371976182,-9.210619163655478
male,55-59,50,-9.210340371976182,-9.210340371976182,-9.210619163655478
male,55-59,51,-9.210340371976182,-9.210340371976182,-9.210619163655478
male,55-59,52,-9.210340371976182,-9.210340371976182,-9.210619163655478
male,60-70,-52,-9.210340371976182,-9.210340371976182,-9.21067359574237
male,60-70,-51,-9.210340371976182,-9.210340371976182,-9.21067359574237
male,60-70,-50,-9.210340371976182,-9.210340371976182,-9.21067359574237
male,60-70,-49,-5.488909624405755,-5.489037211573335,-5.489370435339524
male,60-70,-48,-5.258630755196594,-5.258779143809531,-5.25911236757572
male,60-70,-47,-5.520462613166819,-5.520326223245307,-5.5206594470114965
male,60-70,-46,-5.394574716396135,-5.3946883109396255,-5.395021534705815
male,60-70,-45,-5.624652035263111,-5.624356119619308,-5.624689343385497
male,60-70,-44,-5.174594128791226,-5.174816675939666,-5.175149899705855
male,60-70,-43,-5.549527258963913,-5.549305988330235,-5.549639212096424
male,60-70,-42,-5.3453937680985915,-5.345344550207696,-5.345677773973885
male,60-70,-41,-5.06863414288899,-5.068583099744753,-5.068916323510942
male,60-70,-40,-4.721223291948789,-4.721214906399025,-4.721548130165214
male,60-70,-39,-4.4287808464277445,-4.428868388585734,-4.429201612351923
male,60-70,-38,-4.428977720511882,-4.428968004089778,-4.429301227855967
male,60-70,-37,-4.403100457494529,-4.402596749943798,-4.402929973709987
male,60-70,-36,-3.442526178379225,-3.4428345702648757,-3.4431677940310648
male,60-70,-35,-3.7806897406475954,-3.7801753035953385,-3.7805085273615275
male,60-70,-34,-3.004256490212621,-3.0043496450215934,-3.0046828687877825
male,60-70,-33,-2.734281487145907,-2.7344506419623493,-2.7347838657285384
male,60-70,-32,-3.0516141301293143,-3.0513535988960014,-3.0516868226621905
male,60-70,-31,-2.7149567764832043,-2.714906633046805,-2.715239856812994
male,60-70,-30,-2.3301384115355437,-2.3302036768368373,-2.3305369006030263
male,60-70,-29,-2.1957820657284435,-2.1957214781423247,-2.1960547019085137
male,60-70,-28,-1.9156854976809397,-1.9157511645456529,-1.916084388311842
male,60-70,-27,-1.8598999505996476,-1.859815484710037,-1.860148708476226
male,60-70,-26,-1.5857007824046347,-1.5857415416916982,-1.5860747654578873
male,60-70,-25,-1.4661015785373508,-1.466038963488737,-1.466372187254926
male,60-70,-24,-1.1974676076489275,-1.1974718522467727,-1.1978050760129617
male,60-70,-23,-0.9898354009553564,-0.98990038798201,-0.990233611748199
male,60-70,-22,-0.9962283536320308,-0.9961316814913396,-0.9964649052575286
male,60-70,-21,-0.7479034940528834,-0.747916355389178,-0.748249579155367
male,60-70,-20,-0.5805099905404835,-0.5804901674954311,-0.5808233912616202
male,60-70,-19,-0.3867357467878388,-0.38677368368276605,-0.3871069074489551
male,60-70,-18,-0.326471191629239,-0.32641685376876733,-0.3267500775349564
male,60-70,-17,-0.12893923615106742,-0.12895448797472886,-0.1292877117409179
male,60-70,-16,-0.0056585684485379005,-0.005673162226419226,-0.006006385992608264
male,60-70,-15,0.060727012234500256,0.060773425889831395,0.06044020212364236
male,60-70,-14,0.2411284011817071,0.24114972043462626,0.2408164966684372
male,60-70,-13,0.44084987653963287,0.4408613352182678,0.44052811145207876
male,60-70,-12,0.6278293518945174,0.6278238004340922,0.6274905766679032
male,60-70,-11,0.7631423447186262,0.7631465438761338,0.7628133201099447
male,60-70,-10,0.885706072712161,0.8857124193046105,0.8853791955384215
male,60-70,-9,1.0048857369877169,1.0048756556560139,1.0045424318898248
male,60-70,-8,1.0780576895437246,1.078075132786015,1.077741909019826
male,60-70,-7,1.1876825321127198,1.1876872263657596,1.1873540025995706
male,60-70,-6,1.2929506666462127,1.2929483960314894,1.2926151722653003
male,60-70,-5,1.3764283101401131,1.3764174564209495,1.3760842326547604
male,60-70,-4,1.4180384788743725,1.4180649726803671,1.417731748914178
male,60-70,-3,1.526039384782924,1.5260257941454958,1.5256925703793067
male,60-70,-2,1.5809000457312452,1.5808987087213318,1.5805654849551427
male,60-70,-1,1.6250469499583566,1.6250433533843365,1.6247101296181474
male,60-70,0,1.6531211701032367,1.653016371799696,1.652683148033507
male,60-70,1,1.2836886188452303,1.2837627479124247,1.2834295241462357
male,60-70,2,0.9542708700209902,0.9543374597799742,0.9540042360137851
male,60-70,3,0.6714714778371351,0.6715483496054765,0.6712151258392874
male,60-70,4,0.5131317450412292,0.5131758983122948,0.5128426745461058
male,60-70,5,0.43992577481810347,0.43986818718373644,0.4395349634175474
male,60-70,6,0.07818369789415562,0.07831945598096039,0.07798623221477136
male,60-70,7,-0.05771380779787257,-0.05771902037903511,-0.05805224414522415
male,60-70,8,-0.3529018888609962,-0.35280985709606866,-0.3531430808622577
male,60-70,9,-0.6509985421043157,-0.6508777006028371,-0.6512109243690262
male,60-70,10,-0.9792823166745162,-0.9790363415349226,-0.9793695653011116
male,60-70,11,-9.210340371976182,-0.979281033165911,-0.9796142569321
male,60-70,12,-9.210340371976182,-0.979281033193468,-0.9796142569596571
male,60-70,13,-9.210340371976182,-0.9792810331934683,-0.9796142569596573
male,60-70,14,-9.210340371976182,-0.9792810331934683,-0.9796142569596573
male,60-70,15,-9.210340371976182,-0.9792810331934683,-0.9796142569596573
male,60-70,16,-9.210340371976182,-0.9792810331934683,-0.9796142569596573
male,60-70,17,-9.210340371976182,-0.979281033193468,-0.9796142569596571
male,60-70,18,-9.210340371976182,-0.979281033193468,-0.9796142569596571
male,60-70,19,-9.210340371976182,-0.979281033193468,-0.9796142569596571
male,60-70,20,-9.210340371976182,-9.210340371976182,-9.21067359574237
male,60-70,21,-9.210340371976182,-9.210340371976182,-9.21067359574237
male,60-70,22,-9.210340371976182,-9.210340371976182,-9.21067359574237
male,60-70,23,-9.210340371976182,-9.210340371976182,-9.21067359574237
male,60-70,24,-9.210340371976182,-9.210340371976182,-9.21067359574237
male,60-70,25,-9.210340371976182,-9.210340371976182,-9.21067359574237
male,60-70,26,-9.210340371976182,-9.210340371976182,-9.21067359574237
male,60-70,27,-9.210340371976182,-9.210340371976182,-9.21067359574237
male,60-70,28,-9.210340371976182,-9.210340371976182,-9.21067359574237
male,60-70,29,-9.210340371976182,-9.210340371976182,-9.21067359574237
male,60-70,30,-9.210340371976182,-9.210340371976182,-9.21067359574237
male,60-70,31,-9.210340371976182,-9.210340371976182,-9.21067359574237
male,60-70,32,-9.210340371976182,-9.210340371976182,-9.21067359574237
male,60-70,33,-9.210340371976182,-9.210340371976182,-9.21067359574237
male,60-70,34,-9.210340371976182,-9.210340371976182,-9.21067359574237
male,60-70,35,-9.210340371976182,-9.210340371976182,-9.21067359574237
male,60-70,36,-9.210340371976182,-9.210340371976182,-9.21067359574237
male,60-70,37,-9.210340371976182,-9.210340371976182,-9.21067359574237
male,60-70,38,-9.210340371976182,-9.210340371976182,-9.21067359574237
male,60-70,39,-9.210340371976182,-9.210340371976182,-9.21067359574237
male,60-70,40,-9.210340371976182,-9.210340371976182,-9.21067359574237
male,60-70,41,-9.210340371976182,-9.210340371976182,-9.21067359574237
male,60-70,42,-9.210340371976182,-9.210340371976182,-9.21067359574237
male,60-70,43,-9.210340371976182,-9.210340371976182,-9.21067359574237
male,60-70,44,-9.210340371976182,-9.210340371976182,-9.21067359574237
male,60-70,45,-9.210340371976182,-9.210340371976182,-9.21067359574237
male,60-70,46,-9.210340371976182,-9.210340371976182,-9.21067359574237
male,60-70,47,-9.210340371976182,-9.210340371976182,-9.21067359574237
male,60-70,48,-9.210340371976182,-9.210340371976182,-9.21067359574237
male,60-70,49,-9.210340371976182,-9.210340371976182,-9.21067359574237
male,60-70,50,-9.210340371976182,-9.210340371976182,-9.21067359574237
male,60-70,51,-9.210340371976182,-9.210340371976182,-9.21067359574237
male,60-70,52,-9.210340371976182,-9.210340371976182,-9.21067359574237
female,18-19,-52,-9.210340371976182,-9.210340371976182,-9.220564777482286
female,18-19,-51,-9.210340371976182,-9.210340371976182,-9.220564777482286
female,18-19,-50,-9.210340371976182,-9.210340371976182,-9.220564777482286
female,18-19,-49,-9.210340371976182,-9.210340371976182,-9.220564777482286
female,18-19,-48,-9.210340371976182,-9.210340371976182,-9.220564777482286
female,18-19,-47,-9.210340371976182,-9.210340371976182,-9.220564777482286
female,18-19,-46,-9.210340371976182,-9.210340371976182,-9.220564777482286
female,18-19,-45,-9.210340371976182,-9.210340371976182,-9.220564777482286
female,18-19,-44,-9.210340371976182,-9.210340371976182,-9.220564777482286
female,18-19,-43,-9.210340371976182,-9.210340371976182,-9.220564777482286
female,18-19,-42,-9.210340371976182,-9.210340371976182,-9.220564777482286
female,18-19,-41,-9.210340371976182,-9.210340371976182,-9.220564777482286
female,18-19,-40,-9.210340371976182,-9.210340371976182,-9.220564777482286
female,18-19,-39,-9.210340371976182,-9.210340371976182,-9.220564777482286
female,18-19,-38,-9.210340371976182,-9.210340371976182,-9.220564777482286
female,18-19,-37,-9.210340371976182,-9.210340371976182,-9.220564777482286
female,18-19,-36,-9.210340371976182,-9.210340371976182,-9.220564777482286
female,18-19,-35,-9.210340371976182,-9.210340371976182,-9.220564777482286
female,18-19,-34,-9.210340371976182,-9.210340371976182,-9.220564777482286
female,18-19,-33,-9.210340371976182,-9.210340371976182,-9.220564777482286
female,18-19,-32,-9.210340371976182,-9.210340371976182,-9.220564777482286
female,18-19,-31,-9.210340371976182,-9.210340371976182,-9.220564777482286
female,18-19,-30,-9.210340371976182,-9.210340371976182,-9.220564777482286
female,18-19,-29,-9.210340371976182,-9.210340371976182,-9.220564777482286
female,18-19,-28,-9.210340371976182,-9.210340371976182,-9.220564777482286
female,18-19,-27,-9.210340371976182,-9.210340371976182,-9.220564777482286
female,18-19,-26,-9.210340371976182,-9.210340371976182,-9.220564777482286
female,18-19,-25,-9.210340371976182,-9.210340371976182,-9.220564777482286
female,18-19,-24,-9.210340371976182,-9.210340371976182,-9.220564777482286
female,18-19,-23,-9.210340371976182,-9.210340371976182,-9.220564777482286
female,18-19,-22,-9.210340371976182,-9.210340371976182,-9.220564777482286
female,18-19,-21,-9.210340371976182,-9.210340371976182,-9.220564777482286
female,18-19,-20,-9.210340371976182,0.03685013184838169,0.02662572634227802
female,18-19,-19,-9.210340371976182,0.036850131848384475,0.026625726342280803
female,18-19,-18,-9.210340371976182,0.036850131848384475,0.026625726342280803
female,18-19,-17,-9.210340371976182,0.036850131848384475,0.026625726342280803
female,18-19,-16,-9.210340371976182,0.03685013184838426,0.026625726342280588
female,18-19,-15,-9.210340371976182,0.036850131848384475,0.026625726342280803
female,18-19,-14,-9.210340371976182,0.036850131848384475,0.026625726342280803
female,18-19,-13,-9.210340371976182,0.036850131848384475,0.026625726342280803
female,18-19,-12,-9.210340371976182,0.036850131848384475,0.026625726342280803
female,18-19,-11,-9.210340371976182,0.036850131848384475,0.026625726342280803
female,18-19,-10,-9.210340371976182,0.03685013184838469,0.02662572634228102
female,18-19,-9,-9.210340371976182,0.036850131848390685,0.026625726342287014
female,18-19,-8,-9.210340371976182,0.03685013184872368,0.02662572634262001
female,18-19,-7,-9.210340371976182,0.03685013186690907,0.026625726360805395
female,18-19,-6,-9.210340371976182,0.03685013285979885,0.02662572735369518
female,18-19,-5,-9.210340371976182,0.036850187069732504,0.026625781563628832
female,18-19,-4,-9.210340371976182,0.03685314682431089,0.026628741318207215
female,18-19,-3,-9.210340371976182,0.0370147215689975,0.02679031606289383
female,18-19,-2,-9.210340371976182,0.04577025004202368,0.03554584453592001
female,18-19,-1,0.03684304622915135,0.38774081528848287,0.3775164097823792
female,18-19,0,1.3867010871820336,1.3778760246431263,1.3676516191370227
female,18-19,1,1.8062679581563874,1.744666842017908,1.7344424365118043
female,18-19,2,1.5716924384611455,1.563981598142125,1.5537571926360214
female,18-19,3,1.1079942543673467,1.1498776467299177,1.139653241223814
female,18-19,4,0.8065041167037477,0.8015753398765096,0.7913509343704059
female,18-19,5,0.19630813943709807,0.273056431828284,0.26283202632218033
female,18-19,6,0.03099080420674295,0.014185782244984955,0.003961376738881285
female,18-19,7,-0.42608508128999634,-0.38755851728285307,-0.3977829227889567
female,18-19,8,-0.7282557195334779,-0.697015382010603,-0.7072397875167067
female,18-19,9,-0.8127413426057253,-0.8010267637633932,-0.8112511692694969
female,18-19,10,-0.7946162017973907,-0.8421158231227538,-0.8523402286288575
female,18-19,11,-1.3373756017055811,-1.267343967230689,-1.2775683727367926
female,18-19,12,-1.3889716885091896,-1.4287823796754096,-1.4390067851815131
female,18-19,13,-1.9889104008947507,-1.8896055677671746,-1.8998299732732782
female,18-19,14,-1.8776882173849045,-1.9347778107109848,-1.9450022162170884
female,18-19,15,-2.458509149426878,-2.3359262778408314,-2.346150683346935
female,18-19,16,-2.1304413349715285,-2.033400125461362,-2.043624530967466
female,18-19,17,-1.284247349031259,-1.4064824744392477,-1.4167068799453513
female,18-19,18,-1.976547814506299,-1.932446237894068,-1.9426706434001717
female,18-19,19,-3.1097011039780766,-2.794665319391915,-2.8048897248980187
female,18-19,20,-2.271778725742036,-2.403296297496404,-2.413520703002508
female,18-19,21,-3.0859432276885044,-2.906388895103011,-2.916613300609115
female,18-19,22,-2.576347780474954,-2.6318247260846253,-2.642049131590729
female,18-19,23,-2.6628109001984397,-2.663812998609064,-2.6740374041151678
female,18-19,24,-2.7756711031109678,-2.765063318492682,-2.775287723998786
female,18-19,25,-2.799386014065647,-2.886008831786281,-2.896233237292385
female,18-19,26,-4.534369643521908,-3.3110799337300003,-3.321304339236104
female,18-19,27,-1.5395366467473384,-1.714552068332256,-1.7247764738383595
female,18-19,28,-2.2440199870051116,-2.18026976557754,-2.190494171083644
female,18-19,29,-2.7986361553430577,-2.755655946006718,-2.7658803515128216
female,18-19,30,-3.1953444487736915,-2.966529897463031,-2.976754302969135
female,18-19,31,-2.1617177940401953,-2.2706557155867597,-2.2808801210928635
female,18-19,32,-2.6220313422336865,-2.547188164079202,-2.557412569585306
female,18-19,33,-2.5019249299248187,-2.5353903079791977,-2.5456147134853016
female,18-19,34,-2.7179389379761267,-2.801635834458437,-2.811860239964541
female,18-19,35,-9.210340371976182,-4.734383542360093,-4.744607947866196
female,18-19,36,-4.15997254999002,-3.9965694793356508,-4.006793884841755
female,18-19,37,-2.864027107325916,-3.0275518804478407,-3.0377762859539446
female,18-19,38,-4.012585518433493,-3.528975933784663,-3.5392003392907667
female,18-19,39,-2.4828582184585994,-2.580313211469178,-2.590537616975282
female,18-19,40,-2.593261987238819,-2.5978176707470633,-2.608042076253167
female,18-19,41,-2.7546640273492007,-2.8442681254327207,-2.8544925309388245
female,18-19,42,-9.210340371976182,-4.954083931133963,-4.964308336640066
female,18-19,43,-9.210340371976182,-4.617803845905976,-4.628028251412079
female,18-19,44,-2.3518884636241624,-2.5483279204071256,-2.5585523259132295
female,18-19,45,-3.4436791416566543,-3.332152431722456,-3.3423768372285596
female,18-19,46,-9.210340371976182,-4.939063517714952,-4.949287923221055
female,18-19,47,-3.3411484645612486,-3.5802002421191874,-3.5904246476252912
female,18-19,48,-9.210340371976182,-4.591147836709162,-4.601372242215265
female,18-19,49,-2.797355351482584,-3.0377363030137987,-3.0479607085199025
female,18-19,50,-9.210340371976182,-4.981130875768784,-4.991355281274887
female,18-19,51,-9.210340371976182,-9.210340371976182,-9.220564777482286
female,18-19,52,-9.210340371976182,-9.210340371976182,-9.220564777482286
female,20-21,-52,-9.210340371976182,-9.210340371976182,-9.214599731090352
female,20-21,-51,-9.210340371976182,-9.210340371976182,-9.214599731090352
female,20-21,-50,-9.210340371976182,-9.210340371976182,-9.214599731090352
female,20-21,-49,-9.210340371976182,-9.210340371976182,-9.214599731090352
female,20-21,-48,-9.210340371976182,-9.210340371976182,-9.214599731090352
female,20-21,-47,-9.210340371976182,-9.210340371976182,-9.214599731090352
female,20-21,-46,-9.210340371976182,-9.210340371976182,-9.214599731090352
female,20-21,-45,-9.210340371976182,-9.210340371976182,-9.214599731090352
female,20-21,-44,-9.210340371976182,-9.210340371976182,-9.214599731090352
female,20-21,-43,-9.210340371976182,-9.210340371976182,-9.214599731090352
female,20-21,-42,-9.210340371976182,-9.210340371976182,-9.214599731090352
female,20-21,-41,-9.210340371976182,-9.210340371976182,-9.214599731090352
female,20-21,-40,-9.210340371976182,-9.210340371976182,-9.214599731090352
female,20-21,-39,-9.210340371976182,-9.210340371976182,-9.214599731090352
female,20-21,-38,-9.210340371976182,-9.210340371976182,-9.214599731090352
female,20-21,-37,-9.210340371976182,-9.210340371976182,-9.214599731090352
female,20-21,-36,-9.210340371976182,-9.210340371976182,-9.214599731090352
female,20-21,-35,-9.210340371976182,-9.210340371976182,-9.214599731090352
female,20-21,-34,-9.210340371976182,-9.210340371976182,-9.214599731090352
female,20-21,-33,-9.210340371976182,-9.210340371976182,-9.214599731090352
female,20-21,-32,-9.210340371976182,-9.210340371976182,-9.214599731090352
female,20-21,-31,-9.210340371976182,-9.210340371976182,-9.214599731090352
female,20-21,-30,-9.210340371976182,-9.210340371976182,-9.214599731090352
female,20-21,-29,-9.210340371976182,-9.210340371976182,-9.214599731090352
female,20-21,-28,-9.210340371976182,-9.210340371976182,-9.214599731090352
female,20-21,-27,-9.210340371976182,-9.210340371976182,-9.214599731090352
female,20-21,-26,-9.210340371976182,-9.210340371976182,-9.214599731090352
female,20-21,-25,-9.210340371976182,-9.210340371976182,-9.214599731090352
female,20-21,-24,-9.210340371976182,-9.210340371976182,-9.214599731090352
female,20-21,-23,-9.210340371976182,-9.210340371976182,-9.214599731090352
female,20-21,-22,-9.210340371976182,-2.8460963466105604,-2.8503557057247315
female,20-21,-21,-9.210340371976182,-2.846096346610491,-2.8503557057246622
female,20-21,-20,-9.210340371976182,-2.846096346610491,-2.8503557057246622
female,20-21,-19,-9.210340371976182,-2.846096346610491,-2.8503557057246622
female,20-21,-18,-9.210340371976182,-2.8460963466104907,-2.850355705724662
female,20-21,-17,-9.210340371976182,-2.8460963466104907,-2.850355705724662
female,20-21,-16,-9.210340371976182,-2.8460963466104907,-2.850355705724662
female,20-21,-15,-9.210340371976182,-2.8460963466104907,-2.850355705724662
female,20-21,-14,-9.210340371976182,-2.8460963466104907,-2.850355705724662
female,20-21,-13,-9.210340371976182,-2.8460963466104907,-2.850355705724662
female,20-21,-12,-9.210340371976182,-2.8460963466104907,-2.850355705724662
female,20-21,-11,-9.210340371976182,-2.8460963466104796,-2.8503557057246507
female,20-21,-10,-9.210340371976182,-2.846096346609894,-2.850355705724065
female,20-21,-9,-9.210340371976182,-2.846096346577904,-2.850355705692075
female,20-21,-8,-9.210340371976182,-2.8460963448313104,-2.8503557039454814
female,20-21,-7,-9.210340371976182,-2.8460962494705186,-2.8503556085846897
female,20-21,-6,-9.210340371976182,-2.846091042967834,-2.850350402082005
female,20-21,-5,-9.210340371976182,-2.845806837508381,-2.850066196622552
female,20-21,-4,-9.210340371976182,-2.8304661067590047,-2.8347254658731758
female,20-21,-3,-2.846100975801916,-2.302294433604817,-2.306553792718988
female,20-21,-2,-1.2324312989282522,-0.841952257522566,-0.846211616636737
female,20-21,-1,0.5407564869889626,0.6260071392827021,0.621747780168531
female,20-21,0,1.5380297801436607,1.485939686288172,1.4816803271740009
female,20-21,1,1.7031010697596873,1.664750576585161,1.6604912174709898
female,20-21,2,1.4768982133853155,1.4748944883997133,1.4706351292855422
female,20-21,3,1.1100721560275646,1.1256745097702363,1.1214151506560652
female,20-21,4,0.7007777793176614,0.7315885801023921,0.7273292209882211
female,20-21,5,0.41521358587447144,0.42687759647311274,0.4226182373589416
female,20-21,6,0.12389950196886523,0.12696113990550723,0.1227017807913361
female,20-21,7,-0.3026817884914418,-0.25834124848346685,-0.262600607597638
female,20-21,8,-0.46052837825396314,-0.47829899205304494,-0.48255835116721607
female,20-21,9,-0.8991600244145885,-0.8239958813601447,-0.8282552404743158
female,20-21,10,-0.7331973102795454,-0.788055379963013,-0.7923147390771841
female,20-21,11,-1.1831034183865048,-1.1416277366896022,-1.1458870958037732
female,20-21,12,-1.4387183691892356,-1.4278612043453203,-1.4321205634594913
female,20-21,13,-1.6968075858332021,-1.65585379015736,-1.660113149271531
female,20-21,14,-1.6221621030559743,-1.6249753748453235,-1.6292347339594946
female,20-21,15,-1.5722497297669242,-1.5950055157819265,-1.5992648748960976
female,20-21,16,-1.760263884211661,-1.735082800201568,-1.739342159315739
female,20-21,17,-1.7423941679759332,-1.7776179982165312,-1.7818773573307023
female,20-21,18,-2.1263032622349454,-2.044596431482432,-2.048855790596603
female,20-21,19,-1.8546728323186974,-1.9356630933710677,-1.9399224524852388
female,20-21,20,-2.5824807191577226,-2.5044242475153755,-2.5086836066295466
female,20-21,21,-3.07486042060646,-2.917286848430203,-2.921546207544374
female,20-21,22,-2.4041502156286434,-2.4830646075196907,-2.487323966633862
female,20-21,23,-2.6453913408179113,-2.640598553439049,-2.64485791255322
female,20-21,24,-2.922061975216903,-2.878599543058846,-2.882858902173017
female,20-21,25,-2.8324469374695505,-2.8352595614210068,-2.839518920535178
female,20-21,26,-2.7668351558518016,-2.8180141599632287,-2.8222735190773998
female,20-21,27,-3.2744989846421335,-3.260121823050256,-3.2643811821644273
female,20-21,28,-4.0089612907582834,-3.6141415558877754,-3.6184009150019465
female,20-21,29,-2.5518677215844474,-2.648315171563034,-2.6525745306772053
female,20-21,30,-2.692368074538231,-2.700227503362812,-2.704486862476983
female,20-21,31,-2.9464932483071835,-2.9916413740058054,-2.9959007331199765
female,20-21,32,-4.139517478526463,-4.011276002260252,-4.015535361374424
female,20-21,33,-9.210340371976182,-5.4667496303118295,-5.471008989426001
female,20-21,34,-3.7548143141626245,-3.993760980785379,-3.99802033989955
female,20-21,35,-9.210340371976182,-5.454103936220885,-5.458363295335056
female,20-21,36,-4.092171104751441,-4.211016876428923,-4.215276235543095
female,20-21,37,-4.150479663676527,-4.243036404184552,-4.247295763298723
female,20-21,38,-6.24794010789516,-5.657499239891501,-5.6617585990056725
female,20-21,39,-5.875419942269204,-5.948822574340607,-5.953081933454778
female,20-21,40,-6.357212007446352,-6.012735037369449,-6.0169943964836206
female,20-21,41,-4.889910893132526,-4.998913665537167,-5.003173024651338
female,20-21,42,-5.085058916000726,-4.998679311349183,-5.0029386704633545
female,20-21,43,-4.582932292249926,-4.739634994871044,-4.743894353985215
female,20-21,44,-9.210340371976182,-6.5417631190715095,-6.546022478185681
female,20-21,45,-5.842886057872438,-5.726049474835362,-5.730308833949533
female,20-21,46,-4.627960801202414,-4.803483587696067,-4.807742946810238
female,20-21,47,-6.263876329775352,-5.951836698644644,-5.956096057758815
female,20-21,48,-9.210340371976182,-8.063042452816921,-8.067301811931092
female,20-21,49,-6.946137182796665,-7.120478671640596,-7.124738030754767
female,20-21,50,-9.210340371976182,-8.269521074206558,-8.273780433320729
female,20-21,51,-9.210340371976182,-9.210340371976182,-9.214599731090352
female,20-21,52,-9.210340371976182,-9.210340371976182,-9.214599731090352
female,22-23,-52,-9.210340371976182,-9.210340371976182,-9.210430439198882
female,22-23,-51,-9.210340371976182,-9.210340371976182,-9.210430439198882
female,22-23,-50,-9.210340371976182,-9.210340371976182,-9.210430439198882
female,22-23,-49,-9.210340371976182,-9.210340371976182,-9.210430439198882
female,22-23,-48,-9.210340371976182,-9.210340371976182,-9.210430439198882
female,22-23,-47,-9.210340371976182,-9.210340371976182,-9.210430439198882
female,22-23,-46,-9.210340371976182,-9.210340371976182,-9.210430439198882
female,22-23,-45,-9.210340371976182,-9.210340371976182,-9.210430439198882
female,22-23,-44,-9.210340371976182,-9.210340371976182,-9.210430439198882
female,22-23,-43,-9.210340371976182,-9.210340371976182,-9.210430439198882
female,22-23,-42,-9.210340371976182,-9.210340371976182,-9.210430439198882
female,22-23,-41,-9.210340371976182,-9.210340371976182,-9.210430439198882
female,22-23,-40,-9.210340371976182,-9.210340371976182,-9.210430439198882
female,22-23,-39,-9.210340371976182,-9.210340371976182,-9.210430439198882
female,22-23,-38,-9.210340371976182,-9.210340371976182,-9.210430439198882
female,22-23,-37,-9.210340371976182,-9.210340371976182,-9.210430439198882
female,22-23,-36,-9.210340371976182,-9.210340371976182,-9.210430439198882
female,22-23,-35,-9.210340371976182,-9.210340371976182,-9.210430439198882
female,22-23,-34,-9.210340371976182,-9.210340371976182,-9.210430439198882
female,22-23,-33,-9.210340371976182,-9.210340371976182,-9.210430439198882
female,22-23,-32,-9.210340371976182,-9.210340371976182,-9.210430439198882
female,22-23,-31,-9.210340371976182,-9.210340371976182,-9.210430439198882
female,22-23,-30,-9.210340371976182,-9.210340371976182,-9.210430439198882
female,22-23,-29,-9.210340371976182,-9.210340371976182,-9.210430439198882
female,22-23,-28,-9.210340371976182,-9.210340371976182,-9.210430439198882
female,22-23,-27,-9.210340371976182,-9.210340371976182,-9.210430439198882
female,22-23,-26,-9.210340371976182,-9.210340371976182,-9.210430439198882
female,22-23,-25,-9.210340371976182,-9.210340371976182,-9.210430439198882
female,22-23,-24,-9.210340371976182,-9.210340371976182,-9.210430439198882
female,22-23,-23,-9.210340371976182,-9.210340371976182,-9.210430439198882
female,22-23,-22,-9.210340371976182,-9.210340371976182,-9.210430439198882
female,22-23,-21,-9.210340371976182,-9.210340371976182,-9.210430439198882
female,22-23,-20,-9.210340371976182,-9.210340371976182,-9.210430439198882
female,22-23,-19,-9.210340371976182,-9.210340371976182,-9.210430439198882
female,22-23,-18,-9.210340371976182,-9.210340371976182,-9.210430439198882
female,22-23,-17,-9.210340371976182,-9.210340371976182,-9.210430439198882
female,22-23,-16,-9.210340371976182,-9.210340371976182,-9.210430439198882
female,22-23,-15,-9.210340371976182,-9.210340371976182,-9.210430439198882
female,22-23,-14,-9.210340371976182,-3.6561950303081288,-3.6562850975308296
female,22-23,-13,-9.210340371976182,-3.6561950303081288,-3.6562850975308296
female,22-23,-12,-9.210340371976182,-3.6561950303081288,-3.6562850975308296
female,22-23,-11,-9.210340371976182,-3.6561950303081288,-3.6562850975308296
female,22-23,-10,-9.210340371976182,-3.6561950303081288,-3.6562850975308296
female,22-23,-9,-9.210340371976182,-3.6561950303081288,-3.6562850975308296
female,22-23,-8,-9.210340371976182,-3.6561950303081288,-3.6562850975308296
female,22-23,-7,-9.210340371976182,-3.6561950303081288,-3.6562850975308296
female,22-23,-6,-9.210340371976182,-3.656195030329491,-3.6562850975521917
female,22-23,-5,-3.6561949900388258,-3.656384762335825,-3.656474829558526
female,22-23,-4,-4.043491523664407,-4.041265838590958,-4.041355905813658
female,22-23,-3,-2.0389278231881094,-2.038047833875728,-2.038137901098429
female,22-23,-2,-0.5346165980517917,-0.5340704147307678,-0.5341604819534687
female,22-23,-1,0.7035953713921804,0.7039302808656601,0.7038402136429592
female,22-23,0,1.717580800611922,1.7173631231112305,1.7172730558885296
female,22-23,1,1.7185986690334265,1.7185089482401743,1.7184188810174734
female,22-23,2,1.3971293883800004,1.3971720131882943,1.3970819459655934
female,22-23,3,1.0753259741667254,1.0753611744361085,1.0752711072134076
female,22-23,4,0.7107821583041073,0.7108607482859514,0.7107706810632505
female,22-23,5,0.4358660033965096,0.4358777134634901,0.4357876462407892
female,22-23,6,0.052517590719398266,0.05262338572911579,0.05253331850641492
female,22-23,7,-0.15271353788916658,-0.15272437520013535,-0.1528144424228362
female,22-23,8,-0.48573833746815603,-0.4856366869842626,-0.4857267542069635
female,22-23,9,-0.6230222691578129,-0.623025066379639,-0.6231151336023398
female,22-23,10,-0.8208833545633865,-0.8208170940532441,-0.820907161275945
female,22-23,11,-0.8616488486441619,-0.8617156782690658,-0.8618057454917667
female,22-23,12,-1.156681020031214,-1.1566317089911453,-1.1567217762138462
female,22-23,13,-1.4128627555633764,-1.4128485449806911,-1.412938612203392
female,22-23,14,-1.7584199632493693,-1.7581971908108536,-1.7582872580335545
female,22-23,15,-1.552298351492727,-1.5523706591095119,-1.5524607263322128
female,22-23,16,-1.572521591981913,-1.5726271400781424,-1.5727172073008433
female,22-23,17,-1.9772618394705446,-1.9771937603696497,-1.9772838275923506
female,22-23,18,-2.341805861474791,-2.3417360810927463,-2.341826148315447
female,22-23,19,-2.656836120723423,-2.6565672595846417,-2.6566573268073426
female,22-23,20,-2.3057020049341537,-2.3058543831549128,-2.3059444503776136
female,22-23,21,-2.473723263587338,-2.4736276972413145,-2.4737177644640154
female,22-23,22,-2.3809064683604753,-2.3810829348083926,-2.3811730020310935
female,22-23,23,-2.998723326382003,-2.998312359174282,-2.998402426396983
female,22-23,24,-2.708201228000123,-2.7081603854409564,-2.7082504526636573
female,22-23,25,-2.385144052029721,-2.3854001645347944,-2.3854902317574953
female,22-23,26,-3.055623467887224,-3.055442005007726,-3.055532072230427
female,22-23,27,-3.5492834125606914,-3.5490057664643286,-3.5490958336870295
female,22-23,28,-3.351202936868057,-3.351351408926657,-3.351441476149358
female,22-23,29,-3.6616130173156987,-3.661433701351256,-3.661523768573957
female,22-23,30,-3.5099899654521995,-3.5101999451825896,-3.5102900124052905
female,22-23,31,-4.185369501121709,-4.184659676942793,-4.184749744165494
female,22-23,32,-3.421653968258774,-3.4220981078654287,-3.4221881750881296
female,22-23,33,-4.998234773601171,-4.99602189580345,-4.99611196302615
female,22-23,34,-3.6765489593968175,-3.6769557552282777,-3.6770458224509786
female,22-23,35,-4.3177074141601794,-4.317267176187174,-4.317357243409875
female,22-23,36,-3.9617791707884447,-3.962125995106256,-3.962216062328957
female,22-23,37,-5.212888490948441,-5.2116093231627145,-5.211699390385415
female,22-23,38,-4.328301665887543,-4.328463175162078,-4.328553242384778
female,22-23,39,-4.216850865027791,-4.2170177127129085,-4.217107779935609
female,22-23,40,-4.722725936721009,-4.7226157059734835,-4.722705773196184
female,22-23,41,-5.163850750551468,-5.163915903914695,-5.164005971137396
female,22-23,42,-6.797658975239582,-6.795128408285458,-6.795218475508158
female,22-23,43,-5.310817235244089,-5.31043490960702,-5.31052497682972
female,22-23,44,-4.188346711038397,-4.1888405213196895,-4.18893058854239
female,22-23,45,-5.808698813050671,-5.8062456896385495,-5.80633575686125
female,22-23,46,-4.3748229731760695,-4.375282302308315,-4.375372369531015
female,22-23,47,-5.263478087157689,-5.262555177879961,-5.262645245102662
female,22-23,48,-3.860094133987933,-3.8607023855766545,-3.8607924527993553
female,22-23,49,-9.210340371976182,-3.86009413343722,-3.860184200659921
female,22-23,50,-9.210340371976182,-3.8600941333687357,-3.8601842005914366
female,22-23,51,-9.210340371976182,-3.8600941333687357,-3.8601842005914366
female,22-23,52,-9.210340371976182,-3.8600941333687357,-3.8601842005914366
female,24-25,-52,-9.210340371976182,-9.210340371976182,-9.210507003033017
female,24-25,-51,-9.210340371976182,-9.210340371976182,-9.210507003033017
female,24-25,-50,-9.210340371976182,-9.210340371976182,-9.210507003033017
female,24-25,-49,-9.210340371976182,-9.210340371976182,-9.210507003033017
female,24-25,-48,-9.210340371976182,-9.210340371976182,-9.210507003033017
female,24-25,-47,-9.210340371976182,-9.210340371976182,-9.210507003033017
female,24-25,-46,-9.210340371976182,-9.210340371976182,-9.210507003033017
female,24-25,-45,-9.210340371976182,-9.210340371976182,-9.210507003033017
female,24-25,-44,-9.210340371976182,-9.210340371976182,-9.210507003033017
female,24-25,-43,-9.210340371976182,-9.210340371976182,-9.210507003033017
female,24-25,-42,-9.210340371976182,-9.210340371976182,-9.210507003033017
female,24-25,-41,-9.210340371976182,-9.210340371976182,-9.210507003033017
female,24-25,-40,-9.210340371976182,-9.210340371976182,-9.210507003033017
female,24-25,-39,-9.210340371976182,-9.210340371976182,-9.210507003033017
female,24-25,-38,-9.210340371976182,-9.210340371976182,-9.210507003033017
female,24-25,-37,-9.210340371976182,-9.210340371976182,-9.210507003033017
female,24-25,-36,-9.210340371976182,-9.210340371976182,-9.210507003033017
female,24-25,-35,-9.210340371976182,-9.210340371976182,-9.210507003033017
female,24-25,-34,-9.210340371976182,-9.210340371976182,-9.210507003033017
female,24-25,-33,-9.210340371976182,-9.210340371976182,-9.210507003033017
female,24-25,-32,-9.210340371976182,-9.210340371976182,-9.210507003033017
female,24-25,-31,-9.210340371976182,-9.210340371976182,-9.210507003033017
female,24-25,-30,-9.210340371976182,-9.210340371976182,-9.210507003033017
female,24-25,-29,-9.210340371976182,-9.210340371976182,-9.210507003033017
female,24-25,-28,-9.210340371976182,-9.210340371976182,-9.210507003033017
female,24-25,-27,-9.210340371976182,-9.210340371976182,-9.210507003033017
female,24-25,-26,-9.210340371976182,-9.210340371976182,-9.210507003033017
female,24-25,-25,-9.210340371976182,-9.210340371976182,-9.210507003033017
female,24-25,-24,-9.210340371976182,-9.210340371976182,-9.210507003033017
female,24-25,-23,-9.210340371976182,-9.210340371976182,-9.210507003033017
female,24-25,-22,-9.210340371976182,-9.210340371976182,-9.210507003033017
female,24-25,-21,-9.210340371976182,-9.210340371976182,-9.210507003033017
female,24-25,-20,-9.210340371976182,-9.210340371976182,-9.210507003033017
female,24-25,-19,-9.210340371976182,-9.210340371976182,-9.210507003033017
female,24-25,-18,-9.210340371976182,-9.210340371976182,-9.210507003033017
female,24-25,-17,-9.210340371976182,-9.210340371976182,-9.210507003033017
female,24-25,-16,-9.210340371976182,-5.364897282388074,-5.365063913444909
female,24-25,-15,-9.210340371976182,-5.364897282388074,-5.365063913444909
female,24-25,-14,-9.210340371976182,-5.364897282388074,-5.365063913444909
female,24-25,-13,-9.210340371976182,-5.364897282388074,-5.365063913444909
female,24-25,-12,-9.210340371976182,-5.364897282388074,-5.365063913444909
female,24-25,-11,-9.210340371976182,-5.364897282388074,-5.365063913444909
female,24-25,-10,-9.210340371976182,-5.364897282388074,-5.365063913444909
female,24-25,-9,-9.210340371976182,-5.364897282388074,-5.365063913444909
female,24-25,-8,-9.210340371976182,-5.364897282275769,-5.365063913332604
female,24-25,-7,-5.364897237693959,-5.363900448842282,-5.364067079899117
female,24-25,-6,-4.407644509404572,-4.406984887302631,-4.407151518359466
female,24-25,-5,-3.2170216967181355,-3.216631604739385,-3.21679823579622
female,24-25,-4,-2.171278511338589,-2.171040011443122,-2.1712066424999574
female,24-25,-3,-1.3161009262416274,-1.315684142911898,-1.3158507739687333
female,24-25,-2,-0.28751736608362605,-0.2869759033107215,-0.2871425343675569
female,24-25,-1,0.8957970021870008,0.895986857632028,0.8958202265751927
female,24-25,0,1.725021801869848,1.7248173754000395,1.7246507443432042
female,24-25,1,1.6891789598033509,1.6891220395260986,1.6889554084692633
female,24-25,2,1.444452453549823,1.444471422380829,1.4443047913239937
female,24-25,3,1.1617327630005394,1.1617511830628051,1.1615845520059698
female,24-25,4,0.793097344708878,0.7931751289454761,0.7930084978886408
female,24-25,5,0.5071471853399626,0.5071880027561005,0.5070213716992652
female,24-25,6,0.24311507318576955,0.2431529106632719,0.24298627960643654
female,24-25,7,-0.013898162832857403,-0.01384272229532817,-0.014009353352163544
female,24-25,8,-0.1932591736176947,-0.19323651896016525,-0.19340315001700062
female,24-25,9,-0.3625686390590502,-0.36255444160160855,-0.36272107265844394
female,24-25,10,-0.5442061272825683,-0.5442538051837627,-0.544420436240598
female,24-25,11,-1.015259206012671,-1.0150823867929157,-1.015249017849751
female,24-25,12,-1.149254876513603,-1.1492373535056635,-1.1494039845624988
female,24-25,13,-1.2652227696420946,-1.2652252475239387,-1.265391878580774
female,24-25,14,-1.4196652993485284,-1.419656891048646,-1.4198235221054814
female,24-25,15,-1.5805239356800274,-1.5805772453458624,-1.5807438764026978
female,24-25,16,-2.009770521698216,-2.009546055206259,-2.0097126862630943
female,24-25,17,-1.9004977967306909,-1.9005260558868355,-1.9006926869436709
female,24-25,18,-1.873624170509108,-1.8736381757916871,-1.8738048068485225
female,24-25,19,-1.8887523006743308,-1.888748639442695,-1.8889152704995305
female,24-25,20,-1.8938219306588284,-1.8940040472410264,-1.8941706782978618
female,24-25,21,-2.7593677157764245,-2.758951024261557,-2.7591176553183923
female,24-25,22,-3.0087841451573927,-3.0086265942306776,-3.008793225287513
female,24-25,23,-2.851194431602773,-2.851338674489855,-2.85150530554669
female,24-25,24,-3.1849632628935045,-3.184721116639673,-3.1848877476965085
female,24-25,25,-2.9105452937930187,-2.9107295700719567,-2.910896201128792
female,24-25,26,-3.2917956568970292,-3.291622681304806,-3.2917893123616415
female,24-25,27,-3.2368739409972473,-3.23706184073848,-3.2372284717953153
female,24-25,28,-3.9272021315482055,-3.926569091098246,-3.9267357221550814
female,24-25,29,-3.277822826345859,-3.278096195394855,-3.2782628264516904
female,24-25,30,-3.6876317240232006,-3.6874208281898593,-3.6875874592466946
female,24-25,31,-3.5728105650659554,-3.573059392874261,-3.5732260239310962
female,24-25,32,-4.573900715961044,-4.573046043802903,-4.573212674859739
female,24-25,33,-3.9764456788711047,-3.9768254969257337,-3.976992127982569
female,24-25,34,-5.131842730851518,-5.130843887753864,-5.131010518810699
female,24-25,35,-4.545979346109517,-4.545774293219536,-4.545940924276372
female,24-25,36,-3.8277794564131957,-3.8281842206805403,-3.8283508517373757
female,24-25,37,-5.1039664647304495,-5.103141252081842,-5.103307883138678
female,24-25,38,-5.380219111862152,-5.379792942385301,-5.379959573442136
female,24-25,39,-4.699596797192015,-4.699669702978742,-4.699836334035577
female,24-25,40,-4.433049043265423,-4.433402214303651,-4.433568845360487
female,24-25,41,-6.353103663839498,-6.350145163920663,-6.3503117949774985
female,24-25,42,-5.009300780693747,-5.009692442701102,-5.009859073757937
female,24-25,43,-5.536849063818411,-5.536459753816676,-5.536626384873512
female,24-25,44,-5.164450208087087,-5.164115793746166,-5.164282424803002
female,24-25,45,-4.305182406820992,-4.305485352725735,-4.30565198378257
female,24-25,46,-5.485816536640918,-5.484128469949838,-5.484295101006674
female,24-25,47,-9.210340371976182,-5.485816540057718,-5.485983171114554
female,24-25,48,-9.210340371976182,-5.485816540247989,-5.485983171304825
female,24-25,49,-9.210340371976182,-5.485816540247989,-5.485983171304825
female,24-25,50,-9.210340371976182,-5.485816540247989,-5.485983171304825
female,24-25,51,-9.210340371976182,-5.485816540247989,-5.485983171304825
female,24-25,52,-9.210340371976182,-5.485816540247989,-5.485983171304825
female,26-27,-52,-9.210340371976182,-9.210340371976182,-9.210583918372675
female,26-27,-51,-9.210340371976182,-9.210340371976182,-9.210583918372675
female,26-27,-50,-9.210340371976182,-9.210340371976182,-9.210583918372675
female,26-27,-49,-9.210340371976182,-9.210340371976182,-9.210583918372675
female,26-27,-48,-9.210340371976182,-9.210340371976182,-9.210583918372675
female,26-27,-47,-9.210340371976182,-9.210340371976182,-9.210583918372675
female,26-27,-46,-9.210340371976182,-9.210340371976182,-9.210583918372675
female,26-27,-45,-9.210340371976182,-9.210340371976182,-9.210583918372675
female,26-27,-44,-9.210340371976182,-9.210340371976182,-9.210583918372675
female,26-27,-43,-9.210340371976182,-9.210340371976182,-9.210583918372675
female,26-27,-42,-9.210340371976182,-9.210340371976182,-9.210583918372675
female,26-27,-41,-9.210340371976182,-9.210340371976182,-9.210583918372675
female,26-27,-40,-9.210340371976182,-9.210340371976182,-9.210583918372675
female,26-27,-39,-9.210340371976182,-9.210340371976182,-9.210583918372675
female,26-27,-38,-9.210340371976182,-9.210340371976182,-9.210583918372675
female,26-27,-37,-9.210340371976182,-9.210340371976182,-9.210583918372675
female,26-27,-36,-9.210340371976182,-9.210340371976182,-9.210583918372675
female,26-27,-35,-9.210340371976182,-9.210340371976182,-9.210583918372675
female,26-27,-34,-9.210340371976182,-9.210340371976182,-9.210583918372675
female,26-27,-33,-9.210340371976182,-9.210340371976182,-9.210583918372675
female,26-27,-32,-9.210340371976182,-9.210340371976182,-9.210583918372675
female,26-27,-31,-9.210340371976182,-9.210340371976182,-9.210583918372675
female,26-27,-30,-9.210340371976182,-9.210340371976182,-9.210583918372675
female,26-27,-29,-9.210340371976182,-9.210340371976182,-9.210583918372675
female,26-27,-28,-9.210340371976182,-9.210340371976182,-9.210583918372675
female,26-27,-27,-9.210340371976182,-9.210340371976182,-9.210583918372675
female,26-27,-26,-9.210340371976182,-9.210340371976182,-9.210583918372675
female,26-27,-25,-9.210340371976182,-9.210340371976182,-9.210583918372675
female,26-27,-24,-9.210340371976182,-9.210340371976182,-9.210583918372675
female,26-27,-23,-9.210340371976182,-9.210340371976182,-9.210583918372675
female,26-27,-22,-9.210340371976182,-9.210340371976182,-9.210583918372675
female,26-27,-21,-9.210340371976182,-9.210340371976182,-9.210583918372675
female,26-27,-20,-9.210340371976182,-9.210340371976182,-9.210583918372675
female,26-27,-19,-9.210340371976182,-9.210340371976182,-9.210583918372675
female,26-27,-18,-9.210340371976182,-9.210340371976182,-9.210583918372675
female,26-27,-17,-9.210340371976182,-9.210340371976182,-9.210583918372675
female,26-27,-16,-9.210340371976182,-9.210340371976182,-9.210583918372675
female,26-27,-15,-9.210340371976182,-9.210340371976182,-9.210583918372675
female,26-27,-14,-9.210340371976182,-9.210340371976182,-9.210583918372675
female,26-27,-13,-9.210340371976182,-9.210340371976182,-9.210583918372675
female,26-27,-12,-9.210340371976182,-9.210340371976182,-9.210583918372675
female,26-27,-11,-9.210340371976182,-9.210340371976182,-9.210583918372675
female,26-27,-10,-9.210340371976182,-9.210340371976182,-9.210583918372675
female,26-27,-9,-10.800016134576532,-9.210340371976182,-9.210583918372675
female,26-27,-8,-5.780556900142983,-5.7788229176418096,-5.779066464038302
female,26-27,-7,-3.8887748983205315,-3.8888622265737878,-3.8891057729702805
female,26-27,-6,-3.4358603895444886,-3.4355065007841605,-3.4357500471806532
female,26-27,-5,-2.5617968964710496,-2.561493027778432,-2.5617365741749247
female,26-27,-4,-1.6695685932188455,-1.6694013883667789,-1.6696449347632716
female,26-27,-3,-0.9440179125659591,-0.9437124345500167,-0.9439559809465096
female,26-27,-2,-0.05023062625469598,-0.04988373276954664,-0.05012727916603941
female,26-27,-1,0.9360932870818933,0.936281491931364,0.9360379455348712
female,26-27,0,1.750373071438799,1.7501724896611939,1.7499289432647012
female,26-27,1,1.7315616324406387,1.7314998125979677,1.731256266201475
female,26-27,2,1.4863811269665737,1.4864039678481964,1.4861604214517037
female,26-27,3,1.2202142207480446,1.2202340128453983,1.2199904664489056
female,26-27,4,0.9050765466698365,0.9051523549177586,0.9049088085212658
female,26-27,5,0.7038295837340536,0.7038345158287437,0.7035909694322509
female,26-27,6,0.42285512623253263,0.42293048008890755,0.4226869336924148
female,26-27,7,0.27780036442780326,0.27778251571998014,0.2775389693234874
female,26-27,8,0.009974397504709059,0.010007644850057543,0.009764098453564775
female,26-27,9,-0.26455020947019303,-0.26445345631940265,-0.2646970027158954
female,26-27,10,-0.31981001289205124,-0.3198908651353226,-0.3201344115318154
female,26-27,11,-0.7061583823650145,-0.7060582105371677,-0.7063017569336605
female,26-27,12,-0.9400611608381217,-0.9400008348028657,-0.9402443811993585
female,26-27,13,-1.0399605710808328,-1.0399463474849164,-1.0401898938814091
female,26-27,14,-1.1079262235858196,-1.10794487979008,-1.1081884261865727
female,26-27,15,-1.2570692898325477,-1.2571278969936508,-1.2573714433901435
female,26-27,16,-1.6996269070846006,-1.6993877472592,-1.6996312936556928
female,26-27,17,-1.5637090534836495,-1.5638423565497752,-1.564085902946268
female,26-27,18,-1.882770317618158,-1.8826675342101253,-1.882911080606618
female,26-27,19,-1.9712772387522681,-1.9712048643705768,-1.9714484107670696
female,26-27,20,-1.854262899897174,-1.854492243722627,-1.8547357901191197
female,26-27,21,-2.6787287607538235,-2.6782595578178157,-2.6785031042143084
female,26-27,22,-2.5540291758220186,-2.554065650500764,-2.5543091968972567
female,26-27,23,-2.546947527562677,-2.5470595206507056,-2.5473030670471983
female,26-27,24,-2.938142722733271,-2.937959995676873,-2.938203542073366
female,26-27,25,-2.868199575586395,-2.8682926965723854,-2.868536242968878
female,26-27,26,-3.0993621042945545,-3.0993343130238453,-3.099577859420338
female,26-27,27,-3.2909067890654837,-3.2907394880408996,-3.2909830344373923
female,26-27,28,-3.0375024463485816,-3.037720974086327,-3.0379645204828196
female,26-27,29,-3.5989273520212306,-3.5986079617873856,-3.5988515081838783
female,26-27,30,-3.4208644285787435,-3.420914007149894,-3.4211575535463865
female,26-27,31,-3.4059541674920593,-3.4060867307669986,-3.4063302771634913
female,26-27,32,-3.881079810326168,-3.880882584125317,-3.88112613052181
female,26-27,33,-3.89635759731848,-3.8964234512166214,-3.896666997613114
female,26-27,34,-4.135692536245441,-4.1357245102950495,-4.135968056691542
female,26-27,35,-4.621356987604008,-4.620983836573984,-4.621227382970477
female,26-27,36,-4.235629031057648,-4.235896573280701,-4.236140119677193
female,26-27,37,-4.897089454649857,-4.896478229931051,-4.896721776327544
female,26-27,38,-4.25663082775922,-4.257035228072206,-4.257278774468698
female,26-27,39,-5.644497474844402,-5.642781052759041,-5.643024599155534
female,26-27,40,-4.528680935300837,-4.528896562934833,-4.529140109331325
female,26-27,41,-4.464680677674098,-4.464848178517555,-4.465091724914048
female,26-27,42,-5.070693231468119,-5.070482709986004,-5.070726256382497
female,26-27,43,-5.357932622154667,-5.357776753939215,-5.358020300335708
female,26-27,44,-5.123472585316633,-5.123622743166594,-5.123866289563087
female,26-27,45,-9.210340371976182,-5.123472590066587,-5.12371613646308
female,26-27,46,-9.210340371976182,-5.123472590049679,-5.123716136446172
female,26-27,47,-9.210340371976182,-5.123472590049679,-5.123716136446172
female,26-27,48,-9.210340371976182,-5.123472590049679,-5.123716136446172
female,26-27,49,-9.210340371976182,-5.123472590049679,-5.123716136446172
female,26-27,50,-9.210340371976182,-5.123472590049679,-5.123716136446172
female,26-27,51,-9.210340371976182,-5.123472590049679,-5.123716136446172
female,26-27,52,-9.210340371976182,-5.123472590049679,-5.123716136446172
female,28-29,-52,-9.210340371976182,-9.210340371976182,-9.210769230559029
female,28-29,-51,-9.210340371976182,-9.210340371976182,-9.210769230559029
female,28-29,-50,-9.210340371976182,-9.210340371976182,-9.210769230559029
female,28-29,-49,-9.210340371976182,-9.210340371976182,-9.210769230559029
female,28-29,-48,-9.210340371976182,-9.210340371976182,-9.210769230559029
female,28-29,-47,-9.210340371976182,-9.210340371976182,-9.210769230559029
female,28-29,-46,-9.210340371976182,-9.210340371976182,-9.210769230559029
female,28-29,-45,-9.210340371976182,-9.210340371976182,-9.210769230559029
female,28-29,-44,-9.210340371976182,-9.210340371976182,-9.210769230559029
female,28-29,-43,-9.210340371976182,-9.210340371976182,-9.210769230559029
female,28-29,-42,-9.210340371976182,-9.210340371976182,-9.210769230559029
female,28-29,-41,-9.210340371976182,-9.210340371976182,-9.210769230559029
female,28-29,-40,-9.210340371976182,-9.210340371976182,-9.210769230559029
female,28-29,-39,-9.210340371976182,-9.210340371976182,-9.210769230559029
female,28-29,-38,-9.210340371976182,-9.210340371976182,-9.210769230559029
female,28-29,-37,-9.210340371976182,-9.210340371976182,-9.210769230559029
female,28-29,-36,-9.210340371976182,-9.210340371976182,-9.210769230559029
female,28-29,-35,-9.210340371976182,-9.210340371976182,-9.210769230559029
female,28-29,-34,-9.210340371976182,-9.210340371976182,-9.210769230559029
female,28-29,-33,-9.210340371976182,-9.210340371976182,-9.210769230559029
female,28-29,-32,-9.210340371976182,-9.210340371976182,-9.210769230559029
female,28-29,-31,-9.210340371976182,-9.210340371976182,-9.210769230559029
female,28-29,-30,-9.210340371976182,-6.169380722281788,-6.1698095808646345
female,28-29,-29,-9.210340371976182,-6.1693807222817885,-6.169809580864635
female,28-29,-28,-9.210340371976182,-6.1693807222817885,-6.169809580864635
female,28-29,-27,-9.210340371976182,-6.1693807222817885,-6.169809580864635
female,28-29,-26,-9.210340371976182,-6.1693807222817885,-6.169809580864635
female,28-29,-25,-9.210340371976182,-6.1693807222817885,-6.169809580864635
female,28-29,-24,-9.210340371976182,-6.1693807222817885,-6.169809580864635
female,28-29,-23,-9.210340371976182,-6.1693807222817885,-6.169809580864635
female,28-29,-22,-9.210340371976182,-6.1693807222817885,-6.169809580864635
female,28-29,-21,-9.210340371976182,-6.169380722281788,-6.1698095808646345
female,28-29,-20,-9.210340371976182,-6.1693807222817885,-6.169809580864635
female,28-29,-19,-9.210340371976182,-6.169380722281791,-6.169809580864638
female,28-29,-18,-9.210340371976182,-6.16938072228197,-6.169809580864817
female,28-29,-17,-9.210340371976182,-6.169380722291699,-6.169809580874546
female,28-29,-16,-9.210340371976182,-6.169380722822869,-6.169809581405716
female,28-29,-15,-9.210340371976182,-6.169380751823803,-6.1698096104066495
female,28-29,-14,-9.210340371976182,-6.169382335219764,-6.169811193802611
female,28-29,-13,-9.210340371976182,-6.169468781664351,-6.169897640247198
female,28-29,-12,-9.210340371976182,-6.174176572874312,-6.174605431457159
female,28-29,-11,-6.16938385024555,-6.4001733614591005,-6.4006022200419475
female,28-29,-10,-9.210340371976182,-6.770178959228766,-6.770607817811613
female,28-29,-9,-4.710943598526298,-4.78387012741264,-4.784298985995487
female,28-29,-8,-4.436937634070412,-4.281865277017733,-4.28229413560058
female,28-29,-7,-3.4199096638433537,-3.3676826909483584,-3.3681115495312057
female,28-29,-6,-2.6870261943646074,-2.65436650812059,-2.6547953667034374
female,28-29,-5,-2.102350879100572,-2.0314647453155765,-2.031893603898424
female,28-29,-4,-1.3465215968097226,-1.3018227511902916,-1.3022516097731387
female,28-29,-3,-0.6631477831932364,-0.5771548644491783,-0.5775837230320255
female,28-29,-2,0.21008084426660092,0.28321394894438895,0.28278509036154176
female,28-29,-1,1.0774531771273554,1.116601781435091,1.116172922852244
female,28-29,0,1.7941823296245314,1.7288283200108243,1.7283994614279772
female,28-29,1,1.7415067304341854,1.7283951198034073,1.7279662612205602
female,28-29,2,1.5350616396024768,1.545846822199832,1.545417963616985
female,28-29,3,1.3672007733457894,1.3633093620324486,1.3628805034496014
female,28-29,4,1.074031338998151,1.0922481306571248,1.0918192720742776
female,28-29,5,0.8355302264393069,0.8424288050415403,0.841999946458693
female,28-29,6,0.5586195486783987,0.576511176239242,0.5760823176563947
female,28-29,7,0.3593159809302556,0.3689018844311005,0.3684730258482533
female,28-29,8,0.1846140806638078,0.1918601624701923,0.19143130388734508
female,28-29,9,0.023937200018984847,0.026942353063758313,0.026513494480911105
female,28-29,10,-0.1544870557050686,-0.15401796596063896,-0.15444682454348618
female,28-29,11,-0.3780364436397497,-0.38069237679265405,-0.38112123537550124
female,28-29,12,-0.7203568372513822,-0.6890033381136919,-0.6894321966965391
female,28-29,13,-0.8708858386102953,-0.8811813792371347,-0.8816102378199819
female,28-29,14,-1.1993156645186265,-1.167549045754588,-1.1679779043374352
female,28-29,15,-1.3076409930053954,-1.303788318848887,-1.3042171774317342
female,28-29,16,-1.3976347614773763,-1.4137510482219842,-1.4141799068048313
female,28-29,17,-1.6993378392901513,-1.67147888482187,-1.6719077434047172
female,28-29,18,-1.8185661818370407,-1.8157272607495467,-1.8161561193323938
female,28-29,19,-1.9303214177955115,-1.9349001105268973,-1.9353289691097444
female,28-29,20,-2.102096456665384,-2.114713214134502,-2.1151420727173496
female,28-29,21,-2.4484310236959352,-2.408339875366222,-2.4087687339490693
female,28-29,22,-2.4659486839415274,-2.4450415334635016,-2.445470392046349
female,28-29,23,-2.298415207486646,-2.350161948531586,-2.3505908071144335
female,28-29,24,-2.6740956251174484,-2.639252276999588,-2.6396811355824354
female,28-29,25,-2.80003864320118,-2.7824751152899743,-2.7829039738728216
female,28-29,26,-2.769689048344246,-2.8039706786872562,-2.8043995372701036
female,28-29,27,-3.109629948817798,-3.06592334195053,-3.066352200533377
female,28-29,28,-3.0977402024194296,-3.134228987204612,-3.1346578457874594
female,28-29,29,-3.484941655326853,-3.424083034725225,-3.4245118933080723
female,28-29,30,-3.36917900657185,-3.4642860626624166,-3.464714921245264
female,28-29,31,-4.65178952947948,-4.329075959116595,-4.3295048176994415
female,28-29,32,-3.9398529404612175,-4.022335086591222,-4.022763945174069
female,28-29,33,-4.215017890217817,-4.160678026703021,-4.161106885285868
female,28-29,34,-4.032422337798191,-4.082705997969589,-4.083134856552436
female,28-29,35,-4.384915988636917,-4.36474364642104,-4.365172505003887
female,28-29,36,-4.678030738999818,-4.672520489120757,-4.672949347703604
female,28-29,37,-5.065356986994977,-5.071387840297276,-5.071816698880123
female,28-29,38,-5.949026430256838,-5.555922186941664,-5.556351045524511
female,28-29,39,-4.520546243822615,-4.701679747959437,-4.702108606542284
female,28-29,40,-6.100823372312139,-5.468509198391688,-5.468938056974535
female,28-29,41,-4.417428152560766,-4.575894400598625,-4.576323259181472
female,28-29,42,-8.524533908719627,-5.868484823665138,-5.868913682247985
female,28-29,43,-9.210340371976182,-8.254553971572218,-8.254982830155065
female,28-29,44,-9.210340371976182,-8.518841313946528,-8.519270172529374
female,28-29,45,-9.210340371976182,-8.524426231779778,-8.524855090362625
female,28-29,46,-9.210340371976182,-8.524528824331886,-8.524957682914733
female,28-29,47,-9.210340371976182,-8.52453070348146,-8.524959562064307
female,28-29,48,-9.210340371976182,-8.524530737899319,-8.524959596482166
female,28-29,49,-9.210340371976182,-8.524530738529705,-8.524959597112552
female,28-29,50,-9.210340371976182,-8.524530738541252,-8.524959597124099
female,28-29,51,-9.210340371976182,-8.524530738541463,-8.52495959712431
female,28-29,52,-9.210340371976182,-8.524530738541467,-8.524959597124314
female,30-31,-52,-9.210340371976182,-9.210340371976182,-9.210734378161256
female,30-31,-51,-9.210340371976182,-9.210340371976182,-9.210734378161256
female,30-31,-50,-9.210340371976182,-9.210340371976182,-9.210734378161256
female,30-31,-49,-9.210340371976182,-9.210340371976182,-9.210734378161256
female,30-31,-48,-9.210340371976182,-9.210340371976182,-9.210734378161256
female,30-31,-47,-9.210340371976182,-9.210340371976182,-9.210734378161256
female,30-31,-46,-9.210340371976182,-9.210340371976182,-9.210734378161256
female,30-31,-45,-9.210340371976182,-9.210340371976182,-9.210734378161256
female,30-31,-44,-9.210340371976182,-9.210340371976182,-9.210734378161256
female,30-31,-43,-9.210340371976182,-9.210340371976182,-9.210734378161256
female,30-31,-42,-9.210340371976182,-9.210340371976182,-9.210734378161256
female,30-31,-41,-9.210340371976182,-9.210340371976182,-9.210734378161256
female,30-31,-40,-9.210340371976182,-9.210340371976182,-9.210734378161256
female,30-31,-39,-9.210340371976182,-9.210340371976182,-9.210734378161256
female,30-31,-38,-9.210340371976182,-9.210340371976182,-9.210734378161256
female,30-31,-37,-9.210340371976182,-9.210340371976182,-9.210734378161256
female,30-31,-36,-9.210340371976182,-9.210340371976182,-9.210734378161256
female,30-31,-35,-9.210340371976182,-9.210340371976182,-9.210734378161256
female,30-31,-34,-9.210340371976182,-9.210340371976182,-9.210734378161256
female,30-31,-33,-9.210340371976182,-9.210340371976182,-9.210734378161256
female,30-31,-32,-9.210340371976182,-9.210340371976182,-9.210734378161256
female,30-31,-31,-9.210340371976182,-9.210340371976182,-9.210734378161256
female,30-31,-30,-9.210340371976182,-9.210340371976182,-9.210734378161256
female,30-31,-29,-9.210340371976182,-9.210340371976182,-9.210734378161256
female,30-31,-28,-9.210340371976182,-9.210340371976182,-9.210734378161256
female,30-31,-27,-9.210340371976182,-9.210340371976182,-9.210734378161256
female,30-31,-26,-9.210340371976182,-9.210340371976182,-9.210734378161256
female,30-31,-25,-9.210340371976182,-9.210340371976182,-9.210734378161256
female,30-31,-24,-9.210340371976182,-9.210340371976182,-9.210734378161256
female,30-31,-23,-9.210340371976182,-9.210340371976182,-9.210734378161256
female,30-31,-22,-9.210340371976182,-5.668546034211081,-5.668940040396155
female,30-31,-21,-9.210340371976182,-5.668546034211081,-5.668940040396155
female,30-31,-20,-9.210340371976182,-5.668546034211081,-5.668940040396155
female,30-31,-19,-9.210340371976182,-5.668546034211081,-5.668940040396155
female,30-31,-18,-9.210340371976182,-5.668546034211081,-5.668940040396155
female,30-31,-17,-9.210340371976182,-5.668546034211081,-5.668940040396155
female,30-31,-16,-9.210340371976182,-5.668546034211081,-5.668940040396155
female,30-31,-15,-9.210340371976182,-5.668546034211081,-5.668940040396155
female,30-31,-14,-9.210340371976182,-5.668546034191805,-5.668940040376879
female,30-31,-13,-5.668545988153154,-5.66837486744959,-5.668768873634664
female,30-31,-12,-5.43880182729144,-5.438613255852333,-5.439007262037407
female,30-31,-11,-4.935079835365523,-4.935106647161374,-4.935500653346447
female,30-31,-10,-4.6690923016780825,-4.6687547631586,-4.669148769343674
female,30-31,-9,-3.877424632034362,-3.8774228094635665,-3.8778168156486403
female,30-31,-8,-3.461185177428108,-3.4609339793892473,-3.461327985574321
female,30-31,-7,-2.7403571959046675,-2.7402525153460955,-2.7406465215311693
female,30-31,-6,-2.140510704322294,-2.1403366793995104,-2.1407306855845842
female,30-31,-5,-1.4503546118890744,-1.4502832745897034,-1.4506772807747774
female,30-31,-4,-0.8906672001556701,-0.8905852577543103,-0.8909792639393842
female,30-31,-3,-0.3450344140216186,-0.34481432467905027,-0.34520833086412417
female,30-31,-2,0.42883542871249375,0.42899765040785925,0.42860364422278535
female,30-31,-1,1.1649147777683448,1.1650277441234105,1.1646337379383365
female,30-31,0,1.8203158167774007,1.8201371086784213,1.8197431024933473
female,30-31,1,1.7945471267053164,1.7945055057239823,1.7941114995389082
female,30-31,2,1.6150442732101848,1.6150654371289361,1.6146714309438621
female,30-31,3,1.4385387209592453,1.4385431932984036,1.4381491871133296
female,30-31,4,1.205155923049292,1.2051846704268996,1.2047906642418256
female,30-31,5,0.9747156420649865,0.9747605491171439,0.97436654293207
female,30-31,6,0.8041323642312294,0.8041245878378036,0.8037305816527297
female,30-31,7,0.5303548724348331,0.5304037246766466,0.5300097184915727
female,30-31,8,0.31214398449802244,0.3121364040900436,0.3117423979049697
female,30-31,9,-0.014643494639258108,-0.014502879314216217,-0.014896885499290122
female,30-31,10,0.01723445914334142,0.01713715769817364,0.016743151513099734
female,30-31,11,-0.3065530956030779,-0.3064571208150811,-0.306851127000155
female,30-31,12,-0.443722867075653,-0.4437306417491961,-0.44412464793427
female,30-31,13,-0.6440451609600284,-0.644043691177549,-0.6444376973626229
female,30-31,14,-0.9099416383065962,-0.9098834281892706,-0.9102774343743445
female,30-31,15,-1.0703713978906937,-1.0703318068551495,-1.0707258130402235
female,30-31,16,-1.1417468226108785,-1.1417333827478848,-1.1421273889329588
female,30-31,17,-1.1797277760948404,-1.1798250465892284,-1.1802190527743024
female,30-31,18,-1.5729444707958604,-1.572863581371756,-1.57325758755683
female,30-31,19,-1.8310849390212316,-1.8310332984854274,-1.8314273046705014
female,30-31,20,-1.9685509159394845,-1.9685909374209674,-1.9689849436060414
female,30-31,21,-2.2814559073644154,-2.2813174255019164,-2.28171143168699
female,30-31,22,-2.242593042778171,-2.242733819576831,-2.243127825761905
female,30-31,23,-2.7269851154570564,-2.7268550310282467,-2.7272490372133205
female,30-31,24,-3.0005997399013107,-3.000318411730785,-3.000712417915859
female,30-31,25,-2.5774661282549416,-2.5776288780936643,-2.578022884278738
female,30-31,26,-2.725791485652775,-2.725891792976725,-2.726285799161799
female,30-31,27,-3.3291171430877906,-3.328721979152903,-3.329115985337977
female,30-31,28,-3.02188783432607,-3.0220794606772667,-3.0224734668623405
female,30-31,29,-3.3781064937581866,-3.378097213249307,-3.378491219434381
female,30-31,30,-3.8716228846487635,-3.8714182907610444,-3.871812296946118
female,30-31,31,-3.904620095085121,-3.904746128867828,-3.9051401350529016
female,30-31,32,-4.451775370639065,-4.451387022848388,-4.451781029033461
female,30-31,33,-4.098350977129168,-4.09844930130288,-4.098843307487954
female,30-31,34,-4.08480554894794,-4.084872818248451,-4.085266824433525
female,30-31,35,-4.303701001392519,-4.303088536085437,-4.303482542270511
female,30-31,36,-3.3306419092377313,-3.331128342946157,-3.3315223491312307
female,30-31,37,-5.133902044471257,-5.132066160315736,-5.13246016650081
female,30-31,38,-4.963701137977169,-4.963540424125435,-4.963934430310509
female,30-31,39,-4.457279046588223,-4.457479558891968,-4.457873565077041
female,30-31,40,-4.952531884739485,-4.952091426456733,-4.952485432641807
female,30-31,41,-9.210340371976182,-4.952531888202796,-4.95292589438787
female,30-31,42,-9.210340371976182,-4.952531888252408,-4.952925894437482
female,30-31,43,-9.210340371976182,-4.952531888252408,-4.952925894437482
female,30-31,44,-9.210340371976182,-4.952531888252408,-4.952925894437482
female,30-31,45,-9.210340371976182,-4.952531888252408,-4.952925894437482
female,30-31,46,-9.210340371976182,-4.952531888252408,-4.952925894437482
female,30-31,47,-9.210340371976182,-4.952531888252408,-4.952925894437482
female,30-31,48,-9.210340371976182,-4.952531888252408,-4.952925894437482
female,30-31,49,-9.210340371976182,-4.952531888252408,-4.952925894437482
female,30-31,50,-9.210340371976182,-9.210340371976182,-9.210734378161256
female,30-31,51,-9.210340371976182,-9.210340371976182,-9.210734378161256
female,30-31,52,-9.210340371976182,-9.210340371976182,-9.210734378161256
female,32-33,-52,-9.210340371976182,-9.210340371976182,-9.210717888708356
female,32-33,-51,-9.210340371976182,-9.210340371976182,-9.210717888708356
female,32-33,-50,-9.210340371976182,-9.210340371976182,-9.210717888708356
female,32-33,-49,-9.210340371976182,-9.210340371976182,-9.210717888708356
female,32-33,-48,-9.210340371976182,-9.210340371976182,-9.210717888708356
female,32-33,-47,-9.210340371976182,-9.210340371976182,-9.210717888708356
female,32-33,-46,-9.210340371976182,-9.210340371976182,-9.210717888708356
female,32-33,-45,-9.210340371976182,-9.210340371976182,-9.210717888708356
female,32-33,-44,-9.210340371976182,-9.210340371976182,-9.210717888708356
female,32-33,-43,-9.210340371976182,-9.210340371976182,-9.210717888708356
female,32-33,-42,-9.210340371976182,-9.210340371976182,-9.210717888708356
female,32-33,-41,-9.210340371976182,-9.210340371976182,-9.210717888708356
female,32-33,-40,-9.210340371976182,-9.210340371976182,-9.210717888708356
female,32-33,-39,-9.210340371976182,-9.210340371976182,-9.210717888708356
female,32-33,-38,-9.210340371976182,-9.210340371976182,-9.210717888708356
female,32-33,-37,-9.210340371976182,-9.210340371976182,-9.210717888708356
female,32-33,-36,-9.210340371976182,-9.210340371976182,-9.210717888708356
female,32-33,-35,-9.210340371976182,-9.210340371976182,-9.210717888708356
female,32-33,-34,-9.210340371976182,-9.210340371976182,-9.210717888708356
female,32-33,-33,-9.210340371976182,-9.210340371976182,-9.210717888708356
female,32-33,-32,-9.210340371976182,-9.210340371976182,-9.210717888708356
female,32-33,-31,-9.210340371976182,-9.210340371976182,-9.210717888708356
female,32-33,-30,-9.210340371976182,-9.210340371976182,-9.210717888708356
female,32-33,-29,-9.210340371976182,-9.210340371976182,-9.210717888708356
female,32-33,-28,-9.210340371976182,-9.210340371976182,-9.210717888708356
female,32-33,-27,-9.210340371976182,-9.210340371976182,-9.210717888708356
female,32-33,-26,-9.210340371976182,-9.210340371976182,-9.210717888708356
female,32-33,-25,-9.210340371976182,-9.210340371976182,-9.210717888708356
female,32-33,-24,-9.210340371976182,-7.388618490339024,-7.3889960070711975
female,32-33,-23,-9.210340371976182,-7.388618490339024,-7.3889960070711975
female,32-33,-22,-9.210340371976182,-7.388618490339024,-7.3889960070711975
female,32-33,-21,-9.210340371976182,-7.388618490339024,-7.3889960070711975
female,32-33,-20,-9.210340371976182,-7.388618490339024,-7.3889960070711975
female,32-33,-19,-9.210340371976182,-7.388618490339024,-7.3889960070711975
female,32-33,-18,-9.210340371976182,-7.388618490339024,-7.3889960070711975
female,32-33,-17,-9.210340371976182,-7.388618490339024,-7.3889960070711975
female,32-33,-16,-9.210340371976182,-7.388618490134372,-7.388996006866546
female,32-33,-15,-7.388618445497349,-7.386802800518543,-7.387180317250717
female,32-33,-14,-6.073586106814567,-6.0738114449920815,-6.074188961724255
female,32-33,-13,-6.428710095233595,-6.427769109381991,-6.428146626114165
female,32-33,-12,-5.217942460688806,-5.217630105409546,-5.2180076221417195
female,32-33,-11,-4.2686157165524845,-4.268390008442296,-4.26876752517447
female,32-33,-10,-3.4730799429766885,-3.4730592182878475,-3.473436735020021
female,32-33,-9,-3.018875374807446,-3.01890006562576,-3.019277582357933
female,32-33,-8,-2.7676511374160957,-2.7673786846481248,-2.767756201380298
female,32-33,-7,-2.0464535103495396,-2.046455743575904,-2.046833260308077
female,32-33,-6,-1.6164150635164183,-1.6163093654003065,-1.6166868821324798
female,32-33,-5,-1.0779943511682182,-1.0778937445914556,-1.078271261323629
female,32-33,-4,-0.49900013015957567,-0.4989535482913966,-0.49933106502356994
female,32-33,-3,-0.014058745782928357,-0.013942536275514575,-0.014320053007687945
female,32-33,-2,0.5662675553388591,0.5664435315703724,0.5660660148381991
female,32-33,-1,1.2993637451364173,1.2994373856687005,1.2990598689365271
female,32-33,0,1.912819425115741,1.9126431541866127,1.9122656374544393
female,32-33,1,1.8772950109868658,1.8772516038351796,1.8768740871030063
female,32-33,2,1.680507079080448,1.6805353111701669,1.6801577944379935
female,32-33,3,1.510578772176789,1.5105877758155244,1.510210259083351
female,32-33,4,1.3031172055487306,1.3031541575715055,1.3027766408393322
female,32-33,5,1.1407682803878896,1.1407507906763703,1.140373273944197
female,32-33,6,0.8537263830081332,0.8537798297560321,0.8534023130238587
female,32-33,7,0.6443061208202138,0.644316111622529,0.6439385948903557
female,32-33,8,0.40361699904762205,0.4036647356669835,0.4032872189348102
female,32-33,9,0.23768653539258708,0.23770684926452249,0.2373293325323491
female,32-33,10,0.08999696449732669,0.0899803033371278,0.08960278660495442
female,32-33,11,-0.1611605151883018,-0.16112467759360963,-0.161502194325783
female,32-33,12,-0.3796791110780311,-0.3796454308106471,-0.38002294754282046
female,32-33,13,-0.5538240539285365,-0.5538195987152131,-0.5541971154473865
female,32-33,14,-0.7734193565375935,-0.7733731142447102,-0.7737506309768836
female,32-33,15,-0.9001186494968455,-0.9001328367365194,-0.9005103534686928
female,32-33,16,-1.091240307894259,-1.0912404396837772,-1.0916179564159505
female,32-33,17,-1.3165877481313126,-1.316517176011491,-1.3168946927436644
female,32-33,18,-1.3503305519418216,-1.3504136138723968,-1.3507911306045701
female,32-33,19,-1.6870484833646457,-1.6869783489522017,-1.687355865684375
female,32-33,20,-1.9036945730037804,-1.903710205417262,-1.9040877221494354
female,32-33,21,-2.24160670146456,-2.24146175837257,-2.241839275104743
female,32-33,22,-2.2131916893169,-2.2132585658065342,-2.2136360825387076
female,32-33,23,-2.4027236045131253,-2.4026144739343063,-2.4029919906664796
female,32-33,24,-2.293531546078031,-2.2937284994953853,-2.2941060162275586
female,32-33,25,-2.9421706182873346,-2.941718813529643,-2.9420963302618164
female,32-33,26,-2.5743276679503704,-2.574556703563763,-2.5749342202959364
female,32-33,27,-3.030242610633955,-3.030079438826023,-3.030456955558196
female,32-33,28,-3.10718930162418,-3.1072244414801067,-3.10760195821228
female,32-33,29,-3.3230636621899214,-3.322976321312799,-3.3233538380449725
female,32-33,30,-3.3149651844522583,-3.3150490738753473,-3.3154265906075207
female,32-33,31,-3.601133469486484,-3.601162586193708,-3.6015401029258816
female,32-33,32,-4.192218705148263,-4.191677292307736,-4.1920548090399095
female,32-33,33,-3.59566549303547,-3.596023148480346,-3.5964006652125193
female,32-33,34,-4.568714964704609,-4.568071401661369,-4.568448918393543
female,32-33,35,-4.383489987725639,-4.383578102530786,-4.383955619262959
female,32-33,36,-4.477643642892636,-4.47769747380638,-4.478074990538554
female,32-33,37,-4.793015315268127,-4.792936085100658,-4.793313601832832
female,32-33,38,-5.139213392832992,-5.138931547699942,-5.1393090644321155
female,32-33,39,-9.210340371976182,-5.139213395173506,-5.13959091190568
female,32-33,40,-9.210340371976182,-5.139213395205251,-5.139590911937424
female,32-33,41,-9.210340371976182,-5.139213395205251,-5.139590911937424
female,32-33,42,-9.210340371976182,-5.139213395205251,-5.139590911937424
female,32-33,43,-9.210340371976182,-5.139213395205251,-5.139590911937424
female,32-33,44,-9.210340371976182,-5.139213395205251,-5.139590911937424
female,32-33,45,-9.210340371976182,-5.139213395205251,-5.139590911937424
female,32-33,46,-9.210340371976182,-5.139213395205251,-5.139590911937424
female,32-33,47,-9.210340371976182,-5.139213395205251,-5.139590911937424
female,32-33,48,-9.210340371976182,-9.210340371976182,-9.210717888708356
female,32-33,49,-9.210340371976182,-9.210340371976182,-9.210717888708356
female,32-33,50,-9.210340371976182,-9.210340371976182,-9.210717888708356
female,32-33,51,-9.210340371976182,-9.210340371976182,-9.210717888708356
female,32-33,52,-9.210340371976182,-9.210340371976182,-9.210717888708356
female,34-35,-52,-9.210340371976182,-9.210340371976182,-9.210699034429457
female,34-35,-51,-9.210340371976182,-9.210340371976182,-9.210699034429457
female,34-35,-50,-9.210340371976182,-9.210340371976182,-9.210699034429457
female,34-35,-49,-9.210340371976182,-9.210340371976182,-9.210699034429457
female,34-35,-48,-9.210340371976182,-9.210340371976182,-9.210699034429457
female,34-35,-47,-9.210340371976182,-9.210340371976182,-9.210699034429457
female,34-35,-46,-9.210340371976182,-9.210340371976182,-9.210699034429457
female,34-35,-45,-9.210340371976182,-9.210340371976182,-9.210699034429457
female,34-35,-44,-9.210340371976182,-9.210340371976182,-9.210699034429457
female,34-35,-43,-9.210340371976182,-9.210340371976182,-9.210699034429457
female,34-35,-42,-9.210340371976182,-9.210340371976182,-9.210699034429457
female,34-35,-41,-9.210340371976182,-9.210340371976182,-9.210699034429457
female,34-35,-40,-9.210340371976182,-9.210340371976182,-9.210699034429457
female,34-35,-39,-9.210340371976182,-9.210340371976182,-9.210699034429457
female,34-35,-38,-9.210340371976182,-9.210340371976182,-9.210699034429457
female,34-35,-37,-9.210340371976182,-9.210340371976182,-9.210699034429457
female,34-35,-36,-9.210340371976182,-9.210340371976182,-9.210699034429457
female,34-35,-35,-9.210340371976182,-9.210340371976182,-9.210699034429457
female,34-35,-34,-9.210340371976182,-9.210340371976182,-9.210699034429457
female,34-35,-33,-9.210340371976182,-9.210340371976182,-9.210699034429457
female,34-35,-32,-9.210340371976182,-9.210340371976182,-9.210699034429457
female,34-35,-31,-9.210340371976182,-9.210340371976182,-9.210699034429457
female,34-35,-30,-9.210340371976182,-9.210340371976182,-9.210699034429457
female,34-35,-29,-9.210340371976182,-9.210340371976182,-9.210699034429457
female,34-35,-28,-9.210340371976182,-9.210340371976182,-9.210699034429457
female,34-35,-27,-9.210340371976182,-9.210340371976182,-9.210699034429457
female,34-35,-26,-9.210340371976182,-6.531579705871022,-6.531938368324297
female,34-35,-25,-9.210340371976182,-6.531579705871022,-6.531938368324297
female,34-35,-24,-9.210340371976182,-6.531579705871022,-6.531938368324297
female,34-35,-23,-9.210340371976182,-6.531579705871022,-6.531938368324297
female,34-35,-22,-9.210340371976182,-6.531579705871022,-6.531938368324297
female,34-35,-21,-9.210340371976182,-6.531579705871022,-6.531938368324297
female,34-35,-20,-9.210340371976182,-6.531579705871022,-6.531938368324297
female,34-35,-19,-9.210340371976182,-6.531579705871022,-6.531938368324297
female,34-35,-18,-9.210340371976182,-6.5315797058785545,-6.531938368331829
female,34-35,-17,-6.531579662693397,-6.531646596849315,-6.53200525930259
female,34-35,-16,-6.637267233796873,-6.637426487997736,-6.637785150451011
female,34-35,-15,-7.3752864919050305,-7.373117499761471,-7.373476162214746
female,34-35,-14,-5.530011239264987,-5.5293191391450165,-5.529677801598291
female,34-35,-13,-4.188117869666617,-4.188246508452895,-4.18860517090617
female,34-35,-12,-3.9085455652394003,-3.908511117260448,-3.908869779713722
female,34-35,-11,-3.623997064389656,-3.623715774241306,-3.6240744366945803
female,34-35,-10,-2.8887650893264887,-2.888931734166116,-2.88929039661939
female,34-35,-9,-2.863030634102205,-2.8626000633828688,-2.862958725836143
female,34-35,-8,-2.0041629529768867,-2.0042770342881155,-2.00463569674139
female,34-35,-7,-1.764083808804274,-1.7639084981540418,-1.7642671606073161
female,34-35,-6,-1.1795867425400375,-1.179529801182334,-1.1798884636356084
female,34-35,-5,-0.6734400640429588,-0.6734452257178488,-0.6738038881711232
female,34-35,-4,-0.3250166257128875,-0.32485796937577693,-0.32521663182905136
female,34-35,-3,0.293470557083707,0.29352038375902645,0.293161721305752
female,34-35,-2,0.8250411033375453,0.8251449370563126,0.8247862746030382
female,34-35,-1,1.4245293921284239,1.4245890290950227,1.4242303666417484
female,34-35,0,1.9597485683405729,1.9595790166297131,1.9592203541764388
female,34-35,1,1.8848155010198855,1.8848120182116705,1.8844533557583962
female,34-35,2,1.7767382272416927,1.7767261102941068,1.7763674478408324
female,34-35,3,1.5900154850010089,1.5900406114897223,1.589681949036448
female,34-35,4,1.4288375271242006,1.4288219986601984,1.4284633362069241
female,34-35,5,1.167036811755223,1.1670795620397312,1.1667208995864569
female,34-35,6,0.9667896622120798,0.9668067402487645,0.96644807779549
female,34-35,7,0.7503448057629648,0.7503751455701658,0.7500164831168914
female,34-35,8,0.5589294978206707,0.5589423323278654,0.558583669874591
female,34-35,9,0.35316709391491174,0.3532106062256929,0.35285194377241846
female,34-35,10,0.23506410587449467,0.23504553502781708,0.23468687257454268
female,34-35,11,0.018200599181864906,0.01820353984674391,0.01784487739346951
female,34-35,12,-0.28248620915291045,-0.28241039921070704,-0.28276906166398147
female,34-35,13,-0.4347907622537756,-0.4347882144327621,-0.43514687688603654
female,34-35,14,-0.6013184907619646,-0.6012921916531192,-0.6016508541063936
female,34-35,15,-0.7039638422506869,-0.7039866929330768,-0.7043453553863512
female,34-35,16,-0.8905631592640444,-0.89058910234524,-0.8909477647985145
female,34-35,17,-1.2246478389722621,-1.22455598967528,-1.2249146521285543
female,34-35,18,-1.360839961067668,-1.360841608988328,-1.3612002714416023
female,34-35,19,-1.5230577257828748,-1.5231025802587956,-1.52346124271207
female,34-35,20,-1.8981658213655004,-1.8980172085816613,-1.8983758710349357
female,34-35,21,-1.9133358014194757,-1.9133912391704075,-1.9137499016236819
female,34-35,22,-2.1131710005755058,-2.113164936506033,-2.1135235989593073
female,34-35,23,-2.3373179549321237,-2.3373452656467566,-2.337703928100031
female,34-35,24,-2.7337235012472396,-2.733495160188773,-2.7338538226420472
female,34-35,25,-2.558093869477768,-2.5582502434531382,-2.5586089059064125
female,34-35,26,-2.9313950152409953,-2.931201636401438,-2.9315602988547123
female,34-35,27,-2.8108183255075265,-2.8109100169996024,-2.8112686794528767
female,34-35,28,-2.983143924549082,-2.983163403356424,-2.9835220658096984
female,34-35,29,-3.2817132787746908,-3.281665379891954,-3.2820240423452285
female,34-35,30,-3.535676987269416,-3.5356610120621768,-3.536019674515451
female,34-35,31,-3.847082326941414,-3.8467915962292887,-3.847150258682563
female,34-35,32,-3.437628827324988,-3.4376233504317333,-3.4379820128850076
female,34-35,33,-3.111524308810434,-3.111728114492321,-3.112086776945595
female,34-35,34,-3.5137152151021174,-3.51380446666065,-3.5141631291139244
female,34-35,35,-5.142366465560981,-5.140784524198357,-5.1411431866516315
female,34-35,36,-4.427193750940653,-4.427538402561108,-4.427897065014383
female,34-35,37,-9.210340371976182,-4.427193752160403,-4.427552414613678
female,34-35,38,-9.210340371976182,-4.427193752121598,-4.427552414574873
female,34-35,39,-9.210340371976182,-4.427193752121598,-4.427552414574873
female,34-35,40,-9.210340371976182,-4.427193752121598,-4.427552414574873
female,34-35,41,-9.210340371976182,-4.427193752121598,-4.427552414574873
female,34-35,42,-9.210340371976182,-4.427193752121598,-4.427552414574873
female,34-35,43,-9.210340371976182,-4.427193752121598,-4.427552414574873
female,34-35,44,-9.210340371976182,-4.427193752121598,-4.427552414574873
female,34-35,45,-9.210340371976182,-4.427193752121598,-4.427552414574873
female,34-35,46,-9.210340371976182,-9.210340371976182,-9.210699034429457
female,34-35,47,-9.210340371976182,-9.210340371976182,-9.210699034429457
female,34-35,48,-9.210340371976182,-9.210340371976182,-9.210699034429457
female,34-35,49,-9.210340371976182,-9.210340371976182,-9.210699034429457
female,34-35,50,-9.210340371976182,-9.210340371976182,-9.210699034429457
female,34-35,51,-9.210340371976182,-9.210340371976182,-9.210699034429457
female,34-35,52,-9.210340371976182,-9.210340371976182,-9.210699034429457
female,36-37,-52,-9.210340371976182,-9.210340371976182,-9.210648806984713
female,36-37,-51,-9.210340371976182,-9.210340371976182,-9.210648806984713
female,36-37,-50,-9.210340371976182,-9.210340371976182,-9.210648806984713
female,36-37,-49,-9.210340371976182,-9.210340371976182,-9.210648806984713
female,36-37,-48,-9.210340371976182,-9.210340371976182,-9.210648806984713
female,36-37,-47,-9.210340371976182,-9.210340371976182,-9.210648806984713
female,36-37,-46,-9.210340371976182,-9.210340371976182,-9.210648806984713
female,36-37,-45,-9.210340371976182,-9.210340371976182,-9.210648806984713
female,36-37,-44,-9.210340371976182,-9.210340371976182,-9.210648806984713
female,36-37,-43,-9.210340371976182,-9.210340371976182,-9.210648806984713
female,36-37,-42,-9.210340371976182,-9.210340371976182,-9.210648806984713
female,36-37,-41,-9.210340371976182,-9.210340371976182,-9.210648806984713
female,36-37,-40,-9.210340371976182,-9.210340371976182,-9.210648806984713
female,36-37,-39,-9.210340371976182,-9.210340371976182,-9.210648806984713
female,36-37,-38,-9.210340371976182,-9.210340371976182,-9.210648806984713
female,36-37,-37,-9.210340371976182,-9.210340371976182,-9.210648806984713
female,36-37,-36,-9.210340371976182,-9.210340371976182,-9.210648806984713
female,36-37,-35,-9.210340371976182,-9.210340371976182,-9.210648806984713
female,36-37,-34,-9.210340371976182,-9.210340371976182,-9.210648806984713
female,36-37,-33,-9.210340371976182,-9.210340371976182,-9.210648806984713
female,36-37,-32,-9.210340371976182,-9.210340371976182,-9.210648806984713
female,36-37,-31,-9.210340371976182,-9.210340371976182,-9.210648806984713
female,36-37,-30,-9.210340371976182,-9.210340371976182,-9.210648806984713
female,36-37,-29,-9.210340371976182,-9.210340371976182,-9.210648806984713
female,36-37,-28,-9.210340371976182,-4.844859907261138,-4.845168342269669
female,36-37,-27,-9.210340371976182,-4.844859907261138,-4.845168342269669
female,36-37,-26,-9.210340371976182,-4.844859907261138,-4.845168342269669
female,36-37,-25,-9.210340371976182,-4.844859907261138,-4.845168342269669
female,36-37,-24,-9.210340371976182,-4.844859907261138,-4.845168342269669
female,36-37,-23,-9.210340371976182,-4.844859907261138,-4.845168342269669
female,36-37,-22,-9.210340371976182,-4.844859907261138,-4.845168342269669
female,36-37,-21,-9.210340371976182,-4.844859907261138,-4.845168342269669
female,36-37,-20,-9.210340371976182,-4.844859907313766,-4.845168342322297
female,36-37,-19,-4.844859865522118,-4.845327359947184,-4.845635794955715
female,36-37,-18,-6.0058432165312565,-6.005668260899396,-6.005976695907927
female,36-37,-17,-6.805683209732522,-6.805180261107726,-6.805488696116257
female,36-37,-16,-6.551671380533225,-6.550637858477937,-6.550946293486468
female,36-37,-15,-5.108542235233615,-5.108578441366157,-5.1088868763746875
female,36-37,-14,-4.6301145889621,-4.630007651463496,-4.6303160864720265
female,36-37,-13,-4.116589541948824,-4.116516823157033,-4.116825258165564
female,36-37,-12,-3.6379565794240207,-3.6379172876630546,-3.638225722671586
female,36-37,-11,-3.2264959487580898,-3.226358565704618,-3.2266670007131495
female,36-37,-10,-2.648324462953149,-2.648243818297766,-2.6485522533062973
female,36-37,-9,-2.0987985141870324,-2.098743138800204,-2.0990515738087354
female,36-37,-8,-1.5993940633976655,-1.599375244870477,-1.5996836798790082
female,36-37,-7,-1.2020167698689834,-1.201967884033401,-1.202276319041932
female,36-37,-6,-0.7888849214270602,-0.7888129153945309,-0.7891213504030622
female,36-37,-5,-0.30332256311722855,-0.30330237454926595,-0.30361080955779723
female,36-37,-4,0.11300140003883488,0.11302994057124123,0.11272150556270998
female,36-37,-3,0.5130728019830354,0.5131338173457537,0.5128253823372224
female,36-37,-2,0.9657094063394762,0.9657965215589249,0.9654880865503936
female,36-37,-1,1.490697163609503,1.4907547087647206,1.4904462737561894
female,36-37,0,2.000614833229029,2.000464562942902,2.0001561279343707
female,36-37,1,1.9879341425618589,1.987881031438743,1.9875725964302118
female,36-37,2,1.7900144174044754,1.790036362916433,1.789727927907902
female,36-37,3,1.610708945979088,1.6107213632784567,1.6104129282699255
female,36-37,4,1.4272365675494278,1.4272557615981534,1.4269473265896222
female,36-37,5,1.2473090900306376,1.2473280949777523,1.2470196599692212
female,36-37,6,1.0729432471605582,1.072931828314903,1.0726233933063718
female,36-37,7,0.7992815479888417,0.7993456160537069,0.7990371810451756
female,36-37,8,0.64746215184175,0.647466891810238,0.6471584568017067
female,36-37,9,0.4690638578215132,0.46910753693579044,0.46879910192725915
female,36-37,10,0.3860034750274591,0.3859596465328146,0.38565121152428333
female,36-37,11,0.13831206355919157,0.1383202320676507,0.13801179705911945
female,36-37,12,-0.15051238146384976,-0.1504728132452885,-0.15078124825381975
female,36-37,13,-0.38180445465384166,-0.38172993804416394,-0.3820383730526952
female,36-37,14,-0.411277632916779,-0.41133526095685513,-0.4116436959653864
female,36-37,15,-0.6403886902048558,-0.6403299864300507,-0.640638421438582
female,36-37,16,-0.7299694109217137,-0.7300301613724828,-0.7303385963810141
female,36-37,17,-1.0516292400561267,-1.0515531196071286,-1.0518615546156598
female,36-37,18,-1.220192127643518,-1.2202204546047073,-1.2205288896132385
female,36-37,19,-1.5370621305283974,-1.5369579795610053,-1.5372664145695365
female,36-37,20,-1.6046637410590214,-1.6046704633286641,-1.6049788983371953
female,36-37,21,-1.6978178276921654,-1.6978585686813124,-1.6981670036898435
female,36-37,22,-1.941740275084894,-1.9417388406121645,-1.9420472756206957
female,36-37,23,-2.2461981737373726,-2.246079990384588,-2.2463884253931194
female,36-37,24,-2.239343389262457,-2.239424984591447,-2.2397334195999785
female,36-37,25,-2.5246019670767472,-2.524564041522457,-2.5248724765309882
female,36-37,26,-2.797912263854727,-2.7978184079808512,-2.7981268429893826
female,36-37,27,-2.8423476531382112,-2.8423176800393684,-2.8426261150478997
female,36-37,28,-2.7987843744295633,-2.7988833108153424,-2.7991917458238738
female,36-37,29,-3.1054218489665657,-3.1052306175907907,-3.105539052599322
female,36-37,30,-2.921526537651549,-2.9217024009498695,-2.922010835958401
female,36-37,31,-3.3744678024974486,-3.3743826977184628,-3.374691132726994
female,36-37,32,-3.8222973722477236,-3.821722829327061,-3.8220312643355925
female,36-37,33,-3.055182911745683,-3.055404437114816,-3.0557128721233475
female,36-37,34,-3.303336110432574,-3.303148885713395,-3.303457320721926
female,36-37,35,-9.210340371976182,-3.303336110535114,-3.303644545543645
female,36-37,36,-9.210340371976182,-3.303336110556199,-3.3036445455647305
female,36-37,37,-9.210340371976182,-3.3033361105561987,-3.30364454556473
female,36-37,38,-9.210340371976182,-3.303336110556199,-3.3036445455647305
female,36-37,39,-9.210340371976182,-3.3033361105561987,-3.30364454556473
female,36-37,40,-9.210340371976182,-3.3033361105561987,-3.30364454556473
female,36-37,41,-9.210340371976182,-3.3033361105561987,-3.30364454556473
female,36-37,42,-9.210340371976182,-3.3033361105561987,-3.30364454556473
female,36-37,43,-9.210340371976182,-3.303336110556199,-3.3036445455647305
female,36-37,44,-9.210340371976182,-9.210340371976182,-9.210648806984713
female,36-37,45,-9.210340371976182,-9.210340371976182,-9.210648806984713
female,36-37,46,-9.210340371976182,-9.210340371976182,-9.210648806984713
female,36-37,47,-9.210340371976182,-9.210340371976182,-9.210648806984713
female,36-37,48,-9.210340371976182,-9.210340371976182,-9.210648806984713
female,36-37,49,-9.210340371976182,-9.210340371976182,-9.210648806984713
female,36-37,50,-9.210340371976182,-9.210340371976182,-9.210648806984713
female,36-37,51,-9.210340371976182,-9.210340371976182,-9.210648806984713
female,36-37,52,-9.210340371976182,-9.210340371976182,-9.210648806984713
female,38-39,-52,-9.210340371976182,-9.210340371976182,-9.210593215704236
female,38-39,-51,-9.210340371976182,-9.210340371976182,-9.210593215704236
female,38-39,-50,-9.210340371976182,-9.210340371976182,-9.210593215704236
female,38-39,-49,-9.210340371976182,-9.210340371976182,-9.210593215704236
female,38-39,-48,-9.210340371976182,-9.210340371976182,-9.210593215704236
female,38-39,-47,-9.210340371976182,-9.210340371976182,-9.210593215704236
female,38-39,-46,-9.210340371976182,-9.210340371976182,-9.210593215704236
female,38-39,-45,-9.210340371976182,-9.210340371976182,-9.210593215704236
female,38-39,-44,-9.210340371976182,-9.210340371976182,-9.210593215704236
female,38-39,-43,-9.210340371976182,-9.210340371976182,-9.210593215704236
female,38-39,-42,-9.210340371976182,-9.210340371976182,-9.210593215704236
female,38-39,-41,-9.210340371976182,-9.210340371976182,-9.210593215704236
female,38-39,-40,-9.210340371976182,-9.210340371976182,-9.210593215704236
female,38-39,-39,-9.210340371976182,-9.210340371976182,-9.210593215704236
female,38-39,-38,-9.210340371976182,-9.210340371976182,-9.210593215704236
female,38-39,-37,-9.210340371976182,-9.210340371976182,-9.210593215704236
female,38-39,-36,-9.210340371976182,-9.210340371976182,-9.210593215704236
female,38-39,-35,-9.210340371976182,-9.210340371976182,-9.210593215704236
female,38-39,-34,-9.210340371976182,-9.210340371976182,-9.210593215704236
female,38-39,-33,-9.210340371976182,-9.210340371976182,-9.210593215704236
female,38-39,-32,-9.210340371976182,-9.210340371976182,-9.210593215704236
female,38-39,-31,-9.210340371976182,-9.210340371976182,-9.210593215704236
female,38-39,-30,-9.210340371976182,-9.210340371976182,-9.210593215704236
female,38-39,-29,-9.210340371976182,-9.210340371976182,-9.210593215704236
female,38-39,-28,-9.210340371976182,-9.210340371976182,-9.210593215704236
female,38-39,-27,-9.210340371976182,-9.210340371976182,-9.210593215704236
female,38-39,-26,-9.210340371976182,-9.210340371976182,-9.210593215704236
female,38-39,-25,-9.210340371976182,-9.210340371976182,-9.210593215704236
female,38-39,-24,-9.210340371976182,-9.210340371976182,-9.210593215704236
female,38-39,-23,-9.210340371976182,-9.210340371976182,-9.210593215704236
female,38-39,-22,-9.210340371976182,-9.210340371976182,-9.210593215704236
female,38-39,-21,-9.210340371976182,-9.210340371976182,-9.210593215704236
female,38-39,-20,-6.177891619966948,-6.177859360333468,-6.178112204061521
female,38-39,-19,-5.724074561022882,-5.723524173480538,-5.723777017208591
female,38-39,-18,-4.633257518967664,-4.63363195332961,-4.6338847970576635
female,38-39,-17,-5.242916555449073,-5.242448621530578,-5.242701465258631
female,38-39,-16,-4.806859897246891,-4.8065636984548865,-4.80681654218294
female,38-39,-15,-4.0183772075652175,-4.018405476592402,-4.018658320320456
female,38-39,-14,-3.646800257216946,-3.6468186562321248,-3.6470714999601785
female,38-39,-13,-3.4176551439036174,-3.4175732551044224,-3.4178260988324762
female,38-39,-12,-3.0350959806396265,-3.034927984284764,-3.035180828012818
female,38-39,-11,-2.4095636975981747,-2.4095889923573766,-2.4098418360854303
female,38-39,-10,-2.0490535238340297,-2.0490541577029266,-2.0493070014309804
female,38-39,-9,-1.7683932006014715,-1.7681885268491813,-1.768441370577235
female,38-39,-8,-1.1229554446181107,-1.1229993360760593,-1.123252179804113
female,38-39,-7,-0.7861166038341497,-0.7860396705823249,-0.7862925143103787
female,38-39,-6,-0.3306419793720856,-0.3306521431545015,-0.33090498688255526
female,38-39,-5,-0.0012028138123516467,-0.001194131342967934,-0.0014469750710217168
female,38-39,-4,0.2955595835184323,0.295633811848026,0.2953809681199722
female,38-39,-3,0.7156364229554054,0.7156718552212123,0.7154190114931586
female,38-39,-2,1.1284736299531473,1.128513652184711,1.1282608084566572
female,38-39,-1,1.542469450299536,1.5425562367442995,1.5423033930162457
female,38-39,0,2.037236344022965,2.0370745227002334,2.0368216789721796
female,38-39,1,1.9532903589731894,1.9532793687156766,1.9530265249876229
female,38-39,2,1.8128400080139195,1.8128601688941002,1.8126073251660464
female,38-39,3,1.6965741327247064,1.6965590298191904,1.6963061860911366
female,38-39,4,1.488529410874844,1.4885546733337194,1.4883018296056656
female,38-39,5,1.2972174480264433,1.2972343388741683,1.2969814951461145
female,38-39,6,1.0996049109605113,1.0996161016741957,1.0993632579461419
female,38-39,7,0.8670872652163618,0.8671545003015525,0.8669016565734987
female,38-39,8,0.7787179651334311,0.7786894262064256,0.7784365824783718
female,38-39,9,0.5738766489736266,0.5738911145041068,0.573638270776053
female,38-39,10,0.36981936448287805,0.3698253502469956,0.3695725065189418
female,38-39,11,0.1413277922281347,0.1413557493827043,0.1411029056546505
female,38-39,12,-0.04182493441147873,-0.04180812186455363,-0.042060965592607406
female,38-39,13,-0.210652198809132,-0.2106787823751799,-0.21093162610323368
female,38-39,14,-0.5227926073524434,-0.5227094610007779,-0.5229623047288317
female,38-39,15,-0.6499921150825935,-0.6499908829648049,-0.6502437266928587
female,38-39,16,-0.7988530925075165,-0.7988408683261616,-0.7990937120542154
female,38-39,17,-0.9392381489322416,-0.939279498523981,-0.9395323422520347
female,38-39,18,-1.2689064950774398,-1.2687829093552154,-1.2690357530832692
female,38-39,19,-1.2965846288950957,-1.2966224070135346,-1.2968752507415884
female,38-39,20,-1.4523945779396281,-1.4524704712985261,-1.45272331502658
female,38-39,21,-1.942592895943391,-1.9423551568741475,-1.9426080006022013
female,38-39,22,-1.85639734836604,-1.8564698180906904,-1.8567226618187442
female,38-39,23,-2.012870544334359,-2.012878451972757,-2.013131295700811
female,38-39,24,-2.2502843949254627,-2.2501587304906847,-2.2504115742187385
female,38-39,25,-2.1567239736907773,-2.1569196586153456,-2.1571725023433994
female,38-39,26,-2.886863793794501,-2.8864710771528315,-2.8867239208808853
female,38-39,27,-2.8407962171576884,-2.840838185052837,-2.8410910287808906
female,38-39,28,-2.9314183922253534,-2.9313926167885778,-2.9316454605166316
female,38-39,29,-2.9606372244716206,-2.9606997245134727,-2.9609525682415265
female,38-39,30,-3.225234092675115,-3.225045647401986,-3.2252984911300397
female,38-39,31,-3.0044474303169877,-3.0046241677871417,-3.0048770115151955
female,38-39,32,-4.036704423630588,-4.035515645449281,-4.035768489177334
female,38-39,33,-9.210340371976182,-4.036702813411773,-4.036955657139826
female,38-39,34,-9.210340371976182,-4.0367028135455385,-4.036955657273592
female,38-39,35,-9.210340371976182,-4.0367028135455385,-4.036955657273592
female,38-39,36,-9.210340371976182,-4.0367028135455385,-4.036955657273592
female,38-39,37,-9.210340371976182,-4.0367028135455385,-4.036955657273592
female,38-39,38,-9.210340371976182,-4.0367028135455385,-4.036955657273592
female,38-39,39,-9.210340371976182,-4.0367028135455385,-4.036955657273592
female,38-39,40,-9.210340371976182,-4.0367028135455385,-4.036955657273592
female,38-39,41,-9.210340371976182,-4.0367028135455385,-4.036955657273592
female,38-39,42,-9.210340371976182,-9.210340371976182,-9.210593215704236
female,38-39,43,-9.210340371976182,-9.210340371976182,-9.210593215704236
female,38-39,44,-9.210340371976182,-9.210340371976182,-9.210593215704236
female,38-39,45,-9.210340371976182,-9.210340371976182,-9.210593215704236
female,38-39,46,-9.210340371976182,-9.210340371976182,-9.210593215704236
female,38-39,47,-9.210340371976182,-9.210340371976182,-9.210593215704236
female,38-39,48,-9.210340371976182,-9.210340371976182,-9.210593215704236
female,38-39,49,-9.210340371976182,-9.210340371976182,-9.210593215704236
female,38-39,50,-9.210340371976182,-9.210340371976182,-9.210593215704236
female,38-39,51,-9.210340371976182,-9.210340371976182,-9.210593215704236
female,38-39,52,-9.210340371976182,-9.210340371976182,-9.210593215704236
female,40-42,-52,-9.210340371976182,-9.210340371976182,-9.210016341688124
female,40-42,-51,-9.210340371976182,-9.210340371976182,-9.210016341688124
female,40-42,-50,-9.210340371976182,-9.210340371976182,-9.210016341688124
female,40-42,-49,-9.210340371976182,-9.210340371976182,-9.210016341688124
female,40-42,-48,-9.210340371976182,-9.210340371976182,-9.210016341688124
female,40-42,-47,-9.210340371976182,-9.210340371976182,-9.210016341688124
female,40-42,-46,-9.210340371976182,-9.210340371976182,-9.210016341688124
female,40-42,-45,-9.210340371976182,-9.210340371976182,-9.210016341688124
female,40-42,-44,-9.210340371976182,-9.210340371976182,-9.210016341688124
female,40-42,-43,-9.210340371976182,-5.946185812904287,-5.945861782616229
female,40-42,-42,-9.210340371976182,-5.946185812906029,-5.945861782617972
female,40-42,-41,-9.210340371976182,-5.946185812906029,-5.945861782617972
female,40-42,-40,-9.210340371976182,-5.946185812906029,-5.945861782617972
female,40-42,-39,-9.210340371976182,-5.946185812906029,-5.945861782617972
female,40-42,-38,-9.210340371976182,-5.946185812906029,-5.945861782617972
female,40-42,-37,-9.210340371976182,-5.946185812906029,-5.945861782617972
female,40-42,-36,-9.210340371976182,-5.946185812906029,-5.945861782617972
female,40-42,-35,-9.210340371976182,-5.946185812906029,-5.945861782617972
female,40-42,-34,-9.210340371976182,-5.946185812906029,-5.945861782617972
female,40-42,-33,-9.210340371976182,-5.946185812906029,-5.945861782617972
female,40-42,-32,-9.210340371976182,-5.946185812906033,-5.945861782617976
female,40-42,-31,-9.210340371976182,-5.946185812906214,-5.945861782618157
female,40-42,-30,-9.210340371976182,-5.946185812916127,-5.94586178262807
female,40-42,-29,-9.210340371976182,-5.946185813457378,-5.94586178316932
female,40-42,-28,-9.210340371976182,-5.946185843008606,-5.9458618127205485
female,40-42,-27,-9.210340371976182,-5.946187456449685,-5.945863426161628
female,40-42,-26,-9.210340371976182,-5.9462755433564745,-5.945951513068417
female,40-42,-25,-9.210340371976182,-5.9510730641562235,-5.950749033868166
female,40-42,-24,-5.946187981197322,-6.182646123819622,-6.182322093531565
female,40-42,-23,-9.210340371976182,-7.234042010992956,-7.233717980704899
female,40-42,-22,-5.639888412475842,-5.782569789072079,-5.782245758784022
female,40-42,-21,-6.446954678236088,-6.075744336865363,-6.075420306577306
female,40-42,-20,-5.074140828775173,-5.143150752740724,-5.142826722452667
female,40-42,-19,-4.971977679070794,-4.918648161695095,-4.918324131407037
female,40-42,-18,-4.503218684090571,-4.470741814963802,-4.470417784675744
female,40-42,-17,-3.989639627942207,-3.9913581548588697,-3.9910341245708123
female,40-42,-16,-3.6617293050489716,-3.629350402928272,-3.6290263726402148
female,40-42,-15,-3.1864908139187027,-3.1992213996098244,-3.198897369321767
female,40-42,-14,-2.937814735204403,-2.9230443908707513,-2.922720360582694
female,40-42,-13,-2.6092029275202804,-2.5819713147282357,-2.5816472844401783
female,40-42,-12,-2.154148416375079,-2.160227062381454,-2.1599030320933967
female,40-42,-11,-1.8606176954239018,-1.817160213429539,-1.8168361831414817
female,40-42,-10,-1.316742387352623,-1.343779237227386,-1.3434552069393286
female,40-42,-9,-1.1257691213629535,-1.1065508681068092,-1.1062268378187519
female,40-42,-8,-0.7895981732918628,-0.7693031395176532,-0.7689791092295957
female,40-42,-7,-0.36108622486944364,-0.3850786742209348,-0.3847546439328773
female,40-42,-6,-0.21137491850492743,-0.17223524282312933,-0.17191121253507183
female,40-42,-5,0.23314709144447301,0.2289065042012916,0.2292305344893491
female,40-42,-4,0.5479497740985072,0.5577556245658689,0.5580796548539264
female,40-42,-3,0.8873838793298034,0.8929437330340252,0.8932677633220827
female,40-42,-2,1.1957299938466661,1.2188082554199244,1.2191322857079818
female,40-42,-1,1.6067018069030907,1.6225017258494576,1.622825756137515
female,40-42,0,2.024618392612843,1.9800835097395035,1.980407540027561
female,40-42,1,1.96638764384089,1.961883477500752,1.9622075077888095
female,40-42,2,1.8517105885432221,1.8479032951240404,1.8482273254120978
female,40-42,3,1.6695942238081056,1.6780217894882388,1.6783458197762962
female,40-42,4,1.525735247243351,1.5321367289549614,1.5324607592430188
female,40-42,5,1.4128695779937153,1.406736848680859,1.4070608789689163
female,40-42,6,1.206282464237133,1.2159475681756329,1.2162715984636903
female,40-42,7,1.0508692813562581,1.0463757054279859,1.0466997357160432
female,40-42,8,0.8236119002531243,0.8271429347566757,0.8274669650447332
female,40-42,9,0.5835488781912883,0.5988651152779337,0.5991891455659912
female,40-42,10,0.45113995370233456,0.44378361127716,0.4441076415652175
female,40-42,11,0.21459014812456598,0.22331300149583933,0.22363703178389682
female,40-42,12,0.007003774874751912,0.012446014450489632,0.012770044738547119
female,40-42,13,-0.19145682425359492,-0.1771819692760797,-0.1768579389880222
female,40-42,14,-0.2820124859441153,-0.30017972231258244,-0.29985569202452494
female,40-42,15,-0.5903195658535707,-0.564215152507891,-0.5638911222198335
female,40-42,16,-0.7103869770572435,-0.7194411634097422,-0.7191171331216847
female,40-42,17,-0.9472101648443407,-0.9267902144561526,-0.9264661841680951
female,40-42,18,-1.0193329396532753,-1.037610059411292,-1.0372860291232346
female,40-42,19,-1.299085739890233,-1.2668075986976515,-1.266483568409594
female,40-42,20,-1.3159569581363049,-1.344768699521719,-1.3444446692336616
female,40-42,21,-1.665687083163099,-1.631978874204413,-1.6316548439163556
female,40-42,22,-1.7914490737030262,-1.7680808989873933,-1.767756868699336
female,40-42,23,-1.7087090111718661,-1.7522131114107375,-1.7518890811226802
female,40-42,24,-2.1105699647117606,-2.0998873933891993,-2.099563363101142
female,40-42,25,-2.6914727565249335,-2.5196682476637986,-2.519344217375741
female,40-42,26,-2.010889516504194,-2.124113968451741,-2.1237899381636836
female,40-42,27,-2.722041261135126,-2.61724836522841,-2.616924334940353
female,40-42,28,-2.7701849741371984,-2.7920848596975567,-2.7917608294094993
female,40-42,29,-3.2445173814051773,-3.1234437742894965,-3.123119744001439
female,40-42,30,-2.790587102935009,-2.8694605473339267,-2.8691365170458694
female,40-42,31,-9.210340371976182,-2.792333879409561,-2.7920098491215035
female,40-42,32,-9.210340371976182,-2.7906170535377726,-2.790293023249715
female,40-42,33,-9.210340371976182,-2.7905854849780045,-2.790261454689947
female,40-42,34,-9.210340371976182,-2.7905849067379713,-2.790260876449914
female,40-42,35,-9.210340371976182,-2.790584896147122,-2.7902608658590644
female,40-42,36,-9.210340371976182,-2.7905848959531436,-2.7902608656650862
female,40-42,37,-9.210340371976182,-2.7905848959495905,-2.790260865661533
female,40-42,38,-9.210340371976182,-2.790584895949526,-2.7902608656614687
female,40-42,39,-9.210340371976182,-2.7905848959495247,-2.7902608656614674
female,40-42,40,-9.210340371976182,-2.7905848959495247,-2.7902608656614674
female,40-42,41,-9.210340371976182,-2.7905848959495247,-2.7902608656614674
female,40-42,42,-9.210340371976182,-2.7905848959495247,-2.7902608656614674
female,40-42,43,-9.210340371976182,-2.7905848959495247,-2.7902608656614674
female,40-42,44,-9.210340371976182,-2.7905848959495243,-2.790260865661467
female,40-42,45,-9.210340371976182,-2.7905848959495247,-2.7902608656614674
female,40-42,46,-9.210340371976182,-2.7905848959495247,-2.7902608656614674
female,40-42,47,-9.210340371976182,-2.7905848959495247,-2.7902608656614674
female,40-42,48,-9.210340371976182,-2.7905848959495247,-2.7902608656614674
female,40-42,49,-9.210340371976182,-2.790584895949316,-2.7902608656612586
female,40-42,50,-9.210340371976182,-9.210340371976182,-9.210016341688124
female,40-42,51,-9.210340371976182,-9.210340371976182,-9.210016341688124
female,40-42,52,-9.210340371976182,-9.210340371976182,-9.210016341688124
female,43-45,-52,-9.210340371976182,-9.210340371976182,-9.210425752305559
female,43-45,-51,-9.210340371976182,-9.210340371976182,-9.210425752305559
female,43-45,-50,-9.210340371976182,-9.210340371976182,-9.210425752305559
female,43-45,-49,-9.210340371976182,-9.210340371976182,-9.210425752305559
female,43-45,-48,-9.210340371976182,-9.210340371976182,-9.210425752305559
female,43-45,-47,-9.210340371976182,-9.210340371976182,-9.210425752305559
female,43-45,-46,-9.210340371976182,-9.210340371976182,-9.210425752305559
female,43-45,-45,-9.210340371976182,-9.210340371976182,-9.210425752305559
female,43-45,-44,-9.210340371976182,-9.210340371976182,-9.210425752305559
female,43-45,-43,-9.210340371976182,-9.210340371976182,-9.210425752305559
female,43-45,-42,-9.210340371976182,-9.210340371976182,-9.210425752305559
female,43-45,-41,-9.210340371976182,-9.210340371976182,-9.210425752305559
female,43-45,-40,-9.210340371976182,-9.210340371976182,-9.210425752305559
female,43-45,-39,-9.210340371976182,-9.210340371976182,-9.210425752305559
female,43-45,-38,-9.210340371976182,-9.210340371976182,-9.210425752305559
female,43-45,-37,-9.210340371976182,-9.210340371976182,-9.210425752305559
female,43-45,-36,-9.210340371976182,-5.49041006704319,-5.4904954473725684
female,43-45,-35,-9.210340371976182,-5.49041006704319,-5.4904954473725684
female,43-45,-34,-9.210340371976182,-5.49041006704319,-5.4904954473725684
female,43-45,-33,-9.210340371976182,-5.49041006704319,-5.4904954473725684
female,43-45,-32,-9.210340371976182,-5.49041006704319,-5.4904954473725684
female,43-45,-31,-9.210340371976182,-5.49041006704319,-5.4904954473725684
female,43-45,-30,-9.210340371976182,-5.49041006704319,-5.4904954473725684
female,43-45,-29,-9.210340371976182,-5.49041006704319,-5.4904954473725684
female,43-45,-28,-9.210340371976182,-5.490410067021723,-5.490495447351101
female,43-45,-27,-5.490410032093778,-5.4902194534706785,-5.490304833800057
female,43-45,-26,-5.240649705745321,-5.240713266396525,-5.240798646725903
female,43-45,-25,-5.293302307823513,-5.293443821803066,-5.2935292021324445
female,43-45,-24,-5.902921987545311,-5.902596908729724,-5.902682289059102
female,43-45,-23,-5.780517032131129,-5.780192458157807,-5.780277838487185
female,43-45,-22,-5.053020401820816,-5.052771293399729,-5.052856673729107
female,43-45,-21,-4.245385064634513,-4.245674749111675,-4.245760129441053
female,43-45,-20,-4.622079984605691,-4.62159278057998,-4.621678160909358
female,43-45,-19,-3.9202605015647087,-3.9204477472953814,-3.920533127624759
female,43-45,-18,-3.9667834315593913,-3.9664848738481377,-3.9665702541775154
female,43-45,-17,-3.3343234971313684,-3.3343697614498775,-3.334455141779255
female,43-45,-16,-3.0176511621272266,-3.017671888615727,-3.017757268945105
female,43-45,-15,-2.8077922934297073,-2.807620252206618,-2.8077056325359955
female,43-45,-14,-2.24753869192997,-2.2476861993049453,-2.247771579634323
female,43-45,-13,-2.2332606341988015,-2.233043507315674,-2.2331288876450515
female,43-45,-12,-1.6882117858541026,-1.688271479226956,-1.6883568595563336
female,43-45,-11,-1.4242526844906704,-1.4241253114543786,-1.4242106917837563
female,43-45,-10,-0.9090197402100509,-0.9090573798637688,-0.9091427601931464
female,43-45,-9,-0.6151034369282871,-0.61509883430384,-0.6151842146332177
female,43-45,-8,-0.34803039410156333,-0.3480029670824169,-0.34808834741179456
female,43-45,-7,-0.04193089188747152,-0.041931151275627285,-0.042016531605004966
female,43-45,-6,0.21947971841738556,0.21949302913731436,0.21940764880793667
female,43-45,-5,0.47167499388693834,0.47168869723205176,0.4716033169026741
female,43-45,-4,0.7174355888565827,0.7174633477316891,0.7173779674023114
female,43-45,-3,0.9951821211354887,0.9951995583348017,0.995114178005424
female,43-45,-2,1.2750091201344127,1.2750719488208024,1.2749865684914248
female,43-45,-1,1.6550953639484358,1.655143001314123,1.6550576209847454
female,43-45,0,2.049939614067302,2.0498005631844083,2.0497151828550306
female,43-45,1,1.964835036841836,1.964849269161298,1.9647638888319203
female,43-45,2,1.9104762550099388,1.9104436488305874,1.9103582685012097
female,43-45,3,1.7364942225522153,1.7365151894672912,1.7364298091379136
female,43-45,4,1.594328097799969,1.59432651246602,1.5942411321366423
female,43-45,5,1.4292398409618574,1.4292445881714144,1.4291592078420368
female,43-45,6,1.255825192218643,1.2558169461194484,1.2557315657900707
female,43-45,7,1.0200526008806765,1.0200913354546803,1.0200059551253027
female,43-45,8,0.8598149007574536,0.8598108035650324,0.8597254232356547
female,43-45,9,0.651811930562599,0.6518268142346482,0.6517414339052705
female,43-45,10,0.4452669446855181,0.44530230033495927,0.4452169200055816
female,43-45,11,0.31064257023626446,0.3106130417998481,0.31052766147047045
female,43-45,12,0.044240695972499536,0.044314501030850266,0.044229120701472585
female,43-45,13,-0.04485679979812521,-0.04489042444881303,-0.04497580477819071
female,43-45,14,-0.25771162526725083,-0.25768710002869877,-0.25777248035807643
female,43-45,15,-0.43029947013334646,-0.43033028215791097,-0.43041566248728863
female,43-45,16,-0.7549559247436639,-0.7548680945838377,-0.7549534749132154
female,43-45,17,-0.8878210342834733,-0.8877889982293883,-0.8878743785587659
female,43-45,18,-0.9390590307361109,-0.9390958134311699,-0.9391811937605475
female,43-45,19,-1.1243744796097177,-1.124348970809398,-1.1244343511387758
female,43-45,20,-1.2732080581333658,-1.2731653013620303,-1.273250681691408
female,43-45,21,-1.3149855917510065,-1.315121857257614,-1.3152072375869917
female,43-45,22,-1.9604593986533632,-1.9600930325082577,-1.9601784128376354
female,43-45,23,-1.8257348568234233,-1.82573863729121,-1.8258240176205878
female,43-45,24,-1.7059784181557167,-1.706165254964275,-1.7062506352936526
female,43-45,25,-2.3135862167761485,-2.3132900243393166,-2.3133754046686943
female,43-45,26,-2.2895934871514596,-2.289608846531129,-2.2896942268605067
female,43-45,27,-2.3104256750152703,-2.3104118775699156,-2.3104972578992933
female,43-45,28,-9.210340371976182,-2.3104256729343624,-2.31051105326374
female,43-45,29,-9.210340371976182,-2.3104256729359163,-2.310511053265294
female,43-45,30,-9.210340371976182,-2.310425672935916,-2.3105110532652935
female,43-45,31,-9.210340371976182,-2.3104256729359163,-2.310511053265294
female,43-45,32,-9.210340371976182,-2.310425672935916,-2.3105110532652935
female,43-45,33,-9.210340371976182,-2.310425672935916,-2.3105110532652935
female,43-45,34,-9.210340371976182,-2.3104256729359163,-2.310511053265294
female,43-45,35,-9.210340371976182,-2.310425672935916,-2.3105110532652935
female,43-45,36,-9.210340371976182,-2.310425672935916,-2.3105110532652935
female,43-45,37,-9.210340371976182,-9.210340371976182,-9.210425752305559
female,43-45,38,-9.210340371976182,-9.210340371976182,-9.210425752305559
female,43-45,39,-9.210340371976182,-9.210340371976182,-9.210425752305559
female,43-45,40,-9.210340371976182,-9.210340371976182,-9.210425752305559
female,43-45,41,-9.210340371976182,-9.210340371976182,-9.210425752305559
female,43-45,42,-9.210340371976182,-9.210340371976182,-9.210425752305559
female,43-45,43,-9.210340371976182,-9.210340371976182,-9.210425752305559
female,43-45,44,-9.210340371976182,-9.210340371976182,-9.210425752305559
female,43-45,45,-9.210340371976182,-9.210340371976182,-9.210425752305559
female,43-45,46,-9.210340371976182,-9.210340371976182,-9.210425752305559
female,43-45,47,-9.210340371976182,-9.210340371976182,-9.210425752305559
female,43-45,48,-9.210340371976182,-9.210340371976182,-9.210425752305559
female,43-45,49,-9.210340371976182,-9.210340371976182,-9.210425752305559
female,43-45,50,-9.210340371976182,-9.210340371976182,-9.210425752305559
female,43-45,51,-9.210340371976182,-9.210340371976182,-9.210425752305559
female,43-45,52,-9.210340371976182,-9.210340371976182,-9.210425752305559
female,46-49,-52,-9.210340371976182,-9.210340371976182,-9.210385774888085
female,46-49,-51,-9.210340371976182,-9.210340371976182,-9.210385774888085
female,46-49,-50,-9.210340371976182,-9.210340371976182,-9.210385774888085
female,46-49,-49,-9.210340371976182,-9.210340371976182,-9.210385774888085
female,46-49,-48,-9.210340371976182,-9.210340371976182,-9.210385774888085
female,46-49,-47,-9.210340371976182,-9.210340371976182,-9.210385774888085
female,46-49,-46,-9.210340371976182,-9.210340371976182,-9.210385774888085
female,46-49,-45,-9.210340371976182,-9.210340371976182,-9.210385774888085
female,46-49,-44,-9.210340371976182,-9.210340371976182,-9.210385774888085
female,46-49,-43,-9.210340371976182,-9.210340371976182,-9.210385774888085
female,46-49,-42,-9.210340371976182,-9.210340371976182,-9.210385774888085
female,46-49,-41,-9.210340371976182,-9.210340371976182,-9.210385774888085
female,46-49,-40,-9.210340371976182,-7.831022262215642,-7.831067665127545
female,46-49,-39,-9.210340371976182,-7.831022262215642,-7.831067665127545
female,46-49,-38,-9.210340371976182,-7.831022262215642,-7.831067665127545
female,46-49,-37,-9.210340371976182,-7.831022262215642,-7.831067665127545
female,46-49,-36,-9.210340371976182,-7.831022262215643,-7.831067665127546
female,46-49,-35,-9.210340371976182,-7.831022262215643,-7.831067665127546
female,46-49,-34,-9.210340371976182,-7.831022262215642,-7.831067665127545
female,46-49,-33,-9.210340371976182,-7.831022262215642,-7.831067665127545
female,46-49,-32,-9.210340371976182,-7.831022261736851,-7.831067664648754
female,46-49,-31,-7.8310222288558595,-7.826779551990408,-7.826824954902311
female,46-49,-30,-5.842728529485274,-5.842586786889306,-5.8426321898012095
female,46-49,-29,-5.397535041252585,-5.397688081512962,-5.397733484424865
female,46-49,-28,-5.575674774802767,-5.575693757282853,-5.575739160194756
female,46-49,-27,-5.801103921048124,-5.80063912767884,-5.800684530590743
female,46-49,-26,-5.04665000170845,-5.046471240345113,-5.046516643257016
female,46-49,-25,-4.323896190943262,-4.324205655250713,-4.324251058162616
female,46-49,-24,-4.8486359320240675,-4.848200226218555,-4.848245629130458
female,46-49,-23,-4.368402080953419,-4.368635820901434,-4.368681223813337
female,46-49,-22,-4.753991837920909,-4.753334604346641,-4.753380007258544
female,46-49,-21,-3.82454362810758,-3.824728811079588,-3.824774213991491
female,46-49,-20,-3.748274016573799,-3.7479662376423537,-3.7480116405542567
female,46-49,-19,-3.037328906539814,-3.0374215074162563,-3.0374669103281593
female,46-49,-18,-2.799795102353381,-2.7998292694549725,-2.7998746723668755
female,46-49,-17,-2.6788207070061976,-2.6787491681283035,-2.6787945710402066
female,46-49,-16,-2.3754767225988562,-2.3754348022331846,-2.3754802051450876
female,46-49,-15,-2.01167511328208,-2.011694255740858,-2.011739658652761
female,46-49,-14,-1.7551556574974039,-1.7550877504254543,-1.7551331533373575
female,46-49,-13,-1.3646327588599994,-1.364627770245394,-1.3646731731572972
female,46-49,-12,-1.0360277885824527,-1.0360828478222825,-1.0361282507341858
female,46-49,-11,-0.9013500401457757,-0.9012396635686521,-0.9012850664805553
female,46-49,-10,-0.499157403906217,-0.4992301933449656,-0.4992755962568688
female,46-49,-9,-0.3671289129376719,-0.3671125731285471,-0.3671579760404503
female,46-49,-8,-0.1986850325785867,-0.198595613233015,-0.19864101614491816
female,46-49,-7,0.1683816090251802,0.16835078979547474,0.16830538688357158
female,46-49,-6,0.37893734257063255,0.3789734848315308,0.3789280819196276
female,46-49,-5,0.6586262736279199,0.658599087636852,0.6585536847249489
female,46-49,-4,0.8264579794617816,0.8264938626668514,0.8264484597549483
female,46-49,-3,1.072138536760766,1.072167750083871,1.0721223471719679
female,46-49,-2,1.356003615688189,1.3560412011485647,1.3559957982366615
female,46-49,-1,1.6768303341167334,1.6768822097416245,1.6768368068297212
female,46-49,0,2.0458065757341104,2.045689319483929,2.045643916572026
female,46-49,1,2.0122458991645145,2.0122118911906934,2.0121664882787904
female,46-49,2,1.8689976832523614,1.8690108726797576,1.8689654697678544
female,46-49,3,1.7498536257901522,1.7498405289098173,1.749795125997914
female,46-49,4,1.5722211646817903,1.5722385047025689,1.5721931017906656
female,46-49,5,1.4187482004509742,1.4187439298742912,1.418698526962388
female,46-49,6,1.2200370003785095,1.2200581356848208,1.2200127327729176
female,46-49,7,1.049270502121217,1.0492812451460158,1.0492358422341126
female,46-49,8,0.8796453116942945,0.8796655346622142,0.8796201317503111
female,46-49,9,0.7463307031138227,0.7463206929935438,0.7462752900816406
female,46-49,10,0.557951917937666,0.5579491740961469,0.5579037711842437
female,46-49,11,0.3212426553271078,0.3212923091424008,0.3212469062304976
female,46-49,12,0.20084549313692496,0.20080741478489422,0.20076201187299106
female,46-49,13,-0.07837551215777559,-0.0783369276678433,-0.07838233057974646
female,46-49,14,-0.3177918023589857,-0.3177717996884035,-0.3178172026003067
female,46-49,15,-0.5706290698511643,-0.5704875150488317,-0.5705329179607348
female,46-49,16,-0.45088205250141294,-0.450943723276162,-0.4509891261880652
female,46-49,17,-0.5235500072238692,-0.5236316608116048,-0.523677063723508
female,46-49,18,-0.9362733745490214,-0.9361129312292992,-0.9361583341412023
female,46-49,19,-0.9989659343787649,-0.9989903768740604,-0.9990357797859636
female,46-49,20,-1.1596370812730534,-1.1596348327752588,-1.159680235687162
female,46-49,21,-1.3629625814418502,-1.362897244434967,-1.3629426473468702
female,46-49,22,-1.418147302521213,-1.4181286536595108,-1.418174056571414
female,46-49,23,-1.44961384299717,-1.4496827062463487,-1.449728109158252
female,46-49,24,-2.152195856042439,-2.1515162700174066,-2.1515616729293097
female,46-49,25,-9.210340371976182,-2.152195853289048,-2.152241256200951
female,46-49,26,-9.210340371976182,-2.152195853365602,-2.152241256277505
female,46-49,27,-9.210340371976182,-2.152195853365602,-2.152241256277505
female,46-49,28,-9.210340371976182,-2.152195853365602,-2.152241256277505
female,46-49,29,-9.210340371976182,-2.152195853365602,-2.152241256277505
female,46-49,30,-9.210340371976182,-2.152195853365602,-2.152241256277505
female,46-49,31,-9.210340371976182,-2.152195853365602,-2.152241256277505
female,46-49,32,-9.210340371976182,-2.152195853365602,-2.152241256277505
female,46-49,33,-9.210340371976182,-2.152195853365602,-2.152241256277505
female,46-49,34,-9.210340371976182,-9.210340371976182,-9.210385774888085
female,46-49,35,-9.210340371976182,-9.210340371976182,-9.210385774888085
female,46-49,36,-9.210340371976182,-9.210340371976182,-9.210385774888085
female,46-49,37,-9.210340371976182,-9.210340371976182,-9.210385774888085
female,46-49,38,-9.210340371976182,-9.210340371976182,-9.210385774888085
female,46-49,39,-9.210340371976182,-9.210340371976182,-9.210385774888085
female,46-49,40,-9.210340371976182,-9.210340371976182,-9.210385774888085
female,46-49,41,-9.210340371976182,-9.210340371976182,-9.210385774888085
female,46-49,42,-9.210340371976182,-9.210340371976182,-9.210385774888085
female,46-49,43,-9.210340371976182,-9.210340371976182,-9.210385774888085
female,46-49,44,-9.210340371976182,-9.210340371976182,-9.210385774888085
female,46-49,45,-9.210340371976182,-9.210340371976182,-9.210385774888085
female,46-49,46,-9.210340371976182,-9.210340371976182,-9.210385774888085
female,46-49,47,-9.210340371976182,-9.210340371976182,-9.210385774888085
female,46-49,48,-9.210340371976182,-9.210340371976182,-9.210385774888085
female,46-49,49,-9.210340371976182,-9.210340371976182,-9.210385774888085
female,46-49,50,-9.210340371976182,-9.210340371976182,-9.210385774888085
female,46-49,51,-9.210340371976182,-9.210340371976182,-9.210385774888085
female,46-49,52,-9.210340371976182,-9.210340371976182,-9.210385774888085
female,50-54,-52,-9.210340371976182,-9.210340371976182,-9.210359889129045
female,50-54,-51,-9.210340371976182,-9.210340371976182,-9.210359889129045
female,50-54,-50,-9.210340371976182,-9.210340371976182,-9.210359889129045
female,50-54,-49,-9.210340371976182,-9.210340371976182,-9.210359889129045
female,50-54,-48,-9.210340371976182,-9.210340371976182,-9.210359889129045
female,50-54,-47,-9.210340371976182,-9.210340371976182,-9.210359889129045
female,50-54,-46,-9.210340371976182,-9.210340371976182,-9.210359889129045
female,50-54,-45,-9.210340371976182,-6.387480609706535,-6.387500126859398
female,50-54,-44,-9.210340371976182,-6.387480609706535,-6.387500126859398
female,50-54,-43,-9.210340371976182,-6.387480609706535,-6.387500126859398
female,50-54,-42,-9.210340371976182,-6.387480609706535,-6.387500126859398
female,50-54,-41,-9.210340371976182,-6.387480609706535,-6.387500126859398
female,50-54,-40,-9.210340371976182,-6.387480609706535,-6.387500126859398
female,50-54,-39,-9.210340371976182,-6.387480609706535,-6.387500126859398
female,50-54,-38,-9.210340371976182,-6.387480609706535,-6.387500126859398
female,50-54,-37,-9.210340371976182,-6.387480609365255,-6.387500126518118
female,50-54,-36,-6.387480578283661,-6.384454598672744,-6.384474115825607
female,50-54,-35,-4.689807965269009,-4.690309444078628,-4.690328961231491
female,50-54,-34,-5.948035164858519,-5.947469274248779,-5.947488791401642
female,50-54,-33,-5.920475862381065,-5.920708441452107,-5.92072795860497
female,50-54,-32,-6.675630875187989,-6.673099043783442,-6.673118560936305
female,50-54,-31,-4.632833701986896,-4.63330960063708,-4.633329117789943
female,50-54,-30,-5.421558968630197,-5.420770859007645,-5.420790376160507
female,50-54,-29,-4.653422219388305,-4.653709214834507,-4.6537287319873695
female,50-54,-28,-5.039614260320174,-5.039152639477792,-5.039172156630655
female,50-54,-27,-4.388590230464615,-4.388917916639039,-4.388937433791901
female,50-54,-26,-5.094144443150637,-5.093393326216845,-5.093412843369708
female,50-54,-25,-4.291970768978563,-4.292262864131708,-4.292282381284571
female,50-54,-24,-4.66139678650529,-4.660679860245797,-4.66069937739866
female,50-54,-23,-3.644347180909268,-3.644432309380111,-3.6444518265329733
female,50-54,-22,-3.277752459300055,-3.2778505805938427,-3.277870097746705
female,50-54,-21,-3.244898806527872,-3.2446408864719745,-3.2446604036248368
female,50-54,-20,-2.627457370054787,-2.6276142772007476,-2.62763379435361
female,50-54,-19,-2.6044806023990406,-2.6044609466556565,-2.604480463808519
female,50-54,-18,-2.5193309211145016,-2.5192883651945497,-2.519307882347412
female,50-54,-17,-2.311873079512402,-2.3117514225972355,-2.311770939750098
female,50-54,-16,-1.8409697670466454,-1.841078865723486,-1.8410983828763485
female,50-54,-15,-1.7648690036199395,-1.7647796962794642,-1.7647992134323267
female,50-54,-14,-1.4569410363648623,-1.4568996849063152,-1.4569192020591777
female,50-54,-13,-1.1061067679849013,-1.1061058800576506,-1.1061253972105132
female,50-54,-12,-0.8254579044164628,-0.8254974647011013,-0.8255169818539637
female,50-54,-11,-0.693969464324638,-0.6938235434344384,-0.6938430605873008
female,50-54,-10,-0.23510282445147446,-0.23518899448774314,-0.23520851164060555
female,50-54,-9,-0.11277945754364985,-0.11278564349848028,-0.11280516065134269
female,50-54,-8,-0.01122708220852353,-0.011132322088472863,-0.011151839241335278
female,50-54,-7,0.32419962799118046,0.3241807760540264,0.324161258901164
female,50-54,-6,0.54489480058453,0.5449020430961845,0.5448825259433221
female,50-54,-5,0.7519457366503494,0.7519614857158798,0.7519419685630174
female,50-54,-4,0.9661050556464791,0.9661302781926451,0.9661107610397827
female,50-54,-3,1.202580249313269,1.2025874164288348,1.2025678992759723
female,50-54,-2,1.4075261644424248,1.407581921757733,1.4075624046048705
female,50-54,-1,1.705313757923087,1.7053466920034224,1.7053271748505598
female,50-54,0,2.0061445626097805,2.006041224981069,2.0060217078282068
female,50-54,1,1.953568901061283,1.9535554564288304,1.953535939275968
female,50-54,2,1.8542817780894787,1.854268340066519,1.8542488229136564
female,50-54,3,1.6980246708819675,1.6980385005825578,1.6980189834296953
female,50-54,4,1.5609791236825472,1.5609728140435728,1.5609532968907103
female,50-54,5,1.3807404699952626,1.3807616575257968,1.3807421403729343
female,50-54,6,1.2393030042589326,1.2392948444403822,1.2392753272875197
female,50-54,7,1.0486858512813315,1.0487226795886684,1.0487031624358059
female,50-54,8,0.9439132541487334,0.9439044203447932,0.9438849031919307
female,50-54,9,0.7945507291444854,0.7945570642701867,0.7945375471173243
female,50-54,10,0.6360135188981642,0.6360227432361442,0.6360032260832817
female,50-54,11,0.46930259099892463,0.4693171695997332,0.46929765244687077
female,50-54,12,0.3051671720531467,0.3051893935549272,0.3051698764020648
female,50-54,13,0.17241540291489674,0.17239330059743832,0.1723737834445759
female,50-54,14,-0.08254523543787781,-0.08250226750038059,-0.082521784653243
female,50-54,15,-0.28880681163616895,-0.2887578817761142,-0.28877739892897664
female,50-54,16,-0.394070831390775,-0.3940634457378316,-0.394082962890694
female,50-54,17,-0.5200689675455823,-0.5200488434968806,-0.520068360649743
female,50-54,18,-0.6782776327892615,-0.6781867606568404,-0.6782062778097028
female,50-54,19,-0.6187752793902787,-0.6188950011983078,-0.6189145183511702
female,50-54,20,-1.3726405533205204,-1.3719008697660744,-1.371920386918937
female,50-54,21,-9.210340371976182,-1.3726405497216332,-1.3726600668744957
female,50-54,22,-9.210340371976182,-1.3726405498049588,-1.3726600669578213
female,50-54,23,-9.210340371976182,-1.3726405498049588,-1.3726600669578213
female,50-54,24,-9.210340371976182,-1.3726405498049588,-1.3726600669578213
female,50-54,25,-9.210340371976182,-1.3726405498049585,-1.372660066957821
female,50-54,26,-9.210340371976182,-1.3726405498049585,-1.372660066957821
female,50-54,27,-9.210340371976182,-1.3726405498049588,-1.3726600669578213
female,50-54,28,-9.210340371976182,-1.372640549804959,-1.3726600669578215
female,50-54,29,-9.210340371976182,-1.3726405498049588,-1.3726600669578213
female,50-54,30,-9.210340371976182,-9.210340371976182,-9.210359889129045
female,50-54,31,-9.210340371976182,-9.210340371976182,-9.210359889129045
female,50-54,32,-9.210340371976182,-9.210340371976182,-9.210359889129045
female,50-54,33,-9.210340371976182,-9.210340371976182,-9.210359889129045
female,50-54,34,-9.210340371976182,-9.210340371976182,-9.210359889129045
female,50-54,35,-9.210340371976182,-9.210340371976182,-9.210359889129045
female,50-54,36,-9.210340371976182,-9.210340371976182,-9.210359889129045
female,50-54,37,-9.210340371976182,-9.210340371976182,-9.210359889129045
female,50-54,38,-9.210340371976182,-9.210340371976182,-9.210359889129045
female,50-54,39,-9.210340371976182,-9.210340371976182,-9.210359889129045
female,50-54,40,-9.210340371976182,-9.210340371976182,-9.210359889129045
female,50-54,41,-9.210340371976182,-9.210340371976182,-9.210359889129045
female,50-54,42,-9.210340371976182,-9.210340371976182,-9.210359889129045
female,50-54,43,-9.210340371976182,-9.210340371976182,-9.210359889129045
female,50-54,44,-9.210340371976182,-9.210340371976182,-9.210359889129045
female,50-54,45,-9.210340371976182,-9.210340371976182,-9.210359889129045
female,50-54,46,-9.210340371976182,-9.210340371976182,-9.210359889129045
female,50-54,47,-9.210340371976182,-9.210340371976182,-9.210359889129045
female,50-54,48,-9.210340371976182,-9.210340371976182,-9.210359889129045
female,50-54,49,-9.210340371976182,-9.210340371976182,-9.210359889129045
female,50-54,50,-9.210340371976182,-9.210340371976182,-9.210359889129045
female,50-54,51,-9.210340371976182,-9.210340371976182,-9.210359889129045
female,50-54,52,-9.210340371976182,-9.210340371976182,-9.210359889129045
female,55-59,-52,-9.210340371976182,-9.210340371976182,-9.210383196417597
female,55-59,-51,-9.210340371976182,-9.210340371976182,-9.210383196417597
female,55-59,-50,-9.210340371976182,-5.54011945251846,-5.540162276959876
female,55-59,-49,-9.210340371976182,-5.54011945251846,-5.540162276959876
female,55-59,-48,-9.210340371976182,-5.54011945251846,-5.540162276959876
female,55-59,-47,-9.210340371976182,-5.54011945251846,-5.540162276959876
female,55-59,-46,-9.210340371976182,-5.54011945251846,-5.540162276959876
female,55-59,-45,-9.210340371976182,-5.54011945251846,-5.540162276959876
female,55-59,-44,-9.210340371976182,-5.54011945251846,-5.540162276959876
female,55-59,-43,-9.210340371976182,-5.54011945251846,-5.540162276959876
female,55-59,-42,-9.210340371976182,-5.540119452472587,-5.540162276914003
female,55-59,-41,-5.540119422155272,-5.539712177396379,-5.539755001837795
female,55-59,-40,-5.061548536820247,-5.062121444895161,-5.062164269336577
female,55-59,-39,-10.959417997013722,-9.210340371976182,-9.210383196417597
female,55-59,-38,-4.769065233780178,-4.769515792684416,-4.769558617125832
female,55-59,-37,-5.416863917358308,-5.416309593625978,-5.416352418067394
female,55-59,-36,-4.752493602344767,-4.752753670823148,-4.7527964952645645
female,55-59,-35,-5.090707270877252,-5.090668412215053,-5.090711236656469
female,55-59,-34,-5.43964726814775,-5.438893987976404,-5.43893681241782
female,55-59,-33,-4.387786414632109,-4.388250561419109,-4.388293385860525
female,55-59,-32,-5.725490340571755,-5.723742708588701,-5.723785533030117
female,55-59,-31,-4.494683830853715,-4.494948042233664,-4.49499086667508
female,55-59,-30,-4.552725795973681,-4.5527763833206905,-4.552819207762107
female,55-59,-29,-4.804181544746305,-4.803753588770108,-4.803796413211524
female,55-59,-28,-4.09492578990013,-4.095175545687066,-4.0952183701284826
female,55-59,-27,-4.3443913871991615,-4.344142729867019,-4.344185554308435
female,55-59,-26,-3.95939837576497,-3.9594181166489038,-3.95946094109032
female,55-59,-25,-3.698898825668444,-3.699003365610979,-3.699046190052395
female,55-59,-24,-3.77523128675754,-3.7747193514264796,-3.7747621758678958
female,55-59,-23,-2.842941361697185,-2.8433158504839167,-2.843358674925333
female,55-59,-22,-3.545071202631797,-3.5443453304237815,-3.5443881548651976
female,55-59,-21,-2.7840792381602997,-2.7842677655405312,-2.7843105899819474
female,55-59,-20,-2.779062781203186,-2.778909428507206,-2.778952252948622
female,55-59,-19,-2.3839651602154683,-2.3839915768068485,-2.3840344012482646
female,55-59,-18,-2.140908887932321,-2.140858759013442,-2.140901583454858
female,55-59,-17,-1.8125371075079033,-1.8125266206062283,-1.8125694450476444
female,55-59,-16,-1.5256453787962085,-1.5257321024907298,-1.525774926932146
female,55-59,-15,-1.5263174318267507,-1.5262402467704392,-1.5262830712118554
female,55-59,-14,-1.310145174033108,-1.3100983476641175,-1.3101411721055336
female,55-59,-13,-1.0042661172894385,-1.0042710146301896,-1.0043138390716058
female,55-59,-12,-0.7654832701477462,-0.7654557087692395,-0.7654985332106555
female,55-59,-11,-0.4944249964068534,-0.4943874092303506,-0.49443023367176664
female,55-59,-10,-0.18419537221016277,-0.18422125882801269,-0.1842640832694287
female,55-59,-9,-0.005638128132248098,-0.005621991109234979,-0.005664815550651002
female,55-59,-8,0.18532032376733218,0.1853828143334848,0.1853399898920688
female,55-59,-7,0.4883794954549682,0.48834094642958675,0.48829812198817074
female,55-59,-6,0.6208123484158584,0.6208664431668699,0.6208236187254539
female,55-59,-5,0.8690958908342397,0.8690788452548497,0.8690360208134337
female,55-59,-4,1.02475651459605,1.0247924436311302,1.024749619189714
female,55-59,-3,1.249433618698017,1.2494304291163085,1.2493876046748924
female,55-59,-2,1.424481926586695,1.4245450443756211,1.424502219934205
female,55-59,-1,1.7230867280190427,1.7231225419284828,1.7230797174870667
female,55-59,0,2.032437312254767,2.032318453938628,2.032275629497212
female,55-59,1,1.9398523572848871,1.9398589953138574,1.9398161708724413
female,55-59,2,1.8614263086564766,1.8614081223511085,1.8613652979096924
female,55-59,3,1.7156624972497598,1.7156724517983148,1.7156296273568987
female,55-59,4,1.5776462598411354,1.577655942202336,1.5776131177609198
female,55-59,5,1.4465848422004388,1.446605004426509,1.446562179985093
female,55-59,6,1.3568723134449883,1.356873135024243,1.3568303105828268
female,55-59,7,1.252494455978248,1.2524797769614215,1.2524369525200054
female,55-59,8,1.0718197162134078,1.0718623497301918,1.0718195252887757
female,55-59,9,0.9840346010572755,0.984041524117462,0.983998699676046
female,55-59,10,0.9006308404006396,0.9006011994530084,0.9005583750115924
female,55-59,11,0.6914326443875373,0.6914908486286557,0.6914480241872397
female,55-59,12,0.5985331091677895,0.5985026340287721,0.5984598095873561
female,55-59,13,0.2604950169969207,0.2606644063404622,0.26062158189904616
female,55-59,14,0.20852612192166176,0.20851299698978717,0.20847017254837116
female,55-59,15,-0.059824640416265444,-0.05962138018778004,-0.05966420462919607
female,55-59,16,-9.210340371976182,-0.05982463466389019,-0.05986745910530621
female,55-59,17,-9.210340371976182,-0.05982463468678087,-0.059867459128196895
female,55-59,18,-9.210340371976182,-0.05982463468678099,-0.05986745912819701
female,55-59,19,-9.210340371976182,-0.05982463468678087,-0.059867459128196895
female,55-59,20,-9.210340371976182,-0.05982463468678087,-0.059867459128196895
female,55-59,21,-9.210340371976182,-0.05982463468678075,-0.05986745912819678
female,55-59,22,-9.210340371976182,-0.05982463468678075,-0.05986745912819678
female,55-59,23,-9.210340371976182,-0.05982463468678075,-0.05986745912819678
female,55-59,24,-9.210340371976182,-0.05982463468678087,-0.059867459128196895
female,55-59,25,-9.210340371976182,-9.210340371976182,-9.210383196417597
female,55-59,26,-9.210340371976182,-9.210340371976182,-9.210383196417597
female,55-59,27,-9.210340371976182,-9.210340371976182,-9.210383196417597
female,55-59,28,-9.210340371976182,-9.210340371976182,-9.210383196417597
female,55-59,29,-9.210340371976182,-9.210340371976182,-9.210383196417597
female,55-59,30,-9.210340371976182,-9.210340371976182,-9.210383196417597
female,55-59,31,-9.210340371976182,-9.210340371976182,-9.210383196417597
female,55-59,32,-9.210340371976182,-9.210340371976182,-9.210383196417597
female,55-59,33,-9.210340371976182,-9.210340371976182,-9.210383196417597
female,55-59,34,-9.210340371976182,-9.210340371976182,-9.210383196417597
female,55-59,35,-9.210340371976182,-9.210340371976182,-9.210383196417597
female,55-59,36,-9.210340371976182,-9.210340371976182,-9.210383196417597
female,55-59,37,-9.210340371976182,-9.210340371976182,-9.210383196417597
female,55-59,38,-9.210340371976182,-9.210340371976182,-9.210383196417597
female,55-59,39,-9.210340371976182,-9.210340371976182,-9.210383196417597
female,55-59,40,-9.210340371976182,-9.210340371976182,-9.210383196417597
female,55-59,41,-9.210340371976182,-9.210340371976182,-9.210383196417597
female,55-59,42,-9.210340371976182,-9.210340371976182,-9.210383196417597
female,55-59,43,-9.210340371976182,-9.210340371976182,-9.210383196417597
female,55-59,44,-9.210340371976182,-9.210340371976182,-9.210383196417597
female,55-59,45,-9.210340371976182,-9.210340371976182,-9.210383196417597
female,55-59,46,-9.210340371976182,-9.210340371976182,-9.210383196417597
female,55-59,47,-9.210340371976182,-9.210340371976182,-9.210383196417597
female,55-59,48,-9.210340371976182,-9.210340371976182,-9.210383196417597
female,55-59,49,-9.210340371976182,-9.210340371976182,-9.210383196417597
female,55-59,50,-9.210340371976182,-9.210340371976182,-9.210383196417597
female,55-59,51,-9.210340371976182,-9.210340371976182,-9.210383196417597
female,55-59,52,-9.210340371976182,-9.210340371976182,-9.210383196417597
female,60-70,-52,-9.210340371976182,-9.210340371976182,-9.213436472903453
female,60-70,-51,-9.210340371976182,-9.210340371976182,-9.213436472903453
female,60-70,-50,-9.210340371976182,-9.210340371976182,-9.213436472903453
female,60-70,-49,-6.645963075352039,-6.645884641332552,-6.648980742259823
female,60-70,-48,-6.080067102036355,-6.080123051835991,-6.083219152763262
female,60-70,-47,-5.95015347263849,-5.949601097580014,-5.952697198507285
female,60-70,-46,-5.0522736741208565,-5.052767375497544,-5.055863476424816
female,60-70,-45,-6.911378976326524,-6.909750002385961,-6.912846103313232
female,60-70,-44,-6.748623351620743,-6.747613368348311,-6.7507094692755825
female,60-70,-43,-5.417355771129625,-5.417721481570736,-5.420817582498008
female,60-70,-42,-5.922694157404918,-5.922216046621646,-5.925312147548917
female,60-70,-41,-5.304493370511007,-5.304755451137747,-5.307851552065018
female,60-70,-40,-5.69036906155599,-5.6901927204742435,-5.693288821401515
female,60-70,-39,-5.650978809013148,-5.6504978416487095,-5.653593942575981
female,60-70,-38,-4.725110490471316,-4.725409017597498,-4.728505118524769
female,60-70,-37,-5.054037232258143,-5.0539460440938555,-5.057042145021127
female,60-70,-36,-5.210652654632936,-5.210088855466744,-5.213184956394016
female,60-70,-35,-4.265158454561057,-4.265401377088544,-4.268497478015815
female,60-70,-34,-4.362453307149006,-4.362527358381982,-4.365623459309253
female,60-70,-33,-4.799254889127205,-4.798836265526563,-4.801932366453834
female,60-70,-32,-4.266280950435132,-4.266378962091004,-4.269475063018275
female,60-70,-31,-4.1269882661565696,-4.1270098242029025,-4.130105925130174
female,60-70,-30,-4.057236876137476,-4.0573408375357305,-4.060436938463002
female,60-70,-29,-4.359781549909339,-4.359173742112047,-4.362269843039318
female,60-70,-28,-3.4381433801705517,-3.438395242359725,-3.441491343286996
female,60-70,-27,-3.57318154769184,-3.57300942230222,-3.576105523229491
female,60-70,-26,-3.255577364389219,-3.255724880233612,-3.258820981160883
female,60-70,-25,-3.43730818530726,-3.437070188252266,-3.440166289179537
female,60-70,-24,-3.0173909531028094,-3.017263512909009,-3.0203596138362796
female,60-70,-23,-2.448699563771497,-2.4488332842662213,-2.451929385193492
female,60-70,-22,-2.4005529215681856,-2.400495916441297,-2.4035920173685676
female,60-70,-21,-2.2016581570598386,-2.2016837229465676,-2.2047798238738383
female,60-70,-20,-2.1002508133344784,-2.100136164081687,-2.1032322650089577
female,60-70,-19,-1.7287387027148011,-1.7287733793458595,-1.7318694802731303
female,60-70,-18,-1.5334101171764751,-1.533390162821298,-1.5364862637485688
female,60-70,-17,-1.3197697010055525,-1.3197731284762912,-1.322869229403562
female,60-70,-16,-1.1527030526713768,-1.1526561833396434,-1.1557522842669141
female,60-70,-15,-0.8965387417614716,-0.8965266684765025,-0.8996227694037734
female,60-70,-14,-0.6659359662701441,-0.6659315379907093,-0.6690276389179801
female,60-70,-13,-0.4723816056291463,-0.4723506274067743,-0.47544672833404517
female,60-70,-12,-0.24170382252187167,-0.24172509912225448,-0.24482120004952532
female,60-70,-11,-0.11545295630124393,-0.11534894989898065,-0.11844505082625148
female,60-70,-10,0.23364825124275992,0.2336223261698238,0.23052622524255298
female,60-70,-9,0.42356122662391654,0.42355459128892636,0.4204584903616555
female,60-70,-8,0.5617061744615053,0.561728758528452,0.5586326576011812
female,60-70,-7,0.7366884644398519,0.7367226065241712,0.7336265055969003
female,60-70,-6,0.9667924066274314,0.9668013905906782,0.9637052896634073
female,60-70,-5,1.173641743853834,1.173620593317836,1.1705244923905653
female,60-70,-4,1.288211938839995,1.2882328362925834,1.2851367353653127
female,60-70,-3,1.4445919791805968,1.444622482175545,1.4415263812482741
female,60-70,-2,1.6576318168070905,1.6576759255729594,1.6545798246456886
female,60-70,-1,1.9436577057885664,1.9437144334107916,1.940618332483521
female,60-70,0,2.303105225651288,2.3029839901544955,2.2998878892272248
female,60-70,1,2.2397040002925723,2.2397036677101094,2.2366075667828387
female,60-70,2,2.148662557425325,2.148686262745044,2.1455901618177733
female,60-70,3,2.1023103289535965,2.1022833321173335,2.099187231190063
female,60-70,4,1.9281601634741905,1.928218016039923,1.9251219151126522
female,60-70,5,1.8662491029362216,1.8662465275189937,1.863150426591723
female,60-70,6,1.7541373147233756,1.7541442853568103,1.7510481844295396
female,60-70,7,1.5791221603257817,1.5791678440100234,1.5760717430827527
female,60-70,8,1.4203572635774373,1.4204099612201178,1.417313860292847
female,60-70,9,1.2954778913621439,1.2955269798546019,1.292430878927331
female,60-70,10,1.1694087544061358,1.1694992824643047,1.166403181537034
female,60-70,11,-9.210340371976182,1.1694107236570568,1.166314622729786
female,60-70,12,-9.210340371976182,1.1694107236470836,1.166314622719813
female,60-70,13,-9.210340371976182,1.1694107236470834,1.1663146227198127
female,60-70,14,-9.210340371976182,1.1694107236470834,1.1663146227198127
female,60-70,15,-9.210340371976182,1.1694107236470836,1.166314622719813
female,60-70,16,-9.210340371976182,1.1694107236470834,1.1663146227198127
female,60-70,17,-9.210340371976182,1.1694107236470834,1.1663146227198127
female,60-70,18,-9.210340371976182,1.1694107236470836,1.166314622719813
female,60-70,19,-9.210340371976182,1.1694107236470834,1.1663146227198127
female,60-70,20,-9.210340371976182,-9.210340371976182,-9.213436472903453
female,60-70,21,-9.210340371976182,-9.210340371976182,-9.213436472903453
female,60-70,22,-9.210340371976182,-9.210340371976182,-9.213436472903453
female,60-70,23,-9.210340371976182,-9.210340371976182,-9.213436472903453
female,60-70,24,-9.210340371976182,-9.210340371976182,-9.213436472903453
female,60-70,25,-9.210340371976182,-9.210340371976182,-9.213436472903453
female,60-70,26,-9.210340371976182,-9.210340371976182,-9.213436472903453
female,60-70,27,-9.210340371976182,-9.210340371976182,-9.213436472903453
female,60-70,28,-9.210340371976182,-9.210340371976182,-9.213436472903453
female,60-70,29,-9.210340371976182,-9.210340371976182,-9.213436472903453
female,60-70,30,-9.210340371976182,-9.210340371976182,-9.213436472903453
female,60-70,31,-9.210340371976182,-9.210340371976182,-9.213436472903453
female,60-70,32,-9.210340371976182,-9.210340371976182,-9.213436472903453
female,60-70,33,-9.210340371976182,-9.210340371976182,-9.213436472903453
female,60-70,34,-9.210340371976182,-9.210340371976182,-9.213436472903453
female,60-70,35,-9.210340371976182,-9.210340371976182,-9.213436472903453
female,60-70,36,-9.210340371976182,-9.210340371976182,-9.213436472903453
female,60-70,37,-9.210340371976182,-9.210340371976182,-9.213436472903453
female,60-70,38,-9.210340371976182,-9.210340371976182,-9.213436472903453
female,60-70,39,-9.210340371976182,-9.210340371976182,-9.213436472903453
female,60-70,40,-9.210340371976182,-9.210340371976182,-9.213436472903453
female,60-70,41,-9.210340371976182,-9.210340371976182,-9.213436472903453
female,60-70,42,-9.210340371976182,-9.210340371976182,-9.213436472903453
female,60-70,43,-9.210340371976182,-9.210340371976182,-9.213436472903453
female,60-70,44,-9.210340371976182,-9.210340371976182,-9.213436472903453
female,60-70,45,-9.210340371976182,-9.210340371976182,-9.213436472903453
female,60-70,46,-9.210340371976182,-9.210340371976182,-9.213436472903453
female,60-70,47,-9.210340371976182,-9.210340371976182,-9.213436472903453
female,60-70,48,-9.210340371976182,-9.210340371976182,-9.213436472903453
female,60-70,49,-9.210340371976182,-9.210340371976182,-9.213436472903453
female,60-70,50,-9.210340371976182,-9.210340371976182,-9.213436472903453
female,60-70,51,-9.210340371976182,-9.210340371976182,-9.213436472903453
female,60-70,52,-9.210340371976182,-9.210340371976182,-9.213436472903453
