sex_s,cohort,gap,raw_log_mult,smoothed_log_mult,gauged_log_mult
male,18-19,-52,-9.210340371976182,-9.210340371976182,-9.245093125208857
male,18-19,-51,-9.210340371976182,-9.210340371976182,-9.245093125208857
male,18-19,-50,-9.210340371976182,-9.210340371976182,-9.245093125208857
male,18-19,-49,-9.210340371976182,-9.210340371976182,-9.245093125208857
male,18-19,-48,-9.210340371976182,-9.210340371976182,-9.245093125208857
male,18-19,-47,-9.210340371976182,-9.210340371976182,-9.245093125208857
male,18-19,-46,-9.210340371976182,-9.210340371976182,-9.245093125208857
male,18-19,-45,-9.210340371976182,-9.210340371976182,-9.245093125208857
male,18-19,-44,-9.210340371976182,-9.210340371976182,-9.245093125208857
male,18-19,-43,-9.210340371976182,-9.210340371976182,-9.245093125208857
male,18-19,-42,-9.210340371976182,-9.210340371976182,-9.245093125208857
male,18-19,-41,-9.210340371976182,-9.210340371976182,-9.245093125208857
male,18-19,-40,-9.210340371976182,-9.210340371976182,-9.245093125208857
male,18-19,-39,-9.210340371976182,1.506312075193139,1.4715593219604635
male,18-19,-38,-9.210340371976182,1.5063120751930734,1.471559321960398
male,18-19,-37,-9.210340371976182,1.5063120751930734,1.471559321960398
male,18-19,-36,-9.210340371976182,1.5063120751930739,1.4715593219603984
male,18-19,-35,-9.210340371976182,1.5063120751930748,1.4715593219603993
male,18-19,-34,-9.210340371976182,1.506312075193077,1.4715593219604015
male,18-19,-33,-9.210340371976182,1.506312075193083,1.4715593219604075
male,18-19,-32,-9.210340371976182,1.5063120751930992,1.4715593219604237
male,18-19,-31,-9.210340371976182,1.5063120751931447,1.4715593219604692
male,18-19,-30,-9.210340371976182,1.5063120751932677,1.4715593219605922
male,18-19,-29,-9.210340371976182,1.5063120751936017,1.4715593219609262
male,18-19,-28,-9.210340371976182,1.5063120751945092,1.4715593219618337
male,18-19,-27,-9.210340371976182,1.5063120751969767,1.4715593219643013
male,18-19,-26,-9.210340371976182,1.506312075203684,1.4715593219710086
male,18-19,-25,-9.210340371976182,1.5063120752219157,1.4715593219892402
male,18-19,-24,-9.210340371976182,1.5063120752714756,1.4715593220388001
male,18-19,-23,-9.210340371976182,1.506312075406193,1.4715593221735175
male,18-19,-22,-9.210340371976182,1.5063120757723925,1.471559322539717
male,18-19,-21,-9.210340371976182,1.5063120767678264,1.471559323535151
male,18-19,-20,-9.210340371976182,1.506312079473696,1.4715593262410205
male,18-19,-19,-9.210340371976182,1.506312086829012,1.4715593335963366
male,18-19,-18,-9.210340371976182,1.5063121068228336,1.471559353590158
male,18-19,-17,-9.210340371976182,1.5063121611716699,1.4715594079389944
male,18-19,-16,-9.210340371976182,1.5063123089070856,1.47155955567441
male,18-19,-15,-9.210340371976182,1.5063127104933,1.4715599572606246
male,18-19,-14,-9.210340371976182,1.506313802115726,1.4715610488830506
male,18-19,-13,-9.210340371976182,1.5063167694377384,1.471564016205063
male,18-19,-12,-9.210340371976182,1.5063248353415135,1.471572082108838
male,18-19,-11,-9.210340371976182,1.5063467599008438,1.4715940066681683
male,18-19,-10,-9.210340371976182,1.5064063508235015,1.471653597590826
male,18-19,-9,-9.210340371976182,1.5065682898839001,1.4718155366512247
male,18-19,-8,-9.210340371976182,1.5070081472876184,1.472255394054943
male,18-19,-7,-9.210340371976182,1.5082013072192308,1.4734485539865554
male,18-19,-6,-9.210340371976182,1.5114263152644536,1.4766735620317781
male,18-19,-5,-9.210340371976182,1.5200594652320851,1.4853067119994097
male,18-19,-4,-9.210340371976182,1.5425830337375677,1.5078302805048922
male,18-19,-3,-9.210340371976182,1.5975711736903302,1.5628184204576547
male,18-19,-2,-9.210340371976182,1.711936527703547,1.6771837744708715
male,18-19,-1,1.5062998140171648,1.8791120412773412,1.8443592880446658
male,18-19,0,2.2394376769119964,1.979415420565919,1.9446626673332434
male,18-19,1,1.9581494088312508,1.8202309150649578,1.7854781618322824
male,18-19,2,0.9105583943392013,1.3173762105606426,1.2826234573279671
male,18-19,3,0.26097928611374566,0.5864777243959405,0.551724971163265
male,18-19,4,-0.9733476352250139,-0.10081757393807085,-0.1355703271707463
male,18-19,5,-0.1546116491227097,-0.45191288995321227,-0.4866656431858877
male,18-19,6,-0.9606784878560554,-0.7336727246093091,-0.7684254778419846
male,18-19,7,-1.1872746718862852,-1.1484177322367948,-1.1831704854694702
male,18-19,8,-2.037740564385676,-1.5125505205497727,-1.5473032737824481
male,18-19,9,-1.3153358841057088,-1.7518710035233904,-1.7866237567560659
male,18-19,10,-9.210340371976182,-1.934810061632563,-1.9695628148652384
male,18-19,11,-1.4899114072425597,-1.720843978654754,-1.7555967318874295
male,18-19,12,-1.3522071328991447,-1.4982534496399018,-1.5330062028725773
male,18-19,13,-1.4702446847892683,-1.5438838267969854,-1.578636580029661
male,18-19,14,-1.731541354134416,-1.847230367298058,-1.8819831205307334
male,18-19,15,-3.4131738139105123,-2.3341439427182755,-2.368896695950951
male,18-19,16,-2.3994449120336996,-2.6291490755254894,-2.663901828758165
male,18-19,17,-2.879306377165409,-2.723122956955193,-2.7578757101878684
male,18-19,18,-2.9929761203922505,-2.6390433935375257,-2.673796146770201
male,18-19,19,-2.2560893309227232,-2.3722106536654697,-2.406963406898145
male,18-19,20,-1.941863491752538,-2.236778429859141,-2.2715311830918163
male,18-19,21,-9.210340371976182,-1.974955983551808,-2.0097087367844835
male,18-19,22,-0.8821832298204973,-1.710767568536272,-1.7455203217689474
male,18-19,23,-9.210340371976182,-1.8923766315845811,-1.9271293848172566
male,18-19,24,-1.886831570630192,-1.8934486960583834,-1.9282014492910589
male,18-19,25,-1.4669274464069606,-1.6458247115787765,-1.680577464811452
male,18-19,26,-1.4481111489319407,-1.6327179164262176,-1.667470669658893
male,18-19,27,-2.346333044127351,-1.7423225325914133,-1.7770752858240888
male,18-19,28,-1.3984245773534827,-1.7567533644634816,-1.791506117696157
male,18-19,29,-2.2051374074608847,-1.8187396034729377,-1.8534923567056132
male,18-19,30,-1.6767377947276383,-1.9133022960948498,-1.9480550493275253
male,18-19,31,-2.0143761150454176,-2.1761259812989224,-2.210878734531598
male,18-19,32,-5.213422140494188,-2.4836985721978344,-2.51845132543051
male,18-19,33,-2.0250392301167413,-2.2315646520761745,-2.26631740530885
male,18-19,34,-2.452051686490989,-1.733403506360526,-1.7681562595932014
male,18-19,35,-0.821556753976462,-1.5373043111459084,-1.5720570643785838
male,18-19,36,-3.752145171182567,-1.8523407076990546,-1.88709346093173
male,18-19,37,-2.587760104020806,-1.9569933356316667,-1.9917460888643421
male,18-19,38,-1.1109020277548178,-1.8357957948319568,-1.8705485480646322
male,18-19,39,-7.451387964003463,-2.171892960800157,-2.2066457140328324
male,18-19,40,-2.103128425127443,-2.59538822628965,-2.6301409795223254
male,18-19,41,-3.3393848831406774,-3.0676862582160327,-3.102439011448708
male,18-19,42,-9.210340371976182,-3.6867176951880705,-3.721470448420746
male,18-19,43,-3.1936461104022023,-3.9024316007266147,-3.93718435395929
male,18-19,44,-9.210340371976182,-4.1130776540014535,-4.147830407234129
male,18-19,45,-3.709690178092023,-4.168491875844059,-4.2032446290767345
male,18-19,46,-9.210340371976182,-3.764851221133347,-3.7996039743660224
male,18-19,47,-2.784672481026556,-3.3064730839840895,-3.341225837216765
male,18-19,48,-3.096888754814598,-3.402329943737213,-3.4370826969698887
male,18-19,49,-9.210340371976182,-4.226516935534975,-4.26126968876765
male,18-19,50,-9.210340371976182,-5.833117428072873,-5.867870181305548
male,18-19,51,-9.210340371976182,-8.158771121204795,-8.19352387443747
male,18-19,52,-9.210340371976182,-9.210340371976182,-9.245093125208857
male,20-21,-52,-9.210340371976182,-9.210340371976182,-9.21952601196826
male,20-21,-51,-9.210340371976182,-9.210340371976182,-9.21952601196826
male,20-21,-50,-9.210340371976182,-9.210340371976182,-9.21952601196826
male,20-21,-49,-9.210340371976182,-9.210340371976182,-9.21952601196826
male,20-21,-48,-9.210340371976182,-9.210340371976182,-9.21952601196826
male,20-21,-47,-9.210340371976182,-9.210340371976182,-9.21952601196826
male,20-21,-46,-9.210340371976182,-9.210340371976182,-9.21952601196826
male,20-21,-45,-9.210340371976182,-9.210340371976182,-9.21952601196826
male,20-21,-44,-9.210340371976182,-9.210340371976182,-9.21952601196826
male,20-21,-43,-9.210340371976182,-9.210340371976182,-9.21952601196826
male,20-21,-42,-9.210340371976182,-9.210340371976182,-9.21952601196826
male,20-21,-41,-9.210340371976182,-9.210340371976182,-9.21952601196826
male,20-21,-40,-9.210340371976182,-9.210340371976182,-9.21952601196826
male,20-21,-39,-9.210340371976182,-9.210340371976182,-9.21952601196826
male,20-21,-38,-9.210340371976182,-9.210340371976182,-9.21952601196826
male,20-21,-37,-9.210340371976182,-9.210340371976182,-9.21952601196826
male,20-21,-36,-9.210340371976182,-9.210340371976182,-9.21952601196826
male,20-21,-35,-9.210340371976182,-9.210340371976182,-9.21952601196826
male,20-21,-34,-9.210340371976182,-9.210340371976182,-9.21952601196826
male,20-21,-33,-9.210340371976182,-9.210340371976182,-9.21952601196826
male,20-21,-32,-9.210340371976182,-9.210340371976182,-9.21952601196826
male,20-21,-31,-9.210340371976182,-9.210340371976182,-9.21952601196826
male,20-21,-30,-9.210340371976182,-9.210340371976182,-9.21952601196826
male,20-21,-29,-9.210340371976182,-9.210340371976182,-9.21952601196826
male,20-21,-28,-9.210340371976182,-9.210340371976182,-9.21952601196826
male,20-21,-27,-9.210340371976182,-9.210340371976182,-9.21952601196826
male,20-21,-26,-9.210340371976182,-9.210340371976182,-9.21952601196826
male,20-21,-25,-9.210340371976182,-9.210340371976182,-9.21952601196826
male,20-21,-24,-9.210340371976182,-9.210340371976182,-9.21952601196826
male,20-21,-23,-9.210340371976182,-9.210340371976182,-9.21952601196826
male,20-21,-22,-9.210340371976182,-0.43106175799904156,-0.4402473979911187
male,20-21,-21,-9.210340371976182,-0.43106175799901814,-0.4402473979910953
male,20-21,-20,-9.210340371976182,-0.43106175799901814,-0.4402473979910953
male,20-21,-19,-9.210340371976182,-0.43106175799901814,-0.4402473979910953
male,20-21,-18,-9.210340371976182,-0.43106175799901814,-0.4402473979910953
male,20-21,-17,-9.210340371976182,-0.4310617579990183,-0.44024739799109547
male,20-21,-16,-9.210340371976182,-0.4310617579990183,-0.44024739799109547
male,20-21,-15,-9.210340371976182,-0.43106175799901814,-0.4402473979910953
male,20-21,-14,-9.210340371976182,-0.4310617579990183,-0.44024739799109547
male,20-21,-13,-9.210340371976182,-0.43106175799901814,-0.4402473979910953
male,20-21,-12,-9.210340371976182,-0.43106175799901797,-0.44024739799109514
male,20-21,-11,-9.210340371976182,-0.43106175799901164,-0.4402473979910888
male,20-21,-10,-9.210340371976182,-0.4310617579986479,-0.44024739799072504
male,20-21,-9,-9.210340371976182,-0.43106175797879637,-0.44024739797087353
male,20-21,-8,-9.210340371976182,-0.43106175689494436,-0.4402473968870215
male,20-21,-7,-9.210340371976182,-0.4310616977186427,-0.4402473377107199
male,20-21,-6,-9.210340371976182,-0.43105846681126847,-0.44024410680334564
male,20-21,-5,-9.210340371976182,-0.4308820928118002,-0.44006773280387734
male,20-21,-4,-9.210340371976182,-0.4213337980011403,-0.43051943799321746
male,20-21,-3,-0.4310650030050532,-0.061277292513606293,-0.07046293250568345
male,20-21,-2,0.8501799692233631,0.964003349299036,0.9548177093069589
male,20-21,-1,1.8173778277151489,1.788226658013649,1.7790410180215719
male,20-21,0,2.149768439979229,2.0782813373105284,2.0690956973184513
male,20-21,1,1.674846728309459,1.6899192429258751,1.680733602933798
male,20-21,2,0.8494119725056436,0.9404704676856722,0.9312848276935951
male,20-21,3,0.04092186361929911,0.15419670012828543,0.1450110601362083
male,20-21,4,-0.23501214749784646,-0.23425063708099503,-0.24343627707307217
male,20-21,5,-0.6769328995484286,-0.652498853521632,-0.6616844935137091
male,20-21,6,-1.1638778771644636,-1.1181447357280718,-1.127330375720149
male,20-21,7,-1.4493782998700764,-1.4600056901326783,-1.4691913301247554
male,20-21,8,-2.113989829019893,-1.9341397713413448,-1.943325411333422
male,20-21,9,-1.4899437362550174,-1.587646299210949,-1.5968319392030261
male,20-21,10,-2.0332706358512813,-1.938753620570713,-1.94793926056279
male,20-21,11,-1.8709811133884842,-1.9485558516985417,-1.9577414916906188
male,20-21,12,-2.715317308521948,-2.5613818706529354,-2.5705675106450125
male,20-21,13,-2.5534577591013754,-2.6018336242350624,-2.6110192642271395
male,20-21,14,-2.9145156644447243,-2.8582030434346124,-2.8673886834266895
male,20-21,15,-2.824683389532259,-2.897764463483521,-2.906950103475598
male,20-21,16,-3.7399565271235855,-3.624342207033012,-3.633527847025089
male,20-21,17,-4.321382056147313,-3.748789129758116,-3.7579747697501933
male,20-21,18,-2.2999683418781958,-2.464415530424807,-2.473601170416884
male,20-21,19,-3.0730549549729367,-2.8644534200963863,-2.8736390600884634
male,20-21,20,-2.355839358623643,-2.454314208683597,-2.4634998486756743
male,20-21,21,-2.8020889298983644,-2.7858757922795663,-2.7950614322716434
male,20-21,22,-3.351182794342673,-3.3355955082432738,-3.344781148235351
male,20-21,23,-4.310821125980784,-4.05186862994699,-4.061054269939068
male,20-21,24,-3.5572567730230378,-3.4326716732456792,-3.4418573132377563
male,20-21,25,-2.5145581287992678,-2.6088501811961042,-2.6180358211881813
male,20-21,26,-2.7127884191880387,-2.72670473070785,-2.735890370699927
male,20-21,27,-3.140753708163247,-3.14525633164716,-3.154441971639237
male,20-21,28,-3.984105333942447,-3.7129394144248904,-3.7221250544169675
male,20-21,29,-3.0482687602763954,-3.2065246670590875,-3.2157103070511646
male,20-21,30,-4.5572235104015695,-4.275953480356811,-4.285139120348888
male,20-21,31,-5.137469762090306,-4.964506796813789,-4.973692436805867
male,20-21,32,-4.468757888103641,-4.63039097532796,-4.6395766153200375
male,20-21,33,-6.859658917715477,-5.667640985480705,-5.676826625472782
male,20-21,34,-4.32895416751918,-4.145063031785912,-4.15424867177799
male,20-21,35,-2.9899070443941125,-3.1922528939789534,-3.2014385339710305
male,20-21,36,-6.064857006115739,-4.669607122819259,-4.678792762811336
male,20-21,37,-3.848828710798488,-3.851557758049322,-3.860743398041399
male,20-21,38,-3.251889114549269,-3.4132786436334333,-3.4224642836255104
male,20-21,39,-5.677168184602494,-5.01374144901776,-5.022927089009838
male,20-21,40,-9.210340371976182,-6.255544694731859,-6.264730334723937
male,20-21,41,-4.229622452644394,-4.430990570547377,-4.440176210539454
male,20-21,42,-5.477743613278799,-4.884285218393254,-4.8934708583853315
male,20-21,43,-3.663715135733764,-3.8646415208802503,-3.8738271608723274
male,20-21,44,-5.7623582849188715,-5.211526558797785,-5.220712198789863
male,20-21,45,-6.250480793812318,-5.494228576986583,-5.50341421697866
male,20-21,46,-3.844373478179891,-4.025037753770743,-4.0342233937628205
male,20-21,47,-4.850625781338231,-4.771368259881697,-4.780553899873775
male,20-21,48,-9.210340371976182,-6.446738259196174,-6.455923899188251
male,20-21,49,-4.976418541790534,-5.146349201693093,-5.155534841685171
male,20-21,50,-9.210340371976182,-6.299682695304798,-6.308868335296876
male,20-21,51,-9.210340371976182,-9.210340371976182,-9.21952601196826
male,20-21,52,-9.210340371976182,-9.210340371976182,-9.21952601196826
male,22-23,-52,-9.210340371976182,-9.210340371976182,-9.21230816338972
male,22-23,-51,-9.210340371976182,-9.210340371976182,-9.21230816338972
male,22-23,-50,-9.210340371976182,-9.210340371976182,-9.21230816338972
male,22-23,-49,-9.210340371976182,-9.210340371976182,-9.21230816338972
male,22-23,-48,-9.210340371976182,-9.210340371976182,-9.21230816338972
male,22-23,-47,-9.210340371976182,-9.210340371976182,-9.21230816338972
male,22-23,-46,-9.210340371976182,-9.210340371976182,-9.21230816338972
male,22-23,-45,-9.210340371976182,-9.210340371976182,-9.21230816338972
male,22-23,-44,-9.210340371976182,-9.210340371976182,-9.21230816338972
male,22-23,-43,-9.210340371976182,-9.210340371976182,-9.21230816338972
male,22-23,-42,-9.210340371976182,-9.210340371976182,-9.21230816338972
male,22-23,-41,-9.210340371976182,-9.210340371976182,-9.21230816338972
male,22-23,-40,-9.210340371976182,-9.210340371976182,-9.21230816338972
male,22-23,-39,-9.210340371976182,-9.210340371976182,-9.21230816338972
male,22-23,-38,-9.210340371976182,-9.210340371976182,-9.21230816338972
male,22-23,-37,-9.210340371976182,-9.210340371976182,-9.21230816338972
male,22-23,-36,-9.210340371976182,-9.210340371976182,-9.21230816338972
male,22-23,-35,-9.210340371976182,-9.210340371976182,-9.21230816338972
male,22-23,-34,-9.210340371976182,-9.210340371976182,-9.21230816338972
male,22-23,-33,-9.210340371976182,-9.210340371976182,-9.21230816338972
male,22-23,-32,-9.210340371976182,-9.210340371976182,-9.21230816338972
male,22-23,-31,-9.210340371976182,-9.210340371976182,-9.21230816338972
male,22-23,-30,-9.210340371976182,-9.210340371976182,-9.21230816338972
male,22-23,-29,-9.210340371976182,-9.210340371976182,-9.21230816338972
male,22-23,-28,-9.210340371976182,-9.210340371976182,-9.21230816338972
male,22-23,-27,-9.210340371976182,-9.210340371976182,-9.21230816338972
male,22-23,-26,-9.210340371976182,-9.210340371976182,-9.21230816338972
male,22-23,-25,-9.210340371976182,-9.210340371976182,-9.21230816338972
male,22-23,-24,-9.210340371976182,-2.2787688485340203,-2.280736639947558
male,22-23,-23,-9.210340371976182,-2.2787688485339395,-2.2807366399474773
male,22-23,-22,-9.210340371976182,-2.2787688485339395,-2.2807366399474773
male,22-23,-21,-9.210340371976182,-2.2787688485339395,-2.2807366399474773
male,22-23,-20,-9.210340371976182,-2.2787688485339395,-2.2807366399474773
male,22-23,-19,-9.210340371976182,-2.2787688485339395,-2.2807366399474773
male,22-23,-18,-9.210340371976182,-2.2787688485339395,-2.2807366399474773
male,22-23,-17,-9.210340371976182,-2.2787688485339395,-2.2807366399474773
male,22-23,-16,-9.210340371976182,-2.2787688485339395,-2.2807366399474773
male,22-23,-15,-9.210340371976182,-2.2787688485339395,-2.2807366399474773
male,22-23,-14,-9.210340371976182,-2.2787688485339395,-2.2807366399474773
male,22-23,-13,-9.210340371976182,-2.2787688485339315,-2.2807366399474693
male,22-23,-12,-9.210340371976182,-2.278768848533495,-2.280736639947033
male,22-23,-11,-9.210340371976182,-2.278768848509679,-2.2807366399232167
male,22-23,-10,-9.210340371976182,-2.278768847209376,-2.2807366386229138
male,22-23,-9,-9.210340371976182,-2.2787687762152165,-2.2807365676287543
male,22-23,-8,-9.210340371976182,-2.2787649000782086,-2.2807326914917465
male,22-23,-7,-9.210340371976182,-2.278553308201748,-2.280521099615286
male,22-23,-6,-9.210340371976182,-2.267112922035752,-2.26908071344929
male,22-23,-5,-2.2787737457219936,-1.8537154626942143,-1.8556832541077521
male,22-23,-4,-0.9256144816117056,-0.759755889549202,-0.7617236809627399
male,22-23,-3,0.21210139230875028,0.2985441156213337,0.2965763242077959
male,22-23,-2,1.1555090947628497,1.1826275169820457,1.1806597255685078
male,22-23,-1,1.7955079152149922,1.7934631256815114,1.7914953342679736
male,22-23,0,2.1914188748812045,2.104544470402365,2.102576678988827
male,22-23,1,1.5742046361969468,1.6114562101460952,1.6094884187325573
male,22-23,2,0.7255914284539253,0.8223044576563246,0.8203366662427868
male,22-23,3,0.047022203620121765,0.12111446467019396,0.11914667325665614
male,22-23,4,-0.3656725489379375,-0.34514054223286644,-0.34710833364640425
male,22-23,5,-0.8459704287242534,-0.8007298169889955,-0.8026976084025333
male,22-23,6,-1.123932166322048,-1.1036076932804042,-1.105575484693942
male,22-23,7,-1.2971374367458202,-1.3178931122897026,-1.3198609037032405
male,22-23,8,-1.8343795128569198,-1.7543917351916056,-1.7563595266051435
male,22-23,9,-1.8137413625680743,-1.8037330773361837,-1.8057008687497216
male,22-23,10,-1.6985581577921336,-1.748642503127281,-1.7506102945408188
male,22-23,11,-2.146558121654578,-2.089310301928808,-2.091278093342346
male,22-23,12,-2.191511134564701,-2.2102706908803835,-2.2122384822939214
male,22-23,13,-2.463444449439312,-2.4575335372823757,-2.4595013286959135
male,22-23,14,-2.8081269814108425,-2.7623885701403976,-2.7643563615539355
male,22-23,15,-2.801450927172958,-2.836973716098063,-2.838941507511601
male,22-23,16,-3.2007652571521525,-3.11391029078483,-3.115878082198368
male,22-23,17,-2.900864892568448,-2.9620851133317023,-2.96405290474524
male,22-23,18,-3.2665031867133085,-3.231926540256903,-3.2338943316704407
male,22-23,19,-3.3998705379287752,-3.405129331053494,-3.407097122467032
male,22-23,20,-3.6238781361139036,-3.501213733181595,-3.5031815245951328
male,22-23,21,-2.933187760809718,-3.0474559973619684,-3.0494237887755062
male,22-23,22,-3.6538036520599464,-3.5332493201110373,-3.535217111524575
male,22-23,23,-3.538749562194436,-3.527148903888193,-3.529116695301731
male,22-23,24,-3.338704079060374,-3.2989153057690594,-3.3008830971825973
male,22-23,25,-2.8913622644523076,-2.976977215420259,-2.978945006833797
male,22-23,26,-3.40978311241758,-3.3859707631327765,-3.3879385545463143
male,22-23,27,-3.963964968538052,-3.793200188979676,-3.795167980393214
male,22-23,28,-3.2633601665888765,-3.378153812127178,-3.380121603540716
male,22-23,29,-3.9980441498260446,-3.8915455844306277,-3.8935133758441656
male,22-23,30,-4.031030616246381,-3.896742347270929,-3.898710138684467
male,22-23,31,-3.200746081455718,-3.3613623079683648,-3.3633300993819026
male,22-23,32,-5.001277249083401,-4.197351403569322,-4.19931919498286
male,22-23,33,-2.977973449398565,-3.183378045799527,-3.185345837213065
male,22-23,34,-4.897219572470337,-4.468388776369486,-4.470356567783024
male,22-23,35,-5.856691615132772,-4.96141523130131,-4.963383022714848
male,22-23,36,-3.311655052990369,-3.5326033625950335,-3.5345711540085714
male,22-23,37,-5.7947633682033075,-4.821834548688816,-4.823802340102354
male,22-23,38,-4.019786458145461,-4.219535762814516,-4.221503554228054
male,22-23,39,-6.1388349816529955,-5.472844152121002,-5.47481194353454
male,22-23,40,-5.207920272044184,-5.394345223826529,-5.396313015240067
male,22-23,41,-9.210340371976182,-6.527672176849693,-6.529639968263231
male,22-23,42,-4.788452039314748,-5.009473229801083,-5.011441021214621
male,22-23,43,-6.784488596966793,-6.3148517935293915,-6.316819584942929
male,22-23,44,-8.812128181345487,-8.3205356636469,-8.322503455060438
male,22-23,45,-9.210340371976182,-7.077010303308521,-7.078978094722059
male,22-23,46,-4.841979803159793,-5.0839762499180265,-5.085944041331564
male,22-23,47,-9.210340371976182,-7.020073178495031,-7.022040969908569
male,22-23,48,-9.210340371976182,-9.210340371976182,-9.21230816338972
male,22-23,49,-9.210340371976182,-9.210340371976182,-9.21230816338972
male,22-23,50,-9.210340371976182,-9.210340371976182,-9.21230816338972
male,22-23,51,-9.210340371976182,-9.210340371976182,-9.21230816338972
male,22-23,52,-9.210340371976182,-9.210340371976182,-9.21230816338972
male,24-25,-52,-9.210340371976182,-9.210340371976182,-9.21091762236572
male,24-25,-51,-9.210340371976182,-9.210340371976182,-9.21091762236572
male,24-25,-50,-9.210340371976182,-9.210340371976182,-9.21091762236572
male,24-25,-49,-9.210340371976182,-9.210340371976182,-9.21091762236572
male,24-25,-48,-9.210340371976182,-9.210340371976182,-9.21091762236572
male,24-25,-47,-9.210340371976182,-9.210340371976182,-9.21091762236572
male,24-25,-46,-9.210340371976182,-9.210340371976182,-9.21091762236572
male,24-25,-45,-9.210340371976182,-9.210340371976182,-9.21091762236572
male,24-25,-44,-9.210340371976182,-9.210340371976182,-9.21091762236572
male,24-25,-43,-9.210340371976182,-9.210340371976182,-9.21091762236572
male,24-25,-42,-9.210340371976182,-9.210340371976182,-9.21091762236572
male,24-25,-41,-9.210340371976182,-9.210340371976182,-9.21091762236572
male,24-25,-40,-9.210340371976182,-9.210340371976182,-9.21091762236572
male,24-25,-39,-9.210340371976182,-9.210340371976182,-9.21091762236572
male,24-25,-38,-9.210340371976182,-9.210340371976182,-9.21091762236572
male,24-25,-37,-9.210340371976182,-9.210340371976182,-9.21091762236572
male,24-25,-36,-9.210340371976182,-9.210340371976182,-9.21091762236572
male,24-25,-35,-9.210340371976182,-9.210340371976182,-9.21091762236572
male,24-25,-34,-9.210340371976182,-9.210340371976182,-9.21091762236572
male,24-25,-33,-9.210340371976182,-9.210340371976182,-9.21091762236572
male,24-25,-32,-9.210340371976182,-9.210340371976182,-9.21091762236572
male,24-25,-31,-9.210340371976182,-9.210340371976182,-9.21091762236572
male,24-25,-30,-9.210340371976182,-9.210340371976182,-9.21091762236572
male,24-25,-29,-9.210340371976182,-9.210340371976182,-9.21091762236572
male,24-25,-28,-9.210340371976182,-9.210340371976182,-9.21091762236572
male,24-25,-27,-9.210340371976182,-9.210340371976182,-9.21091762236572
male,24-25,-26,-9.210340371976182,-9.210340371976182,-9.21091762236572
male,24-25,-25,-9.210340371976182,-9.210340371976182,-9.21091762236572
male,24-25,-24,-9.210340371976182,-9.210340371976182,-9.21091762236572
male,24-25,-23,-9.210340371976182,-9.210340371976182,-9.21091762236572
male,24-25,-22,-9.210340371976182,-9.210340371976182,-9.21091762236572
male,24-25,-21,-9.210340371976182,-9.210340371976182,-9.21091762236572
male,24-25,-20,-9.210340371976182,-3.5801409028092577,-3.580718153198797
male,24-25,-19,-9.210340371976182,-3.580140902809258,-3.5807181531987973
male,24-25,-18,-9.210340371976182,-3.580140902809258,-3.5807181531987973
male,24-25,-17,-9.210340371976182,-3.580140902809258,-3.5807181531987973
male,24-25,-16,-9.210340371976182,-3.580140902809258,-3.5807181531987973
male,24-25,-15,-9.210340371976182,-3.580140902809258,-3.5807181531987973
male,24-25,-14,-9.210340371976182,-3.5801409028092577,-3.580718153198797
male,24-25,-13,-9.210340371976182,-3.5801409028092577,-3.580718153198797
male,24-25,-12,-9.210340371976182,-3.580140902809258,-3.5807181531987973
male,24-25,-11,-9.210340371976182,-3.5801409028092577,-3.580718153198797
male,24-25,-10,-9.210340371976182,-3.5801409028076474,-3.5807181531971866
male,24-25,-9,-9.210340371976182,-3.5801408971572806,-3.5807181475468197
male,24-25,-8,-9.210340371976182,-3.5801210668369303,-3.5806983172264695
male,24-25,-7,-3.5801437677104744,-3.5147311449011727,-3.515308395290712
male,24-25,-6,-2.3783543848386834,-2.3494727734709575,-2.3500500238604967
male,24-25,-5,-1.2053313052721881,-1.1884423098162793,-1.1890195602058182
male,24-25,-4,-0.18802739402949575,-0.17905490703269966,-0.17963215742223865
male,24-25,-3,0.5995442163448755,0.606702612577936,0.606125362188397
male,24-25,-2,1.2893616754749297,1.2945134170674601,1.2939361666779212
male,24-25,-1,1.9020760647590866,1.8985636876181873,1.8979864372286483
male,24-25,0,2.1417428338494418,2.1310066706262774,2.130429420236738
male,24-25,1,1.5368124141150663,1.5426712770430633,1.5420940266535244
male,24-25,2,0.7322755602136356,0.7468373613912698,0.7462601110017307
male,24-25,3,0.1259575842159382,0.13488956456676707,0.13431231417722808
male,24-25,4,-0.33032585403575904,-0.3241407546867826,-0.3247180050763216
male,24-25,5,-0.6210990532536288,-0.6199581001532368,-0.6205353505427759
male,24-25,6,-0.9792651417827744,-0.9754903660892833,-0.9760676164788223
male,24-25,7,-1.2632848634908627,-1.260997602705575,-1.2615748530951139
male,24-25,8,-1.5243468533525573,-1.5206623438688556,-1.5212395942583945
male,24-25,9,-1.624275952680061,-1.6206374900997227,-1.6212147404892616
male,24-25,10,-1.5125557914272558,-1.5228103461731894,-1.5233875965627284
male,24-25,11,-2.306127869178617,-2.285864094314201,-2.28644134470374
male,24-25,12,-2.3472819786478967,-2.3464468652334425,-2.3470241156229816
male,24-25,13,-2.3403909507522185,-2.3450926156772605,-2.3456698660667996
male,24-25,14,-2.6787073819722553,-2.6717568959751246,-2.6723341463646637
male,24-25,15,-2.6638287694379317,-2.6679488991960096,-2.668526149585549
male,24-25,16,-2.942263070790375,-2.9328202682263007,-2.93339751861584
male,24-25,17,-2.7129247600689004,-2.721003390224876,-2.721580640614415
male,24-25,18,-3.0507226385512634,-3.046540748810094,-3.0471179991996333
male,24-25,19,-3.218331771792024,-3.21874266688205,-3.219319917271589
male,24-25,20,-3.4645073150308052,-3.4585572784049914,-3.4591345287945305
male,24-25,21,-3.3861801126065605,-3.394996667131276,-3.395573917520815
male,24-25,22,-4.021036982061635,-3.993974425410119,-3.994551675799658
male,24-25,23,-3.4495091279203662,-3.4662854162095846,-3.466862666599124
male,24-25,24,-4.310622979122494,-4.290982627967106,-4.2915598783566455
male,24-25,25,-4.444825039488047,-4.447432388999654,-4.448009639389193
male,24-25,26,-4.7922761863745675,-4.776802535216575,-4.777379785606114
male,24-25,27,-4.355684727063258,-4.377461983621654,-4.378039234011193
male,24-25,28,-7.272396795811622,-6.8354987198951145,-6.836075970284654
male,24-25,29,-4.429470987403871,-4.443921742421541,-4.44449899281108
male,24-25,30,-4.381470867873528,-4.387936006054041,-4.38851325644358
male,24-25,31,-4.812290806169819,-4.8168107712741275,-4.817388021663667
male,24-25,32,-6.423198323864188,-6.299183692201164,-6.299760942590703
male,24-25,33,-4.807755629126307,-4.81892569307392,-4.819502943463459
male,24-25,34,-4.719380940779794,-4.7379676128545505,-4.73854486324409
male,24-25,35,-9.210340371976182,-8.303447063344759,-8.304024313734297
male,24-25,36,-5.0273986836226525,-5.033167519316025,-5.033744769705564
male,24-25,37,-4.531658628232567,-4.53902010434758,-4.539597354737119
male,24-25,38,-4.588983331426267,-4.600423249083949,-4.601000499473488
male,24-25,39,-6.014423405813607,-5.961783001410605,-5.962360251800144
male,24-25,40,-5.886917178920553,-5.845669803567222,-5.846247053956761
male,24-25,41,-4.564188053847536,-4.585669184855395,-4.586246435244934
male,24-25,42,-5.386480067732853,-5.358477268860244,-5.359054519249783
male,24-25,43,-5.013342146326231,-5.031992815266592,-5.032570065656131
male,24-25,44,-6.776566799766823,-6.714875206718865,-6.715452457108404
male,24-25,45,-9.210340371976182,-9.210340371976182,-9.21091762236572
male,24-25,46,-6.208211622627517,-6.245012170375279,-6.245589420764818
male,24-25,47,-9.210340371976182,-6.208219406621795,-6.208796657011334
male,24-25,48,-9.210340371976182,-6.208208727962287,-6.208785978351826
male,24-25,49,-9.210340371976182,-6.208208724919595,-6.208785975309135
male,24-25,50,-9.210340371976182,-6.208208724918728,-6.208785975308267
male,24-25,51,-9.210340371976182,-6.208208724918728,-6.208785975308267
male,24-25,52,-9.210340371976182,-6.208208724918728,-6.208785975308267
male,26-27,-52,-9.210340371976182,-9.210340371976182,-9.210890793264602
male,26-27,-51,-9.210340371976182,-9.210340371976182,-9.210890793264602
male,26-27,-50,-9.210340371976182,-9.210340371976182,-9.210890793264602
male,26-27,-49,-9.210340371976182,-9.210340371976182,-9.210890793264602
male,26-27,-48,-9.210340371976182,-9.210340371976182,-9.210890793264602
male,26-27,-47,-9.210340371976182,-9.210340371976182,-9.210890793264602
male,26-27,-46,-9.210340371976182,-9.210340371976182,-9.210890793264602
male,26-27,-45,-9.210340371976182,-9.210340371976182,-9.210890793264602
male,26-27,-44,-9.210340371976182,-9.210340371976182,-9.210890793264602
male,26-27,-43,-9.210340371976182,-9.210340371976182,-9.210890793264602
male,26-27,-42,-9.210340371976182,-9.210340371976182,-9.210890793264602
male,26-27,-41,-9.210340371976182,-9.210340371976182,-9.210890793264602
male,26-27,-40,-9.210340371976182,-9.210340371976182,-9.210890793264602
male,26-27,-39,-9.210340371976182,-9.210340371976182,-9.210890793264602
male,26-27,-38,-9.210340371976182,-9.210340371976182,-9.210890793264602
male,26-27,-37,-9.210340371976182,-9.210340371976182,-9.210890793264602
male,26-27,-36,-9.210340371976182,-9.210340371976182,-9.210890793264602
male,26-27,-35,-9.210340371976182,-9.210340371976182,-9.210890793264602
male,26-27,-34,-9.210340371976182,-9.210340371976182,-9.210890793264602
male,26-27,-33,-9.210340371976182,-9.210340371976182,-9.210890793264602
male,26-27,-32,-9.210340371976182,-9.210340371976182,-9.210890793264602
male,26-27,-31,-9.210340371976182,-9.210340371976182,-9.210890793264602
male,26-27,-30,-9.210340371976182,-9.210340371976182,-9.210890793264602
male,26-27,-29,-9.210340371976182,-9.210340371976182,-9.210890793264602
male,26-27,-28,-9.210340371976182,-9.210340371976182,-9.210890793264602
male,26-27,-27,-9.210340371976182,-9.210340371976182,-9.210890793264602
male,26-27,-26,-9.210340371976182,-9.210340371976182,-9.210890793264602
male,26-27,-25,-9.210340371976182,-9.210340371976182,-9.210890793264602
male,26-27,-24,-9.210340371976182,-9.210340371976182,-9.210890793264602
male,26-27,-23,-9.210340371976182,-9.210340371976182,-9.210890793264602
male,26-27,-22,-9.210340371976182,-4.809834058031888,-4.810384479320309
male,26-27,-21,-9.210340371976182,-4.809834058031888,-4.810384479320309
male,26-27,-20,-9.210340371976182,-4.809834058031888,-4.810384479320309
male,26-27,-19,-9.210340371976182,-4.809834058031888,-4.810384479320309
male,26-27,-18,-9.210340371976182,-4.809834058031888,-4.810384479320309
male,26-27,-17,-9.210340371976182,-4.809834058031888,-4.810384479320309
male,26-27,-16,-9.210340371976182,-4.809834058031888,-4.810384479320309
male,26-27,-15,-9.210340371976182,-4.809834058031888,-4.810384479320309
male,26-27,-14,-9.210340371976182,-4.809834058031888,-4.810384479320309
male,26-27,-13,-9.210340371976182,-4.809834058031887,-4.810384479320308
male,26-27,-12,-9.210340371976182,-4.809834058029088,-4.810384479317508
male,26-27,-11,-9.210340371976182,-4.809834048202298,-4.810384469490718
male,26-27,-10,-9.210340371976182,-4.809799560719245,-4.810349982007666
male,26-27,-9,-4.809836857743749,-4.698745833652611,-4.699296254941031
male,26-27,-8,-3.2065381878691963,-3.1937537213202125,-3.194304142608633
male,26-27,-7,-2.3958658104155237,-2.3679966240005426,-2.368547045288963
male,26-27,-6,-1.1998804606679132,-1.1916946661929693,-1.1922450874813897
male,26-27,-5,-0.4150807110080676,-0.40901100764363846,-0.40956142893205894
male,26-27,-4,0.2289163589131829,0.2375925953851413,0.2370421740967208
male,26-27,-3,0.9361882715251891,0.9383847106704757,0.9378342893820552
male,26-27,-2,1.455601759510246,1.4575688110719132,1.4570183897834927
male,26-27,-1,1.9061160124034393,1.9034815513218668,1.9029311300334464
male,26-27,0,2.116865136957231,2.106293161586377,2.1057427402979565
male,26-27,1,1.480350107862931,1.4884620396496266,1.4879116183612062
male,26-27,2,0.8158266341427053,0.8251758929143928,0.8246254716259722
male,26-27,3,0.2010956415941425,0.2114438217393872,0.2108934004509667
male,26-27,4,-0.11129077255811934,-0.10846825296763447,-0.10901867425605496
male,26-27,5,-0.3821301911438319,-0.380758479661373,-0.3813089009497935
male,26-27,6,-0.697720676460989,-0.6955989315611453,-0.6961493528495658
male,26-27,7,-1.0242467647247107,-1.0184900364705611,-1.0190404577589816
male,26-27,8,-1.0830465192792031,-1.0887692204923627,-1.089319641780783
male,26-27,9,-1.6655844713498011,-1.6530169967907917,-1.6535674180792121
male,26-27,10,-1.7420211505991823,-1.7407939709987312,-1.7413443922871517
male,26-27,11,-1.751094998959026,-1.7567379110338024,-1.7572883323222228
male,26-27,12,-2.202350307160076,-2.195333076945027,-2.1958834982334476
male,26-27,13,-2.368434987845044,-2.366239584761905,-2.3667900060503255
male,26-27,14,-2.4165482799902462,-2.4162303879426617,-2.4167808092310823
male,26-27,15,-2.448997708854283,-2.4499547586523014,-2.450505179940722
male,26-27,16,-2.5472765335346463,-2.5492622188033858,-2.5498126400918064
male,26-27,17,-2.811488880117058,-2.8115230209191315,-2.812073442207552
male,26-27,18,-3.1981409832911214,-3.1905896672702,-3.1911400885586207
male,26-27,19,-3.2188795256569986,-3.2225431233836708,-3.2230935446720914
male,26-27,20,-3.508134851644138,-3.5066265354919772,-3.507176956780398
male,26-27,21,-3.7947979311009177,-3.7920067414263907,-3.7925571627148114
male,26-27,22,-3.9653820568908595,-3.9552666124530464,-3.955817033741467
male,26-27,23,-3.61238697965105,-3.627994403927837,-3.6285448252162578
male,26-27,24,-4.668719669321304,-4.6351874041684535,-4.635737825456874
male,26-27,25,-4.453589338764781,-4.467956634052121,-4.468507055340542
male,26-27,26,-5.552591182528608,-5.44667077784976,-5.4472211991381805
male,26-27,27,-3.7933750895297855,-3.8154794088846646,-3.8160298301730853
male,26-27,28,-4.536517190722442,-4.5271347402655575,-4.527685161553978
male,26-27,29,-5.297300893005927,-5.2519380197807015,-5.252488441069122
male,26-27,30,-4.319362274955762,-4.327688257115718,-4.328238678404139
male,26-27,31,-4.224617103564809,-4.237557503441773,-4.238107924730194
male,26-27,32,-5.38238541566683,-5.349002393933771,-5.349552815222192
male,26-27,33,-5.440701102583209,-5.44291563796495,-5.443466059253371
male,26-27,34,-5.652540444545869,-5.655779428815444,-5.656329850103865
male,26-27,35,-6.223508387360437,-6.2115193064434555,-6.212069727731876
male,26-27,36,-6.262128061197399,-6.275052998817482,-6.275603420105902
male,26-27,37,-8.036212754034688,-7.678959682379988,-7.679510103668409
male,26-27,38,-4.919826778585676,-4.952120706640466,-4.952671127928887
male,26-27,39,-9.210340371976182,-8.83614175108696,-8.836692172375379
male,26-27,40,-6.510954041064374,-6.526930952337625,-6.5274813736260455
male,26-27,41,-6.470044099418188,-6.472242608383855,-6.4727930296722755
male,26-27,42,-6.570285454857716,-6.585042594504734,-6.585593015793155
male,26-27,43,-9.210340371976182,-9.210340371976182,-9.210890793264602
male,26-27,44,-6.864572458352338,-6.900562827309278,-6.9011132485976985
male,26-27,45,-9.210340371976182,-6.86458007230598,-6.865130493594401
male,26-27,46,-9.210340371976182,-6.864569632957361,-6.865120054245781
male,26-27,47,-9.210340371976182,-6.8645696299828565,-6.865120051271277
male,26-27,48,-9.210340371976182,-6.864569629982009,-6.86512005127043
male,26-27,49,-9.210340371976182,-6.864569629982009,-6.86512005127043
male,26-27,50,-9.210340371976182,-6.864569629982009,-6.86512005127043
male,26-27,51,-9.210340371976182,-6.864569629982009,-6.86512005127043
male,26-27,52,-9.210340371976182,-6.864569629982009,-6.86512005127043
male,28-29,-52,-9.210340371976182,-9.210340371976182,-9.21083540894596
male,28-29,-51,-9.210340371976182,-9.210340371976182,-9.21083540894596
male,28-29,-50,-9.210340371976182,-9.210340371976182,-9.21083540894596
male,28-29,-49,-9.210340371976182,-9.210340371976182,-9.21083540894596
male,28-29,-48,-9.210340371976182,-9.210340371976182,-9.21083540894596
male,28-29,-47,-9.210340371976182,-9.210340371976182,-9.21083540894596
male,28-29,-46,-9.210340371976182,-9.210340371976182,-9.21083540894596
male,28-29,-45,-9.210340371976182,-9.210340371976182,-9.21083540894596
male,28-29,-44,-9.210340371976182,-9.210340371976182,-9.21083540894596
male,28-29,-43,-9.210340371976182,-9.210340371976182,-9.21083540894596
male,28-29,-42,-9.210340371976182,-9.210340371976182,-9.21083540894596
male,28-29,-41,-9.210340371976182,-9.210340371976182,-9.21083540894596
male,28-29,-40,-9.210340371976182,-9.210340371976182,-9.21083540894596
male,28-29,-39,-9.210340371976182,-9.210340371976182,-9.21083540894596
male,28-29,-38,-9.210340371976182,-9.210340371976182,-9.21083540894596
male,28-29,-37,-9.210340371976182,-9.210340371976182,-9.21083540894596
male,28-29,-36,-9.210340371976182,-9.210340371976182,-9.21083540894596
male,28-29,-35,-9.210340371976182,-9.210340371976182,-9.21083540894596
male,28-29,-34,-9.210340371976182,-9.210340371976182,-9.21083540894596
male,28-29,-33,-9.210340371976182,-9.210340371976182,-9.21083540894596
male,28-29,-32,-9.210340371976182,-9.210340371976182,-9.21083540894596
male,28-29,-31,-9.210340371976182,-9.210340371976182,-9.21083540894596
male,28-29,-30,-9.210340371976182,-9.210340371976182,-9.21083540894596
male,28-29,-29,-9.210340371976182,-9.210340371976182,-9.21083540894596
male,28-29,-28,-9.210340371976182,-9.210340371976182,-9.21083540894596
male,28-29,-27,-9.210340371976182,-9.210340371976182,-9.21083540894596
male,28-29,-26,-9.210340371976182,-9.210340371976182,-9.21083540894596
male,28-29,-25,-9.210340371976182,-9.210340371976182,-9.21083540894596
male,28-29,-24,-9.210340371976182,-9.210340371976182,-9.21083540894596
male,28-29,-23,-9.210340371976182,-9.210340371976182,-9.21083540894596
male,28-29,-22,-9.210340371976182,-9.210340371976182,-9.21083540894596
male,28-29,-21,-9.210340371976182,-9.210340371976182,-9.21083540894596
male,28-29,-20,-9.210340371976182,-5.045384834924221,-5.045879871893998
male,28-29,-19,-9.210340371976182,-5.045384834924221,-5.045879871893998
male,28-29,-18,-9.210340371976182,-5.045384834924221,-5.045879871893998
male,28-29,-17,-9.210340371976182,-5.045384834924221,-5.045879871893998
male,28-29,-16,-9.210340371976182,-5.045384834924221,-5.045879871893998
male,28-29,-15,-9.210340371976182,-5.04538483492422,-5.045879871893997
male,28-29,-14,-9.210340371976182,-5.045384834924221,-5.045879871893998
male,28-29,-13,-9.210340371976182,-5.045384834924221,-5.045879871893998
male,28-29,-12,-9.210340371976182,-5.045384834698664,-5.045879871668442
male,28-29,-11,-5.045386958287233,-5.043383774565679,-5.043878811535456
male,28-29,-10,-3.6087273068617733,-3.6085823519718816,-3.609077388941659
male,28-29,-9,-2.993514251695946,-2.993068937677228,-2.9935639746470053
male,28-29,-8,-1.9670730899935647,-1.966957200780421,-1.9674522377501984
male,28-29,-7,-1.2920865417552045,-1.292002047236406,-1.2924970842061834
male,28-29,-6,-0.752804398072095,-0.7525805208173495,-0.7530755577871268
male,28-29,-5,-0.01588289160449841,-0.015830319699182763,-0.01632535666896004
male,28-29,-4,0.5183916768267566,0.5184877851389096,0.5179927481691323
male,28-29,-3,1.0734721788396246,1.0735178722488916,1.0730228352791142
male,28-29,-2,1.5527382883125809,1.5527545036514776,1.5522594666817002
male,28-29,-1,1.9442342551333673,1.9441759875277422,1.9436809505579649
male,28-29,0,2.1080010129415974,2.1078107121796066,2.107315675209829
male,28-29,1,1.5431839216582273,1.543306621958387,1.5428115849886097
male,28-29,2,0.9193039291661711,0.9194887338527958,0.9189936968830186
male,28-29,3,0.388417879525803,0.3885937128035436,0.38809867583376634
male,28-29,4,0.08398730745432038,0.08401857039453016,0.08352353342475288
male,28-29,5,-0.28368343368369325,-0.28359442693736187,-0.28408946390713913
male,28-29,6,-0.5342582863711264,-0.5342311076943036,-0.5347261446640809
male,28-29,7,-0.8104011247336345,-0.8103453225482717,-0.810840359518049
male,28-29,8,-1.0210934251745665,-1.021100640742735,-1.0215956777125124
male,28-29,9,-1.3559263312155492,-1.3558243099171359,-1.3563193468869132
male,28-29,10,-1.4787585984212208,-1.478750853450804,-1.4792458904205814
male,28-29,11,-1.6035489568892396,-1.6035663196677168,-1.6040613566374942
male,28-29,12,-1.8210109892877497,-1.8210058407309364,-1.8215008777007138
male,28-29,13,-2.102748217340161,-2.102645441309374,-2.103140478279151
male,28-29,14,-2.136941669203493,-2.1370779838803697,-2.137573020850147
male,28-29,15,-2.754012996100073,-2.7536959398686522,-2.7541909768384296
male,28-29,16,-2.6918447791180515,-2.6918687468512843,-2.6923637838210617
male,28-29,17,-2.7086840280396145,-2.7086673814880804,-2.7091624184578578
male,28-29,18,-2.682738910094124,-2.6828192402660243,-2.6833142772358016
male,28-29,19,-2.929586762004152,-2.9296439444960085,-2.930138981465786
male,28-29,20,-3.5244527925203046,-3.5242151055568893,-3.5247101425266667
male,28-29,21,-3.6229100745131575,-3.622923470904418,-3.623418507874195
male,28-29,22,-3.7784385811476477,-3.7784543964268873,-3.7789494333966647
male,28-29,23,-4.02779169611224,-4.02785495439701,-4.028349991366787
male,28-29,24,-4.6648778422285515,-4.663709050556961,-4.6642040875267385
male,28-29,25,-3.3922860137046507,-3.392671167987417,-3.3931662049571942
male,28-29,26,-3.985431409981091,-3.9853980421506927,-3.98589307912047
male,28-29,27,-5.280094354055075,-5.278750254901016,-5.279245291870794
male,28-29,28,-4.443740674080777,-4.44419523463641,-4.444690271606188
male,28-29,29,-5.96201685391785,-5.96081556111957,-5.961310598089347
male,28-29,30,-5.844164031768764,-5.843629663666799,-5.844124700636576
male,28-29,31,-4.878555949841085,-4.879092249406604,-4.879587286376381
male,28-29,32,-9.210340371976182,-9.210340371976182,-9.21083540894596
male,28-29,33,-6.550627797483017,-6.54916596117707,-6.549660998146847
male,28-29,34,-4.697357594675305,-4.697497584493993,-4.69799262146377
male,28-29,35,-4.343928692628109,-4.344336176599248,-4.344831213569026
male,28-29,36,-6.997014359670203,-6.991387786340288,-6.991882823310065
male,28-29,37,-5.474402324035763,-5.474969824219986,-5.475464861189764
male,28-29,38,-7.93302926279591,-7.928191602349187,-7.928686639318965
male,28-29,39,-6.389671432024009,-6.389683264559334,-6.390178301529112
male,28-29,40,-5.822145131117881,-5.8225802910863065,-5.823075328056084
male,28-29,41,-7.797925873440798,-7.796011271249933,-7.79650630821971
male,28-29,42,-9.210340371976182,-9.210340371976182,-9.21083540894596
male,28-29,43,-9.210340371976182,-9.210340371976182,-9.21083540894596
male,28-29,44,-9.210340371976182,-9.210340371976182,-9.21083540894596
male,28-29,45,-9.210340371976182,-9.210340371976182,-9.21083540894596
male,28-29,46,-9.210340371976182,-9.210340371976182,-9.21083540894596
male,28-29,47,-9.210340371976182,-9.210340371976182,-9.21083540894596
male,28-29,48,-9.210340371976182,-9.210340371976182,-9.21083540894596
male,28-29,49,-9.210340371976182,-9.210340371976182,-9.21083540894596
male,28-29,50,-9.210340371976182,-9.210340371976182,-9.21083540894596
male,28-29,51,-9.210340371976182,-9.210340371976182,-9.21083540894596
male,28-29,52,-9.210340371976182,-9.210340371976182,-9.21083540894596
male,30-31,-52,-9.210340371976182,-9.210340371976182,-9.210919575441086
male,30-31,-51,-9.210340371976182,-9.210340371976182,-9.210919575441086
male,30-31,-50,-9.210340371976182,-9.210340371976182,-9.210919575441086
male,30-31,-49,-9.210340371976182,-9.210340371976182,-9.210919575441086
male,30-31,-48,-9.210340371976182,-9.210340371976182,-9.210919575441086
male,30-31,-47,-9.210340371976182,-9.210340371976182,-9.210919575441086
male,30-31,-46,-9.210340371976182,-9.210340371976182,-9.210919575441086
male,30-31,-45,-9.210340371976182,-9.210340371976182,-9.210919575441086
male,30-31,-44,-9.210340371976182,-9.210340371976182,-9.210919575441086
male,30-31,-43,-9.210340371976182,-9.210340371976182,-9.210919575441086
male,30-31,-42,-9.210340371976182,-9.210340371976182,-9.210919575441086
male,30-31,-41,-9.210340371976182,-9.210340371976182,-9.210919575441086
male,30-31,-40,-9.210340371976182,-9.210340371976182,-9.210919575441086
male,30-31,-39,-9.210340371976182,-9.210340371976182,-9.210919575441086
male,30-31,-38,-9.210340371976182,-9.210340371976182,-9.210919575441086
male,30-31,-37,-9.210340371976182,-9.210340371976182,-9.210919575441086
male,30-31,-36,-9.210340371976182,-9.210340371976182,-9.210919575441086
male,30-31,-35,-9.210340371976182,-9.210340371976182,-9.210919575441086
male,30-31,-34,-9.210340371976182,-9.210340371976182,-9.210919575441086
male,30-31,-33,-9.210340371976182,-9.210340371976182,-9.210919575441086
male,30-31,-32,-9.210340371976182,-9.210340371976182,-9.210919575441086
male,30-31,-31,-9.210340371976182,-9.210340371976182,-9.210919575441086
male,30-31,-30,-9.210340371976182,-9.210340371976182,-9.210919575441086
male,30-31,-29,-9.210340371976182,-9.210340371976182,-9.210919575441086
male,30-31,-28,-9.210340371976182,-9.210340371976182,-9.210919575441086
male,30-31,-27,-9.210340371976182,-9.210340371976182,-9.210919575441086
male,30-31,-26,-9.210340371976182,-9.210340371976182,-9.210919575441086
male,30-31,-25,-9.210340371976182,-9.210340371976182,-9.210919575441086
male,30-31,-24,-9.210340371976182,-9.210340371976182,-9.210919575441086
male,30-31,-23,-9.210340371976182,-9.210340371976182,-9.210919575441086
male,30-31,-22,-9.210340371976182,-4.914129503382016,-4.914708706846921
male,30-31,-21,-9.210340371976182,-4.914129503382016,-4.914708706846921
male,30-31,-20,-9.210340371976182,-4.914129503382016,-4.914708706846921
male,30-31,-19,-9.210340371976182,-4.914129503382016,-4.914708706846921
male,30-31,-18,-9.210340371976182,-4.914129503382016,-4.914708706846921
male,30-31,-17,-9.210340371976182,-4.914129503382016,-4.914708706846921
male,30-31,-16,-9.210340371976182,-4.914129503382016,-4.914708706846921
male,30-31,-15,-9.210340371976182,-4.914129503382016,-4.914708706846921
male,30-31,-14,-9.210340371976182,-4.914129503350906,-4.91470870681581
male,30-31,-13,-4.914130845366575,-4.913853275709656,-4.91443247917456
male,30-31,-12,-4.558572538752414,-4.55797407661197,-4.558553280076874
male,30-31,-11,-3.4705917680919334,-3.4702777864883037,-3.470856989953208
male,30-31,-10,-2.5131010802786475,-2.5131081298991167,-2.513687333364021
male,30-31,-9,-2.0578353391664717,-2.0576705492258003,-2.0582497526907044
male,30-31,-8,-1.457203991861083,-1.4570542798987243,-1.4576334833636286
male,30-31,-7,-0.818910249311892,-0.8188201876119211,-0.8193993910768255
male,30-31,-6,-0.24956017896665159,-0.24948674738526064,-0.250065950850165
male,30-31,-5,0.27638407451154406,0.27643718292596065,0.2758579794610563
male,30-31,-4,0.7587111689036478,0.7587948380319148,0.7582156345670105
male,30-31,-3,1.2881854747914425,1.2881706605642267,1.2875914570993223
male,30-31,-2,1.6384043303785494,1.6384243773947824,1.637845173929878
male,30-31,-1,1.9689569296913372,1.9689036286135468,1.9683244251486425
male,30-31,0,2.1008125919198917,2.1006428674897895,2.1000636640248853
male,30-31,1,1.5645877910362056,1.564707053116891,1.5641278496519866
male,30-31,2,0.9614827344280719,0.9616710576454339,0.9610918541805296
male,30-31,3,0.5431762733866617,0.5432450816959409,0.5426658782310365
male,30-31,4,0.08628393517752524,0.08645491060001666,0.0858757071351123
male,30-31,5,-0.033019663290469806,-0.03306000323443701,-0.03363920669934136
male,30-31,6,-0.3543391970605153,-0.35426703602839593,-0.3548462394933003
male,30-31,7,-0.5722035158944943,-0.5721736570423104,-0.5727528605072147
male,30-31,8,-0.7596466541510354,-0.7596614777344158,-0.7602406811993202
male,30-31,9,-1.0608066619141978,-1.060731738902616,-1.0613109423675204
male,30-31,10,-1.2058346443693326,-1.2058793773796777,-1.206458580844582
male,30-31,11,-1.5693367117272745,-1.5692471547609994,-1.5698263582259038
male,30-31,12,-1.7783213282576888,-1.778344918313431,-1.7789241217783354
male,30-31,13,-2.1610789020382954,-2.1609271610335004,-2.1615063644984045
male,30-31,14,-2.1931376870067534,-2.1931543496272097,-2.193733553092114
male,30-31,15,-2.287320213226805,-2.2873596336374433,-2.2879388371023475
male,30-31,16,-2.5471336192622056,-2.547104513405341,-2.547683716870245
male,30-31,17,-2.795621888235365,-2.7954992644178835,-2.7960784678827877
male,30-31,18,-2.719054019127269,-2.719132729949318,-2.719711933414222
male,30-31,19,-2.8940854331256634,-2.8940813743845655,-2.8946605778494696
male,30-31,20,-3.0853870450804273,-3.085433991314628,-3.086013194779532
male,30-31,21,-3.5228132282530646,-3.522547076188153,-3.523126279653057
male,30-31,22,-3.3130906743616126,-3.313292221858701,-3.313871425323605
male,30-31,23,-3.8470382606149194,-3.8469770149038323,-3.8475562183687364
male,30-31,24,-4.581486356408992,-4.581155822882381,-4.581735026347285
male,30-31,25,-4.6968342682782875,-4.696834159470231,-4.697413362935135
male,30-31,26,-4.830219834496757,-4.830041958376881,-4.830621161841786
male,30-31,27,-4.512154296851068,-4.512494939515633,-4.513074142980537
male,30-31,28,-5.863750147885572,-5.862661096169554,-5.863240299634459
male,30-31,29,-5.512136746455608,-5.512170114018071,-5.512749317482975
male,30-31,30,-5.347730602727926,-5.347924690252681,-5.348503893717585
male,30-31,31,-5.922938331134954,-5.921998750973774,-5.922577954438679
male,30-31,32,-4.817714517560544,-4.818113186747286,-4.818692390212191
male,30-31,33,-5.564405547353008,-5.564225002637763,-5.564804206102668
male,30-31,34,-6.448909130861063,-6.448235856956032,-6.448815060420936
male,30-31,35,-5.99018791575141,-5.990479722311798,-5.991058925776702
male,30-31,36,-6.697041164310645,-6.696860100656759,-6.697439304121664
male,30-31,37,-7.410326885291683,-7.410303397587018,-7.410882601051923
male,30-31,38,-9.210340371976182,-9.210340371976182,-9.210919575441086
male,30-31,39,-6.637497978557651,-6.637741052369737,-6.638320255834642
male,30-31,40,-6.2024206275640035,-6.202660804996966,-6.20324000846187
male,30-31,41,-9.210340371976182,-6.2024192591139435,-6.202998462578848
male,30-31,42,-9.210340371976182,-6.202419259086746,-6.20299846255165
male,30-31,43,-9.210340371976182,-6.202419259086746,-6.20299846255165
male,30-31,44,-9.210340371976182,-6.202419259086746,-6.20299846255165
male,30-31,45,-9.210340371976182,-6.202419259086746,-6.20299846255165
male,30-31,46,-9.210340371976182,-6.202419259086746,-6.20299846255165
male,30-31,47,-9.210340371976182,-6.202419259086746,-6.20299846255165
male,30-31,48,-9.210340371976182,-6.202419259086746,-6.20299846255165
male,30-31,49,-9.210340371976182,-6.202419259086746,-6.20299846255165
male,30-31,50,-9.210340371976182,-9.210340371976182,-9.210919575441086
male,30-31,51,-9.210340371976182,-9.210340371976182,-9.210919575441086
male,30-31,52,-9.210340371976182,-9.210340371976182,-9.210919575441086
male,32-33,-52,-9.210340371976182,-9.210340371976182,-9.210933788056352
male,32-33,-51,-9.210340371976182,-9.210340371976182,-9.210933788056352
male,32-33,-50,-9.210340371976182,-9.210340371976182,-9.210933788056352
male,32-33,-49,-9.210340371976182,-9.210340371976182,-9.210933788056352
male,32-33,-48,-9.210340371976182,-9.210340371976182,-9.210933788056352
male,32-33,-47,-9.210340371976182,-9.210340371976182,-9.210933788056352
male,32-33,-46,-9.210340371976182,-9.210340371976182,-9.210933788056352
male,32-33,-45,-9.210340371976182,-9.210340371976182,-9.210933788056352
male,32-33,-44,-9.210340371976182,-9.210340371976182,-9.210933788056352
male,32-33,-43,-9.210340371976182,-9.210340371976182,-9.210933788056352
male,32-33,-42,-9.210340371976182,-9.210340371976182,-9.210933788056352
male,32-33,-41,-9.210340371976182,-9.210340371976182,-9.210933788056352
male,32-33,-40,-9.210340371976182,-9.210340371976182,-9.210933788056352
male,32-33,-39,-9.210340371976182,-9.210340371976182,-9.210933788056352
male,32-33,-38,-9.210340371976182,-9.210340371976182,-9.210933788056352
male,32-33,-37,-9.210340371976182,-9.210340371976182,-9.210933788056352
male,32-33,-36,-9.210340371976182,-9.210340371976182,-9.210933788056352
male,32-33,-35,-9.210340371976182,-9.210340371976182,-9.210933788056352
male,32-33,-34,-9.210340371976182,-9.210340371976182,-9.210933788056352
male,32-33,-33,-9.210340371976182,-9.210340371976182,-9.210933788056352
male,32-33,-32,-9.210340371976182,-9.210340371976182,-9.210933788056352
male,32-33,-31,-9.210340371976182,-9.210340371976182,-9.210933788056352
male,32-33,-30,-9.210340371976182,-9.210340371976182,-9.210933788056352
male,32-33,-29,-9.210340371976182,-9.210340371976182,-9.210933788056352
male,32-33,-28,-9.210340371976182,-9.210340371976182,-9.210933788056352
male,32-33,-27,-9.210340371976182,-9.210340371976182,-9.210933788056352
male,32-33,-26,-9.210340371976182,-9.210340371976182,-9.210933788056352
male,32-33,-25,-9.210340371976182,-9.210340371976182,-9.210933788056352
male,32-33,-24,-9.210340371976182,-5.313231811967394,-5.313825228047564
male,32-33,-23,-9.210340371976182,-5.313231811967394,-5.313825228047564
male,32-33,-22,-9.210340371976182,-5.313231811967394,-5.313825228047564
male,32-33,-21,-9.210340371976182,-5.313231811967394,-5.313825228047564
male,32-33,-20,-9.210340371976182,-5.313231811967393,-5.3138252280475635
male,32-33,-19,-9.210340371976182,-5.313231811967393,-5.3138252280475635
male,32-33,-18,-9.210340371976182,-5.313231811967394,-5.313825228047564
male,32-33,-17,-9.210340371976182,-5.313231811967394,-5.313825228047564
male,32-33,-16,-9.210340371976182,-5.313231811978686,-5.313825228058857
male,32-33,-15,-5.313235249755675,-5.313332103527818,-5.313925519607989
male,32-33,-14,-5.482347566230969,-5.481510407219758,-5.482103823299928
male,32-33,-13,-4.250209329268423,-4.249819313507226,-4.250412729587397
male,32-33,-12,-3.1958519811167916,-3.1957354563904254,-3.196328872470596
male,32-33,-11,-2.520885359213558,-2.520809066714738,-2.5214024827949086
male,32-33,-10,-2.0041641154073897,-2.0040365405519265,-2.004629956632097
male,32-33,-9,-1.4333371916912403,-1.4332268888796869,-1.4338203049598572
male,32-33,-8,-0.8556623551837413,-0.8556173443355618,-0.8562107604157323
male,32-33,-7,-0.38548315465926414,-0.38540927016331955,-0.38600268624349005
male,32-33,-6,0.1094195688984629,0.10946850509515542,0.10887508901498494
male,32-33,-5,0.5725319847394803,0.5725661679815914,0.5719727519014209
male,32-33,-4,0.9932163174585985,0.9932718493761078,0.9926784332959373
male,32-33,-3,1.4318056818379559,1.4317824068484672,1.4311889907682969
male,32-33,-2,1.7032596301881933,1.703279907548153,1.7026864914679827
male,32-33,-1,1.9899227129980968,1.9898755722285957,1.9892821561484253
male,32-33,0,2.1122971701396773,2.1121315627527966,2.111538146672626
male,32-33,1,1.5962418695439082,1.5963509602520678,1.5957575441718974
male,32-33,2,1.0507843400479353,1.0509398105915682,1.0503463945113978
male,32-33,3,0.6448619630627624,0.6449644475649137,0.6443710314847432
male,32-33,4,0.3518402459962489,0.3518735148146674,0.3512800987344969
male,32-33,5,0.023125990169241717,0.023215870322760155,0.022622454242589678
male,32-33,6,-0.13710253989090224,-0.13713934210860274,-0.1377327581887732
male,32-33,7,-0.49194274856083126,-0.4918862087902988,-0.4924796248704693
male,32-33,8,-0.8118790142414034,-0.811820822845452,-0.8124142389256225
male,32-33,9,-1.0706792476606464,-1.0705781695200294,-1.0711715856001998
male,32-33,10,-1.0827230295862071,-1.0828639784445326,-1.083457394524703
male,32-33,11,-1.691046222787422,-1.69072307441526,-1.6913164904954303
male,32-33,12,-1.6007601911481761,-1.6008828506133423,-1.6014762666935127
male,32-33,13,-1.9528325932083377,-1.9527151820042759,-1.9533085980844462
male,32-33,14,-2.055362548514776,-2.055338476219966,-2.0559318923001366
male,32-33,15,-2.105498874663251,-2.105582234452104,-2.1061756505322746
male,32-33,16,-2.4698359794094227,-2.469794171004325,-2.470387587084496
male,32-33,17,-2.837107964041613,-2.836915474786586,-2.8375088908667565
male,32-33,18,-2.711825466294613,-2.7120033616681845,-2.712596777748355
male,32-33,19,-3.2701167607178507,-3.2697900359285166,-3.270383452008687
male,32-33,20,-3.0812925849802997,-3.081481779587726,-3.0820751956678967
male,32-33,21,-3.592331377950878,-3.592278253340329,-3.5928716694204996
male,32-33,22,-4.311384925788711,-4.310737331254936,-4.311330747335107
male,32-33,23,-3.684293745909153,-3.6846651522710228,-3.6852585683511934
male,32-33,24,-4.695448663966455,-4.694528466530921,-4.695121882611091
male,32-33,25,-4.008778710188441,-4.00910241322794,-4.009695829308111
male,32-33,26,-4.671227831327275,-4.671075584334371,-4.671669000414542
male,32-33,27,-5.2844542773062795,-5.284307542355129,-5.2849009584352995
male,32-33,28,-5.763519213739104,-5.762584312677714,-5.763177728757885
male,32-33,29,-4.602462141951296,-4.60278880509317,-4.603382221173341
male,32-33,30,-4.947704603832384,-4.9477305379025145,-4.948323953982685
male,32-33,31,-5.650060854472767,-5.649851170960765,-5.650444587040935
male,32-33,32,-6.183089989930283,-6.182923998897586,-6.183517414977756
male,32-33,33,-6.440957552558354,-6.43925233282302,-6.43984574890319
male,32-33,34,-4.676217167514705,-4.676734372892435,-4.6773277889726055
male,32-33,35,-5.957241510319111,-5.95668711133442,-5.957280527414591
male,32-33,36,-9.210340371976182,-9.210340371976182,-9.210933788056352
male,32-33,37,-9.210340371976182,-9.210340371976182,-9.210933788056352
male,32-33,38,-9.210340371976182,-9.210340371976182,-9.210933788056352
male,32-33,39,-9.210340371976182,-9.210340371976182,-9.210933788056352
male,32-33,40,-9.210340371976182,-9.210340371976182,-9.210933788056352
male,32-33,41,-9.210340371976182,-9.210340371976182,-9.210933788056352
male,32-33,42,-9.210340371976182,-9.210340371976182,-9.210933788056352
male,32-33,43,-9.210340371976182,-9.210340371976182,-9.210933788056352
male,32-33,44,-9.210340371976182,-9.210340371976182,-9.210933788056352
male,32-33,45,-9.210340371976182,-9.210340371976182,-9.210933788056352
male,32-33,46,-9.210340371976182,-9.210340371976182,-9.210933788056352
male,32-33,47,-9.210340371976182,-9.210340371976182,-9.210933788056352
male,32-33,48,-9.210340371976182,-9.210340371976182,-9.210933788056352
male,32-33,49,-9.210340371976182,-9.210340371976182,-9.210933788056352
male,32-33,50,-9.210340371976182,-9.210340371976182,-9.210933788056352
male,32-33,51,-9.210340371976182,-9.210340371976182,-9.210933788056352
male,32-33,52,-9.210340371976182,-9.210340371976182,-9.210933788056352
male,34-35,-52,-9.210340371976182,-9.210340371976182,-9.210882943040726
male,34-35,-51,-9.210340371976182,-9.210340371976182,-9.210882943040726
male,34-35,-50,-9.210340371976182,-9.210340371976182,-9.210882943040726
male,34-35,-49,-9.210340371976182,-9.210340371976182,-9.210882943040726
male,34-35,-48,-9.210340371976182,-9.210340371976182,-9.210882943040726
male,34-35,-47,-9.210340371976182,-9.210340371976182,-9.210882943040726
male,34-35,-46,-9.210340371976182,-9.210340371976182,-9.210882943040726
male,34-35,-45,-9.210340371976182,-9.210340371976182,-9.210882943040726
male,34-35,-44,-9.210340371976182,-9.210340371976182,-9.210882943040726
male,34-35,-43,-9.210340371976182,-9.210340371976182,-9.210882943040726
male,34-35,-42,-9.210340371976182,-9.210340371976182,-9.210882943040726
male,34-35,-41,-9.210340371976182,-9.210340371976182,-9.210882943040726
male,34-35,-40,-9.210340371976182,-9.210340371976182,-9.210882943040726
male,34-35,-39,-9.210340371976182,-9.210340371976182,-9.210882943040726
male,34-35,-38,-9.210340371976182,-9.210340371976182,-9.210882943040726
male,34-35,-37,-9.210340371976182,-9.210340371976182,-9.210882943040726
male,34-35,-36,-9.210340371976182,-9.210340371976182,-9.210882943040726
male,34-35,-35,-9.210340371976182,-9.210340371976182,-9.210882943040726
male,34-35,-34,-9.210340371976182,-9.210340371976182,-9.210882943040726
male,34-35,-33,-9.210340371976182,-9.210340371976182,-9.210882943040726
male,34-35,-32,-9.210340371976182,-9.210340371976182,-9.210882943040726
male,34-35,-31,-9.210340371976182,-9.210340371976182,-9.210882943040726
male,34-35,-30,-9.210340371976182,-9.210340371976182,-9.210882943040726
male,34-35,-29,-9.210340371976182,-9.210340371976182,-9.210882943040726
male,34-35,-28,-9.210340371976182,-9.210340371976182,-9.210882943040726
male,34-35,-27,-9.210340371976182,-9.210340371976182,-9.210882943040726
male,34-35,-26,-9.210340371976182,-6.216412945086116,-6.21695551615066
male,34-35,-25,-9.210340371976182,-6.216412945086117,-6.216955516150661
male,34-35,-24,-9.210340371976182,-6.216412945086116,-6.21695551615066
male,34-35,-23,-9.210340371976182,-6.216412945086117,-6.216955516150661
male,34-35,-22,-9.210340371976182,-6.216412945086116,-6.21695551615066
male,34-35,-21,-9.210340371976182,-6.216412945086116,-6.21695551615066
male,34-35,-20,-9.210340371976182,-6.216412945086116,-6.21695551615066
male,34-35,-19,-9.210340371976182,-6.216412945086116,-6.21695551615066
male,34-35,-18,-9.210340371976182,-6.216412945010904,-6.216955516075449
male,34-35,-17,-6.2164136082578,-6.21574525418751,-6.216287825252055
male,34-35,-16,-5.507422497761392,-5.50701834121849,-5.507560912283035
male,34-35,-15,-4.595073212548198,-4.594727403678694,-4.595269974743238
male,34-35,-14,-3.6257097810258365,-3.625539504647352,-3.6260820757118966
male,34-35,-13,-2.8844145921572952,-2.8843788379255946,-2.884921408990139
male,34-35,-12,-2.4162720469206564,-2.416265283264045,-2.4168078543285896
male,34-35,-11,-2.0913468045435617,-2.091093482105051,-2.091636053169595
male,34-35,-10,-1.3662466691165407,-1.3662176754856208,-1.3667602465501651
male,34-35,-9,-0.8712521457680865,-0.8712071494116291,-0.8717497204761734
male,34-35,-8,-0.41792443207486235,-0.4178666025002655,-0.4184091735648098
male,34-35,-7,0.04987012166747852,0.04986342348128812,0.04932085241674384
male,34-35,-6,0.3893407420936963,0.38942193366324834,0.3888793625987041
male,34-35,-5,0.8450899738372913,0.845098588922009,0.8445560178574647
male,34-35,-4,1.2057241851674159,1.2057491449777566,1.2052065739132123
male,34-35,-3,1.5651096659946306,1.5650792759891763,1.564536704924632
male,34-35,-2,1.7916194843589157,1.7916197296517027,1.7910771585871583
male,34-35,-1,1.9960895135353438,1.9960579947130512,1.9955154236485069
male,34-35,0,2.09567325318874,2.0955195330444925,2.094976961979948
male,34-35,1,1.6083329836550844,1.608431527151411,1.6078889560868665
male,34-35,2,1.0942737199407178,1.094408826851529,1.0938662557869847
male,34-35,3,0.708005414823869,0.7080786777469303,0.7075361066823861
male,34-35,4,0.38249535909013216,0.38255535763091103,0.3820127865663668
male,34-35,5,0.13617889375604017,0.13616648778202792,0.13562391671748364
male,34-35,6,-0.25775907372269036,-0.2576126813217132,-0.25815525238625747
male,34-35,7,-0.32015935230380205,-0.3202640603420961,-0.32080663140664034
male,34-35,8,-0.805232799545384,-0.8050251406382437,-0.805567711702788
male,34-35,9,-0.8189345244679304,-0.819011956543058,-0.8195545276076023
male,34-35,10,-1.1104691299890976,-1.11039895674617,-1.1109415278107144
male,34-35,11,-1.264973977864746,-1.2650012563723991,-1.2655438274369435
male,34-35,12,-1.5686389639335188,-1.568566410130697,-1.5691089811952414
male,34-35,13,-1.7295932561306016,-1.7296249680973825,-1.730167539161927
male,34-35,14,-2.039574419641922,-2.0395439525286996,-2.040086523593244
male,34-35,15,-2.3404350219966537,-2.340403028195189,-2.3409455992597334
male,34-35,16,-2.617920292454897,-2.617879641222966,-2.6184222122875105
male,34-35,17,-2.8383450706385447,-2.8383871178690727,-2.838929688933617
male,34-35,18,-3.29987053680569,-3.2996253331566927,-3.300167904221237
male,34-35,19,-3.159358937642661,-3.1594278101728,-3.1599703812373443
male,34-35,20,-3.241191921775181,-3.241249194534476,-3.2417917655990203
male,34-35,21,-3.5441419603556237,-3.544178935548762,-3.5447215066133064
male,34-35,22,-4.163780242425817,-4.163590080252633,-4.1641326513171775
male,34-35,23,-4.478548862383987,-4.478527810693522,-4.479070381758066
male,34-35,24,-4.824676612328341,-4.824660271417707,-4.825202842482251
male,34-35,25,-5.247916299556023,-5.247402304879217,-5.2479448759437615
male,34-35,26,-4.548421145439277,-4.548804978386881,-4.549347549451426
male,34-35,27,-5.615395370855424,-5.6144649375715545,-5.615007508636099
male,34-35,28,-4.999051283338251,-4.999348237855432,-4.999890808919976
male,34-35,29,-5.5606084869140355,-5.5599011264047595,-5.560443697469304
male,34-35,30,-4.702994183192079,-4.703410677610709,-4.703953248675253
male,34-35,31,-5.82647551068544,-5.825811752299117,-5.826354323363661
male,34-35,32,-5.96506765946771,-5.965111433663383,-5.965654004727927
male,34-35,33,-6.30263779633764,-6.302546710603726,-6.30308928166827
male,34-35,34,-6.451809826145809,-6.450534714604989,-6.451077285669533
male,34-35,35,-4.919900953197546,-4.920329564999706,-4.920872136064251
male,34-35,36,-9.210340371976182,-9.210340371976182,-9.210882943040726
male,34-35,37,-9.210340371976182,-9.210340371976182,-9.210882943040726
male,34-35,38,-9.210340371976182,-9.210340371976182,-9.210882943040726
male,34-35,39,-9.210340371976182,-9.210340371976182,-9.210882943040726
male,34-35,40,-9.210340371976182,-9.210340371976182,-9.210882943040726
male,34-35,41,-9.210340371976182,-9.210340371976182,-9.210882943040726
male,34-35,42,-9.210340371976182,-9.210340371976182,-9.210882943040726
male,34-35,43,-9.210340371976182,-9.210340371976182,-9.210882943040726
male,34-35,44,-9.210340371976182,-9.210340371976182,-9.210882943040726
male,34-35,45,-9.210340371976182,-9.210340371976182,-9.210882943040726
male,34-35,46,-9.210340371976182,-9.210340371976182,-9.210882943040726
male,34-35,47,-9.210340371976182,-9.210340371976182,-9.210882943040726
male,34-35,48,-9.210340371976182,-9.210340371976182,-9.210882943040726
male,34-35,49,-9.210340371976182,-9.210340371976182,-9.210882943040726
male,34-35,50,-9.210340371976182,-9.210340371976182,-9.210882943040726
male,34-35,51,-9.210340371976182,-9.210340371976182,-9.210882943040726
male,34-35,52,-9.210340371976182,-9.210340371976182,-9.210882943040726
male,36-37,-52,-9.210340371976182,-9.210340371976182,-9.210766008852765
male,36-37,-51,-9.210340371976182,-9.210340371976182,-9.210766008852765
male,36-37,-50,-9.210340371976182,-9.210340371976182,-9.210766008852765
male,36-37,-49,-9.210340371976182,-9.210340371976182,-9.210766008852765
male,36-37,-48,-9.210340371976182,-9.210340371976182,-9.210766008852765
male,36-37,-47,-9.210340371976182,-9.210340371976182,-9.210766008852765
male,36-37,-46,-9.210340371976182,-9.210340371976182,-9.210766008852765
male,36-37,-45,-9.210340371976182,-9.210340371976182,-9.210766008852765
male,36-37,-44,-9.210340371976182,-9.210340371976182,-9.210766008852765
male,36-37,-43,-9.210340371976182,-9.210340371976182,-9.210766008852765
male,36-37,-42,-9.210340371976182,-9.210340371976182,-9.210766008852765
male,36-37,-41,-9.210340371976182,-9.210340371976182,-9.210766008852765
male,36-37,-40,-9.210340371976182,-9.210340371976182,-9.210766008852765
male,36-37,-39,-9.210340371976182,-9.210340371976182,-9.210766008852765
male,36-37,-38,-9.210340371976182,-9.210340371976182,-9.210766008852765
male,36-37,-37,-9.210340371976182,-9.210340371976182,-9.210766008852765
male,36-37,-36,-9.210340371976182,-9.210340371976182,-9.210766008852765
male,36-37,-35,-9.210340371976182,-9.210340371976182,-9.210766008852765
male,36-37,-34,-9.210340371976182,-9.210340371976182,-9.210766008852765
male,36-37,-33,-9.210340371976182,-9.210340371976182,-9.210766008852765
male,36-37,-32,-9.210340371976182,-9.210340371976182,-9.210766008852765
male,36-37,-31,-9.210340371976182,-9.210340371976182,-9.210766008852765
male,36-37,-30,-9.210340371976182,-9.210340371976182,-9.210766008852765
male,36-37,-29,-9.210340371976182,-9.210340371976182,-9.210766008852765
male,36-37,-28,-9.210340371976182,-6.886944817288384,-6.8873704541649685
male,36-37,-27,-9.210340371976182,-6.886944817288384,-6.8873704541649685
male,36-37,-26,-9.210340371976182,-6.886944817288384,-6.8873704541649685
male,36-37,-25,-9.210340371976182,-6.886944817288384,-6.8873704541649685
male,36-37,-24,-9.210340371976182,-6.886944817288384,-6.8873704541649685
male,36-37,-23,-9.210340371976182,-6.886944817288384,-6.8873704541649685
male,36-37,-22,-9.210340371976182,-6.886944817288384,-6.8873704541649685
male,36-37,-21,-9.210340371976182,-6.886944817288384,-6.8873704541649685
male,36-37,-20,-9.210340371976182,-6.886944816989372,-6.887370453865956
male,36-37,-19,-6.886944782669338,-6.884293026201131,-6.884718663077715
male,36-37,-18,-5.271123807293958,-5.270291283681392,-5.270716920557977
male,36-37,-17,-3.89730271096701,-3.8974909324788576,-3.8979165693554414
male,36-37,-16,-3.7142387843261075,-3.7139302960580958,-3.7143559329346796
male,36-37,-15,-2.98852978753698,-2.9886833799967727,-2.9891090168733565
male,36-37,-14,-2.9431398258628705,-2.9429966257544184,-2.9434222626310023
male,36-37,-13,-2.554400045254524,-2.5542246968156457,-2.5546503336922295
male,36-37,-12,-1.9257797107208152,-1.9257482198859004,-1.9261738567624844
male,36-37,-11,-1.456812124966011,-1.4566336917364262,-1.4570593286130102
male,36-37,-10,-0.7727071499887446,-0.7727731284333845,-0.7731987653099684
male,36-37,-9,-0.470203104597573,-0.47012939029720024,-0.4705550271737842
male,36-37,-8,-0.04194142024202032,-0.04193200179616095,-0.04235763867274491
male,36-37,-7,0.310594360862864,0.3106559605670573,0.3102303236904733
male,36-37,-6,0.7338457430526949,0.7338456803602151,0.7334200434836312
male,36-37,-5,1.0715626835785506,1.0715563490991398,1.0711307122225557
male,36-37,-4,1.345430794614847,1.3454357158898396,1.3450100790132555
male,36-37,-3,1.5964284384468403,1.5964376663535413,1.5960120294769573
male,36-37,-2,1.8404320585711151,1.840425032738873,1.839999395862289
male,36-37,-1,2.040568051007682,2.040513248737756,2.040087611861172
male,36-37,0,2.072170241099317,2.0720280547453687,2.071602417868785
male,36-37,1,1.5548362007755743,1.5549615493355822,1.5545359124589981
male,36-37,2,1.147883737243071,1.1479592405572323,1.1475336036806483
male,36-37,3,0.8046384551454395,0.8046693302595984,0.8042436933830145
male,36-37,4,0.4124261242393013,0.4125197181076832,0.4120940812310992
male,36-37,5,0.16766378789616954,0.1676824572153818,0.16725682033879785
male,36-37,6,-0.09551816716723212,-0.09547810557026089,-0.09590374244684484
male,36-37,7,-0.3061656964854871,-0.3061297242259678,-0.30655536110255177
male,36-37,8,-0.4537062587329589,-0.453718214453212,-0.45414385132979596
male,36-37,9,-0.682065215666289,-0.6820567397685612,-0.6824823766451451
male,36-37,10,-0.9627598452895697,-0.9627698346182002,-0.9631954714947841
male,36-37,11,-1.4101528834122108,-1.4099370584045499,-1.410362695281134
male,36-37,12,-1.3330184697926568,-1.3331362989271371,-1.3335619358037212
male,36-37,13,-1.6463603234018707,-1.6463379145489825,-1.6467635514255665
male,36-37,14,-1.981266498917573,-1.9812525388661268,-1.9816781757427109
male,36-37,15,-2.4172274183463336,-2.417032782007639,-2.4174584188842227
male,36-37,16,-2.3885633970303615,-2.388700350284502,-2.3891259871610857
male,36-37,17,-2.859702761665576,-2.859583642127798,-2.8600092790043816
male,36-37,18,-3.133831261358761,-3.1338238656570763,-3.13424950253366
male,36-37,19,-3.487482251247814,-3.487512006242544,-3.487937643119128
male,36-37,20,-4.198047249771369,-4.197542194404706,-4.19796783128129
male,36-37,21,-3.809772655685228,-3.8100382397905252,-3.810463876667109
male,36-37,22,-4.446574309782266,-4.445821692036911,-4.446247328913495
male,36-37,23,-3.605442417818254,-3.605784761658557,-3.606210398535141
male,36-37,24,-4.236923258023044,-4.236879798756448,-4.237305435633032
male,36-37,25,-5.610588551985611,-5.608968009594242,-5.609393646470826
male,36-37,26,-4.5585736151061935,-4.558729693627872,-4.559155330504456
male,36-37,27,-4.386044490492206,-4.386164736379723,-4.386590373256308
male,36-37,28,-4.609259811144827,-4.609503191306957,-4.609928828183541
male,36-37,29,-9.40501432713521,-9.210340371976182,-9.210766008852765
male,36-37,30,-8.902835970638378,-8.895788185728273,-8.896213822604857
male,36-37,31,-5.778293116895073,-5.778451964230487,-5.778877601107071
male,36-37,32,-5.372673811619402,-5.373100513858834,-5.373526150735418
male,36-37,33,-8.048639132143713,-8.043840272299905,-8.044265909176488
male,36-37,34,-7.047355970120342,-7.0477759528666475,-7.048201589743232
male,36-37,35,-9.210340371976182,-7.047355979531225,-7.047781616407809
male,36-37,36,-9.210340371976182,-7.0473559794839415,-7.047781616360526
male,36-37,37,-9.210340371976182,-7.0473559794839415,-7.047781616360526
male,36-37,38,-9.210340371976182,-7.0473559794839415,-7.047781616360526
male,36-37,39,-9.210340371976182,-7.0473559794839415,-7.047781616360526
male,36-37,40,-9.210340371976182,-7.0473559794839415,-7.047781616360526
male,36-37,41,-9.210340371976182,-7.0473559794839415,-7.047781616360526
male,36-37,42,-9.210340371976182,-7.0473559794839415,-7.047781616360526
male,36-37,43,-9.210340371976182,-7.0473559794839415,-7.047781616360526
male,36-37,44,-9.210340371976182,-9.210340371976182,-9.210766008852765
male,36-37,45,-9.210340371976182,-9.210340371976182,-9.210766008852765
male,36-37,46,-9.210340371976182,-9.210340371976182,-9.210766008852765
male,36-37,47,-9.210340371976182,-9.210340371976182,-9.210766008852765
male,36-37,48,-9.210340371976182,-9.210340371976182,-9.210766008852765
male,36-37,49,-9.210340371976182,-9.210340371976182,-9.210766008852765
male,36-37,50,-9.210340371976182,-9.210340371976182,-9.210766008852765
male,36-37,51,-9.210340371976182,-9.210340371976182,-9.210766008852765
male,36-37,52,-9.210340371976182,-9.210340371976182,-9.210766008852765
male,38-39,-52,-9.210340371976182,-9.210340371976182,-9.210683494671871
male,38-39,-51,-9.210340371976182,-9.210340371976182,-9.210683494671871
male,38-39,-50,-9.210340371976182,-9.210340371976182,-9.210683494671871
male,38-39,-49,-9.210340371976182,-9.210340371976182,-9.210683494671871
male,38-39,-48,-9.210340371976182,-9.210340371976182,-9.210683494671871
male,38-39,-47,-9.210340371976182,-9.210340371976182,-9.210683494671871
male,38-39,-46,-9.210340371976182,-9.210340371976182,-9.210683494671871
male,38-39,-45,-9.210340371976182,-9.210340371976182,-9.210683494671871
male,38-39,-44,-9.210340371976182,-9.210340371976182,-9.210683494671871
male,38-39,-43,-9.210340371976182,-9.210340371976182,-9.210683494671871
male,38-39,-42,-9.210340371976182,-9.210340371976182,-9.210683494671871
male,38-39,-41,-9.210340371976182,-9.210340371976182,-9.210683494671871
male,38-39,-40,-9.210340371976182,-9.210340371976182,-9.210683494671871
male,38-39,-39,-9.210340371976182,-9.210340371976182,-9.210683494671871
male,38-39,-38,-9.210340371976182,-9.210340371976182,-9.210683494671871
male,38-39,-37,-9.210340371976182,-9.210340371976182,-9.210683494671871
male,38-39,-36,-9.210340371976182,-9.210340371976182,-9.210683494671871
male,38-39,-35,-9.210340371976182,-9.210340371976182,-9.210683494671871
male,38-39,-34,-9.210340371976182,-9.210340371976182,-9.210683494671871
male,38-39,-33,-9.210340371976182,-9.210340371976182,-9.210683494671871
male,38-39,-32,-9.210340371976182,-9.210340371976182,-9.210683494671871
male,38-39,-31,-9.210340371976182,-9.210340371976182,-9.210683494671871
male,38-39,-30,-9.210340371976182,-8.27109786556509,-8.27144098826078
male,38-39,-29,-9.210340371976182,-8.27109786556509,-8.27144098826078
male,38-39,-28,-9.210340371976182,-8.27109786556509,-8.27144098826078
male,38-39,-27,-9.210340371976182,-8.27109786556509,-8.27144098826078
male,38-39,-26,-9.210340371976182,-8.27109786556509,-8.27144098826078
male,38-39,-25,-9.210340371976182,-8.27109786556509,-8.27144098826078
male,38-39,-24,-9.210340371976182,-8.27109786556509,-8.27144098826078
male,38-39,-23,-9.210340371976182,-8.27109786556509,-8.27144098826078
male,38-39,-22,-9.210340371976182,-8.271097864820177,-8.271440987515867
male,38-39,-21,-8.271098552722052,-8.26450461703026,-8.26484773972595
male,38-39,-20,-5.86724548727452,-5.866769155938612,-5.8671122786343
male,38-39,-19,-4.793663328814968,-4.793716398851396,-4.7940595215470845
male,38-39,-18,-4.378751883571019,-4.378269854385567,-4.378612977081255
male,38-39,-17,-3.3678229480375834,-3.367758035115917,-3.368101157811606
male,38-39,-16,-2.780471658539997,-2.7805517733809313,-2.78089489607662
male,38-39,-15,-2.6020199673084443,-2.601911344184338,-2.6022544668800265
male,38-39,-14,-2.1947773687800463,-2.194689107952907,-2.1950322306485957
male,38-39,-13,-1.7057586848746589,-1.7057740637660157,-1.7061171864617042
male,38-39,-12,-1.3855757416286256,-1.3854850167859305,-1.385828139481619
male,38-39,-11,-0.9169864201396999,-0.9168975633604706,-0.917240686056159
male,38-39,-10,-0.3805878823562709,-0.38063760364056276,-0.38098072633625124
male,38-39,-9,-0.11058216475797732,-0.11053119973102016,-0.11087432242670864
male,38-39,-8,0.2422255919785599,0.242265206471005,0.24192208377531652
male,38-39,-7,0.6297778142165562,0.6297551763348438,0.6294120536391553
male,38-39,-6,0.893198093171757,0.893251384198708,0.8929082615030195
male,38-39,-5,1.248322996928706,1.2483024229955983,1.2479593002999099
male,38-39,-4,1.4841188021153866,1.4841281611413066,1.4837850384456182
male,38-39,-3,1.7183990282374548,1.7183685753679754,1.718025452672287
male,38-39,-2,1.8474463213865604,1.84746698529335,1.8471238625976616
male,38-39,-1,2.024594876832013,2.024544149269557,2.024201026573868
male,38-39,0,2.039044187246374,2.038910189410068,2.0385670667143794
male,38-39,1,1.5494509509635874,1.5495446895941998,1.5492015668985113
male,38-39,2,1.1004550922932292,1.100554170619711,1.1002110479240226
male,38-39,3,0.7533839163818515,0.7534435120274777,0.7531003893317892
male,38-39,4,0.4615041388453384,0.461539693340772,0.4611965706450835
male,38-39,5,0.17987027854438026,0.1799003870857008,0.17955726439001232
male,38-39,6,-0.11179622267345808,-0.11172514369493233,-0.11206826639062081
male,38-39,7,-0.2631769281368572,-0.2631988627864094,-0.2635419854820979
male,38-39,8,-0.5398405617298981,-0.5398170636218901,-0.5401601863175786
male,38-39,9,-0.8382166033174837,-0.8381111852749439,-0.8384543079706324
male,38-39,10,-0.8726862724455644,-0.8727741574744022,-0.8731172801700907
male,38-39,11,-1.2134100712606886,-1.213325998789137,-1.2136691214848254
male,38-39,12,-1.3659950864043857,-1.3660374717949615,-1.36638059449065
male,38-39,13,-1.7135258360520793,-1.713492221634447,-1.7138353443301355
male,38-39,14,-2.0928768866686185,-2.0927852437510595,-2.093128366446748
male,38-39,15,-2.291276738266072,-2.2912398843535153,-2.291583007049204
male,38-39,16,-2.406962881563197,-2.4070041834302742,-2.407347306125963
male,38-39,17,-2.696098617450598,-2.696090152032369,-2.6964332747280575
male,38-39,18,-3.067581669302177,-3.067471960170132,-3.067815082865821
male,38-39,19,-3.1883205566536104,-3.1883225608882038,-3.1886656835838925
male,38-39,20,-3.3277651092706866,-3.3278745559418277,-3.3282176786375164
male,38-39,21,-3.9386512436838466,-3.938306202081194,-3.9386493247768826
male,38-39,22,-3.7439745654591,-3.7441949221217765,-3.744538044817465
male,38-39,23,-4.416637017818158,-4.416388069636744,-4.416731192332432
male,38-39,24,-4.676907187596745,-4.676802977281202,-4.67714609997689
male,38-39,25,-4.666079855888071,-4.666171001526361,-4.666514124222049
male,38-39,26,-4.9735277829622975,-4.973547716483511,-4.973890839179199
male,38-39,27,-5.535451307354059,-5.534897252721367,-5.535240375417056
male,38-39,28,-4.895173011002603,-4.895655431068467,-4.895998553764155
male,38-39,29,-8.539727543651834,-8.525567115168563,-8.525910237864252
male,38-39,30,-6.768107997136252,-6.767690339034398,-6.768033461730086
male,38-39,31,-5.6436470167131105,-5.6440425551516915,-5.64438567784738
male,38-39,32,-9.210340371976182,-9.210340371976182,-9.210683494671871
male,38-39,33,-9.210340371976182,-9.210340371976182,-9.210683494671871
male,38-39,34,-9.210340371976182,-9.210340371976182,-9.210683494671871
male,38-39,35,-9.210340371976182,-9.210340371976182,-9.210683494671871
male,38-39,36,-9.210340371976182,-9.210340371976182,-9.210683494671871
male,38-39,37,-9.210340371976182,-9.210340371976182,-9.210683494671871
male,38-39,38,-9.210340371976182,-9.210340371976182,-9.210683494671871
male,38-39,39,-9.210340371976182,-9.210340371976182,-9.210683494671871
male,38-39,40,-9.210340371976182,-9.210340371976182,-9.210683494671871
male,38-39,41,-9.210340371976182,-9.210340371976182,-9.210683494671871
male,38-39,42,-9.210340371976182,-9.210340371976182,-9.210683494671871
male,38-39,43,-9.210340371976182,-9.210340371976182,-9.210683494671871
male,38-39,44,-9.210340371976182,-9.210340371976182,-9.210683494671871
male,38-39,45,-9.210340371976182,-9.210340371976182,-9.210683494671871
male,38-39,46,-9.210340371976182,-9.210340371976182,-9.210683494671871
male,38-39,47,-9.210340371976182,-9.210340371976182,-9.210683494671871
male,38-39,48,-9.210340371976182,-9.210340371976182,-9.210683494671871
male,38-39,49,-9.210340371976182,-9.210340371976182,-9.210683494671871
male,38-39,50,-9.210340371976182,-9.210340371976182,-9.210683494671871
male,38-39,51,-9.210340371976182,-9.210340371976182,-9.210683494671871
male,38-39,52,-9.210340371976182,-9.210340371976182,-9.210683494671871
male,40-42,-52,-9.210340371976182,-9.210340371976182,-9.210546812253709
male,40-42,-51,-9.210340371976182,-9.210340371976182,-9.210546812253709
male,40-42,-50,-9.210340371976182,-9.210340371976182,-9.210546812253709
male,40-42,-49,-9.210340371976182,-9.210340371976182,-9.210546812253709
male,40-42,-48,-9.210340371976182,-9.210340371976182,-9.210546812253709
male,40-42,-47,-9.210340371976182,-9.210340371976182,-9.210546812253709
male,40-42,-46,-9.210340371976182,-9.210340371976182,-9.210546812253709
male,40-42,-45,-9.210340371976182,-9.210340371976182,-9.210546812253709
male,40-42,-44,-9.210340371976182,-9.210340371976182,-9.210546812253709
male,40-42,-43,-9.210340371976182,-9.210340371976182,-9.210546812253709
male,40-42,-42,-9.210340371976182,-9.210340371976182,-9.210546812253709
male,40-42,-41,-9.210340371976182,-9.210340371976182,-9.210546812253709
male,40-42,-40,-9.210340371976182,-9.210340371976182,-9.210546812253709
male,40-42,-39,-9.210340371976182,-9.210340371976182,-9.210546812253709
male,40-42,-38,-9.210340371976182,-9.210340371976182,-9.210546812253709
male,40-42,-37,-9.210340371976182,-9.210340371976182,-9.210546812253709
male,40-42,-36,-9.210340371976182,-9.210340371976182,-9.210546812253709
male,40-42,-35,-9.210340371976182,-9.210340371976182,-9.210546812253709
male,40-42,-34,-9.210340371976182,-9.210340371976182,-9.210546812253709
male,40-42,-33,-9.210340371976182,-4.781899253231293,-4.78210569350882
male,40-42,-32,-9.210340371976182,-4.781899253231293,-4.78210569350882
male,40-42,-31,-9.210340371976182,-4.781899253231294,-4.782105693508821
male,40-42,-30,-9.210340371976182,-4.781899253231293,-4.78210569350882
male,40-42,-29,-9.210340371976182,-4.781899253231293,-4.78210569350882
male,40-42,-28,-9.210340371976182,-4.781899253231294,-4.782105693508821
male,40-42,-27,-9.210340371976182,-4.781899253231293,-4.78210569350882
male,40-42,-26,-9.210340371976182,-4.781899253231293,-4.78210569350882
male,40-42,-25,-9.210340371976182,-4.781899253279151,-4.7821056935566775
male,40-42,-24,-4.78189972233044,-4.782324330346338,-4.782530770623865
male,40-42,-23,-5.821949562818114,-5.821374709790911,-5.821581150068438
male,40-42,-22,-5.406586277923853,-5.4064379203375745,-5.406644360615101
male,40-42,-21,-4.888411866442296,-4.888261022227696,-4.888467462505223
male,40-42,-20,-4.268634868047066,-4.268614245983566,-4.268820686261093
male,40-42,-19,-3.851676563288345,-3.8514440821124047,-3.851650522389931
male,40-42,-18,-3.142082360790026,-3.1421264842219077,-3.142332924499434
male,40-42,-17,-2.817044509931102,-2.8170584247125214,-2.817264864990048
male,40-42,-16,-2.5940235281673383,-2.5936920524259066,-2.593898492703433
male,40-42,-15,-1.7792507864330325,-1.7793303917135785,-1.7795368319911051
male,40-42,-14,-1.4652407294045484,-1.465222147335259,-1.4654285876127855
male,40-42,-13,-1.153941532819801,-1.1538687339362503,-1.154075174213777
male,40-42,-12,-0.7295806986536655,-0.729558345232902,-0.7297647855104286
male,40-42,-11,-0.3514683767069434,-0.3514246792095218,-0.35163111948704834
male,40-42,-10,0.05073298211933944,0.05068408932947647,0.05047764905194994
male,40-42,-9,0.2508276275016343,0.2508768545952988,0.25067041431777226
male,40-42,-8,0.5603081717041297,0.5603096170675176,0.560103176789991
male,40-42,-7,0.8233482800990677,0.8233788824825444,0.8231724422050178
male,40-42,-6,1.1266609270372858,1.1266476801601328,1.1264412398826062
male,40-42,-5,1.349989939924443,1.349994152338219,1.3497877120606925
male,40-42,-4,1.5600239692051932,1.560020372046613,1.5598139317690864
male,40-42,-3,1.7356172093517193,1.735608525064988,1.7354020847874614
male,40-42,-2,1.8663056995555405,1.8662878451448592,1.8660814048673326
male,40-42,-1,1.9343074121156036,1.9342936070223533,1.9340871667448267
male,40-42,0,1.9587179619379387,1.9585912572657236,1.958384816988197
male,40-42,1,1.50314179185972,1.5032294472015186,1.503023006923992
male,40-42,2,1.088471573457982,1.0885623562700988,1.0883559159925722
male,40-42,3,0.7892308158940495,0.7892666055134094,0.7890601652358828
male,40-42,4,0.48812777752417896,0.48820867943983187,0.48800223916230534
male,40-42,5,0.3555944087813112,0.35556174914999356,0.355355308872467
male,40-42,6,0.07212481989733738,0.07216963255972754,0.07196319228220101
male,40-42,7,-0.14899050309962494,-0.14902982907315557,-0.1492362693506821
male,40-42,8,-0.5872655881893193,-0.5871193051131564,-0.5873257453906829
male,40-42,9,-0.6909816591273595,-0.6909707883016777,-0.6911772285792043
male,40-42,10,-0.7698198832892764,-0.7699222546783165,-0.7701286949558431
male,40-42,11,-1.259292565518314,-1.2591457864908637,-1.2593522267683903
male,40-42,12,-1.4720140209244763,-1.4720428219763277,-1.4722492622538543
male,40-42,13,-1.8571610238605984,-1.857104332651102,-1.8573107729286287
male,40-42,14,-2.21521174093937,-2.2150998226709726,-2.215306262948499
male,40-42,15,-2.3203663396563785,-2.320368412392992,-2.3205748526705183
male,40-42,16,-2.443333319508387,-2.4433746419512445,-2.443581082228771
male,40-42,17,-2.726613096460243,-2.726590387185553,-2.726796827463079
male,40-42,18,-3.0071173137126372,-3.007193143473524,-3.0073995837510505
male,40-42,19,-3.7691053269955552,-3.7686268610320175,-3.768833301309544
male,40-42,20,-3.509692797669176,-3.5098426305211556,-3.510049070798682
male,40-42,21,-3.7659962169098127,-3.7660583524483564,-3.7662647927258828
male,40-42,22,-4.425894107279757,-4.425659913938834,-4.425866354216361
male,40-42,23,-4.700686143791385,-4.7006297553593654,-4.700836195636892
male,40-42,24,-4.868299515341309,-4.86807150061702,-4.868277940894547
male,40-42,25,-4.461898900034483,-4.461885713368891,-4.4620921536464175
male,40-42,26,-4.1386590261906,-4.139031644290076,-4.1392380845676024
male,40-42,27,-5.992977560599999,-5.990709426797358,-5.990915867074885
male,40-42,28,-5.151225407077362,-5.151634247003871,-5.151840687281398
male,40-42,29,-8.384656641500724,-8.372821187932042,-8.373027628209568
male,40-42,30,-9.210340371976182,-9.210340371976182,-9.210546812253709
male,40-42,31,-9.210340371976182,-9.210340371976182,-9.210546812253709
male,40-42,32,-9.210340371976182,-9.210340371976182,-9.210546812253709
male,40-42,33,-9.210340371976182,-9.210340371976182,-9.210546812253709
male,40-42,34,-9.210340371976182,-9.210340371976182,-9.210546812253709
male,40-42,35,-9.210340371976182,-9.210340371976182,-9.210546812253709
male,40-42,36,-9.210340371976182,-9.210340371976182,-9.210546812253709
male,40-42,37,-9.210340371976182,-9.210340371976182,-9.210546812253709
male,40-42,38,-9.210340371976182,-9.210340371976182,-9.210546812253709
male,40-42,39,-9.210340371976182,-9.210340371976182,-9.210546812253709
male,40-42,40,-9.210340371976182,-9.210340371976182,-9.210546812253709
male,40-42,41,-9.210340371976182,-9.210340371976182,-9.210546812253709
male,40-42,42,-9.210340371976182,-9.210340371976182,-9.210546812253709
male,40-42,43,-9.210340371976182,-9.210340371976182,-9.210546812253709
male,40-42,44,-9.210340371976182,-9.210340371976182,-9.210546812253709
male,40-42,45,-9.210340371976182,-9.210340371976182,-9.210546812253709
male,40-42,46,-9.210340371976182,-9.210340371976182,-9.210546812253709
male,40-42,47,-9.210340371976182,-9.210340371976182,-9.210546812253709
male,40-42,48,-9.210340371976182,-9.210340371976182,-9.210546812253709
male,40-42,49,-9.210340371976182,-9.210340371976182,-9.210546812253709
male,40-42,50,-9.210340371976182,-9.210340371976182,-9.210546812253709
male,40-42,51,-9.210340371976182,-9.210340371976182,-9.210546812253709
male,40-42,52,-9.210340371976182,-9.210340371976182,-9.210546812253709
male,43-45,-52,-9.210340371976182,-9.210340371976182,-9.210459507107691
male,43-45,-51,-9.210340371976182,-9.210340371976182,-9.210459507107691
male,43-45,-50,-9.210340371976182,-9.210340371976182,-9.210459507107691
male,43-45,-49,-9.210340371976182,-9.210340371976182,-9.210459507107691
male,43-45,-48,-9.210340371976182,-9.210340371976182,-9.210459507107691
male,43-45,-47,-9.210340371976182,-9.210340371976182,-9.210459507107691
male,43-45,-46,-9.210340371976182,-9.210340371976182,-9.210459507107691
male,43-45,-45,-9.210340371976182,-9.210340371976182,-9.210459507107691
male,43-45,-44,-9.210340371976182,-9.210340371976182,-9.210459507107691
male,43-45,-43,-9.210340371976182,-9.210340371976182,-9.210459507107691
male,43-45,-42,-9.210340371976182,-9.210340371976182,-9.210459507107691
male,43-45,-41,-9.210340371976182,-9.210340371976182,-9.210459507107691
male,43-45,-40,-9.210340371976182,-9.210340371976182,-9.210459507107691
male,43-45,-39,-9.210340371976182,-9.210340371976182,-9.210459507107691
male,43-45,-38,-9.210340371976182,-9.210340371976182,-9.210459507107691
male,43-45,-37,-9.210340371976182,-9.210340371976182,-9.210459507107691
male,43-45,-36,-9.210340371976182,-4.853514504829335,-4.8536336399608455
male,43-45,-35,-9.210340371976182,-4.853514504829336,-4.853633639960846
male,43-45,-34,-9.210340371976182,-4.853514504829336,-4.853633639960846
male,43-45,-33,-9.210340371976182,-4.853514504829336,-4.853633639960846
male,43-45,-32,-9.210340371976182,-4.853514504829336,-4.853633639960846
male,43-45,-31,-9.210340371976182,-4.853514504829335,-4.8536336399608455
male,43-45,-30,-9.210340371976182,-4.853514504829336,-4.853633639960846
male,43-45,-29,-9.210340371976182,-4.853514504829336,-4.853633639960846
male,43-45,-28,-9.210340371976182,-4.853514504896759,-4.853633640028269
male,43-45,-27,-4.853514474177444,-4.854113403431752,-4.854232538563262
male,43-45,-26,-6.992235563356204,-6.986486152474679,-6.9866052876061895
male,43-45,-25,-4.697587308573556,-4.697914482033654,-4.698033617165164
male,43-45,-24,-5.192660967114131,-5.192192634402197,-5.192311769533707
male,43-45,-23,-4.637273547457225,-4.636992782668985,-4.637111917800495
male,43-45,-22,-3.8204130182604406,-3.8205393279994055,-3.8206584631309157
male,43-45,-21,-3.6529495575066857,-3.652533894865685,-3.6526530299971953
male,43-45,-20,-2.7653156615158174,-2.7654181173789656,-2.7655372525104758
male,43-45,-19,-2.496001024103129,-2.496007957467686,-2.4961270925991963
male,43-45,-18,-2.2834024518766283,-2.283312449569981,-2.283431584701491
male,43-45,-17,-1.8788076056305785,-1.878818989879991,-1.8789381250115011
male,43-45,-16,-1.5842687864982101,-1.584243923404597,-1.5843630585361073
male,43-45,-15,-1.272494708907261,-1.2724915153160836,-1.2726106504475938
male,43-45,-14,-1.0013723370135963,-1.0012750901496545,-1.0013942252811647
male,43-45,-13,-0.545581515475795,-0.5456010420522486,-0.5457201771837586
male,43-45,-12,-0.23946736060910398,-0.23943624222065726,-0.23955537735216736
male,43-45,-11,0.09804574163841805,0.09805659796542962,0.0979374628339195
male,43-45,-10,0.4014243201031128,0.4014006452597392,0.40128151012822905
male,43-45,-9,0.5984785622928935,0.5984964622368341,0.598377327105324
male,43-45,-8,0.827264911438986,0.8272511216723278,0.8271319865408178
male,43-45,-7,0.9960257863919892,0.996067017820591,0.995947882689081
male,43-45,-6,1.2538416232012437,1.2538277552198251,1.253708620088315
male,43-45,-5,1.4312435042484968,1.4312403044371549,1.4311211693056447
male,43-45,-4,1.577552149441006,1.5775448452850445,1.5774257101535343
male,43-45,-3,1.689340523500005,1.6893550107843351,1.689235875652825
male,43-45,-2,1.8330048785986321,1.8329767179323861,1.832857582800876
male,43-45,-1,1.886110116206076,1.886104319724568,1.8859851845930578
male,43-45,0,1.9216176658821156,1.9214951569177545,1.9213760217862443
male,43-45,1,1.5081614586033851,1.5082328806585361,1.508113745527026
male,43-45,2,1.121953208631638,1.1220226713804624,1.1219035362489522
male,43-45,3,0.7953039382943757,0.7953625541061246,0.7952434189746145
male,43-45,4,0.5529496601858583,0.552964533086992,0.5528453979554819
male,43-45,5,0.3015325418252805,0.3015270391604808,0.30140790402897066
male,43-45,6,-0.041118953394900216,-0.04102301660065585,-0.04114215173216596
male,43-45,7,-0.1631906173740729,-0.1632480908589255,-0.1633672259904356
male,43-45,8,-0.5185863751965661,-0.5184462833003585,-0.5185654184318685
male,43-45,9,-0.5265635180822118,-0.5266649727901433,-0.5267841079216534
male,43-45,10,-0.8953404012869907,-0.8952814777322577,-0.8954006128637678
male,43-45,11,-1.2081633864755692,-1.208140201886387,-1.2082593370178971
male,43-45,12,-1.5618002895848382,-1.5617409375376072,-1.5618600726691174
male,43-45,13,-1.8359496651784484,-1.8359548897284763,-1.8360740248599865
male,43-45,14,-2.2172027783791717,-2.2170843601161003,-2.2172034952476105
male,43-45,15,-2.3176734163793453,-2.317728559593716,-2.3178476947252262
male,43-45,16,-2.6225161457700072,-2.6224821412482777,-2.622601276379788
male,43-45,17,-2.9050798759683327,-2.9050727291352114,-2.9051918642667216
male,43-45,18,-3.2684604040849154,-3.2684499551165334,-3.2685690902480435
male,43-45,19,-3.8011014265790437,-3.8008634539166866,-3.8009825890481967
male,43-45,20,-3.795025025320221,-3.7951317501585993,-3.7952508852901095
male,43-45,21,-4.173728431584226,-4.1736027808907235,-4.173721916022234
male,43-45,22,-4.269513311507944,-4.268748560466689,-4.268867695598199
male,43-45,23,-3.1029420333082176,-3.1034274573884035,-3.1035465925199137
male,43-45,24,-4.526149950119096,-4.525109454102052,-4.525228589233562
male,43-45,25,-4.616410687436039,-4.616487381898365,-4.616606517029875
male,43-45,26,-5.253885316442221,-5.253526864136654,-5.253645999268164
male,43-45,27,-5.849537320731982,-5.849003674012917,-5.849122809144427
male,43-45,28,-9.210340371976182,-5.849537327832529,-5.849656462964039
male,43-45,29,-9.210340371976182,-5.849537327892639,-5.849656463024149
male,43-45,30,-9.210340371976182,-5.849537327892639,-5.849656463024149
male,43-45,31,-9.210340371976182,-5.849537327892639,-5.849656463024149
male,43-45,32,-9.210340371976182,-5.849537327892639,-5.849656463024149
male,43-45,33,-9.210340371976182,-5.849537327892639,-5.849656463024149
male,43-45,34,-9.210340371976182,-5.849537327892639,-5.849656463024149
male,43-45,35,-9.210340371976182,-5.849537327892639,-5.849656463024149
male,43-45,36,-9.210340371976182,-5.849537327892639,-5.849656463024149
male,43-45,37,-9.210340371976182,-9.210340371976182,-9.210459507107691
male,43-45,38,-9.210340371976182,-9.210340371976182,-9.210459507107691
male,43-45,39,-9.210340371976182,-9.210340371976182,-9.210459507107691
male,43-45,40,-9.210340371976182,-9.210340371976182,-9.210459507107691
male,43-45,41,-9.210340371976182,-9.210340371976182,-9.210459507107691
male,43-45,42,-9.210340371976182,-9.210340371976182,-9.210459507107691
male,43-45,43,-9.210340371976182,-9.210340371976182,-9.210459507107691
male,43-45,44,-9.210340371976182,-9.210340371976182,-9.210459507107691
male,43-45,45,-9.210340371976182,-9.210340371976182,-9.210459507107691
male,43-45,46,-9.210340371976182,-9.210340371976182,-9.210459507107691
male,43-45,47,-9.210340371976182,-9.210340371976182,-9.210459507107691
male,43-45,48,-9.210340371976182,-9.210340371976182,-9.210459507107691
male,43-45,49,-9.210340371976182,-9.210340371976182,-9.210459507107691
male,43-45,50,-9.210340371976182,-9.210340371976182,-9.210459507107691
male,43-45,51,-9.210340371976182,-9.210340371976182,-9.210459507107691
male,43-45,52,-9.210340371976182,-9.210340371976182,-9.210459507107691
male,46-49,-52,-9.210340371976182,-9.210340371976182,-9.21039256401859
male,46-49,-51,-9.210340371976182,-9.210340371976182,-9.21039256401859
male,46-49,-50,-9.210340371976182,-9.210340371976182,-9.21039256401859
male,46-49,-49,-9.210340371976182,-9.210340371976182,-9.21039256401859
male,46-49,-48,-9.210340371976182,-9.210340371976182,-9.21039256401859
male,46-49,-47,-9.210340371976182,-9.210340371976182,-9.21039256401859
male,46-49,-46,-9.210340371976182,-9.210340371976182,-9.21039256401859
male,46-49,-45,-9.210340371976182,-9.210340371976182,-9.21039256401859
male,46-49,-44,-9.210340371976182,-9.210340371976182,-9.21039256401859
male,46-49,-43,-9.210340371976182,-9.210340371976182,-9.21039256401859
male,46-49,-42,-9.210340371976182,-9.210340371976182,-9.21039256401859
male,46-49,-41,-9.210340371976182,-9.210340371976182,-9.21039256401859
male,46-49,-40,-9.210340371976182,-5.976789115203997,-5.976841307246405
male,46-49,-39,-9.210340371976182,-5.976789115203997,-5.976841307246405
male,46-49,-38,-9.210340371976182,-5.976789115203997,-5.976841307246405
male,46-49,-37,-9.210340371976182,-5.976789115203997,-5.976841307246405
male,46-49,-36,-9.210340371976182,-5.976789115203997,-5.976841307246405
male,46-49,-35,-9.210340371976182,-5.976789115203997,-5.976841307246405
male,46-49,-34,-9.210340371976182,-5.976789115203997,-5.976841307246405
male,46-49,-33,-9.210340371976182,-5.976789115203997,-5.976841307246405
male,46-49,-32,-9.210340371976182,-5.976789115234261,-5.976841307276669
male,46-49,-31,-5.976789085618309,-5.977057913720667,-5.977110105763075
male,46-49,-30,-6.4934599449999375,-6.493089847429012,-6.49314203947142
male,46-49,-29,-6.080567084259688,-6.080535718418019,-6.080587910460427
male,46-49,-28,-5.864506669293132,-5.864113603753911,-5.864165795796319
male,46-49,-27,-5.012620364331868,-5.012445050682493,-5.012497242724901
male,46-49,-26,-4.263281393310335,-4.263160706488549,-4.2632128985309565
male,46-49,-25,-3.619305081348805,-3.619445349837183,-3.619497541879591
male,46-49,-24,-3.5569177806870047,-3.5567904299925,-3.556842622034908
male,46-49,-23,-3.181066012349796,-3.1811608573695502,-3.181213049411958
male,46-49,-22,-3.1390859309725543,-3.138997375225786,-3.1390495672681937
male,46-49,-21,-2.858548310215181,-2.8583082815334198,-2.8583604735758277
male,46-49,-20,-2.145818023354465,-2.1459388215500597,-2.1459910135924676
male,46-49,-19,-1.9681935099549102,-1.9680971171486343,-1.9681493091910425
male,46-49,-18,-1.5698364735490975,-1.5698041518285304,-1.5698563438709385
male,46-49,-17,-1.1798655405698033,-1.1798779953250298,-1.179930187367438
male,46-49,-16,-0.8972938405836276,-0.8972738489130129,-0.8973260409554209
male,46-49,-15,-0.6009994348401784,-0.6010192266921132,-0.6010714187345212
male,46-49,-14,-0.39456513423832373,-0.3945269710242257,-0.39457916306663376
male,46-49,-13,-0.10963121506787328,-0.10964634435844237,-0.10969853640085044
male,46-49,-12,0.09703548488742708,0.09708851399217548,0.09703632194976741
male,46-49,-11,0.4139931258960467,0.4139901799729483,0.4139379879305402
male,46-49,-10,0.6670304176377155,0.6669889179358326,0.6669367258934246
male,46-49,-9,0.7720504103911617,0.7720908507238644,0.7720386586814564
male,46-49,-8,0.9763494822098964,0.9763463527185189,0.9762941606761109
male,46-49,-7,1.1433090822434895,1.1433108254876605,1.1432586334452524
male,46-49,-6,1.2946292323637028,1.2946341427450336,1.2945819507026255
male,46-49,-5,1.4445560945670104,1.4445537713292507,1.4445015792868425
male,46-49,-4,1.5742841194136523,1.574284814450256,1.5742326224078478
male,46-49,-3,1.6959871152656256,1.6959787479966653,1.6959265559542571
male,46-49,-2,1.7869455436335149,1.78693925191404,1.7868870598716318
male,46-49,-1,1.855759409152795,1.8557375944831933,1.8556854024407852
male,46-49,0,1.8581302993180855,1.858013022965456,1.8579608309230478
male,46-49,1,1.4408158727097033,1.4408866309474704,1.4408344389050622
male,46-49,2,1.093978702195738,1.0940414224976274,1.0939892304552192
male,46-49,3,0.8474538575941744,0.8474533025168676,0.8474011104744595
male,46-49,4,0.5283616404832694,0.5284168864229963,0.5283646943805883
male,46-49,5,0.2995927892014426,0.299631681487854,0.29957948944544593
male,46-49,6,0.14960859883220884,0.14959439455592047,0.1495422025135124
male,46-49,7,-0.07643253678163833,-0.07645839257371143,-0.0765105846161195
male,46-49,8,-0.4732490369647272,-0.4731537882214274,-0.4732059802638355
male,46-49,9,-0.6928552182116372,-0.6928491822021559,-0.6929013742445639
male,46-49,10,-0.9422438413019081,-0.9422575969260513,-0.9423097889684593
male,46-49,11,-1.3105711160335978,-1.3105008961405293,-1.3105530881829375
male,46-49,12,-1.554981047956506,-1.55497204984441,-1.555024241886818
male,46-49,13,-1.8320508069528683,-1.8320205708200141,-1.8320727628624223
male,46-49,14,-2.0844591956608216,-2.0843965515488194,-2.0844487435912273
male,46-49,15,-2.18918058847598,-2.1892758086827215,-2.1893280007251295
male,46-49,16,-2.6952376640012194,-2.6949892181453285,-2.6950414101877365
male,46-49,17,-2.617688697829924,-2.617861483444997,-2.617913675487405
male,46-49,18,-3.2053852504148503,-3.2049745370255227,-3.2050267290679306
male,46-49,19,-2.8524172520246553,-2.852723317085212,-2.85277550912762
male,46-49,20,-3.81952069555026,-3.8188529533332183,-3.818905145375626
male,46-49,21,-3.526319966437643,-3.526380920147157,-3.526433112189565
male,46-49,22,-3.4330785967812902,-3.4332193384502614,-3.4332715304926693
male,46-49,23,-4.031825490215993,-4.031463874699629,-4.031516066742037
male,46-49,24,-4.369336472673063,-4.3690705685710265,-4.369122760613434
male,46-49,25,-9.210340371976182,-4.369336479037225,-4.369388671079633
male,46-49,26,-9.210340371976182,-4.369336479067172,-4.36938867110958
male,46-49,27,-9.210340371976182,-4.369336479067172,-4.36938867110958
male,46-49,28,-9.210340371976182,-4.369336479067172,-4.36938867110958
male,46-49,29,-9.210340371976182,-4.369336479067172,-4.36938867110958
male,46-49,30,-9.210340371976182,-4.369336479067173,-4.369388671109581
male,46-49,31,-9.210340371976182,-4.369336479067172,-4.36938867110958
male,46-49,32,-9.210340371976182,-4.369336479067172,-4.36938867110958
male,46-49,33,-9.210340371976182,-4.369336479067172,-4.36938867110958
male,46-49,34,-9.210340371976182,-9.210340371976182,-9.21039256401859
male,46-49,35,-9.210340371976182,-9.210340371976182,-9.21039256401859
male,46-49,36,-9.210340371976182,-9.210340371976182,-9.21039256401859
male,46-49,37,-9.210340371976182,-9.210340371976182,-9.21039256401859
male,46-49,38,-9.210340371976182,-9.210340371976182,-9.21039256401859
male,46-49,39,-9.210340371976182,-9.210340371976182,-9.21039256401859
male,46-49,40,-9.210340371976182,-9.210340371976182,-9.21039256401859
male,46-49,41,-9.210340371976182,-9.210340371976182,-9.21039256401859
male,46-49,42,-9.210340371976182,-9.210340371976182,-9.21039256401859
male,46-49,43,-9.210340371976182,-9.210340371976182,-9.21039256401859
male,46-49,44,-9.210340371976182,-9.210340371976182,-9.21039256401859
male,46-49,45,-9.210340371976182,-9.210340371976182,-9.21039256401859
male,46-49,46,-9.210340371976182,-9.210340371976182,-9.21039256401859
male,46-49,47,-9.210340371976182,-9.210340371976182,-9.21039256401859
male,46-49,48,-9.210340371976182,-9.210340371976182,-9.21039256401859
male,46-49,49,-9.210340371976182,-9.210340371976182,-9.21039256401859
male,46-49,50,-9.210340371976182,-9.210340371976182,-9.21039256401859
male,46-49,51,-9.210340371976182,-9.210340371976182,-9.21039256401859
male,46-49,52,-9.210340371976182,-9.210340371976182,-9.21039256401859
male,50-54,-52,-9.210340371976182,-9.210340371976182,-9.210423957877797
male,50-54,-51,-9.210340371976182,-9.210340371976182,-9.210423957877797
male,50-54,-50,-9.210340371976182,-9.210340371976182,-9.210423957877797
male,50-54,-49,-9.210340371976182,-9.210340371976182,-9.210423957877797
male,50-54,-48,-9.210340371976182,-9.210340371976182,-9.210423957877797
male,50-54,-47,-9.210340371976182,-9.210340371976182,-9.210423957877797
male,50-54,-46,-9.210340371976182,-9.210340371976182,-9.210423957877797
male,50-54,-45,-9.210340371976182,-9.210340371976182,-9.210423957877797
male,50-54,-44,-9.210340371976182,-9.210340371976182,-9.210423957877797
male,50-54,-43,-9.210340371976182,-9.210340371976182,-9.210423957877797
male,50-54,-42,-9.210340371976182,-9.210340371976182,-9.210423957877797
male,50-54,-41,-9.210340371976182,-9.210340371976182,-9.210423957877797
male,50-54,-40,-9.210340371976182,-9.210340371976182,-9.210423957877797
male,50-54,-39,-9.210340371976182,-9.210340371976182,-9.210423957877797
male,50-54,-38,-9.210340371976182,-9.210340371976182,-9.210423957877797
male,50-54,-37,-9.210340371976182,-9.210340371976182,-9.210423957877797
male,50-54,-36,-9.210340371976182,-9.210340371976182,-9.210423957877797
male,50-54,-35,-9.210340371976182,-9.210340371976182,-9.210423957877797
male,50-54,-34,-5.325136488661438,-5.3255656637556985,-5.325649249657314
male,50-54,-33,-5.9550936768727425,-5.9545578766483755,-5.954641462549991
male,50-54,-32,-5.403380364375781,-5.4031345523536976,-5.403218138255313
male,50-54,-31,-4.6690031606175735,-4.669064722335253,-4.669148308236868
male,50-54,-30,-4.370394527009835,-4.370371199077749,-4.370454784979365
male,50-54,-29,-4.083278751459683,-4.083261287554115,-4.08334487345573
male,50-54,-28,-3.8136250965623195,-3.8135765632021124,-3.8136601491037276
male,50-54,-27,-3.478411975141381,-3.4783426740248493,-3.4784262599264646
male,50-54,-26,-3.0574450446445374,-3.057487460197723,-3.0575710460993384
male,50-54,-25,-2.8403338801506677,-2.840341137182194,-2.8404247230838093
male,50-54,-24,-2.6669788629250197,-2.6669093671688753,-2.6669929530704906
male,50-54,-23,-2.334539715385277,-2.3344975055079003,-2.3345810914095155
male,50-54,-22,-1.9640793992349936,-1.9641498550971357,-1.9642334409987507
male,50-54,-21,-1.850425688701922,-1.8503214328078517,-1.8504050187094667
male,50-54,-20,-1.4836165846107197,-1.483586560949456,-1.4836701468510711
male,50-54,-19,-1.1208652849580112,-1.1208742756284724,-1.1209578615300875
male,50-54,-18,-0.8501662230703366,-0.8501857724761421,-0.8502693583777573
male,50-54,-17,-0.6700939571017568,-0.6700287751819918,-0.6701123610836069
male,50-54,-16,-0.3478033560526791,-0.3478366204928775,-0.34792020639449267
male,50-54,-15,-0.17205727484422478,-0.17206220023061444,-0.17214578613222958
male,50-54,-14,-0.030534051612278405,-0.030506184370322466,-0.03058977027193762
male,50-54,-13,0.16685897424930096,0.1668662249408906,0.16678263903927545
male,50-54,-12,0.35089646119739004,0.35090632644735015,0.350822740545735
male,50-54,-11,0.5307558508698326,0.5307610308008682,0.5306774448992531
male,50-54,-10,0.6957532455241816,0.6957487215576159,0.6956651356560007
male,50-54,-9,0.825614683797072,0.8256377380192637,0.8255541521176485
male,50-54,-8,1.0008290576763244,1.00083170498832,1.000748119086705
male,50-54,-7,1.1577655129941662,1.1577690891111774,1.1576855032095623
male,50-54,-6,1.302885571079863,1.3029013519297412,1.3028177660281262
male,50-54,-5,1.468340153741567,1.4683129325720479,1.4682293466704328
male,50-54,-4,1.5323612562517501,1.5323870021400756,1.5323034162384606
male,50-54,-3,1.6553621669628182,1.6553479747483606,1.6552643888467455
male,50-54,-2,1.7184055475568398,1.7184140687702127,1.7183304828685977
male,50-54,-1,1.7936989002427441,1.793666118787641,1.793582532886026
male,50-54,0,1.7611161397832105,1.7610321862458096,1.7609486003441945
male,50-54,1,1.4205400772810177,1.4205741739243796,1.4204905880227645
male,50-54,2,1.0527784277100294,1.0528580451225116,1.0527744592208965
male,50-54,3,0.8196005996861091,0.8196158325560523,0.8195322466544371
male,50-54,4,0.5740425474085791,0.5740563030545917,0.5739727171529765
male,50-54,5,0.3032765440243385,0.30329447833313433,0.30321089243151916
male,50-54,6,0.012516641768237599,0.012536965949009382,0.012453380047394227
male,50-54,7,-0.2986588518972116,-0.29857646039169106,-0.2986600462933062
male,50-54,8,-0.4206464089513351,-0.4206682634142852,-0.4207518493159004
male,50-54,9,-0.6399370628643755,-0.6399180605553781,-0.6400016464569933
male,50-54,10,-0.8516996181678413,-0.8517317507323935,-0.8518153366340087
male,50-54,11,-1.2667777324909082,-1.266665708389735,-1.26674929429135
male,50-54,12,-1.4814396721761354,-1.4813838843742801,-1.4814674702758952
male,50-54,13,-1.566621067275338,-1.5666396563633718,-1.5667232422649868
male,50-54,14,-1.7329066299213607,-1.7330010051560676,-1.7330845910576826
male,50-54,15,-2.3821211051423172,-2.381756257355882,-2.3818398432574974
male,50-54,16,-2.237106611861493,-2.2372035614556847,-2.2372871473573
male,50-54,17,-2.454224366021288,-2.4541525265866957,-2.454236112488311
male,50-54,18,-2.578587484488651,-2.578504210856149,-2.5785877967577644
male,50-54,19,-2.481884351161805,-2.4820115631709605,-2.482095149072576
male,50-54,20,-3.1319178514548778,-3.131327481606678,-3.131411067508293
male,50-54,21,-9.210340371976182,-3.1319158070450333,-3.1319993929466485
male,50-54,22,-9.210340371976182,-3.1319158071113025,-3.1319993930129177
male,50-54,23,-9.210340371976182,-3.1319158071113025,-3.1319993930129177
male,50-54,24,-9.210340371976182,-3.1319158071113025,-3.1319993930129177
male,50-54,25,-9.210340371976182,-3.1319158071113025,-3.1319993930129177
male,50-54,26,-9.210340371976182,-3.1319158071113025,-3.1319993930129177
male,50-54,27,-9.210340371976182,-3.1319158071113025,-3.1319993930129177
male,50-54,28,-9.210340371976182,-3.1319158071113025,-3.1319993930129177
male,50-54,29,-9.210340371976182,-3.1319158071113025,-3.1319993930129177
male,50-54,30,-9.210340371976182,-9.210340371976182,-9.210423957877797
male,50-54,31,-9.210340371976182,-9.210340371976182,-9.210423957877797
male,50-54,32,-9.210340371976182,-9.210340371976182,-9.210423957877797
male,50-54,33,-9.210340371976182,-9.210340371976182,-9.210423957877797
male,50-54,34,-9.210340371976182,-9.210340371976182,-9.210423957877797
male,50-54,35,-9.210340371976182,-9.210340371976182,-9.210423957877797
male,50-54,36,-9.210340371976182,-9.210340371976182,-9.210423957877797
male,50-54,37,-9.210340371976182,-9.210340371976182,-9.210423957877797
male,50-54,38,-9.210340371976182,-9.210340371976182,-9.210423957877797
male,50-54,39,-9.210340371976182,-9.210340371976182,-9.210423957877797
male,50-54,40,-9.210340371976182,-9.210340371976182,-9.210423957877797
male,50-54,41,-9.210340371976182,-9.210340371976182,-9.210423957877797
male,50-54,42,-9.210340371976182,-9.210340371976182,-9.210423957877797
male,50-54,43,-9.210340371976182,-9.210340371976182,-9.210423957877797
male,50-54,44,-9.210340371976182,-9.210340371976182,-9.210423957877797
male,50-54,45,-9.210340371976182,-9.210340371976182,-9.210423957877797
male,50-54,46,-9.210340371976182,-9.210340371976182,-9.210423957877797
male,50-54,47,-9.210340371976182,-9.210340371976182,-9.210423957877797
male,50-54,48,-9.210340371976182,-9.210340371976182,-9.210423957877797
male,50-54,49,-9.210340371976182,-9.210340371976182,-9.210423957877797
male,50-54,50,-9.210340371976182,-9.210340371976182,-9.210423957877797
male,50-54,51,-9.210340371976182,-9.210340371976182,-9.210423957877797
male,50-54,52,-9.210340371976182,-9.210340371976182,-9.210423957877797
male,55-59,-52,-9.210340371976182,-9.210340371976182,-9.210503821547851
male,55-59,-51,-9.210340371976182,-9.210340371976182,-9.210503821547851
male,55-59,-50,-9.210340371976182,-4.5152315000380066,-4.515394949609675
male,55-59,-49,-9.210340371976182,-4.5152315000380066,-4.515394949609675
male,55-59,-48,-9.210340371976182,-4.5152315000380066,-4.515394949609675
male,55-59,-47,-9.210340371976182,-4.5152315000380066,-4.515394949609675
male,55-59,-46,-9.210340371976182,-4.5152315000380066,-4.515394949609675
male,55-59,-45,-9.210340371976182,-4.5152315000380066,-4.515394949609675
male,55-59,-44,-9.210340371976182,-4.5152315000380066,-4.515394949609675
male,55-59,-43,-9.210340371976182,-4.5152315000380066,-4.515394949609675
male,55-59,-42,-9.210340371976182,-4.515231500059175,-4.515394949630844
male,55-59,-41,-4.5152314738808395,-4.515419497499872,-4.5155829470715405
male,55-59,-40,-4.845005932204957,-4.845146710530789,-4.845310160102457
male,55-59,-39,-5.371490038705816,-5.371681134646086,-5.3718445842177545
male,55-59,-38,-6.845610725197509,-6.843962703523365,-6.844126153095034
male,55-59,-37,-5.782795638316769,-5.7826075311033405,-5.782770980675009
male,55-59,-36,-5.037721413166908,-5.038014736114404,-5.038178185686072
male,55-59,-35,-5.456006623678962,-5.4552849382917366,-5.455448387863405
male,55-59,-34,-4.475785408640813,-4.475900239428562,-4.47606368900023
male,55-59,-33,-4.207766502390498,-4.207785947761822,-4.207949397333491
male,55-59,-32,-4.031473974878564,-4.031316976291452,-4.03148042586312
male,55-59,-31,-3.518176999048326,-3.5181496116840574,-3.5183130612557263
male,55-59,-30,-3.089663971985922,-3.089792890132833,-3.089956339704502
male,55-59,-29,-3.1054739534586777,-3.1052275939375855,-3.1053910435092544
male,55-59,-28,-2.536704635665945,-2.5368884495624684,-2.5370518991341373
male,55-59,-27,-2.632017295147921,-2.6317286525912773,-2.6318921021629462
male,55-59,-26,-2.0418333441645697,-2.042010639482541,-2.04217408905421
male,55-59,-25,-2.100347608471977,-2.100261405052562,-2.100424854624231
male,55-59,-24,-1.911949886165116,-1.9119268907153188,-1.9120903402869875
male,55-59,-23,-1.6748200826729969,-1.6747612385854327,-1.6749246881571014
male,55-59,-22,-1.3232516258170084,-1.323304982758259,-1.3234684323299277
male,55-59,-21,-1.1737403822274683,-1.1736667524622424,-1.173830202033911
male,55-59,-20,-0.8504769515947186,-0.8505179021979951,-0.8506813517696639
male,55-59,-19,-0.6924698018604334,-0.692472345372236,-0.6926357949439048
male,55-59,-18,-0.5559531865244329,-0.5559339721119916,-0.5560974216836604
male,55-59,-17,-0.3812620257261357,-0.3812188188691633,-0.38138226844083206
male,55-59,-16,-0.12182887465144437,-0.12189329490833102,-0.12205674447999977
male,55-59,-15,-0.08206464932761943,-0.0819721573359827,-0.08213560690765145
male,55-59,-14,0.198817629053988,0.19876466075134108,0.19860121117967233
male,55-59,-13,0.29007626910911066,0.2901042717470916,0.28994082217542283
male,55-59,-12,0.45295984522938804,0.452955115061833,0.45279166549016425
male,55-59,-11,0.586062322248225,0.5860951230512745,0.5859316734796057
male,55-59,-10,0.7901238443461887,0.7901193100711184,0.7899558604994495
male,55-59,-9,0.9482592715732948,0.9482489212688784,0.9480854716972096
male,55-59,-8,1.0552725610135454,1.0552632104043214,1.0550997608326527
male,55-59,-7,1.1241382286001411,1.124175802121427,1.1240123525497583
male,55-59,-6,1.284978074974856,1.284960972972266,1.2847975234005973
male,55-59,-5,1.3742525556123333,1.3742683773156537,1.374104927743985
male,55-59,-4,1.4971869009970955,1.497174978706503,1.4970115291348343
male,55-59,-3,1.5734725951916313,1.5734876587908229,1.5733242092191542
male,55-59,-2,1.6835099929828348,1.6834708589644314,1.6833074093927627
male,55-59,-1,1.6696285571735634,1.6696436027142556,1.669480153142587
male,55-59,0,1.699787383031205,1.6996626637327363,1.6994992141610676
male,55-59,1,1.294819582017279,1.2948873438520927,1.294723894280424
male,55-59,2,0.971805522371571,0.9718466755594526,0.9716832259877838
male,55-59,3,0.6908447525868904,0.6908786755251682,0.6907152259534994
male,55-59,4,0.4482771060389956,0.4483009007041689,0.44813745113250014
male,55-59,5,0.22618454060409962,0.22623157032441882,0.22606812075275007
male,55-59,6,0.11234675424769802,0.11230135212174075,0.112137902550072
male,55-59,7,-0.1874427003945892,-0.18740517050409738,-0.18756862007576613
male,55-59,8,-0.465727178235801,-0.46567490424770175,-0.4658383538193705
male,55-59,9,-0.65292934295959,-0.6528902276673976,-0.6530536772390664
male,55-59,10,-0.7504412072690991,-0.7505257746268138,-0.7506892241984826
male,55-59,11,-1.1952195661884895,-1.195073147439553,-1.1952365970112218
male,55-59,12,-1.3667915971126983,-1.3667703938109343,-1.366933843382603
male,55-59,13,-1.616975498590336,-1.6169004229529496,-1.6170638725246183
male,55-59,14,-1.870744518854861,-1.8706405411532319,-1.8708039907249006
male,55-59,15,-2.127188866902405,-2.126999774257392,-2.127163223829061
male,55-59,16,-9.210340371976182,-2.1271888707451354,-2.1273523203168043
male,55-59,17,-9.210340371976182,-2.1271888707664313,-2.1273523203381
male,55-59,18,-9.210340371976182,-2.1271888707664313,-2.1273523203381
male,55-59,19,-9.210340371976182,-2.1271888707664313,-2.1273523203381
male,55-59,20,-9.210340371976182,-2.1271888707664313,-2.1273523203381
male,55-59,21,-9.210340371976182,-2.1271888707664313,-2.1273523203381
male,55-59,22,-9.210340371976182,-2.1271888707664313,-2.1273523203381
male,55-59,23,-9.210340371976182,-2.1271888707664313,-2.1273523203381
male,55-59,24,-9.210340371976182,-2.1271888707664313,-2.1273523203381
male,55-59,25,-9.210340371976182,-9.210340371976182,-9.210503821547851
male,55-59,26,-9.210340371976182,-9.210340371976182,-9.210503821547851
male,55-59,27,-9.210340371976182,-9.210340371976182,-9.210503821547851
male,55-59,28,-9.210340371976182,-9.210340371976182,-9.210503821547851
male,55-59,29,-9.210340371976182,-9.210340371976182,-9.210503821547851
male,55-59,30,-9.210340371976182,-9.210340371976182,-9.210503821547851
male,55-59,31,-9.210340371976182,-9.210340371976182,-9.210503821547851
male,55-59,32,-9.210340371976182,-9.210340371976182,-9.210503821547851
male,55-59,33,-9.210340371976182,-9.210340371976182,-9.210503821547851
male,55-59,34,-9.210340371976182,-9.210340371976182,-9.210503821547851
male,55-59,35,-9.210340371976182,-9.210340371976182,-9.210503821547851
male,55-59,36,-9.210340371976182,-9.210340371976182,-9.210503821547851
male,55-59,37,-9.210340371976182,-9.210340371976182,-9.210503821547851
male,55-59,38,-9.210340371976182,-9.210340371976182,-9.210503821547851
male,55-59,39,-9.210340371976182,-9.210340371976182,-9.210503821547851
male,55-59,40,-9.210340371976182,-9.210340371976182,-9.210503821547851
male,55-59,41,-9.210340371976182,-9.210340371976182,-9.210503821547851
male,55-59,42,-9.210340371976182,-9.210340371976182,-9.210503821547851
male,55-59,43,-9.210340371976182,-9.210340371976182,-9.210503821547851
male,55-59,44,-9.210340371976182,-9.210340371976182,-9.210503821547851
male,55-59,45,-9.210340371976182,-9.210340371976182,-9.210503821547851
male,55-59,46,-9.210340371976182,-9.210340371976182,-9.210503821547851
male,55-59,47,-9.210340371976182,-9.210340371976182,-9.210503821547851
male,55-59,48,-9.210340371976182,-9.210340371976182,-9.210503821547851
male,55-59,49,-9.210340371976182,-9.210340371976182,-9.210503821547851
male,55-59,50,-9.210340371976182,-9.210340371976182,-9.210503821547851
male,55-59,51,-9.210340371976182,-9.210340371976182,-9.210503821547851
male,55-59,52,-9.210340371976182,-9.210340371976182,-9.210503821547851
male,60-70,-52,-9.210340371976182,-9.210340371976182,-9.210555985320905
male,60-70,-51,-9.210340371976182,-9.210340371976182,-9.210555985320905
male,60-70,-50,-9.210340371976182,-9.210340371976182,-9.210555985320905
male,60-70,-49,-5.461046871330737,-5.461176231934319,-5.461391845279042
male,60-70,-48,-5.236608764678098,-5.236757900896055,-5.236973514240779
male,60-70,-47,-5.503706923572187,-5.503570716038051,-5.503786329382774
male,60-70,-46,-5.381606686531267,-5.381720353362955,-5.381935966707679
male,60-70,-45,-5.61435454824962,-5.614058788178614,-5.614274401523337
male,60-70,-44,-5.16650315719441,-5.166725735573741,-5.166941348918464
male,60-70,-43,-5.543067592195297,-5.542846284792391,-5.543061898137115
male,60-70,-42,-5.339985950851437,-5.339938676472573,-5.3401542898172965
male,60-70,-41,-5.070093508034965,-5.07004173376223,-5.070257347106954
male,60-70,-40,-4.7276845252924975,-4.727676028414658,-4.727891641759381
male,60-70,-39,-4.440148261620681,-4.440235595151214,-4.440451208495937
male,60-70,-38,-4.444906381581856,-4.444895738627035,-4.445111351971758
male,60-70,-37,-4.421003951678907,-4.420499705777348,-4.420715319122071
male,60-70,-36,-3.460786197056003,-3.4610944059860773,-3.4613100193308006
male,60-70,-35,-3.798627528617235,-3.7981130139083996,-3.798328627253123
male,60-70,-34,-3.0214411126711296,-3.0215342606301725,-3.021749873974896
male,60-70,-33,-2.7504489906297955,-2.750618257833529,-2.7508338711782523
male,60-70,-32,-3.0668482488855067,-3.0665877663670793,-3.0668033797118026
male,60-70,-31,-2.7291553311623735,-2.7291052687525634,-2.7293208820972867
male,60-70,-30,-2.3432995131233145,-2.343364882790224,-2.343580496134947
male,60-70,-29,-2.2079795124691146,-2.2079190602932184,-2.2081346736379417
male,60-70,-28,-1.9270998727524127,-1.9271656228632255,-1.927381236207949
male,60-70,-27,-1.8705824052031308,-1.8704980719749869,-1.8707136853197104
male,60-70,-26,-1.5958652761495684,-1.5959060663860456,-1.5961216797307691
male,60-70,-25,-1.4756685031039645,-1.4756059747984729,-1.4758215881431964
male,60-70,-24,-1.2065275581834503,-1.2065319036341802,-1.2067475169789037
male,60-70,-23,-0.998533191015348,-0.9985982201763385,-0.9988138335210619
male,60-70,-22,-1.004542216460467,-1.004445659713941,-1.0046612730586646
male,60-70,-21,-0.7560354356472532,-0.7560483054638829,-0.7562639188086063
male,60-70,-20,-0.5883473037216091,-0.5883275929395029,-0.5885432062842263
male,60-70,-19,-0.3944765714333127,-0.39451451789575137,-0.39473013124047485
male,60-70,-18,-0.33400863140114506,-0.33395432140150944,-0.3341699347462329
male,60-70,-17,-0.13622091788159815,-0.13623616945645584,-0.13645178280117928
male,60-70,-16,-0.012548938907318239,-0.012563489641558375,-0.012779102986281824
male,60-70,-15,0.05448826276579782,0.05453459768129361,0.05431898433657016
male,60-70,-14,0.23543455303337066,0.23545587833320128,0.23524026498847783
male,60-70,-13,0.4358390065696008,0.4358504393129142,0.4356348259681907
male,60-70,-12,0.6235347133703512,0.6235291334026215,0.6233135200578981
male,60-70,-11,0.7595856128124288,0.7595898643942977,0.7593742510495742
male,60-70,-10,0.8831411359480416,0.8831473941654828,0.8829317808207594
male,60-70,-9,1.0031488088043365,1.0031386953549681,1.0029230820102446
male,60-70,-8,1.0771592344548984,1.077176653464036,1.0769610401193124
male,60-70,-7,1.1876524963092387,1.187657151476596,1.1874415381318724
male,60-70,-6,1.2937766322034618,1.2937742456903165,1.293558632345593
male,60-70,-5,1.3778742013812364,1.3778632104386976,1.377647597093974
male,60-70,-4,1.4198109817936924,1.4198374584821458,1.4196218451374223
male,60-70,-3,1.5282051351444652,1.528191420003912,1.5279758066591884
male,60-70,-2,1.5832079851532366,1.583206615526036,1.5829910021813125
male,60-70,-1,1.6275244616060158,1.6275208145589446,1.627305201214221
male,60-70,0,1.6557429605354368,1.6556381137992862,1.6554225004545626
male,60-70,1,1.2864445780891074,1.2865186362487593,1.2863030229040358
male,60-70,2,0.9570888652056758,0.9571554243832082,0.9569398110384848
male,60-70,3,0.6744000441764536,0.6744768393133305,0.674261225968607
male,60-70,4,0.5160800335666431,0.5161241232822202,0.5159085099374968
male,60-70,5,0.4428262484394607,0.442768621526341,0.4425530081816175
male,60-70,6,0.08103112618705756,0.08116693077153386,0.08095131742681042
male,60-70,7,-0.054620284477399396,-0.054625633844436576,-0.054841247189160024
male,60-70,8,-0.3497871520666428,-0.349695092196797,-0.3499107055415205
male,60-70,9,-0.6475383134680417,-0.6474176818400726,-0.6476332951847961
male,60-70,10,-0.9758170705980072,-0.9755711407555622,-0.9757867541002856
male,60-70,11,-9.210340371976182,-0.9758158292266768,-0.9760314425714002
male,60-70,12,-9.210340371976182,-0.9758158292542338,-0.9760314425989572
male,60-70,13,-9.210340371976182,-0.9758158292542336,-0.976031442598957
male,60-70,14,-9.210340371976182,-0.9758158292542338,-0.9760314425989572
male,60-70,15,-9.210340371976182,-0.9758158292542336,-0.976031442598957
male,60-70,16,-9.210340371976182,-0.9758158292542338,-0.9760314425989572
male,60-70,17,-9.210340371976182,-0.9758158292542335,-0.9760314425989569
male,60-70,18,-9.210340371976182,-0.9758158292542335,-0.9760314425989569
male,60-70,19,-9.210340371976182,-0.9758158292542336,-0.976031442598957
male,60-70,20,-9.210340371976182,-9.210340371976182,-9.210555985320905
male,60-70,21,-9.210340371976182,-9.210340371976182,-9.210555985320905
male,60-70,22,-9.210340371976182,-9.210340371976182,-9.210555985320905
male,60-70,23,-9.210340371976182,-9.210340371976182,-9.210555985320905
male,60-70,24,-9.210340371976182,-9.210340371976182,-9.210555985320905
male,60-70,25,-9.210340371976182,-9.210340371976182,-9.210555985320905
male,60-70,26,-9.210340371976182,-9.210340371976182,-9.210555985320905
male,60-70,27,-9.210340371976182,-9.210340371976182,-9.210555985320905
male,60-70,28,-9.210340371976182,-9.210340371976182,-9.210555985320905
male,60-70,29,-9.210340371976182,-9.210340371976182,-9.210555985320905
male,60-70,30,-9.210340371976182,-9.210340371976182,-9.210555985320905
male,60-70,31,-9.210340371976182,-9.210340371976182,-9.210555985320905
male,60-70,32,-9.210340371976182,-9.210340371976182,-9.210555985320905
male,60-70,33,-9.210340371976182,-9.210340371976182,-9.210555985320905
male,60-70,34,-9.210340371976182,-9.210340371976182,-9.210555985320905
male,60-70,35,-9.210340371976182,-9.210340371976182,-9.210555985320905
male,60-70,36,-9.210340371976182,-9.210340371976182,-9.210555985320905
male,60-70,37,-9.210340371976182,-9.210340371976182,-9.210555985320905
male,60-70,38,-9.210340371976182,-9.210340371976182,-9.210555985320905
male,60-70,39,-9.210340371976182,-9.210340371976182,-9.210555985320905
male,60-70,40,-9.210340371976182,-9.210340371976182,-9.210555985320905
male,60-70,41,-9.210340371976182,-9.210340371976182,-9.210555985320905
male,60-70,42,-9.210340371976182,-9.210340371976182,-9.210555985320905
male,60-70,43,-9.210340371976182,-9.210340371976182,-9.210555985320905
male,60-70,44,-9.210340371976182,-9.210340371976182,-9.210555985320905
male,60-70,45,-9.210340371976182,-9.210340371976182,-9.210555985320905
male,60-70,46,-9.210340371976182,-9.210340371976182,-9.210555985320905
male,60-70,47,-9.210340371976182,-9.210340371976182,-9.210555985320905
male,60-70,48,-9.210340371976182,-9.210340371976182,-9.210555985320905
male,60-70,49,-9.210340371976182,-9.210340371976182,-9.210555985320905
male,60-70,50,-9.210340371976182,-9.210340371976182,-9.210555985320905
male,60-70,51,-9.210340371976182,-9.210340371976182,-9.210555985320905
male,60-70,52,-9.210340371976182,-9.210340371976182,-9.210555985320905
female,18-19,-52,-9.210340371976182,-9.210340371976182,-9.222222220154862
female,18-19,-51,-9.210340371976182,-9.210340371976182,-9.222222220154862
female,18-19,-50,-9.210340371976182,-9.210340371976182,-9.222222220154862
female,18-19,-49,-9.210340371976182,-9.210340371976182,-9.222222220154862
female,18-19,-48,-9.210340371976182,-9.210340371976182,-9.222222220154862
female,18-19,-47,-9.210340371976182,-9.210340371976182,-9.222222220154862
female,18-19,-46,-9.210340371976182,-9.210340371976182,-9.222222220154862
female,18-19,-45,-9.210340371976182,-9.210340371976182,-9.222222220154862
female,18-19,-44,-9.210340371976182,-9.210340371976182,-9.222222220154862
female,18-19,-43,-9.210340371976182,-9.210340371976182,-9.222222220154862
female,18-19,-42,-9.210340371976182,-9.210340371976182,-9.222222220154862
female,18-19,-41,-9.210340371976182,-9.210340371976182,-9.222222220154862
female,18-19,-40,-9.210340371976182,-9.210340371976182,-9.222222220154862
female,18-19,-39,-9.210340371976182,-9.210340371976182,-9.222222220154862
female,18-19,-38,-9.210340371976182,-9.210340371976182,-9.222222220154862
female,18-19,-37,-9.210340371976182,-9.210340371976182,-9.222222220154862
female,18-19,-36,-9.210340371976182,-9.210340371976182,-9.222222220154862
female,18-19,-35,-9.210340371976182,-9.210340371976182,-9.222222220154862
female,18-19,-34,-9.210340371976182,-9.210340371976182,-9.222222220154862
female,18-19,-33,-9.210340371976182,-9.210340371976182,-9.222222220154862
female,18-19,-32,-9.210340371976182,-9.210340371976182,-9.222222220154862
female,18-19,-31,-9.210340371976182,-9.210340371976182,-9.222222220154862
female,18-19,-30,-9.210340371976182,-9.210340371976182,-9.222222220154862
female,18-19,-29,-9.210340371976182,-9.210340371976182,-9.222222220154862
female,18-19,-28,-9.210340371976182,-9.210340371976182,-9.222222220154862
female,18-19,-27,-9.210340371976182,-9.210340371976182,-9.222222220154862
female,18-19,-26,-9.210340371976182,-9.210340371976182,-9.222222220154862
female,18-19,-25,-9.210340371976182,-9.210340371976182,-9.222222220154862
female,18-19,-24,-9.210340371976182,-9.210340371976182,-9.222222220154862
female,18-19,-23,-9.210340371976182,-9.210340371976182,-9.222222220154862
female,18-19,-22,-9.210340371976182,-9.210340371976182,-9.222222220154862
female,18-19,-21,-9.210340371976182,-9.210340371976182,-9.222222220154862
female,18-19,-20,-9.210340371976182,0.006862145160546025,-0.00501970301813412
female,18-19,-19,-9.210340371976182,0.006862145160507433,-0.005019703018172713
female,18-19,-18,-9.210340371976182,0.006862145160507433,-0.005019703018172713
female,18-19,-17,-9.210340371976182,0.006862145160507433,-0.005019703018172713
female,18-19,-16,-9.210340371976182,0.006862145160507433,-0.005019703018172713
female,18-19,-15,-9.210340371976182,0.006862145160507433,-0.005019703018172713
female,18-19,-14,-9.210340371976182,0.006862145160507213,-0.005019703018172933
female,18-19,-13,-9.210340371976182,0.006862145160507213,-0.005019703018172933
female,18-19,-12,-9.210340371976182,0.006862145160507433,-0.005019703018172713
female,18-19,-11,-9.210340371976182,0.006862145160507433,-0.005019703018172713
female,18-19,-10,-9.210340371976182,0.006862145160507433,-0.005019703018172713
female,18-19,-9,-9.210340371976182,0.006862145160513608,-0.005019703018166538
female,18-19,-8,-9.210340371976182,0.006862145160848587,-0.005019703017831559
female,18-19,-7,-9.210340371976182,0.006862145179141228,-0.005019702999538918
female,18-19,-6,-9.210340371976182,0.006862146177883289,-0.0050197020007968565
female,18-19,-5,-9.210340371976182,0.006862200707345546,-0.0050196474713346
female,18-19,-4,-9.210340371976182,0.006865177907595144,-0.005016670271085002
female,18-19,-3,-9.210340371976182,0.007027705100409549,-0.004854143078270597
female,18-19,-2,-9.210340371976182,0.015835077280087113,0.003953229101406967
female,18-19,-1,0.006855088288234343,0.3602324187875643,0.34835057060888414
female,18-19,0,1.3736957884736156,1.3643512239102535,1.3524693757315733
female,18-19,1,1.8023394857299746,1.7401276936047712,1.728245845426091
female,18-19,2,1.571605381057869,1.564229643796869,1.5523477956181888
female,18-19,3,1.1156305704819514,1.1573844020220032,1.145502553843323
female,18-19,4,0.8219814033180859,0.8165342147564659,0.8046523665777858
female,18-19,5,0.21569963485533566,0.2921444957114768,0.28026264753279667
female,18-19,6,0.05177959615166652,0.03498434568115741,0.02310249750247726
female,18-19,7,-0.40364062690004787,-0.36525891624053297,-0.3771407644192131
female,18-19,8,-0.7053828785624048,-0.6742746775421506,-0.6861565257208307
female,18-19,9,-0.7906937874175058,-0.7788660744604492,-0.7907479226391293
female,18-19,10,-0.7723622420568607,-0.8200394981386789,-0.831921346317359
female,18-19,11,-1.3165789265078305,-1.2463911543543444,-1.2582730025330247
female,18-19,12,-1.3681768575016415,-1.408153714663077,-1.4200355628417571
female,18-19,13,-1.969767648203562,-1.8704275327661142,-1.8823093809447944
female,18-19,14,-1.8600562373410157,-1.9171115983462572,-1.9289934465249374
female,18-19,15,-2.442272792280213,-2.3196687337178923,-2.3315505818965723
female,18-19,16,-2.115539907657686,-2.0184568126152986,-2.0303386607939786
female,18-19,17,-1.2703986715796247,-1.3925998696973163,-1.4044817178759965
female,18-19,18,-1.963574055811413,-1.919471665821957,-1.9313535140006373
female,18-19,19,-3.0977047000284186,-2.78261565889828,-2.79449750707696
female,18-19,20,-2.260318579751732,-2.392050997438,-2.40393284561668
female,18-19,21,-3.0769641532327254,-2.8972190560353037,-2.9091009042139837
female,18-19,22,-2.568030845556822,-2.6234444476327683,-2.6353262958114483
female,18-19,23,-2.6546237921699705,-2.655579990012973,-2.667461838191653
female,18-19,24,-2.767179226841471,-2.756611107750181,-2.768492955928861
female,18-19,25,-2.79094781763712,-2.8777143967936625,-2.8895962449723425
female,18-19,26,-4.527356436199753,-3.303845885743207,-3.315727733921887
female,18-19,27,-1.5318631427099847,-1.7069371219359302,-1.7188189701146104
female,18-19,28,-2.236182728530601,-2.172521159685112,-2.184403007863792
female,18-19,29,-2.7914523453900153,-2.748365797321012,-2.760247645499692
female,18-19,30,-3.187803163806174,-2.959182706813563,-2.971064554992243
female,18-19,31,-2.1555561040087987,-2.264248437307332,-2.276130285486012
female,18-19,32,-2.614841192596864,-2.5401655960793854,-2.5520474442580654
female,18-19,33,-2.4952462460425298,-2.528616099609286,-2.540497947787966
female,18-19,34,-2.7108707626248525,-2.794683967160438,-2.806565815339118
female,18-19,35,-9.210340371976182,-4.728144204930284,-4.740026053108964
female,18-19,36,-4.155469556983646,-3.991944135714436,-4.003825983893116
female,18-19,37,-2.8602184766999845,-3.023709006027309,-3.035590854205989
female,18-19,38,-4.009152899569106,-3.5255581205062563,-3.5374399686849363
female,18-19,39,-2.479924934376991,-2.5773884547591073,-2.5892703029377873
female,18-19,40,-2.590895485493692,-2.595380093966327,-2.607261942145007
female,18-19,41,-2.752199747085853,-2.8418108952492775,-2.8536927434279575
female,18-19,42,-9.210340371976182,-4.95167266506725,-4.9635545132459296
female,18-19,43,-9.210340371976182,-4.6159587390504475,-4.6278405872291275
female,18-19,44,-2.3498097782514256,-2.5462171513636083,-2.5580989995422883
female,18-19,45,-3.4409125798851,-3.329399674056867,-3.341281522235547
female,18-19,46,-9.210340371976182,-4.9356153652408015,-4.9474972134194815
female,18-19,47,-3.336428471900299,-3.5753590718551456,-3.5872409200338256
female,18-19,48,-9.210340371976182,-4.583927954472734,-4.595809802651414
female,18-19,49,-2.789288472756821,-3.0295824424438607,-3.0414642906225406
female,18-19,50,-9.210340371976182,-4.97155931423304,-4.98344116241172
female,18-19,51,-9.210340371976182,-9.210340371976182,-9.222222220154862
female,18-19,52,-9.210340371976182,-9.210340371976182,-9.222222220154862
female,20-21,-52,-9.210340371976182,-9.210340371976182,-9.216025717896272
female,20-21,-51,-9.210340371976182,-9.210340371976182,-9.216025717896272
female,20-21,-50,-9.210340371976182,-9.210340371976182,-9.216025717896272
female,20-21,-49,-9.210340371976182,-9.210340371976182,-9.216025717896272
female,20-21,-48,-9.210340371976182,-9.210340371976182,-9.216025717896272
female,20-21,-47,-9.210340371976182,-9.210340371976182,-9.216025717896272
female,20-21,-46,-9.210340371976182,-9.210340371976182,-9.216025717896272
female,20-21,-45,-9.210340371976182,-9.210340371976182,-9.216025717896272
female,20-21,-44,-9.210340371976182,-9.210340371976182,-9.216025717896272
female,20-21,-43,-9.210340371976182,-9.210340371976182,-9.216025717896272
female,20-21,-42,-9.210340371976182,-9.210340371976182,-9.216025717896272
female,20-21,-41,-9.210340371976182,-9.210340371976182,-9.216025717896272
female,20-21,-40,-9.210340371976182,-9.210340371976182,-9.216025717896272
female,20-21,-39,-9.210340371976182,-9.210340371976182,-9.216025717896272
female,20-21,-38,-9.210340371976182,-9.210340371976182,-9.216025717896272
female,20-21,-37,-9.210340371976182,-9.210340371976182,-9.216025717896272
female,20-21,-36,-9.210340371976182,-9.210340371976182,-9.216025717896272
female,20-21,-35,-9.210340371976182,-9.210340371976182,-9.216025717896272
female,20-21,-34,-9.210340371976182,-9.210340371976182,-9.216025717896272
female,20-21,-33,-9.210340371976182,-9.210340371976182,-9.216025717896272
female,20-21,-32,-9.210340371976182,-9.210340371976182,-9.216025717896272
female,20-21,-31,-9.210340371976182,-9.210340371976182,-9.216025717896272
female,20-21,-30,-9.210340371976182,-9.210340371976182,-9.216025717896272
female,20-21,-29,-9.210340371976182,-9.210340371976182,-9.216025717896272
female,20-21,-28,-9.210340371976182,-9.210340371976182,-9.216025717896272
female,20-21,-27,-9.210340371976182,-9.210340371976182,-9.216025717896272
female,20-21,-26,-9.210340371976182,-9.210340371976182,-9.216025717896272
female,20-21,-25,-9.210340371976182,-9.210340371976182,-9.216025717896272
female,20-21,-24,-9.210340371976182,-9.210340371976182,-9.216025717896272
female,20-21,-23,-9.210340371976182,-9.210340371976182,-9.216025717896272
female,20-21,-22,-9.210340371976182,-2.887664632645419,-2.8933499785655097
female,20-21,-21,-9.210340371976182,-2.887664632645346,-2.8933499785654364
female,20-21,-20,-9.210340371976182,-2.887664632645346,-2.8933499785654364
female,20-21,-19,-9.210340371976182,-2.887664632645346,-2.8933499785654364
female,20-21,-18,-9.210340371976182,-2.887664632645346,-2.8933499785654364
female,20-21,-17,-9.210340371976182,-2.887664632645346,-2.8933499785654364
female,20-21,-16,-9.210340371976182,-2.8876646326453455,-2.893349978565436
female,20-21,-15,-9.210340371976182,-2.887664632645346,-2.8933499785654364
female,20-21,-14,-9.210340371976182,-2.887664632645346,-2.8933499785654364
female,20-21,-13,-9.210340371976182,-2.887664632645346,-2.8933499785654364
female,20-21,-12,-9.210340371976182,-2.8876646326453455,-2.893349978565436
female,20-21,-11,-9.210340371976182,-2.887664632645335,-2.8933499785654253
female,20-21,-10,-9.210340371976182,-2.887664632644747,-2.8933499785648373
female,20-21,-9,-9.210340371976182,-2.88766463261265,-2.8933499785327403
female,20-21,-8,-9.210340371976182,-2.8876646308601894,-2.89334997678028
female,20-21,-7,-9.210340371976182,-2.887664535179122,-2.8933498810992124
female,20-21,-6,-9.210340371976182,-2.8876593111899838,-2.8933446571100743
female,20-21,-5,-9.210340371976182,-2.8873741510694035,-2.893059496989494
female,20-21,-4,-9.210340371976182,-2.871981496232657,-2.8776668421527476
female,20-21,-3,-2.887669278287951,-2.3414639380722324,-2.347149283992323
female,20-21,-2,-1.2604020704754215,-0.8697467520620203,-0.8754320979821111
female,20-21,-1,0.5232850025966649,0.6078204911833737,0.6021351452632829
female,20-21,0,1.5247385335664183,1.4730847715072224,1.4673994255871317
female,20-21,1,1.6987040102145001,1.6603987949335814,1.6547134490134907
female,20-21,2,1.4832026554366065,1.4805896046670526,1.4749042587469618
female,20-21,3,1.1225783634185194,1.1377303872331854,1.1320450413130947
female,20-21,4,0.7157707182502382,0.7465052800547987,0.7408199341347079
female,20-21,5,0.43220691823070656,0.4437456299609073,0.4380602840408166
female,20-21,6,0.14188860765753664,0.14477094498904158,0.1390855990689509
female,20-21,7,-0.28535052553213064,-0.2409480508048447,-0.24663339672493537
female,20-21,8,-0.44331233020237526,-0.4611832427834291,-0.46686858870351977
female,20-21,9,-0.8830277855583434,-0.8077890809913948,-0.8134744269114855
female,20-21,10,-0.7174954710145168,-0.7724338564317035,-0.7781192023517942
female,20-21,11,-1.1687012403011976,-1.127254489347686,-1.1329398352677766
female,20-21,12,-1.4260896091162087,-1.4151739244432846,-1.4208592703633753
female,20-21,13,-1.6856270951122279,-1.6446511171917444,-1.6503364631118351
female,20-21,14,-1.612387747103978,-1.615173127907734,-1.6208584738278247
female,20-21,15,-1.5637536655526263,-1.5864621583974483,-1.592147504317539
female,20-21,16,-1.7527608380675046,-1.7275527413765353,-1.733238087296626
female,20-21,17,-1.735754097193636,-1.770952449449334,-1.7766377953694248
female,20-21,18,-2.120353627586395,-2.038817960443661,-2.0445033063637514
female,20-21,19,-1.8509996481767839,-1.931862729993863,-1.9375480759139538
female,20-21,20,-2.579904304094284,-2.5017486224927,-2.5074339684127906
female,20-21,21,-3.0725288413296012,-2.9149025743294206,-2.920587920249511
female,20-21,22,-2.4015783275753075,-2.480526982267294,-2.4862123281873845
female,20-21,23,-2.6428925633478646,-2.6382206399641124,-2.643905985884203
female,20-21,24,-2.920797558040428,-2.87718246017664,-2.8828678060967303
female,20-21,25,-2.831006765984763,-2.8338128177785413,-2.839498163698632
female,20-21,26,-2.7651379439911707,-2.8163799398700666,-2.822065285790157
female,20-21,27,-3.273122783124026,-3.2586982112413274,-3.264383557161418
female,20-21,28,-4.007454998635269,-3.612778154973076,-3.6184635008931667
female,20-21,29,-2.5515153511161883,-2.6477684306265274,-2.653453776546618
female,20-21,30,-2.6912904239786783,-2.699241580764826,-2.7049269266849163
female,20-21,31,-2.945546506769213,-2.9906823167705467,-2.9963676626906373
female,20-21,32,-4.13858425194005,-4.010380663036543,-4.016066008956633
female,20-21,33,-9.210340371976182,-5.466330092166219,-5.472015438086309
female,20-21,34,-3.755982582162013,-3.9948757331199016,-4.000561079039993
female,20-21,35,-9.210340371976182,-5.456403278972546,-5.462088624892637
female,20-21,36,-4.094948010609501,-4.213836213810927,-4.219521559731017
female,20-21,37,-4.154025531294905,-4.2465654159476935,-4.252250761867784
female,20-21,38,-6.252076432310557,-5.661560221113797,-5.667245567033888
female,20-21,39,-5.879440522068574,-5.952842984529821,-5.958528330449911
female,20-21,40,-6.36111633138573,-6.0167373808505955,-6.022422726770686
female,20-21,41,-4.894642604972653,-5.0035457252633595,-5.00923107118345
female,20-21,42,-5.089712299312128,-5.00327618455917,-5.008961530479261
female,20-21,43,-4.58695841414274,-4.743663267691499,-4.749348613611589
female,20-21,44,-9.210340371976182,-6.54508093107579,-6.550766276995881
female,20-21,45,-5.845041702110166,-5.728081901559815,-5.733767247479905
female,20-21,46,-4.627508439154562,-4.803199675029302,-4.8088850209493925
female,20-21,47,-6.262141086579036,-5.950110937168853,-5.955796283088944
female,20-21,48,-9.210340371976182,-8.059937477974934,-8.065622823895024
female,20-21,49,-6.9413777188781856,-7.11578679387528,-7.121472139795371
female,20-21,50,-9.210340371976182,-8.262492731542343,-8.268178077462434
female,20-21,51,-9.210340371976182,-9.210340371976182,-9.216025717896272
female,20-21,52,-9.210340371976182,-9.210340371976182,-9.216025717896272
female,22-23,-52,-9.210340371976182,-9.210340371976182,-9.210561367683693
female,22-23,-51,-9.210340371976182,-9.210340371976182,-9.210561367683693
female,22-23,-50,-9.210340371976182,-9.210340371976182,-9.210561367683693
female,22-23,-49,-9.210340371976182,-9.210340371976182,-9.210561367683693
female,22-23,-48,-9.210340371976182,-9.210340371976182,-9.210561367683693
female,22-23,-47,-9.210340371976182,-9.210340371976182,-9.210561367683693
female,22-23,-46,-9.210340371976182,-9.210340371976182,-9.210561367683693
female,22-23,-45,-9.210340371976182,-9.210340371976182,-9.210561367683693
female,22-23,-44,-9.210340371976182,-9.210340371976182,-9.210561367683693
female,22-23,-43,-9.210340371976182,-9.210340371976182,-9.210561367683693
female,22-23,-42,-9.210340371976182,-9.210340371976182,-9.210561367683693
female,22-23,-41,-9.210340371976182,-9.210340371976182,-9.210561367683693
female,22-23,-40,-9.210340371976182,-9.210340371976182,-9.210561367683693
female,22-23,-39,-9.210340371976182,-9.210340371976182,-9.210561367683693
female,22-23,-38,-9.210340371976182,-9.210340371976182,-9.210561367683693
female,22-23,-37,-9.210340371976182,-9.210340371976182,-9.210561367683693
female,22-23,-36,-9.210340371976182,-9.210340371976182,-9.210561367683693
female,22-23,-35,-9.210340371976182,-9.210340371976182,-9.210561367683693
female,22-23,-34,-9.210340371976182,-9.210340371976182,-9.210561367683693
female,22-23,-33,-9.210340371976182,-9.210340371976182,-9.210561367683693
female,22-23,-32,-9.210340371976182,-9.210340371976182,-9.210561367683693
female,22-23,-31,-9.210340371976182,-9.210340371976182,-9.210561367683693
female,22-23,-30,-9.210340371976182,-9.210340371976182,-9.210561367683693
female,22-23,-29,-9.210340371976182,-9.210340371976182,-9.210561367683693
female,22-23,-28,-9.210340371976182,-9.210340371976182,-9.210561367683693
female,22-23,-27,-9.210340371976182,-9.210340371976182,-9.210561367683693
female,22-23,-26,-9.210340371976182,-9.210340371976182,-9.210561367683693
female,22-23,-25,-9.210340371976182,-9.210340371976182,-9.210561367683693
female,22-23,-24,-9.210340371976182,-9.210340371976182,-9.210561367683693
female,22-23,-23,-9.210340371976182,-9.210340371976182,-9.210561367683693
female,22-23,-22,-9.210340371976182,-9.210340371976182,-9.210561367683693
female,22-23,-21,-9.210340371976182,-9.210340371976182,-9.210561367683693
female,22-23,-20,-9.210340371976182,-9.210340371976182,-9.210561367683693
female,22-23,-19,-9.210340371976182,-9.210340371976182,-9.210561367683693
female,22-23,-18,-9.210340371976182,-9.210340371976182,-9.210561367683693
female,22-23,-17,-9.210340371976182,-9.210340371976182,-9.210561367683693
female,22-23,-16,-9.210340371976182,-9.210340371976182,-9.210561367683693
female,22-23,-15,-9.210340371976182,-9.210340371976182,-9.210561367683693
female,22-23,-14,-9.210340371976182,-3.7075510980334667,-3.7077720937409784
female,22-23,-13,-9.210340371976182,-3.7075510980334667,-3.7077720937409784
female,22-23,-12,-9.210340371976182,-3.7075510980334667,-3.7077720937409784
female,22-23,-11,-9.210340371976182,-3.7075510980334667,-3.7077720937409784
female,22-23,-10,-9.210340371976182,-3.7075510980334667,-3.7077720937409784
female,22-23,-9,-9.210340371976182,-3.7075510980334667,-3.7077720937409784
female,22-23,-8,-9.210340371976182,-3.7075510980334667,-3.7077720937409784
female,22-23,-7,-9.210340371976182,-3.7075510980334667,-3.7077720937409784
female,22-23,-6,-9.210340371976182,-3.7075510980542625,-3.707772093761774
female,22-23,-5,-3.7075510789884376,-3.7077358033154364,-3.707956799022948
female,22-23,-4,-4.086302950567205,-4.084076123648614,-4.084297119356125
female,22-23,-3,-2.0734206931936305,-2.072542139474757,-2.0727631351822686
female,22-23,-2,-0.5650060540295343,-0.5644576506301282,-0.56467864633764
female,22-23,-1,0.6841518568450801,0.684487466390729,0.6842664706832172
female,22-23,0,1.7117604955128383,1.711540715956535,1.7113197202490231
female,22-23,1,1.7207469424241888,1.720655546037334,1.7204345503298222
female,22-23,2,1.402614231165661,1.4026564687479464,1.4024354730404345
female,22-23,3,1.083209682858385,1.0832444667498524,1.0830234710423405
female,22-23,4,0.7200017963576976,0.7200798083820472,0.7198588126745354
female,22-23,5,0.44475834844477935,0.4447701064413425,0.4445491107338307
female,22-23,6,0.06120466879566559,0.06131030657898119,0.06108931087146937
female,22-23,7,-0.14471953158924467,-0.14473030653775143,-0.14495130224526326
female,22-23,8,-0.4782927532476575,-0.4781912286924931,-0.4784122244000049
female,22-23,9,-0.616606382581637,-0.6166092912711385,-0.6168302869786503
female,22-23,10,-0.8160080508173501,-0.8159416272129639,-0.8161626229204757
female,22-23,11,-0.8580276257823627,-0.8580944271709241,-0.8583154228784359
female,22-23,12,-1.154386142717394,-1.154336777296496,-1.154557773004008
female,22-23,13,-1.4118708500479331,-1.4118564679729053,-1.4120774636804172
female,22-23,14,-1.758379718175416,-1.75815677749777,-1.7583777732052819
female,22-23,15,-1.5528164873702084,-1.5528888224860287,-1.5531098181935405
female,22-23,16,-1.573738362424637,-1.5738443539394842,-1.574065349646996
female,22-23,17,-1.9805078453111786,-1.9804394593512324,-1.9806604550587443
female,22-23,18,-2.346201814932006,-2.3461317178852887,-2.3463527135928004
female,22-23,19,-2.6615165303288038,-2.6612475040638266,-2.6614684997713383
female,22-23,20,-2.310192438333777,-2.3103449545634214,-2.310565950270933
female,22-23,21,-2.4784431117554746,-2.4783478200304394,-2.478568815737951
female,22-23,22,-2.3867149066723328,-2.386891002946948,-2.3871119986544596
female,22-23,23,-3.004550021754902,-3.0041390052268304,-3.004360000934342
female,22-23,24,-2.7139008899270785,-2.7138600402100996,-2.7140810359176113
female,22-23,25,-2.390697548171761,-2.3909537235884772,-2.391174719295989
female,22-23,26,-3.0612265834185726,-3.0610454492222123,-3.061266444929724
female,22-23,27,-3.5558745697373797,-3.5555963395015264,-3.555817335209038
female,22-23,28,-3.357002567421387,-3.357151262697116,-3.3573722584046277
female,22-23,29,-3.6672935293501343,-3.6671143656192826,-3.6673353613267943
female,22-23,30,-3.516005378247855,-3.5162152916752247,-3.5164362873827364
female,22-23,31,-4.191524816637329,-4.1908153989715125,-4.191036394679024
female,22-23,32,-3.429168338183772,-3.429612517321444,-3.4298335130289557
female,22-23,33,-5.007236995525935,-5.00502375298958,-5.005244748697091
female,22-23,34,-3.685964031578083,-3.686371021580531,-3.6865920172880426
female,22-23,35,-4.328105977126572,-4.327665613961508,-4.32788660966902
female,22-23,36,-3.972776803848709,-3.973123308688661,-3.9733443043961727
female,22-23,37,-5.223551152413208,-5.222272049926665,-5.2224930456341765
female,22-23,38,-4.338845862980627,-4.339007709376267,-4.339228705083778
female,22-23,39,-4.228329973332103,-4.228496539479548,-4.22871753518706
female,22-23,40,-4.734355533306253,-4.734245084804436,-4.734466080511948
female,22-23,41,-5.1749824828805995,-5.17504762224482,-5.175268617952332
female,22-23,42,-6.808220744412666,-6.80569006158807,-6.805911057295582
female,22-23,43,-5.320392234495659,-5.320009549794345,-5.320230545501857
female,22-23,44,-4.195693497718461,-4.196187599337512,-4.196408595045024
female,22-23,45,-5.814480779017149,-5.812027812455777,-5.812248808163289
female,22-23,46,-4.379366724307118,-4.379825928478099,-4.380046924185611
female,22-23,47,-5.266299353149298,-5.2653766432187545,-5.265597638926266
female,22-23,48,-3.860070867910748,-3.860681416001281,-3.8609024117087927
female,22-23,49,-9.210340371976182,-3.8600708673312676,-3.8602918630387792
female,22-23,50,-9.210340371976182,-3.860070867262525,-3.8602918629700365
female,22-23,51,-9.210340371976182,-3.860070867262525,-3.8602918629700365
female,22-23,52,-9.210340371976182,-3.860070867262525,-3.8602918629700365
female,24-25,-52,-9.210340371976182,-9.210340371976182,-9.21040330922986
female,24-25,-51,-9.210340371976182,-9.210340371976182,-9.21040330922986
female,24-25,-50,-9.210340371976182,-9.210340371976182,-9.21040330922986
female,24-25,-49,-9.210340371976182,-9.210340371976182,-9.21040330922986
female,24-25,-48,-9.210340371976182,-9.210340371976182,-9.21040330922986
female,24-25,-47,-9.210340371976182,-9.210340371976182,-9.21040330922986
female,24-25,-46,-9.210340371976182,-9.210340371976182,-9.21040330922986
female,24-25,-45,-9.210340371976182,-9.210340371976182,-9.21040330922986
female,24-25,-44,-9.210340371976182,-9.210340371976182,-9.21040330922986
female,24-25,-43,-9.210340371976182,-9.210340371976182,-9.21040330922986
female,24-25,-42,-9.210340371976182,-9.210340371976182,-9.21040330922986
female,24-25,-41,-9.210340371976182,-9.210340371976182,-9.21040330922986
female,24-25,-40,-9.210340371976182,-9.210340371976182,-9.21040330922986
female,24-25,-39,-9.210340371976182,-9.210340371976182,-9.21040330922986
female,24-25,-38,-9.210340371976182,-9.210340371976182,-9.21040330922986
female,24-25,-37,-9.210340371976182,-9.210340371976182,-9.21040330922986
female,24-25,-36,-9.210340371976182,-9.210340371976182,-9.21040330922986
female,24-25,-35,-9.210340371976182,-9.210340371976182,-9.21040330922986
female,24-25,-34,-9.210340371976182,-9.210340371976182,-9.21040330922986
female,24-25,-33,-9.210340371976182,-9.210340371976182,-9.21040330922986
female,24-25,-32,-9.210340371976182,-9.210340371976182,-9.21040330922986
female,24-25,-31,-9.210340371976182,-9.210340371976182,-9.21040330922986
female,24-25,-30,-9.210340371976182,-9.210340371976182,-9.21040330922986
female,24-25,-29,-9.210340371976182,-9.210340371976182,-9.21040330922986
female,24-25,-28,-9.210340371976182,-9.210340371976182,-9.21040330922986
female,24-25,-27,-9.210340371976182,-9.210340371976182,-9.21040330922986
female,24-25,-26,-9.210340371976182,-9.210340371976182,-9.21040330922986
female,24-25,-25,-9.210340371976182,-9.210340371976182,-9.21040330922986
female,24-25,-24,-9.210340371976182,-9.210340371976182,-9.21040330922986
female,24-25,-23,-9.210340371976182,-9.210340371976182,-9.21040330922986
female,24-25,-22,-9.210340371976182,-9.210340371976182,-9.21040330922986
female,24-25,-21,-9.210340371976182,-9.210340371976182,-9.21040330922986
female,24-25,-20,-9.210340371976182,-9.210340371976182,-9.21040330922986
female,24-25,-19,-9.210340371976182,-9.210340371976182,-9.21040330922986
female,24-25,-18,-9.210340371976182,-9.210340371976182,-9.21040330922986
female,24-25,-17,-9.210340371976182,-9.210340371976182,-9.21040330922986
female,24-25,-16,-9.210340371976182,-5.419753261058131,-5.4198161983118105
female,24-25,-15,-9.210340371976182,-5.419753261058131,-5.4198161983118105
female,24-25,-14,-9.210340371976182,-5.419753261058131,-5.4198161983118105
female,24-25,-13,-9.210340371976182,-5.419753261058131,-5.4198161983118105
female,24-25,-12,-9.210340371976182,-5.419753261058131,-5.4198161983118105
female,24-25,-11,-9.210340371976182,-5.419753261058131,-5.4198161983118105
female,24-25,-10,-9.210340371976182,-5.419753261058131,-5.4198161983118105
female,24-25,-9,-9.210340371976182,-5.419753261058131,-5.4198161983118105
female,24-25,-8,-9.210340371976182,-5.419753260945448,-5.419816198199128
female,24-25,-7,-5.419753239311325,-5.418753072149989,-5.418816009403669
female,24-25,-6,-4.4570876994871504,-4.456426940045742,-4.456489877299422
female,24-25,-5,-3.2602140956773473,-3.259824794353984,-3.2598877316076638
female,24-25,-4,-2.2106524358380613,-2.210411354244562,-2.2104742914982416
female,24-25,-3,-1.3439855474987252,-1.343567597159449,-1.3436305344131285
female,24-25,-2,-0.30048175169178926,-0.29994238798393547,-0.3000053252376151
female,24-25,-1,0.8915209655795306,0.8917090966054174,0.8916461593517377
female,24-25,0,1.7244627947298972,1.724257913584567,1.7241949763308875
female,24-25,1,1.6911554122191028,1.691098096708814,1.6910351594551345
female,24-25,2,1.4479467881817973,1.4479651854137066,1.447902248160027
female,24-25,3,1.1651083695554127,1.1651267746108471,1.1650638373571676
female,24-25,4,0.7962957929972259,0.7963734811663036,0.7963105439126239
female,24-25,5,0.5098614788730009,0.5099022878764632,0.5098393506227835
female,24-25,6,0.24527697566103393,0.24531475258336408,0.24525181532968443
female,24-25,7,-0.012567876486222441,-0.012512566151299895,-0.012575503404979538
female,24-25,8,-0.19331327659172082,-0.19329046188912688,-0.19335339914280653
female,24-25,9,-0.36371757469268606,-0.36370333942122224,-0.36376627667490186
female,24-25,10,-0.5464866752051318,-0.5465343657305137,-0.5465973029841934
female,24-25,11,-1.0188523562881102,-1.0186753447362311,-1.0187382819899107
female,24-25,12,-1.1537520357872928,-1.153734294721441,-1.1537972319751206
female,24-25,13,-1.2700761130126148,-1.2700786604011416,-1.2701415976548212
female,24-25,14,-1.4251326378853812,-1.4251246274184393,-1.4251875646721188
female,24-25,15,-1.5878179877270453,-1.5878710570873615,-1.587933994341041
female,24-25,16,-2.018229295533697,-2.0180044820253245,-2.0180674192790042
female,24-25,17,-1.9091643309942192,-1.9091924784469327,-1.9092554157006123
female,24-25,18,-1.8821866540781025,-1.8822007650883117,-1.8822637023419913
female,24-25,19,-1.8975416593214753,-1.8975382523889663,-1.897601189642646
female,24-25,20,-1.9036430450980102,-1.903824841160327,-1.9038877784140065
female,24-25,21,-2.769309976656105,-2.7688932026647066,-2.7689561399183864
female,24-25,22,-3.0186144124391627,-3.018456804877767,-3.018519742131447
female,24-25,23,-2.860752590109843,-2.8608968997692594,-2.860959837022939
female,24-25,24,-3.1944632740361323,-3.194221508013365,-3.1942844452670447
female,24-25,25,-2.921087278583421,-2.9212709728543387,-2.9213339101080185
female,24-25,26,-3.3016177038988195,-3.301444849669597,-3.3015077869232767
female,24-25,27,-3.246350645624975,-3.2465388309926055,-3.2466017682462853
female,24-25,28,-3.9371842000588004,-3.9365510257815712,-3.936613963035251
female,24-25,29,-3.2879156706296393,-3.2881893731207232,-3.288252310374403
female,24-25,30,-3.698845349218145,-3.6986345689277624,-3.698697506181442
female,24-25,31,-3.5855115074644375,-3.5857599980413184,-3.585822935294998
female,24-25,32,-4.587103188106219,-4.586248648255071,-4.586311585508751
female,24-25,33,-3.9905441869192484,-3.9909239607225526,-3.9909868979762324
female,24-25,34,-5.146700850494023,-5.145701579126869,-5.145764516380549
female,24-25,35,-4.560346830747156,-4.560141898810161,-4.560204836063841
female,24-25,36,-3.842048620737269,-3.84245370953636,-3.8425166467900396
female,24-25,37,-5.119160672611679,-5.1183352172796885,-5.118398154533368
female,24-25,38,-5.395679637047174,-5.395253227695871,-5.395316164949551
female,24-25,39,-4.714619554193562,-4.714692449205986,-4.714755386459665
female,24-25,40,-4.4475837704886025,-4.447936836960698,-4.447999774214378
female,24-25,41,-6.36678693968156,-6.363828119913361,-6.363891057167041
female,24-25,42,-5.021047641944922,-5.021439483069998,-5.021502420323678
female,24-25,43,-5.547025044643428,-5.546635898907123,-5.546698836160803
female,24-25,44,-5.173420147216485,-5.173085607984913,-5.173148545238592
female,24-25,45,-4.312478713479084,-4.312782035516314,-4.312844972769994
female,24-25,46,-5.491788185989466,-5.49010110939848,-5.4901640466521595
female,24-25,47,-9.210340371976182,-5.491788187020361,-5.49185112427404
female,24-25,48,-9.210340371976182,-5.49178818721052,-5.491851124464199
female,24-25,49,-9.210340371976182,-5.491788187210519,-5.4918511244641985
female,24-25,50,-9.210340371976182,-5.49178818721052,-5.491851124464199
female,24-25,51,-9.210340371976182,-5.49178818721052,-5.491851124464199
female,24-25,52,-9.210340371976182,-5.491788187210519,-5.4918511244641985
female,26-27,-52,-9.210340371976182,-9.210340371976182,-9.210477015866779
female,26-27,-51,-9.210340371976182,-9.210340371976182,-9.210477015866779
female,26-27,-50,-9.210340371976182,-9.210340371976182,-9.210477015866779
female,26-27,-49,-9.210340371976182,-9.210340371976182,-9.210477015866779
female,26-27,-48,-9.210340371976182,-9.210340371976182,-9.210477015866779
female,26-27,-47,-9.210340371976182,-9.210340371976182,-9.210477015866779
female,26-27,-46,-9.210340371976182,-9.210340371976182,-9.210477015866779
female,26-27,-45,-9.210340371976182,-9.210340371976182,-9.210477015866779
female,26-27,-44,-9.210340371976182,-9.210340371976182,-9.210477015866779
female,26-27,-43,-9.210340371976182,-9.210340371976182,-9.210477015866779
female,26-27,-42,-9.210340371976182,-9.210340371976182,-9.210477015866779
female,26-27,-41,-9.210340371976182,-9.210340371976182,-9.210477015866779
female,26-27,-40,-9.210340371976182,-9.210340371976182,-9.210477015866779
female,26-27,-39,-9.210340371976182,-9.210340371976182,-9.210477015866779
female,26-27,-38,-9.210340371976182,-9.210340371976182,-9.210477015866779
female,26-27,-37,-9.210340371976182,-9.210340371976182,-9.210477015866779
female,26-27,-36,-9.210340371976182,-9.210340371976182,-9.210477015866779
female,26-27,-35,-9.210340371976182,-9.210340371976182,-9.210477015866779
female,26-27,-34,-9.210340371976182,-9.210340371976182,-9.210477015866779
female,26-27,-33,-9.210340371976182,-9.210340371976182,-9.210477015866779
female,26-27,-32,-9.210340371976182,-9.210340371976182,-9.210477015866779
female,26-27,-31,-9.210340371976182,-9.210340371976182,-9.210477015866779
female,26-27,-30,-9.210340371976182,-9.210340371976182,-9.210477015866779
female,26-27,-29,-9.210340371976182,-9.210340371976182,-9.210477015866779
female,26-27,-28,-9.210340371976182,-9.210340371976182,-9.210477015866779
female,26-27,-27,-9.210340371976182,-9.210340371976182,-9.210477015866779
female,26-27,-26,-9.210340371976182,-9.210340371976182,-9.210477015866779
female,26-27,-25,-9.210340371976182,-9.210340371976182,-9.210477015866779
female,26-27,-24,-9.210340371976182,-9.210340371976182,-9.210477015866779
female,26-27,-23,-9.210340371976182,-9.210340371976182,-9.210477015866779
female,26-27,-22,-9.210340371976182,-9.210340371976182,-9.210477015866779
female,26-27,-21,-9.210340371976182,-9.210340371976182,-9.210477015866779
female,26-27,-20,-9.210340371976182,-9.210340371976182,-9.210477015866779
female,26-27,-19,-9.210340371976182,-9.210340371976182,-9.210477015866779
female,26-27,-18,-9.210340371976182,-9.210340371976182,-9.210477015866779
female,26-27,-17,-9.210340371976182,-9.210340371976182,-9.210477015866779
female,26-27,-16,-9.210340371976182,-9.210340371976182,-9.210477015866779
female,26-27,-15,-9.210340371976182,-9.210340371976182,-9.210477015866779
female,26-27,-14,-9.210340371976182,-9.210340371976182,-9.210477015866779
female,26-27,-13,-9.210340371976182,-9.210340371976182,-9.210477015866779
female,26-27,-12,-9.210340371976182,-9.210340371976182,-9.210477015866779
female,26-27,-11,-9.210340371976182,-9.210340371976182,-9.210477015866779
female,26-27,-10,-9.210340371976182,-9.210340371976182,-9.210477015866779
female,26-27,-9,-10.855115504095005,-9.210340371976182,-9.210477015866779
female,26-27,-8,-5.831709088098524,-5.829974035454532,-5.83011067934513
female,26-27,-7,-3.934762754259665,-3.934850534260395,-3.934987178150993
female,26-27,-6,-3.4781601413363052,-3.477803504708067,-3.477940148598665
female,26-27,-5,-2.5923839942719984,-2.592078741273692,-2.59221538516429
female,26-27,-4,-1.6847547001267236,-1.6845895532102233,-1.6847261971008214
female,26-27,-3,-0.9502823382253233,-0.949978564562968,-0.950115208453566
female,26-27,-2,-0.052619806625639795,-0.052273384691733475,-0.05241002858233149
female,26-27,-1,0.9363101145828102,0.9364979344265583,0.9363612905359603
female,26-27,0,1.75219271367876,1.7519915706734328,1.7518549267828347
female,26-27,1,1.733381151480257,1.7333192885213466,1.7331826446307486
female,26-27,2,1.4880658392542512,1.4880886074784323,1.4879519635878342
female,26-27,3,1.2215308438536696,1.221550595130614,1.221413951240016
female,26-27,4,0.905863458215028,0.905939229041087,0.9058025851504891
female,26-27,5,0.7038841393191235,0.7038889392782116,0.7037522953876136
female,26-27,6,0.42163025426493117,0.4217057604540348,0.42156911656343676
female,26-27,7,0.27557300801608425,0.2755552021049713,0.2754185582143733
female,26-27,8,0.006731241560514456,0.006764446899346318,0.0066278030087483005
female,26-27,9,-0.26907498695535287,-0.268978040566223,-0.269114684456821
female,26-27,10,-0.3252046056769381,-0.32528521421179274,-0.32542185810239077
female,26-27,11,-0.7117919718720169,-0.7116919007465657,-0.7118285446371637
female,26-27,12,-0.9462784659379424,-0.946218505002691,-0.946355148893289
female,26-27,13,-1.0478828139203096,-1.0478683888135405,-1.0480050327041386
female,26-27,14,-1.1170140571962661,-1.1170323484945859,-1.117168992385184
female,26-27,15,-1.2663102755037314,-1.2663687947482642,-1.2665054386388623
female,26-27,16,-1.7087777539225228,-1.708538694625265,-1.708675338515863
female,26-27,17,-1.5730861875429443,-1.573219740936612,-1.57335638482721
female,26-27,18,-1.8931688219327052,-1.893065725621858,-1.893202369512456
female,26-27,19,-1.9818122468793025,-1.9817397894955298,-1.9818764333861278
female,26-27,20,-1.8647019001486103,-1.8649311671575217,-1.8650678110481198
female,26-27,21,-2.6888532363185007,-2.688384095993248,-2.688520739883846
female,26-27,22,-2.5640422277985926,-2.56407909580405,-2.564215739694648
female,26-27,23,-2.557993271749911,-2.5581047014391367,-2.558241345329735
female,26-27,24,-2.948520155163215,-2.9483374913413067,-2.948474135231905
female,26-27,25,-2.8781102961123355,-2.878203761117926,-2.878340405008524
female,26-27,26,-3.1098298697731095,-3.1098019299439503,-3.1099385738345484
female,26-27,27,-3.3014935076125678,-3.3013264922625543,-3.3014631361531523
female,26-27,28,-3.0490775586275944,-3.0492962396654613,-3.0494328835560593
female,26-27,29,-3.6119746098314565,-3.611654891987433,-3.611791535878031
female,26-27,30,-3.434430456275195,-3.4344801463642787,-3.4346167902548768
female,26-27,31,-3.420374317246425,-3.420506864973574,-3.4206435088641722
female,26-27,32,-3.896305774114169,-3.896108085861734,-3.896244729752332
female,26-27,33,-3.9110406074738666,-3.91110660105624,-3.911243244946838
female,26-27,34,-4.15028296535528,-4.150315254527652,-4.15045189841825
female,26-27,35,-4.636851234746889,-4.63647786653249,-4.6366145104230885
female,26-27,36,-4.251446978388459,-4.251714266410618,-4.251850910301216
female,26-27,37,-4.912487471251052,-4.91187623850542,-4.912012882396018
female,26-27,38,-4.271570530356718,-4.271974832531032,-4.27211147642163
female,26-27,39,-5.6586412265671315,-5.656924511636443,-5.657061155527041
female,26-27,40,-4.541041123036463,-4.541256876429052,-4.54139352031965
female,26-27,41,-4.47548233069562,-4.475649996558141,-4.475786640448739
female,26-27,42,-5.080311996004098,-5.080101354186712,-5.08023799807731
female,26-27,43,-5.365922371044999,-5.365766946314081,-5.365903590204679
female,26-27,44,-5.130729915826206,-5.130880597122188,-5.131017241012786
female,26-27,45,-9.210340371976182,-5.13072991767909,-5.130866561569688
female,26-27,46,-9.210340371976182,-5.130729917662123,-5.130866561552721
female,26-27,47,-9.210340371976182,-5.130729917662123,-5.130866561552721
female,26-27,48,-9.210340371976182,-5.130729917662123,-5.130866561552721
female,26-27,49,-9.210340371976182,-5.130729917662123,-5.130866561552721
female,26-27,50,-9.210340371976182,-5.130729917662123,-5.130866561552721
female,26-27,51,-9.210340371976182,-5.130729917662123,-5.130866561552721
female,26-27,52,-9.210340371976182,-5.130729917662123,-5.130866561552721
female,28-29,-52,-9.210340371976182,-9.210340371976182,-9.21061054146472
female,28-29,-51,-9.210340371976182,-9.210340371976182,-9.21061054146472
female,28-29,-50,-9.210340371976182,-9.210340371976182,-9.21061054146472
female,28-29,-49,-9.210340371976182,-9.210340371976182,-9.21061054146472
female,28-29,-48,-9.210340371976182,-9.210340371976182,-9.21061054146472
female,28-29,-47,-9.210340371976182,-9.210340371976182,-9.21061054146472
female,28-29,-46,-9.210340371976182,-9.210340371976182,-9.21061054146472
female,28-29,-45,-9.210340371976182,-9.210340371976182,-9.21061054146472
female,28-29,-44,-9.210340371976182,-9.210340371976182,-9.21061054146472
female,28-29,-43,-9.210340371976182,-9.210340371976182,-9.21061054146472
female,28-29,-42,-9.210340371976182,-9.210340371976182,-9.21061054146472
female,28-29,-41,-9.210340371976182,-9.210340371976182,-9.21061054146472
female,28-29,-40,-9.210340371976182,-9.210340371976182,-9.21061054146472
female,28-29,-39,-9.210340371976182,-9.210340371976182,-9.21061054146472
female,28-29,-38,-9.210340371976182,-9.210340371976182,-9.21061054146472
female,28-29,-37,-9.210340371976182,-9.210340371976182,-9.21061054146472
female,28-29,-36,-9.210340371976182,-9.210340371976182,-9.21061054146472
female,28-29,-35,-9.210340371976182,-9.210340371976182,-9.21061054146472
female,28-29,-34,-9.210340371976182,-9.210340371976182,-9.21061054146472
female,28-29,-33,-9.210340371976182,-9.210340371976182,-9.21061054146472
female,28-29,-32,-9.210340371976182,-9.210340371976182,-9.21061054146472
female,28-29,-31,-9.210340371976182,-9.210340371976182,-9.21061054146472
female,28-29,-30,-9.210340371976182,-6.223824246299122,-6.224094415787659
female,28-29,-29,-9.210340371976182,-6.223824246299123,-6.22409441578766
female,28-29,-28,-9.210340371976182,-6.223824246299123,-6.22409441578766
female,28-29,-27,-9.210340371976182,-6.223824246299123,-6.22409441578766
female,28-29,-26,-9.210340371976182,-6.223824246299123,-6.22409441578766
female,28-29,-25,-9.210340371976182,-6.223824246299123,-6.22409441578766
female,28-29,-24,-9.210340371976182,-6.223824246299123,-6.22409441578766
female,28-29,-23,-9.210340371976182,-6.223824246299123,-6.22409441578766
female,28-29,-22,-9.210340371976182,-6.223824246299123,-6.22409441578766
female,28-29,-21,-9.210340371976182,-6.223824246299123,-6.22409441578766
female,28-29,-20,-9.210340371976182,-6.223824246299123,-6.22409441578766
female,28-29,-19,-9.210340371976182,-6.2238242462991265,-6.224094415787664
female,28-29,-18,-9.210340371976182,-6.223824246299303,-6.224094415787841
female,28-29,-17,-9.210340371976182,-6.2238242463089986,-6.224094415797536
female,28-29,-16,-9.210340371976182,-6.223824246838295,-6.224094416326833
female,28-29,-15,-9.210340371976182,-6.2238242757369076,-6.224094445225445
female,28-29,-14,-9.210340371976182,-6.22382585354635,-6.224096023034887
female,28-29,-13,-9.210340371976182,-6.223911995003581,-6.2241821644921185
female,28-29,-12,-9.210340371976182,-6.228603212241937,-6.228873381730474
female,28-29,-11,-6.223827563472458,-6.453879169616304,-6.454149339104841
female,28-29,-10,-9.210340371976182,-6.82077309827798,-6.821043267766518
female,28-29,-9,-4.75729542546293,-4.830304321948171,-4.830574491436709
female,28-29,-8,-4.479631917435408,-4.323645824640594,-4.323915994129131
female,28-29,-7,-3.450641464942072,-3.39795244778402,-3.3982226172725576
female,28-29,-6,-2.702153021897347,-2.6701463122371294,-2.670416481725667
female,28-29,-5,-2.10852274057835,-2.038174179197852,-2.0384443486863892
female,28-29,-4,-1.3487777355847188,-1.3042299551657917,-1.3045001246543293
female,28-29,-3,-0.6627741168010023,-0.5769022337175457,-0.5771724032060832
female,28-29,-2,0.21209263846587303,0.28504977447217067,0.2847796049836331
female,28-29,-1,1.0795321250586059,1.1186645274784828,1.1183943579899451
female,28-29,0,1.7961790265954058,1.7308002076394586,1.730530038150921
female,28-29,1,1.743173193499916,1.7300463776907447,1.729776208202207
female,28-29,2,1.5362162061920472,1.546994985335065,1.5467248158465274
female,28-29,3,1.3676984653456246,1.3637637412169519,1.3634935717284142
female,28-29,4,1.0733208117612443,1.0915823655843704,1.0913121960958327
female,28-29,5,0.8338597720094968,0.8407752506967894,0.8405050812082518
female,28-29,6,0.5560121295280319,0.5738836226150301,0.5736134531264926
female,28-29,7,0.3554452744063826,0.36509444567333127,0.3648242761847937
female,28-29,8,0.17991032235678334,0.18723529758198276,0.18696512809344518
female,28-29,9,0.019053512863508013,0.02202408436599635,0.021753914877458775
female,28-29,10,-0.15990829417595923,-0.15955679884908427,-0.15982696833762186
female,28-29,11,-0.3851298448860144,-0.38771982105864566,-0.38798999054718325
female,28-29,12,-0.7285649961641124,-0.6970998501460326,-0.6973700196345701
female,28-29,13,-0.879232901415465,-0.8895023411250012,-0.8897725106135387
female,28-29,14,-1.2075674119030393,-1.1758349422245626,-1.1761051117131003
female,28-29,15,-1.3161229045510365,-1.31234774633925,-1.3126179158277878
female,28-29,16,-1.4071137730415055,-1.423136192399205,-1.4234063618877426
female,28-29,17,-1.7089774977852579,-1.6810928733999546,-1.6813630428884923
female,28-29,18,-1.8281364867637664,-1.825264646976293,-1.8255348164648306
female,28-29,19,-1.939515140287647,-1.944121078682395,-1.9443912481709327
female,28-29,20,-2.11117309904683,-2.1239182026437273,-2.1241883721322647
female,28-29,21,-2.458560219052758,-2.418287576352239,-2.4185577458407765
female,28-29,22,-2.4754060329844814,-2.4545182463420177,-2.454788415830555
female,28-29,23,-2.307385595780385,-2.3592470254675164,-2.359517194956054
female,28-29,24,-2.6836417525537586,-2.6487495820127887,-2.649019751501326
female,28-29,25,-2.809694618596927,-2.79221867805422,-2.7924888475427574
female,28-29,26,-2.780280519720908,-2.814615760411339,-2.8148859298998765
female,28-29,27,-3.1216745552525786,-3.0778685931126035,-3.078138762601141
female,28-29,28,-3.110318118151228,-3.146840479487246,-3.1471106489757834
female,28-29,29,-3.4983588962564727,-3.4374979357305344,-3.437768105219072
female,28-29,30,-3.3833999971030733,-3.4783595772124563,-3.4786297467009937
female,28-29,31,-4.665444788863764,-4.342779849755492,-4.343050019244029
female,28-29,32,-3.953414415073915,-4.035998686717937,-4.036268856206474
female,28-29,33,-4.229477702553839,-4.175072495992793,-4.17534266548133
female,28-29,34,-4.047219253403837,-4.097425218520091,-4.097695388008629
female,28-29,35,-4.39932455824175,-4.379148589430989,-4.379418758919527
female,28-29,36,-4.691990427592319,-4.686454407053024,-4.686724576541561
female,28-29,37,-5.07857231799713,-5.084515470258055,-5.084785639746593
female,28-29,38,-5.960558257224085,-5.567485972378034,-5.567756141866571
female,28-29,39,-4.530541884580369,-4.711728973249326,-4.711999142737864
female,28-29,40,-6.109662047268726,-5.477309770052492,-5.477579939541029
female,28-29,41,-4.424653671011593,-4.5832779150698375,-4.583548084558375
female,28-29,42,-8.531219113464129,-5.875290732061092,-5.87556090154963
female,28-29,43,-9.210340371976182,-8.261241810800385,-8.261511980288923
female,28-29,44,-9.210340371976182,-8.525526401776771,-8.525796571265309
female,28-29,45,-9.210340371976182,-8.531111268963151,-8.531381438451689
female,28-29,46,-9.210340371976182,-8.531213860587545,-8.531484030076083
female,28-29,47,-9.210340371976182,-8.531215739720128,-8.531485909208666
female,28-29,48,-9.210340371976182,-8.531215774137676,-8.531485943626214
female,28-29,49,-9.210340371976182,-8.531215774768055,-8.531485944256593
female,28-29,50,-9.210340371976182,-8.5312157747796,-8.531485944268137
female,28-29,51,-9.210340371976182,-8.531215774779813,-8.53148594426835
female,28-29,52,-9.210340371976182,-8.531215774779817,-8.531485944268354
female,30-31,-52,-9.210340371976182,-9.210340371976182,-9.210606115574443
female,30-31,-51,-9.210340371976182,-9.210340371976182,-9.210606115574443
female,30-31,-50,-9.210340371976182,-9.210340371976182,-9.210606115574443
female,30-31,-49,-9.210340371976182,-9.210340371976182,-9.210606115574443
female,30-31,-48,-9.210340371976182,-9.210340371976182,-9.210606115574443
female,30-31,-47,-9.210340371976182,-9.210340371976182,-9.210606115574443
female,30-31,-46,-9.210340371976182,-9.210340371976182,-9.210606115574443
female,30-31,-45,-9.210340371976182,-9.210340371976182,-9.210606115574443
female,30-31,-44,-9.210340371976182,-9.210340371976182,-9.210606115574443
female,30-31,-43,-9.210340371976182,-9.210340371976182,-9.210606115574443
female,30-31,-42,-9.210340371976182,-9.210340371976182,-9.210606115574443
female,30-31,-41,-9.210340371976182,-9.210340371976182,-9.210606115574443
female,30-31,-40,-9.210340371976182,-9.210340371976182,-9.210606115574443
female,30-31,-39,-9.210340371976182,-9.210340371976182,-9.210606115574443
female,30-31,-38,-9.210340371976182,-9.210340371976182,-9.210606115574443
female,30-31,-37,-9.210340371976182,-9.210340371976182,-9.210606115574443
female,30-31,-36,-9.210340371976182,-9.210340371976182,-9.210606115574443
female,30-31,-35,-9.210340371976182,-9.210340371976182,-9.210606115574443
female,30-31,-34,-9.210340371976182,-9.210340371976182,-9.210606115574443
female,30-31,-33,-9.210340371976182,-9.210340371976182,-9.210606115574443
female,30-31,-32,-9.210340371976182,-9.210340371976182,-9.210606115574443
female,30-31,-31,-9.210340371976182,-9.210340371976182,-9.210606115574443
female,30-31,-30,-9.210340371976182,-9.210340371976182,-9.210606115574443
female,30-31,-29,-9.210340371976182,-9.210340371976182,-9.210606115574443
female,30-31,-28,-9.210340371976182,-9.210340371976182,-9.210606115574443
female,30-31,-27,-9.210340371976182,-9.210340371976182,-9.210606115574443
female,30-31,-26,-9.210340371976182,-9.210340371976182,-9.210606115574443
female,30-31,-25,-9.210340371976182,-9.210340371976182,-9.210606115574443
female,30-31,-24,-9.210340371976182,-9.210340371976182,-9.210606115574443
female,30-31,-23,-9.210340371976182,-9.210340371976182,-9.210606115574443
female,30-31,-22,-9.210340371976182,-5.72097848704264,-5.7212442306409015
female,30-31,-21,-9.210340371976182,-5.720978487042641,-5.721244230640902
female,30-31,-20,-9.210340371976182,-5.720978487042641,-5.721244230640902
female,30-31,-19,-9.210340371976182,-5.72097848704264,-5.7212442306409015
female,30-31,-18,-9.210340371976182,-5.72097848704264,-5.7212442306409015
female,30-31,-17,-9.210340371976182,-5.720978487042641,-5.721244230640902
female,30-31,-16,-9.210340371976182,-5.720978487042641,-5.721244230640902
female,30-31,-15,-9.210340371976182,-5.72097848704264,-5.7212442306409015
female,30-31,-14,-9.210340371976182,-5.720978487023151,-5.721244230621413
female,30-31,-13,-5.720978463932689,-5.720805432995401,-5.721071176593663
female,30-31,-12,-5.488382709210315,-5.488193114049304,-5.488458857647566
female,30-31,-11,-4.980290162259255,-4.980317181146228,-4.98058292474449
female,30-31,-10,-4.710709147282761,-4.710368758310241,-4.710634501908503
female,30-31,-9,-3.9072580888459725,-3.90725470416795,-3.907520447766212
female,30-31,-8,-3.475388822381206,-3.4751396122986407,-3.4754053558969025
female,30-31,-7,-2.745541010849855,-2.7454379976880423,-2.745703741286304
female,30-31,-6,-2.1417430183697506,-2.141569469235646,-2.1418352128339078
female,30-31,-5,-1.4489637986217883,-1.448892820513569,-1.4491585641118305
female,30-31,-4,-0.8875985306757213,-0.8875171410064702,-0.8877828846047319
female,30-31,-3,-0.34186094925366395,-0.3416409178854723,-0.341906661483734
female,30-31,-2,0.4319462306274213,0.4321083749892043,0.4318426313909426
female,30-31,-1,1.1677232948658889,1.1678362023963094,1.1675704587980478
female,30-31,0,1.8226120311717449,1.822433316776141,1.8221675731778795
female,30-31,1,1.796233993163985,1.7961922219745912,1.7959264783763296
female,30-31,2,1.6155365751563857,1.6155578830024528,1.6152921394041913
female,30-31,3,1.4380998767421365,1.4381044076618876,1.437838664063626
female,30-31,4,1.203830182002246,1.2038588542750894,1.2035931106768278
female,30-31,5,0.9721451331971219,0.9721902280717704,0.9719244844735087
female,30-31,6,0.8007160198118398,0.8007085098700882,0.8004427662718265
female,30-31,7,0.5267989775535433,0.5268477166884187,0.526581973090157
female,30-31,8,0.3080771582157814,0.3080692096819807,0.307803466083719
female,30-31,9,-0.020353987644199947,-0.020213178094876764,-0.020478921693138467
female,30-31,10,0.010396531265989063,0.010299593537289773,0.010033849939028072
female,30-31,11,-0.31350065225759227,-0.3134046068470269,-0.3136703504452886
female,30-31,12,-0.4505833684622063,-0.45059123657220745,-0.45085698017046916
female,30-31,13,-0.6511108671437148,-0.6511096460578764,-0.6513753896561381
female,30-31,14,-0.91800062984427,-0.9179421352373758,-0.9182078788356375
female,30-31,15,-1.0786252053823628,-1.078585513439843,-1.0788512570381046
female,30-31,16,-1.1499102913014962,-1.149896761675905,-1.1501625052741666
female,30-31,17,-1.1875420798762355,-1.1876394098257794,-1.187905153424041
female,30-31,18,-1.5806019900444743,-1.580521512711113,-1.5807872563093746
female,30-31,19,-1.8397876848080814,-1.8397354991831563,-1.8400012427814179
female,30-31,20,-1.9766550070025801,-1.9766950390424178,-1.9769607826406794
female,30-31,21,-2.289002526951543,-2.288864437063873,-2.2891301806621347
female,30-31,22,-2.2507441156111225,-2.2508847240890746,-2.2511504676873364
female,30-31,23,-2.7352409984871704,-2.7351111729583706,-2.7353769165566324
female,30-31,24,-3.0097486875567103,-3.009467536579604,-3.009733280177866
female,30-31,25,-2.5880639177945794,-2.588226359324305,-2.588492102922567
female,30-31,26,-2.7369426531148,-2.7370430434808175,-2.7373087870790793
female,30-31,27,-3.3410723282911197,-3.3406771678343743,-3.340942911432636
female,30-31,28,-3.0346548265427242,-3.0348459888564943,-3.035111732454756
female,30-31,29,-3.390327296499046,-3.3903181507433797,-3.3905838943416415
female,30-31,30,-3.8837300720237624,-3.8835257972538053,-3.883791540852067
female,30-31,31,-3.9176208548553513,-3.917746686026115,-3.918012429624377
female,30-31,32,-4.465132811739876,-4.464744208591023,-4.465009952189285
female,30-31,33,-4.111317636673417,-4.111415949280148,-4.11168169287841
female,30-31,34,-4.097332893860303,-4.097400083235462,-4.097665826833723
female,30-31,35,-4.315509638912895,-4.314896907476398,-4.31516265107466
female,30-31,36,-3.3408373453846227,-3.341323851294836,-3.341589594893098
female,30-31,37,-5.1425630533073,-5.140727346659971,-5.140993090258233
female,30-31,38,-4.971246973626779,-4.971086119323753,-4.971351862922015
female,30-31,39,-4.463207834596025,-4.463408831873467,-4.463674575471729
female,30-31,40,-4.958038451155611,-4.957598280945018,-4.95786402454328
female,30-31,41,-9.210340371976182,-4.958038452398085,-4.958304195996347
female,30-31,42,-9.210340371976182,-4.958038452447665,-4.958304196045927
female,30-31,43,-9.210340371976182,-4.958038452447665,-4.958304196045927
female,30-31,44,-9.210340371976182,-4.958038452447665,-4.958304196045927
female,30-31,45,-9.210340371976182,-4.958038452447665,-4.958304196045927
female,30-31,46,-9.210340371976182,-4.958038452447664,-4.958304196045926
female,30-31,47,-9.210340371976182,-4.958038452447665,-4.958304196045927
female,30-31,48,-9.210340371976182,-4.958038452447665,-4.958304196045927
female,30-31,49,-9.210340371976182,-4.958038452447665,-4.958304196045927
female,30-31,50,-9.210340371976182,-9.210340371976182,-9.210606115574443
female,30-31,51,-9.210340371976182,-9.210340371976182,-9.210606115574443
female,30-31,52,-9.210340371976182,-9.210340371976182,-9.210606115574443
female,32-33,-52,-9.210340371976182,-9.210340371976182,-9.210598782173916
female,32-33,-51,-9.210340371976182,-9.210340371976182,-9.210598782173916
female,32-33,-50,-9.210340371976182,-9.210340371976182,-9.210598782173916
female,32-33,-49,-9.210340371976182,-9.210340371976182,-9.210598782173916
female,32-33,-48,-9.210340371976182,-9.210340371976182,-9.210598782173916
female,32-33,-47,-9.210340371976182,-9.210340371976182,-9.210598782173916
female,32-33,-46,-9.210340371976182,-9.210340371976182,-9.210598782173916
female,32-33,-45,-9.210340371976182,-9.210340371976182,-9.210598782173916
female,32-33,-44,-9.210340371976182,-9.210340371976182,-9.210598782173916
female,32-33,-43,-9.210340371976182,-9.210340371976182,-9.210598782173916
female,32-33,-42,-9.210340371976182,-9.210340371976182,-9.210598782173916
female,32-33,-41,-9.210340371976182,-9.210340371976182,-9.210598782173916
female,32-33,-40,-9.210340371976182,-9.210340371976182,-9.210598782173916
female,32-33,-39,-9.210340371976182,-9.210340371976182,-9.210598782173916
female,32-33,-38,-9.210340371976182,-9.210340371976182,-9.210598782173916
female,32-33,-37,-9.210340371976182,-9.210340371976182,-9.210598782173916
female,32-33,-36,-9.210340371976182,-9.210340371976182,-9.210598782173916
female,32-33,-35,-9.210340371976182,-9.210340371976182,-9.210598782173916
female,32-33,-34,-9.210340371976182,-9.210340371976182,-9.210598782173916
female,32-33,-33,-9.210340371976182,-9.210340371976182,-9.210598782173916
female,32-33,-32,-9.210340371976182,-9.210340371976182,-9.210598782173916
female,32-33,-31,-9.210340371976182,-9.210340371976182,-9.210598782173916
female,32-33,-30,-9.210340371976182,-9.210340371976182,-9.210598782173916
female,32-33,-29,-9.210340371976182,-9.210340371976182,-9.210598782173916
female,32-33,-28,-9.210340371976182,-9.210340371976182,-9.210598782173916
female,32-33,-27,-9.210340371976182,-9.210340371976182,-9.210598782173916
female,32-33,-26,-9.210340371976182,-9.210340371976182,-9.210598782173916
female,32-33,-25,-9.210340371976182,-9.210340371976182,-9.210598782173916
female,32-33,-24,-9.210340371976182,-7.439197182882634,-7.4394555930803685
female,32-33,-23,-9.210340371976182,-7.439197182882634,-7.4394555930803685
female,32-33,-22,-9.210340371976182,-7.439197182882634,-7.4394555930803685
female,32-33,-21,-9.210340371976182,-7.439197182882634,-7.4394555930803685
female,32-33,-20,-9.210340371976182,-7.439197182882634,-7.4394555930803685
female,32-33,-19,-9.210340371976182,-7.439197182882634,-7.4394555930803685
female,32-33,-18,-9.210340371976182,-7.439197182882634,-7.4394555930803685
female,32-33,-17,-9.210340371976182,-7.439197182882634,-7.4394555930803685
female,32-33,-16,-9.210340371976182,-7.43919718267777,-7.439455592875504
female,32-33,-15,-7.439197160330984,-7.437379593620678,-7.437638003818412
female,32-33,-14,-6.121312784800437,-6.121537121487062,-6.121795531684796
female,32-33,-13,-6.472138372738168,-6.4711975842007625,-6.471455994398497
female,32-33,-12,-5.257817202447146,-5.257502028043431,-5.257760438241165
female,32-33,-11,-4.296839781785665,-4.296612499946385,-4.296870910144119
female,32-33,-10,-3.4857942290741395,-3.4857754675442862,-3.48603387774202
female,32-33,-9,-3.0226502918655256,-3.0226766255028235,-3.022935035700557
female,32-33,-8,-2.767500438040947,-2.7672284580082462,-2.76748686820598
female,32-33,-7,-2.0437046108072563,-2.0437071962700237,-2.0439656064677574
female,32-33,-6,-1.6119963948393023,-1.6118912407527455,-1.6121496509504794
female,32-33,-5,-1.0734518866087792,-1.0733513434281088,-1.0736097536258427
female,32-33,-4,-0.4945145908272281,-0.49446808599709885,-0.4947264961948327
female,32-33,-3,-0.009866713529255234,-0.009750562599930068,-0.010008972797663924
female,32-33,-2,0.5699595410703971,0.5701355127003294,0.5698771025025955
female,32-33,-1,1.3024679106341805,1.3025413986969263,1.3022829884991924
female,32-33,0,1.9147483600826902,1.9145722275484247,1.9143138173506908
female,32-33,1,1.8782989585044945,1.878255614484508,1.877997204286774
female,32-33,2,1.6806465697831363,1.680674725137665,1.6804163149399312
female,32-33,3,1.5094945569310398,1.5095037401787426,1.5092453299810087
female,32-33,4,1.3011864397656856,1.3012236613857908,1.300965251188057
female,32-33,5,1.1387086672339646,1.1386910657326015,1.1384326555348676
female,32-33,6,0.8511735311977945,0.8512266084020454,0.8509681982043116
female,32-33,7,0.6401244670479422,0.640134654191088,0.6398762439933541
female,32-33,8,0.39833111957722783,0.3983792136479849,0.398120803450251
female,32-33,9,0.2322993721424905,0.2323197499464788,0.23206133974874496
female,32-33,10,0.08468727656159661,0.08467052997741298,0.08441211977967912
female,32-33,11,-0.16665903619356745,-0.16662345093143074,-0.1668818611291646
female,32-33,12,-0.3861631496735294,-0.3861291924410274,-0.38638760263876126
female,32-33,13,-0.5605166465465541,-0.5605120867043693,-0.5607704969021031
female,32-33,14,-0.7800232592929703,-0.7799769288217638,-0.7802353390194977
female,32-33,15,-0.906377925078701,-0.9063921649975236,-0.9066505751952575
female,32-33,16,-1.097325442674234,-1.0973259976359588,-1.0975844078336927
female,32-33,17,-1.3237325214975395,-1.3236614063400802,-1.323919816537814
female,32-33,18,-1.3568955212860674,-1.3569785844060005,-1.3572369946037344
female,32-33,19,-1.693044758452242,-1.6929750228476816,-1.6932334330454155
female,32-33,20,-1.910302597525591,-1.9103180599063827,-1.9105764701041166
female,32-33,21,-2.2483201066041327,-2.248175417249419,-2.2484338274471525
female,32-33,22,-2.220781753894837,-2.220848808029622,-2.2211072182273557
female,32-33,23,-2.4117460327844022,-2.411636598796069,-2.4118950089938025
female,32-33,24,-2.3031040403043965,-2.303301074041971,-2.3035594842397047
female,32-33,25,-2.9525343230552914,-2.952082529545079,-2.952340939742813
female,32-33,26,-2.585512257948181,-2.5857408272963855,-2.585999237494119
female,32-33,27,-3.0408819284982727,-3.0407188927050517,-3.0409773029027853
female,32-33,28,-3.11771795892504,-3.1177534098388158,-3.1180118200365494
female,32-33,29,-3.334462164228199,-3.334374630535012,-3.334633040732746
female,32-33,30,-3.3267232389785133,-3.326806874137707,-3.3270652843354407
female,32-33,31,-3.6125054308916402,-3.6125345366148482,-3.612792946812582
female,32-33,32,-4.203156533894356,-4.202615049020078,-4.2028734592178125
female,32-33,33,-3.605913461117025,-3.6062708491114055,-3.606529259309139
female,32-33,34,-4.577376050422088,-4.576732556782231,-4.576990966979965
female,32-33,35,-4.390636084440296,-4.390724372902826,-4.39098278310056
female,32-33,36,-4.483682864727362,-4.483736559725301,-4.483994969923035
female,32-33,37,-4.797458197766241,-4.797379446324198,-4.797637856521932
female,32-33,38,-5.143239027550587,-5.142957465145337,-5.1432158753430715
female,32-33,39,-9.210340371976182,-5.143239028243235,-5.143497438440969
female,32-33,40,-9.210340371976182,-5.143239028274946,-5.14349743847268
female,32-33,41,-9.210340371976182,-5.143239028274946,-5.14349743847268
female,32-33,42,-9.210340371976182,-5.143239028274946,-5.14349743847268
female,32-33,43,-9.210340371976182,-5.143239028274946,-5.14349743847268
female,32-33,44,-9.210340371976182,-5.143239028274946,-5.14349743847268
female,32-33,45,-9.210340371976182,-5.143239028274946,-5.14349743847268
female,32-33,46,-9.210340371976182,-5.143239028274946,-5.14349743847268
female,32-33,47,-9.210340371976182,-5.143239028274947,-5.143497438472681
female,32-33,48,-9.210340371976182,-9.210340371976182,-9.210598782173916
female,32-33,49,-9.210340371976182,-9.210340371976182,-9.210598782173916
female,32-33,50,-9.210340371976182,-9.210340371976182,-9.210598782173916
female,32-33,51,-9.210340371976182,-9.210340371976182,-9.210598782173916
female,32-33,52,-9.210340371976182,-9.210340371976182,-9.210598782173916
female,34-35,-52,-9.210340371976182,-9.210340371976182,-9.210588398273961
female,34-35,-51,-9.210340371976182,-9.210340371976182,-9.210588398273961
female,34-35,-50,-9.210340371976182,-9.210340371976182,-9.210588398273961
female,34-35,-49,-9.210340371976182,-9.210340371976182,-9.210588398273961
female,34-35,-48,-9.210340371976182,-9.210340371976182,-9.210588398273961
female,34-35,-47,-9.210340371976182,-9.210340371976182,-9.210588398273961
female,34-35,-46,-9.210340371976182,-9.210340371976182,-9.210588398273961
female,34-35,-45,-9.210340371976182,-9.210340371976182,-9.210588398273961
female,34-35,-44,-9.210340371976182,-9.210340371976182,-9.210588398273961
female,34-35,-43,-9.210340371976182,-9.210340371976182,-9.210588398273961
female,34-35,-42,-9.210340371976182,-9.210340371976182,-9.210588398273961
female,34-35,-41,-9.210340371976182,-9.210340371976182,-9.210588398273961
female,34-35,-40,-9.210340371976182,-9.210340371976182,-9.210588398273961
female,34-35,-39,-9.210340371976182,-9.210340371976182,-9.210588398273961
female,34-35,-38,-9.210340371976182,-9.210340371976182,-9.210588398273961
female,34-35,-37,-9.210340371976182,-9.210340371976182,-9.210588398273961
female,34-35,-36,-9.210340371976182,-9.210340371976182,-9.210588398273961
female,34-35,-35,-9.210340371976182,-9.210340371976182,-9.210588398273961
female,34-35,-34,-9.210340371976182,-9.210340371976182,-9.210588398273961
female,34-35,-33,-9.210340371976182,-9.210340371976182,-9.210588398273961
female,34-35,-32,-9.210340371976182,-9.210340371976182,-9.210588398273961
female,34-35,-31,-9.210340371976182,-9.210340371976182,-9.210588398273961
female,34-35,-30,-9.210340371976182,-9.210340371976182,-9.210588398273961
female,34-35,-29,-9.210340371976182,-9.210340371976182,-9.210588398273961
female,34-35,-28,-9.210340371976182,-9.210340371976182,-9.210588398273961
female,34-35,-27,-9.210340371976182,-9.210340371976182,-9.210588398273961
female,34-35,-26,-9.210340371976182,-6.580075309608168,-6.580323335905948
female,34-35,-25,-9.210340371976182,-6.580075309608168,-6.580323335905948
female,34-35,-24,-9.210340371976182,-6.580075309608168,-6.580323335905948
female,34-35,-23,-9.210340371976182,-6.580075309608168,-6.580323335905948
female,34-35,-22,-9.210340371976182,-6.580075309608168,-6.580323335905948
female,34-35,-21,-9.210340371976182,-6.580075309608168,-6.580323335905948
female,34-35,-20,-9.210340371976182,-6.580075309608168,-6.580323335905948
female,34-35,-19,-9.210340371976182,-6.580075309608168,-6.580323335905948
female,34-35,-18,-9.210340371976182,-6.580075309615487,-6.580323335913267
female,34-35,-17,-6.580075287863473,-6.580140302797045,-6.580388329094825
female,34-35,-16,-6.682913219691432,-6.683071485941408,-6.683319512239188
female,34-35,-15,-7.416670790947688,-7.414502004027556,-7.414750030325336
female,34-35,-14,-5.567896061082659,-5.567201198555443,-5.567449224853223
female,34-35,-13,-4.21455955687052,-4.214686620145238,-4.214934646443018
female,34-35,-12,-3.919658400460293,-3.9196258844084415,-3.9198739107062215
female,34-35,-11,-3.6262547439098447,-3.62597508048183,-3.62622310677961
female,34-35,-10,-2.8871415297618035,-2.8873086410861037,-2.8875566673838837
female,34-35,-9,-2.858839937736026,-2.8584097144721605,-2.8586577407699405
female,34-35,-8,-1.9983211724889036,-1.998435794484057,-1.998683820781837
female,34-35,-7,-1.7581267730086083,-1.7579515191363708,-1.7581995454341508
female,34-35,-6,-1.1736734260325008,-1.173616566529261,-1.173864592827041
female,34-35,-5,-0.6678187348172601,-0.667823959807872,-0.6680719861056519
female,34-35,-4,-0.3199066607415555,-0.3197480049990735,-0.31999603129685344
female,34-35,-3,0.2979946763448123,0.29804435226221476,0.29779632596443484
female,34-35,-2,0.8283998773940682,0.8285038499067577,0.8282558236089779
female,34-35,-1,1.4269778615581699,1.4270375616013917,1.4267895353036117
female,34-35,0,1.961350920786245,1.961181293196612,1.960933266898832
female,34-35,1,1.8852191648339733,1.885215848864293,1.884967822566513
female,34-35,2,1.7762841107277905,1.7762722671793942,1.7760242408816143
female,34-35,3,1.5894330184184426,1.5894580366076208,1.5892100103098408
female,34-35,4,1.4277750373748896,1.427759135387114,1.427511109089334
female,34-35,5,1.164349460838845,1.1643924066796558,1.1641443803818758
female,34-35,6,0.9630016183551032,0.963019064036207,0.9627710377384271
female,34-35,7,0.7464936911589787,0.7465240779757488,0.746276051677969
female,34-35,8,0.5551480532123929,0.5551608010656213,0.5549127747678414
female,34-35,9,0.34918653114178794,0.34922979635675316,0.34898177005897324
female,34-35,10,0.23010480336608866,0.23008650941701897,0.22983848311923907
female,34-35,11,0.013041548343452253,0.01304458503373299,0.012796558735953086
female,34-35,12,-0.2875719839347209,-0.28749609028674816,-0.2877441165845281
female,34-35,13,-0.4395593371762862,-0.4395568221461235,-0.43980484844390344
female,34-35,14,-0.605879211310722,-0.6058533514025165,-0.6061013777002964
female,34-35,15,-0.7095968236847887,-0.7096191374177819,-0.7098671637155618
female,34-35,16,-0.8956447695404773,-0.8956707024559368,-0.8959187287537167
female,34-35,17,-1.2291527602504682,-1.2290613148136333,-1.2293093411114133
female,34-35,18,-1.365962197978766,-1.3659636800381305,-1.3662117063359105
female,34-35,19,-1.5283021422869507,-1.528347237258694,-1.528595263556474
female,34-35,20,-1.904262483609376,-1.9041140550304796,-1.9043620813282596
female,34-35,21,-1.9208587347308859,-1.9209138729569466,-1.9211618992547266
female,34-35,22,-2.1212485531021716,-2.1212425614372004,-2.1214905877349803
female,34-35,23,-2.3461665326872034,-2.3461938636379323,-2.3464418899357122
female,34-35,24,-2.7433983680578775,-2.743169561855141,-2.743417588152921
female,34-35,25,-2.5672302067016113,-2.5673867156128822,-2.567634741910662
female,34-35,26,-2.9404220836574533,-2.9402290116045817,-2.9404770379023617
female,34-35,27,-2.8207017059760355,-2.820793210862918,-2.821041237160698
female,34-35,28,-2.9933898142875335,-2.993409038106401,-2.993657064404181
female,34-35,29,-3.291572328277431,-3.291524420828293,-3.291772447126073
female,34-35,30,-3.545106934011385,-3.54509089105109,-3.54533891734887
female,34-35,31,-3.8558396546014384,-3.8555486672823176,-3.8557966935800976
female,34-35,32,-3.4448500985295256,-3.4448446781656714,-3.4450927044634514
female,34-35,33,-3.1172441339436667,-3.1174481194741714,-3.1176961457719514
female,34-35,34,-3.518360456675335,-3.51844956499018,-3.51869759128796
female,34-35,35,-5.145425533732619,-5.143844055679208,-5.144092081976988
female,34-35,36,-4.429764581601815,-4.4301095615490595,-4.4303575878468395
female,34-35,37,-9.210340371976182,-4.429764581757611,-4.4300126080553905
female,34-35,38,-9.210340371976182,-4.42976458171877,-4.43001260801655
female,34-35,39,-9.210340371976182,-4.429764581718769,-4.430012608016549
female,34-35,40,-9.210340371976182,-4.429764581718769,-4.430012608016549
female,34-35,41,-9.210340371976182,-4.429764581718769,-4.430012608016549
female,34-35,42,-9.210340371976182,-4.429764581718769,-4.430012608016549
female,34-35,43,-9.210340371976182,-4.429764581718769,-4.430012608016549
female,34-35,44,-9.210340371976182,-4.42976458171877,-4.43001260801655
female,34-35,45,-9.210340371976182,-4.429764581718769,-4.430012608016549
female,34-35,46,-9.210340371976182,-9.210340371976182,-9.210588398273961
female,34-35,47,-9.210340371976182,-9.210340371976182,-9.210588398273961
female,34-35,48,-9.210340371976182,-9.210340371976182,-9.210588398273961
female,34-35,49,-9.210340371976182,-9.210340371976182,-9.210588398273961
female,34-35,50,-9.210340371976182,-9.210340371976182,-9.210588398273961
female,34-35,51,-9.210340371976182,-9.210340371976182,-9.210588398273961
female,34-35,52,-9.210340371976182,-9.210340371976182,-9.210588398273961
female,36-37,-52,-9.210340371976182,-9.210340371976182,-9.21055106786835
female,36-37,-51,-9.210340371976182,-9.210340371976182,-9.21055106786835
female,36-37,-50,-9.210340371976182,-9.210340371976182,-9.21055106786835
female,36-37,-49,-9.210340371976182,-9.210340371976182,-9.21055106786835
female,36-37,-48,-9.210340371976182,-9.210340371976182,-9.21055106786835
female,36-37,-47,-9.210340371976182,-9.210340371976182,-9.21055106786835
female,36-37,-46,-9.210340371976182,-9.210340371976182,-9.21055106786835
female,36-37,-45,-9.210340371976182,-9.210340371976182,-9.21055106786835
female,36-37,-44,-9.210340371976182,-9.210340371976182,-9.21055106786835
female,36-37,-43,-9.210340371976182,-9.210340371976182,-9.21055106786835
female,36-37,-42,-9.210340371976182,-9.210340371976182,-9.21055106786835
female,36-37,-41,-9.210340371976182,-9.210340371976182,-9.21055106786835
female,36-37,-40,-9.210340371976182,-9.210340371976182,-9.21055106786835
female,36-37,-39,-9.210340371976182,-9.210340371976182,-9.21055106786835
female,36-37,-38,-9.210340371976182,-9.210340371976182,-9.21055106786835
female,36-37,-37,-9.210340371976182,-9.210340371976182,-9.21055106786835
female,36-37,-36,-9.210340371976182,-9.210340371976182,-9.21055106786835
female,36-37,-35,-9.210340371976182,-9.210340371976182,-9.21055106786835
female,36-37,-34,-9.210340371976182,-9.210340371976182,-9.21055106786835
female,36-37,-33,-9.210340371976182,-9.210340371976182,-9.21055106786835
female,36-37,-32,-9.210340371976182,-9.210340371976182,-9.21055106786835
female,36-37,-31,-9.210340371976182,-9.210340371976182,-9.21055106786835
female,36-37,-30,-9.210340371976182,-9.210340371976182,-9.21055106786835
female,36-37,-29,-9.210340371976182,-9.210340371976182,-9.21055106786835
female,36-37,-28,-9.210340371976182,-4.891300577268876,-4.8915112731610435
female,36-37,-27,-9.210340371976182,-4.891300577268876,-4.8915112731610435
female,36-37,-26,-9.210340371976182,-4.891300577268876,-4.8915112731610435
female,36-37,-25,-9.210340371976182,-4.891300577268876,-4.8915112731610435
female,36-37,-24,-9.210340371976182,-4.891300577268876,-4.8915112731610435
female,36-37,-23,-9.210340371976182,-4.891300577268876,-4.8915112731610435
female,36-37,-22,-9.210340371976182,-4.891300577268876,-4.8915112731610435
female,36-37,-21,-9.210340371976182,-4.891300577268876,-4.8915112731610435
female,36-37,-20,-9.210340371976182,-4.891300577321293,-4.891511273213461
female,36-37,-19,-4.891300556200397,-4.8917661587443035,-4.8919768546364715
female,36-37,-18,-6.049530131678306,-6.0493540536590595,-6.0495647495512275
female,36-37,-17,-6.844772819127099,-6.844270207404333,-6.844480903296501
female,36-37,-16,-6.587304455284875,-6.586268301051687,-6.586478996943855
female,36-37,-15,-5.133127184433261,-5.133161822113124,-5.133372518005292
female,36-37,-14,-4.639689834185992,-4.639584782616876,-4.639795478509044
female,36-37,-13,-4.117411610523166,-4.117340512809317,-4.117551208701485
female,36-37,-12,-3.6349621524170534,-3.6349233226369764,-3.635134018529144
female,36-37,-11,-3.2209826390990997,-3.220845591664773,-3.2210562875569404
female,36-37,-10,-2.6411722798647856,-2.641092171546603,-2.6413028674387706
female,36-37,-9,-2.0915283197616383,-2.091473003103367,-2.0916836989955345
female,36-37,-8,-1.592169058921003,-1.5921503254529084,-1.592361021345076
female,36-37,-7,-1.195093768652801,-1.195044949899783,-1.1952556457919508
female,36-37,-6,-0.7824938721137847,-0.7824218547986823,-0.7826325506908499
female,36-37,-5,-0.29750028234166964,-0.29748025268519074,-0.29769094857735834
female,36-37,-4,0.11765428737386144,0.11768296406318778,0.11747226817102015
female,36-37,-3,0.516804764829023,0.5168658475960698,0.5166551517039022
female,36-37,-2,0.96859840417004,0.9686854425892468,0.9684747466970792
female,36-37,-1,1.492391253328785,1.4924489571272856,1.492238261235118
female,36-37,0,2.0014321163307502,2.0012821216626677,2.0010714257705002
female,36-37,1,1.9886095180103553,1.9885563024242068,1.988345606532039
female,36-37,2,1.7902083935065785,1.7902299739672873,1.7900192780751196
female,36-37,3,1.6093025961079315,1.6093151962915258,1.609104500399358
female,36-37,4,1.424718861654075,1.4247384234345821,1.4245277275424144
female,36-37,5,1.244721099510591,1.2447401504769378,1.24452945458477
female,36-37,6,1.070415365996191,1.0704038720517464,1.0701931761595787
female,36-37,7,0.7965816819174515,0.7966454976835211,0.7964348017913535
female,36-37,8,0.6437987354960861,0.6438037309253085,0.6435930350331409
female,36-37,9,0.46515218388962726,0.4651959863572291,0.4649852904650615
female,36-37,10,0.3821989237009846,0.38215515935636635,0.38194446346419875
female,36-37,11,0.13480400124671232,0.13481214072503478,0.13460144483286715
female,36-37,12,-0.1538201972143922,-0.15378106049364987,-0.1539917563858175
female,36-37,13,-0.386169274685977,-0.38609424281662835,-0.38630493870879595
female,36-37,14,-0.4151404179843113,-0.41519801409324397,-0.4154087099854116
female,36-37,15,-0.6436564537613297,-0.643598162984516,-0.6438088588766836
female,36-37,16,-0.7338605700032865,-0.7339211470017584,-0.734131842893926
female,36-37,17,-1.055624257627494,-1.0555483875653064,-1.0557590834574742
female,36-37,18,-1.2250490640552776,-1.2250775681095718,-1.2252882640017395
female,36-37,19,-1.5433318393474336,-1.5432273972260213,-1.543438093118189
female,36-37,20,-1.6114978341607713,-1.6115046203504815,-1.6117153162426492
female,36-37,21,-1.7054065267685983,-1.7054472904091622,-1.70565798630133
female,36-37,22,-1.9501448195675417,-1.9501429357160622,-1.95035363160823
female,36-37,23,-2.254097862292841,-2.2539797951614826,-2.25419049105365
female,36-37,24,-2.2471088271542925,-2.247190736854314,-2.2474014327464813
female,36-37,25,-2.5332201387777094,-2.533182031195401,-2.5333927270875685
female,36-37,26,-2.806901985257786,-2.8068078718791423,-2.8070185677713098
female,36-37,27,-2.8509506084035183,-2.85092062821356,-2.8511313241057277
female,36-37,28,-2.8069613481423126,-2.8070602169134427,-2.80727091280561
female,36-37,29,-3.1129285009150176,-3.1127370154319944,-3.112947711324162
female,36-37,30,-2.9275048693886063,-2.927680785607629,-2.9278914814997963
female,36-37,31,-3.3789390248393816,-3.37885411398843,-3.3790648098805973
female,36-37,32,-3.8257295919616503,-3.825154890093992,-3.8253655859861593
female,36-37,33,-3.0570163236051746,-3.057238308404221,-3.0574490042963887
female,36-37,34,-3.304634776800296,-3.3044479071250032,-3.3046586030171707
female,36-37,35,-9.210340371976182,-3.3046347763583097,-3.304845472250477
female,36-37,36,-9.210340371976182,-3.304634776379355,-3.3048454722715226
female,36-37,37,-9.210340371976182,-3.304634776379355,-3.3048454722715226
female,36-37,38,-9.210340371976182,-3.304634776379355,-3.3048454722715226
female,36-37,39,-9.210340371976182,-3.304634776379355,-3.3048454722715226
female,36-37,40,-9.210340371976182,-3.304634776379355,-3.3048454722715226
female,36-37,41,-9.210340371976182,-3.304634776379355,-3.3048454722715226
female,36-37,42,-9.210340371976182,-3.304634776379355,-3.3048454722715226
female,36-37,43,-9.210340371976182,-3.304634776379355,-3.3048454722715226
female,36-37,44,-9.210340371976182,-9.210340371976182,-9.21055106786835
female,36-37,45,-9.210340371976182,-9.210340371976182,-9.21055106786835
female,36-37,46,-9.210340371976182,-9.210340371976182,-9.21055106786835
female,36-37,47,-9.210340371976182,-9.210340371976182,-9.21055106786835
female,36-37,48,-9.210340371976182,-9.210340371976182,-9.21055106786835
female,36-37,49,-9.210340371976182,-9.210340371976182,-9.21055106786835
female,36-37,50,-9.210340371976182,-9.210340371976182,-9.21055106786835
female,36-37,51,-9.210340371976182,-9.210340371976182,-9.21055106786835
female,36-37,52,-9.210340371976182,-9.210340371976182,-9.21055106786835
female,38-39,-52,-9.210340371976182,-9.210340371976182,-9.210512418048088
female,38-39,-51,-9.210340371976182,-9.210340371976182,-9.210512418048088
female,38-39,-50,-9.210340371976182,-9.210340371976182,-9.210512418048088
female,38-39,-49,-9.210340371976182,-9.210340371976182,-9.210512418048088
female,38-39,-48,-9.210340371976182,-9.210340371976182,-9.210512418048088
female,38-39,-47,-9.210340371976182,-9.210340371976182,-9.210512418048088
female,38-39,-46,-9.210340371976182,-9.210340371976182,-9.210512418048088
female,38-39,-45,-9.210340371976182,-9.210340371976182,-9.210512418048088
female,38-39,-44,-9.210340371976182,-9.210340371976182,-9.210512418048088
female,38-39,-43,-9.210340371976182,-9.210340371976182,-9.210512418048088
female,38-39,-42,-9.210340371976182,-9.210340371976182,-9.210512418048088
female,38-39,-41,-9.210340371976182,-9.210340371976182,-9.210512418048088
female,38-39,-40,-9.210340371976182,-9.210340371976182,-9.210512418048088
female,38-39,-39,-9.210340371976182,-9.210340371976182,-9.210512418048088
female,38-39,-38,-9.210340371976182,-9.210340371976182,-9.210512418048088
female,38-39,-37,-9.210340371976182,-9.210340371976182,-9.210512418048088
female,38-39,-36,-9.210340371976182,-9.210340371976182,-9.210512418048088
female,38-39,-35,-9.210340371976182,-9.210340371976182,-9.210512418048088
female,38-39,-34,-9.210340371976182,-9.210340371976182,-9.210512418048088
female,38-39,-33,-9.210340371976182,-9.210340371976182,-9.210512418048088
female,38-39,-32,-9.210340371976182,-9.210340371976182,-9.210512418048088
female,38-39,-31,-9.210340371976182,-9.210340371976182,-9.210512418048088
female,38-39,-30,-9.210340371976182,-9.210340371976182,-9.210512418048088
female,38-39,-29,-9.210340371976182,-9.210340371976182,-9.210512418048088
female,38-39,-28,-9.210340371976182,-9.210340371976182,-9.210512418048088
female,38-39,-27,-9.210340371976182,-9.210340371976182,-9.210512418048088
female,38-39,-26,-9.210340371976182,-9.210340371976182,-9.210512418048088
female,38-39,-25,-9.210340371976182,-9.210340371976182,-9.210512418048088
female,38-39,-24,-9.210340371976182,-9.210340371976182,-9.210512418048088
female,38-39,-23,-9.210340371976182,-9.210340371976182,-9.210512418048088
female,38-39,-22,-9.210340371976182,-9.210340371976182,-9.210512418048088
female,38-39,-21,-9.210340371976182,-9.210340371976182,-9.210512418048088
female,38-39,-20,-6.2194556344410845,-6.2194222099363765,-6.219594256008283
female,38-39,-19,-5.760763624686287,-5.7602136117990925,-5.760385657870999
female,38-39,-18,-4.666518154530133,-4.666890002676507,-4.667062048748414
female,38-39,-17,-5.265458729209665,-5.264989231188664,-5.26516127726057
female,38-39,-16,-4.814818608484406,-4.814524185070018,-4.814696231141924
female,38-39,-15,-4.017790977026978,-4.017820767558455,-4.017992813630362
female,38-39,-14,-3.6425019528102234,-3.6425207302439584,-3.6426927763158647
female,38-39,-13,-3.4109096703770847,-3.4108280372674,-3.411000083339306
female,38-39,-12,-3.0267652664453553,-3.026597724280847,-3.0267697703527534
female,38-39,-11,-2.4011459905332284,-2.4011712641632674,-2.401343310235174
female,38-39,-10,-2.040696206869348,-2.040696850526419,-2.0408688965983255
female,38-39,-9,-1.760349573913728,-1.7601448913061772,-1.7603169373780838
female,38-39,-8,-1.1154490171364184,-1.115492826214629,-1.1156648722865357
female,38-39,-7,-0.7791931117129911,-0.7791162626470389,-0.7792883087189454
female,38-39,-6,-0.3249001713471282,-0.3249101180362983,-0.32508216410820484
female,38-39,-5,0.003628304423559385,0.0036371194659398517,0.003465073394033339
female,38-39,-4,0.29953310553230594,0.2996073412111536,0.2994352951392471
female,38-39,-3,0.7184332426364453,0.7184688960458601,0.7182968499739536
female,38-39,-2,1.1303792543131492,1.1304196289293418,1.1302475828574352
female,38-39,-1,1.5442259525310311,1.5443127024979488,1.5441406564260423
female,38-39,0,2.0384857975204045,2.038323703373626,2.0381516573017198
female,38-39,1,1.9529695531339488,1.952958805513734,1.9527867594418273
female,38-39,2,1.811398111867447,1.8114187209977768,1.8112466749258702
female,38-39,3,1.695073732892587,1.6950587434050801,1.6948866973331735
female,38-39,4,1.4870827436006075,1.4871080058145194,1.4869359597426128
female,38-39,5,1.2955954895707906,1.2956122064623368,1.2954401603904302
female,38-39,6,1.0970300461510374,1.097041563214289,1.0968695171423823
female,38-39,7,0.864266781904329,0.8643342123650455,0.864162166293139
female,38-39,8,0.7760022182995308,0.7759738134617391,0.7758017673898326
female,38-39,9,0.5714439120821595,0.5714584188924089,0.5712863728205024
female,38-39,10,0.36756372810698146,0.3675693705071755,0.36739732443526896
female,38-39,11,0.13803403890331983,0.13806257077931897,0.13789052470741245
female,38-39,12,-0.04464103054148628,-0.04462410973407502,-0.04479615580598153
female,38-39,13,-0.21288947435411212,-0.21291638720016365,-0.21308843327207017
female,38-39,14,-0.5256400176854826,-0.5255566291621437,-0.5257286752340502
female,38-39,15,-0.6529455205368878,-0.6529444682788821,-0.6531165143507885
female,38-39,16,-0.802680125808676,-0.8026679995920796,-0.802840045663986
female,38-39,17,-0.9444733905070226,-0.9445143720437553,-0.9446864181156618
female,38-39,18,-1.2746920449794936,-1.2745684489826423,-1.274740495054549
female,38-39,19,-1.3031094805670678,-1.3031472107738769,-1.3033192568457834
female,38-39,20,-1.4597297811332814,-1.459805155193216,-1.4599772012651226
female,38-39,21,-1.9494290856942769,-1.9491913942272738,-1.9493634402991804
female,38-39,22,-1.8631202059474552,-1.86319290484158,-1.8633649509134866
female,38-39,23,-2.0204323387271503,-2.0204399950882497,-2.020612041160156
female,38-39,24,-2.258216658054902,-2.258090658488456,-2.2582627045603623
female,38-39,25,-2.1642564358368883,-2.1644520446230655,-2.164624090694972
female,38-39,26,-2.8939707038075366,-2.8935778511199493,-2.8937498971918556
female,38-39,27,-2.847249447659856,-2.8472910804222598,-2.847463126494166
female,38-39,28,-2.9363374914767584,-2.9363117011553115,-2.936483747227218
female,38-39,29,-2.964059160338698,-2.9641217851011445,-2.964293831173051
female,38-39,30,-3.2276402253955943,-3.22745154105434,-3.227623587126246
female,38-39,31,-3.005258466869647,-3.005435580811238,-3.0056076268831444
female,38-39,32,-4.0369384929294965,-4.035750019702735,-4.035922065774641
female,38-39,33,-9.210340371976182,-4.036936808356281,-4.037108854428188
female,38-39,34,-9.210340371976182,-4.036936808490004,-4.03710885456191
female,38-39,35,-9.210340371976182,-4.036936808490004,-4.03710885456191
female,38-39,36,-9.210340371976182,-4.036936808490004,-4.03710885456191
female,38-39,37,-9.210340371976182,-4.036936808490004,-4.03710885456191
female,38-39,38,-9.210340371976182,-4.036936808490004,-4.03710885456191
female,38-39,39,-9.210340371976182,-4.036936808490004,-4.03710885456191
female,38-39,40,-9.210340371976182,-4.036936808490004,-4.03710885456191
female,38-39,41,-9.210340371976182,-4.036936808490004,-4.03710885456191
female,38-39,42,-9.210340371976182,-9.210340371976182,-9.210512418048088
female,38-39,43,-9.210340371976182,-9.210340371976182,-9.210512418048088
female,38-39,44,-9.210340371976182,-9.210340371976182,-9.210512418048088
female,38-39,45,-9.210340371976182,-9.210340371976182,-9.210512418048088
female,38-39,46,-9.210340371976182,-9.210340371976182,-9.210512418048088
female,38-39,47,-9.210340371976182,-9.210340371976182,-9.210512418048088
female,38-39,48,-9.210340371976182,-9.210340371976182,-9.210512418048088
female,38-39,49,-9.210340371976182,-9.210340371976182,-9.210512418048088
female,38-39,50,-9.210340371976182,-9.210340371976182,-9.210512418048088
female,38-39,51,-9.210340371976182,-9.210340371976182,-9.210512418048088
female,38-39,52,-9.210340371976182,-9.210340371976182,-9.210512418048088
female,40-42,-52,-9.210340371976182,-9.210340371976182,-9.20997871338339
female,40-42,-51,-9.210340371976182,-9.210340371976182,-9.20997871338339
female,40-42,-50,-9.210340371976182,-9.210340371976182,-9.20997871338339
female,40-42,-49,-9.210340371976182,-9.210340371976182,-9.20997871338339
female,40-42,-48,-9.210340371976182,-9.210340371976182,-9.20997871338339
female,40-42,-47,-9.210340371976182,-9.210340371976182,-9.20997871338339
female,40-42,-46,-9.210340371976182,-9.210340371976182,-9.20997871338339
female,40-42,-45,-9.210340371976182,-9.210340371976182,-9.20997871338339
female,40-42,-44,-9.210340371976182,-9.210340371976182,-9.20997871338339
female,40-42,-43,-9.210340371976182,-5.988632584774539,-5.988270926181747
female,40-42,-42,-9.210340371976182,-5.988632584776282,-5.98827092618349
female,40-42,-41,-9.210340371976182,-5.988632584776282,-5.98827092618349
female,40-42,-40,-9.210340371976182,-5.988632584776282,-5.98827092618349
female,40-42,-39,-9.210340371976182,-5.988632584776282,-5.98827092618349
female,40-42,-38,-9.210340371976182,-5.988632584776282,-5.98827092618349
female,40-42,-37,-9.210340371976182,-5.988632584776282,-5.98827092618349
female,40-42,-36,-9.210340371976182,-5.9886325847762825,-5.988270926183491
female,40-42,-35,-9.210340371976182,-5.988632584776282,-5.98827092618349
female,40-42,-34,-9.210340371976182,-5.988632584776282,-5.98827092618349
female,40-42,-33,-9.210340371976182,-5.988632584776282,-5.98827092618349
female,40-42,-32,-9.210340371976182,-5.988632584776285,-5.988270926183493
female,40-42,-31,-9.210340371976182,-5.988632584776466,-5.988270926183675
female,40-42,-30,-9.210340371976182,-5.988632584786342,-5.98827092619355
female,40-42,-29,-9.210340371976182,-5.988632585325523,-5.988270926732731
female,40-42,-28,-9.210340371976182,-5.988632614763833,-5.988270956171041
female,40-42,-27,-9.210340371976182,-5.988634222039741,-5.988272563446949
female,40-42,-26,-9.210340371976182,-5.988721972369103,-5.988360313776312
female,40-42,-25,-9.210340371976182,-5.993501204247169,-5.993139545654377
female,40-42,-24,-5.988634858511806,-6.224282425601048,-6.223920767008257
female,40-42,-23,-9.210340371976182,-7.272601025520516,-7.2722393669277245
female,40-42,-22,-5.676901721693686,-5.819140022785657,-5.818778364192865
female,40-42,-21,-6.478959699958582,-6.107476935876304,-6.107115277283512
female,40-42,-20,-5.09868991443354,-5.167321739303712,-5.16696008071092
female,40-42,-19,-4.985752458597434,-4.932378952914784,-4.932017294321993
female,40-42,-18,-4.506059497612051,-4.474053386213163,-4.473691727620372
female,40-42,-17,-3.9860716725325824,-3.988135277510719,-3.9877736189179274
female,40-42,-16,-3.6549199961377723,-3.6227084654950734,-3.6223468069022817
female,40-42,-15,-3.177881759024749,-3.1907157393066297,-3.190354080713838
female,40-42,-14,-2.928272543328504,-2.913590286538401,-2.9132286279456094
female,40-42,-13,-2.599494450684915,-2.5723223859436066,-2.571960727350815
female,40-42,-12,-2.144836798171973,-2.1508917418454545,-2.150530083252663
female,40-42,-11,-1.8515071057258397,-1.8081054509637464,-1.8077437923709545
female,40-42,-10,-1.3084077549363504,-1.33542943403187,-1.335067775439078
female,40-42,-9,-1.1181726198803685,-1.0989737147486285,-1.0986120561558366
female,40-42,-8,-0.7830649364585976,-0.7627449298086144,-0.7623832712158225
female,40-42,-7,-0.35552670995560354,-0.37950629342048764,-0.3791446348276957
female,40-42,-6,-0.20680663231314225,-0.16764603597571884,-0.16728437738292692
female,40-42,-5,0.2367865629213229,0.2325891445137211,0.232950803106513
female,40-42,-4,0.5509518992408438,0.5607872054256603,0.5611488640184522
female,40-42,-3,0.8899529143741931,0.8954507140490355,0.8958123726418274
female,40-42,-2,1.197240851718366,1.2203248032070637,1.2206864617998556
female,40-42,-1,1.6071455441174112,1.622978617138777,1.623340275731569
female,40-42,0,2.0242291355327695,1.9797925124106557,1.9801541710034476
female,40-42,1,1.9660559469974226,1.9615278362424058,1.9618894948351977
female,40-42,2,1.8512076648492468,1.847369721178567,1.8477313797713588
female,40-42,3,1.6686119790377962,1.67705126084294,1.677412919435732
female,40-42,4,1.52434721988456,1.530758003978272,1.531119662571064
female,40-42,5,1.4111256584034317,1.40507708218004,1.405438740772832
female,40-42,6,1.2049674835360777,1.2145771000542325,1.2149387586470244
female,40-42,7,1.0494722904181373,1.0449518215500484,1.0453134801428403
female,40-42,8,0.8218915181640762,0.8254601702461659,0.8258218288389578
female,40-42,9,0.5818664737574823,0.5971661607551997,0.5975278193479916
female,40-42,10,0.4493395044720334,0.44204190195945287,0.4424035605522448
female,40-42,11,0.2132285817864427,0.22184770500961154,0.22220936360240345
female,40-42,12,0.005115346535452987,0.010553579088915884,0.010915237681707794
female,40-42,13,-0.19390647265206692,-0.1796784251869473,-0.17931676659415538
female,40-42,14,-0.28547283721559163,-0.30362584726383485,-0.30326418867104293
female,40-42,15,-0.5946674285952627,-0.5685655283994445,-0.5682038698066526
female,40-42,16,-0.7156458108783865,-0.7246504239582224,-0.7242887653654305
female,40-42,17,-0.9529107794708201,-0.9324750651298137,-0.9321134065370218
female,40-42,18,-1.0253201428895078,-1.0435559580897862,-1.0431942994969943
female,40-42,19,-1.3049677109610671,-1.2727286510963667,-1.2723669925035748
female,40-42,20,-1.3221023494388737,-1.350927323342976,-1.350565664750184
female,40-42,21,-1.6722387372746002,-1.638499969861058,-1.6381383112682661
female,40-42,22,-1.7981438173727167,-1.7747128436629918,-1.7743511850701998
female,40-42,23,-1.7149494580142477,-1.758448915505726,-1.758087256912934
female,40-42,24,-2.1162748304224466,-2.1055321913274128,-2.105170532734621
female,40-42,25,-2.6959958748588457,-2.52420364955444,-2.5238419909616483
female,40-42,26,-2.0142275172990503,-2.1274298243357426,-2.127068165742951
female,40-42,27,-2.7238561610375815,-2.619110764635359,-2.6187491060425674
female,40-42,28,-2.7708048885572483,-2.792793350606247,-2.792431692013455
female,40-42,29,-3.244477333165139,-3.123474942101652,-3.1231132835088604
female,40-42,30,-2.7899082743720425,-2.8689154824650114,-2.8685538238722197
female,40-42,31,-9.210340371976182,-2.7916580249105087,-2.791296366317717
female,40-42,32,-9.210340371976182,-2.7899381946901762,-2.7895765360973845
female,40-42,33,-9.210340371976182,-2.789906570846703,-2.7895449122539113
female,40-42,34,-9.210340371976182,-2.789905991594027,-2.7895443330012353
female,40-42,35,-9.210340371976182,-2.7899059809846305,-2.789544322391839
female,40-42,36,-9.210340371976182,-2.789905980790312,-2.7895443221975205
female,40-42,37,-9.210340371976182,-2.7899059807867532,-2.7895443221939615
female,40-42,38,-9.210340371976182,-2.7899059807866884,-2.7895443221938967
female,40-42,39,-9.210340371976182,-2.789905980786687,-2.7895443221938954
female,40-42,40,-9.210340371976182,-2.789905980786687,-2.7895443221938954
female,40-42,41,-9.210340371976182,-2.789905980786687,-2.7895443221938954
female,40-42,42,-9.210340371976182,-2.789905980786687,-2.7895443221938954
female,40-42,43,-9.210340371976182,-2.789905980786687,-2.7895443221938954
female,40-42,44,-9.210340371976182,-2.789905980786687,-2.7895443221938954
female,40-42,45,-9.210340371976182,-2.789905980786687,-2.7895443221938954
female,40-42,46,-9.210340371976182,-2.789905980786687,-2.7895443221938954
female,40-42,47,-9.210340371976182,-2.789905980786687,-2.7895443221938954
female,40-42,48,-9.210340371976182,-2.789905980786687,-2.7895443221938954
female,40-42,49,-9.210340371976182,-2.7899059807864637,-2.789544322193672
female,40-42,50,-9.210340371976182,-9.210340371976182,-9.20997871338339
female,40-42,51,-9.210340371976182,-9.210340371976182,-9.20997871338339
female,40-42,52,-9.210340371976182,-9.210340371976182,-9.20997871338339
female,43-45,-52,-9.210340371976182,-9.210340371976182,-9.210385101178595
female,43-45,-51,-9.210340371976182,-9.210340371976182,-9.210385101178595
female,43-45,-50,-9.210340371976182,-9.210340371976182,-9.210385101178595
female,43-45,-49,-9.210340371976182,-9.210340371976182,-9.210385101178595
female,43-45,-48,-9.210340371976182,-9.210340371976182,-9.210385101178595
female,43-45,-47,-9.210340371976182,-9.210340371976182,-9.210385101178595
female,43-45,-46,-9.210340371976182,-9.210340371976182,-9.210385101178595
female,43-45,-45,-9.210340371976182,-9.210340371976182,-9.210385101178595
female,43-45,-44,-9.210340371976182,-9.210340371976182,-9.210385101178595
female,43-45,-43,-9.210340371976182,-9.210340371976182,-9.210385101178595
female,43-45,-42,-9.210340371976182,-9.210340371976182,-9.210385101178595
female,43-45,-41,-9.210340371976182,-9.210340371976182,-9.210385101178595
female,43-45,-40,-9.210340371976182,-9.210340371976182,-9.210385101178595
female,43-45,-39,-9.210340371976182,-9.210340371976182,-9.210385101178595
female,43-45,-38,-9.210340371976182,-9.210340371976182,-9.210385101178595
female,43-45,-37,-9.210340371976182,-9.210340371976182,-9.210385101178595
female,43-45,-36,-9.210340371976182,-5.530733949769124,-5.530778678971537
female,43-45,-35,-9.210340371976182,-5.530733949769124,-5.530778678971537
female,43-45,-34,-9.210340371976182,-5.530733949769124,-5.530778678971537
female,43-45,-33,-9.210340371976182,-5.530733949769124,-5.530778678971537
female,43-45,-32,-9.210340371976182,-5.530733949769124,-5.530778678971537
female,43-45,-31,-9.210340371976182,-5.530733949769124,-5.530778678971537
female,43-45,-30,-9.210340371976182,-5.530733949769124,-5.530778678971537
female,43-45,-29,-9.210340371976182,-5.530733949769124,-5.530778678971537
female,43-45,-28,-9.210340371976182,-5.5307339497473516,-5.530778678949765
female,43-45,-27,-5.530733932332861,-5.530540624294521,-5.530585353496934
female,43-45,-26,-5.276929310919295,-5.276992655001679,-5.277037384204092
female,43-45,-25,-5.327882386873406,-5.328022499060283,-5.328067228262696
female,43-45,-24,-5.932253213255878,-5.931927529625027,-5.93197225882744
female,43-45,-23,-5.802845468606066,-5.802519747036893,-5.802564476239306
female,43-45,-22,-5.065042648086258,-5.064793384064773,-5.064838113267186
female,43-45,-21,-4.246758821462245,-4.247049959004078,-4.247094688206491
female,43-45,-20,-4.617180410017869,-4.6166942744832316,-4.616739003685645
female,43-45,-19,-3.912202902443261,-3.912390660187814,-3.9124353893902275
female,43-45,-18,-3.9569679355860075,-3.956669698918163,-3.9567144281205766
female,43-45,-17,-3.323602935025789,-3.3236494768040865,-3.3236942060065
female,43-45,-16,-3.0067892234724836,-3.0068101401239393,-3.006854869326353
female,43-45,-15,-2.7973521029539072,-2.7971799853464687,-2.797224714548882
female,43-45,-14,-2.23730857605456,-2.237456268164394,-2.2375009973668076
female,43-45,-13,-2.2238314796247622,-2.2236143055377715,-2.223659034740185
female,43-45,-12,-1.6795378589794152,-1.6795976204691392,-1.6796423496715525
female,43-45,-11,-1.416671278367905,-1.4165438232388814,-1.4165885524412947
female,43-45,-10,-0.9024216392634561,-0.9024592439101828,-0.9025039731125962
female,43-45,-9,-0.6095119591594422,-0.6095072946706658,-0.6095520238730792
female,43-45,-8,-0.34338540620585484,-0.3433578478659694,-0.3434025770683828
female,43-45,-7,-0.0379472393647344,-0.037947405215488256,-0.037992134417901634
female,43-45,-6,0.2230118415305934,0.22302495810125308,0.2229802288988397
female,43-45,-5,0.4741398617029065,0.4741535782188717,0.47410884901645833
female,43-45,-4,0.7188158169324422,0.7188436795145039,0.7187989503120905
female,43-45,-3,0.9957170528675588,0.9957347997179903,0.9956900705155769
female,43-45,-2,1.2755989121866536,1.275661672311905,1.2756169431094917
female,43-45,-1,1.6555352743772143,1.6555828075923358,1.6555380783899225
female,43-45,0,2.04989944440334,2.0497604298485337,2.04971570064612
female,43-45,1,1.9643880328329708,1.9644022979939701,1.9643575687915569
female,43-45,2,1.9096864113341838,1.9096540510864448,1.9096093218840315
female,43-45,3,1.73609109436054,1.736111904369495,1.7360671751670818
female,43-45,4,1.5938541909363508,1.5938525077173358,1.5938077785149225
female,43-45,5,1.4284145110802617,1.4284193752894958,1.4283746460870825
female,43-45,6,1.2550077146588698,1.2549994274240663,1.254954698221653
female,43-45,7,1.0191210179019465,1.019159933204558,1.0191152040021447
female,43-45,8,0.859314993033088,0.859310574521779,0.8592658453193656
female,43-45,9,0.6507925831473319,0.6508074510206785,0.6507627218182651
female,43-45,10,0.4436797445901645,0.44371495473977796,0.44367022553736457
female,43-45,11,0.308040160158691,0.30801067119445613,0.30796594199204275
female,43-45,12,0.04072718166041169,0.040801008166218775,0.0407562789638054
female,43-45,13,-0.04922029773583017,-0.04925379727066167,-0.04929852647307505
female,43-45,14,-0.26255112817643894,-0.2625265397691789,-0.2625712689715923
female,43-45,15,-0.43542240336883303,-0.43545309613346955,-0.43549782533588294
female,43-45,16,-0.7600064224451497,-0.7599186918971005,-0.7599634210995139
female,43-45,17,-0.8931048081533747,-0.8930728278879334,-0.8931175570903468
female,43-45,18,-0.9447690967027592,-0.9448057635785423,-0.9448504927809557
female,43-45,19,-1.1301939711432674,-1.1301682750731883,-1.1302130042756016
female,43-45,20,-1.278572129585764,-1.2785293550361267,-1.27857408423854
female,43-45,21,-1.3198055308721381,-1.3199416119620027,-1.319986341164416
female,43-45,22,-1.9641038682949719,-1.9637375372310975,-1.9637822664335107
female,43-45,23,-1.8281890817409403,-1.8281927975627497,-1.828237526765163
female,43-45,24,-1.7069190548396818,-1.7071060438675425,-1.7071507730699558
female,43-45,25,-2.3133515211022626,-2.3130555735694975,-2.313100302771911
female,43-45,26,-2.2886306007919814,-2.2886462094327693,-2.288690938635183
female,43-45,27,-2.3087955920396355,-2.3087822325896146,-2.308826961792028
female,43-45,28,-9.210340371976182,-2.308795590564691,-2.3088403197671044
female,43-45,29,-9.210340371976182,-2.308795590566195,-2.3088403197686085
female,43-45,30,-9.210340371976182,-2.308795590566195,-2.3088403197686085
female,43-45,31,-9.210340371976182,-2.3087955905661954,-2.308840319768609
female,43-45,32,-9.210340371976182,-2.308795590566195,-2.3088403197686085
female,43-45,33,-9.210340371976182,-2.3087955905661954,-2.308840319768609
female,43-45,34,-9.210340371976182,-2.3087955905661954,-2.308840319768609
female,43-45,35,-9.210340371976182,-2.308795590566195,-2.3088403197686085
female,43-45,36,-9.210340371976182,-2.308795590566195,-2.3088403197686085
female,43-45,37,-9.210340371976182,-9.210340371976182,-9.210385101178595
female,43-45,38,-9.210340371976182,-9.210340371976182,-9.210385101178595
female,43-45,39,-9.210340371976182,-9.210340371976182,-9.210385101178595
female,43-45,40,-9.210340371976182,-9.210340371976182,-9.210385101178595
female,43-45,41,-9.210340371976182,-9.210340371976182,-9.210385101178595
female,43-45,42,-9.210340371976182,-9.210340371976182,-9.210385101178595
female,43-45,43,-9.210340371976182,-9.210340371976182,-9.210385101178595
female,43-45,44,-9.210340371976182,-9.210340371976182,-9.210385101178595
female,43-45,45,-9.210340371976182,-9.210340371976182,-9.210385101178595
female,43-45,46,-9.210340371976182,-9.210340371976182,-9.210385101178595
female,43-45,47,-9.210340371976182,-9.210340371976182,-9.210385101178595
female,43-45,48,-9.210340371976182,-9.210340371976182,-9.210385101178595
female,43-45,49,-9.210340371976182,-9.210340371976182,-9.210385101178595
female,43-45,50,-9.210340371976182,-9.210340371976182,-9.210385101178595
female,43-45,51,-9.210340371976182,-9.210340371976182,-9.210385101178595
female,43-45,52,-9.210340371976182,-9.210340371976182,-9.210385101178595
female,46-49,-52,-9.210340371976182,-9.210340371976182,-9.210359355535225
female,46-49,-51,-9.210340371976182,-9.210340371976182,-9.210359355535225
female,46-49,-50,-9.210340371976182,-9.210340371976182,-9.210359355535225
female,46-49,-49,-9.210340371976182,-9.210340371976182,-9.210359355535225
female,46-49,-48,-9.210340371976182,-9.210340371976182,-9.210359355535225
female,46-49,-47,-9.210340371976182,-9.210340371976182,-9.210359355535225
female,46-49,-46,-9.210340371976182,-9.210340371976182,-9.210359355535225
female,46-49,-45,-9.210340371976182,-9.210340371976182,-9.210359355535225
female,46-49,-44,-9.210340371976182,-9.210340371976182,-9.210359355535225
female,46-49,-43,-9.210340371976182,-9.210340371976182,-9.210359355535225
female,46-49,-42,-9.210340371976182,-9.210340371976182,-9.210359355535225
female,46-49,-41,-9.210340371976182,-9.210340371976182,-9.210359355535225
female,46-49,-40,-9.210340371976182,-7.870207288304456,-7.870226271863499
female,46-49,-39,-9.210340371976182,-7.870207288304456,-7.870226271863499
female,46-49,-38,-9.210340371976182,-7.870207288304456,-7.870226271863499
female,46-49,-37,-9.210340371976182,-7.870207288304456,-7.870226271863499
female,46-49,-36,-9.210340371976182,-7.870207288304456,-7.870226271863499
female,46-49,-35,-9.210340371976182,-7.870207288304456,-7.870226271863499
female,46-49,-34,-9.210340371976182,-7.870207288304456,-7.870226271863499
female,46-49,-33,-9.210340371976182,-7.870207288304456,-7.870226271863499
female,46-49,-32,-9.210340371976182,-7.870207287825292,-7.870226271384336
female,46-49,-31,-7.870207271726323,-7.865961274916251,-7.865980258475295
female,46-49,-30,-5.877004701380637,-5.876862662673439,-5.876881646232483
female,46-49,-29,-5.42964511053495,-5.429797691433855,-5.429816674992899
female,46-49,-28,-5.60573478735498,-5.605751753796068,-5.605770737355112
female,46-49,-27,-5.823613179696665,-5.823148249233602,-5.823167232792646
female,46-49,-26,-5.061190457174003,-5.06101146828308,-5.061030451842123
female,46-49,-25,-4.329781101962934,-4.33009070779001,-4.330109691349054
female,46-49,-24,-4.846218091614551,-4.845783495796297,-4.845802479355341
female,46-49,-23,-4.360886322340545,-4.361121001684783,-4.361139985243827
female,46-49,-22,-4.7440371715232095,-4.743380405687916,-4.74339938924696
female,46-49,-21,-3.81342324813848,-3.8136086056300527,-3.8136275891890965
female,46-49,-20,-3.7364145298529654,-3.736107078146488,-3.736126061705532
female,46-49,-19,-3.0256612666973233,-3.02575390485658,-3.0257728884156236
female,46-49,-18,-2.788441862387159,-2.788476078725845,-2.788495062284889
female,46-49,-17,-2.6679592240185657,-2.66788779482213,-2.6679067783811736
female,46-49,-16,-2.3654996991936814,-2.365457711625881,-2.365476695184925
female,46-49,-15,-2.0024890535427553,-2.0025082596616084,-2.0025272432206522
female,46-49,-14,-1.747074827032797,-1.7470068562371155,-1.747025839796159
female,46-49,-13,-1.3576023493284455,-1.3575972649094483,-1.357616248468492
female,46-49,-12,-1.0298934439307066,-1.0299484299793462,-1.0299674135383898
female,46-49,-11,-0.8959947099950044,-0.8958842839337554,-0.8959032674927991
female,46-49,-10,-0.49452178055472107,-0.4945946124016233,-0.49461359596066695
female,46-49,-9,-0.3634106995145312,-0.3633943113856385,-0.36341329494468216
female,46-49,-8,-0.1957958796123153,-0.1957064612957047,-0.1957254448547484
female,46-49,-7,0.17037847956262497,0.17034778818189059,0.17032880462284689
female,46-49,-6,0.38037531941756664,0.3804116241779161,0.3803926406188724
female,46-49,-5,0.6599670953834983,0.6599398159910739,0.6599208324320301
female,46-49,-4,0.8274081530405718,0.8274441063499229,0.8274251227908792
female,46-49,-3,1.0728884715227849,1.072917619225444,1.0728986356664003
female,46-49,-2,1.35633278948431,1.3563704969165304,1.3563515133574868
female,46-49,-1,1.6770842979371392,1.6771362549632574,1.6771172714042137
female,46-49,0,2.04623101089157,2.0461135526551524,2.0460945690961085
female,46-49,1,2.01225253703053,2.012218738650755,2.0121997550917112
female,46-49,2,1.8692188830114607,1.8692319127985557,1.869212929239512
female,46-49,3,1.7498131385506726,1.7498001074988037,1.74978112393976
female,46-49,4,1.572117870862731,1.5721352959391124,1.5721163123800688
female,46-49,5,1.4188389697967987,1.418834375893599,1.4188153923345554
female,46-49,6,1.2193631433450964,1.219384291967076,1.2193653084080325
female,46-49,7,1.0478693554395475,1.047880082901861,1.0478610993428175
female,46-49,8,0.8774611186924631,0.8774812564850514,0.8774622729260076
female,46-49,9,0.7431079225039771,0.7430980403054074,0.7430790567463637
female,46-49,10,0.5540733818133641,0.554070802714278,0.5540518191552343
female,46-49,11,0.31719936764023393,0.31724896328698643,0.31722997972794276
female,46-49,12,0.19646230604802933,0.1964242763924988,0.1964052928334551
female,46-49,13,-0.08296057781690858,-0.0829219547743269,-0.0829409383333706
female,46-49,14,-0.32247290422671726,-0.32245293560524346,-0.32247191916428714
female,46-49,15,-0.5755235380940323,-0.5753818891908153,-0.5754008727498591
female,46-49,16,-0.4557223499250566,-0.4557838618862443,-0.455802845445288
female,46-49,17,-0.5278440752980069,-0.5279256062276969,-0.5279445897867406
female,46-49,18,-0.9395905752714994,-0.9394301496961001,-0.9394491332551438
female,46-49,19,-1.0012614664014277,-1.0012858556549415,-1.0013048392139852
female,46-49,20,-1.160634498639687,-1.1606322215832907,-1.1606512051423343
female,46-49,21,-1.3624485249539402,-1.3623836119014876,-1.3624025954605312
female,46-49,22,-1.4172151956085828,-1.4171965703892109,-1.4172155539482545
female,46-49,23,-1.447940367851782,-1.4480094972451865,-1.44802848080423
female,46-49,24,-2.149873729296537,-2.1491945770942626,-2.1492135606533065
female,46-49,25,-9.210340371976182,-2.1498737274678676,-2.1498927110269115
female,46-49,26,-9.210340371976182,-2.149873727544373,-2.149892711103417
female,46-49,27,-9.210340371976182,-2.1498737275443727,-2.1498927111034165
female,46-49,28,-9.210340371976182,-2.149873727544373,-2.149892711103417
female,46-49,29,-9.210340371976182,-2.1498737275443727,-2.1498927111034165
female,46-49,30,-9.210340371976182,-2.149873727544373,-2.149892711103417
female,46-49,31,-9.210340371976182,-2.149873727544373,-2.149892711103417
female,46-49,32,-9.210340371976182,-2.149873727544373,-2.149892711103417
female,46-49,33,-9.210340371976182,-2.1498737275443727,-2.1498927111034165
female,46-49,34,-9.210340371976182,-9.210340371976182,-9.210359355535225
female,46-49,35,-9.210340371976182,-9.210340371976182,-9.210359355535225
female,46-49,36,-9.210340371976182,-9.210340371976182,-9.210359355535225
female,46-49,37,-9.210340371976182,-9.210340371976182,-9.210359355535225
female,46-49,38,-9.210340371976182,-9.210340371976182,-9.210359355535225
female,46-49,39,-9.210340371976182,-9.210340371976182,-9.210359355535225
female,46-49,40,-9.210340371976182,-9.210340371976182,-9.210359355535225
female,46-49,41,-9.210340371976182,-9.210340371976182,-9.210359355535225
female,46-49,42,-9.210340371976182,-9.210340371976182,-9.210359355535225
female,46-49,43,-9.210340371976182,-9.210340371976182,-9.210359355535225
female,46-49,44,-9.210340371976182,-9.210340371976182,-9.210359355535225
female,46-49,45,-9.210340371976182,-9.210340371976182,-9.210359355535225
female,46-49,46,-9.210340371976182,-9.210340371976182,-9.210359355535225
female,46-49,47,-9.210340371976182,-9.210340371976182,-9.210359355535225
female,46-49,48,-9.210340371976182,-9.210340371976182,-9.210359355535225
female,46-49,49,-9.210340371976182,-9.210340371976182,-9.210359355535225
female,46-49,50,-9.210340371976182,-9.210340371976182,-9.210359355535225
female,46-49,51,-9.210340371976182,-9.210340371976182,-9.210359355535225
female,46-49,52,-9.210340371976182,-9.210340371976182,-9.210359355535225
female,50-54,-52,-9.210340371976182,-9.210340371976182,-9.210357364409893
female,50-54,-51,-9.210340371976182,-9.210340371976182,-9.210357364409893
female,50-54,-50,-9.210340371976182,-9.210340371976182,-9.210357364409893
female,50-54,-49,-9.210340371976182,-9.210340371976182,-9.210357364409893
female,50-54,-48,-9.210340371976182,-9.210340371976182,-9.210357364409893
female,50-54,-47,-9.210340371976182,-9.210340371976182,-9.210357364409893
female,50-54,-46,-9.210340371976182,-9.210340371976182,-9.210357364409893
female,50-54,-45,-9.210340371976182,-6.424854237931445,-6.424871230365157
female,50-54,-44,-9.210340371976182,-6.424854237931445,-6.424871230365157
female,50-54,-43,-9.210340371976182,-6.424854237931445,-6.424871230365157
female,50-54,-42,-9.210340371976182,-6.424854237931445,-6.424871230365157
female,50-54,-41,-9.210340371976182,-6.424854237931445,-6.424871230365157
female,50-54,-40,-9.210340371976182,-6.424854237931445,-6.424871230365157
female,50-54,-39,-9.210340371976182,-6.424854237931445,-6.424871230365157
female,50-54,-38,-9.210340371976182,-6.424854237931445,-6.424871230365157
female,50-54,-37,-9.210340371976182,-6.424854237589771,-6.4248712300234825
female,50-54,-36,-6.424854222349889,-6.421824725141948,-6.42184171757566
female,50-54,-35,-4.722013482512519,-4.722514536236798,-4.72253152867051
female,50-54,-34,-5.977756709506413,-5.977190382317457,-5.977207374751169
female,50-54,-33,-5.948045896651254,-5.948277462133847,-5.9482944545675585
female,50-54,-32,-6.699582320855296,-6.6970486384961605,-6.697065630929872
female,50-54,-31,-4.64835492379536,-4.648831300298907,-4.648848292732619
female,50-54,-30,-5.4299598323834735,-5.4291717271273745,-5.429188719561086
female,50-54,-29,-4.65459823566319,-4.654885371928649,-4.654902364362361
female,50-54,-28,-5.033786745706743,-5.033326144322205,-5.033343136755916
female,50-54,-27,-4.378578891025915,-4.378907415808176,-4.378924408241888
female,50-54,-26,-5.082281466671256,-5.081530682353426,-5.081547674787138
female,50-54,-25,-4.279128082509114,-4.279420401740747,-4.279437394174459
female,50-54,-24,-4.64817026762299,-4.6474535338830485,-4.64747052631676
female,50-54,-23,-3.6312877520255884,-3.631372994296516,-3.6313899867302277
female,50-54,-22,-3.265221065173402,-3.2653191921094913,-3.265336184543203
female,50-54,-21,-3.232961223876862,-3.232703386479952,-3.2327203789136636
female,50-54,-20,-2.6164360400303686,-2.616592884252354,-2.6166098766860655
female,50-54,-19,-2.594292109429789,-2.5942725171760923,-2.594289509609804
female,50-54,-18,-2.5102915015021816,-2.5102488504778457,-2.5102658429115574
female,50-54,-17,-2.303837575575332,-2.303715810537409,-2.303732802971121
female,50-54,-16,-1.8337302450145032,-1.8338393161989393,-1.8338563086326507
female,50-54,-15,-1.7584303659410794,-1.7583411096627828,-1.7583581020964942
female,50-54,-14,-1.451541681042893,-1.4515002190021482,-1.4515172114358597
female,50-54,-13,-1.1014950012893507,-1.1014940690861055,-1.101511061519817
female,50-54,-12,-0.8215575746754967,-0.8215971066896075,-0.8216140991233191
female,50-54,-11,-0.6907400588873115,-0.6905941017446251,-0.6906110941783367
female,50-54,-10,-0.23247581558625313,-0.2325618732435614,-0.23257886567727293
female,50-54,-9,-0.11045143463880971,-0.11045757214274386,-0.11047456457645538
female,50-54,-8,-0.00907271622433867,-0.008977972667930035,-0.008994965101641557
female,50-54,-7,0.32611796784815106,0.32609912961160836,0.32608213717789686
female,50-54,-6,0.546605690073038,0.5466129472023086,0.546595954768597
female,50-54,-5,0.7534859379036235,0.7535017137801088,0.7534847213463972
female,50-54,-4,0.9675528624259377,0.9675781182685863,0.9675611258348747
female,50-54,-3,1.2040366945377101,1.2040438397410396,1.2040268473073281
female,50-54,-2,1.4089285263661135,1.408984250175747,1.4089672577420356
female,50-54,-1,1.7065656384099213,1.7065985528024636,1.7065815603687522
female,50-54,0,2.007191651934705,2.0070883373893955,2.007071344955684
female,50-54,1,1.9544818255357996,1.954468142967395,1.9544511505336835
female,50-54,2,1.8543518363579026,1.8543384813488857,1.8543214889151742
female,50-54,3,1.6974997421179192,1.6975134657510822,1.6974964733173707
female,50-54,4,1.5595425853270213,1.5595362976307248,1.5595193051970133
female,50-54,5,1.3784608417289173,1.3784821720185112,1.3784651795847997
female,50-54,6,1.236611947123485,1.236603845084573,1.2365868526508617
female,50-54,7,1.0457587306126965,1.0457954839898176,1.0457784915561061
female,50-54,8,0.9405228063833155,0.9405140942160976,0.940497101782386
female,50-54,9,0.7910531478073812,0.7910595246618021,0.7910425322280905
female,50-54,10,0.6325276790690213,0.6325368763120327,0.6325198838783211
female,50-54,11,0.4657402419121186,0.4657549168932548,0.4657379244595433
female,50-54,12,0.30181582308515786,0.30183825254995905,0.30182126011624755
female,50-54,13,0.16993723794595336,0.16991511900562115,0.1698981265719096
female,50-54,14,-0.08411970175445015,-0.08407668125544064,-0.08409367368915216
female,50-54,15,-0.2892168171832065,-0.2891678620995317,-0.2891848545332432
female,50-54,16,-0.39311686875549573,-0.39310976290012595,-0.39312675533383745
female,50-54,17,-0.5183670120605524,-0.5183471087449212,-0.5183641011786327
female,50-54,18,-0.6761933976366431,-0.6761025436376285,-0.67611953607134
female,50-54,19,-0.6159928779571969,-0.6161128501190861,-0.6161298425527977
female,50-54,20,-1.3692482193216204,-1.368508938377041,-1.3685259308107525
female,50-54,21,-9.210340371976182,-1.3692482171064175,-1.369265209540129
female,50-54,22,-9.210340371976182,-1.3692482171896978,-1.3692652096234093
female,50-54,23,-9.210340371976182,-1.3692482171896976,-1.369265209623409
female,50-54,24,-9.210340371976182,-1.3692482171896978,-1.3692652096234093
female,50-54,25,-9.210340371976182,-1.3692482171896978,-1.3692652096234093
female,50-54,26,-9.210340371976182,-1.3692482171896978,-1.3692652096234093
female,50-54,27,-9.210340371976182,-1.3692482171896978,-1.3692652096234093
female,50-54,28,-9.210340371976182,-1.3692482171896978,-1.3692652096234093
female,50-54,29,-9.210340371976182,-1.3692482171896978,-1.3692652096234093
female,50-54,30,-9.210340371976182,-9.210340371976182,-9.210357364409893
female,50-54,31,-9.210340371976182,-9.210340371976182,-9.210357364409893
female,50-54,32,-9.210340371976182,-9.210340371976182,-9.210357364409893
female,50-54,33,-9.210340371976182,-9.210340371976182,-9.210357364409893
female,50-54,34,-9.210340371976182,-9.210340371976182,-9.210357364409893
female,50-54,35,-9.210340371976182,-9.210340371976182,-9.210357364409893
female,50-54,36,-9.210340371976182,-9.210340371976182,-9.210357364409893
female,50-54,37,-9.210340371976182,-9.210340371976182,-9.210357364409893
female,50-54,38,-9.210340371976182,-9.210340371976182,-9.210357364409893
female,50-54,39,-9.210340371976182,-9.210340371976182,-9.210357364409893
female,50-54,40,-9.210340371976182,-9.210340371976182,-9.210357364409893
female,50-54,41,-9.210340371976182,-9.210340371976182,-9.210357364409893
female,50-54,42,-9.210340371976182,-9.210340371976182,-9.210357364409893
female,50-54,43,-9.210340371976182,-9.210340371976182,-9.210357364409893
female,50-54,44,-9.210340371976182,-9.210340371976182,-9.210357364409893
female,50-54,45,-9.210340371976182,-9.210340371976182,-9.210357364409893
female,50-54,46,-9.210340371976182,-9.210340371976182,-9.210357364409893
female,50-54,47,-9.210340371976182,-9.210340371976182,-9.210357364409893
female,50-54,48,-9.210340371976182,-9.210340371976182,-9.210357364409893
female,50-54,49,-9.210340371976182,-9.210340371976182,-9.210357364409893
female,50-54,50,-9.210340371976182,-9.210340371976182,-9.210357364409893
female,50-54,51,-9.210340371976182,-9.210340371976182,-9.210357364409893
female,50-54,52,-9.210340371976182,-9.210340371976182,-9.210357364409893
female,55-59,-52,-9.210340371976182,-9.210340371976182,-9.210398372076492
female,55-59,-51,-9.210340371976182,-9.210340371976182,-9.210398372076492
female,55-59,-50,-9.210340371976182,-5.576052424623862,-5.576110424724173
female,55-59,-49,-9.210340371976182,-5.576052424623862,-5.576110424724173
female,55-59,-48,-9.210340371976182,-5.576052424623862,-5.576110424724173
female,55-59,-47,-9.210340371976182,-5.576052424623862,-5.576110424724173
female,55-59,-46,-9.210340371976182,-5.576052424623862,-5.576110424724173
female,55-59,-45,-9.210340371976182,-5.576052424623862,-5.576110424724173
female,55-59,-44,-9.210340371976182,-5.576052424623862,-5.576110424724173
female,55-59,-43,-9.210340371976182,-5.576052424623862,-5.576110424724173
female,55-59,-42,-9.210340371976182,-5.576052424577526,-5.576110424677837
female,55-59,-41,-5.576052409525614,-5.575641037954055,-5.575699038054366
female,55-59,-40,-5.091267396314965,-5.091839779852415,-5.091897779952726
female,55-59,-39,-10.986056535561929,-9.210340371976182,-9.210398372076492
female,55-59,-38,-4.79350709924637,-4.793956736790924,-4.794014736891235
female,55-59,-37,-5.437848766425119,-5.437292567195341,-5.437350567295652
female,55-59,-36,-4.765024463504262,-4.765285179829834,-4.765343179930145
female,55-59,-35,-5.096500355076652,-5.096461504526173,-5.096519504626484
female,55-59,-34,-5.438523474144402,-5.437770310964069,-5.43782831106438
female,55-59,-33,-4.379805443294586,-4.380270600111536,-4.380328600211847
female,55-59,-32,-5.713377820378901,-5.711631048491313,-5.711689048591624
female,55-59,-31,-4.48081584701785,-4.481080367911124,-4.481138368011435
female,55-59,-30,-4.537902077644875,-4.537952900739039,-4.53801090083935
female,55-59,-29,-4.789031968841165,-4.788604191018028,-4.788662191118339
female,55-59,-28,-4.079959459926191,-4.080209334256876,-4.080267334357187
female,55-59,-27,-4.329983534044585,-4.329734882439083,-4.329792882539394
female,55-59,-26,-3.9456156386385715,-3.945635458155259,-3.9456934582555694
female,55-59,-25,-3.6860517364180443,-3.686156221376914,-3.6862142214772247
female,55-59,-24,-3.7632611737987935,-3.7627493011744773,-3.762807301274788
female,55-59,-23,-2.832164008659946,-2.832538391749579,-2.8325963918498895
female,55-59,-22,-3.535309325449769,-3.534583351401881,-3.5346413515021915
female,55-59,-21,-2.775142460436617,-2.7753309588516313,-2.775388958951942
female,55-59,-20,-2.770951380677245,-2.7707980965169217,-2.770856096617232
female,55-59,-19,-2.376970619993236,-2.37699689326775,-2.3770548933680606
female,55-59,-18,-2.1346805464761984,-2.134630390239012,-2.1346883903393223
female,55-59,-17,-1.8070460314419048,-1.8070355094453054,-1.8070935095456162
female,55-59,-16,-1.5208282380473759,-1.520914932521509,-1.5209729326218198
female,55-59,-15,-1.522124845542943,-1.5220475386430925,-1.5221055387434033
female,55-59,-14,-1.3062439644539425,-1.3061970876910494,-1.3062550877913601
female,55-59,-13,-1.000521759866341,-1.0005266750099127,-1.0005846751102234
female,55-59,-12,-0.7619584787436222,-0.7619309236861846,-0.7619889237864954
female,55-59,-11,-0.49114919172210325,-0.49111156583909454,-0.49116956593940525
female,55-59,-10,-0.18105842958692248,-0.18108432279473888,-0.18114232289504958
female,55-59,-9,-0.002658705980468172,-0.0026425040428122975,-0.002700504143123009
female,55-59,-8,0.18833928069550782,0.1884017243247835,0.1883437242244728
female,55-59,-7,0.4913029153007219,0.4912643429720829,0.4912063428717722
female,55-59,-6,0.6235770610253589,0.623631133650713,0.6235731335504022
female,55-59,-5,0.8716426613860538,0.8716256230277192,0.8715676229274084
female,55-59,-4,1.0271104398785782,1.0271461539396263,1.0270881538393155
female,55-59,-3,1.2509570606944453,1.250953947194932,1.2508959470946213
female,55-59,-2,1.4254059836295978,1.4254689936595253,1.4254109935592145
female,55-59,-1,1.7230939455656593,1.7231297731586446,1.7230717730583338
female,55-59,0,2.0315759723996174,2.031457270294425,2.0313992701941146
female,55-59,1,1.9385976845816928,1.9386043646095652,1.9385463645092544
female,55-59,2,1.8599090870682111,1.8598908368064269,1.859832836706116
female,55-59,3,1.713690765107696,1.7137008385737171,1.7136428384734064
female,55-59,4,1.5755705181750916,1.5755802481511811,1.5755222480508704
female,55-59,5,1.4445439544814396,1.4445640895377032,1.4445060894373924
female,55-59,6,1.3547812291260768,1.35478214423465,1.3547241441343392
female,55-59,7,1.250636091864566,1.2506216329706308,1.25056363287032
female,55-59,8,1.0708988851883583,1.0709414798582686,1.0708834797579578
female,55-59,9,0.9840225915737039,0.9840295712218472,0.9839715711215364
female,55-59,10,0.9018064065594487,0.9017767933910743,0.9017187932907635
female,55-59,11,0.6940107451566752,0.6940686748901723,0.6940106747898616
female,55-59,12,0.6019390838595283,0.6019083611112431,0.6018503610109324
female,55-59,13,0.2643205604623823,0.26448994242355506,0.26443194232324435
female,55-59,14,0.21317283871511736,0.2131594051885956,0.2131014050882849
female,55-59,15,-0.05454251273344828,-0.054339674686411925,-0.05439767478672264
female,55-59,16,-9.210340371976182,-0.0545425094037571,-0.054600509504067814
female,55-59,17,-9.210340371976182,-0.05454250942660059,-0.054600509526911305
female,55-59,18,-9.210340371976182,-0.05454250942660059,-0.054600509526911305
female,55-59,19,-9.210340371976182,-0.05454250942660059,-0.054600509526911305
female,55-59,20,-9.210340371976182,-0.05454250942660059,-0.054600509526911305
female,55-59,21,-9.210340371976182,-0.05454250942660047,-0.05460050952691119
female,55-59,22,-9.210340371976182,-0.05454250942660047,-0.05460050952691119
female,55-59,23,-9.210340371976182,-0.05454250942660047,-0.05460050952691119
female,55-59,24,-9.210340371976182,-0.05454250942660059,-0.054600509526911305
female,55-59,25,-9.210340371976182,-9.210340371976182,-9.210398372076492
female,55-59,26,-9.210340371976182,-9.210340371976182,-9.210398372076492
female,55-59,27,-9.210340371976182,-9.210340371976182,-9.210398372076492
female,55-59,28,-9.210340371976182,-9.210340371976182,-9.210398372076492
female,55-59,29,-9.210340371976182,-9.210340371976182,-9.210398372076492
female,55-59,30,-9.210340371976182,-9.210340371976182,-9.210398372076492
female,55-59,31,-9.210340371976182,-9.210340371976182,-9.210398372076492
female,55-59,32,-9.210340371976182,-9.210340371976182,-9.210398372076492
female,55-59,33,-9.210340371976182,-9.210340371976182,-9.210398372076492
female,55-59,34,-9.210340371976182,-9.210340371976182,-9.210398372076492
female,55-59,35,-9.210340371976182,-9.210340371976182,-9.210398372076492
female,55-59,36,-9.210340371976182,-9.210340371976182,-9.210398372076492
female,55-59,37,-9.210340371976182,-9.210340371976182,-9.210398372076492
female,55-59,38,-9.210340371976182,-9.210340371976182,-9.210398372076492
female,55-59,39,-9.210340371976182,-9.210340371976182,-9.210398372076492
female,55-59,40,-9.210340371976182,-9.210340371976182,-9.210398372076492
female,55-59,41,-9.210340371976182,-9.210340371976182,-9.210398372076492
female,55-59,42,-9.210340371976182,-9.210340371976182,-9.210398372076492
female,55-59,43,-9.210340371976182,-9.210340371976182,-9.210398372076492
female,55-59,44,-9.210340371976182,-9.210340371976182,-9.210398372076492
female,55-59,45,-9.210340371976182,-9.210340371976182,-9.210398372076492
female,55-59,46,-9.210340371976182,-9.210340371976182,-9.210398372076492
female,55-59,47,-9.210340371976182,-9.210340371976182,-9.210398372076492
female,55-59,48,-9.210340371976182,-9.210340371976182,-9.210398372076492
female,55-59,49,-9.210340371976182,-9.210340371976182,-9.210398372076492
female,55-59,50,-9.210340371976182,-9.210340371976182,-9.210398372076492
female,55-59,51,-9.210340371976182,-9.210340371976182,-9.210398372076492
female,55-59,52,-9.210340371976182,-9.210340371976182,-9.210398372076492
female,60-70,-52,-9.210340371976182,-9.210340371976182,-9.213607457899034
female,60-70,-51,-9.210340371976182,-9.210340371976182,-9.213607457899034
female,60-70,-50,-9.210340371976182,-9.210340371976182,-9.213607457899034
female,60-70,-49,-6.671880878922629,-6.671801392575585,-6.675068478498437
female,60-70,-48,-6.102298929235805,-6.102354163968433,-6.105621249891285
female,60-70,-47,-5.96840944801378,-5.967856769740119,-5.971123855662971
female,60-70,-46,-5.067209634764149,-5.067703080082337,-5.070970166005189
female,60-70,-45,-6.923434326577317,-6.921805262033609,-6.925072347956461
female,60-70,-44,-6.758448054339415,-6.757437876050416,-6.760704961973268
female,60-70,-43,-5.425103048826066,-5.425468773921004,-5.428735859843856
female,60-70,-42,-5.9289896312425405,-5.928510125288146,-5.931777211210998
female,60-70,-41,-5.305342958054516,-5.30560554046557,-5.308872626388422
female,60-70,-40,-5.687170732039977,-5.686994430971298,-5.69026151689415
female,60-70,-39,-5.643775021387655,-5.64329416547993,-5.646561251402782
female,60-70,-38,-4.7141086196196555,-4.714407728080359,-4.717674814003211
female,60-70,-37,-5.040889024829571,-5.040798284214216,-5.044065370137068
female,60-70,-36,-5.196713720675181,-5.196150090628353,-5.199417176551205
female,60-70,-35,-4.251030912313844,-4.251273904094079,-4.254540990016931
female,60-70,-34,-4.348486867622985,-4.348560985113696,-4.3518280710365485
female,60-70,-33,-4.7858301684153135,-4.785411532629136,-4.788678618551988
female,60-70,-32,-4.253578802957631,-4.253676728798159,-4.256943814721011
female,60-70,-31,-4.114980403003801,-4.115002002067862,-4.118269087990714
female,60-70,-30,-4.046286446791389,-4.046390285630926,-4.049657371553778
female,60-70,-29,-4.349787392960888,-4.349179531361862,-4.3524466172847145
female,60-70,-28,-3.4292156491050267,-3.429467375594185,-3.432734461517037
female,60-70,-27,-3.5651754321042017,-3.5650031902900223,-3.5682702762128744
female,60-70,-26,-3.2483887320606755,-3.2485361699290016,-3.2518032558518537
female,60-70,-25,-3.4309330247254337,-3.430694920279003,-3.433962006201855
female,60-70,-24,-3.0117327791671187,-3.01160521714907,-3.014872303071922
female,60-70,-23,-2.4436067016464644,-2.4437403362909658,-2.447007422213818
female,60-70,-22,-2.3959619525730744,-2.3959048814915587,-2.3991719674144107
female,60-70,-21,-2.197557438258742,-2.197582973574441,-2.2008500594972933
female,60-70,-20,-2.0967309916511936,-2.096616128813792,-2.099883214736644
female,60-70,-19,-1.7253345259290103,-1.7253691747824973,-1.7286362607053494
female,60-70,-18,-1.53020248995822,-1.530182476972985,-1.5334495628958371
female,60-70,-17,-1.3167465367552462,-1.3167499349786222,-1.3200170209014743
female,60-70,-16,-1.1499398990687648,-1.149892996626803,-1.153160082549655
female,60-70,-15,-0.8940992500437099,-0.8940870990176478,-0.8973541849404999
female,60-70,-14,-0.663749249752845,-0.6637447988110835,-0.6670118847339356
female,60-70,-13,-0.47053697399648897,-0.4705059606887856,-0.4737730466116377
female,60-70,-12,-0.2402485703021053,-0.24026982561429724,-0.24353691153714938
female,60-70,-11,-0.11447501957793489,-0.11437095260530852,-0.11763803852816065
female,60-70,-10,0.23417938420443343,0.23415354982635506,0.23088646390350293
female,60-70,-9,0.42376139329326945,0.4237547182813803,0.42048763235852815
female,60-70,-8,0.5612984842734814,0.5613211657686249,0.5580540798457728
female,60-70,-7,0.735804516846807,0.7358387133211008,0.7325716273982488
female,60-70,-6,0.9654305490500895,0.9654396222644868,0.9621725363416347
female,60-70,-5,1.1719014407379769,1.1718804254224051,1.168613339499553
female,60-70,-4,1.2863294063799975,1.286350449672307,1.283083363749455
female,60-70,-3,1.4428389223615046,1.4428694838011042,1.4396023978782522
female,60-70,-2,1.6560235169981805,1.6560677610835668,1.6528006751607147
female,60-70,-1,1.9424475917068722,1.9425044146314911,1.939237328708639
female,60-70,0,2.302441164357093,2.3023198754574263,2.2990527895345743
female,60-70,1,2.2393053966576186,2.239305144131767,2.2360380582089148
female,60-70,2,2.148673828231204,2.148697644160781,2.145430558237929
female,60-70,3,2.1030235538412994,2.102996564424967,2.0997294785021148
female,60-70,4,1.9296230599274307,1.929680926887634,1.926413840964782
female,60-70,5,1.86858723719235,1.8685846449226675,1.8653175589998154
female,60-70,6,1.7574642690330247,1.7574711801894658,1.7542040942666137
female,60-70,7,1.583530541908846,1.5835759725786451,1.580308886655793
female,60-70,8,1.425372266291034,1.4254249469403,1.422157861017448
female,60-70,9,1.3014093775603714,1.3014581947345223,1.2981911088116702
female,60-70,10,1.1761784919806568,1.1762685168085063,1.1730014308856542
female,60-70,11,-9.210340371976182,1.1761805107593486,1.1729134248364965
female,60-70,12,-9.210340371976182,1.1761805107494379,1.1729134248265858
female,60-70,13,-9.210340371976182,1.1761805107494376,1.1729134248265856
female,60-70,14,-9.210340371976182,1.1761805107494379,1.1729134248265858
female,60-70,15,-9.210340371976182,1.1761805107494376,1.1729134248265856
female,60-70,16,-9.210340371976182,1.1761805107494376,1.1729134248265856
female,60-70,17,-9.210340371976182,1.1761805107494376,1.1729134248265856
female,60-70,18,-9.210340371976182,1.1761805107494376,1.1729134248265856
female,60-70,19,-9.210340371976182,1.1761805107494376,1.1729134248265856
female,60-70,20,-9.210340371976182,-9.210340371976182,-9.213607457899034
female,60-70,21,-9.210340371976182,-9.210340371976182,-9.213607457899034
female,60-70,22,-9.210340371976182,-9.210340371976182,-9.213607457899034
female,60-70,23,-9.210340371976182,-9.210340371976182,-9.213607457899034
female,60-70,24,-9.210340371976182,-9.210340371976182,-9.213607457899034
female,60-70,25,-9.210340371976182,-9.210340371976182,-9.213607457899034
female,60-70,26,-9.210340371976182,-9.210340371976182,-9.213607457899034
female,60-70,27,-9.210340371976182,-9.210340371976182,-9.213607457899034
female,60-70,28,-9.210340371976182,-9.210340371976182,-9.213607457899034
female,60-70,29,-9.210340371976182,-9.210340371976182,-9.213607457899034
female,60-70,30,-9.210340371976182,-9.210340371976182,-9.213607457899034
female,60-70,31,-9.210340371976182,-9.210340371976182,-9.213607457899034
female,60-70,32,-9.210340371976182,-9.210340371976182,-9.213607457899034
female,60-70,33,-9.210340371976182,-9.210340371976182,-9.213607457899034
female,60-70,34,-9.210340371976182,-9.210340371976182,-9.213607457899034
female,60-70,35,-9.210340371976182,-9.210340371976182,-9.213607457899034
female,60-70,36,-9.210340371976182,-9.210340371976182,-9.213607457899034
female,60-70,37,-9.210340371976182,-9.210340371976182,-9.213607457899034
female,60-70,38,-9.210340371976182,-9.210340371976182,-9.213607457899034
female,60-70,39,-9.210340371976182,-9.210340371976182,-9.213607457899034
female,60-70,40,-9.210340371976182,-9.210340371976182,-9.213607457899034
female,60-70,41,-9.210340371976182,-9.210340371976182,-9.213607457899034
female,60-70,42,-9.210340371976182,-9.210340371976182,-9.213607457899034
female,60-70,43,-9.210340371976182,-9.210340371976182,-9.213607457899034
female,60-70,44,-9.210340371976182,-9.210340371976182,-9.213607457899034
female,60-70,45,-9.210340371976182,-9.210340371976182,-9.213607457899034
female,60-70,46,-9.210340371976182,-9.210340371976182,-9.213607457899034
female,60-70,47,-9.210340371976182,-9.210340371976182,-9.213607457899034
female,60-70,48,-9.210340371976182,-9.210340371976182,-9.213607457899034
female,60-70,49,-9.210340371976182,-9.210340371976182,-9.213607457899034
female,60-70,50,-9.210340371976182,-9.210340371976182,-9.213607457899034
female,60-70,51,-9.210340371976182,-9.210340371976182,-9.213607457899034
female,60-70,52,-9.210340371976182,-9.210340371976182,-9.213607457899034
