cbsa,slug,status,page_title,file_title,source_url,image_url,author,license,license_url,retrieved,sha256,file
35620,new-york-new-york,ok,New_York_City,File:View_of_Empire_State_Building_from_Rockefeller_Center_New_York_City_dllu_(cropped).jpg,https://commons.wikimedia.org/wiki/File:View_of_Empire_State_Building_from_Rockefeller_Center_New_York_City_dllu_(cropped).jpg,https://thumb.wikimedia.org/wikipedia/commons/thumb/7/7a/View_of_Empire_State_Building_from_Rockefeller_Center_New_York_City_dllu_%28cropped%29.jpg/1920px-View_of_Empire_State_Building_from_Rockefeller_Center_New_York_City_dllu_%28cropped%29.jpg?utm_source=en.wikipedia.org&utm_campaign=imageinfo&utm_content=thumbnail,Dllu,CC BY-SA 4.0,https://creativecommons.org/licenses/by-sa/4.0,2026-09-17,d42cc6de360922e08b960603cb176205c3998cc326ffce1bfb0428bb10bfba93,new-york-new-york.jpg
31080,los-angeles-california,ok,,,"https://commons.wikimedia.org/wiki/File:Los_Angeles,_Winter_2016.jpg",https://thumb.wikimedia.org/wikipedia/commons/thumb/8/89/Los_Angeles%2C_Winter_2016.jpg/1920px-Los_Angeles%2C_Winter_2016.jpg?utm_source=commons.wikimedia.org&utm_campaign=imageinfo&utm_content=thumbnail,salewskia,CC BY-SA 4.0,https://creativecommons.org/licenses/by-sa/4.0,2026-10-09,8cd7b0492e912aaccd994ab372944e65cbe6cf543d43b98f380f1a765a00f201,los-angeles-california.jpg
16980,chicago-illinois,ok,Chicago,File:Chicago_River_ferry_b.jpg,https://commons.wikimedia.org/wiki/File:Chicago_River_ferry_b.jpg,https://thumb.wikimedia.org/wikipedia/commons/thumb/a/a5/Chicago_River_ferry_b.jpg/1920px-Chicago_River_ferry_b.jpg?utm_source=en.wikipedia.org&utm_campaign=imageinfo&utm_content=thumbnail,"File:Chicago River ferry.jpg: John Picken
derivative work: Georgfotoart",CC BY 2.0,https://creativecommons.org/licenses/by/2.0,2026-09-17,e155f22c74cf49a6111c1284376e472ce06df06dc41d733595949a362cd2c44d,chicago-illinois.jpg
19100,dallas-texas,ok,Dallas,File:Dallas_Texas_skyline_from_Reunion_Tower_September_2025_(cropped).png,https://commons.wikimedia.org/wiki/File:Dallas_Texas_skyline_from_Reunion_Tower_September_2025_(cropped).png,https://thumb.wikimedia.org/wikipedia/commons/thumb/a/a7/Dallas_Texas_skyline_from_Reunion_Tower_September_2025_%28cropped%29.png/1920px-Dallas_Texas_skyline_from_Reunion_Tower_September_2025_%28cropped%29.png?utm_source=en.wikipedia.org&utm_campaign=imageinfo&utm_content=thumbnail,IcedCowboyCoffee,CC0,http://creativecommons.org/publicdomain/zero/1.0/deed.en,2026-09-17,9a754a78584c87bed747fa30f92710961bd2b45879cbdf6719499bacd9d98cbe,dallas-texas.png
26420,houston-texas,ok,,,"https://commons.wikimedia.org/wiki/File:Downtown_Houston,_TX_Skyline_-_2018.jpg",https://thumb.wikimedia.org/wikipedia/commons/thumb/6/62/Downtown_Houston%2C_TX_Skyline_-_2018.jpg/1920px-Downtown_Houston%2C_TX_Skyline_-_2018.jpg?utm_source=en.wikipedia.org&utm_campaign=imageinfo&utm_content=thumbnail,David Daniel Turner,CC BY 4.0,https://creativecommons.org/licenses/by/4.0,2026-10-09,9f84526adb71fef9bb7717955b59b48640b05c85aa1086fcdf33ffd825112582,houston-texas.jpg
47900,washington-district-of-columbia,ok,,,https://commons.wikimedia.org/wiki/File:Capitol_Building_Full_View.jpg,https://thumb.wikimedia.org/wikipedia/commons/thumb/2/27/Capitol_Building_Full_View.jpg/1920px-Capitol_Building_Full_View.jpg?utm_source=en.wikipedia.org&utm_campaign=imageinfo&utm_content=thumbnail,Noclip,Public domain,,2026-10-09,945afc8df209e95286478dbee0a230199ddd89154df0dcd1a2ad24859ad09fe1,washington-district-of-columbia.jpg
37980,philadelphia-pennsylvania,ok,Philadelphia,File:Philadelphia_skyline_20240528_(cropped_2-1).jpg,https://commons.wikimedia.org/wiki/File:Philadelphia_skyline_20240528_(cropped_2-1).jpg,https://thumb.wikimedia.org/wikipedia/commons/thumb/1/19/Philadelphia_skyline_20240528_%28cropped_2-1%29.jpg/1920px-Philadelphia_skyline_20240528_%28cropped_2-1%29.jpg?utm_source=en.wikipedia.org&utm_campaign=imageinfo&utm_content=thumbnail,颐园居,CC BY-SA 4.0,https://creativecommons.org/licenses/by-sa/4.0,2026-09-17,043ce1237b389b8abf147c54392395e730c19be91a6b9b0e3945ad260cd300b1,philadelphia-pennsylvania.jpg
12060,atlanta-georgia,ok,Atlanta,File:A2ATL20250614-0721_(cropped).jpg,https://commons.wikimedia.org/wiki/File:A2ATL20250614-0721_(cropped).jpg,https://thumb.wikimedia.org/wikipedia/commons/thumb/c/c8/A2ATL20250614-0721_%28cropped%29.jpg/1920px-A2ATL20250614-0721_%28cropped%29.jpg?utm_source=en.wikipedia.org&utm_campaign=imageinfo&utm_content=thumbnail,AtlChampion,CC BY-SA 4.0,https://creativecommons.org/licenses/by-sa/4.0,2026-09-17,24c5130823ac6b8e0b688a01c1b336069321385036a814426ec83bf6cc55d1bd,atlanta-georgia.jpg
33100,miami-florida,ok,,,https://commons.wikimedia.org/wiki/File:Miami_skylines_343.jpg,https://thumb.wikimedia.org/wikipedia/commons/thumb/c/ca/Miami_skylines_343.jpg/1920px-Miami_skylines_343.jpg?utm_source=en.wikipedia.org&utm_campaign=imageinfo&utm_content=thumbnail,Wilfredor,CC0,http://creativecommons.org/publicdomain/zero/1.0/deed.en,2026-10-09,d6228a37bff39e4e0a222b0bd5e8ba485b807c7c82c6f91a66b1f2e857f277de,miami-florida.jpg
38060,phoenix-arizona,ok,"Phoenix,_Arizona",File:Downtown_Phoenix_Aerial_Looking_Northeast.jpg,https://commons.wikimedia.org/wiki/File:Downtown_Phoenix_Aerial_Looking_Northeast.jpg,https://thumb.wikimedia.org/wikipedia/commons/thumb/b/b9/Downtown_Phoenix_Aerial_Looking_Northeast.jpg/1920px-Downtown_Phoenix_Aerial_Looking_Northeast.jpg?utm_source=en.wikipedia.org&utm_campaign=imageinfo&utm_content=thumbnail,DPPed,CC BY-SA 3.0,https://creativecommons.org/licenses/by-sa/3.0,2026-09-17,bf78f9db12d11b5d9ebfe8d1124fa2ead1b28c13a653809e5be7439a10733666,phoenix-arizona.jpg
14460,boston-massachusetts,ok,Boston,File:ISH_WC_Boston4.jpg,https://commons.wikimedia.org/wiki/File:ISH_WC_Boston4.jpg,https://thumb.wikimedia.org/wikipedia/commons/thumb/9/96/ISH_WC_Boston4.jpg/1920px-ISH_WC_Boston4.jpg?utm_source=en.wikipedia.org&utm_campaign=imageinfo&utm_content=thumbnail,Ian Howard,CC BY 2.5,https://creativecommons.org/licenses/by/2.5,2026-09-17,4727d2722170721fcbe622e3879b72bf819acf72441c28941f89a31257427b30,boston-massachusetts.jpg
40140,riverside-california,ok,"Riverside,_California",File:Mission_Inn's_main_interior_courtyard.jpg,https://commons.wikimedia.org/wiki/File:Mission_Inn%27s_main_interior_courtyard.jpg,https://thumb.wikimedia.org/wikipedia/commons/thumb/e/ee/Mission_Inn%27s_main_interior_courtyard.jpg/1920px-Mission_Inn%27s_main_interior_courtyard.jpg?utm_source=en.wikipedia.org&utm_campaign=imageinfo&utm_content=thumbnail,Aaron Guzman,CC BY-SA 4.0,https://creativecommons.org/licenses/by-sa/4.0,2026-09-17,8543437406cf0c4d310603e8bb070fe3506c15f239f3b9231f5846cc5a14544a,riverside-california.jpg
41860,san-francisco-california,ok,,,https://commons.wikimedia.org/wiki/File:GoldenGateBridge-001.jpg,https://thumb.wikimedia.org/wikipedia/commons/thumb/0/0c/GoldenGateBridge-001.jpg/1920px-GoldenGateBridge-001.jpg?utm_source=en.wikipedia.org&utm_campaign=imageinfo&utm_content=thumbnail,Rich Niewiroski Jr.,CC BY 2.5,https://creativecommons.org/licenses/by/2.5,2026-10-09,0cebc466688554f232e9b50fe34f441fdf4820772a4899bcebcfdf3ad74e919b,san-francisco-california.jpg
19820,detroit-michigan,ok,Detroit,File:Detroit_Skyline_from_Windsor_2025-09-01.jpg,https://commons.wikimedia.org/wiki/File:Detroit_Skyline_from_Windsor_2025-09-01.jpg,https://thumb.wikimedia.org/wikipedia/commons/thumb/4/45/Detroit_Skyline_from_Windsor_2025-09-01.jpg/1920px-Detroit_Skyline_from_Windsor_2025-09-01.jpg?utm_source=en.wikipedia.org&utm_campaign=imageinfo&utm_content=thumbnail,TheWxResearcher,CC0,http://creativecommons.org/publicdomain/zero/1.0/deed.en,2026-09-17,3b78a63ae148d091ff7dc40642fa87b7eb60002fa42c9f8fa15b20abbed22dc0,detroit-michigan.jpg
42660,seattle-washington,ok,Seattle,File:Seattle_Center_as_night_falls.jpg,https://commons.wikimedia.org/wiki/File:Seattle_Center_as_night_falls.jpg,https://thumb.wikimedia.org/wikipedia/commons/thumb/5/58/Seattle_Center_as_night_falls.jpg/1920px-Seattle_Center_as_night_falls.jpg?utm_source=en.wikipedia.org&utm_campaign=imageinfo&utm_content=thumbnail,Jeffery Hayes,CC BY-SA 3.0,https://creativecommons.org/licenses/by-sa/3.0,2026-09-17,19ce68fe16098657cbecfefedfc974340009f1741f48ab6f87ae009b0a4b38f5,seattle-washington.jpg
33460,minneapolis-minnesota,ok,Minneapolis,File:Minneapolis_Skyline_looking_south.jpg,https://commons.wikimedia.org/wiki/File:Minneapolis_Skyline_looking_south.jpg,https://thumb.wikimedia.org/wikipedia/commons/thumb/3/31/Minneapolis_Skyline_looking_south.jpg/1920px-Minneapolis_Skyline_looking_south.jpg?utm_source=en.wikipedia.org&utm_campaign=imageinfo&utm_content=thumbnail,BpA9543,CC BY-SA 4.0,https://creativecommons.org/licenses/by-sa/4.0,2026-09-17,ed57190d8eaa395b0b1118109b215e1f571182486cbb3e62f05de80a2e47c922,minneapolis-minnesota.jpg
45300,tampa-florida,ok,"Tampa,_Florida","File:Downtown_Tampa,_Florida.jpg","https://commons.wikimedia.org/wiki/File:Downtown_Tampa,_Florida.jpg",https://thumb.wikimedia.org/wikipedia/commons/thumb/b/bf/Downtown_Tampa%2C_Florida.jpg/1920px-Downtown_Tampa%2C_Florida.jpg?utm_source=en.wikipedia.org&utm_campaign=imageinfo&utm_content=thumbnail,Clément Bardot,CC BY-SA 4.0,https://creativecommons.org/licenses/by-sa/4.0,2026-09-17,6de6829dee46e26457344e72e67dc850ba2ff0e6af38095fa37944140b71613d,tampa-florida.jpg
41740,san-diego-california,ok,San_Diego,File:La_Jolla_Shores_view_(cropped).jpg,https://commons.wikimedia.org/wiki/File:La_Jolla_Shores_view_(cropped).jpg,https://upload.wikimedia.org/wikipedia/commons/e/ea/La_Jolla_Shores_view_%28cropped%29.jpg?utm_source=en.wikipedia.org&utm_campaign=imageinfo&utm_content=thumbnail_unscaled,Dirk Hansen,CC BY-SA 3.0,https://creativecommons.org/licenses/by-sa/3.0,2026-09-17,c5e3b09f72155e05a00ffbb0a7c1df048eac70150bb82f0bf60ec30ec1fb5b8f,san-diego-california.jpg
19740,denver-colorado,ok,Denver,"File:Denver,_Colorado_skyline_(cropped_3x5).jpg","https://commons.wikimedia.org/wiki/File:Denver,_Colorado_skyline_(cropped_3x5).jpg",https://thumb.wikimedia.org/wikipedia/commons/thumb/3/37/Denver%2C_Colorado_skyline_%28cropped_3x5%29.jpg/1920px-Denver%2C_Colorado_skyline_%28cropped_3x5%29.jpg?utm_source=en.wikipedia.org&utm_campaign=imageinfo&utm_content=thumbnail,Quintin Soloviev,CC BY 4.0,https://creativecommons.org/licenses/by/4.0,2026-09-17,8cc2d38e3038fa2726c8d03b2b03914492daa136f5d4cb3bed6dc214d06deffa,denver-colorado.jpg
12580,baltimore-maryland,ok,,,https://commons.wikimedia.org/wiki/File:Bmoreharbor.JPG,https://thumb.wikimedia.org/wikipedia/commons/thumb/2/2a/Bmoreharbor.JPG/1920px-Bmoreharbor.JPG?utm_source=en.wikipedia.org&utm_campaign=imageinfo&utm_content=thumbnail,Oldlinestate,Public domain,,2026-10-09,6645b60ca89a1726d3318265f9de7ec94d605f18dcebd9d45f2916ebb103747f,baltimore-maryland.jpg
41180,st-louis-missouri,ok,St._Louis,File:Runner_Fountain_and_Old_Courthouse_and_Arch_(5618845531).jpg,https://commons.wikimedia.org/wiki/File:Runner_Fountain_and_Old_Courthouse_and_Arch_(5618845531).jpg,https://thumb.wikimedia.org/wikipedia/commons/thumb/0/0c/Runner_Fountain_and_Old_Courthouse_and_Arch_%285618845531%29.jpg/1920px-Runner_Fountain_and_Old_Courthouse_and_Arch_%285618845531%29.jpg?utm_source=en.wikipedia.org&utm_campaign=imageinfo&utm_content=thumbnail,"Jefferson National Expansion Memorial, NPS from St. Louis, MO, USA",CC BY 2.0,https://creativecommons.org/licenses/by/2.0,2026-09-17,6e98ad241effd7b165ca900c32d1d8f1db5f93c969caa4169139cfd5a26c7a04,st-louis-missouri.jpg
36740,orlando-florida,ok,,,"https://commons.wikimedia.org/wiki/File:South_Eola,_Orlando,_FL_32801,_USA_-_panoramio_(1).jpg",https://thumb.wikimedia.org/wikipedia/commons/thumb/2/20/South_Eola%2C_Orlando%2C_FL_32801%2C_USA_-_panoramio_%281%29.jpg/1920px-South_Eola%2C_Orlando%2C_FL_32801%2C_USA_-_panoramio_%281%29.jpg?utm_source=en.wikipedia.org&utm_campaign=imageinfo&utm_content=thumbnail,nick hoke,CC BY 3.0,https://creativecommons.org/licenses/by/3.0,2026-10-09,8d71bb8b18a54c0b4bba494327ddaebedd2cb105b404106abef6466c6863ba67,orlando-florida.jpg
16740,charlotte-north-carolina,ok,,,https://commons.wikimedia.org/wiki/File:Skyline_of_Charlotte_2016.jpg,https://thumb.wikimedia.org/wikipedia/commons/thumb/0/0b/Skyline_of_Charlotte_2016.jpg/1920px-Skyline_of_Charlotte_2016.jpg?utm_source=en.wikipedia.org&utm_campaign=imageinfo&utm_content=thumbnail,brandon walker,CC0,http://creativecommons.org/publicdomain/zero/1.0/deed.en,2026-10-09,a5dc04c56c95e2fe99fa720267da0910dab9a31b32f51750daf3cb2430fb2375,charlotte-north-carolina.jpg
41700,san-antonio-texas,ok,,,"https://commons.wikimedia.org/wiki/File:San_Antonio_Riverwalk,_San_Antonio,_Texas_(50187302062).jpg",https://thumb.wikimedia.org/wikipedia/commons/thumb/6/66/San_Antonio_Riverwalk%2C_San_Antonio%2C_Texas_%2850187302062%29.jpg/1920px-San_Antonio_Riverwalk%2C_San_Antonio%2C_Texas_%2850187302062%29.jpg?utm_source=en.wikipedia.org&utm_campaign=imageinfo&utm_content=thumbnail,"Nicolas Henderson from Coppell, Texas",CC BY 2.0,https://creativecommons.org/licenses/by/2.0,2026-10-09,e60c106d4d750d3d1e460a9bed3775bd4a03ef3a1b5b619b89c88b2f9945ff72,san-antonio-texas.jpg
38900,portland-oregon,ok,"Portland,_Oregon","File:Portland_Oregon_Aerial,_June_2025.jpg","https://commons.wikimedia.org/wiki/File:Portland_Oregon_Aerial,_June_2025.jpg",https://upload.wikimedia.org/wikipedia/commons/4/4d/Portland_Oregon_Aerial%2C_June_2025.jpg?utm_source=en.wikipedia.org&utm_campaign=imageinfo&utm_content=thumbnail_unscaled,Spicypepper999,CC0,http://creativecommons.org/publicdomain/zero/1.0/deed.en,2026-09-17,838645e06868fc5b9ef173ab9290837895d477a04dcad8c29044b5c6e5c01c7b,portland-oregon.jpg
38300,pittsburgh-pennsylvania,ok,,,https://commons.wikimedia.org/wiki/File:Downtown_Pittsburgh_from_Duquesne_Incline_in_the_morning.jpg,https://thumb.wikimedia.org/wikipedia/commons/thumb/5/5d/Downtown_Pittsburgh_from_Duquesne_Incline_in_the_morning.jpg/1920px-Downtown_Pittsburgh_from_Duquesne_Incline_in_the_morning.jpg?utm_source=en.wikipedia.org&utm_campaign=imageinfo&utm_content=thumbnail,Dllu,CC BY-SA 4.0,https://creativecommons.org/licenses/by-sa/4.0,2026-10-09,291ee2052acc5b6d6bcdb94feb18cd61b1b6e1f859869981db9e06a9f3084549,pittsburgh-pennsylvania.jpg
12420,austin-texas,ok,"Austin,_Texas","File:Skyline_of_Austin,_Texas_(cropped).jpg","https://commons.wikimedia.org/wiki/File:Skyline_of_Austin,_Texas_(cropped).jpg",https://thumb.wikimedia.org/wikipedia/commons/thumb/f/f4/Skyline_of_Austin%2C_Texas_%28cropped%29.jpg/1920px-Skyline_of_Austin%2C_Texas_%28cropped%29.jpg?utm_source=en.wikipedia.org&utm_campaign=imageinfo&utm_content=thumbnail,Quintin Soloviev,CC BY 4.0,https://creativecommons.org/licenses/by/4.0,2026-09-17,41b695b8f8f945a85487af669a59fa475ef4772fd053400eec09b8f9b77d03c4,austin-texas.jpg
40900,sacramento-california,ok,"Sacramento,_California","File:Sacramento,_CA_skyline_(cropped).jpg","https://commons.wikimedia.org/wiki/File:Sacramento,_CA_skyline_(cropped).jpg",https://thumb.wikimedia.org/wikipedia/commons/thumb/3/39/Sacramento%2C_CA_skyline_%28cropped%29.jpg/1920px-Sacramento%2C_CA_skyline_%28cropped%29.jpg?utm_source=en.wikipedia.org&utm_campaign=imageinfo&utm_content=thumbnail,Quintin Soloviev,CC BY 4.0,https://creativecommons.org/licenses/by/4.0,2026-09-17,58d2fbed3f17b162494dd80537615782abd7cf16565934a7c2c0910d91f3e917,sacramento-california.jpg
29820,las-vegas-nevada,ok,,,"https://commons.wikimedia.org/wiki/File:Daytime_aerial_view_of_the_Strip,_Las_Vegas,_Nevada_LCCN2010630596.tif",https://thumb.wikimedia.org/wikipedia/commons/thumb/0/06/Daytime_aerial_view_of_the_Strip%2C_Las_Vegas%2C_Nevada_LCCN2010630596.tif/lossy-page1-1920px-Daytime_aerial_view_of_the_Strip%2C_Las_Vegas%2C_Nevada_LCCN2010630596.tif.jpg?utm_source=en.wikipedia.org&utm_campaign=imageinfo&utm_content=thumbnail,Carol M. Highsmith,Public domain,,2026-10-09,fe0a647868818e472ad6e06868b1332531c52d34cee99c0ee12bdf8f5e4cc2cd,las-vegas-nevada.jpg
17140,cincinnati-ohio,ok,,,https://commons.wikimedia.org/wiki/File:Downtown_Cincinnati_and_Covington.jpg,https://thumb.wikimedia.org/wikipedia/commons/thumb/b/bb/Downtown_Cincinnati_and_Covington.jpg/1920px-Downtown_Cincinnati_and_Covington.jpg?utm_source=en.wikipedia.org&utm_campaign=imageinfo&utm_content=thumbnail,Krisandjanis324,CC0,http://creativecommons.org/publicdomain/zero/1.0/deed.en,2026-10-09,1125f5ad49928dfc45936042fe67c9cacb69e3bc3c10afe738c47117d37b4e54,cincinnati-ohio.jpg
28140,kansas-city-missouri,ok,,,https://commons.wikimedia.org/wiki/File:Kansas_city_(16778782291).jpg,https://thumb.wikimedia.org/wikipedia/commons/thumb/7/75/Kansas_city_%2816778782291%29.jpg/1920px-Kansas_city_%2816778782291%29.jpg?utm_source=en.wikipedia.org&utm_campaign=imageinfo&utm_content=thumbnail,"Dean Hochman from Overland Park, Kansas, U.S.",CC BY 2.0,https://creativecommons.org/licenses/by/2.0,2026-10-09,cbd25b49a22a0ec3b72138e4d52e79396679e4853f67c5839b7fde693f8138f1,kansas-city-missouri.jpg
18140,columbus-ohio,ok,"Columbus,_Ohio",File:Downtown_Columbus_View_from_Main_St_Bridge_-_edit1.jpg,https://commons.wikimedia.org/wiki/File:Downtown_Columbus_View_from_Main_St_Bridge_-_edit1.jpg,https://thumb.wikimedia.org/wikipedia/commons/thumb/a/ad/Downtown_Columbus_View_from_Main_St_Bridge_-_edit1.jpg/1920px-Downtown_Columbus_View_from_Main_St_Bridge_-_edit1.jpg?utm_source=en.wikipedia.org&utm_campaign=imageinfo&utm_content=thumbnail,Paul Wasneski,Public domain,,2026-09-17,ff6767a1ec98274bd732c1754e5a1b23745bdf77123f7ab5a8d7efaf25d9fbaa,columbus-ohio.jpg
17410,cleveland-ohio,ok,Cleveland,"File:Cleveland_skyline_from_Lakewood_Park,_January_2026.jpg","https://commons.wikimedia.org/wiki/File:Cleveland_skyline_from_Lakewood_Park,_January_2026.jpg",https://thumb.wikimedia.org/wikipedia/commons/thumb/9/92/Cleveland_skyline_from_Lakewood_Park%2C_January_2026.jpg/1920px-Cleveland_skyline_from_Lakewood_Park%2C_January_2026.jpg?utm_source=en.wikipedia.org&utm_campaign=imageinfo&utm_content=thumbnail,Erik Drost,CC BY 4.0,https://creativecommons.org/licenses/by/4.0,2026-09-17,0a3ade19c939b0eb792ebd74bdb4a21420f0bc989eaba35ca456dfd2ed697ac9,cleveland-ohio.jpg
26900,indianapolis-indiana,ok,Indianapolis,File:Indianapolis-1872529_1920_(cropped).jpg,https://commons.wikimedia.org/wiki/File:Indianapolis-1872529_1920_(cropped).jpg,https://thumb.wikimedia.org/wikipedia/commons/thumb/c/c6/Indianapolis-1872529_1920_%28cropped%29.jpg/1920px-Indianapolis-1872529_1920_%28cropped%29.jpg?utm_source=en.wikipedia.org&utm_campaign=imageinfo&utm_content=thumbnail,Carol M. Highsmith,Public domain,,2026-09-17,225114862e449a6174b59c9c7a1e99464ce5db4b887081985ab392025fc2a88d,indianapolis-indiana.jpg
34980,nashville-tennessee,ok,,,"https://commons.wikimedia.org/wiki/File:Nashville,_Tennessee_(cropped).jpg",https://thumb.wikimedia.org/wikipedia/commons/thumb/4/44/Nashville%2C_Tennessee_%28cropped%29.jpg/1920px-Nashville%2C_Tennessee_%28cropped%29.jpg?utm_source=en.wikipedia.org&utm_campaign=imageinfo&utm_content=thumbnail,Quintin Soloviev,CC BY 4.0,https://creativecommons.org/licenses/by/4.0,2026-10-09,b7c6f0b1c3aefdb5c368f937b3f348c2ff5553e504634c10b0d025c36a1a2d3a,nashville-tennessee.jpg
41940,san-jose-california,ok,"San_Jose,_California","File:Valencia_Hotel,_Santana_Row_(cropped).jpg","https://commons.wikimedia.org/wiki/File:Valencia_Hotel,_Santana_Row_(cropped).jpg",https://thumb.wikimedia.org/wikipedia/commons/thumb/a/ab/Valencia_Hotel%2C_Santana_Row_%28cropped%29.jpg/1920px-Valencia_Hotel%2C_Santana_Row_%28cropped%29.jpg?utm_source=en.wikipedia.org&utm_campaign=imageinfo&utm_content=thumbnail,Payton Chung,CC BY 2.0,https://creativecommons.org/licenses/by/2.0,2026-09-17,9a5595d14b4e12b33e2e528f826e1880f69955210fa9b7a0d295363b3c0cb9eb,san-jose-california.jpg
47260,virginia-beach-virginia,ok,"Virginia_Beach,_Virginia",File:VB_Oceanfront.jpg,https://commons.wikimedia.org/wiki/File:VB_Oceanfront.jpg,https://thumb.wikimedia.org/wikipedia/commons/thumb/1/18/VB_Oceanfront.jpg/1920px-VB_Oceanfront.jpg?utm_source=en.wikipedia.org&utm_campaign=imageinfo&utm_content=thumbnail,DanRVA,CC BY-SA 4.0,https://creativecommons.org/licenses/by-sa/4.0,2026-09-17,d66377dcec4bcd23619cad101876d9de7ed71b630de4817ba75bd3de2049bcb1,virginia-beach-virginia.jpg
39300,providence-rhode-island,ok,,,https://commons.wikimedia.org/wiki/File:Providence_Rhode_Island_skyline_2017.jpg,https://thumb.wikimedia.org/wikipedia/commons/thumb/a/a2/Providence_Rhode_Island_skyline_2017.jpg/1920px-Providence_Rhode_Island_skyline_2017.jpg?utm_source=en.wikipedia.org&utm_campaign=imageinfo&utm_content=thumbnail,Kenneth C. Zirkel,CC BY-SA 4.0,https://creativecommons.org/licenses/by-sa/4.0,2026-10-09,1adeaaf46cc669e0dd285a334e4baf36a76f5b116b9cb7f08e132d1cb048a235,providence-rhode-island.jpg
27260,jacksonville-florida,ok,"Jacksonville,_Florida",File:Jacksonville_skyline.jpg,https://commons.wikimedia.org/wiki/File:Jacksonville_skyline.jpg,https://thumb.wikimedia.org/wikipedia/commons/thumb/a/a1/Jacksonville_skyline.jpg/1920px-Jacksonville_skyline.jpg?utm_source=en.wikipedia.org&utm_campaign=imageinfo&utm_content=thumbnail,Quintin Soloviev,CC BY 4.0,https://creativecommons.org/licenses/by/4.0,2026-09-17,7be86ea851cc9c9e6e45dc398088f28fbbe6bc5f7e069531abbfa67ba3c6417a,jacksonville-florida.jpg
33340,milwaukee-wisconsin,ok,Milwaukee,File:Milwaukee_Skyline_w_New_NW_Mutual_Building_2025_by_Isaac_Rowlett.jpg,https://commons.wikimedia.org/wiki/File:Milwaukee_Skyline_w_New_NW_Mutual_Building_2025_by_Isaac_Rowlett.jpg,https://thumb.wikimedia.org/wikipedia/commons/thumb/b/b4/Milwaukee_Skyline_w_New_NW_Mutual_Building_2025_by_Isaac_Rowlett.jpg/1920px-Milwaukee_Skyline_w_New_NW_Mutual_Building_2025_by_Isaac_Rowlett.jpg?utm_source=en.wikipedia.org&utm_campaign=imageinfo&utm_content=thumbnail,Bfkenney,CC BY-SA 4.0,https://creativecommons.org/licenses/by-sa/4.0,2026-09-17,7b320283e54e93be353c2753a282c4d2917f124771cbfbbcd37020ff032a8a4d,milwaukee-wisconsin.jpg
39580,raleigh-north-carolina,ok,"Raleigh,_North_Carolina",File:Raleigh_Skyline.jpg,https://commons.wikimedia.org/wiki/File:Raleigh_Skyline.jpg,https://thumb.wikimedia.org/wikipedia/commons/thumb/e/e7/Raleigh_Skyline.jpg/1920px-Raleigh_Skyline.jpg?utm_source=en.wikipedia.org&utm_campaign=imageinfo&utm_content=thumbnail,Abhiram Juvvadi,CC BY-SA 4.0,https://creativecommons.org/licenses/by-sa/4.0,2026-09-17,5480edabcded9e397ce7ff3f73980a1c2dae9ca504310af0a4bf562ae750e86f,raleigh-north-carolina.jpg
36420,oklahoma-city-oklahoma,ok,Oklahoma_City,File:Oklahoma_city_downtown.JPG,https://commons.wikimedia.org/wiki/File:Oklahoma_city_downtown.JPG,https://thumb.wikimedia.org/wikipedia/commons/thumb/f/f8/Oklahoma_city_downtown.JPG/1920px-Oklahoma_city_downtown.JPG?utm_source=en.wikipedia.org&utm_campaign=imageinfo&utm_content=thumbnail,Urbanative,CC BY-SA 3.0,https://creativecommons.org/licenses/by-sa/3.0,2026-09-17,ea9abb6a6aadc9d3504441bd2322832a2e54137d29b88adc485ab69c88f44278,oklahoma-city-oklahoma.jpg
31140,louisville-kentucky,ok,,,https://commons.wikimedia.org/wiki/File:Steamboat_Delta_Queen_and_downtown_buildings_Louisville_Kentucky_USA_Ohio_River_mile_604_July_2005_file_a5g004.jpg,https://thumb.wikimedia.org/wikipedia/commons/thumb/7/7e/Steamboat_Delta_Queen_and_downtown_buildings_Louisville_Kentucky_USA_Ohio_River_mile_604_July_2005_file_a5g004.jpg/1920px-Steamboat_Delta_Queen_and_downtown_buildings_Louisville_Kentucky_USA_Ohio_River_mile_604_July_2005_file_a5g004.jpg?utm_source=en.wikipedia.org&utm_campaign=imageinfo&utm_content=thumbnail,William Alden,CC BY-SA 4.0,https://creativecommons.org/licenses/by-sa/4.0,2026-10-09,5e6210480b04fd16524ecadad8915204f2d0203728a3e68e8da45584792debab,louisville-kentucky.jpg
32820,memphis-tennessee,ok,"Memphis,_Tennessee","File:Skyline_of_Memphis,_TN.jpg","https://commons.wikimedia.org/wiki/File:Skyline_of_Memphis,_TN.jpg",https://thumb.wikimedia.org/wikipedia/commons/thumb/0/03/Skyline_of_Memphis%2C_TN.jpg/1920px-Skyline_of_Memphis%2C_TN.jpg?utm_source=en.wikipedia.org&utm_campaign=imageinfo&utm_content=thumbnail,Quintin Soloviev,CC BY 4.0,https://creativecommons.org/licenses/by/4.0,2026-09-17,539257afc9e45f5e2493144e9e8016ee03df20e9a92397de0c9bc21db6a37a84,memphis-tennessee.jpg
40060,richmond-virginia,ok,"Richmond,_Virginia","File:A_downtown_view_of_Richmond,_VA.jpg","https://commons.wikimedia.org/wiki/File:A_downtown_view_of_Richmond,_VA.jpg",https://thumb.wikimedia.org/wikipedia/commons/thumb/7/7c/A_downtown_view_of_Richmond%2C_VA.jpg/1920px-A_downtown_view_of_Richmond%2C_VA.jpg?utm_source=en.wikipedia.org&utm_campaign=imageinfo&utm_content=thumbnail,Bruce Emmerling,CC BY-SA 4.0,https://creativecommons.org/licenses/by-sa/4.0,2026-09-17,d444c79f7393227baf28141d4add8b9ed6d4cfd2206799a7eb20bdf245efe56f,richmond-virginia.jpg
41620,salt-lake-city-utah,ok,Salt_Lake_City,File:SLC_Skyline_2024.jpg,https://commons.wikimedia.org/wiki/File:SLC_Skyline_2024.jpg,https://thumb.wikimedia.org/wikipedia/commons/thumb/1/15/SLC_Skyline_2024.jpg/1920px-SLC_Skyline_2024.jpg?utm_source=en.wikipedia.org&utm_campaign=imageinfo&utm_content=thumbnail,Invictus323,CC BY 4.0,https://creativecommons.org/licenses/by/4.0,2026-09-17,c03e97c99d4f72f36633b51278f059f053dc053d77262df565cd1da037a4b609,salt-lake-city-utah.jpg
13820,birmingham-alabama,ok,"Birmingham,_Alabama","File:Birmingham,_Alabama.jpg","https://commons.wikimedia.org/wiki/File:Birmingham,_Alabama.jpg",https://thumb.wikimedia.org/wikipedia/commons/thumb/1/17/Birmingham%2C_Alabama.jpg/1920px-Birmingham%2C_Alabama.jpg?utm_source=en.wikipedia.org&utm_campaign=imageinfo&utm_content=thumbnail,Quintin Soloviev,CC BY 4.0,https://creativecommons.org/licenses/by/4.0,2026-09-17,63a79063f60ac35b662935e4f4399d609909b1434dc1cb416cbf3058b4455291,birmingham-alabama.jpg
23420,fresno-california,ok,,,https://commons.wikimedia.org/wiki/File:Tower_Theatre_Fresno_2.jpg,https://thumb.wikimedia.org/wikipedia/commons/thumb/f/f3/Tower_Theatre_Fresno_2.jpg/1920px-Tower_Theatre_Fresno_2.jpg?utm_source=en.wikipedia.org&utm_campaign=imageinfo&utm_content=thumbnail,David Prasad (niiicedave),CC BY-SA 2.0,https://creativecommons.org/licenses/by-sa/2.0,2026-10-09,346ad1f866eadb6bd2a964c94097f49ed219e01b5401f4e86fa3ca34ea7c9d3c,fresno-california.jpg
24340,grand-rapids-michigan,ok,,,"https://commons.wikimedia.org/wiki/File:Blue_Bridge_Grand_Rapids,_Michigan.jpg",https://thumb.wikimedia.org/wikipedia/commons/thumb/2/22/Blue_Bridge_Grand_Rapids%2C_Michigan.jpg/1920px-Blue_Bridge_Grand_Rapids%2C_Michigan.jpg?utm_source=en.wikipedia.org&utm_campaign=imageinfo&utm_content=thumbnail,WMrapids,CC0,http://creativecommons.org/publicdomain/zero/1.0/deed.en,2026-10-09,11b9cbec7b6e1491c8d0969770ecacbe195ae955ff926ec13b19e1e590b5d571,grand-rapids-michigan.jpg
15380,buffalo-new-york,ok,"Buffalo,_New_York","File:Buffalo,_NY_skyline.jpg","https://commons.wikimedia.org/wiki/File:Buffalo,_NY_skyline.jpg",https://thumb.wikimedia.org/wikipedia/commons/thumb/1/14/Buffalo%2C_NY_skyline.jpg/1920px-Buffalo%2C_NY_skyline.jpg?utm_source=en.wikipedia.org&utm_campaign=imageinfo&utm_content=thumbnail,Quintin Soloviev,CC BY 4.0,https://creativecommons.org/licenses/by/4.0,2026-09-17,06f85650cb8b9eb5b89d6386dbd72544d5a75a372e4e6e33ea3a23e33ec8d0c0,buffalo-new-york.jpg
25540,hartford-connecticut,ok,"Hartford,_Connecticut","File:Hartford,_CT_skyline_(cropped).jpg","https://commons.wikimedia.org/wiki/File:Hartford,_CT_skyline_(cropped).jpg",https://thumb.wikimedia.org/wikipedia/commons/thumb/a/a8/Hartford%2C_CT_skyline_%28cropped%29.jpg/1920px-Hartford%2C_CT_skyline_%28cropped%29.jpg?utm_source=en.wikipedia.org&utm_campaign=imageinfo&utm_content=thumbnail,Quintin Soloviev,CC BY 4.0,https://creativecommons.org/licenses/by/4.0,2026-09-17,a1545aaf82f5dcceb1dfe034a405710708bafc07656db29a3080068de3c1d8fe,hartford-connecticut.jpg
46060,tucson-arizona,ok,"Tucson,_Arizona",File:View_of_Tucson_from_Sentinel_Peak_2.jpg,https://commons.wikimedia.org/wiki/File:View_of_Tucson_from_Sentinel_Peak_2.jpg,https://thumb.wikimedia.org/wikipedia/commons/thumb/d/d5/View_of_Tucson_from_Sentinel_Peak_2.jpg/1920px-View_of_Tucson_from_Sentinel_Peak_2.jpg?utm_source=en.wikipedia.org&utm_campaign=imageinfo&utm_content=thumbnail,John Diebolt,Public domain,,2026-09-17,8305109e8219403797124ab88b9bfecac5fda028ff56f0eb59a46af0eae21031,tucson-arizona.jpg
40380,rochester-new-york,ok,,,https://commons.wikimedia.org/wiki/File:Rochester_High_Falls.jpg,https://thumb.wikimedia.org/wikipedia/commons/thumb/2/22/Rochester_High_Falls.jpg/1920px-Rochester_High_Falls.jpg?utm_source=en.wikipedia.org&utm_campaign=imageinfo&utm_content=thumbnail,Evilarry,Public domain,,2026-10-09,1d3167efead2a03b6df5748aac34515c83a6fa397e593fec53690e85465d374b,rochester-new-york.jpg
46140,tulsa-oklahoma,ok,,,https://commons.wikimedia.org/wiki/File:Tulsa_Skyline.jpg,https://thumb.wikimedia.org/wikipedia/commons/thumb/f/fa/Tulsa_Skyline.jpg/1920px-Tulsa_Skyline.jpg?utm_source=en.wikipedia.org&utm_campaign=imageinfo&utm_content=thumbnail,Caleb Long,CC BY-SA 2.5,https://creativecommons.org/licenses/by-sa/2.5,2026-10-09,b99d93d5c30524803e8353849574f45aa073487b6c488d535a28d0c91a2364c4,tulsa-oklahoma.jpg
46520,honolulu-hawaii,ok,,,https://commons.wikimedia.org/wiki/File:Honolulu_cityscape.jpg,https://thumb.wikimedia.org/wikipedia/commons/thumb/e/ed/Honolulu_cityscape.jpg/1920px-Honolulu_cityscape.jpg?utm_source=en.wikipedia.org&utm_campaign=imageinfo&utm_content=thumbnail,Christian Joudrey,CC0,http://creativecommons.org/publicdomain/zero/1.0/deed.en,2026-10-09,427189cebd57e095d2e8daa7ba6576ba4b8d3f19c9bf3b8056ab43f0ec8ac8eb,honolulu-hawaii.jpg
36540,omaha-nebraska,ok,"Omaha,_Nebraska","File:City_of_Omaha,_Nebraska_Skyline_on_the_Missouri_River_(30899969517).jpg","https://commons.wikimedia.org/wiki/File:City_of_Omaha,_Nebraska_Skyline_on_the_Missouri_River_(30899969517).jpg",https://thumb.wikimedia.org/wikipedia/commons/thumb/b/b6/City_of_Omaha%2C_Nebraska_Skyline_on_the_Missouri_River_%2830899969517%29.jpg/1920px-City_of_Omaha%2C_Nebraska_Skyline_on_the_Missouri_River_%2830899969517%29.jpg?utm_source=en.wikipedia.org&utm_campaign=imageinfo&utm_content=thumbnail,"Tony Webster from Minneapolis, Minnesota, United States",CC BY 2.0,https://creativecommons.org/licenses/by/2.0,2026-09-17,fb22689a85a30a84191ba3690e0ceafa6bdf3d5fd5df82a30c64553bf38a9d74,omaha-nebraska.jpg
35380,new-orleans-louisiana,ok,,,https://commons.wikimedia.org/wiki/File:Jackson_Square.jpg,https://thumb.wikimedia.org/wikipedia/commons/thumb/6/6a/Jackson_Square.jpg/1920px-Jackson_Square.jpg?utm_source=commons.wikimedia.org&utm_campaign=imageinfo&utm_content=thumbnail,Daniel Schwen,CC BY-SA 4.0,https://creativecommons.org/licenses/by-sa/4.0,2026-10-09,f3f7a2a00ae7a359bf8014ab4073e7ea28b3f2171fe36699ac7e8f886db354e3,new-orleans-louisiana.jpg
24860,greenville-south-carolina,ok,"Greenville,_South_Carolina",File:2024-4-12-Falls_Park_Waterfall_Greenville_South_Carolina_by_Yousef_AbdulHusain.jpg,https://commons.wikimedia.org/wiki/File:2024-4-12-Falls_Park_Waterfall_Greenville_South_Carolina_by_Yousef_AbdulHusain.jpg,https://thumb.wikimedia.org/wikipedia/commons/thumb/9/93/2024-4-12-Falls_Park_Waterfall_Greenville_South_Carolina_by_Yousef_AbdulHusain.jpg/1920px-2024-4-12-Falls_Park_Waterfall_Greenville_South_Carolina_by_Yousef_AbdulHusain.jpg?utm_source=en.wikipedia.org&utm_campaign=imageinfo&utm_content=thumbnail,CantoV,CC BY-SA 4.0,https://creativecommons.org/licenses/by-sa/4.0,2026-09-17,e87edf2c2f78623f9701e79b4806ffe44baa6afdaf152c610a4f628b0163ae01,greenville-south-carolina.jpg
14860,bridgeport-connecticut,ok,,,"https://commons.wikimedia.org/wiki/File:Downtown_Bridgeport,_Connecticut.jpg",https://thumb.wikimedia.org/wikipedia/commons/thumb/e/e2/Downtown_Bridgeport%2C_Connecticut.jpg/1920px-Downtown_Bridgeport%2C_Connecticut.jpg?utm_source=commons.wikimedia.org&utm_campaign=imageinfo&utm_content=thumbnail,Quintin Soloviev,CC BY 4.0,https://creativecommons.org/licenses/by/4.0,2026-10-09,658c40f8fc39d1c33e8d507a1ce7dd428a4646a0ad90a9433446f49ed62940b0,bridgeport-connecticut.jpg
28940,knoxville-tennessee,ok,"Knoxville,_Tennessee",File:Four-market-square-tn1.jpg,https://commons.wikimedia.org/wiki/File:Four-market-square-tn1.jpg,https://thumb.wikimedia.org/wikipedia/commons/thumb/7/72/Four-market-square-tn1.jpg/1920px-Four-market-square-tn1.jpg?utm_source=en.wikipedia.org&utm_campaign=imageinfo&utm_content=thumbnail,Brian Stansberry,CC BY 3.0,https://creativecommons.org/licenses/by/3.0,2026-09-17,88f1969a61e2b23dd9cb6f8a19114fea4391fbe066082149ea7a16e4cdcde453,knoxville-tennessee.jpg
10740,albuquerque-new-mexico,ok,,,"https://commons.wikimedia.org/wiki/File:Downtown_Albuquerque,_New_Mexico_(31780770537).jpg",https://thumb.wikimedia.org/wikipedia/commons/thumb/0/07/Downtown_Albuquerque%2C_New_Mexico_%2831780770537%29.jpg/1920px-Downtown_Albuquerque%2C_New_Mexico_%2831780770537%29.jpg?utm_source=en.wikipedia.org&utm_campaign=imageinfo&utm_content=thumbnail,BrandonStephenson,Public domain,,2026-10-09,7765d46036e694b3c61b33a9d273ef619da23789656146ffd2f28a103d5bdd23,albuquerque-new-mexico.jpg
12540,bakersfield-california,ok,,,"https://commons.wikimedia.org/wiki/File:Fox_Theater_-_Bakersfield,_CA_-_DSC00484.jpg",https://thumb.wikimedia.org/wikipedia/commons/thumb/b/ba/Fox_Theater_-_Bakersfield%2C_CA_-_DSC00484.jpg/1920px-Fox_Theater_-_Bakersfield%2C_CA_-_DSC00484.jpg?utm_source=en.wikipedia.org&utm_campaign=imageinfo&utm_content=thumbnail,Daderot,CC0,http://creativecommons.org/publicdomain/zero/1.0/deed.en,2026-10-09,f9e96080ab4fcffea39d28103829be5a4d25e92ffb811c13540884fca9f409cb,bakersfield-california.jpg
10580,albany-new-york,ok,"Albany,_New_York","File:Albany,_New_York.jpg","https://commons.wikimedia.org/wiki/File:Albany,_New_York.jpg",https://thumb.wikimedia.org/wikipedia/commons/thumb/0/0b/Albany%2C_New_York.jpg/1920px-Albany%2C_New_York.jpg?utm_source=en.wikipedia.org&utm_campaign=imageinfo&utm_content=thumbnail,Quintin Soloviev,CC BY 4.0,https://creativecommons.org/licenses/by/4.0,2026-09-17,a026be284b7175c57c3108f25564e0a7f1ee5fb56c8c1a4b6a4d0951cd4d4785,albany-new-york.jpg
32580,mcallen-texas,ok,,,https://commons.wikimedia.org/wiki/File:Casa_de_Palmas_2012-09-13_14-05-27.jpg,https://thumb.wikimedia.org/wikipedia/commons/thumb/d/df/Casa_de_Palmas_2012-09-13_14-05-27.jpg/1920px-Casa_de_Palmas_2012-09-13_14-05-27.jpg?utm_source=en.wikipedia.org&utm_campaign=imageinfo&utm_content=thumbnail,25or6to4,CC BY-SA 3.0,https://creativecommons.org/licenses/by-sa/3.0,2026-10-09,ea398c0c316b556542c680dfe5aeee2574dbb2eb1eace81a7441f9651dcdd7cd,mcallen-texas.jpg
35840,north-port-florida,ok,,,https://commons.wikimedia.org/wiki/File:Siesta_Key_Beach._Sarasota_-_panoramio_-_4net_(3).jpg,https://thumb.wikimedia.org/wikipedia/commons/thumb/e/e7/Siesta_Key_Beach._Sarasota_-_panoramio_-_4net_%283%29.jpg/1920px-Siesta_Key_Beach._Sarasota_-_panoramio_-_4net_%283%29.jpg?utm_source=en.wikipedia.org&utm_campaign=imageinfo&utm_content=thumbnail,4net,CC BY 3.0,https://creativecommons.org/licenses/by/3.0,2026-10-09,885473efde2e16343fe428a82cffa06d24019c55eed803bc66525de4bbcd07bb,north-port-florida.jpg
12940,baton-rouge-louisiana,ok,,,"https://commons.wikimedia.org/wiki/File:Baton_Rouge_-_Old_State_Capitol_from_the_riverfront,_April_2024.jpg",https://thumb.wikimedia.org/wikipedia/commons/thumb/9/9d/Baton_Rouge_-_Old_State_Capitol_from_the_riverfront%2C_April_2024.jpg/1920px-Baton_Rouge_-_Old_State_Capitol_from_the_riverfront%2C_April_2024.jpg?utm_source=en.wikipedia.org&utm_campaign=imageinfo&utm_content=thumbnail,xiquinhosilva,CC BY 4.0,https://creativecommons.org/licenses/by/4.0,2026-10-09,735554b0713e27004f7999c2d8c4f916e4352767c319b0346ef3d561950aa75c,baton-rouge-louisiana.jpg
21340,el-paso-texas,ok,"El_Paso,_Texas",File:El_Paso_Cityscape_(cropped).jpg,https://commons.wikimedia.org/wiki/File:El_Paso_Cityscape_(cropped).jpg,https://thumb.wikimedia.org/wikipedia/commons/thumb/b/be/El_Paso_Cityscape_%28cropped%29.jpg/1920px-El_Paso_Cityscape_%28cropped%29.jpg?utm_source=en.wikipedia.org&utm_campaign=imageinfo&utm_content=thumbnail,WmCheez,CC BY-SA 4.0,https://creativecommons.org/licenses/by-sa/4.0,2026-09-17,8157fdacd1b0baafa50d2031a2d216ba5eb0587366025f5d9eebb610fcfeb3db,el-paso-texas.jpg
10900,allentown-pennsylvania,ok,"Allentown,_Pennsylvania","File:Allentown,_Pennsylvania_(cropped).jpg","https://commons.wikimedia.org/wiki/File:Allentown,_Pennsylvania_(cropped).jpg",https://thumb.wikimedia.org/wikipedia/commons/thumb/4/42/Allentown%2C_Pennsylvania_%28cropped%29.jpg/1920px-Allentown%2C_Pennsylvania_%28cropped%29.jpg?utm_source=en.wikipedia.org&utm_campaign=imageinfo&utm_content=thumbnail,Quintin Soloviev,CC BY 4.0,https://creativecommons.org/licenses/by/4.0,2026-09-17,14a182bc54d9a69c85754c8a052f6c9c9c030ccaa7d35e3276ac5db4fe181da3,allentown-pennsylvania.jpg
49340,worcester-massachusetts,ok,"Worcester,_Massachusetts","File:Worcester,_Massachusetts.jpg","https://commons.wikimedia.org/wiki/File:Worcester,_Massachusetts.jpg",https://thumb.wikimedia.org/wikipedia/commons/thumb/f/fc/Worcester%2C_Massachusetts.jpg/1920px-Worcester%2C_Massachusetts.jpg?utm_source=en.wikipedia.org&utm_campaign=imageinfo&utm_content=thumbnail,Quintin Soloviev,CC BY 4.0,https://creativecommons.org/licenses/by/4.0,2026-09-17,2a54add87643d2fffbba0c31bba6ba187086ad5ad00a79caa3cd059a25e0b93f,worcester-massachusetts.jpg
17900,columbia-south-carolina,ok,"Columbia,_South_Carolina",File:Fall_skyline_of_Columbia_SC_from_Arsenal_Hill.jpg,https://commons.wikimedia.org/wiki/File:Fall_skyline_of_Columbia_SC_from_Arsenal_Hill.jpg,https://upload.wikimedia.org/wikipedia/commons/0/02/Fall_skyline_of_Columbia_SC_from_Arsenal_Hill.jpg?utm_source=en.wikipedia.org&utm_campaign=imageinfo&utm_content=thumbnail_unscaled,Akhenaton06,CC BY-SA 3.0,https://creativecommons.org/licenses/by-sa/3.0,2026-09-17,a52c37d7aa40d9e2c912c44834cf7129440759407d33ad547c5077850134c0e4,columbia-south-carolina.jpg
37100,oxnard-california,ok,,,"https://commons.wikimedia.org/wiki/File:Channel_Islands,_Oxnard,_CA_93035,_USA_-_panoramio_-_Sergei_Gussev_(1).jpg",https://thumb.wikimedia.org/wikipedia/commons/thumb/b/b6/Channel_Islands%2C_Oxnard%2C_CA_93035%2C_USA_-_panoramio_-_Sergei_Gussev_%281%29.jpg/1920px-Channel_Islands%2C_Oxnard%2C_CA_93035%2C_USA_-_panoramio_-_Sergei_Gussev_%281%29.jpg?utm_source=en.wikipedia.org&utm_campaign=imageinfo&utm_content=thumbnail,Sergei Gussev,CC BY 3.0,https://creativecommons.org/licenses/by/3.0,2026-10-09,3548be57977c9cfb31416b20b74819026f717a378eb07d636aba58c2deeeb0af,oxnard-california.jpg
16700,charleston-south-carolina,ok,,,https://commons.wikimedia.org/wiki/File:Rainbow_Row_Charleston_July_2024_2.jpg,https://thumb.wikimedia.org/wikipedia/commons/thumb/f/fc/Rainbow_Row_Charleston_July_2024_2.jpg/1920px-Rainbow_Row_Charleston_July_2024_2.jpg?utm_source=en.wikipedia.org&utm_campaign=imageinfo&utm_content=thumbnail,Thomson200,CC0,http://creativecommons.org/publicdomain/zero/1.0/deed.en,2026-10-09,fa49369e584fd56a95324adf33badb5c82764b6ed97d7ba728fc11ed04caeb2a,charleston-south-carolina.jpg
15980,cape-coral-florida,ok,,,"https://commons.wikimedia.org/wiki/File:Cape_Coral,_Florida.jpg",https://thumb.wikimedia.org/wikipedia/commons/thumb/2/25/Cape_Coral%2C_Florida.jpg/1920px-Cape_Coral%2C_Florida.jpg?utm_source=commons.wikimedia.org&utm_campaign=imageinfo&utm_content=thumbnail,David Wilson,CC BY 2.0,https://creativecommons.org/licenses/by/2.0,2026-10-09,16b860bb44924a6a8049b154b12aae6e73b96378d72802e4ccefa2de3c1bb3c1,cape-coral-florida.jpg
19430,dayton-ohio,ok,"Dayton,_Ohio",File:Dayton_Skyline_-_Sunset_September_2022_(cropped).jpg,https://commons.wikimedia.org/wiki/File:Dayton_Skyline_-_Sunset_September_2022_(cropped).jpg,https://thumb.wikimedia.org/wikipedia/commons/thumb/3/32/Dayton_Skyline_-_Sunset_September_2022_%28cropped%29.jpg/1920px-Dayton_Skyline_-_Sunset_September_2022_%28cropped%29.jpg?utm_source=en.wikipedia.org&utm_campaign=imageinfo&utm_content=thumbnail,Blervis,CC BY 4.0,https://creativecommons.org/licenses/by/4.0,2026-09-17,278ef88123616ff81e1241589ff4886156c9d33d154b239a66dcbbc41d222822,dayton-ohio.jpg
14260,boise-city-idaho,ok,"Boise,_Idaho","File:Boise,_Idaho.jpg","https://commons.wikimedia.org/wiki/File:Boise,_Idaho.jpg",https://thumb.wikimedia.org/wikipedia/commons/thumb/a/a6/Boise%2C_Idaho.jpg/1920px-Boise%2C_Idaho.jpg?utm_source=en.wikipedia.org&utm_campaign=imageinfo&utm_content=thumbnail,Jyoni Shuler,CC BY-SA 4.0,https://creativecommons.org/licenses/by-sa/4.0,2026-09-17,62efa9be2d9fa46047a49ea1c3c7dd54d34ac38b9680dac27a62ca7d67afdd86,boise-city-idaho.jpg
44700,stockton-california,ok,,,https://commons.wikimedia.org/wiki/File:Downtown_Stockton_California.jpg,https://thumb.wikimedia.org/wikipedia/commons/thumb/0/0a/Downtown_Stockton_California.jpg/1920px-Downtown_Stockton_California.jpg?utm_source=en.wikipedia.org&utm_campaign=imageinfo&utm_content=thumbnail,LPS.1,CC0,http://creativecommons.org/publicdomain/zero/1.0/deed.en,2026-10-09,80abf7d05c63398f4525ecbe278e4fdf24938b1925c741e09260f46bbdd85570,stockton-california.jpg
29460,lakeland-florida,ok,,,https://commons.wikimedia.org/wiki/File:Lake_Mirror_Lakeland_Florida_September_2024.jpg,https://thumb.wikimedia.org/wikipedia/commons/thumb/8/88/Lake_Mirror_Lakeland_Florida_September_2024.jpg/1920px-Lake_Mirror_Lakeland_Florida_September_2024.jpg?utm_source=en.wikipedia.org&utm_campaign=imageinfo&utm_content=thumbnail,Trevorrrrvalent,CC BY 4.0,https://creativecommons.org/licenses/by/4.0,2026-10-09,04776e9556b9c144c716497478739c62305a871ec57bb2269a3a268bae3a36db,lakeland-florida.jpg
24660,greensboro-north-carolina,ok,"Greensboro,_North_Carolina",File:Greensboro_Skyline.jpg,https://commons.wikimedia.org/wiki/File:Greensboro_Skyline.jpg,https://upload.wikimedia.org/wikipedia/commons/e/e5/Greensboro_Skyline.jpg?utm_source=en.wikipedia.org&utm_campaign=imageinfo&utm_content=original,Beyonce245 of English Wikipedia.,Public domain,,2026-09-17,3f4533a08575bf8e1ceac0c0fc4159253e92a65d753ba017cac63519453efd3a,greensboro-north-carolina.jpg
17820,colorado-springs-colorado,ok,,,"https://commons.wikimedia.org/wiki/File:Garden_of_the_Gods,_with_Pikes_Peak_in_the_background.JPG",https://thumb.wikimedia.org/wikipedia/commons/thumb/a/a1/Garden_of_the_Gods%2C_with_Pikes_Peak_in_the_background.JPG/1920px-Garden_of_the_Gods%2C_with_Pikes_Peak_in_the_background.JPG?utm_source=en.wikipedia.org&utm_campaign=imageinfo&utm_content=thumbnail,CaroleHenson,CC BY-SA 4.0,https://creativecommons.org/licenses/by-sa/4.0,2026-10-09,07d43af4c2f13f31fe7c37a54ee1c37810226e23e0e818e87f80cdd66ea7692c,colorado-springs-colorado.jpg
30780,little-rock-arkansas,ok,"Little_Rock,_Arkansas","File:Little_Rock,_Arkansas_skyline.jpg","https://commons.wikimedia.org/wiki/File:Little_Rock,_Arkansas_skyline.jpg",https://thumb.wikimedia.org/wikipedia/commons/thumb/4/4d/Little_Rock%2C_Arkansas_skyline.jpg/1920px-Little_Rock%2C_Arkansas_skyline.jpg?utm_source=en.wikipedia.org&utm_campaign=imageinfo&utm_content=thumbnail,Quintin Soloviev,CC BY 4.0,https://creativecommons.org/licenses/by/4.0,2026-09-17,a9b7c428b73026e5ad394483534c5580cd17887fae28e4a86381b13b1c1f52ef,little-rock-arkansas.jpg
19780,des-moines-iowa,ok,,,https://commons.wikimedia.org/wiki/File:Skyline_downtown_Des_Moines.jpg,https://thumb.wikimedia.org/wikipedia/commons/thumb/7/7c/Skyline_downtown_Des_Moines.jpg/1920px-Skyline_downtown_Des_Moines.jpg?utm_source=en.wikipedia.org&utm_campaign=imageinfo&utm_content=thumbnail,BarbaraLN,CC BY-SA 2.0,https://creativecommons.org/licenses/by-sa/2.0,2026-10-09,b06e193c06fc6a0f022f232c55901876309f752d1b94fa8fecd4e6ecc93bb566,des-moines-iowa.jpg
39340,provo-utah,ok,,,https://commons.wikimedia.org/wiki/File:Historic_Utah_County_Courthouse_03.jpg,https://thumb.wikimedia.org/wikipedia/commons/thumb/1/11/Historic_Utah_County_Courthouse_03.jpg/1920px-Historic_Utah_County_Courthouse_03.jpg?utm_source=en.wikipedia.org&utm_campaign=imageinfo&utm_content=thumbnail,Farragutful,CC BY-SA 4.0,https://creativecommons.org/licenses/by-sa/4.0,2026-10-09,ad0e041eca04b04a28dfd53d0cffb67c9c2069342130c89ae79fb59615c73244,provo-utah.jpg
19660,deltona-florida,ok,,,https://commons.wikimedia.org/wiki/File:Gfp-florida-daytona-beach-building-on-the-ocean.jpg,https://thumb.wikimedia.org/wikipedia/commons/thumb/4/42/Gfp-florida-daytona-beach-building-on-the-ocean.jpg/1920px-Gfp-florida-daytona-beach-building-on-the-ocean.jpg?utm_source=en.wikipedia.org&utm_campaign=imageinfo&utm_content=thumbnail,Yinan Chen,Public Domain,https://web.archive.org/web/20230926203737/https://creativecommons.org/licenses/publicdomain/,2026-10-09,57ad6cc6b849dd8451b17fd85b198e9c603c4f423c8b98e1afedbb7d0311d698,deltona-florida.jpg
28880,kiryas-joel-new-york,ok,,,https://commons.wikimedia.org/wiki/File:Poughkeepsie_Railroad_Bridge_20071020.jpg,https://thumb.wikimedia.org/wikipedia/commons/thumb/3/3c/Poughkeepsie_Railroad_Bridge_20071020.jpg/1920px-Poughkeepsie_Railroad_Bridge_20071020.jpg?utm_source=en.wikipedia.org&utm_campaign=imageinfo&utm_content=thumbnail,Jag9889,CC BY-SA 4.0,https://creativecommons.org/licenses/by-sa/4.0,2026-10-09,cdab2ef5c55c562493ac4fd52e2e0d044a1349be32ce1ca5ffaf758f11ffb224,kiryas-joel-new-york.jpg
10420,akron-ohio,ok,"Akron,_Ohio",File:Stan_Hywet_Hall_2.jpg,https://commons.wikimedia.org/wiki/File:Stan_Hywet_Hall_2.jpg,https://thumb.wikimedia.org/wikipedia/commons/thumb/f/f6/Stan_Hywet_Hall_2.jpg/1920px-Stan_Hywet_Hall_2.jpg?utm_source=en.wikipedia.org&utm_campaign=imageinfo&utm_content=thumbnail,Brandon Bisel,CC BY-SA 4.0,https://creativecommons.org/licenses/by-sa/4.0,2026-09-17,e80360e53803d4d504e0068c605c80889d62ec77f948248f0e2bdef7f4450420,akron-ohio.jpg
31540,madison-wisconsin,ok,,,https://commons.wikimedia.org/wiki/File:Madison_Wisconsin_05-04-2015_110_(17349544126).jpg,https://thumb.wikimedia.org/wikipedia/commons/thumb/3/34/Madison_Wisconsin_05-04-2015_110_%2817349544126%29.jpg/1920px-Madison_Wisconsin_05-04-2015_110_%2817349544126%29.jpg?utm_source=en.wikipedia.org&utm_campaign=imageinfo&utm_content=thumbnail,"Richard Hurd from Green Bay, USA",CC BY 2.0,https://creativecommons.org/licenses/by/2.0,2026-10-09,a6f57acd03c77b1c93b4c5b05175ee32529b79f8aff73809fe6a337da713efc7,madison-wisconsin.jpg
49180,winston-salem-north-carolina,ok,"Winston-Salem,_North_Carolina",File:Winston-Salem_skyline.jpg,https://commons.wikimedia.org/wiki/File:Winston-Salem_skyline.jpg,https://thumb.wikimedia.org/wikipedia/commons/thumb/0/04/Winston-Salem_skyline.jpg/1920px-Winston-Salem_skyline.jpg?utm_source=en.wikipedia.org&utm_campaign=imageinfo&utm_content=thumbnail,Indy beetle,CC0,http://creativecommons.org/publicdomain/zero/1.0/deed.en,2026-09-17,2d28c001f4fb87a1dede3438b23aba059c933854a7168ee695d6217cb9a1ea24,winston-salem-north-carolina.jpg
45060,syracuse-new-york,ok,"Syracuse,_New_York","File:Syracuse,_New_York_skyline_(cropped).jpg","https://commons.wikimedia.org/wiki/File:Syracuse,_New_York_skyline_(cropped).jpg",https://thumb.wikimedia.org/wikipedia/commons/thumb/4/47/Syracuse%2C_New_York_skyline_%28cropped%29.jpg/1920px-Syracuse%2C_New_York_skyline_%28cropped%29.jpg?utm_source=en.wikipedia.org&utm_campaign=imageinfo&utm_content=thumbnail,Quintin Soloviev,CC BY 4.0,https://creativecommons.org/licenses/by/4.0,2026-09-17,6b582a84db1416a71da43253f7bb22085cdf15fc36f7ced056f5ce7aa696086d,syracuse-new-york.jpg
36260,ogden-utah,ok,,,https://commons.wikimedia.org/wiki/File:Ogden_Utah_downtown.jpg,https://thumb.wikimedia.org/wikipedia/commons/thumb/0/07/Ogden_Utah_downtown.jpg/1920px-Ogden_Utah_downtown.jpg?utm_source=en.wikipedia.org&utm_campaign=imageinfo&utm_content=thumbnail,"Scott Catron from Sandy, Utah, USA",CC BY-SA 2.0,https://creativecommons.org/licenses/by-sa/2.0,2026-10-09,116c0d5bf963165952de9e152372fd0a3a1b22b05b30909487e4a0d6e57b9880,ogden-utah.jpg
48620,wichita-kansas,ok,"Wichita,_Kansas","File:Wichita,_Kansas_skyline.jpg","https://commons.wikimedia.org/wiki/File:Wichita,_Kansas_skyline.jpg",https://thumb.wikimedia.org/wikipedia/commons/thumb/8/81/Wichita%2C_Kansas_skyline.jpg/1920px-Wichita%2C_Kansas_skyline.jpg?utm_source=en.wikipedia.org&utm_campaign=imageinfo&utm_content=thumbnail,Quintin Soloviev,CC BY 4.0,https://creativecommons.org/licenses/by/4.0,2026-09-17,9ca737c4536ebe9f223b4f073d7b82b643fee4c09b9a55581d75f1be8900eaa7,wichita-kansas.jpg
37340,palm-bay-florida,ok,,,https://commons.wikimedia.org/wiki/File:PalmBayFLBay.jpg,https://thumb.wikimedia.org/wikipedia/commons/thumb/2/24/PalmBayFLBay.jpg/1920px-PalmBayFLBay.jpg?utm_source=en.wikipedia.org&utm_campaign=imageinfo&utm_content=thumbnail,Excel23,CC BY-SA 4.0,https://creativecommons.org/licenses/by-sa/4.0,2026-10-09,7b0627794c3038488beb31ef7a56ecd1f9232567298191d411129d6301cb89c1,palm-bay-florida.jpg
12260,augusta-georgia,ok,"Augusta,_Georgia","File:Augusta,_GA_Downtown_Skyline_2017.jpg","https://commons.wikimedia.org/wiki/File:Augusta,_GA_Downtown_Skyline_2017.jpg",https://thumb.wikimedia.org/wikipedia/commons/thumb/4/41/Augusta%2C_GA_Downtown_Skyline_2017.jpg/1920px-Augusta%2C_GA_Downtown_Skyline_2017.jpg?utm_source=en.wikipedia.org&utm_campaign=imageinfo&utm_content=thumbnail,c_live_lee,CC0,http://creativecommons.org/publicdomain/zero/1.0/deed.en,2026-09-17,70f8cecc40505f5c178cebd3fe9139c486d1890236747827e93756cee027f46f,augusta-georgia.jpg
27140,jackson-mississippi,ok,"Jackson,_Mississippi",File:Mississippi_State_Capitol_Building_(26815684617).jpg,https://commons.wikimedia.org/wiki/File:Mississippi_State_Capitol_Building_(26815684617).jpg,https://thumb.wikimedia.org/wikipedia/commons/thumb/0/0b/Mississippi_State_Capitol_Building_%2826815684617%29.jpg/1920px-Mississippi_State_Capitol_Building_%2826815684617%29.jpg?utm_source=en.wikipedia.org&utm_campaign=imageinfo&utm_content=thumbnail,"formulanone from Huntsville, United States",CC BY-SA 2.0,https://creativecommons.org/licenses/by-sa/2.0,2026-09-17,909a5f703c9002b1129c7f4b769859007a286ae313f9e4dfea421d871ec3cc9a,jackson-mississippi.jpg
25420,harrisburg-pennsylvania,ok,,,"https://commons.wikimedia.org/wiki/File:State_Street_-_Harrisburg,_Pennsylvania.jpg",https://thumb.wikimedia.org/wikipedia/commons/thumb/e/ee/State_Street_-_Harrisburg%2C_Pennsylvania.jpg/1920px-State_Street_-_Harrisburg%2C_Pennsylvania.jpg?utm_source=en.wikipedia.org&utm_campaign=imageinfo&utm_content=thumbnail,Farragutful,CC BY-SA 4.0,https://creativecommons.org/licenses/by-sa/4.0,2026-10-09,0a9b8e518dce603be31ccb5dbefd1d530c49ef938752490c77e8f239686deb51,harrisburg-pennsylvania.jpg
45780,toledo-ohio,ok,,,"https://commons.wikimedia.org/wiki/File:Toledo,_Ohio_Skyline,_July_2022.jpg",https://thumb.wikimedia.org/wikipedia/commons/thumb/4/4f/Toledo%2C_Ohio_Skyline%2C_July_2022.jpg/1920px-Toledo%2C_Ohio_Skyline%2C_July_2022.jpg?utm_source=commons.wikimedia.org&utm_campaign=imageinfo&utm_content=thumbnail,MrJacon000,CC BY-SA 4.0,https://creativecommons.org/licenses/by-sa/4.0,2026-10-09,0163df13bfd9148ce12ebe11d1c94fcc946d8244796f8226e607ddae5349faed,toledo-ohio.jpg
20500,durham-north-carolina,ok,,,https://commons.wikimedia.org/wiki/File:SKYL015_Downtown_Durham_Skyline_DiscoverDurham.jpg,https://thumb.wikimedia.org/wikipedia/commons/thumb/0/06/SKYL015_Downtown_Durham_Skyline_DiscoverDurham.jpg/1920px-SKYL015_Downtown_Durham_Skyline_DiscoverDurham.jpg?utm_source=en.wikipedia.org&utm_campaign=imageinfo&utm_content=thumbnail,Discover Durham,CC BY 4.0,https://creativecommons.org/licenses/by/4.0,2026-10-09,35cdbe1aa4fe9c1f9792e5d160bc989f98fbdfbe60cf6f2f09707734a01c73f9,durham-north-carolina.jpg
44060,spokane-washington,ok,"Spokane,_Washington","File:Spokane,_Washington_skyline_(cropped).jpg","https://commons.wikimedia.org/wiki/File:Spokane,_Washington_skyline_(cropped).jpg",https://thumb.wikimedia.org/wikipedia/commons/thumb/b/b1/Spokane%2C_Washington_skyline_%28cropped%29.jpg/1920px-Spokane%2C_Washington_skyline_%28cropped%29.jpg?utm_source=en.wikipedia.org&utm_campaign=imageinfo&utm_content=thumbnail,Quintin Soloviev,CC BY 4.0,https://creativecommons.org/licenses/by/4.0,2026-09-17,73f870085e9a66cb6153eb1f5994cf06a05012c6ead8bb6fe896655190c3196e,spokane-washington.jpg
22220,fayetteville-arkansas,ok,,,https://commons.wikimedia.org/wiki/File:University_of_Arkansas_May_2017_07_(Old_Main).jpg,https://thumb.wikimedia.org/wikipedia/commons/thumb/a/a2/University_of_Arkansas_May_2017_07_%28Old_Main%29.jpg/1920px-University_of_Arkansas_May_2017_07_%28Old_Main%29.jpg?utm_source=en.wikipedia.org&utm_campaign=imageinfo&utm_content=thumbnail,Michael Barera,CC BY-SA 4.0,https://creativecommons.org/licenses/by-sa/4.0,2026-10-09,7aafa630c57919e50c794c4caf626f659364771b6ade368e628f537cd5418af1,fayetteville-arkansas.jpg
16860,chattanooga-tennessee,ok,,,https://commons.wikimedia.org/wiki/File:Walnut_Street_Bridge_02.jpg,https://thumb.wikimedia.org/wikipedia/commons/thumb/7/72/Walnut_Street_Bridge_02.jpg/1920px-Walnut_Street_Bridge_02.jpg?utm_source=en.wikipedia.org&utm_campaign=imageinfo&utm_content=thumbnail,Ɱ,CC BY-SA 4.0,https://creativecommons.org/licenses/by-sa/4.0,2026-10-09,3175452bd4d2e1b1ccdc4a563e49f8fb33dbaad16168f9a0a7ae9f0d9a9d0b70,chattanooga-tennessee.jpg
35300,new-haven-connecticut,ok,"New_Haven,_Connecticut","File:New_Haven,_Connecticut_skyline_(cropped).jpg","https://commons.wikimedia.org/wiki/File:New_Haven,_Connecticut_skyline_(cropped).jpg",https://thumb.wikimedia.org/wikipedia/commons/thumb/e/ec/New_Haven%2C_Connecticut_skyline_%28cropped%29.jpg/1920px-New_Haven%2C_Connecticut_skyline_%28cropped%29.jpg?utm_source=en.wikipedia.org&utm_campaign=imageinfo&utm_content=thumbnail,Quintin Soloviev,CC BY 4.0,https://creativecommons.org/licenses/by/4.0,2026-09-17,d2cb0a6f57b868871076be00622990edffd8ca9723df33fae0e756534415fd5b,new-haven-connecticut.jpg
42540,scranton-pennsylvania,ok,"Scranton,_Pennsylvania",File:Scranton_-_Downtown_(48472890492).jpg,https://commons.wikimedia.org/wiki/File:Scranton_-_Downtown_(48472890492).jpg,https://thumb.wikimedia.org/wikipedia/commons/thumb/4/41/Scranton_-_Downtown_%2848472890492%29.jpg/1920px-Scranton_-_Downtown_%2848472890492%29.jpg?utm_source=en.wikipedia.org&utm_campaign=imageinfo&utm_content=thumbnail,"Ajay Suresh from New York, NY, USA",CC BY 2.0,https://creativecommons.org/licenses/by/2.0,2026-09-17,eea9d81ba4e2d3054d1616d0622a9bbbe68248766580ce495305866ac908426e,scranton-pennsylvania.jpg
39900,reno-nevada,ok,"Reno,_Nevada","File:Reno,_Nevada_(16931715632).jpg","https://commons.wikimedia.org/wiki/File:Reno,_Nevada_(16931715632).jpg",https://upload.wikimedia.org/wikipedia/commons/e/e1/Reno%2C_Nevada_%2816931715632%29.jpg?utm_source=en.wikipedia.org&utm_campaign=imageinfo&utm_content=original,Trevor Bexon,CC BY 2.0,https://creativecommons.org/licenses/by/2.0,2026-09-17,e23aed1d8ab2b8dc1aa408ccb3b41ea41aa3be252074eecbfd5b1db420b6dfb0,reno-nevada.jpg
38860,portland-maine,ok,"Portland,_Maine",File:TheOldPort.jpg,https://commons.wikimedia.org/wiki/File:TheOldPort.jpg,https://thumb.wikimedia.org/wikipedia/commons/thumb/b/b6/TheOldPort.jpg/1920px-TheOldPort.jpg?utm_source=en.wikipedia.org&utm_campaign=imageinfo&utm_content=thumbnail,PhilipC,CC BY 2.0,https://creativecommons.org/licenses/by/2.0,2026-09-17,af2b3a52520304eb0b6f3b84c43a3349ea9f4462ae580557d29b13ed1819f583,portland-maine.jpg
29540,lancaster-pennsylvania,ok,"Lancaster,_Pennsylvania",File:Lancaster_Pennsylvania_downtown.jpg,https://commons.wikimedia.org/wiki/File:Lancaster_Pennsylvania_downtown.jpg,https://thumb.wikimedia.org/wikipedia/commons/thumb/1/1e/Lancaster_Pennsylvania_downtown.jpg/1920px-Lancaster_Pennsylvania_downtown.jpg?utm_source=en.wikipedia.org&utm_campaign=imageinfo&utm_content=thumbnail,Randolph Carney,CC BY-SA 3.0,https://creativecommons.org/licenses/by-sa/3.0,2026-09-17,7a20379a368e09c771246e3885c7732d3c6fa4710e44e574d2fa4300686f883c,lancaster-pennsylvania.jpg
33700,modesto-california,ok,,,https://commons.wikimedia.org/wiki/File:Modesto_Arch.JPG,https://thumb.wikimedia.org/wikipedia/commons/thumb/0/01/Modesto_Arch.JPG/1920px-Modesto_Arch.JPG?utm_source=en.wikipedia.org&utm_campaign=imageinfo&utm_content=thumbnail,Carl Skaggs,Public domain,,2026-10-09,2987b927204cf64f19c08b27900c2187d22cb6e6940d3646780893893e913ce1,modesto-california.jpg
37860,pensacola-florida,ok,,,"https://commons.wikimedia.org/wiki/File:The_beach_at_Gulf_Pier_in_Pensacola_Beach,_Florida.jpg",https://thumb.wikimedia.org/wikipedia/commons/thumb/6/60/The_beach_at_Gulf_Pier_in_Pensacola_Beach%2C_Florida.jpg/1920px-The_beach_at_Gulf_Pier_in_Pensacola_Beach%2C_Florida.jpg?utm_source=en.wikipedia.org&utm_campaign=imageinfo&utm_content=thumbnail,TimothyJ,CC BY 2.0,https://creativecommons.org/licenses/by/2.0,2026-10-09,4c1c8859c8b1714fe4b741c7b3f6b75ca4b6f505a12e575fa2f3ff4978d5ac73,pensacola-florida.jpg
38940,port-st-lucie-florida,ok,,,https://commons.wikimedia.org/wiki/File:Gazebo_at_Lake_Tradition_in_Port_St_Lucie_FL.jpeg,https://thumb.wikimedia.org/wikipedia/commons/thumb/7/7c/Gazebo_at_Lake_Tradition_in_Port_St_Lucie_FL.jpeg/1920px-Gazebo_at_Lake_Tradition_in_Port_St_Lucie_FL.jpeg?utm_source=en.wikipedia.org&utm_campaign=imageinfo&utm_content=thumbnail,Dough4872,CC BY-SA 4.0,https://creativecommons.org/licenses/by-sa/4.0,2026-10-09,1678d03f123be7334f020dc0d7fce258defd3cd9ad177f9f98b85bce8e7e4aaa,port-st-lucie-florida.jpg
30460,lexington-kentucky,ok,"Lexington,_Kentucky",File:LexingtonDowntown.JPG,https://commons.wikimedia.org/wiki/File:LexingtonDowntown.JPG,https://upload.wikimedia.org/wikipedia/commons/0/0b/LexingtonDowntown.JPG?utm_source=en.wikipedia.org&utm_campaign=imageinfo&utm_content=original,Madgeek1450 at English Wikipedia,Public domain,,2026-09-17,505a623b764030af8010af50f32a4710f23698c9c106bd2893b488baac7230f6,lexington-kentucky.jpg
26620,huntsville-alabama,ok,,,"https://commons.wikimedia.org/wiki/File:Big_Spring_International_Park,_Huntsville_AL_20160715_1.jpg",https://thumb.wikimedia.org/wikipedia/commons/thumb/6/6a/Big_Spring_International_Park%2C_Huntsville_AL_20160715_1.jpg/1920px-Big_Spring_International_Park%2C_Huntsville_AL_20160715_1.jpg?utm_source=en.wikipedia.org&utm_campaign=imageinfo&utm_content=thumbnail,DXR,CC BY-SA 4.0,https://creativecommons.org/licenses/by-sa/4.0,2026-10-09,5c3ba85b1f85061c458d90dde7c736b27e1282fd7643d2d83286430503c39f9f,huntsville-alabama.jpg
28660,killeen-texas,ok,,,https://commons.wikimedia.org/wiki/File:BellCourthouse1_(1_of_1).jpg,https://thumb.wikimedia.org/wikipedia/commons/thumb/1/18/BellCourthouse1_%281_of_1%29.jpg/1920px-BellCourthouse1_%281_of_1%29.jpg?utm_source=en.wikipedia.org&utm_campaign=imageinfo&utm_content=thumbnail,Renelibrary,CC BY-SA 4.0,https://creativecommons.org/licenses/by-sa/4.0,2026-10-09,b3814cf3893683d53c6b2ed5fe193a5e6ed26351febd862e5f88aab75954a195,killeen-texas.jpg
44180,springfield-missouri,ok,,,https://commons.wikimedia.org/wiki/File:ParkCentralSquarefountainbyCVBCS.jpg,https://thumb.wikimedia.org/wikipedia/commons/thumb/a/a9/ParkCentralSquarefountainbyCVBCS.jpg/1920px-ParkCentralSquarefountainbyCVBCS.jpg?utm_source=en.wikipedia.org&utm_campaign=imageinfo&utm_content=thumbnail,CVBCS (uploaded by Joelfun),Free Art License,http://artlibre.org/licence/lal/en,2026-10-09,f01b4149a1485e4fb395c212012d552cc944bf4dd4435be29dd7caa47d6a8302,springfield-missouri.jpg
42220,santa-rosa-california,ok,,,https://commons.wikimedia.org/wiki/File:DowntownSquare.jpg,https://thumb.wikimedia.org/wikipedia/commons/thumb/9/93/DowntownSquare.jpg/1920px-DowntownSquare.jpg?utm_source=en.wikipedia.org&utm_campaign=imageinfo&utm_content=thumbnail,Thedbutler,CC BY-SA 4.0,https://creativecommons.org/licenses/by-sa/4.0,2026-10-09,b04ec945ff16a5e016331b4a9b1015bb60ec36b6cfcb8e0d71702c2c27e29087,santa-rosa-california.jpg
47300,visalia-california,ok,,,https://commons.wikimedia.org/wiki/File:Teatro_Visalia.jpg,https://thumb.wikimedia.org/wikipedia/commons/thumb/3/38/Teatro_Visalia.jpg/1280px-Teatro_Visalia.jpg?utm_source=commons.wikimedia.org&utm_campaign=imageinfo&utm_content=thumbnail,Visalia Convention & Visitors Bureau,Public domain,,2026-10-09,e24eff08e05545d96d9092a4cbbcf108bb68e1a2c3dac06f7b9ae4d2f1623c0f,visalia-california.jpg
29620,lansing-michigan,ok,"Lansing,_Michigan",File:State_Capital_and_Statue_-_panoramio.jpg,https://commons.wikimedia.org/wiki/File:State_Capital_and_Statue_-_panoramio.jpg,https://thumb.wikimedia.org/wikipedia/commons/thumb/2/2a/State_Capital_and_Statue_-_panoramio.jpg/1920px-State_Capital_and_Statue_-_panoramio.jpg?utm_source=en.wikipedia.org&utm_campaign=imageinfo&utm_content=thumbnail,Andrew Martin,CC BY 3.0,https://creativecommons.org/licenses/by/3.0,2026-09-17,a48d4b7886118774972a6e41269c5ae7b7e1cb71bf0d84502cdff75f107a88d4,lansing-michigan.jpg
49620,york-pennsylvania,ok,"York,_Pennsylvania","File:York,_Pennsylvania_(65).jpg","https://commons.wikimedia.org/wiki/File:York,_Pennsylvania_(65).jpg",https://upload.wikimedia.org/wikipedia/commons/d/d2/York%2C_Pennsylvania_%2865%29.jpg?utm_source=en.wikipedia.org&utm_campaign=imageinfo&utm_content=original,"Doug Kerr from Albany, NY, United States",CC BY-SA 2.0,https://creativecommons.org/licenses/by-sa/2.0,2026-09-17,bb51a4ebe9b66fdb999f53aee92e148c659567727eb481f62b4049381d619947,york-pennsylvania.jpg
44140,springfield-massachusetts,ok,"Springfield,_Massachusetts","File:Springfield,_MA.jpg","https://commons.wikimedia.org/wiki/File:Springfield,_MA.jpg",https://thumb.wikimedia.org/wikipedia/commons/thumb/6/68/Springfield%2C_MA.jpg/1920px-Springfield%2C_MA.jpg?utm_source=en.wikipedia.org&utm_campaign=imageinfo&utm_content=thumbnail,Quintin Soloviev,CC BY 4.0,https://creativecommons.org/licenses/by/4.0,2026-09-17,f7f9779535dac877e7d23f26e7c41c96ce6d49c28c2ef8af6dd9cf1ec0f9b4f5,springfield-massachusetts.jpg
23060,fort-wayne-indiana,ok,,,"https://commons.wikimedia.org/wiki/File:Cortes_del_Condado_de_Allen,_Fort_Wayne,_Indiana,_Estados_Unidos,_2012-11-12,_DD_01.jpg",https://thumb.wikimedia.org/wikipedia/commons/thumb/3/3a/Cortes_del_Condado_de_Allen%2C_Fort_Wayne%2C_Indiana%2C_Estados_Unidos%2C_2012-11-12%2C_DD_01.jpg/1920px-Cortes_del_Condado_de_Allen%2C_Fort_Wayne%2C_Indiana%2C_Estados_Unidos%2C_2012-11-12%2C_DD_01.jpg?utm_source=en.wikipedia.org&utm_campaign=imageinfo&utm_content=thumbnail,Diego Delso,CC BY-SA 3.0,https://creativecommons.org/licenses/by-sa/3.0,2026-10-09,04ab2b7fe01bfe1e4107a22944677a7471db09aa69108d1ba35f3e9140d9b0a9,fort-wayne-indiana.jpg
47930,waterbury-connecticut,ok,"Waterbury,_Connecticut","File:Waterbury,_Connecticut_3.jpg","https://commons.wikimedia.org/wiki/File:Waterbury,_Connecticut_3.jpg",https://thumb.wikimedia.org/wikipedia/commons/thumb/c/c0/Waterbury%2C_Connecticut_3.jpg/1920px-Waterbury%2C_Connecticut_3.jpg?utm_source=en.wikipedia.org&utm_campaign=imageinfo&utm_content=thumbnail,Hayden Soloviev,CC BY 4.0,https://creativecommons.org/licenses/by/4.0,2026-09-17,76bcddcea708fd4afb85658514c53cfa8de6671cf6a3760ffce77aa8e2fdd55c,waterbury-connecticut.jpg
48900,wilmington-north-carolina,ok,,,https://commons.wikimedia.org/wiki/File:Wilmington_Riverwalk_and_downtown.jpg,https://thumb.wikimedia.org/wikipedia/commons/thumb/7/7e/Wilmington_Riverwalk_and_downtown.jpg/1920px-Wilmington_Riverwalk_and_downtown.jpg?utm_source=commons.wikimedia.org&utm_campaign=imageinfo&utm_content=thumbnail,Jason W. Smith,CC BY-SA 3.0,https://creativecommons.org/licenses/by-sa/3.0,2026-10-09,25e440ba585129930190cec653981f26994c68c356f8dbe3f2e7f2969c43f99f,wilmington-north-carolina.jpg
46700,vallejo-california,ok,,,https://commons.wikimedia.org/wiki/File:The_ferry_is_seen_from_the_Vallejo_waterfront.jpg,https://thumb.wikimedia.org/wikipedia/commons/thumb/4/42/The_ferry_is_seen_from_the_Vallejo_waterfront.jpg/1920px-The_ferry_is_seen_from_the_Vallejo_waterfront.jpg?utm_source=en.wikipedia.org&utm_campaign=imageinfo&utm_content=thumbnail,Kiddo27,CC BY-SA 4.0,https://creativecommons.org/licenses/by-sa/4.0,2026-10-09,b58bee954c9d859e1ec5a9470198251591f03375b384fb1fce16701afaa70326,vallejo-california.jpg
18580,corpus-christi-texas,ok,"Corpus_Christi,_Texas",File:Corpus_Christi_skyline.jpg,https://commons.wikimedia.org/wiki/File:Corpus_Christi_skyline.jpg,https://thumb.wikimedia.org/wikipedia/commons/thumb/1/11/Corpus_Christi_skyline.jpg/1920px-Corpus_Christi_skyline.jpg?utm_source=en.wikipedia.org&utm_campaign=imageinfo&utm_content=thumbnail,Quintin Soloviev,CC BY 4.0,https://creativecommons.org/licenses/by/4.0,2026-09-17,8c0eb1e353bdd88776cc481a3b448550373206cb912cda40d054231e5ad5bccd,corpus-christi-texas.jpg
42200,santa-maria-california,ok,,,https://commons.wikimedia.org/wiki/File:Vineyard_and_hills_(Unsplash).jpg,https://thumb.wikimedia.org/wikipedia/commons/thumb/1/1b/Vineyard_and_hills_%28Unsplash%29.jpg/1920px-Vineyard_and_hills_%28Unsplash%29.jpg?utm_source=en.wikipedia.org&utm_campaign=imageinfo&utm_content=thumbnail,Tim Mossholder timmossholder,CC0,http://creativecommons.org/publicdomain/zero/1.0/deed.en,2026-10-09,15cc1031da70ca887d34464564741fd538031e6e0e301308cf8bb6d226125a70,santa-maria-california.jpg
41420,salem-oregon,ok,,,https://commons.wikimedia.org/wiki/File:Oregon_State_Capitol_1.jpg,https://thumb.wikimedia.org/wikipedia/commons/thumb/c/ce/Oregon_State_Capitol_1.jpg/1920px-Oregon_State_Capitol_1.jpg?utm_source=en.wikipedia.org&utm_campaign=imageinfo&utm_content=thumbnail,M.O. Stevens,Public domain,,2026-10-09,e1f80e03dc4ab4ec63225e4772492bf536594020ed59735bb3d6735a0e6920df,salem-oregon.jpg
41500,salinas-california,ok,,,"https://commons.wikimedia.org/wiki/File:Main_Street,_Salinas.jpg",https://thumb.wikimedia.org/wikipedia/commons/thumb/7/7b/Main_Street%2C_Salinas.jpg/1920px-Main_Street%2C_Salinas.jpg?utm_source=en.wikipedia.org&utm_campaign=imageinfo&utm_content=thumbnail,Naotake Murayama,CC BY 2.0,https://creativecommons.org/licenses/by/2.0,2026-10-09,46e742e789faa079acc8b288e03154956a18b15d4cefda522029ea1b39cbc9fb,salinas-california.jpg
39740,reading-pennsylvania,ok,,,"https://commons.wikimedia.org/wiki/File:Pagoda_(Reading,_Pennsylvania).jpg",https://thumb.wikimedia.org/wikipedia/commons/thumb/c/c7/Pagoda_%28Reading%2C_Pennsylvania%29.jpg/1920px-Pagoda_%28Reading%2C_Pennsylvania%29.jpg?utm_source=commons.wikimedia.org&utm_campaign=imageinfo&utm_content=thumbnail,firoz-ansari,CC BY-SA 4.0,https://creativecommons.org/licenses/by-sa/4.0,2026-10-09,c72f1ec0f13508a245db08bf37e9957b5cbbb389c0e4259e5866d7b284f8a69a,reading-pennsylvania.jpg
49660,youngstown-ohio,ok,"Youngstown,_Ohio",File:Mill_Creek_Park_Lanterman's_Mill.jpg,https://commons.wikimedia.org/wiki/File:Mill_Creek_Park_Lanterman%27s_Mill.jpg,https://thumb.wikimedia.org/wikipedia/commons/thumb/b/b6/Mill_Creek_Park_Lanterman%27s_Mill.jpg/1920px-Mill_Creek_Park_Lanterman%27s_Mill.jpg?utm_source=en.wikipedia.org&utm_campaign=imageinfo&utm_content=thumbnail,Dblcut3,CC BY-SA 4.0,https://creativecommons.org/licenses/by-sa/4.0,2026-09-17,7f5da3b78140e93c76b9e065b4f64ded3c33f313241773d8903fb2171eeb5aeb,youngstown-ohio.jpg
31700,manchester-new-hampshire,ok,"Manchester,_New_Hampshire","File:Manchester,_New_Hampshire_skyline.jpg","https://commons.wikimedia.org/wiki/File:Manchester,_New_Hampshire_skyline.jpg",https://thumb.wikimedia.org/wikipedia/commons/thumb/a/a1/Manchester%2C_New_Hampshire_skyline.jpg/1920px-Manchester%2C_New_Hampshire_skyline.jpg?utm_source=en.wikipedia.org&utm_campaign=imageinfo&utm_content=thumbnail,Quintin Soloviev,CC BY 4.0,https://creativecommons.org/licenses/by/4.0,2026-09-17,cbfd064fb5dc999d733907c770d853982057d97b45c348ff05c372e30c4ed793,manchester-new-hampshire.jpg
15180,brownsville-texas,ok,,,"https://commons.wikimedia.org/wiki/File:Some_of_the_buildings_at_Fort_Brown_in_Brownsville,_Texas_LCCN2014630475.tif",https://thumb.wikimedia.org/wikipedia/commons/thumb/e/e7/Some_of_the_buildings_at_Fort_Brown_in_Brownsville%2C_Texas_LCCN2014630475.tif/lossy-page1-1920px-Some_of_the_buildings_at_Fort_Brown_in_Brownsville%2C_Texas_LCCN2014630475.tif.jpg?utm_source=en.wikipedia.org&utm_campaign=imageinfo&utm_content=thumbnail,Carol M. Highsmith,Public domain,,2026-10-09,536bf0f9ae5afe7d42ba9e6f4e01311b50614e1eee8b5e0c2573067276bfb527,brownsville-texas.jpg
25060,gulfport-mississippi,ok,,,https://commons.wikimedia.org/wiki/File:The_Biloxi_Lighthouse.jpg,https://thumb.wikimedia.org/wikipedia/commons/thumb/1/17/The_Biloxi_Lighthouse.jpg/1920px-The_Biloxi_Lighthouse.jpg?utm_source=en.wikipedia.org&utm_campaign=imageinfo&utm_content=thumbnail,Jeff D. Howard,CC BY-SA 4.0,https://creativecommons.org/licenses/by-sa/4.0,2026-10-09,fda6f8388168c4d58e3530c4f50e0dfde67ba23eda9b58dbb936d24ad3427cc2,gulfport-mississippi.jpg
42340,savannah-georgia,ok,,File:The_Fountain_at_Forsyth.jpg,https://commons.wikimedia.org/wiki/File:The_Fountain_at_Forsyth.jpg,https://thumb.wikimedia.org/wikipedia/commons/thumb/a/a5/The_Fountain_at_Forsyth.jpg/1920px-The_Fountain_at_Forsyth.jpg?utm_source=en.wikipedia.org&utm_campaign=imageinfo&utm_content=thumbnail,Derrick Gaines,CC BY-SA 4.0,https://creativecommons.org/licenses/by-sa/4.0,2026-09-29,49749417693186529b87391824644180b3acb4c6e0bbabf3c887bef0f2b3ced7,savannah-georgia.jpg
11700,asheville-north-carolina,ok,"Asheville,_North_Carolina",File:Asheville_at_dusk_(cropped).jpg,https://commons.wikimedia.org/wiki/File:Asheville_at_dusk_(cropped).jpg,https://thumb.wikimedia.org/wikipedia/commons/thumb/5/5f/Asheville_at_dusk_%28cropped%29.jpg/1920px-Asheville_at_dusk_%28cropped%29.jpg?utm_source=en.wikipedia.org&utm_campaign=imageinfo&utm_content=thumbnail,Michael Tracey,CC0,http://creativecommons.org/publicdomain/zero/1.0/deed.en,2026-09-17,5603b97bb9a3e4ea60851c22eaa3635606d30d0548de410df2a270a97d5c6e1a,asheville-north-carolina.jpg
29180,lafayette-louisiana,ok,,,https://www.flickr.com/photos/7150652@N02/46618679322,https://live.staticflickr.com/7854/46618679322_ef1aaddd84_k.jpg,joseph a,CC BY-NC-SA 2.0,https://creativecommons.org/licenses/by-nc-sa/2.0/,2026-10-09,18e495756bec98d817de4c361f60f0a7041895d7c8060caf5da583d477f31605,lafayette-louisiana.jpg
33660,mobile-alabama,ok,"Mobile,_Alabama","File:Mobile,_Alabama_skyline.jpg","https://commons.wikimedia.org/wiki/File:Mobile,_Alabama_skyline.jpg",https://thumb.wikimedia.org/wikipedia/commons/thumb/5/55/Mobile%2C_Alabama_skyline.jpg/1920px-Mobile%2C_Alabama_skyline.jpg?utm_source=en.wikipedia.org&utm_campaign=imageinfo&utm_content=thumbnail,Quintin Soloviev,CC BY 4.0,https://creativecommons.org/licenses/by/4.0,2026-09-17,b85e8b87060b258efbc7c664036991b2deb563b4b976e816600a5cb1884d942f,mobile-alabama.jpg
22420,flint-michigan,ok,"Flint,_Michigan","File:Flint,_Michigan.jpg","https://commons.wikimedia.org/wiki/File:Flint,_Michigan.jpg",https://thumb.wikimedia.org/wikipedia/commons/thumb/3/39/Flint%2C_Michigan.jpg/1920px-Flint%2C_Michigan.jpg?utm_source=en.wikipedia.org&utm_campaign=imageinfo&utm_content=thumbnail,WMrapids,CC0,http://creativecommons.org/publicdomain/zero/1.0/deed.en,2026-09-17,dca0d69cd208a6b9c8e0ee53e431503d28471d75603b521610d687f016f5f450,flint-michigan.jpg
11260,anchorage-alaska,ok,,,https://commons.wikimedia.org/wiki/File:Anchorage_Downtown.jpg,https://thumb.wikimedia.org/wikipedia/commons/thumb/b/b5/Anchorage_Downtown.jpg/1920px-Anchorage_Downtown.jpg?utm_source=en.wikipedia.org&utm_campaign=imageinfo&utm_content=thumbnail,Luke Jones,CC BY 2.0,https://creativecommons.org/licenses/by/2.0,2026-10-09,9a2d1949e31b70671ea0446bf323fa0bd3558dd7ba72107a86ce0d85f6b57fcd,anchorage-alaska.jpg
15940,canton-ohio,ok,"Canton,_Ohio",File:Pro_Football_Hall_of_Fame_(23945852607).jpg,https://commons.wikimedia.org/wiki/File:Pro_Football_Hall_of_Fame_(23945852607).jpg,https://thumb.wikimedia.org/wikipedia/commons/thumb/9/9c/Pro_Football_Hall_of_Fame_%2823945852607%29.jpg/1920px-Pro_Football_Hall_of_Fame_%2823945852607%29.jpg?utm_source=en.wikipedia.org&utm_campaign=imageinfo&utm_content=thumbnail,Erik Drost,CC BY 2.0,https://creativecommons.org/licenses/by/2.0,2026-09-17,2c87df6d3413a2f9b64b6b22efb76e61c108cedf2961568a2bcdc1bccd3d4d33,canton-ohio.jpg
36100,ocala-florida,ok,,,https://commons.wikimedia.org/wiki/File:Silver_Springs_State_Park_-_Glass-Bottom_Boats_2017.jpg,https://thumb.wikimedia.org/wikipedia/commons/thumb/7/73/Silver_Springs_State_Park_-_Glass-Bottom_Boats_2017.jpg/1920px-Silver_Springs_State_Park_-_Glass-Bottom_Boats_2017.jpg?utm_source=en.wikipedia.org&utm_campaign=imageinfo&utm_content=thumbnail,Jackdude101,CC BY-SA 4.0,https://creativecommons.org/licenses/by-sa/4.0,2026-10-09,6e637089429015b89d1751f83b4b279495192412ae81de1573bd72dc6de97cf9,ocala-florida.jpg
34940,naples-florida,ok,,,https://commons.wikimedia.org/wiki/File:Naples_Beach4.jpg,https://thumb.wikimedia.org/wikipedia/commons/thumb/6/6c/Naples_Beach4.jpg/1920px-Naples_Beach4.jpg?utm_source=en.wikipedia.org&utm_campaign=imageinfo&utm_content=thumbnail,Marc Ryckaert,CC BY-SA 2.5,https://creativecommons.org/licenses/by-sa/2.5,2026-10-09,be63fa2fdefb8991e2707b63d7cfa80302c2b7caf219256da524d6b57ed27d89,naples-florida.jpg
13140,beaumont-texas,ok,,,https://commons.wikimedia.org/wiki/File:BeaumontTX.JPG,https://thumb.wikimedia.org/wikipedia/commons/thumb/7/73/BeaumontTX.JPG/1280px-BeaumontTX.JPG,Wbband08 at English Wikipedia,Public domain,,2026-10-09,4892b7f16a9cd9f19aab68143567bb3ccde39470c7e2de8ef30335ee38941bfb,beaumont-texas.jpg
22180,fayetteville-north-carolina,ok,"Fayetteville,_North_Carolina","File:Fayetteville,_NC_Downtown_Skyline.jpg","https://commons.wikimedia.org/wiki/File:Fayetteville,_NC_Downtown_Skyline.jpg",https://thumb.wikimedia.org/wikipedia/commons/thumb/3/38/Fayetteville%2C_NC_Downtown_Skyline.jpg/1920px-Fayetteville%2C_NC_Downtown_Skyline.jpg?utm_source=en.wikipedia.org&utm_campaign=imageinfo&utm_content=thumbnail,"Public domain, City of Fayetteville",Public domain,,2026-09-17,2331a474dc202caa8ea01d5b46323369a0417f74f54872eca87d6bd91efa60f2,fayetteville-north-carolina.jpg
45220,tallahassee-florida,ok,,,"https://commons.wikimedia.org/wiki/File:The_Old_Florida_Capitol,_Tallahassee,_Public_Domain.jpg",https://thumb.wikimedia.org/wikipedia/commons/thumb/a/a5/The_Old_Florida_Capitol%2C_Tallahassee%2C_Public_Domain.jpg/1920px-The_Old_Florida_Capitol%2C_Tallahassee%2C_Public_Domain.jpg?utm_source=en.wikipedia.org&utm_campaign=imageinfo&utm_content=thumbnail,Civil10,CC0,http://creativecommons.org/publicdomain/zero/1.0/deed.en,2026-10-09,60ab94bbfcec776e35f130b8c303b0b65a71a3672537227a04f3b65690847f5d,tallahassee-florida.jpg
43340,shreveport-louisiana,ok,"Shreveport,_Louisiana","File:Shreveport_LA,_USA_-_panoramio_(6).jpg","https://commons.wikimedia.org/wiki/File:Shreveport_LA,_USA_-_panoramio_(6).jpg",https://thumb.wikimedia.org/wikipedia/commons/thumb/5/57/Shreveport_LA%2C_USA_-_panoramio_%286%29.jpg/1920px-Shreveport_LA%2C_USA_-_panoramio_%286%29.jpg?utm_source=en.wikipedia.org&utm_campaign=imageinfo&utm_content=thumbnail,Roman Eugeniusz,CC BY-SA 3.0,https://creativecommons.org/licenses/by-sa/3.0,2026-09-17,96231c9aeea6fa4eb65ac35dbe39b19f2c421ecd114a9469e824f0186ae2d0ba,shreveport-louisiana.jpg
33860,montgomery-alabama,ok,"Montgomery,_Alabama","File:Aerial_view_of_Montgomery,_Alabama_LCCN2011646683.jpg","https://commons.wikimedia.org/wiki/File:Aerial_view_of_Montgomery,_Alabama_LCCN2011646683.jpg",https://thumb.wikimedia.org/wikipedia/commons/thumb/6/61/Aerial_view_of_Montgomery%2C_Alabama_LCCN2011646683.jpg/1920px-Aerial_view_of_Montgomery%2C_Alabama_LCCN2011646683.jpg?utm_source=en.wikipedia.org&utm_campaign=imageinfo&utm_content=thumbnail,Carol M. Highsmith,Public domain,,2026-09-17,c148f7a0d49e6421445ed89e247d53ee520627d0788942fc882d0076228efab2,montgomery-alabama.jpg
45940,trenton-new-jersey,ok,"Trenton,_New_Jersey","File:Trenton,_New_Jersey_(cropped).jpg","https://commons.wikimedia.org/wiki/File:Trenton,_New_Jersey_(cropped).jpg",https://thumb.wikimedia.org/wikipedia/commons/thumb/b/b7/Trenton%2C_New_Jersey_%28cropped%29.jpg/1920px-Trenton%2C_New_Jersey_%28cropped%29.jpg?utm_source=en.wikipedia.org&utm_campaign=imageinfo&utm_content=thumbnail,Quintin Soloviev,CC BY 4.0,https://creativecommons.org/licenses/by/4.0,2026-09-17,8a9f7567953641ae27d586db62f4367dfbcbf235d46fc48f017917a9723349cf,trenton-new-jersey.jpg
21660,eugene-oregon,ok,,,https://commons.wikimedia.org/wiki/File:Eugene_Oregon_from_Skinner_Butte.JPG,https://thumb.wikimedia.org/wikipedia/commons/thumb/7/77/Eugene_Oregon_from_Skinner_Butte.JPG/1920px-Eugene_Oregon_from_Skinner_Butte.JPG?utm_source=en.wikipedia.org&utm_campaign=imageinfo&utm_content=thumbnail,Laura Alier,CC BY-SA 3.0,https://creativecommons.org/licenses/by-sa/3.0,2026-10-09,b4a7df845d8bedb8df05f8b65e62f9cefd6fe265e3ef0384b65fb2bb7da665a2,eugene-oregon.jpg
34820,myrtle-beach-south-carolina,ok,,,https://commons.wikimedia.org/wiki/File:Myrtle_Beach_ferris_wheel.jpg,https://thumb.wikimedia.org/wikipedia/commons/thumb/3/37/Myrtle_Beach_ferris_wheel.jpg/1920px-Myrtle_Beach_ferris_wheel.jpg?utm_source=en.wikipedia.org&utm_campaign=imageinfo&utm_content=thumbnail,The ed17,CC BY-SA 4.0,https://creativecommons.org/licenses/by-sa/4.0,2026-10-09,3c28fd3aa6befe1520c3ad04a0887f6ad0072952b464ffe623727d0f4cae2a03,myrtle-beach-south-carolina.jpg
19340,davenport-iowa,ok,,,https://commons.wikimedia.org/wiki/File:Centennial_Bridge_-_panoramio.jpg,https://thumb.wikimedia.org/wikipedia/commons/thumb/7/79/Centennial_Bridge_-_panoramio.jpg/1920px-Centennial_Bridge_-_panoramio.jpg?utm_source=commons.wikimedia.org&utm_campaign=imageinfo&utm_content=thumbnail,Bohao Zhao,CC BY 3.0,https://creativecommons.org/licenses/by/3.0,2026-10-09,354ea555f96f6a837a28abfc6073260e9532704f1a55805d8fff6be8dd5dc77d,davenport-iowa.jpg
43900,spartanburg-south-carolina,ok,,,"https://commons.wikimedia.org/wiki/File:Fountain_at_Morgan_Square,_Spartanburg,_SC_IMG_4821.JPG",https://thumb.wikimedia.org/wikipedia/commons/thumb/f/fa/Fountain_at_Morgan_Square%2C_Spartanburg%2C_SC_IMG_4821.JPG/1920px-Fountain_at_Morgan_Square%2C_Spartanburg%2C_SC_IMG_4821.JPG?utm_source=commons.wikimedia.org&utm_campaign=imageinfo&utm_content=thumbnail,Billy Hathorn,CC BY-SA 3.0,https://creativecommons.org/licenses/by-sa/3.0,2026-10-09,d15d3e93b3bacf7bf3af6f87f68d3fd5928fbf2adc91ffe76a63bb4cd65d55c3,spartanburg-south-carolina.jpg
12100,atlantic-city-new-jersey,ok,"Atlantic_City,_New_Jersey","File:A_sunset_view_of_the_beach_in_Atlantic_City,_NJ.jpg","https://commons.wikimedia.org/wiki/File:A_sunset_view_of_the_beach_in_Atlantic_City,_NJ.jpg",https://thumb.wikimedia.org/wikipedia/commons/thumb/b/bd/A_sunset_view_of_the_beach_in_Atlantic_City%2C_NJ.jpg/1920px-A_sunset_view_of_the_beach_in_Atlantic_City%2C_NJ.jpg?utm_source=en.wikipedia.org&utm_campaign=imageinfo&utm_content=thumbnail,Bruce Emmerling,CC BY-SA 4.0,https://creativecommons.org/licenses/by-sa/4.0,2026-09-17,18c4a5fde4ea705fd437d429d22acdf9ec5cb1450c7d0dc819d7758734f2bf38,atlantic-city-new-jersey.jpg
26580,huntington-west-virginia,ok,"Huntington,_West_Virginia","File:Huntington,_West_Virginia_(2023).jpg","https://commons.wikimedia.org/wiki/File:Huntington,_West_Virginia_(2023).jpg",https://thumb.wikimedia.org/wikipedia/commons/thumb/7/79/Huntington%2C_West_Virginia_%282023%29.jpg/1920px-Huntington%2C_West_Virginia_%282023%29.jpg?utm_source=en.wikipedia.org&utm_campaign=imageinfo&utm_content=thumbnail,WeaponizingArchitecture,CC BY-SA 4.0,https://creativecommons.org/licenses/by-sa/4.0,2026-09-17,5a26782bb18d28d224d82e9eaa5faefcdd7dd5f87f197ae173de9919982a8d19,huntington-west-virginia.jpg
11460,ann-arbor-michigan,ok,"Ann_Arbor,_Michigan",File:University_of_Michigan_Law_School.jpg,https://commons.wikimedia.org/wiki/File:University_of_Michigan_Law_School.jpg,https://thumb.wikimedia.org/wikipedia/commons/thumb/d/d4/University_of_Michigan_Law_School.jpg/1920px-University_of_Michigan_Law_School.jpg?utm_source=en.wikipedia.org&utm_campaign=imageinfo&utm_content=thumbnail,Flavinista,CC BY-SA 4.0,https://creativecommons.org/licenses/by-sa/4.0,2026-09-17,750442fa5a0e449bb05c0c3f02530e1f9b8f11fa428fd932f980abc3fe0a5320,ann-arbor-michigan.jpg
25860,hickory-north-carolina,ok,,,"https://commons.wikimedia.org/wiki/File:Elliott_Carnegie_Library,_Hickory,_North_Carolina.jpg",https://thumb.wikimedia.org/wikipedia/commons/thumb/f/fb/Elliott_Carnegie_Library%2C_Hickory%2C_North_Carolina.jpg/1920px-Elliott_Carnegie_Library%2C_Hickory%2C_North_Carolina.jpg?utm_source=commons.wikimedia.org&utm_campaign=imageinfo&utm_content=thumbnail,Tylerg,CC BY-SA 3.0,https://creativecommons.org/licenses/by-sa/3.0,2026-10-09,6faadf1a6412f63fb354e299b968ed593cb3c68f5a24e02f9e8ebff6551be05e,hickory-north-carolina.jpg
22660,fort-collins-colorado,ok,"Fort_Collins,_Colorado",File:Downtown_Fort_Collins_Colorado.jpg,https://commons.wikimedia.org/wiki/File:Downtown_Fort_Collins_Colorado.jpg,https://upload.wikimedia.org/wikipedia/commons/0/09/Downtown_Fort_Collins_Colorado.jpg?utm_source=en.wikipedia.org&utm_campaign=imageinfo&utm_content=original,Citycommunications at English Wikipedia,CC BY 3.0,https://creativecommons.org/licenses/by/3.0,2026-09-17,0b68bbfe8ba7bc1368fe4fb9a4be857a961c2ad553295f2b76ed20945a48490b,fort-collins-colorado.jpg
37900,peoria-illinois,ok,,,https://commons.wikimedia.org/wiki/File:Peoria_Illinois_Skyline_(cropped)_(cropped).jpg,https://thumb.wikimedia.org/wikipedia/commons/thumb/8/80/Peoria_Illinois_Skyline_%28cropped%29_%28cropped%29.jpg/1920px-Peoria_Illinois_Skyline_%28cropped%29_%28cropped%29.jpg?utm_source=en.wikipedia.org&utm_campaign=imageinfo&utm_content=thumbnail,"Scott Tranchitella from West Peoria, Illinois, USA",CC BY-SA 2.0,https://creativecommons.org/licenses/by-sa/2.0,2026-10-09,468baa6e38fe2c99ae059692e856f4adb1d30ebcd6820fdd4de2b52fb41cba16,peoria-illinois.jpg
31180,lubbock-texas,ok,,,https://commons.wikimedia.org/wiki/File:Administration_Building_at_Texas_Tech_University_(3848855050).jpg,https://thumb.wikimedia.org/wikipedia/commons/thumb/3/32/Administration_Building_at_Texas_Tech_University_%283848855050%29.jpg/1920px-Administration_Building_at_Texas_Tech_University_%283848855050%29.jpg?utm_source=en.wikipedia.org&utm_campaign=imageinfo&utm_content=thumbnail,Texas Tech University - University Student Housing,CC BY 2.0,https://creativecommons.org/licenses/by/2.0,2026-10-09,b2c15a271e9a18e181da37ec1d0bf8ec520ece7757eafe723e66c855d15fd0b0,lubbock-texas.jpg
24540,greeley-colorado,ok,,,https://commons.wikimedia.org/wiki/File:Downtown_Greeley.JPG,https://thumb.wikimedia.org/wikipedia/commons/thumb/f/fb/Downtown_Greeley.JPG/1920px-Downtown_Greeley.JPG?utm_source=en.wikipedia.org&utm_campaign=imageinfo&utm_content=thumbnail,Peter Romero,CC BY-SA 3.0,https://creativecommons.org/licenses/by-sa/3.0,2026-10-09,127143f9e5dc4f9c054d8625b35f09d567605c5338d9d158980319f74705ecc4,greeley-colorado.jpg
23540,gainesville-florida,ok,,,https://commons.wikimedia.org/wiki/File:Century_Tower_(University_of_Florida).jpg,https://thumb.wikimedia.org/wikipedia/commons/thumb/0/03/Century_Tower_%28University_of_Florida%29.jpg/1920px-Century_Tower_%28University_of_Florida%29.jpg?utm_source=en.wikipedia.org&utm_campaign=imageinfo&utm_content=thumbnail,"Kate Haskell from Gainesville, USA",CC BY 2.0,https://creativecommons.org/licenses/by/2.0,2026-10-09,6ab745b579d90080843a45f4bffb951517362afabadee01f01396390ffab67da,gainesville-florida.jpg
30700,lincoln-nebraska,ok,,,"https://commons.wikimedia.org/wiki/File:Nebraska_State_Capitol,_July_2026.jpg",https://thumb.wikimedia.org/wikipedia/commons/thumb/5/56/Nebraska_State_Capitol%2C_July_2026.jpg/1920px-Nebraska_State_Capitol%2C_July_2026.jpg?utm_source=en.wikipedia.org&utm_campaign=imageinfo&utm_content=thumbnail,Hurstbergn,CC BY 4.0,https://creativecommons.org/licenses/by/4.0,2026-10-09,117cef359f5a39324a05b544de16283479cc4e36ed930a5126c71ca376427154,lincoln-nebraska.jpg
40420,rockford-illinois,ok,,,https://commons.wikimedia.org/wiki/File:Overview_of_eastern_downtown_Rockford.jpg,https://thumb.wikimedia.org/wikipedia/commons/thumb/4/40/Overview_of_eastern_downtown_Rockford.jpg/1920px-Overview_of_eastern_downtown_Rockford.jpg?utm_source=en.wikipedia.org&utm_campaign=imageinfo&utm_content=thumbnail,Alexbaumgarner,CC BY-SA 3.0,https://creativecommons.org/licenses/by-sa/3.0,2026-10-09,c73f4d7f43a6fdd200b772d003dd112449f2c53e3eb2f28268c98f9a91c994f3,rockford-illinois.jpg
17300,clarksville-tennessee,ok,"Clarksville,_Tennessee",File:Downtown_Clarksville_TN.jpg,https://commons.wikimedia.org/wiki/File:Downtown_Clarksville_TN.jpg,https://thumb.wikimedia.org/wikipedia/commons/thumb/5/58/Downtown_Clarksville_TN.jpg/1920px-Downtown_Clarksville_TN.jpg?utm_source=en.wikipedia.org&utm_campaign=imageinfo&utm_content=thumbnail,GatewayPolitics,CC BY-SA 4.0,https://creativecommons.org/licenses/by-sa/4.0,2026-09-17,1a9153062d2115169be4784971d811a0ff3631ffe6ee5ebae892caf573cfa2b6,clarksville-tennessee.jpg
24580,green-bay-wisconsin,ok,"Green_Bay,_Wisconsin",File:Downtown_Green_Bay_CityDeck_along_the_Fox_River.jpg,https://commons.wikimedia.org/wiki/File:Downtown_Green_Bay_CityDeck_along_the_Fox_River.jpg,https://thumb.wikimedia.org/wikipedia/commons/thumb/b/ba/Downtown_Green_Bay_CityDeck_along_the_Fox_River.jpg/1920px-Downtown_Green_Bay_CityDeck_along_the_Fox_River.jpg?utm_source=en.wikipedia.org&utm_campaign=imageinfo&utm_content=thumbnail,Chris Rand,CC BY-SA 4.0,https://creativecommons.org/licenses/by-sa/4.0,2026-09-17,68ad14dec1c9f82980a2133baa5c82bfdf6390f61780b4274d7b80da0016697b,green-bay-wisconsin.jpg
14500,boulder-colorado,ok,,,"https://commons.wikimedia.org/wiki/File:Boulder,_United_States_(Unsplash_IPvSZvM5Elg).jpg",https://thumb.wikimedia.org/wikipedia/commons/thumb/a/a2/Boulder%2C_United_States_%28Unsplash_IPvSZvM5Elg%29.jpg/1920px-Boulder%2C_United_States_%28Unsplash_IPvSZvM5Elg%29.jpg?utm_source=en.wikipedia.org&utm_campaign=imageinfo&utm_content=thumbnail,Jeremy Thomas jeremythomasphoto,CC0,http://creativecommons.org/publicdomain/zero/1.0/deed.en,2026-10-09,ac6c90ff711e328ce258916dbc28016ec31056e5012d008cfd0d469c2f7d3ba3,boulder-colorado.jpg
17980,columbus-georgia,ok,"Columbus,_Georgia","File:Downtown_Columbus,_Georgia_skyline.jpg","https://commons.wikimedia.org/wiki/File:Downtown_Columbus,_Georgia_skyline.jpg",https://thumb.wikimedia.org/wikipedia/commons/thumb/d/d8/Downtown_Columbus%2C_Georgia_skyline.jpg/1920px-Downtown_Columbus%2C_Georgia_skyline.jpg?utm_source=en.wikipedia.org&utm_campaign=imageinfo&utm_content=thumbnail,PghPhxNfk,CC BY-SA 4.0,https://creativecommons.org/licenses/by-sa/4.0,2026-09-17,ceb5529508f5aae315b543905e74a2d472484df4a5b1ed7e61c043a30d8583d6,columbus-georgia.jpg
43780,south-bend-indiana,ok,,,https://commons.wikimedia.org/wiki/File:Main_Building_at_the_University_of_Notre_Dame.jpg,https://thumb.wikimedia.org/wikipedia/commons/thumb/c/c9/Main_Building_at_the_University_of_Notre_Dame.jpg/1920px-Main_Building_at_the_University_of_Notre_Dame.jpg?utm_source=en.wikipedia.org&utm_campaign=imageinfo&utm_content=thumbnail,Matthew Rice,CC BY-SA 4.0,https://creativecommons.org/licenses/by-sa/4.0,2026-10-09,5c5f343a9538cb480e098638379f8ac610d0dd37089a241e54d81d7f851b5745,south-bend-indiana.jpg
40220,roanoke-virginia,ok,,,"https://commons.wikimedia.org/wiki/File:Roanoke,_Virginia_viewed_from_Mill_Mountain.jpg",https://thumb.wikimedia.org/wikipedia/commons/thumb/c/c2/Roanoke%2C_Virginia_viewed_from_Mill_Mountain.jpg/1920px-Roanoke%2C_Virginia_viewed_from_Mill_Mountain.jpg?utm_source=en.wikipedia.org&utm_campaign=imageinfo&utm_content=thumbnail,SchuminWeb,CC BY-SA 2.0,https://creativecommons.org/licenses/by-sa/2.0,2026-10-09,f97e2870942fa51c036518afa697b50bf6b4da312a22fc7c14807ee672cc1600,roanoke-virginia.jpg
28420,kennewick-washington,ok,,,"https://commons.wikimedia.org/wiki/File:Cable_Bridge_(Tri-Cities,_Washington).jpg",https://thumb.wikimedia.org/wikipedia/commons/thumb/7/7e/Cable_Bridge_%28Tri-Cities%2C_Washington%29.jpg/1920px-Cable_Bridge_%28Tri-Cities%2C_Washington%29.jpg?utm_source=en.wikipedia.org&utm_campaign=imageinfo&utm_content=thumbnail,Corbin Harder,CC BY-SA 4.0,https://creativecommons.org/licenses/by-sa/4.0,2026-10-09,56e779d39db8e8743e5e1f9709e1301dc83222bbb6e82ef2d5ba51d968c2de27,kennewick-washington.jpg
28700,kingsport-tennessee,ok,,,"https://commons.wikimedia.org/wiki/File:State_Street_-_Bristol,_TN-VA.jpg",https://thumb.wikimedia.org/wikipedia/commons/thumb/c/c1/State_Street_-_Bristol%2C_TN-VA.jpg/1920px-State_Street_-_Bristol%2C_TN-VA.jpg?utm_source=en.wikipedia.org&utm_campaign=imageinfo&utm_content=thumbnail,AppalachianCentrist,CC BY-SA 4.0,https://creativecommons.org/licenses/by-sa/4.0,2026-10-09,b74deaea564dbfd85300b1b33309f728fb649e71db6d58bdc66488e26df77101,kingsport-tennessee.jpg
25180,hagerstown-maryland,ok,,,https://commons.wikimedia.org/wiki/File:Hagerstown_City_Park_02.jpg,https://thumb.wikimedia.org/wikipedia/commons/thumb/9/96/Hagerstown_City_Park_02.jpg/1920px-Hagerstown_City_Park_02.jpg?utm_source=en.wikipedia.org&utm_campaign=imageinfo&utm_content=thumbnail,Farragutful,CC BY-SA 4.0,https://creativecommons.org/licenses/by-sa/4.0,2026-10-09,d2e341daea34b27228b08ce60f82d8345c24eaafc92928928b76f41e7f901dfe,hagerstown-maryland.jpg
47380,waco-texas,ok,,File:Obligatory_waco_suspension_bridge_photo.jpg,https://commons.wikimedia.org/wiki/File:Obligatory_waco_suspension_bridge_photo.jpg,https://thumb.wikimedia.org/wikipedia/commons/thumb/c/c7/Obligatory_waco_suspension_bridge_photo.jpg/1920px-Obligatory_waco_suspension_bridge_photo.jpg?utm_source=en.wikipedia.org&utm_campaign=imageinfo&utm_content=thumbnail,Steve,CC BY-SA 2.0,https://creativecommons.org/licenses/by-sa/2.0,2026-10-08,66b9d574d6a60e67cf3e4eb74ded987ffb3a65891d1843c099491146a8863cea,waco-texas.jpg
18880,crestview-florida,ok,,,"https://commons.wikimedia.org/wiki/File:View_of_Destin,_Florida_from_the_Destin_Harbor.jpg",https://thumb.wikimedia.org/wikipedia/commons/thumb/8/88/View_of_Destin%2C_Florida_from_the_Destin_Harbor.jpg/1920px-View_of_Destin%2C_Florida_from_the_Destin_Harbor.jpg?utm_source=en.wikipedia.org&utm_campaign=imageinfo&utm_content=thumbnail,Destin Vacation Boat Rentals,CC BY 2.0,https://creativecommons.org/licenses/by/2.0,2026-10-09,5fbcee775a601d627ce4bcf8c2a9574ce10061b911f68ce89882d38c359e72e2,crestview-florida.jpg
36500,olympia-washington,ok,,,https://commons.wikimedia.org/wiki/File:MK03165_Washington_State_Capitol_(Olympia).jpg,https://thumb.wikimedia.org/wikipedia/commons/thumb/c/cb/MK03165_Washington_State_Capitol_%28Olympia%29.jpg/1920px-MK03165_Washington_State_Capitol_%28Olympia%29.jpg?utm_source=en.wikipedia.org&utm_campaign=imageinfo&utm_content=thumbnail,Martin Kraft,CC BY-SA 4.0,https://creativecommons.org/licenses/by-sa/4.0,2026-10-09,a07c0f7c628ead3c13b0363147b309fb5574d59e7a5179accff102eb3261f6a7,olympia-washington.jpg
43620,sioux-falls-south-dakota,ok,"Sioux_Falls,_South_Dakota",File:Downtown_and_Falls_Park_03-16-24.jpg,https://commons.wikimedia.org/wiki/File:Downtown_and_Falls_Park_03-16-24.jpg,https://thumb.wikimedia.org/wikipedia/commons/thumb/3/3c/Downtown_and_Falls_Park_03-16-24.jpg/1920px-Downtown_and_Falls_Park_03-16-24.jpg?utm_source=en.wikipedia.org&utm_campaign=imageinfo&utm_content=thumbnail,Maxpower2727,CC0,http://creativecommons.org/publicdomain/zero/1.0/deed.en,2026-09-17,098202dc358a23bfc9c98b2ef96eaa42c6036fd4f5790615d07f1d4fcd139d2c,sioux-falls-south-dakota.jpg
30980,longview-texas,ok,"Longview,_Texas","File:Longview,_Texas.jpg","https://commons.wikimedia.org/wiki/File:Longview,_Texas.jpg",https://thumb.wikimedia.org/wikipedia/commons/thumb/5/59/Longview%2C_Texas.jpg/1920px-Longview%2C_Texas.jpg?utm_source=en.wikipedia.org&utm_campaign=imageinfo&utm_content=thumbnail,pasa47,CC BY 2.0,https://creativecommons.org/licenses/by/2.0,2026-09-17,e4269a44e213f7b0078fe4be90467d216fe84df211158b4da66e63259a9e8059,longview-texas.jpg
32900,merced-california,ok,"Merced,_California",File:Tioga_Hotel_-_Merced_California_(cropped).jpg,https://commons.wikimedia.org/wiki/File:Tioga_Hotel_-_Merced_California_(cropped).jpg,https://thumb.wikimedia.org/wikipedia/commons/thumb/a/ac/Tioga_Hotel_-_Merced_California_%28cropped%29.jpg/1920px-Tioga_Hotel_-_Merced_California_%28cropped%29.jpg?utm_source=en.wikipedia.org&utm_campaign=imageinfo&utm_content=thumbnail,Publichall,CC BY-SA 3.0,https://creativecommons.org/licenses/by-sa/3.0,2026-09-17,7ad6411cdc4de2fa8982531e328ae8aa389ea5d9cdd412cc3eebca9ca415e069,merced-california.jpg
46540,utica-new-york,ok,,,"https://commons.wikimedia.org/wiki/File:Utica,_New_York_-_09_-_street_clock_at_Genesee_and_Washington_Streets_-_20210828.jpg",https://thumb.wikimedia.org/wikipedia/commons/thumb/6/60/Utica%2C_New_York_-_09_-_street_clock_at_Genesee_and_Washington_Streets_-_20210828.jpg/1920px-Utica%2C_New_York_-_09_-_street_clock_at_Genesee_and_Washington_Streets_-_20210828.jpg?utm_source=en.wikipedia.org&utm_campaign=imageinfo&utm_content=thumbnail,Andre Carrotflower,CC BY-SA 4.0,https://creativecommons.org/licenses/by-sa/4.0,2026-10-09,cf49845938f62103c65b83fcc6e7d20ccec98e9bad41c5ec8064f03dc8794bca,utica-new-york.jpg
42020,san-luis-obispo-california,ok,"San_Luis_Obispo,_California",File:Mission_San_Luis_Obispo_(cropped).jpg,https://commons.wikimedia.org/wiki/File:Mission_San_Luis_Obispo_(cropped).jpg,https://thumb.wikimedia.org/wikipedia/commons/thumb/8/86/Mission_San_Luis_Obispo_%28cropped%29.jpg/1920px-Mission_San_Luis_Obispo_%28cropped%29.jpg?utm_source=en.wikipedia.org&utm_campaign=imageinfo&utm_content=thumbnail,Rennett Stowe,CC BY 2.0,https://creativecommons.org/licenses/by/2.0,2026-09-17,ebbfe26236709a0a0e9a717e98b97f698de0231cc597994afb71a6615f82229c,san-luis-obispo-california.jpg
20260,duluth-minnesota,ok,,,https://commons.wikimedia.org/wiki/File:Duluth_Drone.jpg,https://thumb.wikimedia.org/wikipedia/commons/thumb/2/2e/Duluth_Drone.jpg/1920px-Duluth_Drone.jpg?utm_source=en.wikipedia.org&utm_campaign=imageinfo&utm_content=thumbnail,Chrisographer,CC BY-SA 4.0,https://creativecommons.org/licenses/by-sa/4.0,2026-10-09,de3c119ffa054e36796c1c5869b9eb74b5e43999057a37e5f436f376638a310c,duluth-minnesota.jpg
35980,norwich-connecticut,ok,"Norwich,_Connecticut","File:Norwich,_Connecticut_2.jpg","https://commons.wikimedia.org/wiki/File:Norwich,_Connecticut_2.jpg",https://thumb.wikimedia.org/wikipedia/commons/thumb/4/43/Norwich%2C_Connecticut_2.jpg/1920px-Norwich%2C_Connecticut_2.jpg?utm_source=en.wikipedia.org&utm_campaign=imageinfo&utm_content=thumbnail,Hayden Soloviev,CC BY 4.0,https://creativecommons.org/licenses/by/4.0,2026-09-17,4d11a794afae0a745adf0a9c80738114a312bd1f363b2ebd026223ba617868be,norwich-connecticut.jpg
46220,tuscaloosa-alabama,ok,,,"https://commons.wikimedia.org/wiki/File:Bryant%E2%80%93Denny_Stadium,_Tuscaloosa_AL,_North_view_20160714_1.jpg",https://thumb.wikimedia.org/wikipedia/commons/thumb/1/19/Bryant%E2%80%93Denny_Stadium%2C_Tuscaloosa_AL%2C_North_view_20160714_1.jpg/1920px-Bryant%E2%80%93Denny_Stadium%2C_Tuscaloosa_AL%2C_North_view_20160714_1.jpg?utm_source=en.wikipedia.org&utm_campaign=imageinfo&utm_content=thumbnail,DXR,CC BY-SA 4.0,https://creativecommons.org/licenses/by-sa/4.0,2026-10-09,ccac1f1de99fd74a34424b5247b89a975d3713e190a039585fbb3ba0b12b27a3,tuscaloosa-alabama.jpg
17780,college-station-texas,ok,,,https://commons.wikimedia.org/wiki/File:AcademicBuilding-TAMU.jpg,https://thumb.wikimedia.org/wikipedia/commons/thumb/e/eb/AcademicBuilding-TAMU.jpg/1920px-AcademicBuilding-TAMU.jpg?utm_source=en.wikipedia.org&utm_campaign=imageinfo&utm_content=thumbnail,Stu Seeger,CC BY 2.0,https://creativecommons.org/licenses/by/2.0,2026-10-09,539e386ef161654f34c38dd3ede10227870874d7aec6c6f92a7c45eae7084ea1,college-station-texas.jpg
14740,bremerton-washington,ok,,,https://commons.wikimedia.org/wiki/File:MV_Kitsap_at_Bremerton_02.jpg,https://thumb.wikimedia.org/wikipedia/commons/thumb/1/12/MV_Kitsap_at_Bremerton_02.jpg/1920px-MV_Kitsap_at_Bremerton_02.jpg?utm_source=en.wikipedia.org&utm_campaign=imageinfo&utm_content=thumbnail,Joe Mabel,CC BY-SA 4.0,https://creativecommons.org/licenses/by-sa/4.0,2026-10-09,9f91213a486a905495b7c5fa78ae13d229195ae1dbb1145cb1f55acf08fc6711,bremerton-washington.jpg
16300,cedar-rapids-iowa,ok,,,https://commons.wikimedia.org/wiki/File:Cedar_Rapids_-_Mays_Island.jpg,https://thumb.wikimedia.org/wikipedia/commons/thumb/8/86/Cedar_Rapids_-_Mays_Island.jpg/1280px-Cedar_Rapids_-_Mays_Island.jpg,Davumaya,CC BY-SA 3.0,https://creativecommons.org/licenses/by-sa/3.0,2026-10-09,be7f05d7c7ce274d153e644983b249605d64b3a379dddc6046e06f5bb089ee64,cedar-rapids-iowa.jpg
43640,slidell-louisiana,ok,,,https://commons.wikimedia.org/wiki/File:DepoHDR.jpg,https://thumb.wikimedia.org/wikipedia/commons/thumb/9/9e/DepoHDR.jpg/1920px-DepoHDR.jpg?utm_source=en.wikipedia.org&utm_campaign=imageinfo&utm_content=thumbnail,Willam Blackwell,CC BY-SA 4.0,https://creativecommons.org/licenses/by-sa/4.0,2026-10-09,ef800f204ac71496de49c5375b6e83e513f04820ee4854a2f53f4d974eede5d5,slidell-louisiana.jpg
11100,amarillo-texas,ok,,,"https://commons.wikimedia.org/wiki/File:High-rises_on_Polk_Street,_Amarillo,_TX.jpg",https://thumb.wikimedia.org/wikipedia/commons/thumb/c/cf/High-rises_on_Polk_Street%2C_Amarillo%2C_TX.jpg/1920px-High-rises_on_Polk_Street%2C_Amarillo%2C_TX.jpg?utm_source=commons.wikimedia.org&utm_campaign=imageinfo&utm_content=thumbnail,Paul Sableman,CC BY 2.0,https://creativecommons.org/licenses/by/2.0,2026-10-09,f00f98d199592a4a783931cb9aac0c68e2eaddf481dd491be5ea64497c7feb80,amarillo-texas.jpg
21780,evansville-indiana,ok,,,"https://commons.wikimedia.org/wiki/File:Old_Vanderburgh_County_Courthouse,_Evansville,_Indiana.jpg",https://thumb.wikimedia.org/wikipedia/commons/thumb/a/a7/Old_Vanderburgh_County_Courthouse%2C_Evansville%2C_Indiana.jpg/1920px-Old_Vanderburgh_County_Courthouse%2C_Evansville%2C_Indiana.jpg?utm_source=en.wikipedia.org&utm_campaign=imageinfo&utm_content=thumbnail,Roman Eugeniusz,CC BY-SA 3.0,https://creativecommons.org/licenses/by-sa/3.0,2026-10-09,4b3cff5b15db112a68e80e4234e1d6a27fcb86377c72cfa27ef5fc38ef6ad9d2,evansville-indiana.jpg
29700,laredo-texas,ok,,,https://commons.wikimedia.org/wiki/File:St._Augustin_Church_(1_of_1).jpg,https://thumb.wikimedia.org/wikipedia/commons/thumb/b/b8/St._Augustin_Church_%281_of_1%29.jpg/1920px-St._Augustin_Church_%281_of_1%29.jpg?utm_source=en.wikipedia.org&utm_campaign=imageinfo&utm_content=thumbnail,Renelibrary,CC BY-SA 4.0,https://creativecommons.org/licenses/by-sa/4.0,2026-10-09,777d148006d0061ce66ecb8507ff19a3a98956f87d7e3abae817ee91a42b300e,laredo-texas.jpg
21500,erie-pennsylvania,ok,"Erie,_Pennsylvania",File:Erie_PA_skyline_from_tower_observation_deck_(cropped).jpg,https://commons.wikimedia.org/wiki/File:Erie_PA_skyline_from_tower_observation_deck_(cropped).jpg,https://thumb.wikimedia.org/wikipedia/commons/thumb/3/38/Erie_PA_skyline_from_tower_observation_deck_%28cropped%29.jpg/1920px-Erie_PA_skyline_from_tower_observation_deck_%28cropped%29.jpg?utm_source=en.wikipedia.org&utm_campaign=imageinfo&utm_content=thumbnail,User:Cards84664,CC BY-SA 4.0,https://creativecommons.org/licenses/by-sa/4.0,2026-09-17,289338dece5a878c5cd1ab52f825129dbeaa65862b9c3c9b51dc6149602b0fc9,erie-pennsylvania.jpg
42100,santa-cruz-california,ok,,,https://commons.wikimedia.org/wiki/File:Park_at_the_beach_-_panoramio.jpg,https://thumb.wikimedia.org/wikipedia/commons/thumb/7/76/Park_at_the_beach_-_panoramio.jpg/1920px-Park_at_the_beach_-_panoramio.jpg?utm_source=en.wikipedia.org&utm_campaign=imageinfo&utm_content=thumbnail,Vadim Manuylov,CC BY-SA 3.0,https://creativecommons.org/licenses/by-sa/3.0,2026-10-09,6d204f2511a8325c69b2966b7182e5c8dd57de9db5f5d233f2f4bed87bd5da9e,santa-cruz-california.jpg
31340,lynchburg-virginia,ok,,,https://commons.wikimedia.org/wiki/File:Downtown_Lynchburg_zoomed_in.jpg,https://thumb.wikimedia.org/wikipedia/commons/thumb/2/2d/Downtown_Lynchburg_zoomed_in.jpg/1920px-Downtown_Lynchburg_zoomed_in.jpg?utm_source=en.wikipedia.org&utm_campaign=imageinfo&utm_content=thumbnail,Northern-Virginia-Photographer,CC0,http://creativecommons.org/publicdomain/zero/1.0/deed.en,2026-10-09,fd51ef23c63560d212bcc077bb327a3af8476a79aed6fda1c47da9785b0363cc,lynchburg-virginia.jpg
28020,kalamazoo-michigan,ok,"Kalamazoo,_Michigan",File:Kalamazoo.jpg,https://commons.wikimedia.org/wiki/File:Kalamazoo.jpg,https://upload.wikimedia.org/wikipedia/commons/7/7c/Kalamazoo.jpg?utm_source=en.wikipedia.org&utm_campaign=imageinfo&utm_content=original,User Mxobe on en.wikipedia,Public domain,,2026-09-17,20d4ef49e561bcdb723ec181b8031bb8cdcc49c73d6a20f42dac05a7172d3157,kalamazoo-michigan.jpg
22020,fargo-north-dakota,ok,,,https://commons.wikimedia.org/wiki/File:Fargo_Theatre_-_Fargo.jpg,https://thumb.wikimedia.org/wikipedia/commons/thumb/9/94/Fargo_Theatre_-_Fargo.jpg/1920px-Fargo_Theatre_-_Fargo.jpg?utm_source=en.wikipedia.org&utm_campaign=imageinfo&utm_content=thumbnail,AJ LEON,CC BY 2.0,https://creativecommons.org/licenses/by/2.0,2026-10-09,2d86b5878d5ecd1ca355aa6709fa38b4523a0095b78b13ea0deba9c82232417d,fargo-north-dakota.jpg
13460,bend-oregon,ok,,,"https://commons.wikimedia.org/wiki/File:Drake_Park,_Mirror_Pond,_Bend_-_DPLA_-_abff0ea08438d6effa849247b6bbdfeb.jpg",https://thumb.wikimedia.org/wikipedia/commons/thumb/1/10/Drake_Park%2C_Mirror_Pond%2C_Bend_-_DPLA_-_abff0ea08438d6effa849247b6bbdfeb.jpg/1920px-Drake_Park%2C_Mirror_Pond%2C_Bend_-_DPLA_-_abff0ea08438d6effa849247b6bbdfeb.jpg?utm_source=en.wikipedia.org&utm_campaign=imageinfo&utm_content=thumbnail,"Gary Halvorson, Oregon State Archives",CC BY 4.0,https://creativecommons.org/licenses/by/4.0,2026-10-09,493ec5608c5de416e61a31879b572519e69d520c175c95761a0941fba4b64854,bend-oregon.jpg
49420,yakima-washington,ok,"Yakima,_Washington","File:Yakima,_Washington_skyline.jpg","https://commons.wikimedia.org/wiki/File:Yakima,_Washington_skyline.jpg",https://thumb.wikimedia.org/wikipedia/commons/thumb/9/9c/Yakima%2C_Washington_skyline.jpg/1920px-Yakima%2C_Washington_skyline.jpg?utm_source=en.wikipedia.org&utm_campaign=imageinfo&utm_content=thumbnail,Quintin Soloviev,CC BY 4.0,https://creativecommons.org/licenses/by/4.0,2026-09-17,46f403bb6bf59228d813f545fdff730ab108019314fdb7d8122b5db2257f52c1,yakima-washington.jpg
19300,daphne-alabama,download_failed,,,,,,,,,,
11540,appleton-wisconsin,ok,"Appleton,_Wisconsin",File:Downtown_Appleton_Skyline.jpg,https://commons.wikimedia.org/wiki/File:Downtown_Appleton_Skyline.jpg,https://thumb.wikimedia.org/wikipedia/commons/thumb/4/4e/Downtown_Appleton_Skyline.jpg/1920px-Downtown_Appleton_Skyline.jpg?utm_source=en.wikipedia.org&utm_campaign=imageinfo&utm_content=thumbnail,Jasperthedog28,CC BY-SA 4.0,https://creativecommons.org/licenses/by-sa/4.0,2026-09-17,45082cb616affbe3de84e89d184a04223bbe794db926a65f778f21d5053aeaa3,appleton-wisconsin.jpg
39150,prescott-valley-arizona,ok,"Prescott_Valley,_Arizona",File:Skyline_of_Prescott_Valley_civic_center.jpg,https://commons.wikimedia.org/wiki/File:Skyline_of_Prescott_Valley_civic_center.jpg,https://thumb.wikimedia.org/wikipedia/commons/thumb/e/ee/Skyline_of_Prescott_Valley_civic_center.jpg/1920px-Skyline_of_Prescott_Valley_civic_center.jpg?utm_source=en.wikipedia.org&utm_campaign=imageinfo&utm_content=thumbnail,CZfromPV,CC BY-SA 4.0,https://creativecommons.org/licenses/by-sa/4.0,2026-09-17,568edf13bbc1f68ea7a081d2eca1e027d3407af932bc6a95116c942ca2db2455,prescott-valley-arizona.jpg
13780,binghamton-new-york,ok,"Binghamton,_New_York","File:Binghamton,_New_York,_USA.jpg","https://commons.wikimedia.org/wiki/File:Binghamton,_New_York,_USA.jpg",https://thumb.wikimedia.org/wikipedia/commons/thumb/9/91/Binghamton%2C_New_York%2C_USA.jpg/1920px-Binghamton%2C_New_York%2C_USA.jpg?utm_source=en.wikipedia.org&utm_campaign=imageinfo&utm_content=thumbnail,Quintin Soloviev,CC BY 4.0,https://creativecommons.org/licenses/by/4.0,2026-09-17,9896a2ced46a7f570dcaa3bf3fff38678ad55d97fb664c080027298c515acb08,binghamton-new-york.jpg
29340,lake-charles-louisiana,download_failed,,,,,,,,,,
46340,tyler-texas,ok,"Tyler,_Texas",File:Tyler_May_2016_42_(People's_Petroleum_Building_and_Plaza_Tower).jpg,https://commons.wikimedia.org/wiki/File:Tyler_May_2016_42_(People%27s_Petroleum_Building_and_Plaza_Tower).jpg,https://thumb.wikimedia.org/wikipedia/commons/thumb/2/2e/Tyler_May_2016_42_%28People%27s_Petroleum_Building_and_Plaza_Tower%29.jpg/1920px-Tyler_May_2016_42_%28People%27s_Petroleum_Building_and_Plaza_Tower%29.jpg?utm_source=en.wikipedia.org&utm_campaign=imageinfo&utm_content=thumbnail,Michael Barera,CC BY-SA 4.0,https://creativecommons.org/licenses/by-sa/4.0,2026-09-17,c89b9c50bc1aa72d1422ddf28c65633a4d52ff644704dbb5e6df4aba24a3d410,tyler-texas.jpg
16580,champaign-illinois,download_failed,,,,,,,,,,
31420,macon-georgia,ok,"Macon,_Georgia",File:Macon_Georgia_Aerial_(52700955029).jpg,https://commons.wikimedia.org/wiki/File:Macon_Georgia_Aerial_(52700955029).jpg,https://thumb.wikimedia.org/wikipedia/commons/thumb/8/85/Macon_Georgia_Aerial_%2852700955029%29.jpg/1920px-Macon_Georgia_Aerial_%2852700955029%29.jpg?utm_source=en.wikipedia.org&utm_campaign=imageinfo&utm_content=thumbnail,formulanone,CC BY-SA 2.0,https://creativecommons.org/licenses/by-sa/2.0,2026-09-17,93c5b6f4c4ae3a34334003c12eb3333fc703dc4d2163aeab4810b8795a43cd1f,macon-georgia.jpg
45820,topeka-kansas,ok,"Topeka,_Kansas",File:Kansas_Capitol.jpg,https://commons.wikimedia.org/wiki/File:Kansas_Capitol.jpg,https://thumb.wikimedia.org/wikipedia/commons/thumb/f/f4/Kansas_Capitol.jpg/1920px-Kansas_Capitol.jpg?utm_source=en.wikipedia.org&utm_campaign=imageinfo&utm_content=thumbnail,Srudisell,CC BY-SA 4.0,https://creativecommons.org/licenses/by-sa/4.0,2026-09-17,deede8ef496f2a60c2eb129b4e26f2d4c70386648d2a9e5a19d6af1826aebd79,topeka-kansas.jpg
12700,barnstable-town-massachusetts,ok,"Barnstable,_Massachusetts","File:Barnstable_County_Courthouse,_Barnstable_MA.jpg","https://commons.wikimedia.org/wiki/File:Barnstable_County_Courthouse,_Barnstable_MA.jpg",https://thumb.wikimedia.org/wikipedia/commons/thumb/4/4a/Barnstable_County_Courthouse%2C_Barnstable_MA.jpg/1920px-Barnstable_County_Courthouse%2C_Barnstable_MA.jpg?utm_source=en.wikipedia.org&utm_campaign=imageinfo&utm_content=thumbnail,John Phelan,CC BY-SA 3.0,https://creativecommons.org/licenses/by-sa/3.0,2026-09-17,0b422033d9784e4d453c2714fe1d3798619cffdd38368e3ae84cf9b32b35b806,barnstable-town-massachusetts.jpg
13380,bellingham-washington,ok,"Bellingham,_Washington","File:Bellingham,_Washington_(cropped).jpg","https://commons.wikimedia.org/wiki/File:Bellingham,_Washington_(cropped).jpg",https://thumb.wikimedia.org/wikipedia/commons/thumb/b/b4/Bellingham%2C_Washington_%28cropped%29.jpg/1920px-Bellingham%2C_Washington_%28cropped%29.jpg?utm_source=en.wikipedia.org&utm_campaign=imageinfo&utm_content=thumbnail,Quintin Soloviev,CC BY 4.0,https://creativecommons.org/licenses/by/4.0,2026-09-17,a3f682842ac1a78bacffce99f1d2717b12e52a16437de546e3221326a199f8f3,bellingham-washington.jpg
22900,fort-smith-arkansas,ok,"Fort_Smith,_Arkansas","File:Fort_Smith,_AR_002.jpg","https://commons.wikimedia.org/wiki/File:Fort_Smith,_AR_002.jpg",https://thumb.wikimedia.org/wikipedia/commons/thumb/2/27/Fort_Smith%2C_AR_002.jpg/1920px-Fort_Smith%2C_AR_002.jpg?utm_source=en.wikipedia.org&utm_campaign=imageinfo&utm_content=thumbnail,Brandonrush,CC BY-SA 4.0,https://creativecommons.org/licenses/by-sa/4.0,2026-09-17,e6fbf838c63b95372c1456adea76ff4984c0122aa40b452dfe1815dd8fec4700,fort-smith-arkansas.jpg
40340,rochester-minnesota,ok,"Rochester,_Minnesota","File:Downtown_Rochester,_MN-Peace_Plaza.jpg","https://commons.wikimedia.org/wiki/File:Downtown_Rochester,_MN-Peace_Plaza.jpg",https://upload.wikimedia.org/wikipedia/commons/6/62/Downtown_Rochester%2C_MN-Peace_Plaza.jpg?utm_source=en.wikipedia.org&utm_campaign=imageinfo&utm_content=original,cjohnson7,CC BY 2.0,https://creativecommons.org/licenses/by/2.0,2026-09-17,0a67d0b7fc093a0cf1f2c269636fae7318c46ea9429b778841a802431c5e8d5e,rochester-minnesota.jpg
15540,burlington-vermont,ok,"Burlington,_Vermont",File:View_of_the_Burlington_Marketplace_2017-10-01.jpg,https://commons.wikimedia.org/wiki/File:View_of_the_Burlington_Marketplace_2017-10-01.jpg,https://thumb.wikimedia.org/wikipedia/commons/thumb/6/65/View_of_the_Burlington_Marketplace_2017-10-01.jpg/1920px-View_of_the_Burlington_Marketplace_2017-10-01.jpg?utm_source=en.wikipedia.org&utm_campaign=imageinfo&utm_content=thumbnail,Carol M. Highsmith,Public domain,,2026-09-17,e5716dd502333d6aca1080c0378726737dd5789aef23d981c7b6afe60d60a1a8,burlington-vermont.jpg
25940,hilton-head-island-south-carolina,ok,"Hilton_Head_Island,_South_Carolina",File:Hilton_Head_Island_Lighthouse_June_2026.png,https://commons.wikimedia.org/wiki/File:Hilton_Head_Island_Lighthouse_June_2026.png,https://thumb.wikimedia.org/wikipedia/commons/thumb/b/bb/Hilton_Head_Island_Lighthouse_June_2026.png/1920px-Hilton_Head_Island_Lighthouse_June_2026.png?utm_source=en.wikipedia.org&utm_campaign=imageinfo&utm_content=thumbnail,Locust member,CC BY 4.0,https://creativecommons.org/licenses/by/4.0,2026-09-17,d285b45ed5f20ee9659b590d9bfab485c39f6fb883602f13b041dd71a89ce1c8,hilton-head-island-south-carolina.png
29200,lafayette-indiana,ok,"Lafayette,_Indiana",File:Lafayette.downtown.Riehle.Plaza.JPG,https://commons.wikimedia.org/wiki/File:Lafayette.downtown.Riehle.Plaza.JPG,https://thumb.wikimedia.org/wikipedia/commons/thumb/c/c5/Lafayette.downtown.Riehle.Plaza.JPG/1920px-Lafayette.downtown.Riehle.Plaza.JPG?utm_source=en.wikipedia.org&utm_campaign=imageinfo&utm_content=thumbnail,Qsthomson at English Wikipedia,CC0,http://creativecommons.org/publicdomain/zero/1.0/deed.en,2026-09-17,5564fcd5a288a6e0e04646ab4c97bd77d9ddf3ecb919cad5507476ab6c4e9900,lafayette-indiana.jpg
16820,charlottesville-virginia,ok,"Charlottesville,_Virginia","File:Charlottesville,_Virginia.jpg","https://commons.wikimedia.org/wiki/File:Charlottesville,_Virginia.jpg",https://thumb.wikimedia.org/wikipedia/commons/thumb/4/4d/Charlottesville%2C_Virginia.jpg/1920px-Charlottesville%2C_Virginia.jpg?utm_source=en.wikipedia.org&utm_campaign=imageinfo&utm_content=thumbnail,Quintin Soloviev,CC BY 4.0,https://creativecommons.org/licenses/by/4.0,2026-09-17,e262bb5773f5d2235149fff1418e95089bdd3ab9c2997af79a77c6ef9883bc0a,charlottesville-virginia.jpg
29740,las-cruces-new-mexico,ok,"Las_Cruces,_New_Mexico",File:NMSU_BransonLibrary.jpg,https://commons.wikimedia.org/wiki/File:NMSU_BransonLibrary.jpg,https://thumb.wikimedia.org/wikipedia/commons/thumb/e/ea/NMSU_BransonLibrary.jpg/1920px-NMSU_BransonLibrary.jpg?utm_source=en.wikipedia.org&utm_campaign=imageinfo&utm_content=thumbnail,Terry Umbenhaur,CC BY-SA 3.0,https://creativecommons.org/licenses/by-sa/3.0,2026-09-17,f722c7f6d14360a9b5953dd771257f4edb70791513ba488374a4a2ec4d4a87d3,las-cruces-new-mexico.jpg
33740,monroe-louisiana,download_failed,,,,,,,,,,
32780,medford-oregon,download_failed,,,,,,,,,,
29420,lake-havasu-city-arizona,ok,"Lake_Havasu_City,_Arizona","File:London_Bridge,_Lake_Havasu_City_-_2011_(Aerial_Photo).jpg","https://commons.wikimedia.org/wiki/File:London_Bridge,_Lake_Havasu_City_-_2011_(Aerial_Photo).jpg",https://thumb.wikimedia.org/wikipedia/commons/thumb/e/e3/London_Bridge%2C_Lake_Havasu_City_-_2011_%28Aerial_Photo%29.jpg/1920px-London_Bridge%2C_Lake_Havasu_City_-_2011_%28Aerial_Photo%29.jpg?utm_source=en.wikipedia.org&utm_campaign=imageinfo&utm_content=thumbnail,S. Winkvist,CC0,http://creativecommons.org/publicdomain/zero/1.0/deed.en,2026-09-17,64db65b5e59cf358fe52d828e692af53fe6f2ed9919ea786f6237e9cae011af1,lake-havasu-city-arizona.jpg
12020,athens-georgia,ok,"Athens,_Georgia",File:Athens_Georgia_City_Hall_1.jpg,https://commons.wikimedia.org/wiki/File:Athens_Georgia_City_Hall_1.jpg,https://thumb.wikimedia.org/wikipedia/commons/thumb/8/85/Athens_Georgia_City_Hall_1.jpg/1920px-Athens_Georgia_City_Hall_1.jpg?utm_source=en.wikipedia.org&utm_campaign=imageinfo&utm_content=thumbnail,Jud McCranie,CC BY-SA 4.0,https://creativecommons.org/licenses/by-sa/4.0,2026-09-17,cc7af39a1ec288b3595862841754ac5b18188ef8c6a9db8e84972c57727ed0b9,athens-georgia.jpg
17860,columbia-missouri,ok,"Columbia,_Missouri",File:Mizzou_Jesse_Thumb.jpg,https://commons.wikimedia.org/wiki/File:Mizzou_Jesse_Thumb.jpg,https://upload.wikimedia.org/wikipedia/commons/4/44/Mizzou_Jesse_Thumb.jpg?utm_source=en.wikipedia.org&utm_campaign=imageinfo&utm_content=original,Grey Wanderer at English Wikipedia,Public domain,,2026-09-17,c950d187b8c9566867cd06b2517c8d563c8e1c28d1f8fbae82b5fde6c46726ce,columbia-missouri.jpg
23580,gainesville-georgia,ok,"Gainesville,_Georgia","File:Downtown_Gainesville,_Georgia.jpg","https://commons.wikimedia.org/wiki/File:Downtown_Gainesville,_Georgia.jpg",https://thumb.wikimedia.org/wikipedia/commons/thumb/e/e9/Downtown_Gainesville%2C_Georgia.jpg/1920px-Downtown_Gainesville%2C_Georgia.jpg?utm_source=en.wikipedia.org&utm_campaign=imageinfo&utm_content=thumbnail,ATLJonJon,CC BY 4.0,https://creativecommons.org/licenses/by/4.0,2026-09-17,d15a591ec9c55e247788763682e1c7ca65ee69868ef83494daa689673e84a9b5,gainesville-georgia.jpg
37460,panama-city-florida,ok,"Panama_City,_Florida",File:Panama_City_FL_City_Hall.jpg,https://commons.wikimedia.org/wiki/File:Panama_City_FL_City_Hall.jpg,https://thumb.wikimedia.org/wikipedia/commons/thumb/b/be/Panama_City_FL_City_Hall.jpg/1920px-Panama_City_FL_City_Hall.jpg?utm_source=en.wikipedia.org&utm_campaign=imageinfo&utm_content=thumbnail,Balon Greyjoy,CC0,http://creativecommons.org/publicdomain/zero/1.0/deed.en,2026-09-17,855b3a5e4e94e06693a42a1f18c2031120c5e5aaf4e2826e7e4f4c9bb532cb18,panama-city-florida.jpg
49740,yuma-arizona,ok,"Yuma,_Arizona",File:Old_Yuma_City_Hall.jpg,https://commons.wikimedia.org/wiki/File:Old_Yuma_City_Hall.jpg,https://thumb.wikimedia.org/wikipedia/commons/thumb/e/e3/Old_Yuma_City_Hall.jpg/1920px-Old_Yuma_City_Hall.jpg?utm_source=en.wikipedia.org&utm_campaign=imageinfo&utm_content=thumbnail,Cbl62,CC BY-SA 3.0,https://creativecommons.org/licenses/by-sa/3.0,2026-09-17,9ed2b6a5808b87feb59fe2d0afa35e139d61c9121bdb3c0e422e1b44bd3940c1,yuma-arizona.jpg
27740,johnson-city-tennessee,ok,"Johnson_City,_Tennessee",File:Johnson_City.jpg,https://commons.wikimedia.org/wiki/File:Johnson_City.jpg,https://thumb.wikimedia.org/wikipedia/commons/thumb/7/79/Johnson_City.jpg/1920px-Johnson_City.jpg?utm_source=en.wikipedia.org&utm_campaign=imageinfo&utm_content=thumbnail,Mrgriffter,CC BY-SA 4.0,https://creativecommons.org/licenses/by-sa/4.0,2026-09-17,910580f2a7a1cafc390c1f86322a5b68c02c2fc68f86157ccc8d1bfde47aa351,johnson-city-tennessee.jpg
30500,lexington-park-maryland,no_lead_image,,,,,,,,,,
17020,chico-california,ok,"Chico,_California",File:ChicoSquare_(cropped).jpg,https://commons.wikimedia.org/wiki/File:ChicoSquare_(cropped).jpg,https://upload.wikimedia.org/wikipedia/commons/3/38/ChicoSquare_%28cropped%29.jpg?utm_source=en.wikipedia.org&utm_campaign=imageinfo&utm_content=original,Travisthurston,CC BY-SA 3.0,https://creativecommons.org/licenses/by-sa/3.0,2026-09-17,91310c7e20562aa64aa4d070a19f402de31897a4aecbeb7d1a134cc57e9937e2,chico-california.jpg
27340,jacksonville-north-carolina,ok,"Jacksonville,_North_Carolina","File:Jacksonville,_North_Carolina_collage.jpg","https://commons.wikimedia.org/wiki/File:Jacksonville,_North_Carolina_collage.jpg",https://upload.wikimedia.org/wikipedia/commons/6/6f/Jacksonville%2C_North_Carolina_collage.jpg?utm_source=en.wikipedia.org&utm_campaign=imageinfo&utm_content=original,Indy beetle,CC0,http://creativecommons.org/publicdomain/zero/1.0/deed.en,2026-09-17,5df6cc9fd58a01267fc02406812abd4abe865bbc1064bc05ab0eef8d7f07c249,jacksonville-north-carolina.jpg
21140,elkhart-indiana,ok,"Elkhart,_Indiana","File:Elkhart,_Indiana_-_Main_Street.JPG","https://commons.wikimedia.org/wiki/File:Elkhart,_Indiana_-_Main_Street.JPG",https://thumb.wikimedia.org/wikipedia/commons/thumb/b/b7/Elkhart%2C_Indiana_-_Main_Street.JPG/1920px-Elkhart%2C_Indiana_-_Main_Street.JPG?utm_source=en.wikipedia.org&utm_campaign=imageinfo&utm_content=thumbnail,Publichall,CC BY-SA 3.0,https://creativecommons.org/licenses/by-sa/3.0,2026-09-17,cb156b15e625b501903898daf2186fd844f767533f395710b055caa079a11350,elkhart-indiana.jpg
44100,springfield-illinois,ok,"Springfield,_Illinois","File:Dana-Thomas_House,_Lawrence_Avenue_and_4th_Street,_Springfield,_IL_-_53322374502.jpg","https://commons.wikimedia.org/wiki/File:Dana-Thomas_House,_Lawrence_Avenue_and_4th_Street,_Springfield,_IL_-_53322374502.jpg",https://thumb.wikimedia.org/wikipedia/commons/thumb/8/88/Dana-Thomas_House%2C_Lawrence_Avenue_and_4th_Street%2C_Springfield%2C_IL_-_53322374502.jpg/1920px-Dana-Thomas_House%2C_Lawrence_Avenue_and_4th_Street%2C_Springfield%2C_IL_-_53322374502.jpg?utm_source=en.wikipedia.org&utm_campaign=imageinfo&utm_content=thumbnail,w_lemay,CC BY-SA 2.0,https://creativecommons.org/licenses/by-sa/2.0,2026-09-17,e9697fdb77d6041a4b4256b43c87792d920b2e1e4c791d4bbe895217615521b6,springfield-illinois.jpg
16620,charleston-west-virginia,ok,"Charleston,_West_Virginia",File:The_West_Virginia_State_Capitol_building_-_Image03.jpg,https://commons.wikimedia.org/wiki/File:The_West_Virginia_State_Capitol_building_-_Image03.jpg,https://thumb.wikimedia.org/wikipedia/commons/thumb/6/6b/The_West_Virginia_State_Capitol_building_-_Image03.jpg/1920px-The_West_Virginia_State_Capitol_building_-_Image03.jpg?utm_source=en.wikipedia.org&utm_campaign=imageinfo&utm_content=thumbnail,Daniel G Rego,CC BY-SA 4.0,https://creativecommons.org/licenses/by-sa/4.0,2026-09-17,1d25b7cbd49b2756ed0457c2e707d39ad64d6cd86788c6faa79acdba37312bdb,charleston-west-virginia.jpg
27900,joplin-missouri,ok,"Joplin,_Missouri",File:Joplin_Downtown_Historic_District.jpg,https://commons.wikimedia.org/wiki/File:Joplin_Downtown_Historic_District.jpg,https://thumb.wikimedia.org/wikipedia/commons/thumb/6/6e/Joplin_Downtown_Historic_District.jpg/1920px-Joplin_Downtown_Historic_District.jpg?utm_source=en.wikipedia.org&utm_campaign=imageinfo&utm_content=thumbnail,AbeEzekowitz,CC BY-SA 3.0,https://creativecommons.org/licenses/by-sa/3.0,2026-09-17,e79f9eaa2c6886a64a63758dd45ade74e4902a5ea36f875380ac5c09630f85f1,joplin-missouri.jpg
41060,st-cloud-minnesota,ok,"St._Cloud,_Minnesota",File:Downtown_St_Cloud_(cropped).jpg,https://commons.wikimedia.org/wiki/File:Downtown_St_Cloud_(cropped).jpg,https://upload.wikimedia.org/wikipedia/commons/0/09/Downtown_St_Cloud_%28cropped%29.jpg?utm_source=en.wikipedia.org&utm_campaign=imageinfo&utm_content=thumbnail_unscaled,McGhiever,CC BY-SA 4.0,https://creativecommons.org/licenses/by-sa/4.0,2026-09-17,6d560fa842da9bdee68eb0425dcb30a102e9d1da7815658981f1a074c163b190,st-cloud-minnesota.jpg
26380,houma-louisiana,ok,"Houma,_Louisiana",File:HoumaPetitTheatreAug09.jpg,https://commons.wikimedia.org/wiki/File:HoumaPetitTheatreAug09.jpg,https://thumb.wikimedia.org/wikipedia/commons/thumb/a/a3/HoumaPetitTheatreAug09.jpg/1920px-HoumaPetitTheatreAug09.jpg?utm_source=en.wikipedia.org&utm_campaign=imageinfo&utm_content=thumbnail,Infrogmation of New Orleans,CC BY-SA 3.0,https://creativecommons.org/licenses/by-sa/3.0,2026-09-17,1d68c697a81efbde8b9a44973ab27cdf64f03b2e87b0645763b1affbdc62df45,houma-louisiana.jpg
39460,punta-gorda-florida,ok,"Punta_Gorda,_Florida",File:Punta_Gorda_City_Hall.jpg,https://commons.wikimedia.org/wiki/File:Punta_Gorda_City_Hall.jpg,https://thumb.wikimedia.org/wikipedia/commons/thumb/3/34/Punta_Gorda_City_Hall.jpg/1920px-Punta_Gorda_City_Hall.jpg?utm_source=en.wikipedia.org&utm_campaign=imageinfo&utm_content=thumbnail,Wknight94,CC BY-SA 3.0,http://creativecommons.org/licenses/by-sa/3.0/,2026-09-17,1221580e5e280f379d9929ec189d1af8fdba2292ac1eb59820ea1ca44e28cc21,punta-gorda-florida.jpg
12220,auburn-alabama,ok,"Auburn,_Alabama",File:Auburn_Alabama_City_Hall.JPG,https://commons.wikimedia.org/wiki/File:Auburn_Alabama_City_Hall.JPG,https://thumb.wikimedia.org/wikipedia/commons/thumb/0/09/Auburn_Alabama_City_Hall.JPG/1920px-Auburn_Alabama_City_Hall.JPG?utm_source=en.wikipedia.org&utm_campaign=imageinfo&utm_content=thumbnail,Rivers Langley SaveRivers,CC BY-SA 3.0,https://creativecommons.org/licenses/by-sa/3.0,2026-09-17,50203014895eb952190d222352864e420b1c10b003756847e4a6b3dd1ae0e0a5,auburn-alabama.jpg
22500,florence-south-carolina,ok,"Florence,_South_Carolina","File:Aerial_view_of_Western_Florence,_South_Carolina.jpg","https://commons.wikimedia.org/wiki/File:Aerial_view_of_Western_Florence,_South_Carolina.jpg",https://thumb.wikimedia.org/wikipedia/commons/thumb/a/a1/Aerial_view_of_Western_Florence%2C_South_Carolina.jpg/1920px-Aerial_view_of_Western_Florence%2C_South_Carolina.jpg?utm_source=en.wikipedia.org&utm_campaign=imageinfo&utm_content=thumbnail,Florence Conventions and Visitors Bureau,CC BY-SA 4.0,https://creativecommons.org/licenses/by-sa/4.0,2026-09-17,1e7a743648114ed524afcb156d85d0a0626e698a66d08a2b3b3ed920b34da4ed,florence-south-carolina.jpg
47580,warner-robins-georgia,ok,"Warner_Robins,_Georgia",File:Warner_Robins_City_Hall.jpg,https://commons.wikimedia.org/wiki/File:Warner_Robins_City_Hall.jpg,https://thumb.wikimedia.org/wikipedia/commons/thumb/9/9e/Warner_Robins_City_Hall.jpg/1920px-Warner_Robins_City_Hall.jpg?utm_source=en.wikipedia.org&utm_campaign=imageinfo&utm_content=thumbnail,Michael Rivera,CC BY-SA 4.0,https://creativecommons.org/licenses/by-sa/4.0,2026-09-17,eac89b0122fd01d3eed0df677c9a91cf574d19a5cca4b2ffc94a15a8638b187d,warner-robins-georgia.jpg
39540,racine-wisconsin,ok,"Racine,_Wisconsin",File:City_of_Racine_Monument_Square.jpg,https://commons.wikimedia.org/wiki/File:City_of_Racine_Monument_Square.jpg,https://upload.wikimedia.org/wikipedia/commons/2/24/City_of_Racine_Monument_Square.jpg?utm_source=en.wikipedia.org&utm_campaign=imageinfo&utm_content=original,Racine2020,CC BY-SA 4.0,https://creativecommons.org/licenses/by-sa/4.0,2026-09-17,fac9c08c6caf7b00bc50f7e51e038bb473baeb1d0dbc64ac9ae35455a267901c,racine-wisconsin.jpg
41100,st-george-utah,ok,"St._George,_Utah","File:EM_ST._GEORGE,_UTAH_(2624012794).jpg","https://commons.wikimedia.org/wiki/File:EM_ST._GEORGE,_UTAH_(2624012794).jpg",https://thumb.wikimedia.org/wikipedia/commons/thumb/1/14/EM_ST._GEORGE%2C_UTAH_%282624012794%29.jpg/1920px-EM_ST._GEORGE%2C_UTAH_%282624012794%29.jpg?utm_source=en.wikipedia.org&utm_campaign=imageinfo&utm_content=thumbnail,"Eddie Maloney from  North Las Vegas, USA",CC BY-SA 2.0,https://creativecommons.org/licenses/by-sa/2.0,2026-09-17,8e1c4ae131d851056e9a0048fd74e7c8fe05f1c1db87b4c5a0655d7be3ef2a50,st-george-utah.jpg
13740,billings-montana,ok,"Billings,_Montana","File:Billings,_Montana_skyline_in_2024.jpg","https://commons.wikimedia.org/wiki/File:Billings,_Montana_skyline_in_2024.jpg",https://thumb.wikimedia.org/wikipedia/commons/thumb/b/bd/Billings%2C_Montana_skyline_in_2024.jpg/1920px-Billings%2C_Montana_skyline_in_2024.jpg?utm_source=en.wikipedia.org&utm_campaign=imageinfo&utm_content=thumbnail,Quintin Soloviev,CC BY 4.0,https://creativecommons.org/licenses/by/4.0,2026-09-17,663e75fc5fcc9ee2539d8e4453ca0d6b7211cf50b0b14d1c713bd499e5123e85,billings-montana.jpg
40980,saginaw-michigan,ok,"Saginaw,_Michigan","File:Saginaw,_Michigan_Skyline_(2022).jpg","https://commons.wikimedia.org/wiki/File:Saginaw,_Michigan_Skyline_(2022).jpg",https://thumb.wikimedia.org/wikipedia/commons/thumb/6/6a/Saginaw%2C_Michigan_Skyline_%282022%29.jpg/1920px-Saginaw%2C_Michigan_Skyline_%282022%29.jpg?utm_source=en.wikipedia.org&utm_campaign=imageinfo&utm_content=thumbnail,WeaponizingArchitecture,CC BY-SA 4.0,https://creativecommons.org/licenses/by-sa/4.0,2026-09-17,1cf745e7037f727149bdfbab3367b952107123a6e82b21fb03ed0f71de18d96b,saginaw-michigan.jpg
20100,dover-delaware,ok,"Dover,_Delaware",File:Dover_Delaware.jpg,https://commons.wikimedia.org/wiki/File:Dover_Delaware.jpg,https://thumb.wikimedia.org/wikipedia/commons/thumb/2/25/Dover_Delaware.jpg/1920px-Dover_Delaware.jpg?utm_source=en.wikipedia.org&utm_campaign=imageinfo&utm_content=thumbnail,Tim Kiser (w:User:Malepheasant),CC BY-SA 2.5,https://creativecommons.org/licenses/by-sa/2.5,2026-09-17,bf23222da4aa36a162499130a5dba203af1cea2f311f423bb1280968540ec6e8,dover-delaware.jpg
14540,bowling-green-kentucky,ok,"Bowling_Green,_Kentucky","File:Fountain_Square_Park,_Bowling_Green,_Kentucky.JPG","https://commons.wikimedia.org/wiki/File:Fountain_Square_Park,_Bowling_Green,_Kentucky.JPG",https://thumb.wikimedia.org/wikipedia/commons/thumb/f/f6/Fountain_Square_Park%2C_Bowling_Green%2C_Kentucky.JPG/1920px-Fountain_Square_Park%2C_Bowling_Green%2C_Kentucky.JPG?utm_source=en.wikipedia.org&utm_campaign=imageinfo&utm_content=thumbnail,OPMaster (talk),CC BY-SA 3.0,https://creativecommons.org/licenses/by-sa/3.0,2026-09-17,23dc5a1cb3f42fe2b6d78a88f132103ca63e248bfb1dc7b7a839d53ce987429b,bowling-green-kentucky.jpg
49700,yuba-city-california,ok,"Yuba_City,_California",File:Downtown_Yuba_City.jpg,https://commons.wikimedia.org/wiki/File:Downtown_Yuba_City.jpg,https://thumb.wikimedia.org/wikipedia/commons/thumb/7/7c/Downtown_Yuba_City.jpg/1920px-Downtown_Yuba_City.jpg?utm_source=en.wikipedia.org&utm_campaign=imageinfo&utm_content=thumbnail,"Ray Bouknight from Sacramento, CA, USA",CC BY 2.0,https://creativecommons.org/licenses/by/2.0,2026-09-17,0dafc3aa79c27bd28ba5dbf62dd8f00ef19b1c0282a2d429e71d295ef281308c,yuba-city-california.jpg
28740,kingston-new-york,ok,"Kingston,_New_York","File:Kingston,_NY_-_view_of_the_Stockade.jpg","https://commons.wikimedia.org/wiki/File:Kingston,_NY_-_view_of_the_Stockade.jpg",https://thumb.wikimedia.org/wikipedia/commons/thumb/3/38/Kingston%2C_NY_-_view_of_the_Stockade.jpg/1920px-Kingston%2C_NY_-_view_of_the_Stockade.jpg?utm_source=en.wikipedia.org&utm_campaign=imageinfo&utm_content=thumbnail,Amy Lavine,CC BY-SA 4.0,https://creativecommons.org/licenses/by-sa/4.0,2026-09-17,84396c1147af74e0a47c0263353a78a3c48d82248eb85fb1afdb2267ed59f6bc,kingston-new-york.jpg
17660,coeur-dalene-idaho,ok,"Coeur_d'Alene,_Idaho","File:Coeur_d'Alene_aerial,_May_2023_(cropped).png","https://commons.wikimedia.org/wiki/File:Coeur_d%27Alene_aerial,_May_2023_(cropped).png",https://thumb.wikimedia.org/wikipedia/commons/thumb/2/2f/Coeur_d%27Alene_aerial%2C_May_2023_%28cropped%29.png/1920px-Coeur_d%27Alene_aerial%2C_May_2023_%28cropped%29.png?utm_source=en.wikipedia.org&utm_campaign=imageinfo&utm_content=thumbnail,Spicypepper999,CC0,http://creativecommons.org/publicdomain/zero/1.0/deed.en,2026-09-17,244a555a5dbebd4e41b8d1e404b6e3c5a0feb15693d645f509478913c004b64b,coeur-dalene-idaho.png
27180,jackson-tennessee,ok,"Jackson,_Tennessee",File:JacksonTN.JPG,https://commons.wikimedia.org/wiki/File:JacksonTN.JPG,https://thumb.wikimedia.org/wikipedia/commons/thumb/5/50/JacksonTN.JPG/1920px-JacksonTN.JPG?utm_source=en.wikipedia.org&utm_campaign=imageinfo&utm_content=thumbnail,Garryharvey,Public domain,,2026-09-17,47e745937ca19b6593ca15b19d20b644090ee02ee4706447617588ed1f35ec30,jackson-tennessee.jpg
13980,blacksburg-virginia,ok,"Blacksburg,_Virginia","File:Blacksburg,_Virginia.jpg","https://commons.wikimedia.org/wiki/File:Blacksburg,_Virginia.jpg",https://thumb.wikimedia.org/wikipedia/commons/thumb/1/1b/Blacksburg%2C_Virginia.jpg/1920px-Blacksburg%2C_Virginia.jpg?utm_source=en.wikipedia.org&utm_campaign=imageinfo&utm_content=thumbnail,Smash the Iron Cage,CC BY-SA 4.0,https://creativecommons.org/licenses/by-sa/4.0,2026-09-17,705088440f79196cf43c3706659fabd5d442dad315a87dbd15b5019d31a33e0e,blacksburg-virginia.jpg
39820,redding-california,ok,"Redding,_California",File:Sundial_Bridge_at_Turtle_Bay_(cropped).jpg,https://commons.wikimedia.org/wiki/File:Sundial_Bridge_at_Turtle_Bay_(cropped).jpg,https://thumb.wikimedia.org/wikipedia/commons/thumb/3/33/Sundial_Bridge_at_Turtle_Bay_%28cropped%29.jpg/1920px-Sundial_Bridge_at_Turtle_Bay_%28cropped%29.jpg?utm_source=en.wikipedia.org&utm_campaign=imageinfo&utm_content=thumbnail,Chad K,CC BY 2.0,https://creativecommons.org/licenses/by/2.0,2026-09-17,feb9767bcdf36cd5ff05567e8560a4ff073ad3da3928569c253c3b840ce81536,redding-california.jpg
10180,abilene-texas,ok,"Abilene,_Texas",File:Abilene-skyline.jpg,https://commons.wikimedia.org/wiki/File:Abilene-skyline.jpg,https://upload.wikimedia.org/wikipedia/commons/c/cc/Abilene-skyline.jpg?utm_source=en.wikipedia.org&utm_campaign=imageinfo&utm_content=original,Atownbman,CC BY-SA 4.0,https://creativecommons.org/licenses/by-sa/4.0,2026-09-17,7029d92833038bcb25e42ac5c3a5a8d5914bd44572ed54707722ed26625e78ee,abilene-texas.jpg
20940,el-centro-california,ok,"El_Centro,_California",File:Imperial_County_Superior_Courthouse_El_Centro_Night.jpg,https://commons.wikimedia.org/wiki/File:Imperial_County_Superior_Courthouse_El_Centro_Night.jpg,https://upload.wikimedia.org/wikipedia/commons/c/c9/Imperial_County_Superior_Courthouse_El_Centro_Night.jpg?utm_source=en.wikipedia.org&utm_campaign=imageinfo&utm_content=original,,Public domain,,2026-09-17,5b370b35207dce24488707102a32c3019b46f8c833d2fab7233895a4a4eefdca,el-centro-california.jpg
33260,midland-texas,ok,"Midland,_Texas","File:Midland,_TX_skyline_(cropped).jpg","https://commons.wikimedia.org/wiki/File:Midland,_TX_skyline_(cropped).jpg",https://thumb.wikimedia.org/wikipedia/commons/thumb/b/ba/Midland%2C_TX_skyline_%28cropped%29.jpg/1920px-Midland%2C_TX_skyline_%28cropped%29.jpg?utm_source=en.wikipedia.org&utm_campaign=imageinfo&utm_content=thumbnail,Quintin Soloviev,CC BY 4.0,https://creativecommons.org/licenses/by/4.0,2026-09-17,248a9ddcbad746ae6c96896698b98e2640f3172c8723783f6075efdde04c82b4,midland-texas.jpg
26980,iowa-city-iowa,ok,"Iowa_City,_Iowa",File:Iowa_City_Downtown_June_2021_(cropped).jpg,https://commons.wikimedia.org/wiki/File:Iowa_City_Downtown_June_2021_(cropped).jpg,https://upload.wikimedia.org/wikipedia/commons/c/c9/Iowa_City_Downtown_June_2021_%28cropped%29.jpg?utm_source=en.wikipedia.org&utm_campaign=imageinfo&utm_content=original,Stevat20,CC BY-SA 4.0,https://creativecommons.org/licenses/by-sa/4.0,2026-09-17,0445b1e497e10a07c17a9d8a49d007c7efbb796f6965bdb958654dba56582357,iowa-city-iowa.jpg
24780,greenville-north-carolina,ok,"Greenville,_North_Carolina","File:Greenville,_North_Carolina_-_2026_9.jpg","https://commons.wikimedia.org/wiki/File:Greenville,_North_Carolina_-_2026_9.jpg",https://thumb.wikimedia.org/wikipedia/commons/thumb/7/73/Greenville%2C_North_Carolina_-_2026_9.jpg/1920px-Greenville%2C_North_Carolina_-_2026_9.jpg?utm_source=en.wikipedia.org&utm_campaign=imageinfo&utm_content=thumbnail,Aaron Hines/City of Greenville,Public domain,,2026-09-17,962e4aa3d38f9b2e0c2a1b0b50865374ed8f1e0b7b32fabc3173230bb30d03c9,greenville-north-carolina.jpg
15500,burlington-north-carolina,ok,"Burlington,_North_Carolina",File:Tallest_building_in_Burlington.jpg,https://commons.wikimedia.org/wiki/File:Tallest_building_in_Burlington.jpg,https://thumb.wikimedia.org/wikipedia/commons/thumb/1/1b/Tallest_building_in_Burlington.jpg/1920px-Tallest_building_in_Burlington.jpg?utm_source=en.wikipedia.org&utm_campaign=imageinfo&utm_content=thumbnail,Ak1047,CC BY-SA 4.0,https://creativecommons.org/licenses/by-sa/4.0,2026-09-17,8979feec836a58ac572d2a6f889952107972926a1fbd90627eededd462fdd34c,burlington-north-carolina.jpg
34740,muskegon-michigan,ok,"Muskegon,_Michigan",File:Muskegon_skyline_and_lake.jpg,https://commons.wikimedia.org/wiki/File:Muskegon_skyline_and_lake.jpg,https://thumb.wikimedia.org/wikipedia/commons/thumb/8/82/Muskegon_skyline_and_lake.jpg/1920px-Muskegon_skyline_and_lake.jpg?utm_source=en.wikipedia.org&utm_campaign=imageinfo&utm_content=thumbnail,bigmikesndtech,CC BY 2.0,https://creativecommons.org/licenses/by/2.0,2026-09-17,2462b732ba85b4668e76c619a960108afbc5a5fb537e67bdc56b65ff9c3e8d30,muskegon-michigan.jpg
20740,eau-claire-wisconsin,no_article,,,,,,,,,,
36780,oshkosh-wisconsin,ok,"Oshkosh,_Wisconsin","File:Downtown_Oshkosh,_Wisconsin,_in_2006.jpg","https://commons.wikimedia.org/wiki/File:Downtown_Oshkosh,_Wisconsin,_in_2006.jpg",https://thumb.wikimedia.org/wikipedia/commons/thumb/1/1f/Downtown_Oshkosh%2C_Wisconsin%2C_in_2006.jpg/1920px-Downtown_Oshkosh%2C_Wisconsin%2C_in_2006.jpg?utm_source=en.wikipedia.org&utm_campaign=imageinfo&utm_content=thumbnail,self,CC BY-SA 2.5,https://creativecommons.org/licenses/by-sa/2.5,2026-09-17,54dc709335bb613fcb972b7e5a2884d2c58c938872b331d223d979c96feedbbc,oshkosh-wisconsin.jpg
14010,bloomington-illinois,ok,"Bloomington,_Illinois","File:Bloomington,_IL_city_hall_1_(cropped).jpg","https://commons.wikimedia.org/wiki/File:Bloomington,_IL_city_hall_1_(cropped).jpg",https://thumb.wikimedia.org/wikipedia/commons/thumb/9/9a/Bloomington%2C_IL_city_hall_1_%28cropped%29.jpg/1920px-Bloomington%2C_IL_city_hall_1_%28cropped%29.jpg?utm_source=en.wikipedia.org&utm_campaign=imageinfo&utm_content=thumbnail,Daniel Schwen,CC BY-SA 4.0,https://creativecommons.org/licenses/by-sa/4.0,2026-09-17,ace77076c84e76bbe0143398769486c520618a1042cd4d94969cc2f3cca31ac3,bloomington-illinois.jpg
29100,la-crosse-wisconsin,ok,"La_Crosse,_Wisconsin",File:La_Crosse_Main_Street_-_panoramio.jpg,https://commons.wikimedia.org/wiki/File:La_Crosse_Main_Street_-_panoramio.jpg,https://thumb.wikimedia.org/wikipedia/commons/thumb/8/80/La_Crosse_Main_Street_-_panoramio.jpg/1920px-La_Crosse_Main_Street_-_panoramio.jpg?utm_source=en.wikipedia.org&utm_campaign=imageinfo&utm_content=thumbnail,Bohao Zhao,CC BY 3.0,https://creativecommons.org/licenses/by/3.0,2026-09-17,6e1dd7fa3c73dfd266ccb88b95013fa3529fa4897a26161d22b7adf3b392dfb6,la-crosse-wisconsin.jpg
39380,pueblo-colorado,ok,"Pueblo,_Colorado","File:Pueblo,_Colorado.jpg","https://commons.wikimedia.org/wiki/File:Pueblo,_Colorado.jpg",https://thumb.wikimedia.org/wikipedia/commons/thumb/4/4f/Pueblo%2C_Colorado.jpg/1920px-Pueblo%2C_Colorado.jpg?utm_source=en.wikipedia.org&utm_campaign=imageinfo&utm_content=thumbnail,Quintin Soloviev,CC BY 4.0,https://creativecommons.org/licenses/by/4.0,2026-09-17,ccaf615a58a1a0a3c62d765423e08870813fc0be822871d9b939e832c65bfe06,pueblo-colorado.jpg
45460,terre-haute-indiana,ok,"Terre_Haute,_Indiana","File:Terre_Haute,_Indiana_city_hall.jpg","https://commons.wikimedia.org/wiki/File:Terre_Haute,_Indiana_city_hall.jpg",https://thumb.wikimedia.org/wikipedia/commons/thumb/e/ec/Terre_Haute%2C_Indiana_city_hall.jpg/1920px-Terre_Haute%2C_Indiana_city_hall.jpg?utm_source=en.wikipedia.org&utm_campaign=imageinfo&utm_content=thumbnail,"Huwmanbeing (original), Yassie (jpeg conversion)",Public domain,,2026-09-17,afb9cb5d7e5973586163092da51d8f5b51cd5f33bb4681a42d60d2d8872f7ead,terre-haute-indiana.jpg
47940,waterloo-iowa,ok,"Waterloo,_Iowa","File:Waterloo,_Iowa_(2014)_(cropped).jpg","https://commons.wikimedia.org/wiki/File:Waterloo,_Iowa_(2014)_(cropped).jpg",https://thumb.wikimedia.org/wikipedia/commons/thumb/c/c1/Waterloo%2C_Iowa_%282014%29_%28cropped%29.jpg/1920px-Waterloo%2C_Iowa_%282014%29_%28cropped%29.jpg?utm_source=en.wikipedia.org&utm_campaign=imageinfo&utm_content=thumbnail,"David Wilson from Oak Park, Illinois, USA",CC BY 2.0,https://creativecommons.org/licenses/by/2.0,2026-09-17,41f74bf49486c4f43002156c78ef583b6339952f201abfce0464a05808efd028,waterloo-iowa.jpg
28450,kenosha-wisconsin,ok,"Kenosha,_Wisconsin","File:South_on_6th_Ave._from_56th_St.,_Kenosha,_WI.jpg","https://commons.wikimedia.org/wiki/File:South_on_6th_Ave._from_56th_St.,_Kenosha,_WI.jpg",https://thumb.wikimedia.org/wikipedia/commons/thumb/1/14/South_on_6th_Ave._from_56th_St.%2C_Kenosha%2C_WI.jpg/1920px-South_on_6th_Ave._from_56th_St.%2C_Kenosha%2C_WI.jpg?utm_source=en.wikipedia.org&utm_campaign=imageinfo&utm_content=thumbnail,artistmac,CC BY-SA 2.0,https://creativecommons.org/licenses/by-sa/2.0,2026-09-17,9a3351e20fb19cc09a0fe841ea8d09a9e76544f4f835f50e173b46d5d056fa45,kenosha-wisconsin.jpg
42680,sebastian-florida,ok,"Sebastian,_Florida",File:Sebastian_FL_city_hall01.jpg,https://commons.wikimedia.org/wiki/File:Sebastian_FL_city_hall01.jpg,https://thumb.wikimedia.org/wikipedia/commons/thumb/b/bf/Sebastian_FL_city_hall01.jpg/1920px-Sebastian_FL_city_hall01.jpg?utm_source=en.wikipedia.org&utm_campaign=imageinfo&utm_content=thumbnail,Ebyabe,CC BY-SA 3.0,https://creativecommons.org/licenses/by-sa/3.0,2026-09-17,2d9b325ab5c68b0d5c0f3eace577a25ccd400c22e4e92a9c5b2e2bd61ba1871e,sebastian-florida.jpg
26820,idaho-falls-idaho,ok,"Idaho_Falls,_Idaho",File:Downtown_Idaho_Falls.jpg,https://commons.wikimedia.org/wiki/File:Downtown_Idaho_Falls.jpg,https://thumb.wikimedia.org/wikipedia/commons/thumb/c/c7/Downtown_Idaho_Falls.jpg/1920px-Downtown_Idaho_Falls.jpg?utm_source=en.wikipedia.org&utm_campaign=imageinfo&utm_content=thumbnail,"Eric Fredericks from Rancho Cordova, California, United States",CC BY-SA 2.0,https://creativecommons.org/licenses/by-sa/2.0,2026-09-17,529da1093080a60d56f0e185ad1e18efcc2e096173d812fadb500d78eb3f62b0,idaho-falls-idaho.jpg
36220,odessa-texas,ok,"Odessa,_Texas","File:Odessa,_Texas.jpg","https://commons.wikimedia.org/wiki/File:Odessa,_Texas.jpg",https://thumb.wikimedia.org/wikipedia/commons/thumb/e/e9/Odessa%2C_Texas.jpg/1920px-Odessa%2C_Texas.jpg?utm_source=en.wikipedia.org&utm_campaign=imageinfo&utm_content=thumbnail,Vasiliymeshko,CC BY 4.0,https://creativecommons.org/licenses/by/4.0,2026-09-17,6ab25e86ce08e2c592770c6358c2bb4df9acb7c2b74657b1d2bcabcfea580719,odessa-texas.jpg
27980,kahului-hawaii,ok,"Kahului,_Hawaii",File:AirViewKahului.jpg,https://commons.wikimedia.org/wiki/File:AirViewKahului.jpg,https://thumb.wikimedia.org/wikipedia/commons/thumb/4/4b/AirViewKahului.jpg/1920px-AirViewKahului.jpg?utm_source=en.wikipedia.org&utm_campaign=imageinfo&utm_content=thumbnail,ideatrendz,CC BY-SA 2.0,https://creativecommons.org/licenses/by-sa/2.0,2026-09-17,704dae45f49728d5e5efbd9ec5bea1e00bb13bd12885e48bc4f13588320a40c3,kahului-hawaii.jpg
27500,janesville-wisconsin,ok,"Janesville,_Wisconsin",File:Janesville_June_2024_105_(Town_Square).jpg,https://commons.wikimedia.org/wiki/File:Janesville_June_2024_105_(Town_Square).jpg,https://thumb.wikimedia.org/wikipedia/commons/thumb/5/52/Janesville_June_2024_105_%28Town_Square%29.jpg/1920px-Janesville_June_2024_105_%28Town_Square%29.jpg?utm_source=en.wikipedia.org&utm_campaign=imageinfo&utm_content=thumbnail,Michael Barera,CC BY-SA 4.0,https://creativecommons.org/licenses/by-sa/4.0,2026-09-17,f800d31fd11dda611bc32dd23a4662cacc511e2684e63b77d2e67398a0058b19,janesville-wisconsin.jpg
14020,bloomington-indiana,ok,"Bloomington,_Indiana",File:Bloomington_IN_Kirkwood.jpg,https://commons.wikimedia.org/wiki/File:Bloomington_IN_Kirkwood.jpg,https://thumb.wikimedia.org/wikipedia/commons/thumb/0/04/Bloomington_IN_Kirkwood.jpg/1920px-Bloomington_IN_Kirkwood.jpg?utm_source=en.wikipedia.org&utm_campaign=imageinfo&utm_content=thumbnail,Yahala,CC BY-SA 3.0,https://creativecommons.org/licenses/by-sa/3.0,2026-09-17,0bfda9071d026dd26351f381bec23b4fe93e72a6ea9cb642664cf82f7882130d,bloomington-indiana.jpg
26140,homosassa-springs-florida,ok,"Homosassa_Springs,_Florida",File:NB_US_19-98_Homosassa_Springs_FL_Sign.JPG,https://commons.wikimedia.org/wiki/File:NB_US_19-98_Homosassa_Springs_FL_Sign.JPG,https://thumb.wikimedia.org/wikipedia/commons/thumb/c/c5/NB_US_19-98_Homosassa_Springs_FL_Sign.JPG/1920px-NB_US_19-98_Homosassa_Springs_FL_Sign.JPG?utm_source=en.wikipedia.org&utm_campaign=imageinfo&utm_content=thumbnail,DanTD,CC BY-SA 3.0,https://creativecommons.org/licenses/by-sa/3.0,2026-09-17,9caf690dc1e29b382b54faf543c1a79be3b1087659c9b06410ef0b56b947b03a,homosassa-springs-florida.jpg
11200,amherst-town-massachusetts,no_article,,,,,,,,,,
27100,jackson-michigan,ok,"Jackson,_Michigan","File:Downtown_Jackson,_MI.jpg","https://commons.wikimedia.org/wiki/File:Downtown_Jackson,_MI.jpg",https://thumb.wikimedia.org/wikipedia/commons/thumb/7/77/Downtown_Jackson%2C_MI.jpg/1920px-Downtown_Jackson%2C_MI.jpg?utm_source=en.wikipedia.org&utm_campaign=imageinfo&utm_content=thumbnail,Phillip L. Hofmeister,CC BY 3.0,https://creativecommons.org/licenses/by/3.0,2026-09-17,a1112f308b65e1ba06dcfc9224876082287c9fc04236e19d4ce95e6a5e78ddfe,jackson-michigan.jpg
24300,grand-junction-colorado,ok,"Grand_Junction,_Colorado",File:Grand-junction-skyline.jpg,https://commons.wikimedia.org/wiki/File:Grand-junction-skyline.jpg,https://thumb.wikimedia.org/wikipedia/commons/thumb/3/3f/Grand-junction-skyline.jpg/1920px-Grand-junction-skyline.jpg?utm_source=en.wikipedia.org&utm_campaign=imageinfo&utm_content=thumbnail,Eleaf,CC BY-SA 3.0,https://creativecommons.org/licenses/by-sa/3.0,2026-09-17,341e2ccffe49ac8f7f80fc827ea7d4dd1f61de4d5f3992e8809cf5655a7cb73a,grand-junction-colorado.jpg
44300,state-college-pennsylvania,ok,"State_College,_Pennsylvania",File:Downtown_sc.jpg,https://commons.wikimedia.org/wiki/File:Downtown_sc.jpg,https://thumb.wikimedia.org/wikipedia/commons/thumb/7/7b/Downtown_sc.jpg/1920px-Downtown_sc.jpg?utm_source=en.wikipedia.org&utm_campaign=imageinfo&utm_content=thumbnail,Goonsnick,CC BY 4.0,https://creativecommons.org/licenses/by/4.0,2026-09-17,6074042b07acdb246b4011b1c9052506b9625554b849c821ce88ae4f8e6f7b76,state-college-pennsylvania.jpg
19460,decatur-alabama,ok,"Decatur,_Alabama","File:Decatur,_Alabama_(2023).jpg","https://commons.wikimedia.org/wiki/File:Decatur,_Alabama_(2023).jpg",https://thumb.wikimedia.org/wikipedia/commons/thumb/d/dc/Decatur%2C_Alabama_%282023%29.jpg/1920px-Decatur%2C_Alabama_%282023%29.jpg?utm_source=en.wikipedia.org&utm_campaign=imageinfo&utm_content=thumbnail,WeaponizingArchitecture,CC BY-SA 4.0,https://creativecommons.org/licenses/by-sa/4.0,2026-09-17,fa325d96d8ea28cbeed18463588a6deb5750b3cc207108c5c0bed17ae2cf5640,decatur-alabama.jpg
16540,chambersburg-pennsylvania,ok,"Chambersburg,_Pennsylvania",File:Memorial_Square_Chambersburg.jpg,https://commons.wikimedia.org/wiki/File:Memorial_Square_Chambersburg.jpg,https://thumb.wikimedia.org/wikipedia/commons/thumb/5/51/Memorial_Square_Chambersburg.jpg/1920px-Memorial_Square_Chambersburg.jpg?utm_source=en.wikipedia.org&utm_campaign=imageinfo&utm_content=thumbnail,,Public domain,,2026-09-17,3eb08b03a2a5bbc6e4aae02c8e066720a4d812f40d8ead2ddcbbbd02882550c6,chambersburg-pennsylvania.jpg
42140,santa-fe-new-mexico,ok,"Santa_Fe,_New_Mexico",File:Palace_of_the_Governors.jpg,https://commons.wikimedia.org/wiki/File:Palace_of_the_Governors.jpg,https://thumb.wikimedia.org/wikipedia/commons/thumb/8/8d/Palace_of_the_Governors.jpg/1920px-Palace_of_the_Governors.jpg?utm_source=en.wikipedia.org&utm_campaign=imageinfo&utm_content=thumbnail,"Tony Hisgett from Birmingham, UK",CC BY 2.0,https://creativecommons.org/licenses/by/2.0,2026-09-17,8645b26ffe69e67028e71ed5532a6501b598f35b9f5a32da783625b60c027f97,santa-fe-new-mexico.jpg
33780,monroe-michigan,ok,"Monroe,_Michigan",File:Monroe_from_the_River_Raisin.jpg,https://commons.wikimedia.org/wiki/File:Monroe_from_the_River_Raisin.jpg,https://thumb.wikimedia.org/wikipedia/commons/thumb/8/81/Monroe_from_the_River_Raisin.jpg/1920px-Monroe_from_the_River_Raisin.jpg?utm_source=en.wikipedia.org&utm_campaign=imageinfo&utm_content=thumbnail,WeaponizingArchitecture,CC BY-SA 4.0,https://creativecommons.org/licenses/by-sa/4.0,2026-09-17,4e9087d17f66fbbfa809ce80a1703068b374e0463c1fbcd1e3dc1e2dac3d614d,monroe-michigan.jpg
45900,traverse-city-michigan,ok,"Traverse_City,_Michigan",File:Grand_Traverse_County_Courthouse.jpg,https://commons.wikimedia.org/wiki/File:Grand_Traverse_County_Courthouse.jpg,https://thumb.wikimedia.org/wikipedia/commons/thumb/d/da/Grand_Traverse_County_Courthouse.jpg/1920px-Grand_Traverse_County_Courthouse.jpg?utm_source=en.wikipedia.org&utm_campaign=imageinfo&utm_content=thumbnail,rossograph,CC BY-SA 4.0,https://creativecommons.org/licenses/by-sa/4.0,2026-09-17,b3e9fa0f92359d5b2eb29284d0ce8ee47959c20b53125f89a7ddd4ab79333897,traverse-city-michigan.jpg
25620,hattiesburg-mississippi,ok,"Hattiesburg,_Mississippi","File:Hattiesburg,_Mississippi.jpg","https://commons.wikimedia.org/wiki/File:Hattiesburg,_Mississippi.jpg",https://thumb.wikimedia.org/wikipedia/commons/thumb/0/05/Hattiesburg%2C_Mississippi.jpg/1920px-Hattiesburg%2C_Mississippi.jpg?utm_source=en.wikipedia.org&utm_campaign=imageinfo&utm_content=thumbnail,Quintin Soloviev,CC BY 4.0,https://creativecommons.org/licenses/by/4.0,2026-09-17,d6729d5ae345349f01f26612287aac0299bf519bdfac8aa9b57d88c5b0fc044a,hattiesburg-mississippi.jpg
30860,logan-utah,download_failed,,,,,,,,,,
12620,bangor-maine,ok,"Bangor,_Maine","File:Bangor,_Maine.jpg","https://commons.wikimedia.org/wiki/File:Bangor,_Maine.jpg",https://thumb.wikimedia.org/wikipedia/commons/thumb/a/ae/Bangor%2C_Maine.jpg/1920px-Bangor%2C_Maine.jpg?utm_source=en.wikipedia.org&utm_campaign=imageinfo&utm_content=thumbnail,Quintin Soloviev,CC BY 4.0,https://creativecommons.org/licenses/by/4.0,2026-09-17,603ebf0de7cf0aae79ac0195c9be71e9689fbc6d0bfc0605608ff0a7599ccc06,bangor-maine.jpg
22520,florence-alabama,ok,"Florence,_Alabama",File:Downtown_Florence_Historic_District_cropped.jpg,https://commons.wikimedia.org/wiki/File:Downtown_Florence_Historic_District_cropped.jpg,https://thumb.wikimedia.org/wikipedia/commons/thumb/0/0c/Downtown_Florence_Historic_District_cropped.jpg/1920px-Downtown_Florence_Historic_District_cropped.jpg?utm_source=en.wikipedia.org&utm_campaign=imageinfo&utm_content=thumbnail,"themidnite (original), Yassie (derivative work",CC BY-SA 3.0,https://creativecommons.org/licenses/by-sa/3.0,2026-09-17,ba02d6ac30aa368d387773113f04c58976c10d0de3cdd0ee50c88ddde46c6d84,florence-alabama.jpg
47220,vineland-new-jersey,ok,"Vineland,_New_Jersey",File:Vineland_Downtown.JPG,https://commons.wikimedia.org/wiki/File:Vineland_Downtown.JPG,https://thumb.wikimedia.org/wikipedia/commons/thumb/b/bb/Vineland_Downtown.JPG/1920px-Vineland_Downtown.JPG?utm_source=en.wikipedia.org&utm_campaign=imageinfo&utm_content=thumbnail,Smallbones,Public domain,,2026-09-17,75990920ec3ce3996a6ba68df42cf662081c950c92b7167a638c938579a714f3,vineland-new-jersey.jpg
25260,hanford-california,ok,"Hanford,_California","File:Hanford,_California_(11774483763)_(cropped).jpg","https://commons.wikimedia.org/wiki/File:Hanford,_California_(11774483763)_(cropped).jpg",https://thumb.wikimedia.org/wikipedia/commons/thumb/5/54/Hanford%2C_California_%2811774483763%29_%28cropped%29.jpg/1920px-Hanford%2C_California_%2811774483763%29_%28cropped%29.jpg?utm_source=en.wikipedia.org&utm_campaign=imageinfo&utm_content=thumbnail,"Julie Jordan Scott from Bakersfield, California, USA",CC BY 2.0,https://creativecommons.org/licenses/by/2.0,2026-09-17,6a3d2130b6183de7ce08de88ad892f6f384993c5cdfdd6bdce283bb9c3976cc0,hanford-california.jpg
35660,niles-michigan,ok,"Niles,_Michigan",File:A_view_of_downtown_Niles_from_SLR_pilates_studio.webp,https://commons.wikimedia.org/wiki/File:A_view_of_downtown_Niles_from_SLR_pilates_studio.webp,https://upload.wikimedia.org/wikipedia/commons/d/d6/A_view_of_downtown_Niles_from_SLR_pilates_studio.webp?utm_source=en.wikipedia.org&utm_campaign=imageinfo&utm_content=original,Robert Franklin,CC BY 4.0,https://creativecommons.org/licenses/by/4.0,2026-09-17,e255305245225e390eef8bef16aab23bbb2c4a5feed4ec17b22c3d1c889ef3b6,niles-michigan.webp
39660,rapid-city-south-dakota,ok,"Rapid_City,_South_Dakota",File:Rapid_City_Skyline_(2022).jpg,https://commons.wikimedia.org/wiki/File:Rapid_City_Skyline_(2022).jpg,https://thumb.wikimedia.org/wikipedia/commons/thumb/7/79/Rapid_City_Skyline_%282022%29.jpg/1920px-Rapid_City_Skyline_%282022%29.jpg?utm_source=en.wikipedia.org&utm_campaign=imageinfo&utm_content=thumbnail,WeaponizingArchitecture,CC BY-SA 4.0,https://creativecommons.org/licenses/by-sa/4.0,2026-09-17,abb299fcc5a4f866de676a535075c39f672bd61cd6e181f28df2d0cd38a6825f,rapid-city-south-dakota.jpg
20020,dothan-alabama,ok,"Dothan,_Alabama",File:DowntownDothan02_(cropped).jpg,https://commons.wikimedia.org/wiki/File:DowntownDothan02_(cropped).jpg,https://thumb.wikimedia.org/wikipedia/commons/thumb/2/24/DowntownDothan02_%28cropped%29.jpg/1920px-DowntownDothan02_%28cropped%29.jpg?utm_source=en.wikipedia.org&utm_campaign=imageinfo&utm_content=thumbnail,Prussian_Fool,CC BY-SA 4.0,https://creativecommons.org/licenses/by-sa/4.0,2026-09-17,b1b057413265ed5b8f440309d4afd888a89be0b6417634dded8cbb867fcf44c7,dothan-alabama.jpg
27620,jefferson-city-missouri,ok,"Jefferson_City,_Missouri",File:MissouriCapitol.jpg,https://commons.wikimedia.org/wiki/File:MissouriCapitol.jpg,https://upload.wikimedia.org/wikipedia/commons/6/68/MissouriCapitol.jpg?utm_source=en.wikipedia.org&utm_campaign=imageinfo&utm_content=original,RebelAt of English Wikipedia,CC BY-SA 3.0,https://creativecommons.org/licenses/by-sa/3.0,2026-09-17,c3994552127d42d251ae95e9a648c3540a1acb341daa59ed835123966571cf46,jefferson-city-missouri.jpg
46660,valdosta-georgia,ok,"Valdosta,_Georgia",File:Valdosta_GA_Comm_Hist_Dist03.jpg,https://commons.wikimedia.org/wiki/File:Valdosta_GA_Comm_Hist_Dist03.jpg,https://thumb.wikimedia.org/wikipedia/commons/thumb/6/6f/Valdosta_GA_Comm_Hist_Dist03.jpg/1920px-Valdosta_GA_Comm_Hist_Dist03.jpg?utm_source=en.wikipedia.org&utm_campaign=imageinfo&utm_content=thumbnail,Ebyabe,CC BY-SA 2.5,https://creativecommons.org/licenses/by-sa/2.5,2026-09-17,88b81d418e7ba25e28a6f4b39681894e8845cb2b81a5536d3da6a56b509585be,valdosta-georgia.jpg
10780,alexandria-louisiana,ok,"Alexandria,_Louisiana","File:Downtown_Third_Street_in_Alexandria,_LA_IMG_4316.JPG","https://commons.wikimedia.org/wiki/File:Downtown_Third_Street_in_Alexandria,_LA_IMG_4316.JPG",https://thumb.wikimedia.org/wikipedia/commons/thumb/b/b0/Downtown_Third_Street_in_Alexandria%2C_LA_IMG_4316.JPG/1920px-Downtown_Third_Street_in_Alexandria%2C_LA_IMG_4316.JPG?utm_source=en.wikipedia.org&utm_campaign=imageinfo&utm_content=thumbnail,Billy Hathorn,CC BY-SA 3.0,https://creativecommons.org/licenses/by-sa/3.0,2026-09-17,c5117722279dbfb2a7b329ef36c0b49a7f29c968bdcfec764ee480e2795cea66,alexandria-louisiana.jpg
48660,wichita-falls-texas,ok,"Wichita_Falls,_Texas",File:Reproduction_Waterfall_Wichita_Falls.jpg,https://commons.wikimedia.org/wiki/File:Reproduction_Waterfall_Wichita_Falls.jpg,https://thumb.wikimedia.org/wikipedia/commons/thumb/2/24/Reproduction_Waterfall_Wichita_Falls.jpg/1920px-Reproduction_Waterfall_Wichita_Falls.jpg?utm_source=en.wikipedia.org&utm_campaign=imageinfo&utm_content=thumbnail,© Travis K. Witt,CC BY-SA 4.0,https://creativecommons.org/licenses/by-sa/4.0,2026-09-17,ef4098c25c3ae5bd6066bab73c00427a992f40567be84bb96909270887b040ab,wichita-falls-texas.jpg
49020,winchester-virginia,ok,"Winchester,_Virginia",File:Loudoun_Street_Mall.jpg,https://commons.wikimedia.org/wiki/File:Loudoun_Street_Mall.jpg,https://thumb.wikimedia.org/wikipedia/commons/thumb/6/6d/Loudoun_Street_Mall.jpg/1920px-Loudoun_Street_Mall.jpg?utm_source=en.wikipedia.org&utm_campaign=imageinfo&utm_content=thumbnail,APK,CC BY-SA 4.0,https://creativecommons.org/licenses/by-sa/4.0,2026-09-17,e61758eb682ce3ded6ac3e5bd76773f8e8e73f8c7ef27f1d71932b88aeb9932e,winchester-virginia.jpg
45500,texarkana-texas,ok,"Texarkana,_Texas",File:Texarkana_April_2016_002_(Texarkana_Texas_City_Hall).jpg,https://commons.wikimedia.org/wiki/File:Texarkana_April_2016_002_(Texarkana_Texas_City_Hall).jpg,https://thumb.wikimedia.org/wikipedia/commons/thumb/5/55/Texarkana_April_2016_002_%28Texarkana_Texas_City_Hall%29.jpg/1920px-Texarkana_April_2016_002_%28Texarkana_Texas_City_Hall%29.jpg?utm_source=en.wikipedia.org&utm_campaign=imageinfo&utm_content=thumbnail,Michael Barera,CC BY-SA 4.0,https://creativecommons.org/licenses/by-sa/4.0,2026-09-17,7cd39e9f896573d65ec231ed090335938085b4610a1338d50a6421fbd2a09f95,texarkana-texas.jpg
10500,albany-georgia,ok,"Albany,_Georgia",File:Albany_Railroad_Historic_District_Buildings.JPG,https://commons.wikimedia.org/wiki/File:Albany_Railroad_Historic_District_Buildings.JPG,https://thumb.wikimedia.org/wikipedia/commons/thumb/5/5f/Albany_Railroad_Historic_District_Buildings.JPG/1920px-Albany_Railroad_Historic_District_Buildings.JPG?utm_source=en.wikipedia.org&utm_campaign=imageinfo&utm_content=thumbnail,Michael Rivera,CC BY-SA 3.0,https://creativecommons.org/licenses/by-sa/3.0,2026-09-17,fb09eb87dd5043eca0c423d1ce95d2e8235628b9d3002ee628b4ec4a0d704288,albany-georgia.jpg
40580,rocky-mount-north-carolina,ok,"Rocky_Mount,_North_Carolina",File:RM_CityLake.jpg,https://commons.wikimedia.org/wiki/File:RM_CityLake.jpg,https://thumb.wikimedia.org/wikipedia/commons/thumb/e/e3/RM_CityLake.jpg/1920px-RM_CityLake.jpg?utm_source=en.wikipedia.org&utm_campaign=imageinfo&utm_content=thumbnail,Harris Walker,CC BY 2.0,https://creativecommons.org/licenses/by/2.0,2026-09-17,73640306c1dac359938429525773c4523a56b19954730cd0ca7a04127bc8e44f,rocky-mount-north-carolina.jpg
43580,sioux-city-iowa,ok,"Sioux_City,_Iowa","File:Woodbury_County_Courthouse,_Douglas_Street_and_7th_Street,_Sioux_City,_IA_-_53712470546.jpg","https://commons.wikimedia.org/wiki/File:Woodbury_County_Courthouse,_Douglas_Street_and_7th_Street,_Sioux_City,_IA_-_53712470546.jpg",https://thumb.wikimedia.org/wikipedia/commons/thumb/c/c7/Woodbury_County_Courthouse%2C_Douglas_Street_and_7th_Street%2C_Sioux_City%2C_IA_-_53712470546.jpg/1920px-Woodbury_County_Courthouse%2C_Douglas_Street_and_7th_Street%2C_Sioux_City%2C_IA_-_53712470546.jpg?utm_source=en.wikipedia.org&utm_campaign=imageinfo&utm_content=thumbnail,w_lemay,CC BY-SA 2.0,https://creativecommons.org/licenses/by-sa/2.0,2026-09-17,4f3a1236271e5bc58d6b6f97482209eaac88fe17e65b607ec480d03c47f2aeab,sioux-city-iowa.jpg
22380,flagstaff-arizona,ok,"Flagstaff,_Arizona",File:Flagstaff_AZ_-_downtown_hotel.jpg,https://commons.wikimedia.org/wiki/File:Flagstaff_AZ_-_downtown_hotel.jpg,https://upload.wikimedia.org/wikipedia/commons/5/5a/Flagstaff_AZ_-_downtown_hotel.jpg?utm_source=en.wikipedia.org&utm_campaign=imageinfo&utm_content=original,"SearchNet Media from Tucson, Arizona, USA",CC BY 2.0,https://creativecommons.org/licenses/by/2.0,2026-09-17,0d484b044d180613150cb3a53ab38d0119e99b9d0116ab18916005cb9d5445e4,flagstaff-arizona.jpg
30140,lebanon-pennsylvania,ok,"Lebanon,_Pennsylvania",File:Lebanon-PA.jpg,https://commons.wikimedia.org/wiki/File:Lebanon-PA.jpg,https://upload.wikimedia.org/wikipedia/commons/8/8f/Lebanon-PA.jpg?utm_source=en.wikipedia.org&utm_campaign=imageinfo&utm_content=original,City of Lebanon,CC BY-SA 4.0,https://creativecommons.org/licenses/by-sa/4.0,2026-09-17,036a9e7e1bd21b3a6d6d074713c37748d5fc9e71e31711ab8c91790c925b9171,lebanon-pennsylvania.jpg
19140,dalton-georgia,no_article,,,,,,,,,,
48680,wildwood-florida,ok,"Wildwood,_Florida",File:Wildwood_city_hall_and_fountain_wildwood_florida.jpg,https://commons.wikimedia.org/wiki/File:Wildwood_city_hall_and_fountain_wildwood_florida.jpg,https://thumb.wikimedia.org/wikipedia/commons/thumb/4/49/Wildwood_city_hall_and_fountain_wildwood_florida.jpg/1920px-Wildwood_city_hall_and_fountain_wildwood_florida.jpg?utm_source=en.wikipedia.org&utm_campaign=imageinfo&utm_content=thumbnail,Connor J. Williams,CC BY 3.0,https://creativecommons.org/licenses/by/3.0,2026-09-17,a7da33b23b35278f62cdee6348dbeb0ebe9a3a90d5839e398814f8aee95652f5,wildwood-florida.jpg
43300,sherman-texas,ok,"Sherman,_Texas",File:Shermancourthouse1.jpg,https://commons.wikimedia.org/wiki/File:Shermancourthouse1.jpg,https://thumb.wikimedia.org/wikipedia/commons/thumb/2/27/Shermancourthouse1.jpg/1920px-Shermancourthouse1.jpg?utm_source=en.wikipedia.org&utm_campaign=imageinfo&utm_content=thumbnail,Renelibrary,CC BY-SA 3.0,https://creativecommons.org/licenses/by-sa/3.0,2026-09-17,44c064d91c29feb94232b3ab89d61715fc834094a2661e4ef2c13cd5c778e6bd,sherman-texas.jpg
34060,morgantown-west-virginia,ok,"Morgantown,_West_Virginia",File:Woodburn_Hall_WVU_(9300119056).jpg,https://commons.wikimedia.org/wiki/File:Woodburn_Hall_WVU_(9300119056).jpg,https://thumb.wikimedia.org/wikipedia/commons/thumb/1/17/Woodburn_Hall_WVU_%289300119056%29.jpg/1920px-Woodburn_Hall_WVU_%289300119056%29.jpg?utm_source=en.wikipedia.org&utm_campaign=imageinfo&utm_content=thumbnail,"Tom Long from Oak Island, USA",CC BY-SA 2.0,https://creativecommons.org/licenses/by-sa/2.0,2026-09-17,bc5c71464131b0d70bcbbb66899a63da5a3cbb9a4d2fc4b62e57b44774c2f7b5,morgantown-west-virginia.jpg
48140,wausau-wisconsin,ok,"Wausau,_Wisconsin",File:2009-0620-WI017-Wausau-400block.jpg,https://commons.wikimedia.org/wiki/File:2009-0620-WI017-Wausau-400block.jpg,https://thumb.wikimedia.org/wikipedia/commons/thumb/a/aa/2009-0620-WI017-Wausau-400block.jpg/1920px-2009-0620-WI017-Wausau-400block.jpg?utm_source=en.wikipedia.org&utm_campaign=imageinfo&utm_content=thumbnail,Bobak Ha'Eri,CC BY 3.0,https://creativecommons.org/licenses/by/3.0,2026-09-17,7aa2f5521634bb322f5d28aa5c6c5c71fd84a2fce0c17e67287a1de099596508,wausau-wisconsin.jpg
25500,harrisonburg-virginia,ok,"Harrisonburg,_Virginia",File:Rockingham_County_Courthouse.JPG,https://commons.wikimedia.org/wiki/File:Rockingham_County_Courthouse.JPG,https://upload.wikimedia.org/wikipedia/commons/3/33/Rockingham_County_Courthouse.JPG?utm_source=en.wikipedia.org&utm_campaign=imageinfo&utm_content=original,Alma mater,CC BY-SA 3.0,http://creativecommons.org/licenses/by-sa/3.0/,2026-09-17,9c609f066056819ea2b04df5352816d6f1490dda8877561c537553154932d06b,harrisonburg-virginia.jpg
48540,wheeling-west-virginia,ok,"Wheeling,_West_Virginia",File:West_Virginia_Independence_Hall.jpg,https://commons.wikimedia.org/wiki/File:West_Virginia_Independence_Hall.jpg,https://thumb.wikimedia.org/wikipedia/commons/thumb/3/30/West_Virginia_Independence_Hall.jpg/1920px-West_Virginia_Independence_Hall.jpg?utm_source=en.wikipedia.org&utm_campaign=imageinfo&utm_content=thumbnail,WeaponizingArchitecture,CC BY-SA 4.0,https://creativecommons.org/licenses/by-sa/4.0,2026-09-17,8df358dcccd3ca4b3af7eb0587fdb240c8a1ffa16fbfe933bfe7bc7c36477af3,wheeling-west-virginia.jpg
25220,hammond-louisiana,ok,"Hammond,_Louisiana","File:Hammond,_Louisiana_Feb_2019_street_scene.jpg","https://commons.wikimedia.org/wiki/File:Hammond,_Louisiana_Feb_2019_street_scene.jpg",https://thumb.wikimedia.org/wikipedia/commons/thumb/c/c1/Hammond%2C_Louisiana_Feb_2019_street_scene.jpg/1920px-Hammond%2C_Louisiana_Feb_2019_street_scene.jpg?utm_source=en.wikipedia.org&utm_campaign=imageinfo&utm_content=thumbnail,David Wilson,CC BY 2.0,https://creativecommons.org/licenses/by/2.0,2026-09-17,448d0f9e153bdadf17a346ab9421e99761ef75c4ff3a4fd2cb8ae8aa1324339f,hammond-louisiana.jpg
13900,bismarck-north-dakota,ok,"Bismarck,_North_Dakota","File:Bismarck,_North_Dakota_aerial_view.jpg","https://commons.wikimedia.org/wiki/File:Bismarck,_North_Dakota_aerial_view.jpg",https://thumb.wikimedia.org/wikipedia/commons/thumb/1/1e/Bismarck%2C_North_Dakota_aerial_view.jpg/1920px-Bismarck%2C_North_Dakota_aerial_view.jpg?utm_source=en.wikipedia.org&utm_campaign=imageinfo&utm_content=thumbnail,Quintin Soloviev,CC BY 4.0,https://creativecommons.org/licenses/by/4.0,2026-09-17,95bda1e28f8279ebb50505cd548ae4cfd3bae8fa95a1ba591e48082941f445aa,bismarck-north-dakota.jpg
27860,jonesboro-arkansas,ok,"Jonesboro,_Arkansas",File:Jonesboro_collage.png,https://commons.wikimedia.org/wiki/File:Jonesboro_collage.png,https://upload.wikimedia.org/wikipedia/commons/e/ed/Jonesboro_collage.png?utm_source=en.wikipedia.org&utm_campaign=imageinfo&utm_content=original,Brandonrush,CC BY-SA 3.0,https://creativecommons.org/licenses/by-sa/3.0,2026-09-17,a52b2baa4041679ff63293ce9cc2031e9ae3511727993303e7dd93ce98b5ff56,jonesboro-arkansas.png
44220,springfield-ohio,ok,"Springfield,_Ohio","File:Downtown_Springfield,_Ohio_2021.jpg","https://commons.wikimedia.org/wiki/File:Downtown_Springfield,_Ohio_2021.jpg",https://thumb.wikimedia.org/wikipedia/commons/thumb/2/27/Downtown_Springfield%2C_Ohio_2021.jpg/1920px-Downtown_Springfield%2C_Ohio_2021.jpg?utm_source=en.wikipedia.org&utm_campaign=imageinfo&utm_content=thumbnail,David Wilson,CC BY 2.0,https://creativecommons.org/licenses/by/2.0,2026-09-17,c3c638dfd9c1e9d42f38a68a7e537022d361da5feb6c6b1bee66374bcbb2a99c,springfield-ohio.jpg
34900,napa-california,ok,"Napa,_California",File:City_of_Napa_by_the_Napa_River_(cropped).JPG,https://commons.wikimedia.org/wiki/File:City_of_Napa_by_the_Napa_River_(cropped).JPG,https://thumb.wikimedia.org/wikipedia/commons/thumb/8/87/City_of_Napa_by_the_Napa_River_%28cropped%29.JPG/1920px-City_of_Napa_by_the_Napa_River_%28cropped%29.JPG?utm_source=en.wikipedia.org&utm_campaign=imageinfo&utm_content=thumbnail,Oleg Alexandrov,CC BY-SA 4.0,https://creativecommons.org/licenses/by-sa/4.0,2026-09-17,fb1e3504e794309759fead7b43e71ccc5bc798ea2c826fbd9630a1a465ccfc48,napa-california.jpg
31740,manhattan-kansas,ok,"Manhattan,_Kansas",File:Riley_(Kansas)_County_Courthouse_1.jpg,https://commons.wikimedia.org/wiki/File:Riley_(Kansas)_County_Courthouse_1.jpg,https://upload.wikimedia.org/wikipedia/commons/6/6a/Riley_%28Kansas%29_County_Courthouse_1.jpg?utm_source=en.wikipedia.org&utm_campaign=imageinfo&utm_content=original,"Kevin Zollman Kzollman 22:00, 4 May 2006 (UTC)",CC BY-SA 3.0,http://creativecommons.org/licenses/by-sa/3.0/,2026-09-17,d965b61b130c394a1c1dbd8f664bcbd84c2de9cb5f4e63733f68dad663932829,manhattan-kansas.jpg
12980,battle-creek-michigan,ok,"Battle_Creek,_Michigan",File:Downtown_Battle_Creek.jpg,https://commons.wikimedia.org/wiki/File:Downtown_Battle_Creek.jpg,https://thumb.wikimedia.org/wikipedia/commons/thumb/d/d6/Downtown_Battle_Creek.jpg/1920px-Downtown_Battle_Creek.jpg?utm_source=en.wikipedia.org&utm_campaign=imageinfo&utm_content=thumbnail,Rickpaty,CC BY-SA 4.0,https://creativecommons.org/licenses/by-sa/4.0,2026-09-17,7755688124bc09f54b563811d2f66226332e674fad9c6fca169cfebe7b2439b0,battle-creek-michigan.jpg
27780,johnstown-pennsylvania,download_failed,,,,,,,,,,
34580,mount-vernon-washington,ok,"Mount_Vernon,_Washington","File:Mount_Vernon,_Washington.jpg","https://commons.wikimedia.org/wiki/File:Mount_Vernon,_Washington.jpg",https://thumb.wikimedia.org/wikipedia/commons/thumb/8/84/Mount_Vernon%2C_Washington.jpg/1920px-Mount_Vernon%2C_Washington.jpg?utm_source=en.wikipedia.org&utm_campaign=imageinfo&utm_content=thumbnail,Quintin Soloviev,CC BY 4.0,https://creativecommons.org/licenses/by/4.0,2026-09-17,d8e680ae20f02580fde0b94d671945998c374d91e249ab4a846bc329c78a7da0,mount-vernon-washington.jpg
10540,albany-oregon,ok,"Albany,_Oregon","File:Albany,_Oregon_looking_west_down_1st_Ave_SW_in_the_summer_of_2014.jpg","https://commons.wikimedia.org/wiki/File:Albany,_Oregon_looking_west_down_1st_Ave_SW_in_the_summer_of_2014.jpg",https://thumb.wikimedia.org/wikipedia/commons/thumb/b/be/Albany%2C_Oregon_looking_west_down_1st_Ave_SW_in_the_summer_of_2014.jpg/1920px-Albany%2C_Oregon_looking_west_down_1st_Ave_SW_in_the_summer_of_2014.jpg?utm_source=en.wikipedia.org&utm_campaign=imageinfo&utm_content=thumbnail,Edfallere,CC BY-SA 4.0,https://creativecommons.org/licenses/by-sa/4.0,2026-09-17,6349e95e54e9f00b0b9d1151d4e8dd28681f30e2e067e18a8440383e1434a71f,albany-oregon.jpg
41540,salisbury-maryland,ok,"Salisbury,_Maryland",File:Salisbury_MD_Main_Street.jpg,https://commons.wikimedia.org/wiki/File:Salisbury_MD_Main_Street.jpg,https://thumb.wikimedia.org/wikipedia/commons/thumb/a/ae/Salisbury_MD_Main_Street.jpg/1920px-Salisbury_MD_Main_Street.jpg?utm_source=en.wikipedia.org&utm_campaign=imageinfo&utm_content=thumbnail,Eric Fischer,CC BY 2.0,https://creativecommons.org/licenses/by/2.0,2026-09-17,1142a6d2626fcca701f35a9cd3bf6056c813eb57cb4b030381d5715de2594289,salisbury-maryland.jpg
38340,pittsfield-massachusetts,ok,"Pittsfield,_Massachusetts","File:Pittsfield,_Massachusetts_skyline.jpg","https://commons.wikimedia.org/wiki/File:Pittsfield,_Massachusetts_skyline.jpg",https://thumb.wikimedia.org/wikipedia/commons/thumb/5/5c/Pittsfield%2C_Massachusetts_skyline.jpg/1920px-Pittsfield%2C_Massachusetts_skyline.jpg?utm_source=en.wikipedia.org&utm_campaign=imageinfo&utm_content=thumbnail,Quintin Soloviev,CC BY 4.0,https://creativecommons.org/licenses/by/4.0,2026-09-17,c5cde607ce2b2c05b1bb1392db669ca6e8174ef8104ac0a01f8b1a7d5b311a60,pittsfield-massachusetts.jpg
17420,cleveland-tennessee,ok,"Cleveland,_Tennessee","File:Downtown_Cleveland,_Tennessee,_in_Bradley_County_02.jpg","https://commons.wikimedia.org/wiki/File:Downtown_Cleveland,_Tennessee,_in_Bradley_County_02.jpg",https://thumb.wikimedia.org/wikipedia/commons/thumb/a/a9/Downtown_Cleveland%2C_Tennessee%2C_in_Bradley_County_02.jpg/1920px-Downtown_Cleveland%2C_Tennessee%2C_in_Bradley_County_02.jpg?utm_source=en.wikipedia.org&utm_campaign=imageinfo&utm_content=thumbnail,Harrison Keely,CC BY 4.0,https://creativecommons.org/licenses/by/4.0,2026-09-17,d14c6e0776d874bedbfc8e88f4fbc032554d40591ff28a153ac4d669b248658a,cleveland-tennessee.jpg
30020,lawton-oklahoma,ok,"Lawton,_Oklahoma",File:Old_Lawton_High_School.jpg,https://commons.wikimedia.org/wiki/File:Old_Lawton_High_School.jpg,https://thumb.wikimedia.org/wikipedia/commons/thumb/d/d4/Old_Lawton_High_School.jpg/1920px-Old_Lawton_High_School.jpg?utm_source=en.wikipedia.org&utm_campaign=imageinfo&utm_content=thumbnail,Crimsonedge34,CC BY-SA 3.0,https://creativecommons.org/licenses/by-sa/3.0,2026-09-17,fbc276dec6d5f66a76da2e98911778ab47fef4c2862c1fd3efc5b406f3d37090,lawton-oklahoma.jpg
11180,ames-iowa,ok,"Ames,_Iowa",File:Reiman_Gardens_33.jpg,https://commons.wikimedia.org/wiki/File:Reiman_Gardens_33.jpg,https://thumb.wikimedia.org/wikipedia/commons/thumb/3/30/Reiman_Gardens_33.jpg/1920px-Reiman_Gardens_33.jpg?utm_source=en.wikipedia.org&utm_campaign=imageinfo&utm_content=thumbnail,Dirk DBQ,CC BY 2.0,https://creativecommons.org/licenses/by/2.0,2026-09-17,bbc249029eb687af7679921acbcde4f2121d7a04bf57868573aa1191b4a57ec1,ames-iowa.jpg
21060,elizabethtown-kentucky,ok,"Elizabethtown,_Kentucky",File:Hardin_County_Courthouse_in_Elizabethtown.jpg,https://commons.wikimedia.org/wiki/File:Hardin_County_Courthouse_in_Elizabethtown.jpg,https://thumb.wikimedia.org/wikipedia/commons/thumb/8/80/Hardin_County_Courthouse_in_Elizabethtown.jpg/1920px-Hardin_County_Courthouse_in_Elizabethtown.jpg?utm_source=en.wikipedia.org&utm_campaign=imageinfo&utm_content=thumbnail,Nyttend,Public domain,,2026-09-17,9737bd0ed6a13142081a5730d0c22ac9b8f8814dbdc52d853f18f5457fe1b1c2,elizabethtown-kentucky.jpg
44420,staunton-virginia,ok,"Staunton,_Virginia",File:Frederick_Street.jpg,https://commons.wikimedia.org/wiki/File:Frederick_Street.jpg,https://thumb.wikimedia.org/wikipedia/commons/thumb/8/8d/Frederick_Street.jpg/1920px-Frederick_Street.jpg?utm_source=en.wikipedia.org&utm_campaign=imageinfo&utm_content=thumbnail,Ned Hartley,CC BY-SA 4.0,https://creativecommons.org/licenses/by-sa/4.0,2026-09-17,dd52d73d6d26301f2ee6973d97504572cbf61e932c1c0083f933249dd839a44c,staunton-virginia.jpg
24020,glens-falls-new-york,ok,"Glens_Falls,_New_York","File:Downtown_Glens_Falls,_NY.jpg","https://commons.wikimedia.org/wiki/File:Downtown_Glens_Falls,_NY.jpg",https://thumb.wikimedia.org/wikipedia/commons/thumb/f/fb/Downtown_Glens_Falls%2C_NY.jpg/1920px-Downtown_Glens_Falls%2C_NY.jpg?utm_source=en.wikipedia.org&utm_campaign=imageinfo&utm_content=thumbnail,Quintin Soloviev,CC BY 4.0,https://creativecommons.org/licenses/by/4.0,2026-09-17,8d1ce3c0ad448989574f7f99db445783e7475b47b0a725c758de523a6278d374,glens-falls-new-york.jpg
33540,missoula-montana,ok,"Missoula,_Montana","File:Missoula,_Montana.jpg","https://commons.wikimedia.org/wiki/File:Missoula,_Montana.jpg",https://thumb.wikimedia.org/wikipedia/commons/thumb/d/d5/Missoula%2C_Montana.jpg/1920px-Missoula%2C_Montana.jpg?utm_source=en.wikipedia.org&utm_campaign=imageinfo&utm_content=thumbnail,Quintin Soloviev,CC BY 4.0,https://creativecommons.org/licenses/by/4.0,2026-09-17,4dbebb53eb2e849d6d29f505af640b113a595c62c180efee1fd8cd086dd02feb,missoula-montana.jpg
43420,sierra-vista-arizona,not_a_photograph:image/svg+xml,,,,,,,,,,
31900,mansfield-ohio,ok,"Mansfield,_Ohio",File:Mansfield_skyline.jpg,https://commons.wikimedia.org/wiki/File:Mansfield_skyline.jpg,https://thumb.wikimedia.org/wikipedia/commons/thumb/8/84/Mansfield_skyline.jpg/1920px-Mansfield_skyline.jpg?utm_source=en.wikipedia.org&utm_campaign=imageinfo&utm_content=thumbnail,John Siegenthaler,CC BY-SA 3.0,https://creativecommons.org/licenses/by-sa/3.0,2026-09-17,c5fffbbdf90a801055e9c64529ce5b6ed3f6bcb0fd829971287f98f033acf3af,mansfield-ohio.jpg
48300,wenatchee-washington,ok,"Wenatchee,_Washington",File:Wenatchee_WA_2009.jpg,https://commons.wikimedia.org/wiki/File:Wenatchee_WA_2009.jpg,https://upload.wikimedia.org/wikipedia/commons/5/5b/Wenatchee_WA_2009.jpg?utm_source=en.wikipedia.org&utm_campaign=imageinfo&utm_content=original,Jennifer Gottwald,CC BY 2.0,https://creativecommons.org/licenses/by/2.0,2026-09-17,967ba4d76c414da677e8b33fbc8ab7b4540d7ffd9e1d1bc3f403fa91ff6593b0,wenatchee-washington.jpg
14580,bozeman-montana,ok,"Bozeman,_Montana","File:Main_St,_Bozeman,_Montana_(1).JPG","https://commons.wikimedia.org/wiki/File:Main_St,_Bozeman,_Montana_(1).JPG",https://thumb.wikimedia.org/wikipedia/commons/thumb/0/06/Main_St%2C_Bozeman%2C_Montana_%281%29.JPG/1920px-Main_St%2C_Bozeman%2C_Montana_%281%29.JPG?utm_source=en.wikipedia.org&utm_campaign=imageinfo&utm_content=thumbnail,Chris06,CC BY-SA 3.0,https://creativecommons.org/licenses/by-sa/3.0,2026-09-17,bf00d14dd5ebb2e8ce62d0088e512fa5ce426e6e40bad99fdef6eb157c92ac2f,bozeman-montana.jpg
34100,morristown-tennessee,ok,"Morristown,_Tennessee",File:Morristown_Main_Street_looking_east.jpg,https://commons.wikimedia.org/wiki/File:Morristown_Main_Street_looking_east.jpg,https://thumb.wikimedia.org/wikipedia/commons/thumb/4/48/Morristown_Main_Street_looking_east.jpg/1920px-Morristown_Main_Street_looking_east.jpg?utm_source=en.wikipedia.org&utm_campaign=imageinfo&utm_content=thumbnail,AppalachianCentrist,CC BY-SA 4.0,https://creativecommons.org/licenses/by-sa/4.0,2026-09-17,6cd539a5cfa783cfe0632322e2fb592a63b9c229d4658ac34487f8435b4a2f47,morristown-tennessee.jpg
11020,altoona-pennsylvania,ok,"Altoona,_Pennsylvania","File:Altoona,_Pennsylvania.jpg","https://commons.wikimedia.org/wiki/File:Altoona,_Pennsylvania.jpg",https://thumb.wikimedia.org/wikipedia/commons/thumb/7/72/Altoona%2C_Pennsylvania.jpg/1920px-Altoona%2C_Pennsylvania.jpg?utm_source=en.wikipedia.org&utm_campaign=imageinfo&utm_content=thumbnail,Quintin Soloviev,CC BY 4.0,https://creativecommons.org/licenses/by/4.0,2026-09-17,3be5e520512932f9bff5fe293a8d1394827f6d3a1fef806687c72f717e9fa3e3,altoona-pennsylvania.jpg
41660,san-angelo-texas,ok,"San_Angelo,_Texas",File:San_Angelo_September_2019_03_(San_Angelo_City_Hall).jpg,https://commons.wikimedia.org/wiki/File:San_Angelo_September_2019_03_(San_Angelo_City_Hall).jpg,https://thumb.wikimedia.org/wikipedia/commons/thumb/d/d5/San_Angelo_September_2019_03_%28San_Angelo_City_Hall%29.jpg/1920px-San_Angelo_September_2019_03_%28San_Angelo_City_Hall%29.jpg?utm_source=en.wikipedia.org&utm_campaign=imageinfo&utm_content=thumbnail,Michael Barera,CC BY-SA 4.0,https://creativecommons.org/licenses/by-sa/4.0,2026-09-17,6723b29c57cb6d0c565306adbd7bdb59426bb8669800666c13a1de95e7c74253,san-angelo-texas.jpg
22140,farmington-new-mexico,download_failed,,,,,,,,,,
29940,lawrence-kansas,ok,"Lawrence,_Kansas","File:Lawrence,_KS_August_2025.jpg","https://commons.wikimedia.org/wiki/File:Lawrence,_KS_August_2025.jpg",https://thumb.wikimedia.org/wikipedia/commons/thumb/3/38/Lawrence%2C_KS_August_2025.jpg/1920px-Lawrence%2C_KS_August_2025.jpg?utm_source=en.wikipedia.org&utm_campaign=imageinfo&utm_content=thumbnail,Shannon Beat,CC BY 4.0,https://creativecommons.org/licenses/by/4.0,2026-09-17,0b58f659be60dee5592719f1d04a2316b8820d934f737a70258c52c41e044f89,lawrence-kansas.jpg
41140,st-joseph-missouri,ok,"St._Joseph,_Missouri",File:Buchanan_County_Courthouse_St_Joseph_Missouri.jpg,https://commons.wikimedia.org/wiki/File:Buchanan_County_Courthouse_St_Joseph_Missouri.jpg,https://thumb.wikimedia.org/wikipedia/commons/thumb/a/ab/Buchanan_County_Courthouse_St_Joseph_Missouri.jpg/1920px-Buchanan_County_Courthouse_St_Joseph_Missouri.jpg?utm_source=en.wikipedia.org&utm_campaign=imageinfo&utm_content=thumbnail,Tim Kiser (w:User:Malepheasant),CC BY-SA 2.5,https://creativecommons.org/licenses/by-sa/2.5,2026-09-17,fa0afebf5ac48db31a7b8bfff9b174cb97e56dfd99cfe0ada05ba73bc9bf522e,st-joseph-missouri.jpg
46300,twin-falls-idaho,ok,"Twin_Falls,_Idaho","File:Downtown_Twin_Falls,_ID.jpg","https://commons.wikimedia.org/wiki/File:Downtown_Twin_Falls,_ID.jpg",https://thumb.wikimedia.org/wikipedia/commons/thumb/d/db/Downtown_Twin_Falls%2C_ID.jpg/1920px-Downtown_Twin_Falls%2C_ID.jpg?utm_source=en.wikipedia.org&utm_campaign=imageinfo&utm_content=thumbnail,Tommyers89,CC BY-SA 4.0,https://creativecommons.org/licenses/by-sa/4.0,2026-09-17,5bc4de81d6c279b440ff375cd55f9383e8fcb917c1fcab3ef0af914051cfe92e,twin-falls-idaho.jpg
24140,goldsboro-north-carolina,download_failed,,,,,,,,,,
43100,sheboygan-wisconsin,ok,"Sheboygan,_Wisconsin",File:Sheboygan_Riverfront.jpg,https://commons.wikimedia.org/wiki/File:Sheboygan_Riverfront.jpg,https://thumb.wikimedia.org/wikipedia/commons/thumb/c/cf/Sheboygan_Riverfront.jpg/1920px-Sheboygan_Riverfront.jpg?utm_source=en.wikipedia.org&utm_campaign=imageinfo&utm_content=thumbnail,AsherHeimermann,CC BY-SA 4.0,https://creativecommons.org/licenses/by-sa/4.0,2026-09-17,337918c4143d895ca220b4f386247d31887735a274caaac11256b2390dcdefce,sheboygan-wisconsin.jpg
11500,anniston-alabama,ok,"Anniston,_Alabama","File:Anniston,_Alabama.JPG","https://commons.wikimedia.org/wiki/File:Anniston,_Alabama.JPG",https://thumb.wikimedia.org/wikipedia/commons/thumb/7/79/Anniston%2C_Alabama.JPG/1920px-Anniston%2C_Alabama.JPG?utm_source=en.wikipedia.org&utm_campaign=imageinfo&utm_content=thumbnail,Rivers Langley; SaveRivers,CC BY-SA 3.0,https://creativecommons.org/licenses/by-sa/3.0,2026-09-17,556a7902154cc617b02488776b8233ae76e8faee2603787d4933324f3674fbb1,anniston-alabama.jpg
15260,brunswick-georgia,ok,"Brunswick,_Georgia",File:Sidney_Lanier_Bridge.jpg,https://commons.wikimedia.org/wiki/File:Sidney_Lanier_Bridge.jpg,https://upload.wikimedia.org/wikipedia/commons/4/44/Sidney_Lanier_Bridge.jpg?utm_source=en.wikipedia.org&utm_campaign=imageinfo&utm_content=original,Hyku on Flickr,CC BY 2.0,https://creativecommons.org/licenses/by/2.0,2026-09-17,583b9d006e599a5dc7d7f63def68e6f57f6a28eea09e843d6fa5001b23adf92c,brunswick-georgia.jpg
48060,watertown-new-york,ok,"Watertown,_New_York","File:Public_Square,_Watertown,_New_York.jpg","https://commons.wikimedia.org/wiki/File:Public_Square,_Watertown,_New_York.jpg",https://thumb.wikimedia.org/wikipedia/commons/thumb/5/50/Public_Square%2C_Watertown%2C_New_York.jpg/1920px-Public_Square%2C_Watertown%2C_New_York.jpg?utm_source=en.wikipedia.org&utm_campaign=imageinfo&utm_content=thumbnail,Lallint,CC0,http://creativecommons.org/publicdomain/zero/1.0/deed.en,2026-09-17,f9eabe82f68ed848262ff8953ff9d401a4c01999feb6d05140ebf067df4cd99b,watertown-new-york.jpg
48260,weirton-west-virginia,ok,"Weirton,_West_Virginia","File:Looking_south_down_Main_Street_in_downtown_Weirton,_West_Virginia,_05-25-2025.jpg","https://commons.wikimedia.org/wiki/File:Looking_south_down_Main_Street_in_downtown_Weirton,_West_Virginia,_05-25-2025.jpg",https://thumb.wikimedia.org/wikipedia/commons/thumb/5/5b/Looking_south_down_Main_Street_in_downtown_Weirton%2C_West_Virginia%2C_05-25-2025.jpg/1920px-Looking_south_down_Main_Street_in_downtown_Weirton%2C_West_Virginia%2C_05-25-2025.jpg?utm_source=en.wikipedia.org&utm_campaign=imageinfo&utm_content=thumbnail,Cutlass,CC0,http://creativecommons.org/publicdomain/zero/1.0/deed.en,2026-09-17,d27e95b0da500c3db3c8b61bd1e130900b5cd6912e11155306fc51bb08b1a6da,weirton-west-virginia.jpg
41780,sandusky-ohio,ok,"Sandusky,_Ohio",File:City_of_Sandusky_Downtown.png,https://commons.wikimedia.org/wiki/File:City_of_Sandusky_Downtown.png,https://upload.wikimedia.org/wikipedia/commons/7/7d/City_of_Sandusky_Downtown.png?utm_source=en.wikipedia.org&utm_campaign=imageinfo&utm_content=original,Joseph42904,CC BY-SA 4.0,https://creativecommons.org/licenses/by-sa/4.0,2026-09-17,49e1779159ccc9bef3957ccafc79275b1cabeeec11fd69ccbd436b3279718ab9,sandusky-ohio.png
48700,williamsport-pennsylvania,download_failed,,,,,,,,,,
30340,lewiston-maine,ok,"Lewiston,_Maine","File:Lewiston,_Maine.jpg","https://commons.wikimedia.org/wiki/File:Lewiston,_Maine.jpg",https://thumb.wikimedia.org/wikipedia/commons/thumb/e/eb/Lewiston%2C_Maine.jpg/1920px-Lewiston%2C_Maine.jpg?utm_source=en.wikipedia.org&utm_campaign=imageinfo&utm_content=thumbnail,Quintin Soloviev,CC BY 4.0,https://creativecommons.org/licenses/by/4.0,2026-09-17,8baf044c10f6f1f30fdbb5bdd75a9087c30545fdc7b0456a09f94eaa0b2fb950,lewiston-maine.jpg
36980,owensboro-kentucky,ok,"Owensboro,_Kentucky",File:Owensboro2ndStAnn.JPG,https://commons.wikimedia.org/wiki/File:Owensboro2ndStAnn.JPG,https://thumb.wikimedia.org/wikipedia/commons/thumb/2/24/Owensboro2ndStAnn.JPG/1920px-Owensboro2ndStAnn.JPG?utm_source=en.wikipedia.org&utm_campaign=imageinfo&utm_content=thumbnail,Smallbones,Public domain,,2026-09-17,b387b4ff8e3aa9a4498413b8b8e3567eeef36a8d2de61784bd233bbff851969c,owensboro-kentucky.jpg
13220,beckley-west-virginia,ok,"Beckley,_West_Virginia","File:Beckley,_West_Virginia.jpg","https://commons.wikimedia.org/wiki/File:Beckley,_West_Virginia.jpg",https://thumb.wikimedia.org/wikipedia/commons/thumb/2/25/Beckley%2C_West_Virginia.jpg/1920px-Beckley%2C_West_Virginia.jpg?utm_source=en.wikipedia.org&utm_campaign=imageinfo&utm_content=thumbnail,Quintin Soloviev,CC BY 4.0,https://creativecommons.org/licenses/by/4.0,2026-09-17,6458deb981b33ba7e29043e46ebcbae8c42ad92a64919476e6864603e0d61c96,beckley-west-virginia.jpg
31020,longview-washington,ok,"Longview,_Washington",File:Longviewwa1.jpg,https://commons.wikimedia.org/wiki/File:Longviewwa1.jpg,https://thumb.wikimedia.org/wikipedia/commons/thumb/6/63/Longviewwa1.jpg/1920px-Longviewwa1.jpg?utm_source=en.wikipedia.org&utm_campaign=imageinfo&utm_content=thumbnail,khiara jones,Public domain,,2026-09-17,80f53618c4224c1bcbfc219b919d83c06ca7042d59a004800ca145eb3ce90fff,longview-washington.jpg
34620,muncie-indiana,download_failed,,,,,,,,,,
33140,michigan-city-indiana,ok,"Michigan_City,_Indiana",File:Michigan_City_Lighthouse.jpg,https://commons.wikimedia.org/wiki/File:Michigan_City_Lighthouse.jpg,https://thumb.wikimedia.org/wikipedia/commons/thumb/a/a8/Michigan_City_Lighthouse.jpg/1920px-Michigan_City_Lighthouse.jpg?utm_source=en.wikipedia.org&utm_campaign=imageinfo&utm_content=thumbnail,Matt Morse,CC BY-SA 3.0,https://creativecommons.org/licenses/by-sa/3.0,2026-09-17,5fb2d91db070b90f854d42171eb79571437b0ab4583c98db9d4256fd60008a3f,michigan-city-indiana.jpg
28100,kankakee-illinois,ok,"Kankakee,_Illinois",File:Kankakee_County_Courthouse.jpg,https://commons.wikimedia.org/wiki/File:Kankakee_County_Courthouse.jpg,https://upload.wikimedia.org/wikipedia/commons/7/78/Kankakee_County_Courthouse.jpg?utm_source=en.wikipedia.org&utm_campaign=imageinfo&utm_content=thumbnail_unscaled,MrHarman at English Wikipedia,Public domain,,2026-09-17,042b5fe3979301bc2cc650dea808f7e4289bac812226ccd30c4ea4929c0191d7,kankakee-illinois.jpg
23900,gettysburg-pennsylvania,ok,"Gettysburg,_Pennsylvania","File:Gettysburg_Battlefield,_Pennsylvania,_US_(98).jpg","https://commons.wikimedia.org/wiki/File:Gettysburg_Battlefield,_Pennsylvania,_US_(98).jpg",https://thumb.wikimedia.org/wikipedia/commons/thumb/3/3d/Gettysburg_Battlefield%2C_Pennsylvania%2C_US_%2898%29.jpg/1920px-Gettysburg_Battlefield%2C_Pennsylvania%2C_US_%2898%29.jpg?utm_source=en.wikipedia.org&utm_campaign=imageinfo&utm_content=thumbnail,Bubba73,CC BY-SA 3.0,https://creativecommons.org/licenses/by-sa/3.0,2026-09-17,1d6846178eb2e97ebb08033d3b7edf354c4e0a672d828780ec8c00aff5e4eef0,gettysburg-pennsylvania.jpg
42700,sebring-florida,download_failed,,,,,,,,,,
38240,pinehurst-north-carolina,ok,"Pinehurst,_North_Carolina","File:Mystic_Cottage_(Pinehurst,_North_Carolina)_001.jpg","https://commons.wikimedia.org/wiki/File:Mystic_Cottage_(Pinehurst,_North_Carolina)_001.jpg",https://thumb.wikimedia.org/wikipedia/commons/thumb/9/9a/Mystic_Cottage_%28Pinehurst%2C_North_Carolina%29_001.jpg/1920px-Mystic_Cottage_%28Pinehurst%2C_North_Carolina%29_001.jpg?utm_source=en.wikipedia.org&utm_campaign=imageinfo&utm_content=thumbnail,Leonard J. DeFrancisci,CC BY-SA 3.0,https://creativecommons.org/licenses/by-sa/3.0,2026-09-17,60e4fbe3a6925833d69e279dfd421aace418e0556967dc28b5935467b86d599f,pinehurst-north-carolina.jpg
44940,sumter-south-carolina,ok,"Sumter,_South_Carolina",File:Downtown_Sumter_2010.jpg,https://commons.wikimedia.org/wiki/File:Downtown_Sumter_2010.jpg,https://upload.wikimedia.org/wikipedia/commons/1/12/Downtown_Sumter_2010.jpg?utm_source=en.wikipedia.org&utm_campaign=imageinfo&utm_content=original,City of Sumter,Public domain,,2026-09-17,688e2db09c786f97c1a3e8fc0dbec6f89cf8718b3f9002c75fd86c6bcf35d72b,sumter-south-carolina.jpg
27060,ithaca-new-york,ok,"Ithaca,_New_York",File:Ithaca_Commons_(New_York).jpg,https://commons.wikimedia.org/wiki/File:Ithaca_Commons_(New_York).jpg,https://thumb.wikimedia.org/wikipedia/commons/thumb/1/16/Ithaca_Commons_%28New_York%29.jpg/1920px-Ithaca_Commons_%28New_York%29.jpg?utm_source=en.wikipedia.org&utm_campaign=imageinfo&utm_content=thumbnail,Kenneth C. Zirkel,CC BY-SA 4.0,https://creativecommons.org/licenses/by-sa/4.0,2026-09-17,b1d36d2719a51cd187918913e60711aa371e986dfecce4a378d68cca45e1adf8,ithaca-new-york.jpg
31860,mankato-minnesota,ok,"Mankato,_Minnesota",File:2009-0805-Mankato-NFrontStDist.jpg,https://commons.wikimedia.org/wiki/File:2009-0805-Mankato-NFrontStDist.jpg,https://thumb.wikimedia.org/wikipedia/commons/thumb/e/e3/2009-0805-Mankato-NFrontStDist.jpg/1920px-2009-0805-Mankato-NFrontStDist.jpg?utm_source=en.wikipedia.org&utm_campaign=imageinfo&utm_content=thumbnail,Bobak Ha'Eri,CC BY 3.0,https://creativecommons.org/licenses/by/3.0,2026-09-17,8e51d46720dca5edc1d7524cd2b9334e532edc621643de4f4da12f086387511e,mankato-minnesota.jpg
22540,fond-du-lac-wisconsin,ok,"Fond_du_Lac,_Wisconsin",File:SouthMainStreetHistoricDistrictFondDuLacWisUS45.jpg,https://commons.wikimedia.org/wiki/File:SouthMainStreetHistoricDistrictFondDuLacWisUS45.jpg,https://thumb.wikimedia.org/wikipedia/commons/thumb/1/14/SouthMainStreetHistoricDistrictFondDuLacWisUS45.jpg/1920px-SouthMainStreetHistoricDistrictFondDuLacWisUS45.jpg?utm_source=en.wikipedia.org&utm_campaign=imageinfo&utm_content=thumbnail,Royalbroil,CC BY-SA 3.0,https://creativecommons.org/licenses/by-sa/3.0,2026-09-17,dc2756885dbae85e861ea3504c167e07627df0e7bb4b8594b0b2bb95dc69be5b,fond-du-lac-wisconsin.jpg
24220,grand-forks-north-dakota,ok,"Grand_Forks,_North_Dakota",File:FEMA_-_29438_-_Photograph_by_Brenda_Riskey_taken_on_05-17-2006_in_North_Dakota.jpg,https://commons.wikimedia.org/wiki/File:FEMA_-_29438_-_Photograph_by_Brenda_Riskey_taken_on_05-17-2006_in_North_Dakota.jpg,https://thumb.wikimedia.org/wikipedia/commons/thumb/1/16/FEMA_-_29438_-_Photograph_by_Brenda_Riskey_taken_on_05-17-2006_in_North_Dakota.jpg/1920px-FEMA_-_29438_-_Photograph_by_Brenda_Riskey_taken_on_05-17-2006_in_North_Dakota.jpg?utm_source=en.wikipedia.org&utm_campaign=imageinfo&utm_content=thumbnail,Brenda Riskey,Public domain,,2026-09-17,d4928fbf1ae2008b0dd3c25ba9ab1220ee88a5dc4317d9efb44a621d2d0bdfb7,grand-forks-north-dakota.jpg
23460,gadsden-alabama,ok,"Gadsden,_Alabama","File:Gadsden,_Alabama_-_Aerial_(51157939914).jpg","https://commons.wikimedia.org/wiki/File:Gadsden,_Alabama_-_Aerial_(51157939914).jpg",https://thumb.wikimedia.org/wikipedia/commons/thumb/0/03/Gadsden%2C_Alabama_-_Aerial_%2851157939914%29.jpg/1920px-Gadsden%2C_Alabama_-_Aerial_%2851157939914%29.jpg?utm_source=en.wikipedia.org&utm_campaign=imageinfo&utm_content=thumbnail,formulanone,CC BY-SA 2.0,https://creativecommons.org/licenses/by-sa/2.0,2026-09-17,a1771e02396a280c7e97f7f428933edcd9908c74f4080d0b15ece70b127ec121,gadsden-alabama.jpg
13020,bay-city-michigan,ok,"Bay_City,_Michigan","File:Bay_City,_Michigan_(2022).jpg","https://commons.wikimedia.org/wiki/File:Bay_City,_Michigan_(2022).jpg",https://thumb.wikimedia.org/wikipedia/commons/thumb/0/02/Bay_City%2C_Michigan_%282022%29.jpg/1920px-Bay_City%2C_Michigan_%282022%29.jpg?utm_source=en.wikipedia.org&utm_campaign=imageinfo&utm_content=thumbnail,WeaponizingArchitecture,CC BY-SA 4.0,https://creativecommons.org/licenses/by-sa/4.0,2026-09-17,10b3d74a6d402cd5103f465d5b14f48ff5b13a8d4b7ee4b71b648bf41dea6097,bay-city-michigan.jpg
37140,paducah-kentucky,ok,"Paducah,_Kentucky","File:Broadway_-_Paducah,_Kentucky.jpg","https://commons.wikimedia.org/wiki/File:Broadway_-_Paducah,_Kentucky.jpg",https://thumb.wikimedia.org/wikipedia/commons/thumb/0/09/Broadway_-_Paducah%2C_Kentucky.jpg/1920px-Broadway_-_Paducah%2C_Kentucky.jpg?utm_source=en.wikipedia.org&utm_campaign=imageinfo&utm_content=thumbnail,Farragutful,CC BY-SA 4.0,https://creativecommons.org/licenses/by-sa/4.0,2026-09-17,f5c7971d2a631a062c2cdf9d117e09a69c1a9521c1d1c8b1c6edb3081da80c16,paducah-kentucky.jpg
19500,decatur-illinois,ok,"Decatur,_Illinois",File:Downtown-MerchantRsz_(cropped).jpg,https://commons.wikimedia.org/wiki/File:Downtown-MerchantRsz_(cropped).jpg,https://upload.wikimedia.org/wikipedia/commons/a/a4/Downtown-MerchantRsz_%28cropped%29.jpg?utm_source=en.wikipedia.org&utm_campaign=imageinfo&utm_content=original,Gil Lebois,CC0,http://creativecommons.org/publicdomain/zero/1.0/deed.en,2026-09-17,7f961bf7214f889034b3effe4950fea1e023821508252f81fd353e3d1edcb064,decatur-illinois.jpg
30620,lima-ohio,ok,"Lima,_Ohio",File:Lima_public_square.jpg,https://commons.wikimedia.org/wiki/File:Lima_public_square.jpg,https://thumb.wikimedia.org/wikipedia/commons/thumb/d/d6/Lima_public_square.jpg/1920px-Lima_public_square.jpg?utm_source=en.wikipedia.org&utm_campaign=imageinfo&utm_content=thumbnail,Nyttend,Public domain,,2026-09-17,3823c5385448d709c2912c233a29c0ce01ca29cde0c445365a0d8c5c96b0bd27,lima-ohio.jpg
16940,cheyenne-wyoming,ok,"Cheyenne,_Wyoming",File:CheyenneWyoming_(cropped).jpg,https://commons.wikimedia.org/wiki/File:CheyenneWyoming_(cropped).jpg,https://upload.wikimedia.org/wikipedia/commons/5/53/CheyenneWyoming_%28cropped%29.jpg?utm_source=en.wikipedia.org&utm_campaign=imageinfo&utm_content=original,Vasiliymeshko,CC BY-SA 4.0,https://creativecommons.org/licenses/by-sa/4.0,2026-09-17,d9a50c364a39e91d219ebf1444c17b95c4dd754f6b46f0732e3bd5721ee3721c,cheyenne-wyoming.jpg
26300,hot-springs-arkansas,ok,"Hot_Springs,_Arkansas",File:Hot_Springs_collage.png,https://commons.wikimedia.org/wiki/File:Hot_Springs_collage.png,https://upload.wikimedia.org/wikipedia/commons/9/9c/Hot_Springs_collage.png?utm_source=en.wikipedia.org&utm_campaign=imageinfo&utm_content=original,Brandonrush,CC BY-SA 3.0,https://creativecommons.org/licenses/by-sa/3.0,2026-09-17,6a8260209951998c5d231a9b26438514e73250b0649da33863752a39418ce1ac,hot-springs-arkansas.png
40660,rome-georgia,ok,"Rome,_Georgia","File:Rome_GA_viewed_from_Myrtle_Hill_Cemetery,_Nov_2017.jpg","https://commons.wikimedia.org/wiki/File:Rome_GA_viewed_from_Myrtle_Hill_Cemetery,_Nov_2017.jpg",https://thumb.wikimedia.org/wikipedia/commons/thumb/d/df/Rome_GA_viewed_from_Myrtle_Hill_Cemetery%2C_Nov_2017.jpg/1920px-Rome_GA_viewed_from_Myrtle_Hill_Cemetery%2C_Nov_2017.jpg?utm_source=en.wikipedia.org&utm_campaign=imageinfo&utm_content=thumbnail,Thomson200,CC0,http://creativecommons.org/publicdomain/zero/1.0/deed.en,2026-09-17,bcdbe57be68d37169114636ef7dfbaff71f2ce0d5e687e679c4fedddab958656,rome-georgia.jpg
20220,dubuque-iowa,ok,"Dubuque,_Iowa",File:Dubuque_IA_-_overview.jpg,https://commons.wikimedia.org/wiki/File:Dubuque_IA_-_overview.jpg,https://thumb.wikimedia.org/wikipedia/commons/thumb/8/84/Dubuque_IA_-_overview.jpg/1920px-Dubuque_IA_-_overview.jpg?utm_source=en.wikipedia.org&utm_campaign=imageinfo&utm_content=thumbnail,Dirk,CC BY 2.0,https://creativecommons.org/licenses/by/2.0,2026-09-17,d28e579a95dcd0e0dfb61042f27c79902ae7555f86989adaa3ebba1935cb476d,dubuque-iowa.jpg
47020,victoria-texas,ok,"Victoria,_Texas",File:Goingtovic.jpg,https://commons.wikimedia.org/wiki/File:Goingtovic.jpg,https://upload.wikimedia.org/wikipedia/commons/4/48/Goingtovic.jpg?utm_source=en.wikipedia.org&utm_campaign=imageinfo&utm_content=original,Justin65656 at English Wikipedia,CC BY-SA 3.0,https://creativecommons.org/licenses/by-sa/3.0,2026-09-17,b738c105f7a8cc35b2f50d84a4e8a915a56b7e3b26b2ab2e1d6804c1c8aa3d76,victoria-texas.jpg
16020,cape-girardeau-missouri,ok,"Cape_Girardeau,_Missouri",File:Cape_Girardeau_dec29-07_(23).jpg,https://commons.wikimedia.org/wiki/File:Cape_Girardeau_dec29-07_(23).jpg,https://thumb.wikimedia.org/wikipedia/commons/thumb/7/70/Cape_Girardeau_dec29-07_%2823%29.jpg/1920px-Cape_Girardeau_dec29-07_%2823%29.jpg?utm_source=en.wikipedia.org&utm_campaign=imageinfo&utm_content=thumbnail,Drowzy at English Wikipedia,Public domain,,2026-09-17,3984b0d5a3b3fbf97783f1808cce9fa4e2e7b647b26223ae37b3d17724e90c69,cape-girardeau-missouri.jpg
18700,corvallis-oregon,ok,"Corvallis,_Oregon",File:Benton_County_Courthouse_Greg_Keene.jpg,https://commons.wikimedia.org/wiki/File:Benton_County_Courthouse_Greg_Keene.jpg,https://thumb.wikimedia.org/wikipedia/commons/thumb/7/70/Benton_County_Courthouse_Greg_Keene.jpg/1920px-Benton_County_Courthouse_Greg_Keene.jpg?utm_source=en.wikipedia.org&utm_campaign=imageinfo&utm_content=thumbnail,Gregkeene,CC BY 3.0 us,https://creativecommons.org/licenses/by/3.0/us/deed.en,2026-09-17,366ba9a7e3663be567b66094673329af587111bb07377197354e4cf7f54e0f98,corvallis-oregon.jpg
21820,fairbanks-alaska,ok,"Fairbanks,_Alaska",File:Aerial_view_of_Fairbanks_Alaska_skyline_(Quintin_Soloviev).jpg,https://commons.wikimedia.org/wiki/File:Aerial_view_of_Fairbanks_Alaska_skyline_(Quintin_Soloviev).jpg,https://thumb.wikimedia.org/wikipedia/commons/thumb/9/9f/Aerial_view_of_Fairbanks_Alaska_skyline_%28Quintin_Soloviev%29.jpg/1920px-Aerial_view_of_Fairbanks_Alaska_skyline_%28Quintin_Soloviev%29.jpg?utm_source=en.wikipedia.org&utm_campaign=imageinfo&utm_content=thumbnail,Quintin Soloviev,CC BY-SA 4.0,https://creativecommons.org/licenses/by-sa/4.0,2026-09-17,731851df774c45c3d383914e69e11aa7c25e4a4a2a678f489b03f4d6d3af0fc4,fairbanks-alaska.jpg
25740,helena-montana,ok,"Helena,_Montana",File:Montana_State_Capitol_by_T._Elizabeth.jpg,https://commons.wikimedia.org/wiki/File:Montana_State_Capitol_by_T._Elizabeth.jpg,https://thumb.wikimedia.org/wikipedia/commons/thumb/6/68/Montana_State_Capitol_by_T._Elizabeth.jpg/1920px-Montana_State_Capitol_by_T._Elizabeth.jpg?utm_source=en.wikipedia.org&utm_campaign=imageinfo&utm_content=thumbnail,Tracey Elizabeth,CC BY 2.0,https://creativecommons.org/licenses/by/2.0,2026-09-17,d17db1a8a9f9b6621cc4293e86fea5d17889d05bb4eccf9011e45459d3ab1c90,helena-montana.jpg
38540,pocatello-idaho,attribution_unreadable:CC BY-SA 3.0,,,,,,,,,,
37620,parkersburg-west-virginia,ok,"Parkersburg,_West_Virginia",File:Boreman_view.jpg,https://commons.wikimedia.org/wiki/File:Boreman_view.jpg,https://upload.wikimedia.org/wikipedia/commons/b/bd/Boreman_view.jpg?utm_source=en.wikipedia.org&utm_campaign=imageinfo&utm_content=original,Mgoudy85 (talk),Public domain,,2026-09-17,5172ab434bacc812186ebbf0ea53e4ff528c73e5f4addff36c6d0c33dec6b23a,parkersburg-west-virginia.jpg
24420,grants-pass-oregon,ok,"Grants_Pass,_Oregon","File:Grants_Pass,_Its_the_Climate.jpg","https://commons.wikimedia.org/wiki/File:Grants_Pass,_Its_the_Climate.jpg",https://thumb.wikimedia.org/wikipedia/commons/thumb/5/58/Grants_Pass%2C_Its_the_Climate.jpg/1920px-Grants_Pass%2C_Its_the_Climate.jpg?utm_source=en.wikipedia.org&utm_campaign=imageinfo&utm_content=thumbnail,"Nicolas from Paris, France",CC BY-SA 2.0,https://creativecommons.org/licenses/by-sa/2.0,2026-09-17,ad600d66716351dc7dab3d9aca1d19ee63176291844739ed0dc90632b23d60d4,grants-pass-oregon.jpg
25980,hinesville-georgia,ok,"Hinesville,_Georgia",File:Hinesville_city_hall.jpg,https://commons.wikimedia.org/wiki/File:Hinesville_city_hall.jpg,https://thumb.wikimedia.org/wikipedia/commons/thumb/1/1d/Hinesville_city_hall.jpg/1920px-Hinesville_city_hall.jpg?utm_source=en.wikipedia.org&utm_campaign=imageinfo&utm_content=thumbnail,Michael Rivera,CC BY-SA 4.0,https://creativecommons.org/licenses/by-sa/4.0,2026-09-17,957cb9ad75e8482a2c2125750f64b8f18a0b92e7c1092e84210e013ec247a3a4,hinesville-georgia.jpg
24500,great-falls-montana,ok,"Great_Falls,_Montana",File:Central_Ave_and_Civic_Center_2.JPG,https://commons.wikimedia.org/wiki/File:Central_Ave_and_Civic_Center_2.JPG,https://thumb.wikimedia.org/wikipedia/commons/thumb/8/88/Central_Ave_and_Civic_Center_2.JPG/1920px-Central_Ave_and_Civic_Center_2.JPG?utm_source=en.wikipedia.org&utm_campaign=imageinfo&utm_content=thumbnail,Montanabw,CC BY-SA 3.0,https://creativecommons.org/licenses/by-sa/3.0,2026-09-17,d6402cfac14582a2240303080b59573a513ad6c04f70d3b0601a29d6a4967bdb,great-falls-montana.jpg
33220,midland-michigan,ok,"Midland,_Michigan",File:Midland_County_Courthouse.jpg,https://commons.wikimedia.org/wiki/File:Midland_County_Courthouse.jpg,https://thumb.wikimedia.org/wikipedia/commons/thumb/3/37/Midland_County_Courthouse.jpg/1920px-Midland_County_Courthouse.jpg?utm_source=en.wikipedia.org&utm_campaign=imageinfo&utm_content=thumbnail,O. David Redwine,CC BY-SA 3.0,https://creativecommons.org/licenses/by-sa/3.0,2026-09-17,76e5b1119282c088326e69fab21c7e33d738e4a10f4cdd466fe9f6e4d72dcfc4,midland-michigan.jpg
29020,kokomo-indiana,ok,"Kokomo,_Indiana","File:Kokomo,_Indiana_skyline.png","https://commons.wikimedia.org/wiki/File:Kokomo,_Indiana_skyline.png",https://thumb.wikimedia.org/wikipedia/commons/thumb/b/b0/Kokomo%2C_Indiana_skyline.png/1920px-Kokomo%2C_Indiana_skyline.png?utm_source=en.wikipedia.org&utm_campaign=imageinfo&utm_content=thumbnail,JJIndiana,CC0,http://creativecommons.org/publicdomain/zero/1.0/deed.en,2026-09-17,fc065957aad9fdde6eca18761d6da16bdb296588aa1b3d204f7b9dda88bc4374,kokomo-indiana.png
18020,columbus-indiana,ok,"Columbus,_Indiana",File:Stewart-bridge-1933328.jpg,https://commons.wikimedia.org/wiki/File:Stewart-bridge-1933328.jpg,https://thumb.wikimedia.org/wikipedia/commons/thumb/9/9b/Stewart-bridge-1933328.jpg/1920px-Stewart-bridge-1933328.jpg?utm_source=en.wikipedia.org&utm_campaign=imageinfo&utm_content=thumbnail,Carol M. Highsmith,Public domain,,2026-09-17,59dbd5f90de70498fb0f7bc2c18b59e0adb395ba93c334310bf3364e206b2869,columbus-indiana.jpg
21300,elmira-new-york,ok,"Elmira,_New_York",File:City_Hall_Elmira_NY.jpg,https://commons.wikimedia.org/wiki/File:City_Hall_Elmira_NY.jpg,https://upload.wikimedia.org/wikipedia/commons/5/5d/City_Hall_Elmira_NY.jpg?utm_source=en.wikipedia.org&utm_campaign=imageinfo&utm_content=original,"Stilfehler 19:28, 9 July 2007 (CEST)",CC BY-SA 1.0,https://creativecommons.org/licenses/by-sa/1.0,2026-09-17,a78cf641d51baa341e15b789f3c314ce3a83c11374caabc236d46b69890070da,elmira-new-york.jpg
16220,casper-wyoming,ok,"Casper,_Wyoming",File:Casperskyline1to1.jpg,https://commons.wikimedia.org/wiki/File:Casperskyline1to1.jpg,https://upload.wikimedia.org/wikipedia/commons/4/4b/Casperskyline1to1.jpg?utm_source=en.wikipedia.org&utm_campaign=imageinfo&utm_content=original,Adbay,CC0,http://creativecommons.org/publicdomain/zero/1.0/deed.en,2026-09-17,b39347044dbad9aa30f2cf6f1b65746234bdde9c9503263ecc1223a666710d88,casper-wyoming.jpg
24260,grand-island-nebraska,ok,"Grand_Island,_Nebraska",File:Hall_Co_Courthouse_6.jpg,https://commons.wikimedia.org/wiki/File:Hall_Co_Courthouse_6.jpg,https://thumb.wikimedia.org/wikipedia/commons/thumb/7/79/Hall_Co_Courthouse_6.jpg/1920px-Hall_Co_Courthouse_6.jpg?utm_source=en.wikipedia.org&utm_campaign=imageinfo&utm_content=thumbnail,Brad Mellema,CC BY-SA 4.0,https://creativecommons.org/licenses/by-sa/4.0,2026-09-17,0698d964f53517a058589deef40be455c9154c0846f5f009903c07e25ebcbd9d,grand-island-nebraska.jpg
33500,minot-north-dakota,ok,"Minot,_North_Dakota","File:Minot,_North_Dakota_(2022).jpg","https://commons.wikimedia.org/wiki/File:Minot,_North_Dakota_(2022).jpg",https://thumb.wikimedia.org/wikipedia/commons/thumb/0/0e/Minot%2C_North_Dakota_%282022%29.jpg/1920px-Minot%2C_North_Dakota_%282022%29.jpg?utm_source=en.wikipedia.org&utm_campaign=imageinfo&utm_content=thumbnail,WeaponizingArchitecture,CC BY-SA 4.0,https://creativecommons.org/licenses/by-sa/4.0,2026-09-17,cc52a23803a45ba9c43152c23dab1574feceb3704cb500b51f713a2f7c1c2a28,minot-north-dakota.jpg
30300,lewiston-idaho,download_failed,,,,,,,,,,
47460,walla-walla-washington,ok,"Walla_Walla,_Washington",File:Second_and_Main_in_Walla_Walla.jpg,https://commons.wikimedia.org/wiki/File:Second_and_Main_in_Walla_Walla.jpg,https://thumb.wikimedia.org/wikipedia/commons/thumb/a/af/Second_and_Main_in_Walla_Walla.jpg/1920px-Second_and_Main_in_Walla_Walla.jpg?utm_source=en.wikipedia.org&utm_campaign=imageinfo&utm_content=thumbnail,Squarestate7,CC BY-SA 3.0,https://creativecommons.org/licenses/by-sa/3.0,2026-09-17,b2cd5805a96d3fd115e613237536d9fa7d849271a099a327022aa0b5771dfdf5,walla-walla-washington.jpg
21420,enid-oklahoma,ok,"Enid,_Oklahoma",File:Downtown_Enid_Independence_Street.jpg,https://commons.wikimedia.org/wiki/File:Downtown_Enid_Independence_Street.jpg,https://thumb.wikimedia.org/wikipedia/commons/thumb/e/ec/Downtown_Enid_Independence_Street.jpg/1920px-Downtown_Enid_Independence_Street.jpg?utm_source=en.wikipedia.org&utm_campaign=imageinfo&utm_content=thumbnail,Snamgungtaylor,CC BY 4.0,https://creativecommons.org/licenses/by/4.0,2026-09-17,db9d8b5ee235c867cb50e013f92f205b12add543ffe6c106ecec24a94514bb23,enid-oklahoma.jpg
16180,carson-city-nevada,ok,"Carson_City,_Nevada","File:Skyline_of_Carson_City,_NV.jpg","https://commons.wikimedia.org/wiki/File:Skyline_of_Carson_City,_NV.jpg",https://thumb.wikimedia.org/wikipedia/commons/thumb/8/86/Skyline_of_Carson_City%2C_NV.jpg/1920px-Skyline_of_Carson_City%2C_NV.jpg?utm_source=en.wikipedia.org&utm_campaign=imageinfo&utm_content=thumbnail,Quintin Soloviev,CC BY 4.0,https://creativecommons.org/licenses/by/4.0,2026-09-17,65cc6d36478199e04a905386fb25196bec6b1fc54aa0209aa17f451cfc1de720,carson-city-nevada.jpg
20580,eagle-pass-texas,ok,"Eagle_Pass,_Texas","File:Bienvenidos,_Eagle_Pass,_TX_IMG_0442.JPG","https://commons.wikimedia.org/wiki/File:Bienvenidos,_Eagle_Pass,_TX_IMG_0442.JPG",https://thumb.wikimedia.org/wikipedia/commons/thumb/0/0a/Bienvenidos%2C_Eagle_Pass%2C_TX_IMG_0442.JPG/1920px-Bienvenidos%2C_Eagle_Pass%2C_TX_IMG_0442.JPG?utm_source=en.wikipedia.org&utm_campaign=imageinfo&utm_content=thumbnail,Billy Hathorn at en.wikipedia,CC BY-SA 3.0,http://creativecommons.org/licenses/by-sa/3.0/,2026-09-17,b099fb56ba5363a67270573110abb5a8df27b039ab987795cc685834f2ca127c,eagle-pass-texas.jpg
