sex_s,cohort,gap,raw_log_mult,smoothed_log_mult,gauged_log_mult
male,18-19,-52,-9.210340371976182,-9.210340371976182,-9.245093125208857
male,18-19,-51,-9.210340371976182,-9.210340371976182,-9.245093125208857
male,18-19,-50,-9.210340371976182,-9.210340371976182,-9.245093125208857
male,18-19,-49,-9.210340371976182,-9.210340371976182,-9.245093125208857
male,18-19,-48,-9.210340371976182,-9.210340371976182,-9.245093125208857
male,18-19,-47,-9.210340371976182,-9.210340371976182,-9.245093125208857
male,18-19,-46,-9.210340371976182,-9.210340371976182,-9.245093125208857
male,18-19,-45,-9.210340371976182,-9.210340371976182,-9.245093125208857
male,18-19,-44,-9.210340371976182,-9.210340371976182,-9.245093125208857
male,18-19,-43,-9.210340371976182,-9.210340371976182,-9.245093125208857
male,18-19,-42,-9.210340371976182,-9.210340371976182,-9.245093125208857
male,18-19,-41,-9.210340371976182,-9.210340371976182,-9.245093125208857
male,18-19,-40,-9.210340371976182,-9.210340371976182,-9.245093125208857
male,18-19,-39,-9.210340371976182,1.506312075193139,1.4715593219604632
male,18-19,-38,-9.210340371976182,1.5063120751930734,1.4715593219603977
male,18-19,-37,-9.210340371976182,1.5063120751930734,1.4715593219603977
male,18-19,-36,-9.210340371976182,1.5063120751930739,1.4715593219603982
male,18-19,-35,-9.210340371976182,1.5063120751930748,1.471559321960399
male,18-19,-34,-9.210340371976182,1.506312075193077,1.4715593219604013
male,18-19,-33,-9.210340371976182,1.506312075193083,1.4715593219604073
male,18-19,-32,-9.210340371976182,1.5063120751930992,1.4715593219604235
male,18-19,-31,-9.210340371976182,1.5063120751931447,1.471559321960469
male,18-19,-30,-9.210340371976182,1.5063120751932677,1.471559321960592
male,18-19,-29,-9.210340371976182,1.5063120751936017,1.471559321960926
male,18-19,-28,-9.210340371976182,1.5063120751945092,1.4715593219618335
male,18-19,-27,-9.210340371976182,1.5063120751969767,1.471559321964301
male,18-19,-26,-9.210340371976182,1.506312075203684,1.4715593219710084
male,18-19,-25,-9.210340371976182,1.5063120752219157,1.47155932198924
male,18-19,-24,-9.210340371976182,1.5063120752714756,1.4715593220388
male,18-19,-23,-9.210340371976182,1.506312075406193,1.4715593221735173
male,18-19,-22,-9.210340371976182,1.5063120757723925,1.4715593225397168
male,18-19,-21,-9.210340371976182,1.5063120767678264,1.4715593235351507
male,18-19,-20,-9.210340371976182,1.506312079473696,1.4715593262410203
male,18-19,-19,-9.210340371976182,1.506312086829012,1.4715593335963364
male,18-19,-18,-9.210340371976182,1.5063121068228336,1.4715593535901579
male,18-19,-17,-9.210340371976182,1.5063121611716699,1.4715594079389942
male,18-19,-16,-9.210340371976182,1.5063123089070856,1.4715595556744099
male,18-19,-15,-9.210340371976182,1.5063127104933,1.4715599572606244
male,18-19,-14,-9.210340371976182,1.506313802115726,1.4715610488830504
male,18-19,-13,-9.210340371976182,1.5063167694377384,1.4715640162050627
male,18-19,-12,-9.210340371976182,1.5063248353415135,1.4715720821088378
male,18-19,-11,-9.210340371976182,1.5063467599008438,1.471594006668168
male,18-19,-10,-9.210340371976182,1.5064063508235015,1.4716535975908258
male,18-19,-9,-9.210340371976182,1.5065682898839001,1.4718155366512244
male,18-19,-8,-9.210340371976182,1.5070081472876184,1.4722553940549428
male,18-19,-7,-9.210340371976182,1.5082013072192308,1.4734485539865552
male,18-19,-6,-9.210340371976182,1.5114263152644536,1.476673562031778
male,18-19,-5,-9.210340371976182,1.5200594652320851,1.4853067119994094
male,18-19,-4,-9.210340371976182,1.5425830337375677,1.507830280504892
male,18-19,-3,-9.210340371976182,1.5975711736903302,1.5628184204576545
male,18-19,-2,-9.210340371976182,1.711936527703547,1.6771837744708713
male,18-19,-1,1.5062998140171644,1.8791120412773412,1.8443592880446655
male,18-19,0,2.2394376769119964,1.9794154205659187,1.944662667333243
male,18-19,1,1.9581494088312503,1.8202309150649576,1.785478161832282
male,18-19,2,0.9105583943392009,1.3173762105606426,1.282623457327967
male,18-19,3,0.2609792861137452,0.5864777243959405,0.5517249711632648
male,18-19,4,-0.9733476352250143,-0.10081757393807098,-0.13557032717074663
male,18-19,5,-0.15461164912270964,-0.45191288995321244,-0.48666564318588806
male,18-19,6,-0.9606784878560556,-0.7336727246093091,-0.7684254778419848
male,18-19,7,-1.1872746718862857,-1.1484177322367948,-1.1831704854694705
male,18-19,8,-2.037740564385676,-1.5125505205497727,-1.5473032737824484
male,18-19,9,-1.315335884105709,-1.7518710035233904,-1.786623756756066
male,18-19,10,-9.210340371976182,-1.9348100616325632,-1.9695628148652389
male,18-19,11,-1.4899114072425597,-1.720843978654754,-1.7555967318874297
male,18-19,12,-1.3522071328991445,-1.4982534496399018,-1.5330062028725775
male,18-19,13,-1.470244684789269,-1.5438838267969854,-1.5786365800296611
male,18-19,14,-1.7315413541344162,-1.847230367298058,-1.8819831205307336
male,18-19,15,-3.413173813910513,-2.334143942718276,-2.3688966959509514
male,18-19,16,-2.3994449120337,-2.62914907552549,-2.6639018287581653
male,18-19,17,-2.8793063771654093,-2.723122956955193,-2.7578757101878684
male,18-19,18,-2.992976120392251,-2.6390433935375257,-2.673796146770201
male,18-19,19,-2.2560893309227232,-2.3722106536654697,-2.406963406898145
male,18-19,20,-1.9418634917525384,-2.2367784298591413,-2.271531183091817
male,18-19,21,-9.210340371976182,-1.974955983551808,-2.0097087367844835
male,18-19,22,-0.8821832298204976,-1.710767568536272,-1.7455203217689477
male,18-19,23,-9.210340371976182,-1.8923766315845814,-1.927129384817257
male,18-19,24,-1.886831570630192,-1.8934486960583836,-1.9282014492910593
male,18-19,25,-1.4669274464069606,-1.6458247115787767,-1.6805774648114524
male,18-19,26,-1.4481111489319414,-1.6327179164262176,-1.6674706696588932
male,18-19,27,-2.3463330441273516,-1.7423225325914138,-1.7770752858240895
male,18-19,28,-1.398424577353483,-1.7567533644634818,-1.7915061176961575
male,18-19,29,-2.2051374074608847,-1.818739603472938,-1.8534923567056136
male,18-19,30,-1.6767377947276385,-1.9133022960948498,-1.9480550493275255
male,18-19,31,-2.014376115045418,-2.1761259812989224,-2.210878734531598
male,18-19,32,-5.213422140494188,-2.4836985721978344,-2.51845132543051
male,18-19,33,-2.0250392301167417,-2.2315646520761745,-2.26631740530885
male,18-19,34,-2.4520516864909894,-1.7334035063605262,-1.7681562595932019
male,18-19,35,-0.8215567539764622,-1.5373043111459086,-1.5720570643785843
male,18-19,36,-3.7521451711825677,-1.8523407076990548,-1.8870934609317305
male,18-19,37,-2.5877601040208065,-1.9569933356316669,-1.9917460888643426
male,18-19,38,-1.1109020277548183,-1.835795794831957,-1.8705485480646327
male,18-19,39,-7.451387964003463,-2.1718929608001574,-2.206645714032833
male,18-19,40,-2.103128425127443,-2.59538822628965,-2.6301409795223254
male,18-19,41,-3.339384883140678,-3.067686258216033,-3.1024390114487086
male,18-19,42,-9.210340371976182,-3.686717695188071,-3.7214704484207464
male,18-19,43,-3.1936461104022027,-3.902431600726615,-3.9371843539592906
male,18-19,44,-9.210340371976182,-4.1130776540014535,-4.147830407234129
male,18-19,45,-3.7096901780920235,-4.168491875844059,-4.2032446290767345
male,18-19,46,-9.210340371976182,-3.764851221133347,-3.7996039743660224
male,18-19,47,-2.7846724810265564,-3.3064730839840895,-3.341225837216765
male,18-19,48,-3.096888754814598,-3.402329943737213,-3.4370826969698887
male,18-19,49,-9.210340371976182,-4.226516935534974,-4.2612696887676496
male,18-19,50,-9.210340371976182,-5.833117428072873,-5.867870181305548
male,18-19,51,-9.210340371976182,-8.158771121204795,-8.19352387443747
male,18-19,52,-9.210340371976182,-9.210340371976182,-9.245093125208857
male,20-21,-52,-9.210340371976182,-9.210340371976182,-9.21952601196826
male,20-21,-51,-9.210340371976182,-9.210340371976182,-9.21952601196826
male,20-21,-50,-9.210340371976182,-9.210340371976182,-9.21952601196826
male,20-21,-49,-9.210340371976182,-9.210340371976182,-9.21952601196826
male,20-21,-48,-9.210340371976182,-9.210340371976182,-9.21952601196826
male,20-21,-47,-9.210340371976182,-9.210340371976182,-9.21952601196826
male,20-21,-46,-9.210340371976182,-9.210340371976182,-9.21952601196826
male,20-21,-45,-9.210340371976182,-9.210340371976182,-9.21952601196826
male,20-21,-44,-9.210340371976182,-9.210340371976182,-9.21952601196826
male,20-21,-43,-9.210340371976182,-9.210340371976182,-9.21952601196826
male,20-21,-42,-9.210340371976182,-9.210340371976182,-9.21952601196826
male,20-21,-41,-9.210340371976182,-9.210340371976182,-9.21952601196826
male,20-21,-40,-9.210340371976182,-9.210340371976182,-9.21952601196826
male,20-21,-39,-9.210340371976182,-9.210340371976182,-9.21952601196826
male,20-21,-38,-9.210340371976182,-9.210340371976182,-9.21952601196826
male,20-21,-37,-9.210340371976182,-9.210340371976182,-9.21952601196826
male,20-21,-36,-9.210340371976182,-9.210340371976182,-9.21952601196826
male,20-21,-35,-9.210340371976182,-9.210340371976182,-9.21952601196826
male,20-21,-34,-9.210340371976182,-9.210340371976182,-9.21952601196826
male,20-21,-33,-9.210340371976182,-9.210340371976182,-9.21952601196826
male,20-21,-32,-9.210340371976182,-9.210340371976182,-9.21952601196826
male,20-21,-31,-9.210340371976182,-9.210340371976182,-9.21952601196826
male,20-21,-30,-9.210340371976182,-9.210340371976182,-9.21952601196826
male,20-21,-29,-9.210340371976182,-9.210340371976182,-9.21952601196826
male,20-21,-28,-9.210340371976182,-9.210340371976182,-9.21952601196826
male,20-21,-27,-9.210340371976182,-9.210340371976182,-9.21952601196826
male,20-21,-26,-9.210340371976182,-9.210340371976182,-9.21952601196826
male,20-21,-25,-9.210340371976182,-9.210340371976182,-9.21952601196826
male,20-21,-24,-9.210340371976182,-9.210340371976182,-9.21952601196826
male,20-21,-23,-9.210340371976182,-9.210340371976182,-9.21952601196826
male,20-21,-22,-9.210340371976182,-0.43106175799904156,-0.4402473979911187
male,20-21,-21,-9.210340371976182,-0.4310617579990183,-0.44024739799109547
male,20-21,-20,-9.210340371976182,-0.43106175799901847,-0.44024739799109563
male,20-21,-19,-9.210340371976182,-0.43106175799901847,-0.44024739799109563
male,20-21,-18,-9.210340371976182,-0.4310617579990183,-0.44024739799109547
male,20-21,-17,-9.210340371976182,-0.43106175799901847,-0.44024739799109563
male,20-21,-16,-9.210340371976182,-0.4310617579990183,-0.44024739799109547
male,20-21,-15,-9.210340371976182,-0.4310617579990183,-0.44024739799109547
male,20-21,-14,-9.210340371976182,-0.43106175799901847,-0.44024739799109563
male,20-21,-13,-9.210340371976182,-0.4310617579990183,-0.44024739799109547
male,20-21,-12,-9.210340371976182,-0.43106175799901814,-0.4402473979910953
male,20-21,-11,-9.210340371976182,-0.4310617579990118,-0.440247397991089
male,20-21,-10,-9.210340371976182,-0.4310617579986481,-0.44024739799072526
male,20-21,-9,-9.210340371976182,-0.43106175797879653,-0.4402473979708737
male,20-21,-8,-9.210340371976182,-0.4310617568949447,-0.44024739688702186
male,20-21,-7,-9.210340371976182,-0.4310616977186429,-0.44024733771072005
male,20-21,-6,-9.210340371976182,-0.43105846681126864,-0.4402441068033458
male,20-21,-5,-9.210340371976182,-0.43088209281180034,-0.4400677328038775
male,20-21,-4,-9.210340371976182,-0.42133379800114046,-0.4305194379932176
male,20-21,-3,-0.4310650030050532,-0.06127729251360653,-0.07046293250568368
male,20-21,-2,0.8501799692233629,0.9640033492990359,0.9548177093069588
male,20-21,-1,1.8173778277151484,1.7882266580136488,1.7790410180215717
male,20-21,0,2.1497684399792285,2.078281337310528,2.069095697318451
male,20-21,1,1.674846728309459,1.6899192429258751,1.680733602933798
male,20-21,2,0.8494119725056434,0.9404704676856719,0.9312848276935948
male,20-21,3,0.040921863619298886,0.15419670012828504,0.1450110601362079
male,20-21,4,-0.23501214749784646,-0.23425063708099503,-0.24343627707307217
male,20-21,5,-0.6769328995484286,-0.652498853521632,-0.6616844935137091
male,20-21,6,-1.1638778771644638,-1.1181447357280718,-1.127330375720149
male,20-21,7,-1.4493782998700764,-1.4600056901326786,-1.4691913301247557
male,20-21,8,-2.113989829019893,-1.934139771341345,-1.9433254113334222
male,20-21,9,-1.4899437362550174,-1.5876462992109488,-1.596831939203026
male,20-21,10,-2.033270635851281,-1.9387536205707128,-1.9479392605627899
male,20-21,11,-1.8709811133884842,-1.9485558516985417,-1.9577414916906188
male,20-21,12,-2.715317308521948,-2.5613818706529354,-2.5705675106450125
male,20-21,13,-2.553457759101376,-2.601833624235063,-2.61101926422714
male,20-21,14,-2.9145156644447248,-2.858203043434612,-2.867388683426689
male,20-21,15,-2.824683389532259,-2.897764463483521,-2.906950103475598
male,20-21,16,-3.7399565271235855,-3.624342207033012,-3.633527847025089
male,20-21,17,-4.321382056147313,-3.748789129758116,-3.7579747697501933
male,20-21,18,-2.2999683418781958,-2.4644155304248074,-2.4736011704168845
male,20-21,19,-3.073054954972937,-2.8644534200963867,-2.873639060088464
male,20-21,20,-2.355839358623643,-2.454314208683597,-2.4634998486756743
male,20-21,21,-2.8020889298983644,-2.7858757922795667,-2.795061432271644
male,20-21,22,-3.351182794342673,-3.3355955082432738,-3.344781148235351
male,20-21,23,-4.310821125980784,-4.051868629946991,-4.061054269939069
male,20-21,24,-3.5572567730230378,-3.4326716732456792,-3.4418573132377563
male,20-21,25,-2.5145581287992678,-2.6088501811961042,-2.6180358211881813
male,20-21,26,-2.7127884191880387,-2.7267047307078496,-2.7358903706999267
male,20-21,27,-3.140753708163247,-3.14525633164716,-3.154441971639237
male,20-21,28,-3.9841053339424475,-3.712939414424891,-3.722125054416968
male,20-21,29,-3.048268760276396,-3.206524667059088,-3.215710307051165
male,20-21,30,-4.5572235104015695,-4.2759534803568116,-4.285139120348889
male,20-21,31,-5.137469762090306,-4.964506796813789,-4.973692436805867
male,20-21,32,-4.468757888103641,-4.63039097532796,-4.6395766153200375
male,20-21,33,-6.859658917715478,-5.6676409854807055,-5.676826625472783
male,20-21,34,-4.328954167519181,-4.145063031785912,-4.15424867177799
male,20-21,35,-2.989907044394113,-3.1922528939789534,-3.2014385339710305
male,20-21,36,-6.064857006115739,-4.66960712281926,-4.678792762811337
male,20-21,37,-3.848828710798488,-3.851557758049322,-3.860743398041399
male,20-21,38,-3.251889114549269,-3.4132786436334333,-3.4224642836255104
male,20-21,39,-5.677168184602494,-5.01374144901776,-5.022927089009838
male,20-21,40,-9.210340371976182,-6.25554469473186,-6.264730334723938
male,20-21,41,-4.229622452644394,-4.430990570547377,-4.440176210539454
male,20-21,42,-5.477743613278799,-4.884285218393254,-4.8934708583853315
male,20-21,43,-3.663715135733764,-3.8646415208802507,-3.873827160872328
male,20-21,44,-5.7623582849188715,-5.211526558797785,-5.220712198789863
male,20-21,45,-6.250480793812318,-5.494228576986583,-5.50341421697866
male,20-21,46,-3.844373478179891,-4.025037753770743,-4.0342233937628205
male,20-21,47,-4.850625781338231,-4.771368259881697,-4.780553899873775
male,20-21,48,-9.210340371976182,-6.446738259196174,-6.455923899188251
male,20-21,49,-4.976418541790533,-5.146349201693093,-5.155534841685171
male,20-21,50,-9.210340371976182,-6.299682695304798,-6.308868335296876
male,20-21,51,-9.210340371976182,-9.210340371976182,-9.21952601196826
male,20-21,52,-9.210340371976182,-9.210340371976182,-9.21952601196826
male,22-23,-52,-9.210340371976182,-9.210340371976182,-9.21230816338972
male,22-23,-51,-9.210340371976182,-9.210340371976182,-9.21230816338972
male,22-23,-50,-9.210340371976182,-9.210340371976182,-9.21230816338972
male,22-23,-49,-9.210340371976182,-9.210340371976182,-9.21230816338972
male,22-23,-48,-9.210340371976182,-9.210340371976182,-9.21230816338972
male,22-23,-47,-9.210340371976182,-9.210340371976182,-9.21230816338972
male,22-23,-46,-9.210340371976182,-9.210340371976182,-9.21230816338972
male,22-23,-45,-9.210340371976182,-9.210340371976182,-9.21230816338972
male,22-23,-44,-9.210340371976182,-9.210340371976182,-9.21230816338972
male,22-23,-43,-9.210340371976182,-9.210340371976182,-9.21230816338972
male,22-23,-42,-9.210340371976182,-9.210340371976182,-9.21230816338972
male,22-23,-41,-9.210340371976182,-9.210340371976182,-9.21230816338972
male,22-23,-40,-9.210340371976182,-9.210340371976182,-9.21230816338972
male,22-23,-39,-9.210340371976182,-9.210340371976182,-9.21230816338972
male,22-23,-38,-9.210340371976182,-9.210340371976182,-9.21230816338972
male,22-23,-37,-9.210340371976182,-9.210340371976182,-9.21230816338972
male,22-23,-36,-9.210340371976182,-9.210340371976182,-9.21230816338972
male,22-23,-35,-9.210340371976182,-9.210340371976182,-9.21230816338972
male,22-23,-34,-9.210340371976182,-9.210340371976182,-9.21230816338972
male,22-23,-33,-9.210340371976182,-9.210340371976182,-9.21230816338972
male,22-23,-32,-9.210340371976182,-9.210340371976182,-9.21230816338972
male,22-23,-31,-9.210340371976182,-9.210340371976182,-9.21230816338972
male,22-23,-30,-9.210340371976182,-9.210340371976182,-9.21230816338972
male,22-23,-29,-9.210340371976182,-9.210340371976182,-9.21230816338972
male,22-23,-28,-9.210340371976182,-9.210340371976182,-9.21230816338972
male,22-23,-27,-9.210340371976182,-9.210340371976182,-9.21230816338972
male,22-23,-26,-9.210340371976182,-9.210340371976182,-9.21230816338972
male,22-23,-25,-9.210340371976182,-9.210340371976182,-9.21230816338972
male,22-23,-24,-9.210340371976182,-2.2787688485340203,-2.280736639947558
male,22-23,-23,-9.210340371976182,-2.2787688485339386,-2.2807366399474764
male,22-23,-22,-9.210340371976182,-2.2787688485339386,-2.2807366399474764
male,22-23,-21,-9.210340371976182,-2.2787688485339386,-2.2807366399474764
male,22-23,-20,-9.210340371976182,-2.2787688485339386,-2.2807366399474764
male,22-23,-19,-9.210340371976182,-2.2787688485339386,-2.2807366399474764
male,22-23,-18,-9.210340371976182,-2.2787688485339386,-2.2807366399474764
male,22-23,-17,-9.210340371976182,-2.2787688485339386,-2.2807366399474764
male,22-23,-16,-9.210340371976182,-2.2787688485339386,-2.2807366399474764
male,22-23,-15,-9.210340371976182,-2.2787688485339386,-2.2807366399474764
male,22-23,-14,-9.210340371976182,-2.2787688485339386,-2.2807366399474764
male,22-23,-13,-9.210340371976182,-2.2787688485339306,-2.2807366399474684
male,22-23,-12,-9.210340371976182,-2.278768848533494,-2.280736639947032
male,22-23,-11,-9.210340371976182,-2.278768848509678,-2.280736639923216
male,22-23,-10,-9.210340371976182,-2.2787688472093746,-2.2807366386229124
male,22-23,-9,-9.210340371976182,-2.2787687762152156,-2.2807365676287534
male,22-23,-8,-9.210340371976182,-2.2787649000782078,-2.2807326914917456
male,22-23,-7,-9.210340371976182,-2.2785533082017473,-2.280521099615285
male,22-23,-6,-9.210340371976182,-2.2671129220357513,-2.269080713449289
male,22-23,-5,-2.2787737457219928,-1.8537154626942134,-1.8556832541077515
male,22-23,-4,-0.9256144816117049,-0.7597558895492017,-0.7617236809627398
male,22-23,-3,0.21210139230875064,0.29854411562133387,0.29657632420779584
male,22-23,-2,1.1555090947628501,1.1826275169820462,1.180659725568508
male,22-23,-1,1.7955079152149926,1.7934631256815117,1.7914953342679736
male,22-23,0,2.191418874881205,2.104544470402365,2.102576678988827
male,22-23,1,1.5742046361969473,1.6114562101460954,1.6094884187325573
male,22-23,2,0.7255914284539258,0.8223044576563252,0.8203366662427871
male,22-23,3,0.04702220362012221,0.12111446467019454,0.1191466732566565
male,22-23,4,-0.36567254893793705,-0.3451405422328655,-0.34710833364640353
male,22-23,5,-0.8459704287242531,-0.8007298169889949,-0.802697608402533
male,22-23,6,-1.123932166322048,-1.103607693280404,-1.105575484693942
male,22-23,7,-1.2971374367458197,-1.3178931122897026,-1.3198609037032407
male,22-23,8,-1.8343795128569194,-1.754391735191605,-1.756359526605143
male,22-23,9,-1.813741362568074,-1.8037330773361833,-1.8057008687497214
male,22-23,10,-1.6985581577921331,-1.748642503127281,-1.750610294540819
male,22-23,11,-2.1465581216545777,-2.0893103019288075,-2.0912780933423454
male,22-23,12,-2.1915111345647005,-2.210270690880383,-2.212238482293921
male,22-23,13,-2.463444449439312,-2.4575335372823757,-2.4595013286959135
male,22-23,14,-2.8081269814108416,-2.7623885701403976,-2.7643563615539355
male,22-23,15,-2.8014509271729575,-2.8369737160980626,-2.8389415075116005
male,22-23,16,-3.200765257152152,-3.11391029078483,-3.115878082198368
male,22-23,17,-2.9008648925684475,-2.962085113331702,-2.9640529047452397
male,22-23,18,-3.2665031867133076,-3.2319265402569024,-3.2338943316704403
male,22-23,19,-3.3998705379287752,-3.405129331053493,-3.407097122467031
male,22-23,20,-3.623878136113903,-3.5012137331815945,-3.5031815245951323
male,22-23,21,-2.9331877608097177,-3.047455997361968,-3.049423788775506
male,22-23,22,-3.653803652059946,-3.533249320111037,-3.5352171115245747
male,22-23,23,-3.538749562194435,-3.5271489038881922,-3.52911669530173
male,22-23,24,-3.3387040790603733,-3.298915305769059,-3.300883097182597
male,22-23,25,-2.891362264452307,-2.9769772154202587,-2.9789450068337966
male,22-23,26,-3.40978311241758,-3.385970763132776,-3.387938554546314
male,22-23,27,-3.9639649685380514,-3.7932001889796756,-3.7951679803932135
male,22-23,28,-3.2633601665888756,-3.3781538121271777,-3.3801216035407156
male,22-23,29,-3.9980441498260446,-3.8915455844306273,-3.893513375844165
male,22-23,30,-4.0310306162463805,-3.8967423472709286,-3.8987101386844665
male,22-23,31,-3.2007460814557174,-3.3613623079683643,-3.363330099381902
male,22-23,32,-5.0012772490834,-4.197351403569322,-4.19931919498286
male,22-23,33,-2.9779734493985646,-3.1833780457995267,-3.1853458372130645
male,22-23,34,-4.897219572470336,-4.468388776369485,-4.470356567783023
male,22-23,35,-5.856691615132772,-4.961415231301309,-4.963383022714847
male,22-23,36,-3.3116550529903686,-3.532603362595033,-3.534571154008571
male,22-23,37,-5.794763368203307,-4.821834548688815,-4.823802340102353
male,22-23,38,-4.01978645814546,-4.219535762814515,-4.221503554228053
male,22-23,39,-6.138834981652995,-5.472844152121002,-5.47481194353454
male,22-23,40,-5.207920272044184,-5.394345223826528,-5.396313015240066
male,22-23,41,-9.210340371976182,-6.527672176849692,-6.52963996826323
male,22-23,42,-4.788452039314747,-5.009473229801082,-5.01144102121462
male,22-23,43,-6.784488596966792,-6.3148517935293915,-6.316819584942929
male,22-23,44,-8.812128181345487,-8.3205356636469,-8.322503455060438
male,22-23,45,-9.210340371976182,-7.077010303308521,-7.078978094722059
male,22-23,46,-4.841979803159793,-5.0839762499180265,-5.085944041331564
male,22-23,47,-9.210340371976182,-7.02007317849503,-7.022040969908568
male,22-23,48,-9.210340371976182,-9.210340371976182,-9.21230816338972
male,22-23,49,-9.210340371976182,-9.210340371976182,-9.21230816338972
male,22-23,50,-9.210340371976182,-9.210340371976182,-9.21230816338972
male,22-23,51,-9.210340371976182,-9.210340371976182,-9.21230816338972
male,22-23,52,-9.210340371976182,-9.210340371976182,-9.21230816338972
male,24-25,-52,-9.210340371976182,-9.210340371976182,-9.21091762236572
male,24-25,-51,-9.210340371976182,-9.210340371976182,-9.21091762236572
male,24-25,-50,-9.210340371976182,-9.210340371976182,-9.21091762236572
male,24-25,-49,-9.210340371976182,-9.210340371976182,-9.21091762236572
male,24-25,-48,-9.210340371976182,-9.210340371976182,-9.21091762236572
male,24-25,-47,-9.210340371976182,-9.210340371976182,-9.21091762236572
male,24-25,-46,-9.210340371976182,-9.210340371976182,-9.21091762236572
male,24-25,-45,-9.210340371976182,-9.210340371976182,-9.21091762236572
male,24-25,-44,-9.210340371976182,-9.210340371976182,-9.21091762236572
male,24-25,-43,-9.210340371976182,-9.210340371976182,-9.21091762236572
male,24-25,-42,-9.210340371976182,-9.210340371976182,-9.21091762236572
male,24-25,-41,-9.210340371976182,-9.210340371976182,-9.21091762236572
male,24-25,-40,-9.210340371976182,-9.210340371976182,-9.21091762236572
male,24-25,-39,-9.210340371976182,-9.210340371976182,-9.21091762236572
male,24-25,-38,-9.210340371976182,-9.210340371976182,-9.21091762236572
male,24-25,-37,-9.210340371976182,-9.210340371976182,-9.21091762236572
male,24-25,-36,-9.210340371976182,-9.210340371976182,-9.21091762236572
male,24-25,-35,-9.210340371976182,-9.210340371976182,-9.21091762236572
male,24-25,-34,-9.210340371976182,-9.210340371976182,-9.21091762236572
male,24-25,-33,-9.210340371976182,-9.210340371976182,-9.21091762236572
male,24-25,-32,-9.210340371976182,-9.210340371976182,-9.21091762236572
male,24-25,-31,-9.210340371976182,-9.210340371976182,-9.21091762236572
male,24-25,-30,-9.210340371976182,-9.210340371976182,-9.21091762236572
male,24-25,-29,-9.210340371976182,-9.210340371976182,-9.21091762236572
male,24-25,-28,-9.210340371976182,-9.210340371976182,-9.21091762236572
male,24-25,-27,-9.210340371976182,-9.210340371976182,-9.21091762236572
male,24-25,-26,-9.210340371976182,-9.210340371976182,-9.21091762236572
male,24-25,-25,-9.210340371976182,-9.210340371976182,-9.21091762236572
male,24-25,-24,-9.210340371976182,-9.210340371976182,-9.21091762236572
male,24-25,-23,-9.210340371976182,-9.210340371976182,-9.21091762236572
male,24-25,-22,-9.210340371976182,-9.210340371976182,-9.21091762236572
male,24-25,-21,-9.210340371976182,-9.210340371976182,-9.21091762236572
male,24-25,-20,-9.210340371976182,-3.5801409028092577,-3.580718153198797
male,24-25,-19,-9.210340371976182,-3.5801409028092577,-3.580718153198797
male,24-25,-18,-9.210340371976182,-3.5801409028092577,-3.580718153198797
male,24-25,-17,-9.210340371976182,-3.5801409028092577,-3.580718153198797
male,24-25,-16,-9.210340371976182,-3.5801409028092577,-3.580718153198797
male,24-25,-15,-9.210340371976182,-3.5801409028092577,-3.580718153198797
male,24-25,-14,-9.210340371976182,-3.5801409028092577,-3.580718153198797
male,24-25,-13,-9.210340371976182,-3.5801409028092577,-3.580718153198797
male,24-25,-12,-9.210340371976182,-3.5801409028092577,-3.580718153198797
male,24-25,-11,-9.210340371976182,-3.5801409028092572,-3.5807181531987964
male,24-25,-10,-9.210340371976182,-3.5801409028076474,-3.5807181531971866
male,24-25,-9,-9.210340371976182,-3.58014089715728,-3.5807181475468193
male,24-25,-8,-9.210340371976182,-3.58012106683693,-3.580698317226469
male,24-25,-7,-3.5801437677104744,-3.5147311449011727,-3.515308395290712
male,24-25,-6,-2.378354384838683,-2.349472773470957,-2.350050023860496
male,24-25,-5,-1.2053313052721881,-1.188442309816279,-1.189019560205818
male,24-25,-4,-0.1880273940294956,-0.17905490703269966,-0.17963215742223865
male,24-25,-3,0.5995442163448755,0.606702612577936,0.606125362188397
male,24-25,-2,1.2893616754749297,1.2945134170674604,1.2939361666779214
male,24-25,-1,1.9020760647590866,1.8985636876181873,1.8979864372286483
male,24-25,0,2.141742833849442,2.131006670626278,2.1304294202367386
male,24-25,1,1.5368124141150665,1.542671277043063,1.5420940266535241
male,24-25,2,0.7322755602136358,0.74683736139127,0.746260111001731
male,24-25,3,0.12595758421593842,0.13488956456676765,0.13431231417722866
male,24-25,4,-0.3303258540357592,-0.3241407546867826,-0.3247180050763216
male,24-25,5,-0.6210990532536286,-0.6199581001532365,-0.6205353505427755
male,24-25,6,-0.9792651417827741,-0.9754903660892829,-0.9760676164788219
male,24-25,7,-1.2632848634908627,-1.2609976027055745,-1.2615748530951134
male,24-25,8,-1.5243468533525573,-1.5206623438688556,-1.5212395942583945
male,24-25,9,-1.6242759526800608,-1.6206374900997225,-1.6212147404892614
male,24-25,10,-1.5125557914272554,-1.522810346173189,-1.523387596562728
male,24-25,11,-2.306127869178617,-2.285864094314201,-2.28644134470374
male,24-25,12,-2.3472819786478967,-2.346446865233443,-2.347024115622982
male,24-25,13,-2.3403909507522185,-2.3450926156772605,-2.3456698660667996
male,24-25,14,-2.6787073819722553,-2.671756895975125,-2.672334146364664
male,24-25,15,-2.6638287694379317,-2.6679488991960096,-2.668526149585549
male,24-25,16,-2.9422630707903745,-2.9328202682263003,-2.9333975186158394
male,24-25,17,-2.712924760068901,-2.721003390224876,-2.721580640614415
male,24-25,18,-3.050722638551263,-3.0465407488100937,-3.047117999199633
male,24-25,19,-3.218331771792024,-3.2187426668820494,-3.2193199172715885
male,24-25,20,-3.4645073150308052,-3.4585572784049914,-3.4591345287945305
male,24-25,21,-3.3861801126065605,-3.394996667131275,-3.395573917520814
male,24-25,22,-4.021036982061635,-3.993974425410119,-3.994551675799658
male,24-25,23,-3.4495091279203662,-3.4662854162095833,-3.4668626665991225
male,24-25,24,-4.310622979122494,-4.290982627967106,-4.2915598783566455
male,24-25,25,-4.444825039488047,-4.447432388999654,-4.448009639389193
male,24-25,26,-4.7922761863745675,-4.776802535216575,-4.777379785606114
male,24-25,27,-4.355684727063258,-4.377461983621654,-4.378039234011193
male,24-25,28,-7.272396795811621,-6.835498719895114,-6.836075970284653
male,24-25,29,-4.429470987403871,-4.443921742421541,-4.44449899281108
male,24-25,30,-4.381470867873528,-4.387936006054041,-4.38851325644358
male,24-25,31,-4.812290806169819,-4.8168107712741275,-4.817388021663667
male,24-25,32,-6.423198323864188,-6.299183692201164,-6.299760942590703
male,24-25,33,-4.807755629126307,-4.81892569307392,-4.819502943463459
male,24-25,34,-4.719380940779793,-4.73796761285455,-4.738544863244089
male,24-25,35,-9.210340371976182,-8.303447063344759,-8.304024313734297
male,24-25,36,-5.0273986836226525,-5.033167519316025,-5.033744769705564
male,24-25,37,-4.531658628232567,-4.53902010434758,-4.539597354737119
male,24-25,38,-4.588983331426267,-4.600423249083949,-4.601000499473488
male,24-25,39,-6.014423405813607,-5.961783001410605,-5.962360251800144
male,24-25,40,-5.8869171789205526,-5.845669803567222,-5.846247053956761
male,24-25,41,-4.564188053847536,-4.585669184855395,-4.586246435244934
male,24-25,42,-5.386480067732853,-5.358477268860244,-5.359054519249783
male,24-25,43,-5.013342146326231,-5.031992815266592,-5.032570065656131
male,24-25,44,-6.776566799766822,-6.714875206718864,-6.7154524571084036
male,24-25,45,-9.210340371976182,-9.210340371976182,-9.21091762236572
male,24-25,46,-6.208211622627517,-6.245012170375279,-6.245589420764818
male,24-25,47,-9.210340371976182,-6.208219406621794,-6.208796657011333
male,24-25,48,-9.210340371976182,-6.208208727962286,-6.208785978351825
male,24-25,49,-9.210340371976182,-6.2082087249195945,-6.208785975309134
male,24-25,50,-9.210340371976182,-6.208208724918728,-6.208785975308267
male,24-25,51,-9.210340371976182,-6.208208724918728,-6.208785975308267
male,24-25,52,-9.210340371976182,-6.208208724918728,-6.208785975308267
male,26-27,-52,-9.210340371976182,-9.210340371976182,-9.210890793264602
male,26-27,-51,-9.210340371976182,-9.210340371976182,-9.210890793264602
male,26-27,-50,-9.210340371976182,-9.210340371976182,-9.210890793264602
male,26-27,-49,-9.210340371976182,-9.210340371976182,-9.210890793264602
male,26-27,-48,-9.210340371976182,-9.210340371976182,-9.210890793264602
male,26-27,-47,-9.210340371976182,-9.210340371976182,-9.210890793264602
male,26-27,-46,-9.210340371976182,-9.210340371976182,-9.210890793264602
male,26-27,-45,-9.210340371976182,-9.210340371976182,-9.210890793264602
male,26-27,-44,-9.210340371976182,-9.210340371976182,-9.210890793264602
male,26-27,-43,-9.210340371976182,-9.210340371976182,-9.210890793264602
male,26-27,-42,-9.210340371976182,-9.210340371976182,-9.210890793264602
male,26-27,-41,-9.210340371976182,-9.210340371976182,-9.210890793264602
male,26-27,-40,-9.210340371976182,-9.210340371976182,-9.210890793264602
male,26-27,-39,-9.210340371976182,-9.210340371976182,-9.210890793264602
male,26-27,-38,-9.210340371976182,-9.210340371976182,-9.210890793264602
male,26-27,-37,-9.210340371976182,-9.210340371976182,-9.210890793264602
male,26-27,-36,-9.210340371976182,-9.210340371976182,-9.210890793264602
male,26-27,-35,-9.210340371976182,-9.210340371976182,-9.210890793264602
male,26-27,-34,-9.210340371976182,-9.210340371976182,-9.210890793264602
male,26-27,-33,-9.210340371976182,-9.210340371976182,-9.210890793264602
male,26-27,-32,-9.210340371976182,-9.210340371976182,-9.210890793264602
male,26-27,-31,-9.210340371976182,-9.210340371976182,-9.210890793264602
male,26-27,-30,-9.210340371976182,-9.210340371976182,-9.210890793264602
male,26-27,-29,-9.210340371976182,-9.210340371976182,-9.210890793264602
male,26-27,-28,-9.210340371976182,-9.210340371976182,-9.210890793264602
male,26-27,-27,-9.210340371976182,-9.210340371976182,-9.210890793264602
male,26-27,-26,-9.210340371976182,-9.210340371976182,-9.210890793264602
male,26-27,-25,-9.210340371976182,-9.210340371976182,-9.210890793264602
male,26-27,-24,-9.210340371976182,-9.210340371976182,-9.210890793264602
male,26-27,-23,-9.210340371976182,-9.210340371976182,-9.210890793264602
male,26-27,-22,-9.210340371976182,-4.809834058031888,-4.810384479320309
male,26-27,-21,-9.210340371976182,-4.809834058031888,-4.810384479320309
male,26-27,-20,-9.210340371976182,-4.809834058031887,-4.810384479320308
male,26-27,-19,-9.210340371976182,-4.809834058031888,-4.810384479320309
male,26-27,-18,-9.210340371976182,-4.809834058031888,-4.810384479320309
male,26-27,-17,-9.210340371976182,-4.809834058031888,-4.810384479320309
male,26-27,-16,-9.210340371976182,-4.809834058031888,-4.810384479320309
male,26-27,-15,-9.210340371976182,-4.809834058031887,-4.810384479320308
male,26-27,-14,-9.210340371976182,-4.809834058031888,-4.810384479320309
male,26-27,-13,-9.210340371976182,-4.809834058031887,-4.810384479320308
male,26-27,-12,-9.210340371976182,-4.809834058029087,-4.8103844793175075
male,26-27,-11,-9.210340371976182,-4.809834048202297,-4.810384469490717
male,26-27,-10,-9.210340371976182,-4.809799560719244,-4.810349982007665
male,26-27,-9,-4.80983685774375,-4.698745833652611,-4.699296254941031
male,26-27,-8,-3.2065381878691963,-3.1937537213202125,-3.1943041426086327
male,26-27,-7,-2.395865810415524,-2.3679966240005426,-2.3685470452889628
male,26-27,-6,-1.1998804606679132,-1.1916946661929693,-1.1922450874813895
male,26-27,-5,-0.4150807110080678,-0.4090110076436381,-0.4095614289320584
male,26-27,-4,0.22891635891318307,0.23759259538514146,0.23704217409672118
male,26-27,-3,0.9361882715251887,0.9383847106704755,0.9378342893820552
male,26-27,-2,1.455601759510246,1.4575688110719132,1.457018389783493
male,26-27,-1,1.9061160124034393,1.9034815513218668,1.9029311300334466
male,26-27,0,2.1168651369572316,2.1062931615863776,2.1057427402979574
male,26-27,1,1.4803501078629309,1.488462039649627,1.487911618361207
male,26-27,2,0.8158266341427048,0.8251758929143922,0.8246254716259719
male,26-27,3,0.20109564159414248,0.2114438217393872,0.2108934004509669
male,26-27,4,-0.11129077255811898,-0.1084682529676341,-0.10901867425605437
male,26-27,5,-0.382130191143832,-0.38075847966137333,-0.3813089009497936
male,26-27,6,-0.6977206764609888,-0.695598931561145,-0.6961493528495654
male,26-27,7,-1.0242467647247107,-1.0184900364705611,-1.0190404577589813
male,26-27,8,-1.083046519279203,-1.0887692204923627,-1.0893196417807829
male,26-27,9,-1.6655844713498011,-1.6530169967907917,-1.653567418079212
male,26-27,10,-1.742021150599182,-1.740793970998731,-1.7413443922871512
male,26-27,11,-1.7510949989590259,-1.7567379110338022,-1.7572883323222224
male,26-27,12,-2.202350307160076,-2.1953330769450274,-2.1958834982334476
male,26-27,13,-2.368434987845044,-2.3662395847619044,-2.3667900060503246
male,26-27,14,-2.4165482799902462,-2.4162303879426617,-2.416780809231082
male,26-27,15,-2.4489977088542836,-2.4499547586523014,-2.4505051799407216
male,26-27,16,-2.5472765335346463,-2.549262218803386,-2.5498126400918064
male,26-27,17,-2.811488880117058,-2.8115230209191315,-2.8120734422075517
male,26-27,18,-3.198140983291122,-3.1905896672702,-3.1911400885586203
male,26-27,19,-3.2188795256569986,-3.2225431233836703,-3.2230935446720905
male,26-27,20,-3.5081348516441375,-3.506626535491977,-3.507176956780397
male,26-27,21,-3.7947979311009177,-3.7920067414263903,-3.7925571627148105
male,26-27,22,-3.96538205689086,-3.9552666124530464,-3.9558170337414666
male,26-27,23,-3.6123869796510504,-3.627994403927837,-3.6285448252162573
male,26-27,24,-4.668719669321304,-4.6351874041684535,-4.635737825456874
male,26-27,25,-4.453589338764781,-4.467956634052121,-4.468507055340542
male,26-27,26,-5.552591182528608,-5.44667077784976,-5.4472211991381805
male,26-27,27,-3.7933750895297855,-3.8154794088846646,-3.816029830173085
male,26-27,28,-4.536517190722442,-4.5271347402655575,-4.527685161553978
male,26-27,29,-5.297300893005927,-5.2519380197807015,-5.252488441069122
male,26-27,30,-4.319362274955762,-4.327688257115717,-4.328238678404138
male,26-27,31,-4.224617103564809,-4.2375575034417725,-4.238107924730193
male,26-27,32,-5.38238541566683,-5.349002393933771,-5.349552815222192
male,26-27,33,-5.440701102583209,-5.44291563796495,-5.443466059253371
male,26-27,34,-5.652540444545869,-5.655779428815444,-5.656329850103865
male,26-27,35,-6.223508387360437,-6.2115193064434555,-6.212069727731876
male,26-27,36,-6.262128061197399,-6.275052998817481,-6.275603420105901
male,26-27,37,-8.036212754034688,-7.678959682379988,-7.679510103668409
male,26-27,38,-4.919826778585676,-4.952120706640466,-4.952671127928887
male,26-27,39,-9.210340371976182,-8.83614175108696,-8.836692172375379
male,26-27,40,-6.510954041064374,-6.526930952337625,-6.5274813736260455
male,26-27,41,-6.470044099418188,-6.472242608383855,-6.4727930296722755
male,26-27,42,-6.570285454857716,-6.585042594504734,-6.585593015793155
male,26-27,43,-9.210340371976182,-9.210340371976182,-9.210890793264602
male,26-27,44,-6.864572458352338,-6.900562827309277,-6.901113248597698
male,26-27,45,-9.210340371976182,-6.86458007230598,-6.865130493594401
male,26-27,46,-9.210340371976182,-6.864569632957361,-6.865120054245781
male,26-27,47,-9.210340371976182,-6.8645696299828565,-6.865120051271277
male,26-27,48,-9.210340371976182,-6.864569629982009,-6.86512005127043
male,26-27,49,-9.210340371976182,-6.864569629982009,-6.86512005127043
male,26-27,50,-9.210340371976182,-6.864569629982009,-6.86512005127043
male,26-27,51,-9.210340371976182,-6.864569629982008,-6.865120051270429
male,26-27,52,-9.210340371976182,-6.864569629982009,-6.86512005127043
male,28-29,-52,-9.210340371976182,-9.210340371976182,-9.21083540894596
male,28-29,-51,-9.210340371976182,-9.210340371976182,-9.21083540894596
male,28-29,-50,-9.210340371976182,-9.210340371976182,-9.21083540894596
male,28-29,-49,-9.210340371976182,-9.210340371976182,-9.21083540894596
male,28-29,-48,-9.210340371976182,-9.210340371976182,-9.21083540894596
male,28-29,-47,-9.210340371976182,-9.210340371976182,-9.21083540894596
male,28-29,-46,-9.210340371976182,-9.210340371976182,-9.21083540894596
male,28-29,-45,-9.210340371976182,-9.210340371976182,-9.21083540894596
male,28-29,-44,-9.210340371976182,-9.210340371976182,-9.21083540894596
male,28-29,-43,-9.210340371976182,-9.210340371976182,-9.21083540894596
male,28-29,-42,-9.210340371976182,-9.210340371976182,-9.21083540894596
male,28-29,-41,-9.210340371976182,-9.210340371976182,-9.21083540894596
male,28-29,-40,-9.210340371976182,-9.210340371976182,-9.21083540894596
male,28-29,-39,-9.210340371976182,-9.210340371976182,-9.21083540894596
male,28-29,-38,-9.210340371976182,-9.210340371976182,-9.21083540894596
male,28-29,-37,-9.210340371976182,-9.210340371976182,-9.21083540894596
male,28-29,-36,-9.210340371976182,-9.210340371976182,-9.21083540894596
male,28-29,-35,-9.210340371976182,-9.210340371976182,-9.21083540894596
male,28-29,-34,-9.210340371976182,-9.210340371976182,-9.21083540894596
male,28-29,-33,-9.210340371976182,-9.210340371976182,-9.21083540894596
male,28-29,-32,-9.210340371976182,-9.210340371976182,-9.21083540894596
male,28-29,-31,-9.210340371976182,-9.210340371976182,-9.21083540894596
male,28-29,-30,-9.210340371976182,-9.210340371976182,-9.21083540894596
male,28-29,-29,-9.210340371976182,-9.210340371976182,-9.21083540894596
male,28-29,-28,-9.210340371976182,-9.210340371976182,-9.21083540894596
male,28-29,-27,-9.210340371976182,-9.210340371976182,-9.21083540894596
male,28-29,-26,-9.210340371976182,-9.210340371976182,-9.21083540894596
male,28-29,-25,-9.210340371976182,-9.210340371976182,-9.21083540894596
male,28-29,-24,-9.210340371976182,-9.210340371976182,-9.21083540894596
male,28-29,-23,-9.210340371976182,-9.210340371976182,-9.21083540894596
male,28-29,-22,-9.210340371976182,-9.210340371976182,-9.21083540894596
male,28-29,-21,-9.210340371976182,-9.210340371976182,-9.21083540894596
male,28-29,-20,-9.210340371976182,-5.045384834924221,-5.045879871893998
male,28-29,-19,-9.210340371976182,-5.045384834924221,-5.045879871893998
male,28-29,-18,-9.210340371976182,-5.045384834924221,-5.045879871893998
male,28-29,-17,-9.210340371976182,-5.045384834924221,-5.045879871893998
male,28-29,-16,-9.210340371976182,-5.045384834924221,-5.045879871893998
male,28-29,-15,-9.210340371976182,-5.045384834924221,-5.045879871893998
male,28-29,-14,-9.210340371976182,-5.045384834924221,-5.045879871893998
male,28-29,-13,-9.210340371976182,-5.045384834924221,-5.045879871893998
male,28-29,-12,-9.210340371976182,-5.045384834698665,-5.0458798716684425
male,28-29,-11,-5.045386958287234,-5.0433837745656795,-5.043878811535457
male,28-29,-10,-3.608727306861774,-3.608582351971882,-3.609077388941659
male,28-29,-9,-2.9935142516959465,-2.9930689376772284,-2.9935639746470053
male,28-29,-8,-1.967073089993565,-1.9669572007804212,-1.9674522377501984
male,28-29,-7,-1.2920865417552048,-1.2920020472364062,-1.2924970842061834
male,28-29,-6,-0.7528043980720951,-0.7525805208173498,-0.7530755577871269
male,28-29,-5,-0.015882891604498635,-0.0158303196991831,-0.016325356668960154
male,28-29,-4,0.5183916768267566,0.5184877851389093,0.5179927481691322
male,28-29,-3,1.0734721788396244,1.0735178722488914,1.0730228352791142
male,28-29,-2,1.5527382883125807,1.552754503651477,1.5522594666816998
male,28-29,-1,1.9442342551333673,1.9441759875277422,1.943680950557965
male,28-29,0,2.108001012941597,2.107810712179606,2.107315675209829
male,28-29,1,1.543183921658227,1.5433066219583869,1.5428115849886097
male,28-29,2,0.9193039291661709,0.9194887338527958,0.9189936968830188
male,28-29,3,0.38841787952580287,0.3885937128035433,0.3880986758337663
male,28-29,4,0.08398730745432027,0.08401857039453016,0.0835235334247531
male,28-29,5,-0.2836834336836934,-0.283594426937362,-0.284089463907139
male,28-29,6,-0.5342582863711265,-0.5342311076943036,-0.5347261446640806
male,28-29,7,-0.8104011247336345,-0.8103453225482723,-0.8108403595180493
male,28-29,8,-1.0210934251745665,-1.0211006407427352,-1.0215956777125124
male,28-29,9,-1.3559263312155492,-1.355824309917136,-1.3563193468869132
male,28-29,10,-1.4787585984212208,-1.4787508534508043,-1.4792458904205814
male,28-29,11,-1.6035489568892398,-1.6035663196677172,-1.6040613566374944
male,28-29,12,-1.8210109892877497,-1.8210058407309369,-1.821500877700714
male,28-29,13,-2.1027482173401615,-2.1026454413093743,-2.103140478279151
male,28-29,14,-2.1369416692034933,-2.1370779838803697,-2.1375730208501467
male,28-29,15,-2.754012996100073,-2.7536959398686527,-2.7541909768384296
male,28-29,16,-2.6918447791180515,-2.6918687468512843,-2.6923637838210612
male,28-29,17,-2.7086840280396145,-2.7086673814880804,-2.7091624184578573
male,28-29,18,-2.682738910094124,-2.682819240266025,-2.683314277235802
male,28-29,19,-2.929586762004152,-2.9296439444960085,-2.9301389814657854
male,28-29,20,-3.524452792520305,-3.5242151055568893,-3.5247101425266663
male,28-29,21,-3.622910074513158,-3.6229234709044182,-3.623418507874195
male,28-29,22,-3.778438581147648,-3.7784543964268873,-3.7789494333966642
male,28-29,23,-4.027791696112241,-4.02785495439701,-4.028349991366787
male,28-29,24,-4.6648778422285515,-4.663709050556962,-4.664204087526739
male,28-29,25,-3.3922860137046507,-3.3926711679874173,-3.3931662049571942
male,28-29,26,-3.9854314099810915,-3.985398042150693,-3.98589307912047
male,28-29,27,-5.280094354055075,-5.278750254901016,-5.279245291870794
male,28-29,28,-4.443740674080777,-4.44419523463641,-4.444690271606188
male,28-29,29,-5.962016853917851,-5.96081556111957,-5.961310598089347
male,28-29,30,-5.844164031768764,-5.843629663666799,-5.844124700636576
male,28-29,31,-4.878555949841085,-4.879092249406604,-4.879587286376381
male,28-29,32,-9.210340371976182,-9.210340371976182,-9.21083540894596
male,28-29,33,-6.550627797483017,-6.549165961177071,-6.549660998146848
male,28-29,34,-4.697357594675305,-4.697497584493994,-4.697992621463771
male,28-29,35,-4.343928692628109,-4.344336176599249,-4.344831213569027
male,28-29,36,-6.997014359670203,-6.991387786340288,-6.991882823310065
male,28-29,37,-5.474402324035763,-5.474969824219986,-5.475464861189764
male,28-29,38,-7.933029262795911,-7.928191602349187,-7.928686639318965
male,28-29,39,-6.389671432024009,-6.389683264559334,-6.390178301529112
male,28-29,40,-5.822145131117881,-5.8225802910863065,-5.823075328056084
male,28-29,41,-7.797925873440798,-7.796011271249933,-7.79650630821971
male,28-29,42,-9.210340371976182,-9.210340371976182,-9.21083540894596
male,28-29,43,-9.210340371976182,-9.210340371976182,-9.21083540894596
male,28-29,44,-9.210340371976182,-9.210340371976182,-9.21083540894596
male,28-29,45,-9.210340371976182,-9.210340371976182,-9.21083540894596
male,28-29,46,-9.210340371976182,-9.210340371976182,-9.21083540894596
male,28-29,47,-9.210340371976182,-9.210340371976182,-9.21083540894596
male,28-29,48,-9.210340371976182,-9.210340371976182,-9.21083540894596
male,28-29,49,-9.210340371976182,-9.210340371976182,-9.21083540894596
male,28-29,50,-9.210340371976182,-9.210340371976182,-9.21083540894596
male,28-29,51,-9.210340371976182,-9.210340371976182,-9.21083540894596
male,28-29,52,-9.210340371976182,-9.210340371976182,-9.21083540894596
male,30-31,-52,-9.210340371976182,-9.210340371976182,-9.210919575441086
male,30-31,-51,-9.210340371976182,-9.210340371976182,-9.210919575441086
male,30-31,-50,-9.210340371976182,-9.210340371976182,-9.210919575441086
male,30-31,-49,-9.210340371976182,-9.210340371976182,-9.210919575441086
male,30-31,-48,-9.210340371976182,-9.210340371976182,-9.210919575441086
male,30-31,-47,-9.210340371976182,-9.210340371976182,-9.210919575441086
male,30-31,-46,-9.210340371976182,-9.210340371976182,-9.210919575441086
male,30-31,-45,-9.210340371976182,-9.210340371976182,-9.210919575441086
male,30-31,-44,-9.210340371976182,-9.210340371976182,-9.210919575441086
male,30-31,-43,-9.210340371976182,-9.210340371976182,-9.210919575441086
male,30-31,-42,-9.210340371976182,-9.210340371976182,-9.210919575441086
male,30-31,-41,-9.210340371976182,-9.210340371976182,-9.210919575441086
male,30-31,-40,-9.210340371976182,-9.210340371976182,-9.210919575441086
male,30-31,-39,-9.210340371976182,-9.210340371976182,-9.210919575441086
male,30-31,-38,-9.210340371976182,-9.210340371976182,-9.210919575441086
male,30-31,-37,-9.210340371976182,-9.210340371976182,-9.210919575441086
male,30-31,-36,-9.210340371976182,-9.210340371976182,-9.210919575441086
male,30-31,-35,-9.210340371976182,-9.210340371976182,-9.210919575441086
male,30-31,-34,-9.210340371976182,-9.210340371976182,-9.210919575441086
male,30-31,-33,-9.210340371976182,-9.210340371976182,-9.210919575441086
male,30-31,-32,-9.210340371976182,-9.210340371976182,-9.210919575441086
male,30-31,-31,-9.210340371976182,-9.210340371976182,-9.210919575441086
male,30-31,-30,-9.210340371976182,-9.210340371976182,-9.210919575441086
male,30-31,-29,-9.210340371976182,-9.210340371976182,-9.210919575441086
male,30-31,-28,-9.210340371976182,-9.210340371976182,-9.210919575441086
male,30-31,-27,-9.210340371976182,-9.210340371976182,-9.210919575441086
male,30-31,-26,-9.210340371976182,-9.210340371976182,-9.210919575441086
male,30-31,-25,-9.210340371976182,-9.210340371976182,-9.210919575441086
male,30-31,-24,-9.210340371976182,-9.210340371976182,-9.210919575441086
male,30-31,-23,-9.210340371976182,-9.210340371976182,-9.210919575441086
male,30-31,-22,-9.210340371976182,-4.914129503382016,-4.914708706846921
male,30-31,-21,-9.210340371976182,-4.914129503382016,-4.914708706846921
male,30-31,-20,-9.210340371976182,-4.914129503382016,-4.914708706846921
male,30-31,-19,-9.210340371976182,-4.914129503382016,-4.914708706846921
male,30-31,-18,-9.210340371976182,-4.914129503382016,-4.914708706846921
male,30-31,-17,-9.210340371976182,-4.914129503382016,-4.914708706846921
male,30-31,-16,-9.210340371976182,-4.914129503382016,-4.914708706846921
male,30-31,-15,-9.210340371976182,-4.914129503382016,-4.914708706846921
male,30-31,-14,-9.210340371976182,-4.914129503350906,-4.91470870681581
male,30-31,-13,-4.914130845366575,-4.913853275709656,-4.91443247917456
male,30-31,-12,-4.558572538752414,-4.557974076611969,-4.5585532800768735
male,30-31,-11,-3.4705917680919334,-3.4702777864883037,-3.4708569899532082
male,30-31,-10,-2.5131010802786475,-2.513108129899117,-2.5136873333640217
male,30-31,-9,-2.0578353391664717,-2.0576705492258003,-2.058249752690705
male,30-31,-8,-1.4572039918610828,-1.4570542798987245,-1.457633483363629
male,30-31,-7,-0.8189102493118918,-0.8188201876119211,-0.8193993910768257
male,30-31,-6,-0.24956017896665136,-0.24948674738526064,-0.2500659508501652
male,30-31,-5,0.2763840745115441,0.2764371829259605,0.2758579794610559
male,30-31,-4,0.758711168903648,0.7587948380319148,0.7582156345670102
male,30-31,-3,1.2881854747914427,1.2881706605642267,1.287591457099322
male,30-31,-2,1.6384043303785494,1.6384243773947822,1.6378451739298776
male,30-31,-1,1.9689569296913372,1.9689036286135473,1.9683244251486427
male,30-31,0,2.100812591919892,2.10064286748979,2.1000636640248853
male,30-31,1,1.5645877910362058,1.5647070531168912,1.5641278496519866
male,30-31,2,0.9614827344280719,0.9616710576454337,0.9610918541805291
male,30-31,3,0.5431762733866622,0.5432450816959409,0.5426658782310363
male,30-31,4,0.08628393517752522,0.08645491060001666,0.08587570713511208
male,30-31,5,-0.033019663290469486,-0.03306000323443678,-0.033639206699341354
male,30-31,6,-0.35433919706051514,-0.35426703602839577,-0.35484623949330035
male,30-31,7,-0.5722035158944937,-0.57217365704231,-0.5727528605072146
male,30-31,8,-0.7596466541510357,-0.7596614777344156,-0.7602406811993202
male,30-31,9,-1.0608066619141978,-1.0607317389026159,-1.0613109423675204
male,30-31,10,-1.2058346443693326,-1.2058793773796772,-1.2064585808445818
male,30-31,11,-1.5693367117272747,-1.5692471547609996,-1.5698263582259042
male,30-31,12,-1.7783213282576888,-1.778344918313431,-1.7789241217783356
male,30-31,13,-2.1610789020382954,-2.1609271610335,-2.1615063644984045
male,30-31,14,-2.193137687006753,-2.1931543496272092,-2.193733553092114
male,30-31,15,-2.287320213226804,-2.2873596336374433,-2.287938837102348
male,30-31,16,-2.547133619262205,-2.5471045134053405,-2.547683716870245
male,30-31,17,-2.7956218882353645,-2.7954992644178835,-2.796078467882788
male,30-31,18,-2.719054019127269,-2.719132729949318,-2.7197119334142226
male,30-31,19,-2.8940854331256634,-2.8940813743845655,-2.89466057784947
male,30-31,20,-3.085387045080427,-3.0854339913146274,-3.086013194779532
male,30-31,21,-3.5228132282530646,-3.5225470761881525,-3.523126279653057
male,30-31,22,-3.313090674361612,-3.3132922218587013,-3.313871425323606
male,30-31,23,-3.8470382606149194,-3.846977014903832,-3.8475562183687364
male,30-31,24,-4.581486356408992,-4.581155822882381,-4.581735026347285
male,30-31,25,-4.6968342682782875,-4.696834159470231,-4.697413362935135
male,30-31,26,-4.830219834496757,-4.830041958376881,-4.830621161841786
male,30-31,27,-4.512154296851067,-4.512494939515633,-4.513074142980537
male,30-31,28,-5.863750147885572,-5.862661096169554,-5.863240299634459
male,30-31,29,-5.512136746455608,-5.512170114018071,-5.512749317482975
male,30-31,30,-5.347730602727926,-5.347924690252681,-5.348503893717585
male,30-31,31,-5.922938331134954,-5.921998750973773,-5.922577954438678
male,30-31,32,-4.817714517560544,-4.818113186747287,-4.818692390212192
male,30-31,33,-5.564405547353008,-5.564225002637763,-5.564804206102668
male,30-31,34,-6.448909130861063,-6.448235856956032,-6.448815060420936
male,30-31,35,-5.99018791575141,-5.990479722311798,-5.991058925776702
male,30-31,36,-6.697041164310645,-6.696860100656759,-6.697439304121664
male,30-31,37,-7.410326885291683,-7.410303397587018,-7.410882601051923
male,30-31,38,-9.210340371976182,-9.210340371976182,-9.210919575441086
male,30-31,39,-6.63749797855765,-6.637741052369737,-6.638320255834642
male,30-31,40,-6.2024206275640035,-6.202660804996965,-6.2032400084618695
male,30-31,41,-9.210340371976182,-6.2024192591139435,-6.202998462578848
male,30-31,42,-9.210340371976182,-6.202419259086746,-6.20299846255165
male,30-31,43,-9.210340371976182,-6.202419259086746,-6.20299846255165
male,30-31,44,-9.210340371976182,-6.202419259086746,-6.20299846255165
male,30-31,45,-9.210340371976182,-6.202419259086746,-6.20299846255165
male,30-31,46,-9.210340371976182,-6.202419259086746,-6.20299846255165
male,30-31,47,-9.210340371976182,-6.202419259086746,-6.20299846255165
male,30-31,48,-9.210340371976182,-6.202419259086746,-6.20299846255165
male,30-31,49,-9.210340371976182,-6.202419259086745,-6.202998462551649
male,30-31,50,-9.210340371976182,-9.210340371976182,-9.210919575441086
male,30-31,51,-9.210340371976182,-9.210340371976182,-9.210919575441086
male,30-31,52,-9.210340371976182,-9.210340371976182,-9.210919575441086
male,32-33,-52,-9.210340371976182,-9.210340371976182,-9.210933788056352
male,32-33,-51,-9.210340371976182,-9.210340371976182,-9.210933788056352
male,32-33,-50,-9.210340371976182,-9.210340371976182,-9.210933788056352
male,32-33,-49,-9.210340371976182,-9.210340371976182,-9.210933788056352
male,32-33,-48,-9.210340371976182,-9.210340371976182,-9.210933788056352
male,32-33,-47,-9.210340371976182,-9.210340371976182,-9.210933788056352
male,32-33,-46,-9.210340371976182,-9.210340371976182,-9.210933788056352
male,32-33,-45,-9.210340371976182,-9.210340371976182,-9.210933788056352
male,32-33,-44,-9.210340371976182,-9.210340371976182,-9.210933788056352
male,32-33,-43,-9.210340371976182,-9.210340371976182,-9.210933788056352
male,32-33,-42,-9.210340371976182,-9.210340371976182,-9.210933788056352
male,32-33,-41,-9.210340371976182,-9.210340371976182,-9.210933788056352
male,32-33,-40,-9.210340371976182,-9.210340371976182,-9.210933788056352
male,32-33,-39,-9.210340371976182,-9.210340371976182,-9.210933788056352
male,32-33,-38,-9.210340371976182,-9.210340371976182,-9.210933788056352
male,32-33,-37,-9.210340371976182,-9.210340371976182,-9.210933788056352
male,32-33,-36,-9.210340371976182,-9.210340371976182,-9.210933788056352
male,32-33,-35,-9.210340371976182,-9.210340371976182,-9.210933788056352
male,32-33,-34,-9.210340371976182,-9.210340371976182,-9.210933788056352
male,32-33,-33,-9.210340371976182,-9.210340371976182,-9.210933788056352
male,32-33,-32,-9.210340371976182,-9.210340371976182,-9.210933788056352
male,32-33,-31,-9.210340371976182,-9.210340371976182,-9.210933788056352
male,32-33,-30,-9.210340371976182,-9.210340371976182,-9.210933788056352
male,32-33,-29,-9.210340371976182,-9.210340371976182,-9.210933788056352
male,32-33,-28,-9.210340371976182,-9.210340371976182,-9.210933788056352
male,32-33,-27,-9.210340371976182,-9.210340371976182,-9.210933788056352
male,32-33,-26,-9.210340371976182,-9.210340371976182,-9.210933788056352
male,32-33,-25,-9.210340371976182,-9.210340371976182,-9.210933788056352
male,32-33,-24,-9.210340371976182,-5.313231811967393,-5.3138252280475635
male,32-33,-23,-9.210340371976182,-5.313231811967393,-5.3138252280475635
male,32-33,-22,-9.210340371976182,-5.313231811967393,-5.3138252280475635
male,32-33,-21,-9.210340371976182,-5.313231811967393,-5.3138252280475635
male,32-33,-20,-9.210340371976182,-5.313231811967393,-5.3138252280475635
male,32-33,-19,-9.210340371976182,-5.313231811967393,-5.3138252280475635
male,32-33,-18,-9.210340371976182,-5.313231811967393,-5.3138252280475635
male,32-33,-17,-9.210340371976182,-5.313231811967393,-5.3138252280475635
male,32-33,-16,-9.210340371976182,-5.313231811978686,-5.313825228058857
male,32-33,-15,-5.313235249755675,-5.313332103527818,-5.313925519607989
male,32-33,-14,-5.482347566230969,-5.481510407219757,-5.482103823299927
male,32-33,-13,-4.250209329268424,-4.249819313507226,-4.250412729587397
male,32-33,-12,-3.1958519811167916,-3.1957354563904254,-3.196328872470596
male,32-33,-11,-2.520885359213558,-2.520809066714738,-2.5214024827949086
male,32-33,-10,-2.0041641154073897,-2.004036540551927,-2.0046299566320975
male,32-33,-9,-1.4333371916912403,-1.433226888879687,-1.4338203049598575
male,32-33,-8,-0.8556623551837413,-0.8556173443355617,-0.8562107604157322
male,32-33,-7,-0.38548315465926414,-0.3854092701633193,-0.38600268624348977
male,32-33,-6,0.10941956889846317,0.10946850509515542,0.10887508901498494
male,32-33,-5,0.5725319847394803,0.5725661679815918,0.5719727519014213
male,32-33,-4,0.9932163174585983,0.9932718493761078,0.9926784332959373
male,32-33,-3,1.431805681837956,1.431782406848467,1.4311889907682966
male,32-33,-2,1.7032596301881935,1.7032799075481533,1.702686491467983
male,32-33,-1,1.9899227129980968,1.989875572228596,1.9892821561484255
male,32-33,0,2.1122971701396773,2.112131562752797,2.1115381466726264
male,32-33,1,1.5962418695439085,1.5963509602520676,1.5957575441718972
male,32-33,2,1.050784340047935,1.0509398105915682,1.0503463945113978
male,32-33,3,0.6448619630627624,0.6449644475649138,0.6443710314847433
male,32-33,4,0.35184024599624913,0.3518735148146677,0.3512800987344972
male,32-33,5,0.023125990169241717,0.02321587032276059,0.02262245424259011
male,32-33,6,-0.13710253989090246,-0.13713934210860274,-0.1377327581887732
male,32-33,7,-0.49194274856083137,-0.49188620879029865,-0.49247962487046915
male,32-33,8,-0.8118790142414032,-0.8118208228454517,-0.8124142389256221
male,32-33,9,-1.0706792476606466,-1.0705781695200296,-1.0711715856002
male,32-33,10,-1.0827230295862071,-1.0828639784445326,-1.083457394524703
male,32-33,11,-1.6910462227874217,-1.6907230744152597,-1.69131649049543
male,32-33,12,-1.600760191148176,-1.6008828506133426,-1.601476266693513
male,32-33,13,-1.9528325932083377,-1.9527151820042759,-1.9533085980844462
male,32-33,14,-2.055362548514776,-2.0553384762199656,-2.055931892300136
male,32-33,15,-2.1054988746632506,-2.105582234452104,-2.1061756505322746
male,32-33,16,-2.469835979409423,-2.469794171004325,-2.470387587084496
male,32-33,17,-2.837107964041613,-2.836915474786586,-2.8375088908667565
male,32-33,18,-2.711825466294613,-2.7120033616681845,-2.712596777748355
male,32-33,19,-3.2701167607178507,-3.2697900359285166,-3.270383452008687
male,32-33,20,-3.0812925849802997,-3.081481779587726,-3.0820751956678967
male,32-33,21,-3.592331377950878,-3.592278253340329,-3.5928716694204996
male,32-33,22,-4.311384925788711,-4.310737331254936,-4.311330747335107
male,32-33,23,-3.684293745909153,-3.6846651522710223,-3.685258568351193
male,32-33,24,-4.695448663966455,-4.69452846653092,-4.69512188261109
male,32-33,25,-4.008778710188441,-4.00910241322794,-4.009695829308111
male,32-33,26,-4.671227831327274,-4.671075584334371,-4.671669000414542
male,32-33,27,-5.2844542773062795,-5.28430754235513,-5.2849009584353
male,32-33,28,-5.763519213739104,-5.762584312677714,-5.763177728757885
male,32-33,29,-4.602462141951297,-4.60278880509317,-4.603382221173341
male,32-33,30,-4.947704603832384,-4.9477305379025145,-4.948323953982685
male,32-33,31,-5.650060854472767,-5.649851170960765,-5.650444587040935
male,32-33,32,-6.183089989930283,-6.182923998897587,-6.183517414977757
male,32-33,33,-6.440957552558354,-6.43925233282302,-6.43984574890319
male,32-33,34,-4.676217167514705,-4.676734372892435,-4.6773277889726055
male,32-33,35,-5.957241510319111,-5.95668711133442,-5.957280527414591
male,32-33,36,-9.210340371976182,-9.210340371976182,-9.210933788056352
male,32-33,37,-9.210340371976182,-9.210340371976182,-9.210933788056352
male,32-33,38,-9.210340371976182,-9.210340371976182,-9.210933788056352
male,32-33,39,-9.210340371976182,-9.210340371976182,-9.210933788056352
male,32-33,40,-9.210340371976182,-9.210340371976182,-9.210933788056352
male,32-33,41,-9.210340371976182,-9.210340371976182,-9.210933788056352
male,32-33,42,-9.210340371976182,-9.210340371976182,-9.210933788056352
male,32-33,43,-9.210340371976182,-9.210340371976182,-9.210933788056352
male,32-33,44,-9.210340371976182,-9.210340371976182,-9.210933788056352
male,32-33,45,-9.210340371976182,-9.210340371976182,-9.210933788056352
male,32-33,46,-9.210340371976182,-9.210340371976182,-9.210933788056352
male,32-33,47,-9.210340371976182,-9.210340371976182,-9.210933788056352
male,32-33,48,-9.210340371976182,-9.210340371976182,-9.210933788056352
male,32-33,49,-9.210340371976182,-9.210340371976182,-9.210933788056352
male,32-33,50,-9.210340371976182,-9.210340371976182,-9.210933788056352
male,32-33,51,-9.210340371976182,-9.210340371976182,-9.210933788056352
male,32-33,52,-9.210340371976182,-9.210340371976182,-9.210933788056352
male,34-35,-52,-9.210340371976182,-9.210340371976182,-9.210882943040726
male,34-35,-51,-9.210340371976182,-9.210340371976182,-9.210882943040726
male,34-35,-50,-9.210340371976182,-9.210340371976182,-9.210882943040726
male,34-35,-49,-9.210340371976182,-9.210340371976182,-9.210882943040726
male,34-35,-48,-9.210340371976182,-9.210340371976182,-9.210882943040726
male,34-35,-47,-9.210340371976182,-9.210340371976182,-9.210882943040726
male,34-35,-46,-9.210340371976182,-9.210340371976182,-9.210882943040726
male,34-35,-45,-9.210340371976182,-9.210340371976182,-9.210882943040726
male,34-35,-44,-9.210340371976182,-9.210340371976182,-9.210882943040726
male,34-35,-43,-9.210340371976182,-9.210340371976182,-9.210882943040726
male,34-35,-42,-9.210340371976182,-9.210340371976182,-9.210882943040726
male,34-35,-41,-9.210340371976182,-9.210340371976182,-9.210882943040726
male,34-35,-40,-9.210340371976182,-9.210340371976182,-9.210882943040726
male,34-35,-39,-9.210340371976182,-9.210340371976182,-9.210882943040726
male,34-35,-38,-9.210340371976182,-9.210340371976182,-9.210882943040726
male,34-35,-37,-9.210340371976182,-9.210340371976182,-9.210882943040726
male,34-35,-36,-9.210340371976182,-9.210340371976182,-9.210882943040726
male,34-35,-35,-9.210340371976182,-9.210340371976182,-9.210882943040726
male,34-35,-34,-9.210340371976182,-9.210340371976182,-9.210882943040726
male,34-35,-33,-9.210340371976182,-9.210340371976182,-9.210882943040726
male,34-35,-32,-9.210340371976182,-9.210340371976182,-9.210882943040726
male,34-35,-31,-9.210340371976182,-9.210340371976182,-9.210882943040726
male,34-35,-30,-9.210340371976182,-9.210340371976182,-9.210882943040726
male,34-35,-29,-9.210340371976182,-9.210340371976182,-9.210882943040726
male,34-35,-28,-9.210340371976182,-9.210340371976182,-9.210882943040726
male,34-35,-27,-9.210340371976182,-9.210340371976182,-9.210882943040726
male,34-35,-26,-9.210340371976182,-6.216412945086117,-6.216955516150661
male,34-35,-25,-9.210340371976182,-6.216412945086117,-6.216955516150661
male,34-35,-24,-9.210340371976182,-6.216412945086117,-6.216955516150661
male,34-35,-23,-9.210340371976182,-6.216412945086117,-6.216955516150661
male,34-35,-22,-9.210340371976182,-6.216412945086117,-6.216955516150661
male,34-35,-21,-9.210340371976182,-6.216412945086117,-6.216955516150661
male,34-35,-20,-9.210340371976182,-6.216412945086117,-6.216955516150661
male,34-35,-19,-9.210340371976182,-6.216412945086117,-6.216955516150661
male,34-35,-18,-9.210340371976182,-6.216412945010904,-6.216955516075449
male,34-35,-17,-6.216413608257801,-6.215745254187511,-6.2162878252520555
male,34-35,-16,-5.507422497761392,-5.50701834121849,-5.507560912283035
male,34-35,-15,-4.595073212548198,-4.594727403678694,-4.595269974743238
male,34-35,-14,-3.625709781025837,-3.625539504647352,-3.626082075711896
male,34-35,-13,-2.8844145921572952,-2.8843788379255955,-2.8849214089901394
male,34-35,-12,-2.416272046920657,-2.4162652832640457,-2.4168078543285896
male,34-35,-11,-2.0913468045435617,-2.0910934821050513,-2.091636053169595
male,34-35,-10,-1.3662466691165407,-1.366217675485621,-1.3667602465501651
male,34-35,-9,-0.8712521457680863,-0.8712071494116295,-0.8717497204761735
male,34-35,-8,-0.4179244320748626,-0.4178666025002657,-0.4184091735648097
male,34-35,-7,0.049870121667478534,0.04986342348128812,0.04932085241674406
male,34-35,-6,0.38934074209369596,0.38942193366324807,0.38887936259870404
male,34-35,-5,0.8450899738372915,0.8450985889220085,0.8445560178574645
male,34-35,-4,1.2057241851674159,1.2057491449777566,1.2052065739132125
male,34-35,-3,1.5651096659946304,1.5650792759891765,1.5645367049246324
male,34-35,-2,1.7916194843589155,1.7916197296517025,1.7910771585871583
male,34-35,-1,1.9960895135353436,1.9960579947130512,1.995515423648507
male,34-35,0,2.09567325318874,2.0955195330444925,2.0949769619799485
male,34-35,1,1.6083329836550844,1.6084315271514107,1.6078889560868665
male,34-35,2,1.0942737199407178,1.0944088268515293,1.0938662557869852
male,34-35,3,0.708005414823869,0.7080786777469301,0.7075361066823861
male,34-35,4,0.382495359090132,0.3825553576309106,0.38201278656636656
male,34-35,5,0.13617889375603995,0.13616648778202772,0.13562391671748367
male,34-35,6,-0.25775907372269036,-0.25761268132171333,-0.25815525238625736
male,34-35,7,-0.32015935230380216,-0.3202640603420961,-0.3208066314066401
male,34-35,8,-0.8052327995453842,-0.805025140638244,-0.8055677117027881
male,34-35,9,-0.8189345244679304,-0.819011956543058,-0.8195545276076021
male,34-35,10,-1.1104691299890979,-1.1103989567461703,-1.1109415278107144
male,34-35,11,-1.2649739778647462,-1.2650012563723991,-1.2655438274369433
male,34-35,12,-1.568638963933519,-1.568566410130697,-1.5691089811952412
male,34-35,13,-1.7295932561306016,-1.7296249680973823,-1.7301675391619264
male,34-35,14,-2.039574419641922,-2.0395439525286996,-2.0400865235932435
male,34-35,15,-2.3404350219966537,-2.3404030281951895,-2.3409455992597334
male,34-35,16,-2.617920292454897,-2.617879641222966,-2.61842221228751
male,34-35,17,-2.8383450706385447,-2.838387117869073,-2.838929688933617
male,34-35,18,-3.29987053680569,-3.299625333156693,-3.300167904221237
male,34-35,19,-3.1593589376426614,-3.1594278101728,-3.159970381237344
male,34-35,20,-3.241191921775181,-3.241249194534477,-3.2417917655990207
male,34-35,21,-3.5441419603556237,-3.544178935548762,-3.544721506613306
male,34-35,22,-4.163780242425817,-4.163590080252634,-4.164132651317178
male,34-35,23,-4.478548862383987,-4.478527810693522,-4.479070381758066
male,34-35,24,-4.824676612328341,-4.824660271417706,-4.82520284248225
male,34-35,25,-5.247916299556023,-5.247402304879217,-5.2479448759437615
male,34-35,26,-4.548421145439278,-4.548804978386881,-4.549347549451426
male,34-35,27,-5.615395370855424,-5.6144649375715545,-5.615007508636099
male,34-35,28,-4.999051283338251,-4.999348237855432,-4.999890808919976
male,34-35,29,-5.5606084869140355,-5.5599011264047595,-5.560443697469304
male,34-35,30,-4.702994183192079,-4.703410677610709,-4.703953248675253
male,34-35,31,-5.82647551068544,-5.825811752299117,-5.826354323363661
male,34-35,32,-5.96506765946771,-5.965111433663383,-5.965654004727927
male,34-35,33,-6.30263779633764,-6.302546710603726,-6.30308928166827
male,34-35,34,-6.451809826145809,-6.450534714604989,-6.451077285669533
male,34-35,35,-4.919900953197546,-4.920329564999706,-4.920872136064251
male,34-35,36,-9.210340371976182,-9.210340371976182,-9.210882943040726
male,34-35,37,-9.210340371976182,-9.210340371976182,-9.210882943040726
male,34-35,38,-9.210340371976182,-9.210340371976182,-9.210882943040726
male,34-35,39,-9.210340371976182,-9.210340371976182,-9.210882943040726
male,34-35,40,-9.210340371976182,-9.210340371976182,-9.210882943040726
male,34-35,41,-9.210340371976182,-9.210340371976182,-9.210882943040726
male,34-35,42,-9.210340371976182,-9.210340371976182,-9.210882943040726
male,34-35,43,-9.210340371976182,-9.210340371976182,-9.210882943040726
male,34-35,44,-9.210340371976182,-9.210340371976182,-9.210882943040726
male,34-35,45,-9.210340371976182,-9.210340371976182,-9.210882943040726
male,34-35,46,-9.210340371976182,-9.210340371976182,-9.210882943040726
male,34-35,47,-9.210340371976182,-9.210340371976182,-9.210882943040726
male,34-35,48,-9.210340371976182,-9.210340371976182,-9.210882943040726
male,34-35,49,-9.210340371976182,-9.210340371976182,-9.210882943040726
male,34-35,50,-9.210340371976182,-9.210340371976182,-9.210882943040726
male,34-35,51,-9.210340371976182,-9.210340371976182,-9.210882943040726
male,34-35,52,-9.210340371976182,-9.210340371976182,-9.210882943040726
male,36-37,-52,-9.210340371976182,-9.210340371976182,-9.210766008852765
male,36-37,-51,-9.210340371976182,-9.210340371976182,-9.210766008852765
male,36-37,-50,-9.210340371976182,-9.210340371976182,-9.210766008852765
male,36-37,-49,-9.210340371976182,-9.210340371976182,-9.210766008852765
male,36-37,-48,-9.210340371976182,-9.210340371976182,-9.210766008852765
male,36-37,-47,-9.210340371976182,-9.210340371976182,-9.210766008852765
male,36-37,-46,-9.210340371976182,-9.210340371976182,-9.210766008852765
male,36-37,-45,-9.210340371976182,-9.210340371976182,-9.210766008852765
male,36-37,-44,-9.210340371976182,-9.210340371976182,-9.210766008852765
male,36-37,-43,-9.210340371976182,-9.210340371976182,-9.210766008852765
male,36-37,-42,-9.210340371976182,-9.210340371976182,-9.210766008852765
male,36-37,-41,-9.210340371976182,-9.210340371976182,-9.210766008852765
male,36-37,-40,-9.210340371976182,-9.210340371976182,-9.210766008852765
male,36-37,-39,-9.210340371976182,-9.210340371976182,-9.210766008852765
male,36-37,-38,-9.210340371976182,-9.210340371976182,-9.210766008852765
male,36-37,-37,-9.210340371976182,-9.210340371976182,-9.210766008852765
male,36-37,-36,-9.210340371976182,-9.210340371976182,-9.210766008852765
male,36-37,-35,-9.210340371976182,-9.210340371976182,-9.210766008852765
male,36-37,-34,-9.210340371976182,-9.210340371976182,-9.210766008852765
male,36-37,-33,-9.210340371976182,-9.210340371976182,-9.210766008852765
male,36-37,-32,-9.210340371976182,-9.210340371976182,-9.210766008852765
male,36-37,-31,-9.210340371976182,-9.210340371976182,-9.210766008852765
male,36-37,-30,-9.210340371976182,-9.210340371976182,-9.210766008852765
male,36-37,-29,-9.210340371976182,-9.210340371976182,-9.210766008852765
male,36-37,-28,-9.210340371976182,-6.886944817288384,-6.887370454164968
male,36-37,-27,-9.210340371976182,-6.886944817288384,-6.887370454164968
male,36-37,-26,-9.210340371976182,-6.886944817288384,-6.887370454164968
male,36-37,-25,-9.210340371976182,-6.886944817288384,-6.887370454164968
male,36-37,-24,-9.210340371976182,-6.886944817288384,-6.887370454164968
male,36-37,-23,-9.210340371976182,-6.886944817288383,-6.887370454164967
male,36-37,-22,-9.210340371976182,-6.886944817288384,-6.887370454164968
male,36-37,-21,-9.210340371976182,-6.886944817288384,-6.887370454164968
male,36-37,-20,-9.210340371976182,-6.886944816989371,-6.887370453865954
male,36-37,-19,-6.886944782669338,-6.884293026201131,-6.884718663077714
male,36-37,-18,-5.271123807293958,-5.270291283681392,-5.270716920557976
male,36-37,-17,-3.89730271096701,-3.8974909324788585,-3.8979165693554423
male,36-37,-16,-3.7142387843261075,-3.7139302960580967,-3.7143559329346805
male,36-37,-15,-2.98852978753698,-2.9886833799967727,-2.9891090168733565
male,36-37,-14,-2.9431398258628705,-2.942996625754419,-2.9434222626310027
male,36-37,-13,-2.554400045254524,-2.5542246968156457,-2.5546503336922295
male,36-37,-12,-1.925779710720815,-1.9257482198859008,-1.9261738567624846
male,36-37,-11,-1.4568121249660113,-1.4566336917364262,-1.45705932861301
male,36-37,-10,-0.7727071499887448,-0.7727731284333841,-0.7731987653099678
male,36-37,-9,-0.47020310459757275,-0.47012939029720024,-0.470555027173784
male,36-37,-8,-0.04194142024202053,-0.04193200179616118,-0.04235763867274492
male,36-37,-7,0.31059436086286424,0.31065596056705747,0.3102303236904737
male,36-37,-6,0.7338457430526949,0.7338456803602151,0.7334200434836314
male,36-37,-5,1.0715626835785503,1.071556349099139,1.0711307122225553
male,36-37,-4,1.3454307946148474,1.3454357158898398,1.345010079013256
male,36-37,-3,1.5964284384468401,1.5964376663535413,1.5960120294769575
male,36-37,-2,1.8404320585711151,1.8404250327388731,1.8399993958622893
male,36-37,-1,2.040568051007682,2.040513248737756,2.040087611861172
male,36-37,0,2.072170241099317,2.072028054745369,2.0716024178687853
male,36-37,1,1.5548362007755743,1.554961549335582,1.5545359124589981
male,36-37,2,1.147883737243071,1.1479592405572323,1.1475336036806485
male,36-37,3,0.8046384551454395,0.8046693302595984,0.8042436933830147
male,36-37,4,0.4124261242393011,0.4125197181076832,0.4120940812310994
male,36-37,5,0.16766378789616943,0.16768245721538144,0.1672568203387977
male,36-37,6,-0.09551816716723212,-0.09547810557026114,-0.09590374244684487
male,36-37,7,-0.30616569648548697,-0.30612972422596807,-0.3065553611025518
male,36-37,8,-0.4537062587329588,-0.45371821445321214,-0.4541438513297959
male,36-37,9,-0.682065215666289,-0.6820567397685612,-0.6824823766451449
male,36-37,10,-0.9627598452895698,-0.9627698346182006,-0.9631954714947843
male,36-37,11,-1.4101528834122108,-1.4099370584045499,-1.4103626952811337
male,36-37,12,-1.333018469792657,-1.3331362989271374,-1.3335619358037212
male,36-37,13,-1.6463603234018709,-1.6463379145489825,-1.6467635514255663
male,36-37,14,-1.981266498917573,-1.9812525388661264,-1.9816781757427102
male,36-37,15,-2.4172274183463336,-2.417032782007639,-2.4174584188842227
male,36-37,16,-2.3885633970303615,-2.3887003502845015,-2.3891259871610853
male,36-37,17,-2.859702761665576,-2.859583642127798,-2.8600092790043816
male,36-37,18,-3.1338312613587607,-3.1338238656570767,-3.1342495025336605
male,36-37,19,-3.487482251247814,-3.4875120062425444,-3.4879376431191282
male,36-37,20,-4.198047249771369,-4.197542194404707,-4.19796783128129
male,36-37,21,-3.809772655685228,-3.8100382397905252,-3.810463876667109
male,36-37,22,-4.446574309782266,-4.445821692036911,-4.446247328913494
male,36-37,23,-3.6054424178182534,-3.605784761658557,-3.606210398535141
male,36-37,24,-4.236923258023044,-4.236879798756448,-4.237305435633031
male,36-37,25,-5.610588551985611,-5.608968009594242,-5.609393646470825
male,36-37,26,-4.5585736151061935,-4.558729693627872,-4.559155330504455
male,36-37,27,-4.386044490492206,-4.386164736379723,-4.386590373256307
male,36-37,28,-4.609259811144827,-4.609503191306957,-4.60992882818354
male,36-37,29,-9.40501432713521,-9.210340371976182,-9.210766008852765
male,36-37,30,-8.902835970638378,-8.895788185728273,-8.896213822604857
male,36-37,31,-5.778293116895073,-5.778451964230487,-5.77887760110707
male,36-37,32,-5.372673811619402,-5.373100513858834,-5.373526150735417
male,36-37,33,-8.048639132143713,-8.043840272299905,-8.044265909176488
male,36-37,34,-7.047355970120342,-7.047775952866647,-7.04820158974323
male,36-37,35,-9.210340371976182,-7.047355979531225,-7.047781616407808
male,36-37,36,-9.210340371976182,-7.0473559794839415,-7.047781616360525
male,36-37,37,-9.210340371976182,-7.0473559794839415,-7.047781616360525
male,36-37,38,-9.210340371976182,-7.0473559794839415,-7.047781616360525
male,36-37,39,-9.210340371976182,-7.0473559794839415,-7.047781616360525
male,36-37,40,-9.210340371976182,-7.0473559794839415,-7.047781616360525
male,36-37,41,-9.210340371976182,-7.0473559794839415,-7.047781616360525
male,36-37,42,-9.210340371976182,-7.0473559794839415,-7.047781616360525
male,36-37,43,-9.210340371976182,-7.0473559794839415,-7.047781616360525
male,36-37,44,-9.210340371976182,-9.210340371976182,-9.210766008852765
male,36-37,45,-9.210340371976182,-9.210340371976182,-9.210766008852765
male,36-37,46,-9.210340371976182,-9.210340371976182,-9.210766008852765
male,36-37,47,-9.210340371976182,-9.210340371976182,-9.210766008852765
male,36-37,48,-9.210340371976182,-9.210340371976182,-9.210766008852765
male,36-37,49,-9.210340371976182,-9.210340371976182,-9.210766008852765
male,36-37,50,-9.210340371976182,-9.210340371976182,-9.210766008852765
male,36-37,51,-9.210340371976182,-9.210340371976182,-9.210766008852765
male,36-37,52,-9.210340371976182,-9.210340371976182,-9.210766008852765
male,38-39,-52,-9.210340371976182,-9.210340371976182,-9.21068349467187
male,38-39,-51,-9.210340371976182,-9.210340371976182,-9.21068349467187
male,38-39,-50,-9.210340371976182,-9.210340371976182,-9.21068349467187
male,38-39,-49,-9.210340371976182,-9.210340371976182,-9.21068349467187
male,38-39,-48,-9.210340371976182,-9.210340371976182,-9.21068349467187
male,38-39,-47,-9.210340371976182,-9.210340371976182,-9.21068349467187
male,38-39,-46,-9.210340371976182,-9.210340371976182,-9.21068349467187
male,38-39,-45,-9.210340371976182,-9.210340371976182,-9.21068349467187
male,38-39,-44,-9.210340371976182,-9.210340371976182,-9.21068349467187
male,38-39,-43,-9.210340371976182,-9.210340371976182,-9.21068349467187
male,38-39,-42,-9.210340371976182,-9.210340371976182,-9.21068349467187
male,38-39,-41,-9.210340371976182,-9.210340371976182,-9.21068349467187
male,38-39,-40,-9.210340371976182,-9.210340371976182,-9.21068349467187
male,38-39,-39,-9.210340371976182,-9.210340371976182,-9.21068349467187
male,38-39,-38,-9.210340371976182,-9.210340371976182,-9.21068349467187
male,38-39,-37,-9.210340371976182,-9.210340371976182,-9.21068349467187
male,38-39,-36,-9.210340371976182,-9.210340371976182,-9.21068349467187
male,38-39,-35,-9.210340371976182,-9.210340371976182,-9.21068349467187
male,38-39,-34,-9.210340371976182,-9.210340371976182,-9.21068349467187
male,38-39,-33,-9.210340371976182,-9.210340371976182,-9.21068349467187
male,38-39,-32,-9.210340371976182,-9.210340371976182,-9.21068349467187
male,38-39,-31,-9.210340371976182,-9.210340371976182,-9.21068349467187
male,38-39,-30,-9.210340371976182,-8.27109786556509,-8.271440988260778
male,38-39,-29,-9.210340371976182,-8.27109786556509,-8.271440988260778
male,38-39,-28,-9.210340371976182,-8.27109786556509,-8.271440988260778
male,38-39,-27,-9.210340371976182,-8.27109786556509,-8.271440988260778
male,38-39,-26,-9.210340371976182,-8.27109786556509,-8.271440988260778
male,38-39,-25,-9.210340371976182,-8.27109786556509,-8.271440988260778
male,38-39,-24,-9.210340371976182,-8.27109786556509,-8.271440988260778
male,38-39,-23,-9.210340371976182,-8.27109786556509,-8.271440988260778
male,38-39,-22,-9.210340371976182,-8.271097864820177,-8.271440987515865
male,38-39,-21,-8.271098552722052,-8.26450461703026,-8.264847739725948
male,38-39,-20,-5.86724548727452,-5.866769155938612,-5.8671122786343
male,38-39,-19,-4.793663328814969,-4.793716398851397,-4.794059521547085
male,38-39,-18,-4.37875188357102,-4.378269854385567,-4.378612977081255
male,38-39,-17,-3.367822948037584,-3.367758035115917,-3.3681011578116054
male,38-39,-16,-2.780471658539997,-2.780551773380932,-2.7808948960766204
male,38-39,-15,-2.6020199673084448,-2.6019113441843382,-2.6022544668800265
male,38-39,-14,-2.1947773687800463,-2.194689107952907,-2.195032230648595
male,38-39,-13,-1.705758684874659,-1.7057740637660161,-1.7061171864617042
male,38-39,-12,-1.3855757416286258,-1.3854850167859312,-1.3858281394816192
male,38-39,-11,-0.9169864201397002,-0.9168975633604707,-0.9172406860561587
male,38-39,-10,-0.3805878823562714,-0.38063760364056276,-0.3809807263362508
male,38-39,-9,-0.11058216475797754,-0.11053119973102053,-0.11087432242670857
male,38-39,-8,0.24222559197855983,0.2422652064710052,0.24192208377531715
male,38-39,-7,0.629777814216556,0.6297551763348435,0.6294120536391554
male,38-39,-6,0.8931980931717566,0.8932513841987079,0.8929082615030198
male,38-39,-5,1.2483229969287057,1.2483024229955983,1.2479593002999103
male,38-39,-4,1.4841188021153864,1.484128161141306,1.483785038445618
male,38-39,-3,1.7183990282374544,1.718368575367975,1.718025452672287
male,38-39,-2,1.8474463213865602,1.8474669852933496,1.8471238625976616
male,38-39,-1,2.024594876832013,2.0245441492695564,2.024201026573868
male,38-39,0,2.0390441872463736,2.0389101894100676,2.0385670667143794
male,38-39,1,1.5494509509635874,1.5495446895941993,1.5492015668985113
male,38-39,2,1.1004550922932292,1.1005541706197106,1.1002110479240226
male,38-39,3,0.7533839163818512,0.7534435120274771,0.753100389331789
male,38-39,4,0.4615041388453381,0.4615396933407721,0.46119657064508407
male,38-39,5,0.17987027854438,0.1799003870857006,0.17955726439001257
male,38-39,6,-0.11179622267345841,-0.11172514369493246,-0.1120682663906205
male,38-39,7,-0.26317692813685734,-0.2631988627864095,-0.26354198548209756
male,38-39,8,-0.5398405617298985,-0.5398170636218901,-0.5401601863175781
male,38-39,9,-0.8382166033174842,-0.8381111852749443,-0.8384543079706324
male,38-39,10,-0.8726862724455647,-0.8727741574744026,-0.8731172801700906
male,38-39,11,-1.2134100712606888,-1.2133259987891374,-1.2136691214848254
male,38-39,12,-1.3659950864043862,-1.3660374717949615,-1.3663805944906495
male,38-39,13,-1.7135258360520798,-1.7134922216344475,-1.7138353443301355
male,38-39,14,-2.092876886668619,-2.09278524375106,-2.093128366446748
male,38-39,15,-2.2912767382660726,-2.2912398843535158,-2.291583007049204
male,38-39,16,-2.406962881563197,-2.407004183430275,-2.4073473061259634
male,38-39,17,-2.696098617450598,-2.696090152032369,-2.696433274728057
male,38-39,18,-3.067581669302177,-3.067471960170133,-3.0678150828658213
male,38-39,19,-3.188320556653611,-3.188322560888204,-3.1886656835838925
male,38-39,20,-3.327765109270687,-3.3278745559418272,-3.3282176786375155
male,38-39,21,-3.938651243683847,-3.9383062020811943,-3.9386493247768826
male,38-39,22,-3.7439745654591006,-3.744194922121777,-3.744538044817465
male,38-39,23,-4.416637017818158,-4.416388069636745,-4.416731192332433
male,38-39,24,-4.676907187596745,-4.676802977281203,-4.677146099976891
male,38-39,25,-4.666079855888071,-4.666171001526361,-4.666514124222049
male,38-39,26,-4.973527782962298,-4.973547716483511,-4.973890839179199
male,38-39,27,-5.535451307354059,-5.534897252721367,-5.535240375417056
male,38-39,28,-4.895173011002603,-4.895655431068467,-4.895998553764155
male,38-39,29,-8.539727543651834,-8.525567115168563,-8.52591023786425
male,38-39,30,-6.768107997136252,-6.767690339034398,-6.768033461730086
male,38-39,31,-5.6436470167131105,-5.6440425551516915,-5.64438567784738
male,38-39,32,-9.210340371976182,-9.210340371976182,-9.21068349467187
male,38-39,33,-9.210340371976182,-9.210340371976182,-9.21068349467187
male,38-39,34,-9.210340371976182,-9.210340371976182,-9.21068349467187
male,38-39,35,-9.210340371976182,-9.210340371976182,-9.21068349467187
male,38-39,36,-9.210340371976182,-9.210340371976182,-9.21068349467187
male,38-39,37,-9.210340371976182,-9.210340371976182,-9.21068349467187
male,38-39,38,-9.210340371976182,-9.210340371976182,-9.21068349467187
male,38-39,39,-9.210340371976182,-9.210340371976182,-9.21068349467187
male,38-39,40,-9.210340371976182,-9.210340371976182,-9.21068349467187
male,38-39,41,-9.210340371976182,-9.210340371976182,-9.21068349467187
male,38-39,42,-9.210340371976182,-9.210340371976182,-9.21068349467187
male,38-39,43,-9.210340371976182,-9.210340371976182,-9.21068349467187
male,38-39,44,-9.210340371976182,-9.210340371976182,-9.21068349467187
male,38-39,45,-9.210340371976182,-9.210340371976182,-9.21068349467187
male,38-39,46,-9.210340371976182,-9.210340371976182,-9.21068349467187
male,38-39,47,-9.210340371976182,-9.210340371976182,-9.21068349467187
male,38-39,48,-9.210340371976182,-9.210340371976182,-9.21068349467187
male,38-39,49,-9.210340371976182,-9.210340371976182,-9.21068349467187
male,38-39,50,-9.210340371976182,-9.210340371976182,-9.21068349467187
male,38-39,51,-9.210340371976182,-9.210340371976182,-9.21068349467187
male,38-39,52,-9.210340371976182,-9.210340371976182,-9.21068349467187
male,40-42,-52,-9.210340371976182,-9.210340371976182,-9.210546812253709
male,40-42,-51,-9.210340371976182,-9.210340371976182,-9.210546812253709
male,40-42,-50,-9.210340371976182,-9.210340371976182,-9.210546812253709
male,40-42,-49,-9.210340371976182,-9.210340371976182,-9.210546812253709
male,40-42,-48,-9.210340371976182,-9.210340371976182,-9.210546812253709
male,40-42,-47,-9.210340371976182,-9.210340371976182,-9.210546812253709
male,40-42,-46,-9.210340371976182,-9.210340371976182,-9.210546812253709
male,40-42,-45,-9.210340371976182,-9.210340371976182,-9.210546812253709
male,40-42,-44,-9.210340371976182,-9.210340371976182,-9.210546812253709
male,40-42,-43,-9.210340371976182,-9.210340371976182,-9.210546812253709
male,40-42,-42,-9.210340371976182,-9.210340371976182,-9.210546812253709
male,40-42,-41,-9.210340371976182,-9.210340371976182,-9.210546812253709
male,40-42,-40,-9.210340371976182,-9.210340371976182,-9.210546812253709
male,40-42,-39,-9.210340371976182,-9.210340371976182,-9.210546812253709
male,40-42,-38,-9.210340371976182,-9.210340371976182,-9.210546812253709
male,40-42,-37,-9.210340371976182,-9.210340371976182,-9.210546812253709
male,40-42,-36,-9.210340371976182,-9.210340371976182,-9.210546812253709
male,40-42,-35,-9.210340371976182,-9.210340371976182,-9.210546812253709
male,40-42,-34,-9.210340371976182,-9.210340371976182,-9.210546812253709
male,40-42,-33,-9.210340371976182,-4.781899253231293,-4.78210569350882
male,40-42,-32,-9.210340371976182,-4.781899253231293,-4.78210569350882
male,40-42,-31,-9.210340371976182,-4.781899253231293,-4.78210569350882
male,40-42,-30,-9.210340371976182,-4.781899253231293,-4.78210569350882
male,40-42,-29,-9.210340371976182,-4.781899253231293,-4.78210569350882
male,40-42,-28,-9.210340371976182,-4.781899253231293,-4.78210569350882
male,40-42,-27,-9.210340371976182,-4.781899253231293,-4.78210569350882
male,40-42,-26,-9.210340371976182,-4.781899253231293,-4.78210569350882
male,40-42,-25,-9.210340371976182,-4.781899253279151,-4.7821056935566775
male,40-42,-24,-4.78189972233044,-4.782324330346338,-4.782530770623865
male,40-42,-23,-5.821949562818114,-5.821374709790911,-5.821581150068438
male,40-42,-22,-5.406586277923853,-5.4064379203375745,-5.406644360615101
male,40-42,-21,-4.888411866442296,-4.888261022227696,-4.888467462505223
male,40-42,-20,-4.268634868047066,-4.268614245983567,-4.268820686261094
male,40-42,-19,-3.851676563288345,-3.851444082112405,-3.8516505223899316
male,40-42,-18,-3.142082360790026,-3.1421264842219077,-3.142332924499434
male,40-42,-17,-2.817044509931102,-2.8170584247125214,-2.817264864990048
male,40-42,-16,-2.5940235281673383,-2.593692052425906,-2.5938984927034325
male,40-42,-15,-1.7792507864330325,-1.7793303917135785,-1.7795368319911051
male,40-42,-14,-1.4652407294045484,-1.465222147335259,-1.4654285876127855
male,40-42,-13,-1.153941532819801,-1.153868733936251,-1.1540751742137776
male,40-42,-12,-0.7295806986536657,-0.729558345232902,-0.7297647855104286
male,40-42,-11,-0.3514683767069434,-0.3514246792095218,-0.35163111948704834
male,40-42,-10,0.05073298211933955,0.05068408932947668,0.050477649051950145
male,40-42,-9,0.25082762750163434,0.2508768545952988,0.25067041431777226
male,40-42,-8,0.5603081717041297,0.5603096170675174,0.5601031767899908
male,40-42,-7,0.8233482800990678,0.8233788824825444,0.8231724422050178
male,40-42,-6,1.1266609270372858,1.126647680160133,1.1264412398826065
male,40-42,-5,1.3499899399244428,1.349994152338219,1.3497877120606925
male,40-42,-4,1.5600239692051932,1.5600203720466135,1.559813931769087
male,40-42,-3,1.7356172093517193,1.735608525064988,1.7354020847874614
male,40-42,-2,1.8663056995555405,1.866287845144859,1.8660814048673324
male,40-42,-1,1.9343074121156036,1.9342936070223533,1.9340871667448267
male,40-42,0,1.9587179619379385,1.9585912572657236,1.958384816988197
male,40-42,1,1.50314179185972,1.5032294472015186,1.503023006923992
male,40-42,2,1.0884715734579817,1.0885623562700986,1.088355915992572
male,40-42,3,0.7892308158940495,0.7892666055134094,0.7890601652358828
male,40-42,4,0.4881277775241791,0.4882086794398323,0.4880022391623058
male,40-42,5,0.3555944087813113,0.3555617491499937,0.3553553088724672
male,40-42,6,0.07212481989733738,0.07216963255972754,0.07196319228220101
male,40-42,7,-0.14899050309962497,-0.14902982907315557,-0.1492362693506821
male,40-42,8,-0.5872655881893191,-0.5871193051131559,-0.5873257453906825
male,40-42,9,-0.6909816591273593,-0.6909707883016777,-0.6911772285792043
male,40-42,10,-0.7698198832892764,-0.7699222546783165,-0.7701286949558431
male,40-42,11,-1.259292565518314,-1.2591457864908637,-1.2593522267683903
male,40-42,12,-1.4720140209244763,-1.4720428219763277,-1.4722492622538543
male,40-42,13,-1.8571610238605984,-1.8571043326511019,-1.8573107729286285
male,40-42,14,-2.2152117409393703,-2.2150998226709726,-2.215306262948499
male,40-42,15,-2.3203663396563785,-2.3203684123929924,-2.3205748526705188
male,40-42,16,-2.443333319508387,-2.443374641951244,-2.4435810822287705
male,40-42,17,-2.7266130964602424,-2.7265903871855524,-2.7267968274630787
male,40-42,18,-3.0071173137126372,-3.007193143473524,-3.0073995837510505
male,40-42,19,-3.7691053269955552,-3.7686268610320175,-3.768833301309544
male,40-42,20,-3.509692797669176,-3.509842630521156,-3.5100490707986824
male,40-42,21,-3.7659962169098127,-3.766058352448356,-3.7662647927258823
male,40-42,22,-4.425894107279757,-4.425659913938834,-4.425866354216361
male,40-42,23,-4.700686143791385,-4.700629755359365,-4.700836195636891
male,40-42,24,-4.868299515341309,-4.86807150061702,-4.868277940894547
male,40-42,25,-4.461898900034483,-4.461885713368891,-4.4620921536464175
male,40-42,26,-4.1386590261906,-4.139031644290076,-4.1392380845676024
male,40-42,27,-5.992977560599999,-5.990709426797358,-5.990915867074885
male,40-42,28,-5.151225407077362,-5.151634247003871,-5.151840687281398
male,40-42,29,-8.384656641500722,-8.372821187932042,-8.373027628209568
male,40-42,30,-9.210340371976182,-9.210340371976182,-9.210546812253709
male,40-42,31,-9.210340371976182,-9.210340371976182,-9.210546812253709
male,40-42,32,-9.210340371976182,-9.210340371976182,-9.210546812253709
male,40-42,33,-9.210340371976182,-9.210340371976182,-9.210546812253709
male,40-42,34,-9.210340371976182,-9.210340371976182,-9.210546812253709
male,40-42,35,-9.210340371976182,-9.210340371976182,-9.210546812253709
male,40-42,36,-9.210340371976182,-9.210340371976182,-9.210546812253709
male,40-42,37,-9.210340371976182,-9.210340371976182,-9.210546812253709
male,40-42,38,-9.210340371976182,-9.210340371976182,-9.210546812253709
male,40-42,39,-9.210340371976182,-9.210340371976182,-9.210546812253709
male,40-42,40,-9.210340371976182,-9.210340371976182,-9.210546812253709
male,40-42,41,-9.210340371976182,-9.210340371976182,-9.210546812253709
male,40-42,42,-9.210340371976182,-9.210340371976182,-9.210546812253709
male,40-42,43,-9.210340371976182,-9.210340371976182,-9.210546812253709
male,40-42,44,-9.210340371976182,-9.210340371976182,-9.210546812253709
male,40-42,45,-9.210340371976182,-9.210340371976182,-9.210546812253709
male,40-42,46,-9.210340371976182,-9.210340371976182,-9.210546812253709
male,40-42,47,-9.210340371976182,-9.210340371976182,-9.210546812253709
male,40-42,48,-9.210340371976182,-9.210340371976182,-9.210546812253709
male,40-42,49,-9.210340371976182,-9.210340371976182,-9.210546812253709
male,40-42,50,-9.210340371976182,-9.210340371976182,-9.210546812253709
male,40-42,51,-9.210340371976182,-9.210340371976182,-9.210546812253709
male,40-42,52,-9.210340371976182,-9.210340371976182,-9.210546812253709
male,43-45,-52,-9.210340371976182,-9.210340371976182,-9.210459507107691
male,43-45,-51,-9.210340371976182,-9.210340371976182,-9.210459507107691
male,43-45,-50,-9.210340371976182,-9.210340371976182,-9.210459507107691
male,43-45,-49,-9.210340371976182,-9.210340371976182,-9.210459507107691
male,43-45,-48,-9.210340371976182,-9.210340371976182,-9.210459507107691
male,43-45,-47,-9.210340371976182,-9.210340371976182,-9.210459507107691
male,43-45,-46,-9.210340371976182,-9.210340371976182,-9.210459507107691
male,43-45,-45,-9.210340371976182,-9.210340371976182,-9.210459507107691
male,43-45,-44,-9.210340371976182,-9.210340371976182,-9.210459507107691
male,43-45,-43,-9.210340371976182,-9.210340371976182,-9.210459507107691
male,43-45,-42,-9.210340371976182,-9.210340371976182,-9.210459507107691
male,43-45,-41,-9.210340371976182,-9.210340371976182,-9.210459507107691
male,43-45,-40,-9.210340371976182,-9.210340371976182,-9.210459507107691
male,43-45,-39,-9.210340371976182,-9.210340371976182,-9.210459507107691
male,43-45,-38,-9.210340371976182,-9.210340371976182,-9.210459507107691
male,43-45,-37,-9.210340371976182,-9.210340371976182,-9.210459507107691
male,43-45,-36,-9.210340371976182,-4.853514504829336,-4.853633639960846
male,43-45,-35,-9.210340371976182,-4.853514504829336,-4.853633639960846
male,43-45,-34,-9.210340371976182,-4.853514504829336,-4.853633639960846
male,43-45,-33,-9.210340371976182,-4.853514504829336,-4.853633639960846
male,43-45,-32,-9.210340371976182,-4.853514504829336,-4.853633639960846
male,43-45,-31,-9.210340371976182,-4.853514504829336,-4.853633639960846
male,43-45,-30,-9.210340371976182,-4.853514504829336,-4.853633639960846
male,43-45,-29,-9.210340371976182,-4.853514504829336,-4.853633639960846
male,43-45,-28,-9.210340371976182,-4.853514504896759,-4.853633640028269
male,43-45,-27,-4.853514474177444,-4.854113403431752,-4.854232538563262
male,43-45,-26,-6.992235563356204,-6.98648615247468,-6.98660528760619
male,43-45,-25,-4.697587308573557,-4.697914482033654,-4.698033617165164
male,43-45,-24,-5.192660967114131,-5.192192634402198,-5.192311769533708
male,43-45,-23,-4.637273547457225,-4.636992782668985,-4.637111917800495
male,43-45,-22,-3.8204130182604406,-3.820539327999406,-3.8206584631309157
male,43-45,-21,-3.6529495575066857,-3.6525338948656856,-3.6526530299971953
male,43-45,-20,-2.7653156615158174,-2.7654181173789656,-2.7655372525104753
male,43-45,-19,-2.496001024103129,-2.4960079574676866,-2.4961270925991963
male,43-45,-18,-2.2834024518766283,-2.2833124495699813,-2.283431584701491
male,43-45,-17,-1.8788076056305787,-1.8788189898799914,-1.8789381250115014
male,43-45,-16,-1.5842687864982108,-1.5842439234045977,-1.5843630585361077
male,43-45,-15,-1.2724947089072614,-1.2724915153160838,-1.2726106504475938
male,43-45,-14,-1.0013723370135967,-1.001275090149655,-1.001394225281165
male,43-45,-13,-0.5455815154757951,-0.545601042052249,-0.5457201771837589
male,43-45,-12,-0.23946736060910442,-0.2394362422206574,-0.23955537735216728
male,43-45,-11,0.09804574163841784,0.09805659796542902,0.09793746283391913
male,43-45,-10,0.4014243201031127,0.40140064525973873,0.4012815101282288
male,43-45,-9,0.5984785622928933,0.5984964622368337,0.5983773271053239
male,43-45,-8,0.8272649114389857,0.8272511216723272,0.8271319865408173
male,43-45,-7,0.9960257863919891,0.996067017820591,0.9959478826890812
male,43-45,-6,1.2538416232012435,1.2538277552198247,1.2537086200883147
male,43-45,-5,1.4312435042484966,1.4312403044371544,1.4311211693056445
male,43-45,-4,1.5775521494410056,1.5775448452850442,1.5774257101535343
male,43-45,-3,1.6893405235000045,1.6893550107843347,1.6892358756528247
male,43-45,-2,1.8330048785986317,1.832976717932386,1.832857582800876
male,43-45,-1,1.8861101162060756,1.8861043197245677,1.8859851845930578
male,43-45,0,1.9216176658821156,1.9214951569177543,1.9213760217862443
male,43-45,1,1.508161458603385,1.508232880658536,1.508113745527026
male,43-45,2,1.1219532086316375,1.1220226713804624,1.1219035362489524
male,43-45,3,0.7953039382943755,0.795362554106124,0.7952434189746141
male,43-45,4,0.5529496601858579,0.5529645330869916,0.5528453979554817
male,43-45,5,0.3015325418252803,0.3015270391604803,0.3014079040289704
male,43-45,6,-0.04111895339490044,-0.04102301660065642,-0.041142151732166315
male,43-45,7,-0.16319061737407312,-0.16324809085892578,-0.16336722599043565
male,43-45,8,-0.5185863751965664,-0.5184462833003589,-0.5185654184318688
male,43-45,9,-0.526563518082212,-0.5266649727901437,-0.5267841079216535
male,43-45,10,-0.8953404012869908,-0.8952814777322577,-0.8954006128637676
male,43-45,11,-1.2081633864755694,-1.2081402018863872,-1.2082593370178971
male,43-45,12,-1.5618002895848384,-1.561740937537608,-1.5618600726691179
male,43-45,13,-1.8359496651784488,-1.835954889728477,-1.836074024859987
male,43-45,14,-2.217202778379172,-2.2170843601161008,-2.2172034952476105
male,43-45,15,-2.3176734163793453,-2.317728559593716,-2.317847694725226
male,43-45,16,-2.6225161457700072,-2.6224821412482777,-2.6226012763797875
male,43-45,17,-2.9050798759683327,-2.9050727291352123,-2.905191864266722
male,43-45,18,-3.268460404084916,-3.2684499551165334,-3.268569090248043
male,43-45,19,-3.801101426579044,-3.800863453916687,-3.8009825890481967
male,43-45,20,-3.7950250253202213,-3.7951317501585997,-3.7952508852901095
male,43-45,21,-4.173728431584226,-4.1736027808907235,-4.173721916022234
male,43-45,22,-4.269513311507944,-4.268748560466689,-4.268867695598199
male,43-45,23,-3.1029420333082176,-3.1034274573884035,-3.1035465925199133
male,43-45,24,-4.526149950119096,-4.525109454102052,-4.525228589233562
male,43-45,25,-4.616410687436039,-4.616487381898366,-4.616606517029876
male,43-45,26,-5.253885316442221,-5.253526864136654,-5.253645999268164
male,43-45,27,-5.849537320731982,-5.849003674012917,-5.849122809144427
male,43-45,28,-9.210340371976182,-5.849537327832529,-5.849656462964039
male,43-45,29,-9.210340371976182,-5.849537327892639,-5.849656463024149
male,43-45,30,-9.210340371976182,-5.849537327892639,-5.849656463024149
male,43-45,31,-9.210340371976182,-5.849537327892639,-5.849656463024149
male,43-45,32,-9.210340371976182,-5.849537327892639,-5.849656463024149
male,43-45,33,-9.210340371976182,-5.849537327892639,-5.849656463024149
male,43-45,34,-9.210340371976182,-5.849537327892639,-5.849656463024149
male,43-45,35,-9.210340371976182,-5.849537327892639,-5.849656463024149
male,43-45,36,-9.210340371976182,-5.849537327892639,-5.849656463024149
male,43-45,37,-9.210340371976182,-9.210340371976182,-9.210459507107691
male,43-45,38,-9.210340371976182,-9.210340371976182,-9.210459507107691
male,43-45,39,-9.210340371976182,-9.210340371976182,-9.210459507107691
male,43-45,40,-9.210340371976182,-9.210340371976182,-9.210459507107691
male,43-45,41,-9.210340371976182,-9.210340371976182,-9.210459507107691
male,43-45,42,-9.210340371976182,-9.210340371976182,-9.210459507107691
male,43-45,43,-9.210340371976182,-9.210340371976182,-9.210459507107691
male,43-45,44,-9.210340371976182,-9.210340371976182,-9.210459507107691
male,43-45,45,-9.210340371976182,-9.210340371976182,-9.210459507107691
male,43-45,46,-9.210340371976182,-9.210340371976182,-9.210459507107691
male,43-45,47,-9.210340371976182,-9.210340371976182,-9.210459507107691
male,43-45,48,-9.210340371976182,-9.210340371976182,-9.210459507107691
male,43-45,49,-9.210340371976182,-9.210340371976182,-9.210459507107691
male,43-45,50,-9.210340371976182,-9.210340371976182,-9.210459507107691
male,43-45,51,-9.210340371976182,-9.210340371976182,-9.210459507107691
male,43-45,52,-9.210340371976182,-9.210340371976182,-9.210459507107691
male,46-49,-52,-9.210340371976182,-9.210340371976182,-9.21039256401859
male,46-49,-51,-9.210340371976182,-9.210340371976182,-9.21039256401859
male,46-49,-50,-9.210340371976182,-9.210340371976182,-9.21039256401859
male,46-49,-49,-9.210340371976182,-9.210340371976182,-9.21039256401859
male,46-49,-48,-9.210340371976182,-9.210340371976182,-9.21039256401859
male,46-49,-47,-9.210340371976182,-9.210340371976182,-9.21039256401859
male,46-49,-46,-9.210340371976182,-9.210340371976182,-9.21039256401859
male,46-49,-45,-9.210340371976182,-9.210340371976182,-9.21039256401859
male,46-49,-44,-9.210340371976182,-9.210340371976182,-9.21039256401859
male,46-49,-43,-9.210340371976182,-9.210340371976182,-9.21039256401859
male,46-49,-42,-9.210340371976182,-9.210340371976182,-9.21039256401859
male,46-49,-41,-9.210340371976182,-9.210340371976182,-9.21039256401859
male,46-49,-40,-9.210340371976182,-5.976789115203997,-5.976841307246405
male,46-49,-39,-9.210340371976182,-5.976789115203997,-5.976841307246405
male,46-49,-38,-9.210340371976182,-5.976789115203997,-5.976841307246405
male,46-49,-37,-9.210340371976182,-5.976789115203997,-5.976841307246405
male,46-49,-36,-9.210340371976182,-5.976789115203997,-5.976841307246405
male,46-49,-35,-9.210340371976182,-5.976789115203997,-5.976841307246405
male,46-49,-34,-9.210340371976182,-5.976789115203997,-5.976841307246405
male,46-49,-33,-9.210340371976182,-5.976789115203997,-5.976841307246405
male,46-49,-32,-9.210340371976182,-5.976789115234261,-5.976841307276669
male,46-49,-31,-5.976789085618309,-5.977057913720667,-5.977110105763075
male,46-49,-30,-6.4934599449999375,-6.493089847429012,-6.49314203947142
male,46-49,-29,-6.080567084259688,-6.080535718418019,-6.080587910460427
male,46-49,-28,-5.864506669293132,-5.8641136037539106,-5.8641657957963185
male,46-49,-27,-5.012620364331868,-5.012445050682493,-5.012497242724901
male,46-49,-26,-4.2632813933103355,-4.2631607064885495,-4.263212898530957
male,46-49,-25,-3.619305081348805,-3.619445349837183,-3.619497541879591
male,46-49,-24,-3.5569177806870047,-3.5567904299925,-3.556842622034908
male,46-49,-23,-3.181066012349796,-3.1811608573695502,-3.181213049411958
male,46-49,-22,-3.1390859309725543,-3.138997375225786,-3.1390495672681937
male,46-49,-21,-2.8585483102151814,-2.8583082815334198,-2.8583604735758277
male,46-49,-20,-2.145818023354465,-2.1459388215500597,-2.1459910135924676
male,46-49,-19,-1.9681935099549102,-1.9680971171486341,-1.9681493091910423
male,46-49,-18,-1.5698364735490975,-1.5698041518285302,-1.5698563438709383
male,46-49,-17,-1.1798655405698035,-1.1798779953250293,-1.1799301873674375
male,46-49,-16,-0.8972938405836276,-0.8972738489130129,-0.8973260409554209
male,46-49,-15,-0.6009994348401784,-0.6010192266921134,-0.6010714187345214
male,46-49,-14,-0.39456513423832384,-0.39452697102422585,-0.39457916306663393
male,46-49,-13,-0.10963121506787353,-0.10964634435844237,-0.10969853640085044
male,46-49,-12,0.09703548488742708,0.09708851399217527,0.0970363219497672
male,46-49,-11,0.4139931258960467,0.4139901799729482,0.4139379879305401
male,46-49,-10,0.6670304176377156,0.6669889179358324,0.6669367258934243
male,46-49,-9,0.7720504103911616,0.7720908507238643,0.7720386586814563
male,46-49,-8,0.9763494822098961,0.9763463527185184,0.9762941606761104
male,46-49,-7,1.1433090822434893,1.1433108254876605,1.1432586334452524
male,46-49,-6,1.2946292323637028,1.2946341427450332,1.294581950702625
male,46-49,-5,1.4445560945670102,1.4445537713292507,1.4445015792868425
male,46-49,-4,1.574284119413652,1.574284814450256,1.5742326224078478
male,46-49,-3,1.6959871152656256,1.6959787479966657,1.6959265559542576
male,46-49,-2,1.7869455436335147,1.7869392519140397,1.7868870598716315
male,46-49,-1,1.8557594091527951,1.8557375944831933,1.8556854024407852
male,46-49,0,1.8581302993180853,1.858013022965456,1.8579608309230478
male,46-49,1,1.4408158727097033,1.44088663094747,1.4408344389050618
male,46-49,2,1.093978702195738,1.0940414224976274,1.0939892304552192
male,46-49,3,0.8474538575941744,0.8474533025168675,0.8474011104744594
male,46-49,4,0.5283616404832692,0.528416886422996,0.528364694380588
male,46-49,5,0.2995927892014423,0.29963168148785385,0.29957948944544577
male,46-49,6,0.14960859883220895,0.14959439455592027,0.14954220251351222
male,46-49,7,-0.07643253678163844,-0.07645839257371119,-0.07651058461611926
male,46-49,8,-0.47324903696472753,-0.47315378822142795,-0.47320598026383603
male,46-49,9,-0.6928552182116374,-0.6928491822021561,-0.6929013742445641
male,46-49,10,-0.9422438413019083,-0.9422575969260512,-0.9423097889684592
male,46-49,11,-1.310571116033598,-1.3105008961405296,-1.3105530881829377
male,46-49,12,-1.5549810479565063,-1.55497204984441,-1.555024241886818
male,46-49,13,-1.8320508069528683,-1.832020570820014,-1.832072762862422
male,46-49,14,-2.0844591956608216,-2.0843965515488194,-2.0844487435912273
male,46-49,15,-2.1891805884759803,-2.1892758086827215,-2.1893280007251295
male,46-49,16,-2.6952376640012194,-2.694989218145329,-2.695041410187737
male,46-49,17,-2.6176886978299243,-2.617861483444997,-2.617913675487405
male,46-49,18,-3.2053852504148503,-3.2049745370255227,-3.2050267290679306
male,46-49,19,-2.8524172520246553,-2.852723317085212,-2.85277550912762
male,46-49,20,-3.81952069555026,-3.8188529533332183,-3.818905145375626
male,46-49,21,-3.526319966437643,-3.526380920147157,-3.526433112189565
male,46-49,22,-3.43307859678129,-3.433219338450261,-3.433271530492669
male,46-49,23,-4.031825490215992,-4.031463874699629,-4.031516066742037
male,46-49,24,-4.369336472673063,-4.3690705685710265,-4.369122760613434
male,46-49,25,-9.210340371976182,-4.369336479037225,-4.369388671079633
male,46-49,26,-9.210340371976182,-4.369336479067172,-4.36938867110958
male,46-49,27,-9.210340371976182,-4.369336479067172,-4.36938867110958
male,46-49,28,-9.210340371976182,-4.369336479067172,-4.36938867110958
male,46-49,29,-9.210340371976182,-4.369336479067172,-4.36938867110958
male,46-49,30,-9.210340371976182,-4.369336479067172,-4.36938867110958
male,46-49,31,-9.210340371976182,-4.369336479067172,-4.36938867110958
male,46-49,32,-9.210340371976182,-4.369336479067172,-4.36938867110958
male,46-49,33,-9.210340371976182,-4.369336479067172,-4.36938867110958
male,46-49,34,-9.210340371976182,-9.210340371976182,-9.21039256401859
male,46-49,35,-9.210340371976182,-9.210340371976182,-9.21039256401859
male,46-49,36,-9.210340371976182,-9.210340371976182,-9.21039256401859
male,46-49,37,-9.210340371976182,-9.210340371976182,-9.21039256401859
male,46-49,38,-9.210340371976182,-9.210340371976182,-9.21039256401859
male,46-49,39,-9.210340371976182,-9.210340371976182,-9.21039256401859
male,46-49,40,-9.210340371976182,-9.210340371976182,-9.21039256401859
male,46-49,41,-9.210340371976182,-9.210340371976182,-9.21039256401859
male,46-49,42,-9.210340371976182,-9.210340371976182,-9.21039256401859
male,46-49,43,-9.210340371976182,-9.210340371976182,-9.21039256401859
male,46-49,44,-9.210340371976182,-9.210340371976182,-9.21039256401859
male,46-49,45,-9.210340371976182,-9.210340371976182,-9.21039256401859
male,46-49,46,-9.210340371976182,-9.210340371976182,-9.21039256401859
male,46-49,47,-9.210340371976182,-9.210340371976182,-9.21039256401859
male,46-49,48,-9.210340371976182,-9.210340371976182,-9.21039256401859
male,46-49,49,-9.210340371976182,-9.210340371976182,-9.21039256401859
male,46-49,50,-9.210340371976182,-9.210340371976182,-9.21039256401859
male,46-49,51,-9.210340371976182,-9.210340371976182,-9.21039256401859
male,46-49,52,-9.210340371976182,-9.210340371976182,-9.21039256401859
male,50-54,-52,-9.210340371976182,-9.210340371976182,-9.210423957877797
male,50-54,-51,-9.210340371976182,-9.210340371976182,-9.210423957877797
male,50-54,-50,-9.210340371976182,-9.210340371976182,-9.210423957877797
male,50-54,-49,-9.210340371976182,-9.210340371976182,-9.210423957877797
male,50-54,-48,-9.210340371976182,-9.210340371976182,-9.210423957877797
male,50-54,-47,-9.210340371976182,-9.210340371976182,-9.210423957877797
male,50-54,-46,-9.210340371976182,-9.210340371976182,-9.210423957877797
male,50-54,-45,-9.210340371976182,-9.210340371976182,-9.210423957877797
male,50-54,-44,-9.210340371976182,-9.210340371976182,-9.210423957877797
male,50-54,-43,-9.210340371976182,-9.210340371976182,-9.210423957877797
male,50-54,-42,-9.210340371976182,-9.210340371976182,-9.210423957877797
male,50-54,-41,-9.210340371976182,-9.210340371976182,-9.210423957877797
male,50-54,-40,-9.210340371976182,-9.210340371976182,-9.210423957877797
male,50-54,-39,-9.210340371976182,-9.210340371976182,-9.210423957877797
male,50-54,-38,-9.210340371976182,-9.210340371976182,-9.210423957877797
male,50-54,-37,-9.210340371976182,-9.210340371976182,-9.210423957877797
male,50-54,-36,-9.210340371976182,-9.210340371976182,-9.210423957877797
male,50-54,-35,-9.210340371976182,-9.210340371976182,-9.210423957877797
male,50-54,-34,-5.325136488661438,-5.3255656637556985,-5.325649249657314
male,50-54,-33,-5.9550936768727425,-5.9545578766483755,-5.954641462549991
male,50-54,-32,-5.403380364375781,-5.4031345523536976,-5.403218138255313
male,50-54,-31,-4.6690031606175735,-4.669064722335253,-4.669148308236868
male,50-54,-30,-4.370394527009835,-4.370371199077749,-4.370454784979365
male,50-54,-29,-4.083278751459683,-4.083261287554115,-4.08334487345573
male,50-54,-28,-3.8136250965623195,-3.8135765632021124,-3.8136601491037276
male,50-54,-27,-3.478411975141381,-3.4783426740248493,-3.4784262599264646
male,50-54,-26,-3.0574450446445374,-3.057487460197723,-3.0575710460993384
male,50-54,-25,-2.8403338801506677,-2.840341137182194,-2.8404247230838093
male,50-54,-24,-2.6669788629250197,-2.6669093671688753,-2.6669929530704906
male,50-54,-23,-2.3345397153852776,-2.3344975055079,-2.334581091409515
male,50-54,-22,-1.9640793992349934,-1.9641498550971357,-1.9642334409987507
male,50-54,-21,-1.850425688701922,-1.8503214328078517,-1.8504050187094667
male,50-54,-20,-1.4836165846107197,-1.483586560949456,-1.4836701468510711
male,50-54,-19,-1.1208652849580112,-1.1208742756284722,-1.1209578615300873
male,50-54,-18,-0.8501662230703364,-0.8501857724761419,-0.8502693583777571
male,50-54,-17,-0.6700939571017568,-0.6700287751819916,-0.6701123610836067
male,50-54,-16,-0.3478033560526791,-0.34783662049287734,-0.3479202063944925
male,50-54,-15,-0.17205727484422478,-0.1720622002306143,-0.17214578613222944
male,50-54,-14,-0.030534051612278398,-0.030506184370322237,-0.03058977027193739
male,50-54,-13,0.16685897424930113,0.1668662249408906,0.16678263903927545
male,50-54,-12,0.35089646119739004,0.35090632644735015,0.350822740545735
male,50-54,-11,0.5307558508698326,0.5307610308008682,0.5306774448992531
male,50-54,-10,0.6957532455241818,0.6957487215576157,0.6956651356560005
male,50-54,-9,0.8256146837970718,0.8256377380192641,0.8255541521176489
male,50-54,-8,1.0008290576763241,1.00083170498832,1.000748119086705
male,50-54,-7,1.1577655129941664,1.1577690891111774,1.1576855032095623
male,50-54,-6,1.3028855710798632,1.3029013519297414,1.3028177660281264
male,50-54,-5,1.468340153741567,1.4683129325720479,1.4682293466704328
male,50-54,-4,1.5323612562517503,1.5323870021400758,1.5323034162384608
male,50-54,-3,1.6553621669628182,1.6553479747483606,1.6552643888467455
male,50-54,-2,1.7184055475568403,1.7184140687702132,1.7183304828685981
male,50-54,-1,1.7936989002427444,1.7936661187876408,1.7935825328860258
male,50-54,0,1.7611161397832107,1.7610321862458096,1.7609486003441945
male,50-54,1,1.420540077281018,1.4205741739243798,1.4204905880227647
male,50-54,2,1.0527784277100292,1.0528580451225111,1.052774459220896
male,50-54,3,0.8196005996861091,0.8196158325560519,0.8195322466544367
male,50-54,4,0.5740425474085792,0.5740563030545917,0.5739727171529765
male,50-54,5,0.3032765440243384,0.30329447833313466,0.3032108924315195
male,50-54,6,0.012516641768237703,0.012536965949009821,0.012453380047394666
male,50-54,7,-0.29865885189721164,-0.2985764603916914,-0.29866004629330656
male,50-54,8,-0.42064640895133476,-0.42066826341428487,-0.42075184931590004
male,50-54,9,-0.6399370628643755,-0.6399180605553779,-0.6400016464569931
male,50-54,10,-0.8516996181678413,-0.8517317507323933,-0.8518153366340084
male,50-54,11,-1.2667777324909084,-1.2666657083897348,-1.2667492942913499
male,50-54,12,-1.4814396721761351,-1.4813838843742801,-1.4814674702758952
male,50-54,13,-1.566621067275338,-1.5666396563633718,-1.5667232422649868
male,50-54,14,-1.7329066299213607,-1.7330010051560671,-1.7330845910576822
male,50-54,15,-2.382121105142317,-2.381756257355882,-2.3818398432574974
male,50-54,16,-2.2371066118614924,-2.237203561455684,-2.2372871473572995
male,50-54,17,-2.4542243660212875,-2.4541525265866957,-2.454236112488311
male,50-54,18,-2.5785874844886507,-2.5785042108561487,-2.578587796757764
male,50-54,19,-2.4818843511618045,-2.48201156317096,-2.4820951490725753
male,50-54,20,-3.1319178514548773,-3.1313274816066774,-3.1314110675082927
male,50-54,21,-9.210340371976182,-3.1319158070450324,-3.1319993929466476
male,50-54,22,-9.210340371976182,-3.1319158071113016,-3.131999393012917
male,50-54,23,-9.210340371976182,-3.1319158071113016,-3.131999393012917
male,50-54,24,-9.210340371976182,-3.1319158071113016,-3.131999393012917
male,50-54,25,-9.210340371976182,-3.1319158071113016,-3.131999393012917
male,50-54,26,-9.210340371976182,-3.1319158071113016,-3.131999393012917
male,50-54,27,-9.210340371976182,-3.1319158071113016,-3.131999393012917
male,50-54,28,-9.210340371976182,-3.1319158071113016,-3.131999393012917
male,50-54,29,-9.210340371976182,-3.131915807111302,-3.1319993930129173
male,50-54,30,-9.210340371976182,-9.210340371976182,-9.210423957877797
male,50-54,31,-9.210340371976182,-9.210340371976182,-9.210423957877797
male,50-54,32,-9.210340371976182,-9.210340371976182,-9.210423957877797
male,50-54,33,-9.210340371976182,-9.210340371976182,-9.210423957877797
male,50-54,34,-9.210340371976182,-9.210340371976182,-9.210423957877797
male,50-54,35,-9.210340371976182,-9.210340371976182,-9.210423957877797
male,50-54,36,-9.210340371976182,-9.210340371976182,-9.210423957877797
male,50-54,37,-9.210340371976182,-9.210340371976182,-9.210423957877797
male,50-54,38,-9.210340371976182,-9.210340371976182,-9.210423957877797
male,50-54,39,-9.210340371976182,-9.210340371976182,-9.210423957877797
male,50-54,40,-9.210340371976182,-9.210340371976182,-9.210423957877797
male,50-54,41,-9.210340371976182,-9.210340371976182,-9.210423957877797
male,50-54,42,-9.210340371976182,-9.210340371976182,-9.210423957877797
male,50-54,43,-9.210340371976182,-9.210340371976182,-9.210423957877797
male,50-54,44,-9.210340371976182,-9.210340371976182,-9.210423957877797
male,50-54,45,-9.210340371976182,-9.210340371976182,-9.210423957877797
male,50-54,46,-9.210340371976182,-9.210340371976182,-9.210423957877797
male,50-54,47,-9.210340371976182,-9.210340371976182,-9.210423957877797
male,50-54,48,-9.210340371976182,-9.210340371976182,-9.210423957877797
male,50-54,49,-9.210340371976182,-9.210340371976182,-9.210423957877797
male,50-54,50,-9.210340371976182,-9.210340371976182,-9.210423957877797
male,50-54,51,-9.210340371976182,-9.210340371976182,-9.210423957877797
male,50-54,52,-9.210340371976182,-9.210340371976182,-9.210423957877797
male,55-59,-52,-9.210340371976182,-9.210340371976182,-9.210503821547851
male,55-59,-51,-9.210340371976182,-9.210340371976182,-9.210503821547851
male,55-59,-50,-9.210340371976182,-4.5152315000380066,-4.515394949609675
male,55-59,-49,-9.210340371976182,-4.5152315000380066,-4.515394949609675
male,55-59,-48,-9.210340371976182,-4.5152315000380066,-4.515394949609675
male,55-59,-47,-9.210340371976182,-4.5152315000380066,-4.515394949609675
male,55-59,-46,-9.210340371976182,-4.5152315000380066,-4.515394949609675
male,55-59,-45,-9.210340371976182,-4.5152315000380066,-4.515394949609675
male,55-59,-44,-9.210340371976182,-4.5152315000380066,-4.515394949609675
male,55-59,-43,-9.210340371976182,-4.5152315000380066,-4.515394949609675
male,55-59,-42,-9.210340371976182,-4.515231500059175,-4.515394949630844
male,55-59,-41,-4.5152314738808395,-4.515419497499872,-4.5155829470715405
male,55-59,-40,-4.845005932204957,-4.845146710530788,-4.845310160102456
male,55-59,-39,-5.371490038705816,-5.371681134646086,-5.3718445842177545
male,55-59,-38,-6.84561072519751,-6.843962703523365,-6.844126153095034
male,55-59,-37,-5.782795638316769,-5.7826075311033405,-5.782770980675009
male,55-59,-36,-5.037721413166908,-5.038014736114404,-5.038178185686072
male,55-59,-35,-5.456006623678962,-5.4552849382917366,-5.455448387863405
male,55-59,-34,-4.475785408640813,-4.475900239428562,-4.47606368900023
male,55-59,-33,-4.207766502390498,-4.207785947761822,-4.207949397333491
male,55-59,-32,-4.031473974878563,-4.031316976291452,-4.03148042586312
male,55-59,-31,-3.5181769990483254,-3.5181496116840574,-3.5183130612557263
male,55-59,-30,-3.0896639719859214,-3.089792890132833,-3.089956339704502
male,55-59,-29,-3.1054739534586773,-3.1052275939375855,-3.1053910435092544
male,55-59,-28,-2.536704635665945,-2.5368884495624684,-2.5370518991341373
male,55-59,-27,-2.6320172951479206,-2.6317286525912773,-2.6318921021629462
male,55-59,-26,-2.0418333441645697,-2.042010639482541,-2.04217408905421
male,55-59,-25,-2.1003476084719765,-2.1002614050525614,-2.1004248546242303
male,55-59,-24,-1.911949886165116,-1.9119268907153184,-1.912090340286987
male,55-59,-23,-1.6748200826729969,-1.6747612385854325,-1.6749246881571012
male,55-59,-22,-1.3232516258170084,-1.3233049827582588,-1.3234684323299275
male,55-59,-21,-1.1737403822274681,-1.173666752462242,-1.1738302020339106
male,55-59,-20,-0.8504769515947186,-0.8505179021979947,-0.8506813517696635
male,55-59,-19,-0.6924698018604334,-0.6924723453722365,-0.6926357949439053
male,55-59,-18,-0.5559531865244327,-0.5559339721119916,-0.5560974216836604
male,55-59,-17,-0.38126202572613566,-0.381218818869164,-0.38138226844083273
male,55-59,-16,-0.12182887465144443,-0.12189329490833127,-0.12205674448000002
male,55-59,-15,-0.08206464932761921,-0.08197215733598258,-0.08213560690765133
male,55-59,-14,0.198817629053988,0.19876466075134128,0.19860121117967253
male,55-59,-13,0.2900762691091109,0.2901042717470914,0.28994082217542266
male,55-59,-12,0.45295984522938804,0.45295511506183317,0.4527916654901644
male,55-59,-11,0.5860623222482254,0.5860951230512745,0.5859316734796057
male,55-59,-10,0.7901238443461891,0.7901193100711188,0.78995586049945
male,55-59,-9,0.9482592715732951,0.9482489212688784,0.9480854716972096
male,55-59,-8,1.0552725610135456,1.0552632104043214,1.0550997608326527
male,55-59,-7,1.1241382286001411,1.1241758021214272,1.1240123525497585
male,55-59,-6,1.2849780749748563,1.2849609729722662,1.2847975234005975
male,55-59,-5,1.3742525556123335,1.3742683773156543,1.3741049277439856
male,55-59,-4,1.4971869009970957,1.497174978706503,1.4970115291348343
male,55-59,-3,1.5734725951916315,1.573487658790823,1.5733242092191544
male,55-59,-2,1.683509992982835,1.6834708589644314,1.6833074093927627
male,55-59,-1,1.6696285571735636,1.6696436027142554,1.6694801531425867
male,55-59,0,1.6997873830312051,1.699662663732737,1.6994992141610683
male,55-59,1,1.2948195820172792,1.294887343852093,1.2947238942804242
male,55-59,2,0.9718055223715714,0.9718466755594531,0.9716832259877843
male,55-59,3,0.6908447525868906,0.6908786755251687,0.6907152259534999
male,55-59,4,0.44827710603899584,0.44830090070416917,0.4481374511325004
male,55-59,5,0.22618454060409973,0.22623157032441898,0.22606812075275023
male,55-59,6,0.11234675424769802,0.11230135212174075,0.112137902550072
male,55-59,7,-0.187442700394589,-0.18740517050409738,-0.18756862007576613
male,55-59,8,-0.4657271782358008,-0.46567490424770175,-0.4658383538193705
male,55-59,9,-0.6529293429595898,-0.6528902276673973,-0.6530536772390662
male,55-59,10,-0.7504412072690987,-0.7505257746268134,-0.7506892241984822
male,55-59,11,-1.1952195661884892,-1.195073147439553,-1.1952365970112218
male,55-59,12,-1.3667915971126978,-1.3667703938109341,-1.3669338433826028
male,55-59,13,-1.6169754985903355,-1.6169004229529491,-1.6170638725246178
male,55-59,14,-1.8707445188548608,-1.8706405411532316,-1.8708039907249003
male,55-59,15,-2.1271888669024044,-2.126999774257392,-2.127163223829061
male,55-59,16,-9.210340371976182,-2.127188870745135,-2.127352320316804
male,55-59,17,-9.210340371976182,-2.1271888707664313,-2.1273523203381
male,55-59,18,-9.210340371976182,-2.127188870766431,-2.1273523203380997
male,55-59,19,-9.210340371976182,-2.1271888707664313,-2.1273523203381
male,55-59,20,-9.210340371976182,-2.1271888707664313,-2.1273523203381
male,55-59,21,-9.210340371976182,-2.127188870766431,-2.1273523203380997
male,55-59,22,-9.210340371976182,-2.1271888707664313,-2.1273523203381
male,55-59,23,-9.210340371976182,-2.1271888707664313,-2.1273523203381
male,55-59,24,-9.210340371976182,-2.1271888707664313,-2.1273523203381
male,55-59,25,-9.210340371976182,-9.210340371976182,-9.210503821547851
male,55-59,26,-9.210340371976182,-9.210340371976182,-9.210503821547851
male,55-59,27,-9.210340371976182,-9.210340371976182,-9.210503821547851
male,55-59,28,-9.210340371976182,-9.210340371976182,-9.210503821547851
male,55-59,29,-9.210340371976182,-9.210340371976182,-9.210503821547851
male,55-59,30,-9.210340371976182,-9.210340371976182,-9.210503821547851
male,55-59,31,-9.210340371976182,-9.210340371976182,-9.210503821547851
male,55-59,32,-9.210340371976182,-9.210340371976182,-9.210503821547851
male,55-59,33,-9.210340371976182,-9.210340371976182,-9.210503821547851
male,55-59,34,-9.210340371976182,-9.210340371976182,-9.210503821547851
male,55-59,35,-9.210340371976182,-9.210340371976182,-9.210503821547851
male,55-59,36,-9.210340371976182,-9.210340371976182,-9.210503821547851
male,55-59,37,-9.210340371976182,-9.210340371976182,-9.210503821547851
male,55-59,38,-9.210340371976182,-9.210340371976182,-9.210503821547851
male,55-59,39,-9.210340371976182,-9.210340371976182,-9.210503821547851
male,55-59,40,-9.210340371976182,-9.210340371976182,-9.210503821547851
male,55-59,41,-9.210340371976182,-9.210340371976182,-9.210503821547851
male,55-59,42,-9.210340371976182,-9.210340371976182,-9.210503821547851
male,55-59,43,-9.210340371976182,-9.210340371976182,-9.210503821547851
male,55-59,44,-9.210340371976182,-9.210340371976182,-9.210503821547851
male,55-59,45,-9.210340371976182,-9.210340371976182,-9.210503821547851
male,55-59,46,-9.210340371976182,-9.210340371976182,-9.210503821547851
male,55-59,47,-9.210340371976182,-9.210340371976182,-9.210503821547851
male,55-59,48,-9.210340371976182,-9.210340371976182,-9.210503821547851
male,55-59,49,-9.210340371976182,-9.210340371976182,-9.210503821547851
male,55-59,50,-9.210340371976182,-9.210340371976182,-9.210503821547851
male,55-59,51,-9.210340371976182,-9.210340371976182,-9.210503821547851
male,55-59,52,-9.210340371976182,-9.210340371976182,-9.210503821547851
male,60-70,-52,-9.210340371976182,-9.210340371976182,-9.210555985320905
male,60-70,-51,-9.210340371976182,-9.210340371976182,-9.210555985320905
male,60-70,-50,-9.210340371976182,-9.210340371976182,-9.210555985320905
male,60-70,-49,-5.461046871330737,-5.46117623193432,-5.461391845279043
male,60-70,-48,-5.236608764678098,-5.2367579008960545,-5.236973514240778
male,60-70,-47,-5.503706923572187,-5.503570716038051,-5.503786329382774
male,60-70,-46,-5.381606686531267,-5.381720353362955,-5.381935966707679
male,60-70,-45,-5.61435454824962,-5.614058788178614,-5.614274401523337
male,60-70,-44,-5.16650315719441,-5.166725735573742,-5.166941348918465
male,60-70,-43,-5.543067592195297,-5.542846284792391,-5.543061898137115
male,60-70,-42,-5.339985950851437,-5.339938676472574,-5.340154289817297
male,60-70,-41,-5.070093508034965,-5.07004173376223,-5.070257347106954
male,60-70,-40,-4.7276845252924975,-4.727676028414658,-4.727891641759381
male,60-70,-39,-4.44014826162068,-4.440235595151214,-4.440451208495937
male,60-70,-38,-4.444906381581856,-4.444895738627034,-4.445111351971757
male,60-70,-37,-4.421003951678907,-4.420499705777348,-4.420715319122071
male,60-70,-36,-3.4607861970560028,-3.4610944059860773,-3.461310019330801
male,60-70,-35,-3.798627528617235,-3.798113013908399,-3.798328627253123
male,60-70,-34,-3.021441112671129,-3.021534260630172,-3.021749873974896
male,60-70,-33,-2.750448990629795,-2.750618257833529,-2.7508338711782527
male,60-70,-32,-3.0668482488855067,-3.066587766367079,-3.0668033797118026
male,60-70,-31,-2.729155331162373,-2.729105268752563,-2.7293208820972867
male,60-70,-30,-2.343299513123314,-2.343364882790223,-2.3435804961349467
male,60-70,-29,-2.2079795124691146,-2.2079190602932184,-2.208134673637942
male,60-70,-28,-1.9270998727524125,-1.9271656228632248,-1.9273812362079485
male,60-70,-27,-1.870582405203131,-1.8704980719749869,-1.8707136853197106
male,60-70,-26,-1.5958652761495682,-1.5959060663860454,-1.5961216797307691
male,60-70,-25,-1.4756685031039642,-1.4756059747984724,-1.4758215881431962
male,60-70,-24,-1.20652755818345,-1.2065319036341797,-1.2067475169789035
male,60-70,-23,-0.9985331910153478,-0.9985982201763384,-0.998813833521062
male,60-70,-22,-1.0045422164604667,-1.0044456597139408,-1.0046612730586646
male,60-70,-21,-0.7560354356472532,-0.7560483054638829,-0.7562639188086066
male,60-70,-20,-0.5883473037216089,-0.5883275929395029,-0.5885432062842265
male,60-70,-19,-0.39447657143331266,-0.39451451789575087,-0.39473013124047457
male,60-70,-18,-0.3340086314011448,-0.33395432140150944,-0.33416993474623313
male,60-70,-17,-0.13622091788159807,-0.13623616945645534,-0.136451782801179
male,60-70,-16,-0.01254893890731803,-0.012563489641558375,-0.012779102986282046
male,60-70,-15,0.05448826276579781,0.05453459768129361,0.05431898433656994
male,60-70,-14,0.23543455303337044,0.23545587833320128,0.2352402649884776
male,60-70,-13,0.4358390065696008,0.4358504393129143,0.4356348259681906
male,60-70,-12,0.6235347133703514,0.6235291334026215,0.6233135200578979
male,60-70,-11,0.7595856128124288,0.7595898643942979,0.7593742510495742
male,60-70,-10,0.8831411359480416,0.8831473941654828,0.8829317808207592
male,60-70,-9,1.0031488088043365,1.0031386953549681,1.0029230820102444
male,60-70,-8,1.0771592344548984,1.0771766534640361,1.0769610401193124
male,60-70,-7,1.187652496309239,1.187657151476596,1.1874415381318721
male,60-70,-6,1.2937766322034623,1.2937742456903167,1.293558632345593
male,60-70,-5,1.3778742013812366,1.377863210438698,1.3776475970939743
male,60-70,-4,1.4198109817936924,1.4198374584821458,1.419621845137422
male,60-70,-3,1.5282051351444654,1.5281914200039115,1.5279758066591878
male,60-70,-2,1.5832079851532368,1.5832066155260363,1.5829910021813125
male,60-70,-1,1.6275244616060158,1.6275208145589446,1.6273052012142208
male,60-70,0,1.655742960535437,1.6556381137992862,1.6554225004545624
male,60-70,1,1.2864445780891078,1.2865186362487597,1.286303022904036
male,60-70,2,0.957088865205676,0.9571554243832086,0.9569398110384849
male,60-70,3,0.674400044176454,0.6744768393133306,0.6742612259686069
male,60-70,4,0.5160800335666433,0.51612412328222,0.5159085099374964
male,60-70,5,0.4428262484394612,0.4427686215263417,0.442553008181618
male,60-70,6,0.08103112618705764,0.08116693077153449,0.08095131742681082
male,60-70,7,-0.054620284477399396,-0.054625633844436104,-0.054841247189159774
male,60-70,8,-0.34978715206664224,-0.34969509219679606,-0.34991070554151976
male,60-70,9,-0.647538313468041,-0.6474176818400722,-0.6476332951847958
male,60-70,10,-0.9758170705980067,-0.9755711407555614,-0.975786754100285
male,60-70,11,-9.210340371976182,-0.9758158292266761,-0.9760314425713997
male,60-70,12,-9.210340371976182,-0.9758158292542329,-0.9760314425989566
male,60-70,13,-9.210340371976182,-0.975815829254233,-0.9760314425989567
male,60-70,14,-9.210340371976182,-0.975815829254233,-0.9760314425989567
male,60-70,15,-9.210340371976182,-0.975815829254233,-0.9760314425989567
male,60-70,16,-9.210340371976182,-0.9758158292542329,-0.9760314425989566
male,60-70,17,-9.210340371976182,-0.9758158292542329,-0.9760314425989566
male,60-70,18,-9.210340371976182,-0.9758158292542327,-0.9760314425989564
male,60-70,19,-9.210340371976182,-0.975815829254233,-0.9760314425989567
male,60-70,20,-9.210340371976182,-9.210340371976182,-9.210555985320905
male,60-70,21,-9.210340371976182,-9.210340371976182,-9.210555985320905
male,60-70,22,-9.210340371976182,-9.210340371976182,-9.210555985320905
male,60-70,23,-9.210340371976182,-9.210340371976182,-9.210555985320905
male,60-70,24,-9.210340371976182,-9.210340371976182,-9.210555985320905
male,60-70,25,-9.210340371976182,-9.210340371976182,-9.210555985320905
male,60-70,26,-9.210340371976182,-9.210340371976182,-9.210555985320905
male,60-70,27,-9.210340371976182,-9.210340371976182,-9.210555985320905
male,60-70,28,-9.210340371976182,-9.210340371976182,-9.210555985320905
male,60-70,29,-9.210340371976182,-9.210340371976182,-9.210555985320905
male,60-70,30,-9.210340371976182,-9.210340371976182,-9.210555985320905
male,60-70,31,-9.210340371976182,-9.210340371976182,-9.210555985320905
male,60-70,32,-9.210340371976182,-9.210340371976182,-9.210555985320905
male,60-70,33,-9.210340371976182,-9.210340371976182,-9.210555985320905
male,60-70,34,-9.210340371976182,-9.210340371976182,-9.210555985320905
male,60-70,35,-9.210340371976182,-9.210340371976182,-9.210555985320905
male,60-70,36,-9.210340371976182,-9.210340371976182,-9.210555985320905
male,60-70,37,-9.210340371976182,-9.210340371976182,-9.210555985320905
male,60-70,38,-9.210340371976182,-9.210340371976182,-9.210555985320905
male,60-70,39,-9.210340371976182,-9.210340371976182,-9.210555985320905
male,60-70,40,-9.210340371976182,-9.210340371976182,-9.210555985320905
male,60-70,41,-9.210340371976182,-9.210340371976182,-9.210555985320905
male,60-70,42,-9.210340371976182,-9.210340371976182,-9.210555985320905
male,60-70,43,-9.210340371976182,-9.210340371976182,-9.210555985320905
male,60-70,44,-9.210340371976182,-9.210340371976182,-9.210555985320905
male,60-70,45,-9.210340371976182,-9.210340371976182,-9.210555985320905
male,60-70,46,-9.210340371976182,-9.210340371976182,-9.210555985320905
male,60-70,47,-9.210340371976182,-9.210340371976182,-9.210555985320905
male,60-70,48,-9.210340371976182,-9.210340371976182,-9.210555985320905
male,60-70,49,-9.210340371976182,-9.210340371976182,-9.210555985320905
male,60-70,50,-9.210340371976182,-9.210340371976182,-9.210555985320905
male,60-70,51,-9.210340371976182,-9.210340371976182,-9.210555985320905
male,60-70,52,-9.210340371976182,-9.210340371976182,-9.210555985320905
female,18-19,-52,-9.210340371976182,-9.210340371976182,-9.222222220154862
female,18-19,-51,-9.210340371976182,-9.210340371976182,-9.222222220154862
female,18-19,-50,-9.210340371976182,-9.210340371976182,-9.222222220154862
female,18-19,-49,-9.210340371976182,-9.210340371976182,-9.222222220154862
female,18-19,-48,-9.210340371976182,-9.210340371976182,-9.222222220154862
female,18-19,-47,-9.210340371976182,-9.210340371976182,-9.222222220154862
female,18-19,-46,-9.210340371976182,-9.210340371976182,-9.222222220154862
female,18-19,-45,-9.210340371976182,-9.210340371976182,-9.222222220154862
female,18-19,-44,-9.210340371976182,-9.210340371976182,-9.222222220154862
female,18-19,-43,-9.210340371976182,-9.210340371976182,-9.222222220154862
female,18-19,-42,-9.210340371976182,-9.210340371976182,-9.222222220154862
female,18-19,-41,-9.210340371976182,-9.210340371976182,-9.222222220154862
female,18-19,-40,-9.210340371976182,-9.210340371976182,-9.222222220154862
female,18-19,-39,-9.210340371976182,-9.210340371976182,-9.222222220154862
female,18-19,-38,-9.210340371976182,-9.210340371976182,-9.222222220154862
female,18-19,-37,-9.210340371976182,-9.210340371976182,-9.222222220154862
female,18-19,-36,-9.210340371976182,-9.210340371976182,-9.222222220154862
female,18-19,-35,-9.210340371976182,-9.210340371976182,-9.222222220154862
female,18-19,-34,-9.210340371976182,-9.210340371976182,-9.222222220154862
female,18-19,-33,-9.210340371976182,-9.210340371976182,-9.222222220154862
female,18-19,-32,-9.210340371976182,-9.210340371976182,-9.222222220154862
female,18-19,-31,-9.210340371976182,-9.210340371976182,-9.222222220154862
female,18-19,-30,-9.210340371976182,-9.210340371976182,-9.222222220154862
female,18-19,-29,-9.210340371976182,-9.210340371976182,-9.222222220154862
female,18-19,-28,-9.210340371976182,-9.210340371976182,-9.222222220154862
female,18-19,-27,-9.210340371976182,-9.210340371976182,-9.222222220154862
female,18-19,-26,-9.210340371976182,-9.210340371976182,-9.222222220154862
female,18-19,-25,-9.210340371976182,-9.210340371976182,-9.222222220154862
female,18-19,-24,-9.210340371976182,-9.210340371976182,-9.222222220154862
female,18-19,-23,-9.210340371976182,-9.210340371976182,-9.222222220154862
female,18-19,-22,-9.210340371976182,-9.210340371976182,-9.222222220154862
female,18-19,-21,-9.210340371976182,-9.210340371976182,-9.222222220154862
female,18-19,-20,-9.210340371976182,0.006862145160546025,-0.0050197030181339
female,18-19,-19,-9.210340371976182,0.006862145160506771,-0.005019703018173154
female,18-19,-18,-9.210340371976182,0.006862145160506991,-0.005019703018172934
female,18-19,-17,-9.210340371976182,0.006862145160506771,-0.005019703018173154
female,18-19,-16,-9.210340371976182,0.006862145160506771,-0.005019703018173154
female,18-19,-15,-9.210340371976182,0.006862145160506991,-0.005019703018172934
female,18-19,-14,-9.210340371976182,0.006862145160506771,-0.005019703018173154
female,18-19,-13,-9.210340371976182,0.006862145160506771,-0.005019703018173154
female,18-19,-12,-9.210340371976182,0.006862145160506991,-0.005019703018172934
female,18-19,-11,-9.210340371976182,0.006862145160506771,-0.005019703018173154
female,18-19,-10,-9.210340371976182,0.006862145160506991,-0.005019703018172934
female,18-19,-9,-9.210340371976182,0.006862145160512946,-0.0050197030181669796
female,18-19,-8,-9.210340371976182,0.006862145160847925,-0.005019703017832
female,18-19,-7,-9.210340371976182,0.006862145179140787,-0.005019702999539138
female,18-19,-6,-9.210340371976182,0.006862146177882849,-0.005019702000797077
female,18-19,-5,-9.210340371976182,0.006862200707345324,-0.005019647471334601
female,18-19,-4,-9.210340371976182,0.006865177907594703,-0.005016670271085223
female,18-19,-3,-9.210340371976182,0.007027705100409108,-0.004854143078270818
female,18-19,-2,-9.210340371976182,0.015835077280086676,0.00395322910140675
female,18-19,-1,0.0068550882882347595,0.36023241878756385,0.3483505706088839
female,18-19,0,1.3736957884736158,1.3643512239102533,1.3524693757315733
female,18-19,1,1.8023394857299746,1.740127693604771,1.728245845426091
female,18-19,2,1.571605381057869,1.564229643796869,1.552347795618189
female,18-19,3,1.1156305704819514,1.1573844020220032,1.1455025538433232
female,18-19,4,0.8219814033180857,0.8165342147564659,0.804652366577786
female,18-19,5,0.21569963485533472,0.29214449571147616,0.2802626475327962
female,18-19,6,0.051779596151666406,0.03498434568115719,0.023102497502477268
female,18-19,7,-0.40364062690004765,-0.36525891624053347,-0.3771407644192134
female,18-19,8,-0.7053828785624049,-0.6742746775421513,-0.6861565257208312
female,18-19,9,-0.7906937874175064,-0.7788660744604499,-0.7907479226391297
female,18-19,10,-0.7723622420568612,-0.8200394981386794,-0.8319213463173593
female,18-19,11,-1.3165789265078305,-1.2463911543543444,-1.2582730025330244
female,18-19,12,-1.3681768575016418,-1.408153714663077,-1.420035562841757
female,18-19,13,-1.969767648203562,-1.8704275327661146,-1.8823093809447946
female,18-19,14,-1.8600562373410159,-1.9171115983462574,-1.9289934465249374
female,18-19,15,-2.4422727922802134,-2.3196687337178927,-2.3315505818965727
female,18-19,16,-2.115539907657686,-2.0184568126152986,-2.0303386607939786
female,18-19,17,-1.270398671579625,-1.3925998696973163,-1.4044817178759963
female,18-19,18,-1.963574055811413,-1.919471665821957,-1.931353514000637
female,18-19,19,-3.0977047000284186,-2.78261565889828,-2.79449750707696
female,18-19,20,-2.2603185797517313,-2.392050997438,-2.40393284561668
female,18-19,21,-3.076964153232726,-2.8972190560353033,-2.9091009042139833
female,18-19,22,-2.5680308455568226,-2.6234444476327683,-2.6353262958114483
female,18-19,23,-2.6546237921699705,-2.6555799900129733,-2.6674618381916533
female,18-19,24,-2.767179226841471,-2.756611107750181,-2.768492955928861
female,18-19,25,-2.7909478176371203,-2.8777143967936634,-2.8895962449723434
female,18-19,26,-4.527356436199754,-3.303845885743207,-3.315727733921887
female,18-19,27,-1.5318631427099847,-1.7069371219359304,-1.7188189701146104
female,18-19,28,-2.2361827285306015,-2.172521159685112,-2.184403007863792
female,18-19,29,-2.7914523453900153,-2.748365797321012,-2.760247645499692
female,18-19,30,-3.1878031638061746,-2.959182706813563,-2.971064554992243
female,18-19,31,-2.1555561040087987,-2.2642484373073324,-2.2761302854860124
female,18-19,32,-2.614841192596864,-2.5401655960793854,-2.5520474442580654
female,18-19,33,-2.49524624604253,-2.5286160996092866,-2.5404979477879666
female,18-19,34,-2.7108707626248525,-2.794683967160438,-2.806565815339118
female,18-19,35,-9.210340371976182,-4.728144204930284,-4.740026053108964
female,18-19,36,-4.155469556983646,-3.991944135714436,-4.003825983893115
female,18-19,37,-2.860218476699985,-3.0237090060273095,-3.0355908542059895
female,18-19,38,-4.009152899569106,-3.5255581205062563,-3.5374399686849363
female,18-19,39,-2.479924934376991,-2.577388454759107,-2.589270302937787
female,18-19,40,-2.5908954854936916,-2.5953800939663267,-2.6072619421450067
female,18-19,41,-2.7521997470858524,-2.8418108952492775,-2.8536927434279575
female,18-19,42,-9.210340371976182,-4.95167266506725,-4.9635545132459296
female,18-19,43,-9.210340371976182,-4.6159587390504475,-4.6278405872291275
female,18-19,44,-2.3498097782514256,-2.5462171513636083,-2.5580989995422883
female,18-19,45,-3.4409125798851,-3.329399674056867,-3.341281522235547
female,18-19,46,-9.210340371976182,-4.9356153652408015,-4.9474972134194815
female,18-19,47,-3.336428471900299,-3.575359071855146,-3.587240920033826
female,18-19,48,-9.210340371976182,-4.583927954472734,-4.595809802651414
female,18-19,49,-2.789288472756821,-3.02958244244386,-3.04146429062254
female,18-19,50,-9.210340371976182,-4.97155931423304,-4.98344116241172
female,18-19,51,-9.210340371976182,-9.210340371976182,-9.222222220154862
female,18-19,52,-9.210340371976182,-9.210340371976182,-9.222222220154862
female,20-21,-52,-9.210340371976182,-9.210340371976182,-9.216025717896272
female,20-21,-51,-9.210340371976182,-9.210340371976182,-9.216025717896272
female,20-21,-50,-9.210340371976182,-9.210340371976182,-9.216025717896272
female,20-21,-49,-9.210340371976182,-9.210340371976182,-9.216025717896272
female,20-21,-48,-9.210340371976182,-9.210340371976182,-9.216025717896272
female,20-21,-47,-9.210340371976182,-9.210340371976182,-9.216025717896272
female,20-21,-46,-9.210340371976182,-9.210340371976182,-9.216025717896272
female,20-21,-45,-9.210340371976182,-9.210340371976182,-9.216025717896272
female,20-21,-44,-9.210340371976182,-9.210340371976182,-9.216025717896272
female,20-21,-43,-9.210340371976182,-9.210340371976182,-9.216025717896272
female,20-21,-42,-9.210340371976182,-9.210340371976182,-9.216025717896272
female,20-21,-41,-9.210340371976182,-9.210340371976182,-9.216025717896272
female,20-21,-40,-9.210340371976182,-9.210340371976182,-9.216025717896272
female,20-21,-39,-9.210340371976182,-9.210340371976182,-9.216025717896272
female,20-21,-38,-9.210340371976182,-9.210340371976182,-9.216025717896272
female,20-21,-37,-9.210340371976182,-9.210340371976182,-9.216025717896272
female,20-21,-36,-9.210340371976182,-9.210340371976182,-9.216025717896272
female,20-21,-35,-9.210340371976182,-9.210340371976182,-9.216025717896272
female,20-21,-34,-9.210340371976182,-9.210340371976182,-9.216025717896272
female,20-21,-33,-9.210340371976182,-9.210340371976182,-9.216025717896272
female,20-21,-32,-9.210340371976182,-9.210340371976182,-9.216025717896272
female,20-21,-31,-9.210340371976182,-9.210340371976182,-9.216025717896272
female,20-21,-30,-9.210340371976182,-9.210340371976182,-9.216025717896272
female,20-21,-29,-9.210340371976182,-9.210340371976182,-9.216025717896272
female,20-21,-28,-9.210340371976182,-9.210340371976182,-9.216025717896272
female,20-21,-27,-9.210340371976182,-9.210340371976182,-9.216025717896272
female,20-21,-26,-9.210340371976182,-9.210340371976182,-9.216025717896272
female,20-21,-25,-9.210340371976182,-9.210340371976182,-9.216025717896272
female,20-21,-24,-9.210340371976182,-9.210340371976182,-9.216025717896272
female,20-21,-23,-9.210340371976182,-9.210340371976182,-9.216025717896272
female,20-21,-22,-9.210340371976182,-2.887664632645419,-2.89334997856551
female,20-21,-21,-9.210340371976182,-2.887664632645345,-2.893349978565436
female,20-21,-20,-9.210340371976182,-2.8876646326453455,-2.8933499785654364
female,20-21,-19,-9.210340371976182,-2.887664632645345,-2.893349978565436
female,20-21,-18,-9.210340371976182,-2.887664632645345,-2.893349978565436
female,20-21,-17,-9.210340371976182,-2.887664632645345,-2.893349978565436
female,20-21,-16,-9.210340371976182,-2.887664632645345,-2.893349978565436
female,20-21,-15,-9.210340371976182,-2.887664632645345,-2.893349978565436
female,20-21,-14,-9.210340371976182,-2.887664632645345,-2.893349978565436
female,20-21,-13,-9.210340371976182,-2.887664632645345,-2.893349978565436
female,20-21,-12,-9.210340371976182,-2.887664632645345,-2.893349978565436
female,20-21,-11,-9.210340371976182,-2.887664632645334,-2.893349978565425
female,20-21,-10,-9.210340371976182,-2.8876646326447464,-2.8933499785648373
female,20-21,-9,-9.210340371976182,-2.887664632612649,-2.89334997853274
female,20-21,-8,-9.210340371976182,-2.887664630860189,-2.89334997678028
female,20-21,-7,-9.210340371976182,-2.8876645351791215,-2.8933498810992124
female,20-21,-6,-9.210340371976182,-2.887659311189983,-2.893344657110074
female,20-21,-5,-9.210340371976182,-2.8873741510694027,-2.8930594969894936
female,20-21,-4,-9.210340371976182,-2.8719814962326566,-2.8776668421527476
female,20-21,-3,-2.8876692782879507,-2.341463938072232,-2.347149283992323
female,20-21,-2,-1.260402070475421,-0.86974675206202,-0.8754320979821112
female,20-21,-1,0.5232850025966653,0.6078204911833742,0.602135145263283
female,20-21,0,1.5247385335664188,1.4730847715072228,1.4673994255871317
female,20-21,1,1.6987040102145003,1.6603987949335817,1.6547134490134905
female,20-21,2,1.4832026554366067,1.4805896046670528,1.4749042587469616
female,20-21,3,1.122578363418519,1.1377303872331852,1.132045041313094
female,20-21,4,0.7157707182502386,0.7465052800547989,0.7408199341347077
female,20-21,5,0.43220691823070717,0.44374562996090816,0.43806028404081704
female,20-21,6,0.14188860765753686,0.14477094498904178,0.13908559906895065
female,20-21,7,-0.28535052553213053,-0.24094805080484455,-0.24663339672493567
female,20-21,8,-0.44331233020237504,-0.4611832427834289,-0.46686858870352005
female,20-21,9,-0.8830277855583429,-0.8077890809913947,-0.8134744269114859
female,20-21,10,-0.7174954710145164,-0.7724338564317031,-0.7781192023517943
female,20-21,11,-1.1687012403011972,-1.1272544893476857,-1.1329398352677769
female,20-21,12,-1.4260896091162087,-1.4151739244432844,-1.4208592703633756
female,20-21,13,-1.6856270951122274,-1.6446511171917444,-1.6503364631118356
female,20-21,14,-1.6123877471039778,-1.615173127907734,-1.620858473827825
female,20-21,15,-1.5637536655526258,-1.5864621583974479,-1.592147504317539
female,20-21,16,-1.7527608380675042,-1.7275527413765348,-1.733238087296626
female,20-21,17,-1.7357540971936356,-1.7709524494493336,-1.7766377953694248
female,20-21,18,-2.120353627586394,-2.0388179604436605,-2.0445033063637514
female,20-21,19,-1.8509996481767836,-1.9318627299938624,-1.9375480759139536
female,20-21,20,-2.579904304094283,-2.5017486224926997,-2.5074339684127906
female,20-21,21,-3.072528841329601,-2.91490257432942,-2.920587920249511
female,20-21,22,-2.401578327575307,-2.4805269822672935,-2.4862123281873845
female,20-21,23,-2.642892563347864,-2.638220639964112,-2.643905985884203
female,20-21,24,-2.920797558040428,-2.8771824601766394,-2.8828678060967303
female,20-21,25,-2.8310067659847626,-2.833812817778541,-2.839498163698632
female,20-21,26,-2.7651379439911703,-2.816379939870066,-2.822065285790157
female,20-21,27,-3.2731227831240255,-3.2586982112413274,-3.2643835571614184
female,20-21,28,-4.007454998635268,-3.612778154973076,-3.618463500893167
female,20-21,29,-2.551515351116188,-2.647768430626527,-2.653453776546618
female,20-21,30,-2.691290423978678,-2.699241580764826,-2.7049269266849167
female,20-21,31,-2.9455465067692126,-2.9906823167705467,-2.9963676626906377
female,20-21,32,-4.13858425194005,-4.010380663036543,-4.016066008956634
female,20-21,33,-9.210340371976182,-5.466330092166219,-5.47201543808631
female,20-21,34,-3.7559825821620123,-3.994875733119901,-4.000561079039993
female,20-21,35,-9.210340371976182,-5.456403278972545,-5.462088624892637
female,20-21,36,-4.094948010609501,-4.213836213810926,-4.219521559731017
female,20-21,37,-4.154025531294904,-4.246565415947693,-4.252250761867784
female,20-21,38,-6.252076432310556,-5.661560221113796,-5.667245567033888
female,20-21,39,-5.879440522068574,-5.952842984529821,-5.958528330449912
female,20-21,40,-6.3611163313857295,-6.016737380850595,-6.022422726770686
female,20-21,41,-4.894642604972653,-5.0035457252633595,-5.009231071183451
female,20-21,42,-5.0897122993121275,-5.003276184559169,-5.008961530479261
female,20-21,43,-4.58695841414274,-4.743663267691499,-4.74934861361159
female,20-21,44,-9.210340371976182,-6.54508093107579,-6.550766276995882
female,20-21,45,-5.845041702110166,-5.728081901559815,-5.733767247479906
female,20-21,46,-4.627508439154561,-4.803199675029302,-4.808885020949393
female,20-21,47,-6.262141086579035,-5.950110937168852,-5.955796283088944
female,20-21,48,-9.210340371976182,-8.059937477974934,-8.065622823895024
female,20-21,49,-6.9413777188781856,-7.115786793875279,-7.121472139795371
female,20-21,50,-9.210340371976182,-8.262492731542343,-8.268178077462434
female,20-21,51,-9.210340371976182,-9.210340371976182,-9.216025717896272
female,20-21,52,-9.210340371976182,-9.210340371976182,-9.216025717896272
female,22-23,-52,-9.210340371976182,-9.210340371976182,-9.210561367683693
female,22-23,-51,-9.210340371976182,-9.210340371976182,-9.210561367683693
female,22-23,-50,-9.210340371976182,-9.210340371976182,-9.210561367683693
female,22-23,-49,-9.210340371976182,-9.210340371976182,-9.210561367683693
female,22-23,-48,-9.210340371976182,-9.210340371976182,-9.210561367683693
female,22-23,-47,-9.210340371976182,-9.210340371976182,-9.210561367683693
female,22-23,-46,-9.210340371976182,-9.210340371976182,-9.210561367683693
female,22-23,-45,-9.210340371976182,-9.210340371976182,-9.210561367683693
female,22-23,-44,-9.210340371976182,-9.210340371976182,-9.210561367683693
female,22-23,-43,-9.210340371976182,-9.210340371976182,-9.210561367683693
female,22-23,-42,-9.210340371976182,-9.210340371976182,-9.210561367683693
female,22-23,-41,-9.210340371976182,-9.210340371976182,-9.210561367683693
female,22-23,-40,-9.210340371976182,-9.210340371976182,-9.210561367683693
female,22-23,-39,-9.210340371976182,-9.210340371976182,-9.210561367683693
female,22-23,-38,-9.210340371976182,-9.210340371976182,-9.210561367683693
female,22-23,-37,-9.210340371976182,-9.210340371976182,-9.210561367683693
female,22-23,-36,-9.210340371976182,-9.210340371976182,-9.210561367683693
female,22-23,-35,-9.210340371976182,-9.210340371976182,-9.210561367683693
female,22-23,-34,-9.210340371976182,-9.210340371976182,-9.210561367683693
female,22-23,-33,-9.210340371976182,-9.210340371976182,-9.210561367683693
female,22-23,-32,-9.210340371976182,-9.210340371976182,-9.210561367683693
female,22-23,-31,-9.210340371976182,-9.210340371976182,-9.210561367683693
female,22-23,-30,-9.210340371976182,-9.210340371976182,-9.210561367683693
female,22-23,-29,-9.210340371976182,-9.210340371976182,-9.210561367683693
female,22-23,-28,-9.210340371976182,-9.210340371976182,-9.210561367683693
female,22-23,-27,-9.210340371976182,-9.210340371976182,-9.210561367683693
female,22-23,-26,-9.210340371976182,-9.210340371976182,-9.210561367683693
female,22-23,-25,-9.210340371976182,-9.210340371976182,-9.210561367683693
female,22-23,-24,-9.210340371976182,-9.210340371976182,-9.210561367683693
female,22-23,-23,-9.210340371976182,-9.210340371976182,-9.210561367683693
female,22-23,-22,-9.210340371976182,-9.210340371976182,-9.210561367683693
female,22-23,-21,-9.210340371976182,-9.210340371976182,-9.210561367683693
female,22-23,-20,-9.210340371976182,-9.210340371976182,-9.210561367683693
female,22-23,-19,-9.210340371976182,-9.210340371976182,-9.210561367683693
female,22-23,-18,-9.210340371976182,-9.210340371976182,-9.210561367683693
female,22-23,-17,-9.210340371976182,-9.210340371976182,-9.210561367683693
female,22-23,-16,-9.210340371976182,-9.210340371976182,-9.210561367683693
female,22-23,-15,-9.210340371976182,-9.210340371976182,-9.210561367683693
female,22-23,-14,-9.210340371976182,-3.7075510980334667,-3.7077720937409784
female,22-23,-13,-9.210340371976182,-3.7075510980334667,-3.7077720937409784
female,22-23,-12,-9.210340371976182,-3.7075510980334667,-3.7077720937409784
female,22-23,-11,-9.210340371976182,-3.7075510980334667,-3.7077720937409784
female,22-23,-10,-9.210340371976182,-3.7075510980334667,-3.7077720937409784
female,22-23,-9,-9.210340371976182,-3.7075510980334667,-3.7077720937409784
female,22-23,-8,-9.210340371976182,-3.7075510980334667,-3.7077720937409784
female,22-23,-7,-9.210340371976182,-3.7075510980334667,-3.7077720937409784
female,22-23,-6,-9.210340371976182,-3.7075510980542625,-3.707772093761774
female,22-23,-5,-3.7075510789884376,-3.7077358033154364,-3.707956799022948
female,22-23,-4,-4.086302950567206,-4.084076123648614,-4.084297119356125
female,22-23,-3,-2.0734206931936305,-2.072542139474757,-2.0727631351822686
female,22-23,-2,-0.565006054029534,-0.5644576506301282,-0.5646786463376398
female,22-23,-1,0.6841518568450802,0.684487466390729,0.6842664706832174
female,22-23,0,1.7117604955128383,1.711540715956535,1.7113197202490233
female,22-23,1,1.7207469424241884,1.7206555460373334,1.7204345503298217
female,22-23,2,1.4026142311656609,1.4026564687479461,1.4024354730404345
female,22-23,3,1.0832096828583848,1.0832444667498522,1.0830234710423405
female,22-23,4,0.7200017963576971,0.7200798083820472,0.7198588126745357
female,22-23,5,0.4447583484447793,0.4447701064413421,0.44454911073383047
female,22-23,6,0.061204668795665385,0.06131030657898098,0.061089310871469384
female,22-23,7,-0.14471953158924478,-0.14473030653775143,-0.14495130224526304
female,22-23,8,-0.47829275324765763,-0.47819122869249325,-0.47841222440000486
female,22-23,9,-0.616606382581637,-0.6166092912711385,-0.61683028697865
female,22-23,10,-0.8160080508173502,-0.815941627212964,-0.8161626229204756
female,22-23,11,-0.8580276257823627,-0.8580944271709241,-0.8583154228784357
female,22-23,12,-1.154386142717394,-1.1543367772964963,-1.154557773004008
female,22-23,13,-1.4118708500479331,-1.4118564679729053,-1.412077463680417
female,22-23,14,-1.7583797181754157,-1.7581567774977698,-1.7583777732052814
female,22-23,15,-1.5528164873702084,-1.5528888224860282,-1.5531098181935399
female,22-23,16,-1.5737383624246368,-1.5738443539394842,-1.5740653496469958
female,22-23,17,-1.9805078453111786,-1.9804394593512322,-1.9806604550587439
female,22-23,18,-2.3462018149320065,-2.3461317178852887,-2.3463527135928004
female,22-23,19,-2.6615165303288038,-2.6612475040638266,-2.6614684997713383
female,22-23,20,-2.310192438333777,-2.3103449545634214,-2.310565950270933
female,22-23,21,-2.4784431117554746,-2.4783478200304394,-2.478568815737951
female,22-23,22,-2.3867149066723328,-2.386891002946948,-2.3871119986544596
female,22-23,23,-3.0045500217549015,-3.0041390052268304,-3.004360000934342
female,22-23,24,-2.7139008899270785,-2.7138600402101,-2.7140810359176117
female,22-23,25,-2.3906975481717607,-2.3909537235884772,-2.391174719295989
female,22-23,26,-3.0612265834185726,-3.0610454492222128,-3.0612664449297244
female,22-23,27,-3.5558745697373797,-3.5555963395015264,-3.555817335209038
female,22-23,28,-3.357002567421387,-3.3571512626971165,-3.357372258404628
female,22-23,29,-3.6672935293501343,-3.667114365619283,-3.6673353613267947
female,22-23,30,-3.516005378247855,-3.5162152916752243,-3.516436287382736
female,22-23,31,-4.191524816637329,-4.190815398971513,-4.191036394679025
female,22-23,32,-3.429168338183772,-3.4296125173214445,-3.429833513028956
female,22-23,33,-5.007236995525936,-5.00502375298958,-5.005244748697091
female,22-23,34,-3.685964031578083,-3.686371021580531,-3.6865920172880426
female,22-23,35,-4.3281059771265715,-4.327665613961507,-4.327886609669019
female,22-23,36,-3.972776803848709,-3.9731233086886606,-3.9733443043961723
female,22-23,37,-5.223551152413208,-5.222272049926665,-5.2224930456341765
female,22-23,38,-4.338845862980627,-4.339007709376267,-4.339228705083778
female,22-23,39,-4.228329973332103,-4.228496539479548,-4.22871753518706
female,22-23,40,-4.734355533306253,-4.734245084804436,-4.734466080511948
female,22-23,41,-5.1749824828805995,-5.17504762224482,-5.175268617952332
female,22-23,42,-6.808220744412666,-6.805690061588071,-6.8059110572955825
female,22-23,43,-5.320392234495659,-5.320009549794345,-5.320230545501857
female,22-23,44,-4.195693497718461,-4.196187599337513,-4.196408595045025
female,22-23,45,-5.814480779017149,-5.812027812455776,-5.812248808163288
female,22-23,46,-4.379366724307118,-4.379825928478099,-4.380046924185611
female,22-23,47,-5.266299353149298,-5.265376643218755,-5.265597638926267
female,22-23,48,-3.860070867910748,-3.8606814160012806,-3.8609024117087922
female,22-23,49,-9.210340371976182,-3.860070867331267,-3.860291863038779
female,22-23,50,-9.210340371976182,-3.8600708672625244,-3.860291862970036
female,22-23,51,-9.210340371976182,-3.8600708672625244,-3.860291862970036
female,22-23,52,-9.210340371976182,-3.8600708672625244,-3.860291862970036
female,24-25,-52,-9.210340371976182,-9.210340371976182,-9.21040330922986
female,24-25,-51,-9.210340371976182,-9.210340371976182,-9.21040330922986
female,24-25,-50,-9.210340371976182,-9.210340371976182,-9.21040330922986
female,24-25,-49,-9.210340371976182,-9.210340371976182,-9.21040330922986
female,24-25,-48,-9.210340371976182,-9.210340371976182,-9.21040330922986
female,24-25,-47,-9.210340371976182,-9.210340371976182,-9.21040330922986
female,24-25,-46,-9.210340371976182,-9.210340371976182,-9.21040330922986
female,24-25,-45,-9.210340371976182,-9.210340371976182,-9.21040330922986
female,24-25,-44,-9.210340371976182,-9.210340371976182,-9.21040330922986
female,24-25,-43,-9.210340371976182,-9.210340371976182,-9.21040330922986
female,24-25,-42,-9.210340371976182,-9.210340371976182,-9.21040330922986
female,24-25,-41,-9.210340371976182,-9.210340371976182,-9.21040330922986
female,24-25,-40,-9.210340371976182,-9.210340371976182,-9.21040330922986
female,24-25,-39,-9.210340371976182,-9.210340371976182,-9.21040330922986
female,24-25,-38,-9.210340371976182,-9.210340371976182,-9.21040330922986
female,24-25,-37,-9.210340371976182,-9.210340371976182,-9.21040330922986
female,24-25,-36,-9.210340371976182,-9.210340371976182,-9.21040330922986
female,24-25,-35,-9.210340371976182,-9.210340371976182,-9.21040330922986
female,24-25,-34,-9.210340371976182,-9.210340371976182,-9.21040330922986
female,24-25,-33,-9.210340371976182,-9.210340371976182,-9.21040330922986
female,24-25,-32,-9.210340371976182,-9.210340371976182,-9.21040330922986
female,24-25,-31,-9.210340371976182,-9.210340371976182,-9.21040330922986
female,24-25,-30,-9.210340371976182,-9.210340371976182,-9.21040330922986
female,24-25,-29,-9.210340371976182,-9.210340371976182,-9.21040330922986
female,24-25,-28,-9.210340371976182,-9.210340371976182,-9.21040330922986
female,24-25,-27,-9.210340371976182,-9.210340371976182,-9.21040330922986
female,24-25,-26,-9.210340371976182,-9.210340371976182,-9.21040330922986
female,24-25,-25,-9.210340371976182,-9.210340371976182,-9.21040330922986
female,24-25,-24,-9.210340371976182,-9.210340371976182,-9.21040330922986
female,24-25,-23,-9.210340371976182,-9.210340371976182,-9.21040330922986
female,24-25,-22,-9.210340371976182,-9.210340371976182,-9.21040330922986
female,24-25,-21,-9.210340371976182,-9.210340371976182,-9.21040330922986
female,24-25,-20,-9.210340371976182,-9.210340371976182,-9.21040330922986
female,24-25,-19,-9.210340371976182,-9.210340371976182,-9.21040330922986
female,24-25,-18,-9.210340371976182,-9.210340371976182,-9.21040330922986
female,24-25,-17,-9.210340371976182,-9.210340371976182,-9.21040330922986
female,24-25,-16,-9.210340371976182,-5.41975326105813,-5.41981619831181
female,24-25,-15,-9.210340371976182,-5.41975326105813,-5.41981619831181
female,24-25,-14,-9.210340371976182,-5.41975326105813,-5.41981619831181
female,24-25,-13,-9.210340371976182,-5.41975326105813,-5.41981619831181
female,24-25,-12,-9.210340371976182,-5.41975326105813,-5.41981619831181
female,24-25,-11,-9.210340371976182,-5.41975326105813,-5.41981619831181
female,24-25,-10,-9.210340371976182,-5.41975326105813,-5.41981619831181
female,24-25,-9,-9.210340371976182,-5.41975326105813,-5.41981619831181
female,24-25,-8,-9.210340371976182,-5.4197532609454475,-5.419816198199127
female,24-25,-7,-5.419753239311325,-5.418753072149988,-5.418816009403668
female,24-25,-6,-4.4570876994871504,-4.456426940045742,-4.456489877299422
female,24-25,-5,-3.260214095677347,-3.259824794353984,-3.2598877316076638
female,24-25,-4,-2.2106524358380613,-2.2104113542445614,-2.210474291498241
female,24-25,-3,-1.343985547498725,-1.3435675971594487,-1.3436305344131283
female,24-25,-2,-0.30048175169178915,-0.299942387983935,-0.30000532523761464
female,24-25,-1,0.8915209655795303,0.8917090966054171,0.8916461593517374
female,24-25,0,1.724462794729897,1.724257913584567,1.7241949763308875
female,24-25,1,1.6911554122191028,1.6910980967088145,1.691035159455135
female,24-25,2,1.4479467881817973,1.4479651854137063,1.4479022481600268
female,24-25,3,1.1651083695554125,1.165126774610847,1.1650638373571673
female,24-25,4,0.7962957929972257,0.7963734811663034,0.7963105439126237
female,24-25,5,0.5098614788730012,0.5099022878764632,0.5098393506227835
female,24-25,6,0.24527697566103415,0.24531475258336408,0.24525181532968443
female,24-25,7,-0.012567876486222328,-0.01251256615129967,-0.012575503404979312
female,24-25,8,-0.19331327659172037,-0.19329046188912663,-0.19335339914280628
female,24-25,9,-0.36371757469268606,-0.36370333942122224,-0.36376627667490186
female,24-25,10,-0.5464866752051319,-0.5465343657305135,-0.5465973029841932
female,24-25,11,-1.0188523562881102,-1.0186753447362311,-1.0187382819899107
female,24-25,12,-1.1537520357872928,-1.153734294721441,-1.1537972319751206
female,24-25,13,-1.2700761130126146,-1.2700786604011414,-1.270141597654821
female,24-25,14,-1.425132637885381,-1.4251246274184393,-1.4251875646721188
female,24-25,15,-1.5878179877270453,-1.5878710570873613,-1.5879339943410409
female,24-25,16,-2.018229295533697,-2.018004482025324,-2.018067419279004
female,24-25,17,-1.909164330994219,-1.9091924784469323,-1.9092554157006119
female,24-25,18,-1.8821866540781023,-1.8822007650883115,-1.882263702341991
female,24-25,19,-1.8975416593214751,-1.8975382523889661,-1.8976011896426457
female,24-25,20,-1.90364304509801,-1.9038248411603267,-1.9038877784140062
female,24-25,21,-2.769309976656105,-2.7688932026647066,-2.7689561399183864
female,24-25,22,-3.0186144124391627,-3.0184568048777667,-3.0185197421314465
female,24-25,23,-2.860752590109843,-2.8608968997692594,-2.860959837022939
female,24-25,24,-3.1944632740361323,-3.1942215080133654,-3.194284445267045
female,24-25,25,-2.921087278583421,-2.9212709728543387,-2.9213339101080185
female,24-25,26,-3.3016177038988195,-3.3014448496695965,-3.3015077869232763
female,24-25,27,-3.246350645624975,-3.246538830992605,-3.246601768246285
female,24-25,28,-3.9371842000588,-3.9365510257815712,-3.936613963035251
female,24-25,29,-3.287915670629639,-3.288189373120723,-3.2882523103744026
female,24-25,30,-3.6988453492181455,-3.6986345689277624,-3.698697506181442
female,24-25,31,-3.5855115074644375,-3.585759998041318,-3.5858229352949977
female,24-25,32,-4.587103188106219,-4.586248648255071,-4.586311585508751
female,24-25,33,-3.990544186919248,-3.9909239607225526,-3.9909868979762324
female,24-25,34,-5.146700850494022,-5.145701579126869,-5.145764516380549
female,24-25,35,-4.560346830747156,-4.560141898810161,-4.560204836063841
female,24-25,36,-3.842048620737269,-3.84245370953636,-3.8425166467900396
female,24-25,37,-5.119160672611679,-5.1183352172796885,-5.118398154533368
female,24-25,38,-5.395679637047174,-5.395253227695871,-5.395316164949551
female,24-25,39,-4.714619554193562,-4.714692449205986,-4.714755386459665
female,24-25,40,-4.4475837704886025,-4.447936836960698,-4.447999774214378
female,24-25,41,-6.36678693968156,-6.363828119913361,-6.363891057167041
female,24-25,42,-5.0210476419449215,-5.021439483069998,-5.021502420323678
female,24-25,43,-5.547025044643428,-5.546635898907123,-5.546698836160803
female,24-25,44,-5.173420147216485,-5.173085607984912,-5.1731485452385915
female,24-25,45,-4.312478713479083,-4.312782035516313,-4.312844972769993
female,24-25,46,-5.491788185989466,-5.49010110939848,-5.4901640466521595
female,24-25,47,-9.210340371976182,-5.491788187020361,-5.49185112427404
female,24-25,48,-9.210340371976182,-5.49178818721052,-5.491851124464199
female,24-25,49,-9.210340371976182,-5.491788187210519,-5.4918511244641985
female,24-25,50,-9.210340371976182,-5.49178818721052,-5.491851124464199
female,24-25,51,-9.210340371976182,-5.49178818721052,-5.491851124464199
female,24-25,52,-9.210340371976182,-5.491788187210519,-5.4918511244641985
female,26-27,-52,-9.210340371976182,-9.210340371976182,-9.210477015866779
female,26-27,-51,-9.210340371976182,-9.210340371976182,-9.210477015866779
female,26-27,-50,-9.210340371976182,-9.210340371976182,-9.210477015866779
female,26-27,-49,-9.210340371976182,-9.210340371976182,-9.210477015866779
female,26-27,-48,-9.210340371976182,-9.210340371976182,-9.210477015866779
female,26-27,-47,-9.210340371976182,-9.210340371976182,-9.210477015866779
female,26-27,-46,-9.210340371976182,-9.210340371976182,-9.210477015866779
female,26-27,-45,-9.210340371976182,-9.210340371976182,-9.210477015866779
female,26-27,-44,-9.210340371976182,-9.210340371976182,-9.210477015866779
female,26-27,-43,-9.210340371976182,-9.210340371976182,-9.210477015866779
female,26-27,-42,-9.210340371976182,-9.210340371976182,-9.210477015866779
female,26-27,-41,-9.210340371976182,-9.210340371976182,-9.210477015866779
female,26-27,-40,-9.210340371976182,-9.210340371976182,-9.210477015866779
female,26-27,-39,-9.210340371976182,-9.210340371976182,-9.210477015866779
female,26-27,-38,-9.210340371976182,-9.210340371976182,-9.210477015866779
female,26-27,-37,-9.210340371976182,-9.210340371976182,-9.210477015866779
female,26-27,-36,-9.210340371976182,-9.210340371976182,-9.210477015866779
female,26-27,-35,-9.210340371976182,-9.210340371976182,-9.210477015866779
female,26-27,-34,-9.210340371976182,-9.210340371976182,-9.210477015866779
female,26-27,-33,-9.210340371976182,-9.210340371976182,-9.210477015866779
female,26-27,-32,-9.210340371976182,-9.210340371976182,-9.210477015866779
female,26-27,-31,-9.210340371976182,-9.210340371976182,-9.210477015866779
female,26-27,-30,-9.210340371976182,-9.210340371976182,-9.210477015866779
female,26-27,-29,-9.210340371976182,-9.210340371976182,-9.210477015866779
female,26-27,-28,-9.210340371976182,-9.210340371976182,-9.210477015866779
female,26-27,-27,-9.210340371976182,-9.210340371976182,-9.210477015866779
female,26-27,-26,-9.210340371976182,-9.210340371976182,-9.210477015866779
female,26-27,-25,-9.210340371976182,-9.210340371976182,-9.210477015866779
female,26-27,-24,-9.210340371976182,-9.210340371976182,-9.210477015866779
female,26-27,-23,-9.210340371976182,-9.210340371976182,-9.210477015866779
female,26-27,-22,-9.210340371976182,-9.210340371976182,-9.210477015866779
female,26-27,-21,-9.210340371976182,-9.210340371976182,-9.210477015866779
female,26-27,-20,-9.210340371976182,-9.210340371976182,-9.210477015866779
female,26-27,-19,-9.210340371976182,-9.210340371976182,-9.210477015866779
female,26-27,-18,-9.210340371976182,-9.210340371976182,-9.210477015866779
female,26-27,-17,-9.210340371976182,-9.210340371976182,-9.210477015866779
female,26-27,-16,-9.210340371976182,-9.210340371976182,-9.210477015866779
female,26-27,-15,-9.210340371976182,-9.210340371976182,-9.210477015866779
female,26-27,-14,-9.210340371976182,-9.210340371976182,-9.210477015866779
female,26-27,-13,-9.210340371976182,-9.210340371976182,-9.210477015866779
female,26-27,-12,-9.210340371976182,-9.210340371976182,-9.210477015866779
female,26-27,-11,-9.210340371976182,-9.210340371976182,-9.210477015866779
female,26-27,-10,-9.210340371976182,-9.210340371976182,-9.210477015866779
female,26-27,-9,-10.855115504095005,-9.210340371976182,-9.210477015866779
female,26-27,-8,-5.831709088098524,-5.829974035454532,-5.83011067934513
female,26-27,-7,-3.934762754259665,-3.934850534260395,-3.9349871781509926
female,26-27,-6,-3.4781601413363052,-3.477803504708067,-3.4779401485986647
female,26-27,-5,-2.5923839942719984,-2.5920787412736916,-2.5922153851642893
female,26-27,-4,-1.6847547001267238,-1.6845895532102235,-1.6847261971008214
female,26-27,-3,-0.9502823382253235,-0.949978564562968,-0.9501152084535658
female,26-27,-2,-0.05261980662563992,-0.05227338469173383,-0.052410028582331625
female,26-27,-1,0.9363101145828103,0.936497934426558,0.9363612905359603
female,26-27,0,1.75219271367876,1.751991570673433,1.7518549267828352
female,26-27,1,1.7333811514802566,1.7333192885213462,1.7331826446307483
female,26-27,2,1.488065839254251,1.488088607478432,1.4879519635878342
female,26-27,3,1.2215308438536692,1.221550595130614,1.2214139512400162
female,26-27,4,0.905863458215028,0.9059392290410873,0.9058025851504895
female,26-27,5,0.7038841393191235,0.7038889392782112,0.7037522953876134
female,26-27,6,0.42163025426493134,0.4217057604540351,0.42156911656343726
female,26-27,7,0.27557300801608425,0.27555520210497114,0.27541855821437333
female,26-27,8,0.006731241560514345,0.006764446899346097,0.006627803008748301
female,26-27,9,-0.2690749869553531,-0.2689780405662228,-0.26911468445682063
female,26-27,10,-0.32520460567693815,-0.3252852142117926,-0.3254218581023904
female,26-27,11,-0.7117919718720168,-0.7116919007465653,-0.711828544637163
female,26-27,12,-0.9462784659379423,-0.946218505002691,-0.9463551488932888
female,26-27,13,-1.0478828139203096,-1.0478683888135405,-1.0480050327041384
female,26-27,14,-1.1170140571962661,-1.1170323484945859,-1.1171689923851837
female,26-27,15,-1.2663102755037314,-1.2663687947482642,-1.2665054386388621
female,26-27,16,-1.7087777539225228,-1.7085386946252652,-1.708675338515863
female,26-27,17,-1.573086187542944,-1.5732197409366122,-1.57335638482721
female,26-27,18,-1.8931688219327054,-1.8930657256218582,-1.893202369512456
female,26-27,19,-1.9818122468793025,-1.9817397894955298,-1.9818764333861276
female,26-27,20,-1.8647019001486103,-1.8649311671575217,-1.8650678110481196
female,26-27,21,-2.6888532363185007,-2.688384095993248,-2.6885207398838458
female,26-27,22,-2.564042227798593,-2.56407909580405,-2.5642157396946477
female,26-27,23,-2.557993271749911,-2.5581047014391367,-2.5582413453297344
female,26-27,24,-2.9485201551632154,-2.9483374913413067,-2.9484741352319044
female,26-27,25,-2.8781102961123355,-2.878203761117926,-2.8783404050085237
female,26-27,26,-3.1098298697731095,-3.1098019299439503,-3.109938573834548
female,26-27,27,-3.3014935076125678,-3.301326492262554,-3.3014631361531515
female,26-27,28,-3.0490775586275944,-3.0492962396654613,-3.049432883556059
female,26-27,29,-3.6119746098314565,-3.611654891987433,-3.6117915358780306
female,26-27,30,-3.434430456275195,-3.4344801463642787,-3.4346167902548763
female,26-27,31,-3.420374317246425,-3.420506864973574,-3.420643508864172
female,26-27,32,-3.8963057741141687,-3.8961080858617336,-3.8962447297523313
female,26-27,33,-3.9110406074738666,-3.9111066010562396,-3.9112432449468373
female,26-27,34,-4.15028296535528,-4.150315254527652,-4.15045189841825
female,26-27,35,-4.636851234746889,-4.63647786653249,-4.6366145104230885
female,26-27,36,-4.251446978388459,-4.251714266410618,-4.251850910301216
female,26-27,37,-4.912487471251052,-4.91187623850542,-4.912012882396018
female,26-27,38,-4.271570530356718,-4.271974832531033,-4.272111476421631
female,26-27,39,-5.6586412265671315,-5.656924511636443,-5.657061155527041
female,26-27,40,-4.541041123036464,-4.541256876429052,-4.54139352031965
female,26-27,41,-4.475482330695621,-4.475649996558141,-4.475786640448739
female,26-27,42,-5.080311996004098,-5.080101354186711,-5.080237998077309
female,26-27,43,-5.365922371044999,-5.365766946314081,-5.365903590204679
female,26-27,44,-5.1307299158262065,-5.1308805971221885,-5.131017241012787
female,26-27,45,-9.210340371976182,-5.130729917679091,-5.130866561569689
female,26-27,46,-9.210340371976182,-5.130729917662123,-5.130866561552721
female,26-27,47,-9.210340371976182,-5.130729917662123,-5.130866561552721
female,26-27,48,-9.210340371976182,-5.130729917662123,-5.130866561552721
female,26-27,49,-9.210340371976182,-5.130729917662123,-5.130866561552721
female,26-27,50,-9.210340371976182,-5.130729917662123,-5.130866561552721
female,26-27,51,-9.210340371976182,-5.130729917662123,-5.130866561552721
female,26-27,52,-9.210340371976182,-5.130729917662123,-5.130866561552721
female,28-29,-52,-9.210340371976182,-9.210340371976182,-9.21061054146472
female,28-29,-51,-9.210340371976182,-9.210340371976182,-9.21061054146472
female,28-29,-50,-9.210340371976182,-9.210340371976182,-9.21061054146472
female,28-29,-49,-9.210340371976182,-9.210340371976182,-9.21061054146472
female,28-29,-48,-9.210340371976182,-9.210340371976182,-9.21061054146472
female,28-29,-47,-9.210340371976182,-9.210340371976182,-9.21061054146472
female,28-29,-46,-9.210340371976182,-9.210340371976182,-9.21061054146472
female,28-29,-45,-9.210340371976182,-9.210340371976182,-9.21061054146472
female,28-29,-44,-9.210340371976182,-9.210340371976182,-9.21061054146472
female,28-29,-43,-9.210340371976182,-9.210340371976182,-9.21061054146472
female,28-29,-42,-9.210340371976182,-9.210340371976182,-9.21061054146472
female,28-29,-41,-9.210340371976182,-9.210340371976182,-9.21061054146472
female,28-29,-40,-9.210340371976182,-9.210340371976182,-9.21061054146472
female,28-29,-39,-9.210340371976182,-9.210340371976182,-9.21061054146472
female,28-29,-38,-9.210340371976182,-9.210340371976182,-9.21061054146472
female,28-29,-37,-9.210340371976182,-9.210340371976182,-9.21061054146472
female,28-29,-36,-9.210340371976182,-9.210340371976182,-9.21061054146472
female,28-29,-35,-9.210340371976182,-9.210340371976182,-9.21061054146472
female,28-29,-34,-9.210340371976182,-9.210340371976182,-9.21061054146472
female,28-29,-33,-9.210340371976182,-9.210340371976182,-9.21061054146472
female,28-29,-32,-9.210340371976182,-9.210340371976182,-9.21061054146472
female,28-29,-31,-9.210340371976182,-9.210340371976182,-9.21061054146472
female,28-29,-30,-9.210340371976182,-6.223824246299122,-6.224094415787659
female,28-29,-29,-9.210340371976182,-6.223824246299123,-6.22409441578766
female,28-29,-28,-9.210340371976182,-6.223824246299123,-6.22409441578766
female,28-29,-27,-9.210340371976182,-6.223824246299123,-6.22409441578766
female,28-29,-26,-9.210340371976182,-6.223824246299123,-6.22409441578766
female,28-29,-25,-9.210340371976182,-6.223824246299123,-6.22409441578766
female,28-29,-24,-9.210340371976182,-6.223824246299123,-6.22409441578766
female,28-29,-23,-9.210340371976182,-6.223824246299123,-6.22409441578766
female,28-29,-22,-9.210340371976182,-6.223824246299123,-6.22409441578766
female,28-29,-21,-9.210340371976182,-6.223824246299123,-6.22409441578766
female,28-29,-20,-9.210340371976182,-6.223824246299123,-6.22409441578766
female,28-29,-19,-9.210340371976182,-6.2238242462991265,-6.224094415787664
female,28-29,-18,-9.210340371976182,-6.223824246299304,-6.2240944157878415
female,28-29,-17,-9.210340371976182,-6.2238242463089986,-6.224094415797536
female,28-29,-16,-9.210340371976182,-6.223824246838295,-6.224094416326833
female,28-29,-15,-9.210340371976182,-6.2238242757369076,-6.224094445225445
female,28-29,-14,-9.210340371976182,-6.22382585354635,-6.224096023034887
female,28-29,-13,-9.210340371976182,-6.223911995003581,-6.2241821644921185
female,28-29,-12,-9.210340371976182,-6.228603212241937,-6.228873381730474
female,28-29,-11,-6.223827563472458,-6.453879169616305,-6.454149339104842
female,28-29,-10,-9.210340371976182,-6.820773098277981,-6.821043267766519
female,28-29,-9,-4.757295425462931,-4.830304321948172,-4.8305744914367095
female,28-29,-8,-4.479631917435408,-4.323645824640594,-4.323915994129131
female,28-29,-7,-3.4506414649420716,-3.39795244778402,-3.3982226172725576
female,28-29,-6,-2.7021530218973475,-2.6701463122371294,-2.670416481725667
female,28-29,-5,-2.1085227405783504,-2.038174179197852,-2.0384443486863892
female,28-29,-4,-1.3487777355847193,-1.3042299551657917,-1.304500124654329
female,28-29,-3,-0.6627741168010022,-0.5769022337175456,-0.5771724032060829
female,28-29,-2,0.2120926384658728,0.2850497744721705,0.28477960498363314
female,28-29,-1,1.0795321250586056,1.1186645274784826,1.1183943579899451
female,28-29,0,1.7961790265954054,1.7308002076394584,1.730530038150921
female,28-29,1,1.7431731934999157,1.7300463776907444,1.729776208202207
female,28-29,2,1.536216206192047,1.546994985335065,1.5467248158465277
female,28-29,3,1.3676984653456246,1.3637637412169514,1.363493571728414
female,28-29,4,1.0733208117612445,1.0915823655843704,1.091312196095833
female,28-29,5,0.8338597720094968,0.8407752506967894,0.8405050812082521
female,28-29,6,0.5560121295280317,0.5738836226150303,0.573613453126493
female,28-29,7,0.3554452744063825,0.36509444567333144,0.36482427618479407
female,28-29,8,0.17991032235678334,0.18723529758198257,0.1869651280934452
female,28-29,9,0.01905351286350812,0.022024084365996136,0.021753914877458782
female,28-29,10,-0.15990829417595934,-0.15955679884908427,-0.15982696833762164
female,28-29,11,-0.38512984488601454,-0.38771982105864516,-0.38798999054718253
female,28-29,12,-0.7285649961641122,-0.6970998501460323,-0.6973700196345696
female,28-29,13,-0.8792329014154651,-0.8895023411250015,-0.8897725106135388
female,28-29,14,-1.207567411903039,-1.1758349422245626,-1.1761051117131
female,28-29,15,-1.3161229045510368,-1.3123477463392503,-1.3126179158277878
female,28-29,16,-1.4071137730415055,-1.4231361923992052,-1.4234063618877426
female,28-29,17,-1.7089774977852579,-1.6810928733999546,-1.681363042888492
female,28-29,18,-1.8281364867637664,-1.825264646976293,-1.8255348164648304
female,28-29,19,-1.9395151402876472,-1.944121078682395,-1.9443912481709325
female,28-29,20,-2.11117309904683,-2.1239182026437273,-2.1241883721322647
female,28-29,21,-2.4585602190527585,-2.418287576352239,-2.4185577458407765
female,28-29,22,-2.4754060329844814,-2.454518246342018,-2.4547884158305555
female,28-29,23,-2.3073855957803855,-2.3592470254675164,-2.359517194956054
female,28-29,24,-2.6836417525537586,-2.6487495820127887,-2.649019751501326
female,28-29,25,-2.8096946185969274,-2.79221867805422,-2.7924888475427574
female,28-29,26,-2.7802805197209084,-2.814615760411339,-2.8148859298998765
female,28-29,27,-3.1216745552525786,-3.077868593112604,-3.0781387626011414
female,28-29,28,-3.1103181181512283,-3.1468404794872464,-3.147110648975784
female,28-29,29,-3.4983588962564727,-3.437497935730534,-3.4377681052190714
female,28-29,30,-3.383399997103073,-3.478359577212456,-3.4786297467009932
female,28-29,31,-4.665444788863764,-4.342779849755491,-4.3430500192440284
female,28-29,32,-3.9534144150739152,-4.035998686717937,-4.036268856206474
female,28-29,33,-4.229477702553839,-4.175072495992793,-4.17534266548133
female,28-29,34,-4.047219253403837,-4.097425218520091,-4.097695388008629
female,28-29,35,-4.39932455824175,-4.379148589430989,-4.379418758919527
female,28-29,36,-4.691990427592319,-4.686454407053024,-4.686724576541561
female,28-29,37,-5.07857231799713,-5.084515470258055,-5.084785639746593
female,28-29,38,-5.960558257224085,-5.567485972378034,-5.567756141866571
female,28-29,39,-4.530541884580369,-4.711728973249326,-4.711999142737864
female,28-29,40,-6.109662047268726,-5.477309770052492,-5.477579939541029
female,28-29,41,-4.424653671011593,-4.5832779150698375,-4.583548084558375
female,28-29,42,-8.531219113464129,-5.875290732061092,-5.87556090154963
female,28-29,43,-9.210340371976182,-8.261241810800385,-8.261511980288923
female,28-29,44,-9.210340371976182,-8.525526401776771,-8.525796571265309
female,28-29,45,-9.210340371976182,-8.531111268963151,-8.531381438451689
female,28-29,46,-9.210340371976182,-8.531213860587545,-8.531484030076083
female,28-29,47,-9.210340371976182,-8.531215739720128,-8.531485909208666
female,28-29,48,-9.210340371976182,-8.531215774137676,-8.531485943626214
female,28-29,49,-9.210340371976182,-8.531215774768055,-8.531485944256593
female,28-29,50,-9.210340371976182,-8.5312157747796,-8.531485944268137
female,28-29,51,-9.210340371976182,-8.531215774779813,-8.53148594426835
female,28-29,52,-9.210340371976182,-8.531215774779817,-8.531485944268354
female,30-31,-52,-9.210340371976182,-9.210340371976182,-9.210606115574443
female,30-31,-51,-9.210340371976182,-9.210340371976182,-9.210606115574443
female,30-31,-50,-9.210340371976182,-9.210340371976182,-9.210606115574443
female,30-31,-49,-9.210340371976182,-9.210340371976182,-9.210606115574443
female,30-31,-48,-9.210340371976182,-9.210340371976182,-9.210606115574443
female,30-31,-47,-9.210340371976182,-9.210340371976182,-9.210606115574443
female,30-31,-46,-9.210340371976182,-9.210340371976182,-9.210606115574443
female,30-31,-45,-9.210340371976182,-9.210340371976182,-9.210606115574443
female,30-31,-44,-9.210340371976182,-9.210340371976182,-9.210606115574443
female,30-31,-43,-9.210340371976182,-9.210340371976182,-9.210606115574443
female,30-31,-42,-9.210340371976182,-9.210340371976182,-9.210606115574443
female,30-31,-41,-9.210340371976182,-9.210340371976182,-9.210606115574443
female,30-31,-40,-9.210340371976182,-9.210340371976182,-9.210606115574443
female,30-31,-39,-9.210340371976182,-9.210340371976182,-9.210606115574443
female,30-31,-38,-9.210340371976182,-9.210340371976182,-9.210606115574443
female,30-31,-37,-9.210340371976182,-9.210340371976182,-9.210606115574443
female,30-31,-36,-9.210340371976182,-9.210340371976182,-9.210606115574443
female,30-31,-35,-9.210340371976182,-9.210340371976182,-9.210606115574443
female,30-31,-34,-9.210340371976182,-9.210340371976182,-9.210606115574443
female,30-31,-33,-9.210340371976182,-9.210340371976182,-9.210606115574443
female,30-31,-32,-9.210340371976182,-9.210340371976182,-9.210606115574443
female,30-31,-31,-9.210340371976182,-9.210340371976182,-9.210606115574443
female,30-31,-30,-9.210340371976182,-9.210340371976182,-9.210606115574443
female,30-31,-29,-9.210340371976182,-9.210340371976182,-9.210606115574443
female,30-31,-28,-9.210340371976182,-9.210340371976182,-9.210606115574443
female,30-31,-27,-9.210340371976182,-9.210340371976182,-9.210606115574443
female,30-31,-26,-9.210340371976182,-9.210340371976182,-9.210606115574443
female,30-31,-25,-9.210340371976182,-9.210340371976182,-9.210606115574443
female,30-31,-24,-9.210340371976182,-9.210340371976182,-9.210606115574443
female,30-31,-23,-9.210340371976182,-9.210340371976182,-9.210606115574443
female,30-31,-22,-9.210340371976182,-5.72097848704264,-5.7212442306409015
female,30-31,-21,-9.210340371976182,-5.720978487042641,-5.721244230640902
female,30-31,-20,-9.210340371976182,-5.720978487042641,-5.721244230640902
female,30-31,-19,-9.210340371976182,-5.72097848704264,-5.7212442306409015
female,30-31,-18,-9.210340371976182,-5.72097848704264,-5.7212442306409015
female,30-31,-17,-9.210340371976182,-5.720978487042641,-5.721244230640902
female,30-31,-16,-9.210340371976182,-5.720978487042641,-5.721244230640902
female,30-31,-15,-9.210340371976182,-5.72097848704264,-5.7212442306409015
female,30-31,-14,-9.210340371976182,-5.720978487023151,-5.721244230621413
female,30-31,-13,-5.720978463932689,-5.720805432995401,-5.721071176593663
female,30-31,-12,-5.488382709210316,-5.488193114049304,-5.488458857647566
female,30-31,-11,-4.980290162259255,-4.980317181146228,-4.98058292474449
female,30-31,-10,-4.710709147282761,-4.710368758310241,-4.710634501908503
female,30-31,-9,-3.9072580888459725,-3.90725470416795,-3.9075204477662115
female,30-31,-8,-3.4753888223812064,-3.4751396122986407,-3.475405355896902
female,30-31,-7,-2.7455410108498555,-2.7454379976880428,-2.745703741286304
female,30-31,-6,-2.141743018369751,-2.1415694692356464,-2.1418352128339078
female,30-31,-5,-1.4489637986217883,-1.448892820513569,-1.4491585641118303
female,30-31,-4,-0.8875985306757215,-0.8875171410064707,-0.8877828846047322
female,30-31,-3,-0.3418609492536642,-0.3416409178854723,-0.3419066614837338
female,30-31,-2,0.4319462306274208,0.43210837498920385,0.43184263139094237
female,30-31,-1,1.1677232948658887,1.167836202396309,1.1675704587980476
female,30-31,0,1.8226120311717444,1.8224333167761406,1.8221675731778793
female,30-31,1,1.796233993163985,1.796192221974591,1.7959264783763296
female,30-31,2,1.6155365751563857,1.6155578830024528,1.6152921394041915
female,30-31,3,1.4380998767421365,1.4381044076618876,1.4378386640636263
female,30-31,4,1.203830182002246,1.2038588542750892,1.2035931106768278
female,30-31,5,0.9721451331971216,0.97219022807177,0.9719244844735085
female,30-31,6,0.8007160198118399,0.8007085098700882,0.8004427662718268
female,30-31,7,0.5267989775535435,0.526847716688419,0.5265819730901575
female,30-31,8,0.3080771582157815,0.30806920968198054,0.30780346608371906
female,30-31,9,-0.02035398764420017,-0.020213178094876764,-0.020478921693138245
female,30-31,10,0.010396531265989063,0.010299593537289554,0.010033849939028075
female,30-31,11,-0.3135006522575923,-0.3134046068470271,-0.31367035044528857
female,30-31,12,-0.4505833684622062,-0.4505912365722071,-0.4508569801704686
female,30-31,13,-0.6511108671437151,-0.6511096460578761,-0.6513753896561376
female,30-31,14,-0.9180006298442701,-0.9179421352373761,-0.9182078788356376
female,30-31,15,-1.0786252053823628,-1.078585513439843,-1.0788512570381044
female,30-31,16,-1.149910291301496,-1.1498967616759053,-1.1501625052741666
female,30-31,17,-1.1875420798762357,-1.1876394098257796,-1.187905153424041
female,30-31,18,-1.580601990044474,-1.5805215127111132,-1.5807872563093746
female,30-31,19,-1.8397876848080816,-1.8397354991831565,-1.8400012427814179
female,30-31,20,-1.9766550070025801,-1.976695039042418,-1.9769607826406794
female,30-31,21,-2.289002526951543,-2.288864437063873,-2.2891301806621343
female,30-31,22,-2.2507441156111225,-2.2508847240890746,-2.251150467687336
female,30-31,23,-2.7352409984871704,-2.7351111729583706,-2.735376916556632
female,30-31,24,-3.0097486875567103,-3.009467536579604,-3.0097332801778656
female,30-31,25,-2.5880639177945794,-2.588226359324305,-2.5884921029225665
female,30-31,26,-2.7369426531148,-2.7370430434808175,-2.737308787079079
female,30-31,27,-3.3410723282911197,-3.3406771678343743,-3.3409429114326357
female,30-31,28,-3.034654826542724,-3.0348459888564943,-3.0351117324547556
female,30-31,29,-3.3903272964990463,-3.3903181507433797,-3.390583894341641
female,30-31,30,-3.8837300720237624,-3.8835257972538053,-3.8837915408520667
female,30-31,31,-3.9176208548553517,-3.917746686026115,-3.9180124296243766
female,30-31,32,-4.465132811739876,-4.464744208591023,-4.465009952189285
female,30-31,33,-4.111317636673417,-4.111415949280148,-4.11168169287841
female,30-31,34,-4.097332893860303,-4.097400083235462,-4.097665826833723
female,30-31,35,-4.3155096389128955,-4.314896907476398,-4.31516265107466
female,30-31,36,-3.3408373453846227,-3.341323851294836,-3.3415895948930974
female,30-31,37,-5.1425630533073,-5.140727346659971,-5.140993090258233
female,30-31,38,-4.971246973626779,-4.971086119323754,-4.971351862922016
female,30-31,39,-4.463207834596025,-4.463408831873467,-4.463674575471729
female,30-31,40,-4.958038451155612,-4.957598280945018,-4.95786402454328
female,30-31,41,-9.210340371976182,-4.958038452398085,-4.958304195996347
female,30-31,42,-9.210340371976182,-4.958038452447665,-4.958304196045927
female,30-31,43,-9.210340371976182,-4.958038452447665,-4.958304196045927
female,30-31,44,-9.210340371976182,-4.958038452447665,-4.958304196045927
female,30-31,45,-9.210340371976182,-4.958038452447665,-4.958304196045927
female,30-31,46,-9.210340371976182,-4.958038452447665,-4.958304196045927
female,30-31,47,-9.210340371976182,-4.958038452447665,-4.958304196045927
female,30-31,48,-9.210340371976182,-4.958038452447665,-4.958304196045927
female,30-31,49,-9.210340371976182,-4.958038452447665,-4.958304196045927
female,30-31,50,-9.210340371976182,-9.210340371976182,-9.210606115574443
female,30-31,51,-9.210340371976182,-9.210340371976182,-9.210606115574443
female,30-31,52,-9.210340371976182,-9.210340371976182,-9.210606115574443
female,32-33,-52,-9.210340371976182,-9.210340371976182,-9.210598782173916
female,32-33,-51,-9.210340371976182,-9.210340371976182,-9.210598782173916
female,32-33,-50,-9.210340371976182,-9.210340371976182,-9.210598782173916
female,32-33,-49,-9.210340371976182,-9.210340371976182,-9.210598782173916
female,32-33,-48,-9.210340371976182,-9.210340371976182,-9.210598782173916
female,32-33,-47,-9.210340371976182,-9.210340371976182,-9.210598782173916
female,32-33,-46,-9.210340371976182,-9.210340371976182,-9.210598782173916
female,32-33,-45,-9.210340371976182,-9.210340371976182,-9.210598782173916
female,32-33,-44,-9.210340371976182,-9.210340371976182,-9.210598782173916
female,32-33,-43,-9.210340371976182,-9.210340371976182,-9.210598782173916
female,32-33,-42,-9.210340371976182,-9.210340371976182,-9.210598782173916
female,32-33,-41,-9.210340371976182,-9.210340371976182,-9.210598782173916
female,32-33,-40,-9.210340371976182,-9.210340371976182,-9.210598782173916
female,32-33,-39,-9.210340371976182,-9.210340371976182,-9.210598782173916
female,32-33,-38,-9.210340371976182,-9.210340371976182,-9.210598782173916
female,32-33,-37,-9.210340371976182,-9.210340371976182,-9.210598782173916
female,32-33,-36,-9.210340371976182,-9.210340371976182,-9.210598782173916
female,32-33,-35,-9.210340371976182,-9.210340371976182,-9.210598782173916
female,32-33,-34,-9.210340371976182,-9.210340371976182,-9.210598782173916
female,32-33,-33,-9.210340371976182,-9.210340371976182,-9.210598782173916
female,32-33,-32,-9.210340371976182,-9.210340371976182,-9.210598782173916
female,32-33,-31,-9.210340371976182,-9.210340371976182,-9.210598782173916
female,32-33,-30,-9.210340371976182,-9.210340371976182,-9.210598782173916
female,32-33,-29,-9.210340371976182,-9.210340371976182,-9.210598782173916
female,32-33,-28,-9.210340371976182,-9.210340371976182,-9.210598782173916
female,32-33,-27,-9.210340371976182,-9.210340371976182,-9.210598782173916
female,32-33,-26,-9.210340371976182,-9.210340371976182,-9.210598782173916
female,32-33,-25,-9.210340371976182,-9.210340371976182,-9.210598782173916
female,32-33,-24,-9.210340371976182,-7.439197182882634,-7.439455593080368
female,32-33,-23,-9.210340371976182,-7.439197182882634,-7.439455593080368
female,32-33,-22,-9.210340371976182,-7.439197182882634,-7.439455593080368
female,32-33,-21,-9.210340371976182,-7.439197182882634,-7.439455593080368
female,32-33,-20,-9.210340371976182,-7.439197182882634,-7.439455593080368
female,32-33,-19,-9.210340371976182,-7.439197182882634,-7.439455593080368
female,32-33,-18,-9.210340371976182,-7.439197182882634,-7.439455593080368
female,32-33,-17,-9.210340371976182,-7.439197182882634,-7.439455593080368
female,32-33,-16,-9.210340371976182,-7.439197182677769,-7.439455592875502
female,32-33,-15,-7.439197160330984,-7.437379593620678,-7.437638003818411
female,32-33,-14,-6.121312784800437,-6.121537121487061,-6.1217955316847945
female,32-33,-13,-6.472138372738168,-6.4711975842007625,-6.471455994398496
female,32-33,-12,-5.257817202447146,-5.257502028043431,-5.2577604382411645
female,32-33,-11,-4.296839781785665,-4.296612499946385,-4.2968709101441185
female,32-33,-10,-3.4857942290741395,-3.4857754675442862,-3.48603387774202
female,32-33,-9,-3.022650291865526,-3.0226766255028235,-3.022935035700557
female,32-33,-8,-2.7675004380409476,-2.7672284580082467,-2.7674868682059803
female,32-33,-7,-2.0437046108072563,-2.0437071962700237,-2.0439656064677574
female,32-33,-6,-1.6119963948393023,-1.6118912407527457,-1.6121496509504794
female,32-33,-5,-1.0734518866087792,-1.0733513434281088,-1.0736097536258424
female,32-33,-4,-0.49451459082722843,-0.49446808599709907,-0.4947264961948327
female,32-33,-3,-0.00986671352925523,-0.00975056259993018,-0.010008972797663813
female,32-33,-2,0.5699595410703971,0.570135512700329,0.5698771025025954
female,32-33,-1,1.3024679106341805,1.3025413986969265,1.3022829884991929
female,32-33,0,1.9147483600826902,1.9145722275484247,1.914313817350691
female,32-33,1,1.8782989585044947,1.8782556144845077,1.877997204286774
female,32-33,2,1.6806465697831363,1.6806747251376648,1.6804163149399312
female,32-33,3,1.50949455693104,1.5095037401787426,1.509245329981009
female,32-33,4,1.3011864397656854,1.3012236613857908,1.3009652511880572
female,32-33,5,1.1387086672339648,1.1386910657326017,1.138432655534868
female,32-33,6,0.8511735311977946,0.8512266084020456,0.8509681982043119
female,32-33,7,0.6401244670479425,0.640134654191088,0.6398762439933543
female,32-33,8,0.39833111957722783,0.39837921364798506,0.3981208034502514
female,32-33,9,0.2322993721424905,0.232319749946479,0.23206133974874538
female,32-33,10,0.08468727656159716,0.08467052997741298,0.08441211977967934
female,32-33,11,-0.16665903619356734,-0.16662345093143036,-0.16688186112916398
female,32-33,12,-0.3861631496735296,-0.3861291924410274,-0.38638760263876104
female,32-33,13,-0.5605166465465541,-0.5605120867043696,-0.5607704969021032
female,32-33,14,-0.7800232592929701,-0.7799769288217635,-0.7802353390194972
female,32-33,15,-0.9063779250787009,-0.9063921649975236,-0.9066505751952573
female,32-33,16,-1.097325442674234,-1.097325997635959,-1.0975844078336927
female,32-33,17,-1.3237325214975397,-1.3236614063400802,-1.3239198165378139
female,32-33,18,-1.3568955212860674,-1.3569785844060005,-1.3572369946037341
female,32-33,19,-1.693044758452242,-1.6929750228476816,-1.6932334330454153
female,32-33,20,-1.910302597525591,-1.9103180599063827,-1.9105764701041164
female,32-33,21,-2.2483201066041327,-2.2481754172494193,-2.248433827447153
female,32-33,22,-2.220781753894837,-2.220848808029622,-2.2211072182273557
female,32-33,23,-2.4117460327844022,-2.411636598796069,-2.4118950089938025
female,32-33,24,-2.3031040403043965,-2.303301074041971,-2.3035594842397047
female,32-33,25,-2.952534323055291,-2.9520825295450788,-2.9523409397428124
female,32-33,26,-2.5855122579481806,-2.585740827296385,-2.5859992374941188
female,32-33,27,-3.040881928498272,-3.0407188927050517,-3.0409773029027853
female,32-33,28,-3.11771795892504,-3.1177534098388158,-3.1180118200365494
female,32-33,29,-3.3344621642281984,-3.334374630535012,-3.334633040732746
female,32-33,30,-3.3267232389785133,-3.326806874137707,-3.3270652843354407
female,32-33,31,-3.6125054308916402,-3.612534536614848,-3.6127929468125815
female,32-33,32,-4.203156533894357,-4.202615049020078,-4.202873459217812
female,32-33,33,-3.605913461117025,-3.6062708491114055,-3.606529259309139
female,32-33,34,-4.577376050422088,-4.576732556782231,-4.576990966979964
female,32-33,35,-4.390636084440296,-4.390724372902826,-4.390982783100559
female,32-33,36,-4.483682864727362,-4.4837365597253,-4.4839949699230335
female,32-33,37,-4.797458197766241,-4.797379446324198,-4.7976378565219315
female,32-33,38,-5.143239027550587,-5.142957465145337,-5.143215875343071
female,32-33,39,-9.210340371976182,-5.143239028243235,-5.143497438440968
female,32-33,40,-9.210340371976182,-5.143239028274947,-5.14349743847268
female,32-33,41,-9.210340371976182,-5.143239028274947,-5.14349743847268
female,32-33,42,-9.210340371976182,-5.143239028274947,-5.14349743847268
female,32-33,43,-9.210340371976182,-5.143239028274947,-5.14349743847268
female,32-33,44,-9.210340371976182,-5.143239028274947,-5.14349743847268
female,32-33,45,-9.210340371976182,-5.143239028274947,-5.14349743847268
female,32-33,46,-9.210340371976182,-5.143239028274947,-5.14349743847268
female,32-33,47,-9.210340371976182,-5.143239028274947,-5.14349743847268
female,32-33,48,-9.210340371976182,-9.210340371976182,-9.210598782173916
female,32-33,49,-9.210340371976182,-9.210340371976182,-9.210598782173916
female,32-33,50,-9.210340371976182,-9.210340371976182,-9.210598782173916
female,32-33,51,-9.210340371976182,-9.210340371976182,-9.210598782173916
female,32-33,52,-9.210340371976182,-9.210340371976182,-9.210598782173916
female,34-35,-52,-9.210340371976182,-9.210340371976182,-9.210588398273963
female,34-35,-51,-9.210340371976182,-9.210340371976182,-9.210588398273963
female,34-35,-50,-9.210340371976182,-9.210340371976182,-9.210588398273963
female,34-35,-49,-9.210340371976182,-9.210340371976182,-9.210588398273963
female,34-35,-48,-9.210340371976182,-9.210340371976182,-9.210588398273963
female,34-35,-47,-9.210340371976182,-9.210340371976182,-9.210588398273963
female,34-35,-46,-9.210340371976182,-9.210340371976182,-9.210588398273963
female,34-35,-45,-9.210340371976182,-9.210340371976182,-9.210588398273963
female,34-35,-44,-9.210340371976182,-9.210340371976182,-9.210588398273963
female,34-35,-43,-9.210340371976182,-9.210340371976182,-9.210588398273963
female,34-35,-42,-9.210340371976182,-9.210340371976182,-9.210588398273963
female,34-35,-41,-9.210340371976182,-9.210340371976182,-9.210588398273963
female,34-35,-40,-9.210340371976182,-9.210340371976182,-9.210588398273963
female,34-35,-39,-9.210340371976182,-9.210340371976182,-9.210588398273963
female,34-35,-38,-9.210340371976182,-9.210340371976182,-9.210588398273963
female,34-35,-37,-9.210340371976182,-9.210340371976182,-9.210588398273963
female,34-35,-36,-9.210340371976182,-9.210340371976182,-9.210588398273963
female,34-35,-35,-9.210340371976182,-9.210340371976182,-9.210588398273963
female,34-35,-34,-9.210340371976182,-9.210340371976182,-9.210588398273963
female,34-35,-33,-9.210340371976182,-9.210340371976182,-9.210588398273963
female,34-35,-32,-9.210340371976182,-9.210340371976182,-9.210588398273963
female,34-35,-31,-9.210340371976182,-9.210340371976182,-9.210588398273963
female,34-35,-30,-9.210340371976182,-9.210340371976182,-9.210588398273963
female,34-35,-29,-9.210340371976182,-9.210340371976182,-9.210588398273963
female,34-35,-28,-9.210340371976182,-9.210340371976182,-9.210588398273963
female,34-35,-27,-9.210340371976182,-9.210340371976182,-9.210588398273963
female,34-35,-26,-9.210340371976182,-6.580075309608168,-6.580323335905948
female,34-35,-25,-9.210340371976182,-6.580075309608168,-6.580323335905948
female,34-35,-24,-9.210340371976182,-6.580075309608168,-6.580323335905948
female,34-35,-23,-9.210340371976182,-6.580075309608168,-6.580323335905948
female,34-35,-22,-9.210340371976182,-6.580075309608168,-6.580323335905948
female,34-35,-21,-9.210340371976182,-6.580075309608168,-6.580323335905948
female,34-35,-20,-9.210340371976182,-6.580075309608168,-6.580323335905948
female,34-35,-19,-9.210340371976182,-6.580075309608168,-6.580323335905948
female,34-35,-18,-9.210340371976182,-6.580075309615487,-6.580323335913267
female,34-35,-17,-6.580075287863473,-6.580140302797045,-6.580388329094825
female,34-35,-16,-6.682913219691432,-6.683071485941408,-6.683319512239188
female,34-35,-15,-7.416670790947688,-7.414502004027556,-7.414750030325336
female,34-35,-14,-5.567896061082659,-5.567201198555443,-5.567449224853223
female,34-35,-13,-4.21455955687052,-4.214686620145238,-4.214934646443018
female,34-35,-12,-3.9196584004602926,-3.9196258844084415,-3.9198739107062215
female,34-35,-11,-3.626254743909845,-3.62597508048183,-3.62622310677961
female,34-35,-10,-2.887141529761804,-2.887308641086104,-2.887556667383884
female,34-35,-9,-2.858839937736026,-2.8584097144721605,-2.8586577407699405
female,34-35,-8,-1.9983211724889036,-1.9984357944840567,-1.998683820781837
female,34-35,-7,-1.7581267730086083,-1.7579515191363708,-1.758199545434151
female,34-35,-6,-1.173673426032501,-1.173616566529261,-1.1738645928270413
female,34-35,-5,-0.6678187348172605,-0.6678239598078725,-0.6680719861056525
female,34-35,-4,-0.31990666074155544,-0.31974800499907396,-0.3199960312968541
female,34-35,-3,0.2979946763448123,0.29804435226221476,0.2977963259644346
female,34-35,-2,0.8283998773940684,0.8285038499067583,0.8282558236089782
female,34-35,-1,1.42697786155817,1.4270375616013917,1.4267895353036115
female,34-35,0,1.9613509207862452,1.9611812931966122,1.960933266898832
female,34-35,1,1.8852191648339736,1.8852158488642934,1.8849678225665132
female,34-35,2,1.7762841107277905,1.7762722671793942,1.776024240881614
female,34-35,3,1.5894330184184424,1.5894580366076208,1.5892100103098405
female,34-35,4,1.4277750373748896,1.4277591353871142,1.427511109089334
female,34-35,5,1.164349460838845,1.164392406679656,1.1641443803818758
female,34-35,6,0.9630016183551032,0.963019064036207,0.9627710377384269
female,34-35,7,0.7464936911589785,0.746524077975749,0.746276051677969
female,34-35,8,0.555148053212393,0.5551608010656215,0.5549127747678414
female,34-35,9,0.3491865311417878,0.34922979635675266,0.3489817700589725
female,34-35,10,0.23010480336608877,0.23008650941701916,0.22983848311923905
female,34-35,11,0.01304154834345237,0.013044585033732771,0.012796558735952646
female,34-35,12,-0.2875719839347209,-0.28749609028674816,-0.2877441165845283
female,34-35,13,-0.4395593371762862,-0.4395568221461237,-0.43980484844390383
female,34-35,14,-0.6058792113107221,-0.6058533514025165,-0.6061013777002966
female,34-35,15,-0.7095968236847887,-0.7096191374177823,-0.7098671637155624
female,34-35,16,-0.8956447695404773,-0.8956707024559367,-0.8959187287537168
female,34-35,17,-1.2291527602504682,-1.2290613148136333,-1.2293093411114135
female,34-35,18,-1.3659621979787657,-1.3659636800381305,-1.3662117063359107
female,34-35,19,-1.5283021422869505,-1.5283472372586937,-1.528595263556474
female,34-35,20,-1.904262483609376,-1.9041140550304796,-1.9043620813282598
female,34-35,21,-1.9208587347308859,-1.9209138729569464,-1.9211618992547266
female,34-35,22,-2.1212485531021716,-2.1212425614372004,-2.1214905877349803
female,34-35,23,-2.346166532687203,-2.346193863637932,-2.346441889935712
female,34-35,24,-2.7433983680578775,-2.7431695618551406,-2.7434175881529206
female,34-35,25,-2.5672302067016113,-2.5673867156128822,-2.567634741910662
female,34-35,26,-2.940422083657453,-2.9402290116045813,-2.9404770379023613
female,34-35,27,-2.8207017059760355,-2.820793210862918,-2.821041237160698
female,34-35,28,-2.993389814287533,-2.9934090381064005,-2.9936570644041804
female,34-35,29,-3.2915723282774305,-3.2915244208282926,-3.2917724471260725
female,34-35,30,-3.545106934011385,-3.54509089105109,-3.54533891734887
female,34-35,31,-3.8558396546014384,-3.855548667282318,-3.855796693580098
female,34-35,32,-3.4448500985295256,-3.4448446781656714,-3.4450927044634514
female,34-35,33,-3.1172441339436667,-3.1174481194741714,-3.1176961457719514
female,34-35,34,-3.518360456675335,-3.5184495649901795,-3.5186975912879594
female,34-35,35,-5.145425533732619,-5.143844055679208,-5.144092081976988
female,34-35,36,-4.429764581601815,-4.4301095615490595,-4.4303575878468395
female,34-35,37,-9.210340371976182,-4.429764581757611,-4.4300126080553905
female,34-35,38,-9.210340371976182,-4.42976458171877,-4.43001260801655
female,34-35,39,-9.210340371976182,-4.429764581718769,-4.430012608016549
female,34-35,40,-9.210340371976182,-4.429764581718769,-4.430012608016549
female,34-35,41,-9.210340371976182,-4.429764581718769,-4.430012608016549
female,34-35,42,-9.210340371976182,-4.429764581718769,-4.430012608016549
female,34-35,43,-9.210340371976182,-4.429764581718769,-4.430012608016549
female,34-35,44,-9.210340371976182,-4.42976458171877,-4.43001260801655
female,34-35,45,-9.210340371976182,-4.429764581718769,-4.430012608016549
female,34-35,46,-9.210340371976182,-9.210340371976182,-9.210588398273963
female,34-35,47,-9.210340371976182,-9.210340371976182,-9.210588398273963
female,34-35,48,-9.210340371976182,-9.210340371976182,-9.210588398273963
female,34-35,49,-9.210340371976182,-9.210340371976182,-9.210588398273963
female,34-35,50,-9.210340371976182,-9.210340371976182,-9.210588398273963
female,34-35,51,-9.210340371976182,-9.210340371976182,-9.210588398273963
female,34-35,52,-9.210340371976182,-9.210340371976182,-9.210588398273963
female,36-37,-52,-9.210340371976182,-9.210340371976182,-9.21055106786835
female,36-37,-51,-9.210340371976182,-9.210340371976182,-9.21055106786835
female,36-37,-50,-9.210340371976182,-9.210340371976182,-9.21055106786835
female,36-37,-49,-9.210340371976182,-9.210340371976182,-9.21055106786835
female,36-37,-48,-9.210340371976182,-9.210340371976182,-9.21055106786835
female,36-37,-47,-9.210340371976182,-9.210340371976182,-9.21055106786835
female,36-37,-46,-9.210340371976182,-9.210340371976182,-9.21055106786835
female,36-37,-45,-9.210340371976182,-9.210340371976182,-9.21055106786835
female,36-37,-44,-9.210340371976182,-9.210340371976182,-9.21055106786835
female,36-37,-43,-9.210340371976182,-9.210340371976182,-9.21055106786835
female,36-37,-42,-9.210340371976182,-9.210340371976182,-9.21055106786835
female,36-37,-41,-9.210340371976182,-9.210340371976182,-9.21055106786835
female,36-37,-40,-9.210340371976182,-9.210340371976182,-9.21055106786835
female,36-37,-39,-9.210340371976182,-9.210340371976182,-9.21055106786835
female,36-37,-38,-9.210340371976182,-9.210340371976182,-9.21055106786835
female,36-37,-37,-9.210340371976182,-9.210340371976182,-9.21055106786835
female,36-37,-36,-9.210340371976182,-9.210340371976182,-9.21055106786835
female,36-37,-35,-9.210340371976182,-9.210340371976182,-9.21055106786835
female,36-37,-34,-9.210340371976182,-9.210340371976182,-9.21055106786835
female,36-37,-33,-9.210340371976182,-9.210340371976182,-9.21055106786835
female,36-37,-32,-9.210340371976182,-9.210340371976182,-9.21055106786835
female,36-37,-31,-9.210340371976182,-9.210340371976182,-9.21055106786835
female,36-37,-30,-9.210340371976182,-9.210340371976182,-9.21055106786835
female,36-37,-29,-9.210340371976182,-9.210340371976182,-9.21055106786835
female,36-37,-28,-9.210340371976182,-4.891300577268876,-4.8915112731610435
female,36-37,-27,-9.210340371976182,-4.891300577268876,-4.8915112731610435
female,36-37,-26,-9.210340371976182,-4.891300577268876,-4.8915112731610435
female,36-37,-25,-9.210340371976182,-4.891300577268876,-4.8915112731610435
female,36-37,-24,-9.210340371976182,-4.891300577268876,-4.8915112731610435
female,36-37,-23,-9.210340371976182,-4.891300577268876,-4.8915112731610435
female,36-37,-22,-9.210340371976182,-4.891300577268876,-4.8915112731610435
female,36-37,-21,-9.210340371976182,-4.891300577268876,-4.8915112731610435
female,36-37,-20,-9.210340371976182,-4.891300577321293,-4.891511273213461
female,36-37,-19,-4.891300556200397,-4.8917661587443035,-4.8919768546364715
female,36-37,-18,-6.049530131678306,-6.049354053659059,-6.049564749551227
female,36-37,-17,-6.8447728191271,-6.844270207404333,-6.844480903296501
female,36-37,-16,-6.587304455284874,-6.586268301051687,-6.586478996943855
female,36-37,-15,-5.133127184433261,-5.133161822113124,-5.133372518005292
female,36-37,-14,-4.639689834185992,-4.639584782616876,-4.639795478509044
female,36-37,-13,-4.117411610523166,-4.117340512809318,-4.117551208701486
female,36-37,-12,-3.6349621524170534,-3.634923322636977,-3.6351340185291443
female,36-37,-11,-3.2209826390990997,-3.220845591664773,-3.2210562875569404
female,36-37,-10,-2.6411722798647856,-2.641092171546603,-2.6413028674387706
female,36-37,-9,-2.0915283197616388,-2.0914730031033675,-2.091683698995535
female,36-37,-8,-1.5921690589210031,-1.5921503254529084,-1.592361021345076
female,36-37,-7,-1.1950937686528011,-1.1950449498997833,-1.195255645791951
female,36-37,-6,-0.7824938721137848,-0.7824218547986822,-0.7826325506908498
female,36-37,-5,-0.29750028234166964,-0.2974802526851912,-0.2976909485773588
female,36-37,-4,0.11765428737386144,0.11768296406318758,0.11747226817101995
female,36-37,-3,0.516804764829023,0.51686584759607,0.5166551517039024
female,36-37,-2,0.96859840417004,0.9686854425892472,0.9684747466970796
female,36-37,-1,1.4923912533287849,1.4924489571272859,1.4922382612351182
female,36-37,0,2.0014321163307502,2.0012821216626673,2.0010714257705
female,36-37,1,1.9886095180103553,1.988556302424207,1.9883456065320393
female,36-37,2,1.7902083935065785,1.7902299739672876,1.7900192780751198
female,36-37,3,1.6093025961079315,1.6093151962915253,1.6091045003993576
female,36-37,4,1.424718861654075,1.4247384234345821,1.4245277275424144
female,36-37,5,1.244721099510591,1.244740150476938,1.2445294545847703
female,36-37,6,1.0704153659961912,1.0704038720517464,1.0701931761595787
female,36-37,7,0.7965816819174516,0.7966454976835213,0.7964348017913537
female,36-37,8,0.6437987354960861,0.6438037309253085,0.6435930350331409
female,36-37,9,0.46515218388962715,0.465195986357229,0.4649852904650614
female,36-37,10,0.38219892370098485,0.38215515935636635,0.38194446346419875
female,36-37,11,0.13480400124671232,0.13481214072503517,0.13460144483286754
female,36-37,12,-0.1538201972143921,-0.15378106049365,-0.15399175638581764
female,36-37,13,-0.3861692746859771,-0.38609424281662835,-0.38630493870879595
female,36-37,14,-0.4151404179843115,-0.41519801409324397,-0.4154087099854116
female,36-37,15,-0.6436564537613298,-0.6435981629845156,-0.6438088588766832
female,36-37,16,-0.7338605700032866,-0.7339211470017584,-0.734131842893926
female,36-37,17,-1.0556242576274941,-1.0555483875653064,-1.0557590834574742
female,36-37,18,-1.2250490640552776,-1.225077568109572,-1.2252882640017397
female,36-37,19,-1.5433318393474336,-1.543227397226021,-1.5434380931181888
female,36-37,20,-1.6114978341607715,-1.6115046203504815,-1.6117153162426492
female,36-37,21,-1.7054065267685983,-1.705447290409162,-1.7056579863013297
female,36-37,22,-1.9501448195675413,-1.9501429357160622,-1.95035363160823
female,36-37,23,-2.2540978622928405,-2.2539797951614826,-2.25419049105365
female,36-37,24,-2.2471088271542925,-2.247190736854314,-2.2474014327464813
female,36-37,25,-2.5332201387777094,-2.533182031195401,-2.5333927270875685
female,36-37,26,-2.806901985257786,-2.8068078718791423,-2.8070185677713098
female,36-37,27,-2.8509506084035183,-2.85092062821356,-2.8511313241057277
female,36-37,28,-2.8069613481423126,-2.8070602169134427,-2.80727091280561
female,36-37,29,-3.112928500915018,-3.1127370154319944,-3.112947711324162
female,36-37,30,-2.9275048693886063,-2.9276807856076292,-2.9278914814997967
female,36-37,31,-3.378939024839382,-3.37885411398843,-3.3790648098805973
female,36-37,32,-3.8257295919616503,-3.825154890093992,-3.8253655859861593
female,36-37,33,-3.0570163236051746,-3.0572383084042216,-3.057449004296389
female,36-37,34,-3.304634776800296,-3.3044479071250032,-3.3046586030171707
female,36-37,35,-9.210340371976182,-3.3046347763583097,-3.304845472250477
female,36-37,36,-9.210340371976182,-3.304634776379355,-3.3048454722715226
female,36-37,37,-9.210340371976182,-3.304634776379355,-3.3048454722715226
female,36-37,38,-9.210340371976182,-3.304634776379355,-3.3048454722715226
female,36-37,39,-9.210340371976182,-3.304634776379355,-3.3048454722715226
female,36-37,40,-9.210340371976182,-3.304634776379355,-3.3048454722715226
female,36-37,41,-9.210340371976182,-3.304634776379355,-3.3048454722715226
female,36-37,42,-9.210340371976182,-3.304634776379355,-3.3048454722715226
female,36-37,43,-9.210340371976182,-3.304634776379355,-3.3048454722715226
female,36-37,44,-9.210340371976182,-9.210340371976182,-9.21055106786835
female,36-37,45,-9.210340371976182,-9.210340371976182,-9.21055106786835
female,36-37,46,-9.210340371976182,-9.210340371976182,-9.21055106786835
female,36-37,47,-9.210340371976182,-9.210340371976182,-9.21055106786835
female,36-37,48,-9.210340371976182,-9.210340371976182,-9.21055106786835
female,36-37,49,-9.210340371976182,-9.210340371976182,-9.21055106786835
female,36-37,50,-9.210340371976182,-9.210340371976182,-9.21055106786835
female,36-37,51,-9.210340371976182,-9.210340371976182,-9.21055106786835
female,36-37,52,-9.210340371976182,-9.210340371976182,-9.21055106786835
female,38-39,-52,-9.210340371976182,-9.210340371976182,-9.210512418048088
female,38-39,-51,-9.210340371976182,-9.210340371976182,-9.210512418048088
female,38-39,-50,-9.210340371976182,-9.210340371976182,-9.210512418048088
female,38-39,-49,-9.210340371976182,-9.210340371976182,-9.210512418048088
female,38-39,-48,-9.210340371976182,-9.210340371976182,-9.210512418048088
female,38-39,-47,-9.210340371976182,-9.210340371976182,-9.210512418048088
female,38-39,-46,-9.210340371976182,-9.210340371976182,-9.210512418048088
female,38-39,-45,-9.210340371976182,-9.210340371976182,-9.210512418048088
female,38-39,-44,-9.210340371976182,-9.210340371976182,-9.210512418048088
female,38-39,-43,-9.210340371976182,-9.210340371976182,-9.210512418048088
female,38-39,-42,-9.210340371976182,-9.210340371976182,-9.210512418048088
female,38-39,-41,-9.210340371976182,-9.210340371976182,-9.210512418048088
female,38-39,-40,-9.210340371976182,-9.210340371976182,-9.210512418048088
female,38-39,-39,-9.210340371976182,-9.210340371976182,-9.210512418048088
female,38-39,-38,-9.210340371976182,-9.210340371976182,-9.210512418048088
female,38-39,-37,-9.210340371976182,-9.210340371976182,-9.210512418048088
female,38-39,-36,-9.210340371976182,-9.210340371976182,-9.210512418048088
female,38-39,-35,-9.210340371976182,-9.210340371976182,-9.210512418048088
female,38-39,-34,-9.210340371976182,-9.210340371976182,-9.210512418048088
female,38-39,-33,-9.210340371976182,-9.210340371976182,-9.210512418048088
female,38-39,-32,-9.210340371976182,-9.210340371976182,-9.210512418048088
female,38-39,-31,-9.210340371976182,-9.210340371976182,-9.210512418048088
female,38-39,-30,-9.210340371976182,-9.210340371976182,-9.210512418048088
female,38-39,-29,-9.210340371976182,-9.210340371976182,-9.210512418048088
female,38-39,-28,-9.210340371976182,-9.210340371976182,-9.210512418048088
female,38-39,-27,-9.210340371976182,-9.210340371976182,-9.210512418048088
female,38-39,-26,-9.210340371976182,-9.210340371976182,-9.210512418048088
female,38-39,-25,-9.210340371976182,-9.210340371976182,-9.210512418048088
female,38-39,-24,-9.210340371976182,-9.210340371976182,-9.210512418048088
female,38-39,-23,-9.210340371976182,-9.210340371976182,-9.210512418048088
female,38-39,-22,-9.210340371976182,-9.210340371976182,-9.210512418048088
female,38-39,-21,-9.210340371976182,-9.210340371976182,-9.210512418048088
female,38-39,-20,-6.2194556344410845,-6.2194222099363765,-6.219594256008283
female,38-39,-19,-5.760763624686287,-5.7602136117990925,-5.760385657870999
female,38-39,-18,-4.666518154530133,-4.666890002676507,-4.667062048748414
female,38-39,-17,-5.265458729209665,-5.264989231188664,-5.26516127726057
female,38-39,-16,-4.814818608484406,-4.814524185070018,-4.814696231141924
female,38-39,-15,-4.017790977026978,-4.017820767558455,-4.017992813630362
female,38-39,-14,-3.642501952810224,-3.6425207302439593,-3.642692776315866
female,38-39,-13,-3.410909670377085,-3.4108280372674,-3.4110000833393066
female,38-39,-12,-3.0267652664453553,-3.026597724280847,-3.026769770352754
female,38-39,-11,-2.4011459905332284,-2.4011712641632674,-2.4013433102351742
female,38-39,-10,-2.040696206869348,-2.04069685052642,-2.040868896598327
female,38-39,-9,-1.7603495739137285,-1.760144891306178,-1.7603169373780847
female,38-39,-8,-1.1154490171364186,-1.115492826214629,-1.1156648722865359
female,38-39,-7,-0.7791931117129911,-0.7791162626470389,-0.7792883087189456
female,38-39,-6,-0.3249001713471282,-0.32491011803629816,-0.3250821641082049
female,38-39,-5,0.0036283044235593887,0.003637119465940073,0.003465073394033338
female,38-39,-4,0.29953310553230605,0.2996073412111533,0.29943529513924655
female,38-39,-3,0.7184332426364453,0.7184688960458601,0.7182968499739534
female,38-39,-2,1.1303792543131492,1.1304196289293418,1.130247582857435
female,38-39,-1,1.5442259525310311,1.5443127024979497,1.544140656426043
female,38-39,0,2.038485797520405,2.038323703373626,2.0381516573017193
female,38-39,1,1.9529695531339488,1.9529588055137341,1.9527867594418273
female,38-39,2,1.8113981118674467,1.811418720997777,1.8112466749258702
female,38-39,3,1.695073732892587,1.6950587434050797,1.6948866973331729
female,38-39,4,1.4870827436006078,1.4871080058145194,1.4869359597426126
female,38-39,5,1.2955954895707908,1.2956122064623372,1.2954401603904304
female,38-39,6,1.0970300461510374,1.097041563214289,1.0968695171423821
female,38-39,7,0.8642667819043288,0.8643342123650453,0.8641621662931386
female,38-39,8,0.776002218299531,0.7759738134617391,0.7758017673898324
female,38-39,9,0.5714439120821595,0.5714584188924091,0.5712863728205024
female,38-39,10,0.36756372810698135,0.3675693705071755,0.36739732443526874
female,38-39,11,0.13803403890331964,0.13806257077931877,0.13789052470741203
female,38-39,12,-0.04464103054148661,-0.04462410973407502,-0.04479615580598175
female,38-39,13,-0.21288947435411212,-0.2129163872001638,-0.21308843327207053
female,38-39,14,-0.5256400176854826,-0.5255566291621437,-0.5257286752340504
female,38-39,15,-0.6529455205368879,-0.6529444682788821,-0.6531165143507888
female,38-39,16,-0.8026801258086756,-0.8026679995920791,-0.8028400456639858
female,38-39,17,-0.9444733905070226,-0.9445143720437552,-0.9446864181156619
female,38-39,18,-1.2746920449794934,-1.2745684489826425,-1.2747404950545493
female,38-39,19,-1.3031094805670678,-1.3031472107738769,-1.3033192568457836
female,38-39,20,-1.4597297811332814,-1.4598051551932159,-1.4599772012651226
female,38-39,21,-1.9494290856942769,-1.9491913942272736,-1.9493634402991804
female,38-39,22,-1.8631202059474554,-1.86319290484158,-1.8633649509134869
female,38-39,23,-2.020432338727151,-2.0204399950882497,-2.0206120411601565
female,38-39,24,-2.258216658054902,-2.2580906584884564,-2.258262704560363
female,38-39,25,-2.1642564358368883,-2.1644520446230655,-2.1646240906949723
female,38-39,26,-2.893970703807537,-2.8935778511199493,-2.893749897191856
female,38-39,27,-2.847249447659856,-2.8472910804222598,-2.8474631264941666
female,38-39,28,-2.9363374914767584,-2.936311701155311,-2.936483747227218
female,38-39,29,-2.9640591603386985,-2.964121785101144,-2.964293831173051
female,38-39,30,-3.2276402253955943,-3.22745154105434,-3.2276235871262466
female,38-39,31,-3.005258466869647,-3.005435580811238,-3.005607626883145
female,38-39,32,-4.036938492929497,-4.035750019702735,-4.035922065774641
female,38-39,33,-9.210340371976182,-4.03693680835628,-4.037108854428187
female,38-39,34,-9.210340371976182,-4.036936808490003,-4.037108854561909
female,38-39,35,-9.210340371976182,-4.036936808490004,-4.03710885456191
female,38-39,36,-9.210340371976182,-4.036936808490004,-4.03710885456191
female,38-39,37,-9.210340371976182,-4.036936808490004,-4.03710885456191
female,38-39,38,-9.210340371976182,-4.036936808490003,-4.037108854561909
female,38-39,39,-9.210340371976182,-4.036936808490004,-4.03710885456191
female,38-39,40,-9.210340371976182,-4.036936808490004,-4.03710885456191
female,38-39,41,-9.210340371976182,-4.036936808490003,-4.037108854561909
female,38-39,42,-9.210340371976182,-9.210340371976182,-9.210512418048088
female,38-39,43,-9.210340371976182,-9.210340371976182,-9.210512418048088
female,38-39,44,-9.210340371976182,-9.210340371976182,-9.210512418048088
female,38-39,45,-9.210340371976182,-9.210340371976182,-9.210512418048088
female,38-39,46,-9.210340371976182,-9.210340371976182,-9.210512418048088
female,38-39,47,-9.210340371976182,-9.210340371976182,-9.210512418048088
female,38-39,48,-9.210340371976182,-9.210340371976182,-9.210512418048088
female,38-39,49,-9.210340371976182,-9.210340371976182,-9.210512418048088
female,38-39,50,-9.210340371976182,-9.210340371976182,-9.210512418048088
female,38-39,51,-9.210340371976182,-9.210340371976182,-9.210512418048088
female,38-39,52,-9.210340371976182,-9.210340371976182,-9.210512418048088
female,40-42,-52,-9.210340371976182,-9.210340371976182,-9.20997871338339
female,40-42,-51,-9.210340371976182,-9.210340371976182,-9.20997871338339
female,40-42,-50,-9.210340371976182,-9.210340371976182,-9.20997871338339
female,40-42,-49,-9.210340371976182,-9.210340371976182,-9.20997871338339
female,40-42,-48,-9.210340371976182,-9.210340371976182,-9.20997871338339
female,40-42,-47,-9.210340371976182,-9.210340371976182,-9.20997871338339
female,40-42,-46,-9.210340371976182,-9.210340371976182,-9.20997871338339
female,40-42,-45,-9.210340371976182,-9.210340371976182,-9.20997871338339
female,40-42,-44,-9.210340371976182,-9.210340371976182,-9.20997871338339
female,40-42,-43,-9.210340371976182,-5.988632584774539,-5.988270926181747
female,40-42,-42,-9.210340371976182,-5.988632584776282,-5.98827092618349
female,40-42,-41,-9.210340371976182,-5.988632584776282,-5.98827092618349
female,40-42,-40,-9.210340371976182,-5.988632584776282,-5.98827092618349
female,40-42,-39,-9.210340371976182,-5.988632584776282,-5.98827092618349
female,40-42,-38,-9.210340371976182,-5.988632584776282,-5.98827092618349
female,40-42,-37,-9.210340371976182,-5.988632584776282,-5.98827092618349
female,40-42,-36,-9.210340371976182,-5.9886325847762825,-5.988270926183491
female,40-42,-35,-9.210340371976182,-5.988632584776282,-5.98827092618349
female,40-42,-34,-9.210340371976182,-5.988632584776282,-5.98827092618349
female,40-42,-33,-9.210340371976182,-5.988632584776282,-5.98827092618349
female,40-42,-32,-9.210340371976182,-5.988632584776285,-5.988270926183493
female,40-42,-31,-9.210340371976182,-5.988632584776466,-5.988270926183675
female,40-42,-30,-9.210340371976182,-5.988632584786342,-5.98827092619355
female,40-42,-29,-9.210340371976182,-5.988632585325523,-5.988270926732731
female,40-42,-28,-9.210340371976182,-5.988632614763833,-5.988270956171041
female,40-42,-27,-9.210340371976182,-5.988634222039741,-5.988272563446949
female,40-42,-26,-9.210340371976182,-5.988721972369103,-5.988360313776312
female,40-42,-25,-9.210340371976182,-5.993501204247169,-5.993139545654377
female,40-42,-24,-5.988634858511807,-6.224282425601048,-6.223920767008257
female,40-42,-23,-9.210340371976182,-7.272601025520516,-7.2722393669277245
female,40-42,-22,-5.676901721693686,-5.819140022785657,-5.818778364192865
female,40-42,-21,-6.478959699958582,-6.107476935876304,-6.107115277283512
female,40-42,-20,-5.09868991443354,-5.167321739303712,-5.16696008071092
female,40-42,-19,-4.985752458597434,-4.932378952914785,-4.9320172943219935
female,40-42,-18,-4.506059497612051,-4.474053386213163,-4.473691727620372
female,40-42,-17,-3.986071672532583,-3.988135277510719,-3.987773618917927
female,40-42,-16,-3.6549199961377723,-3.6227084654950734,-3.6223468069022813
female,40-42,-15,-3.177881759024749,-3.1907157393066305,-3.1903540807138384
female,40-42,-14,-2.928272543328504,-2.9135902865384016,-2.9132286279456094
female,40-42,-13,-2.5994944506849156,-2.5723223859436066,-2.5719607273508145
female,40-42,-12,-2.144836798171973,-2.150891741845455,-2.150530083252663
female,40-42,-11,-1.8515071057258399,-1.8081054509637464,-1.8077437923709545
female,40-42,-10,-1.3084077549363506,-1.3354294340318704,-1.3350677754390785
female,40-42,-9,-1.1181726198803685,-1.098973714748629,-1.098612056155837
female,40-42,-8,-0.783064936458598,-0.7627449298086145,-0.7623832712158225
female,40-42,-7,-0.35552670995560354,-0.3795062934204878,-0.3791446348276958
female,40-42,-6,-0.20680663231314225,-0.1676460359757191,-0.16728437738292706
female,40-42,-5,0.23678656292132272,0.23258914451372092,0.23295080310651295
female,40-42,-4,0.5509518992408438,0.5607872054256601,0.5611488640184521
female,40-42,-3,0.889952914374193,0.8954507140490351,0.8958123726418271
female,40-42,-2,1.1972408517183661,1.2203248032070635,1.2206864617998554
female,40-42,-1,1.6071455441174112,1.6229786171387768,1.6233402757315687
female,40-42,0,2.024229135532769,1.9797925124106557,1.9801541710034476
female,40-42,1,1.9660559469974228,1.9615278362424056,1.9618894948351975
female,40-42,2,1.8512076648492468,1.8473697211785667,1.8477313797713586
female,40-42,3,1.668611979037796,1.6770512608429398,1.6774129194357317
female,40-42,4,1.52434721988456,1.5307580039782718,1.5311196625710637
female,40-42,5,1.4111256584034317,1.40507708218004,1.405438740772832
female,40-42,6,1.204967483536078,1.2145771000542323,1.2149387586470242
female,40-42,7,1.049472290418137,1.0449518215500484,1.0453134801428403
female,40-42,8,0.821891518164076,0.8254601702461661,0.8258218288389582
female,40-42,9,0.5818664737574821,0.5971661607551993,0.5975278193479914
female,40-42,10,0.4493395044720331,0.4420419019594526,0.4424035605522446
female,40-42,11,0.21322858178644252,0.22184770500961135,0.22220936360240337
female,40-42,12,0.005115346535452987,0.010553579088915225,0.010915237681707246
female,40-42,13,-0.19390647265206692,-0.1796784251869473,-0.17931676659415527
female,40-42,14,-0.28547283721559186,-0.30362584726383485,-0.3032641886710428
female,40-42,15,-0.5946674285952627,-0.5685655283994445,-0.5682038698066525
female,40-42,16,-0.7156458108783863,-0.7246504239582224,-0.7242887653654304
female,40-42,17,-0.9529107794708198,-0.9324750651298136,-0.9321134065370216
female,40-42,18,-1.0253201428895076,-1.0435559580897862,-1.0431942994969943
female,40-42,19,-1.3049677109610671,-1.272728651096367,-1.272366992503575
female,40-42,20,-1.322102349438874,-1.350927323342976,-1.350565664750184
female,40-42,21,-1.6722387372746004,-1.638499969861058,-1.6381383112682661
female,40-42,22,-1.798143817372717,-1.7747128436629922,-1.7743511850702003
female,40-42,23,-1.714949458014248,-1.758448915505726,-1.758087256912934
female,40-42,24,-2.116274830422447,-2.1055321913274128,-2.1051705327346206
female,40-42,25,-2.6959958748588457,-2.52420364955444,-2.523841990961648
female,40-42,26,-2.0142275172990503,-2.1274298243357426,-2.1270681657429504
female,40-42,27,-2.723856161037582,-2.619110764635359,-2.618749106042567
female,40-42,28,-2.7708048885572483,-2.792793350606247,-2.7924316920134546
female,40-42,29,-3.244477333165139,-3.123474942101652,-3.12311328350886
female,40-42,30,-2.7899082743720425,-2.8689154824650114,-2.8685538238722192
female,40-42,31,-9.210340371976182,-2.791658024910509,-2.791296366317717
female,40-42,32,-9.210340371976182,-2.7899381946901767,-2.7895765360973845
female,40-42,33,-9.210340371976182,-2.7899065708467035,-2.7895449122539113
female,40-42,34,-9.210340371976182,-2.7899059915940274,-2.7895443330012353
female,40-42,35,-9.210340371976182,-2.7899059809846305,-2.7895443223918384
female,40-42,36,-9.210340371976182,-2.7899059807903126,-2.7895443221975205
female,40-42,37,-9.210340371976182,-2.7899059807867537,-2.7895443221939615
female,40-42,38,-9.210340371976182,-2.789905980786689,-2.7895443221938967
female,40-42,39,-9.210340371976182,-2.7899059807866875,-2.7895443221938954
female,40-42,40,-9.210340371976182,-2.789905980786687,-2.789544322193895
female,40-42,41,-9.210340371976182,-2.7899059807866875,-2.7895443221938954
female,40-42,42,-9.210340371976182,-2.789905980786687,-2.789544322193895
female,40-42,43,-9.210340371976182,-2.7899059807866875,-2.7895443221938954
female,40-42,44,-9.210340371976182,-2.7899059807866875,-2.7895443221938954
female,40-42,45,-9.210340371976182,-2.7899059807866875,-2.7895443221938954
female,40-42,46,-9.210340371976182,-2.7899059807866875,-2.7895443221938954
female,40-42,47,-9.210340371976182,-2.7899059807866875,-2.7895443221938954
female,40-42,48,-9.210340371976182,-2.7899059807866875,-2.7895443221938954
female,40-42,49,-9.210340371976182,-2.7899059807864637,-2.7895443221936715
female,40-42,50,-9.210340371976182,-9.210340371976182,-9.20997871338339
female,40-42,51,-9.210340371976182,-9.210340371976182,-9.20997871338339
female,40-42,52,-9.210340371976182,-9.210340371976182,-9.20997871338339
female,43-45,-52,-9.210340371976182,-9.210340371976182,-9.210385101178595
female,43-45,-51,-9.210340371976182,-9.210340371976182,-9.210385101178595
female,43-45,-50,-9.210340371976182,-9.210340371976182,-9.210385101178595
female,43-45,-49,-9.210340371976182,-9.210340371976182,-9.210385101178595
female,43-45,-48,-9.210340371976182,-9.210340371976182,-9.210385101178595
female,43-45,-47,-9.210340371976182,-9.210340371976182,-9.210385101178595
female,43-45,-46,-9.210340371976182,-9.210340371976182,-9.210385101178595
female,43-45,-45,-9.210340371976182,-9.210340371976182,-9.210385101178595
female,43-45,-44,-9.210340371976182,-9.210340371976182,-9.210385101178595
female,43-45,-43,-9.210340371976182,-9.210340371976182,-9.210385101178595
female,43-45,-42,-9.210340371976182,-9.210340371976182,-9.210385101178595
female,43-45,-41,-9.210340371976182,-9.210340371976182,-9.210385101178595
female,43-45,-40,-9.210340371976182,-9.210340371976182,-9.210385101178595
female,43-45,-39,-9.210340371976182,-9.210340371976182,-9.210385101178595
female,43-45,-38,-9.210340371976182,-9.210340371976182,-9.210385101178595
female,43-45,-37,-9.210340371976182,-9.210340371976182,-9.210385101178595
female,43-45,-36,-9.210340371976182,-5.530733949769124,-5.530778678971537
female,43-45,-35,-9.210340371976182,-5.530733949769124,-5.530778678971537
female,43-45,-34,-9.210340371976182,-5.530733949769124,-5.530778678971537
female,43-45,-33,-9.210340371976182,-5.530733949769124,-5.530778678971537
female,43-45,-32,-9.210340371976182,-5.530733949769124,-5.530778678971537
female,43-45,-31,-9.210340371976182,-5.530733949769124,-5.530778678971537
female,43-45,-30,-9.210340371976182,-5.530733949769124,-5.530778678971537
female,43-45,-29,-9.210340371976182,-5.530733949769124,-5.530778678971537
female,43-45,-28,-9.210340371976182,-5.5307339497473516,-5.530778678949765
female,43-45,-27,-5.530733932332861,-5.530540624294521,-5.530585353496934
female,43-45,-26,-5.276929310919295,-5.276992655001679,-5.277037384204092
female,43-45,-25,-5.327882386873406,-5.328022499060282,-5.328067228262695
female,43-45,-24,-5.932253213255878,-5.931927529625027,-5.93197225882744
female,43-45,-23,-5.802845468606066,-5.802519747036893,-5.802564476239306
female,43-45,-22,-5.065042648086258,-5.064793384064773,-5.064838113267186
female,43-45,-21,-4.246758821462245,-4.247049959004078,-4.247094688206491
female,43-45,-20,-4.61718041001787,-4.6166942744832316,-4.616739003685645
female,43-45,-19,-3.912202902443261,-3.912390660187814,-3.9124353893902275
female,43-45,-18,-3.9569679355860075,-3.9566696989181627,-3.956714428120576
female,43-45,-17,-3.323602935025789,-3.3236494768040865,-3.3236942060065
female,43-45,-16,-3.006789223472484,-3.0068101401239393,-3.006854869326353
female,43-45,-15,-2.7973521029539077,-2.7971799853464687,-2.797224714548882
female,43-45,-14,-2.23730857605456,-2.2374562681643946,-2.237500997366808
female,43-45,-13,-2.2238314796247622,-2.2236143055377715,-2.223659034740185
female,43-45,-12,-1.6795378589794152,-1.6795976204691394,-1.6796423496715527
female,43-45,-11,-1.4166712783679052,-1.4165438232388814,-1.4165885524412947
female,43-45,-10,-0.9024216392634561,-0.9024592439101826,-0.902503973112596
female,43-45,-9,-0.6095119591594422,-0.6095072946706658,-0.6095520238730792
female,43-45,-8,-0.34338540620585484,-0.34335784786596907,-0.34340257706838245
female,43-45,-7,-0.03794723936473418,-0.03794740521548872,-0.0379921344179021
female,43-45,-6,0.2230118415305936,0.22302495810125308,0.2229802288988397
female,43-45,-5,0.4741398617029065,0.4741535782188719,0.4741088490164585
female,43-45,-4,0.7188158169324425,0.7188436795145039,0.7187989503120905
female,43-45,-3,0.9957170528675588,0.9957347997179902,0.9956900705155768
female,43-45,-2,1.2755989121866538,1.2756616723119052,1.275616943109492
female,43-45,-1,1.6555352743772143,1.6555828075923358,1.6555380783899225
female,43-45,0,2.04989944440334,2.0497604298485337,2.04971570064612
female,43-45,1,1.9643880328329708,1.9644022979939704,1.964357568791557
female,43-45,2,1.909686411334184,1.9096540510864446,1.9096093218840313
female,43-45,3,1.73609109436054,1.736111904369495,1.7360671751670818
female,43-45,4,1.5938541909363508,1.5938525077173356,1.5938077785149223
female,43-45,5,1.4284145110802615,1.428419375289496,1.4283746460870828
female,43-45,6,1.2550077146588696,1.2549994274240661,1.2549546982216528
female,43-45,7,1.0191210179019465,1.0191599332045578,1.0191152040021445
female,43-45,8,0.859314993033088,0.8593105745217792,0.8592658453193658
female,43-45,9,0.6507925831473318,0.650807451020678,0.6507627218182647
female,43-45,10,0.4436797445901645,0.4437149547397778,0.4436702255373644
female,43-45,11,0.3080401601586908,0.30801067119445596,0.3079659419920426
female,43-45,12,0.0407271816604118,0.040801008166218775,0.0407562789638054
female,43-45,13,-0.049220297735830046,-0.04925379727066179,-0.049298526473075165
female,43-45,14,-0.2625511281764386,-0.2625265397691789,-0.2625712689715923
female,43-45,15,-0.43542240336883287,-0.4354530961334694,-0.43549782533588277
female,43-45,16,-0.7600064224451497,-0.7599186918971,-0.7599634210995134
female,43-45,17,-0.8931048081533749,-0.8930728278879337,-0.8931175570903471
female,43-45,18,-0.9447690967027592,-0.9448057635785423,-0.9448504927809557
female,43-45,19,-1.1301939711432676,-1.1301682750731883,-1.1302130042756016
female,43-45,20,-1.278572129585764,-1.2785293550361267,-1.27857408423854
female,43-45,21,-1.3198055308721384,-1.3199416119620029,-1.3199863411644162
female,43-45,22,-1.964103868294972,-1.9637375372310972,-1.9637822664335105
female,43-45,23,-1.8281890817409403,-1.8281927975627494,-1.8282375267651627
female,43-45,24,-1.706919054839682,-1.7071060438675427,-1.707150773069956
female,43-45,25,-2.3133515211022626,-2.313055573569498,-2.3131003027719115
female,43-45,26,-2.2886306007919814,-2.2886462094327693,-2.288690938635183
female,43-45,27,-2.3087955920396355,-2.3087822325896146,-2.308826961792028
female,43-45,28,-9.210340371976182,-2.3087955905646913,-2.308840319767105
female,43-45,29,-9.210340371976182,-2.3087955905661954,-2.308840319768609
female,43-45,30,-9.210340371976182,-2.3087955905661954,-2.308840319768609
female,43-45,31,-9.210340371976182,-2.3087955905661954,-2.308840319768609
female,43-45,32,-9.210340371976182,-2.3087955905661954,-2.308840319768609
female,43-45,33,-9.210340371976182,-2.3087955905661954,-2.308840319768609
female,43-45,34,-9.210340371976182,-2.3087955905661954,-2.308840319768609
female,43-45,35,-9.210340371976182,-2.3087955905661954,-2.308840319768609
female,43-45,36,-9.210340371976182,-2.3087955905661954,-2.308840319768609
female,43-45,37,-9.210340371976182,-9.210340371976182,-9.210385101178595
female,43-45,38,-9.210340371976182,-9.210340371976182,-9.210385101178595
female,43-45,39,-9.210340371976182,-9.210340371976182,-9.210385101178595
female,43-45,40,-9.210340371976182,-9.210340371976182,-9.210385101178595
female,43-45,41,-9.210340371976182,-9.210340371976182,-9.210385101178595
female,43-45,42,-9.210340371976182,-9.210340371976182,-9.210385101178595
female,43-45,43,-9.210340371976182,-9.210340371976182,-9.210385101178595
female,43-45,44,-9.210340371976182,-9.210340371976182,-9.210385101178595
female,43-45,45,-9.210340371976182,-9.210340371976182,-9.210385101178595
female,43-45,46,-9.210340371976182,-9.210340371976182,-9.210385101178595
female,43-45,47,-9.210340371976182,-9.210340371976182,-9.210385101178595
female,43-45,48,-9.210340371976182,-9.210340371976182,-9.210385101178595
female,43-45,49,-9.210340371976182,-9.210340371976182,-9.210385101178595
female,43-45,50,-9.210340371976182,-9.210340371976182,-9.210385101178595
female,43-45,51,-9.210340371976182,-9.210340371976182,-9.210385101178595
female,43-45,52,-9.210340371976182,-9.210340371976182,-9.210385101178595
female,46-49,-52,-9.210340371976182,-9.210340371976182,-9.210359355535225
female,46-49,-51,-9.210340371976182,-9.210340371976182,-9.210359355535225
female,46-49,-50,-9.210340371976182,-9.210340371976182,-9.210359355535225
female,46-49,-49,-9.210340371976182,-9.210340371976182,-9.210359355535225
female,46-49,-48,-9.210340371976182,-9.210340371976182,-9.210359355535225
female,46-49,-47,-9.210340371976182,-9.210340371976182,-9.210359355535225
female,46-49,-46,-9.210340371976182,-9.210340371976182,-9.210359355535225
female,46-49,-45,-9.210340371976182,-9.210340371976182,-9.210359355535225
female,46-49,-44,-9.210340371976182,-9.210340371976182,-9.210359355535225
female,46-49,-43,-9.210340371976182,-9.210340371976182,-9.210359355535225
female,46-49,-42,-9.210340371976182,-9.210340371976182,-9.210359355535225
female,46-49,-41,-9.210340371976182,-9.210340371976182,-9.210359355535225
female,46-49,-40,-9.210340371976182,-7.870207288304456,-7.870226271863499
female,46-49,-39,-9.210340371976182,-7.870207288304456,-7.870226271863499
female,46-49,-38,-9.210340371976182,-7.870207288304456,-7.870226271863499
female,46-49,-37,-9.210340371976182,-7.870207288304456,-7.870226271863499
female,46-49,-36,-9.210340371976182,-7.870207288304456,-7.870226271863499
female,46-49,-35,-9.210340371976182,-7.870207288304456,-7.870226271863499
female,46-49,-34,-9.210340371976182,-7.870207288304456,-7.870226271863499
female,46-49,-33,-9.210340371976182,-7.870207288304456,-7.870226271863499
female,46-49,-32,-9.210340371976182,-7.870207287825292,-7.870226271384336
female,46-49,-31,-7.870207271726323,-7.865961274916251,-7.865980258475295
female,46-49,-30,-5.877004701380637,-5.876862662673439,-5.876881646232483
female,46-49,-29,-5.42964511053495,-5.429797691433854,-5.429816674992898
female,46-49,-28,-5.60573478735498,-5.605751753796067,-5.605770737355111
female,46-49,-27,-5.823613179696664,-5.823148249233602,-5.823167232792646
female,46-49,-26,-5.061190457174003,-5.06101146828308,-5.061030451842123
female,46-49,-25,-4.329781101962934,-4.330090707790011,-4.330109691349055
female,46-49,-24,-4.846218091614551,-4.845783495796298,-4.845802479355342
female,46-49,-23,-4.360886322340545,-4.361121001684784,-4.3611399852438275
female,46-49,-22,-4.7440371715232095,-4.743380405687916,-4.74339938924696
female,46-49,-21,-3.81342324813848,-3.813608605630053,-3.813627589189097
female,46-49,-20,-3.7364145298529654,-3.736107078146488,-3.736126061705532
female,46-49,-19,-3.0256612666973237,-3.0257539048565802,-3.025772888415624
female,46-49,-18,-2.788441862387159,-2.788476078725845,-2.788495062284889
female,46-49,-17,-2.6679592240185657,-2.6678877948221302,-2.667906778381174
female,46-49,-16,-2.365499699193681,-2.365457711625881,-2.365476695184925
female,46-49,-15,-2.002489053542755,-2.0025082596616084,-2.0025272432206522
female,46-49,-14,-1.7470748270327967,-1.7470068562371155,-1.747025839796159
female,46-49,-13,-1.3576023493284455,-1.3575972649094483,-1.357616248468492
female,46-49,-12,-1.0298934439307064,-1.0299484299793467,-1.0299674135383903
female,46-49,-11,-0.8959947099950043,-0.8958842839337555,-0.8959032674927992
female,46-49,-10,-0.49452178055472107,-0.49459461240162345,-0.4946135959606671
female,46-49,-9,-0.3634106995145313,-0.3633943113856385,-0.36341329494468216
female,46-49,-8,-0.1957958796123153,-0.19570646129570457,-0.19572544485474827
female,46-49,-7,0.17037847956262497,0.1703477881818904,0.1703288046228467
female,46-49,-6,0.38037531941756675,0.3804116241779161,0.3803926406188724
female,46-49,-5,0.6599670953834983,0.6599398159910739,0.6599208324320301
female,46-49,-4,0.8274081530405718,0.8274441063499232,0.8274251227908794
female,46-49,-3,1.072888471522785,1.0729176192254442,1.0728986356664005
female,46-49,-2,1.3563327894843098,1.3563704969165307,1.356351513357487
female,46-49,-1,1.6770842979371392,1.6771362549632574,1.6771172714042137
female,46-49,0,2.04623101089157,2.0461135526551524,2.0460945690961085
female,46-49,1,2.01225253703053,2.012218738650755,2.0121997550917112
female,46-49,2,1.8692188830114607,1.8692319127985555,1.8692129292395119
female,46-49,3,1.7498131385506723,1.7498001074988037,1.74978112393976
female,46-49,4,1.572117870862731,1.5721352959391126,1.572116312380069
female,46-49,5,1.4188389697967987,1.4188343758935988,1.4188153923345552
female,46-49,6,1.2193631433450964,1.219384291967076,1.2193653084080325
female,46-49,7,1.0478693554395477,1.0478800829018609,1.0478610993428172
female,46-49,8,0.8774611186924631,0.8774812564850514,0.8774622729260076
female,46-49,9,0.7431079225039773,0.7430980403054076,0.7430790567463639
female,46-49,10,0.5540733818133644,0.5540708027142782,0.5540518191552345
female,46-49,11,0.3171993676402341,0.3172489632869866,0.3172299797279429
female,46-49,12,0.19646230604802958,0.19642427639249915,0.19640529283345545
female,46-49,13,-0.08296057781690835,-0.08292195477432654,-0.08294093833337024
female,46-49,14,-0.32247290422671704,-0.32245293560524335,-0.322471919164287
female,46-49,15,-0.5755235380940322,-0.5753818891908156,-0.5754008727498593
female,46-49,16,-0.4557223499250566,-0.4557838618862445,-0.45580284544528815
female,46-49,17,-0.527844075298007,-0.5279256062276969,-0.5279445897867406
female,46-49,18,-0.9395905752714995,-0.9394301496960998,-0.9394491332551436
female,46-49,19,-1.0012614664014274,-1.0012858556549418,-1.0013048392139854
female,46-49,20,-1.160634498639687,-1.1606322215832907,-1.1606512051423343
female,46-49,21,-1.36244852495394,-1.3623836119014876,-1.3624025954605312
female,46-49,22,-1.4172151956085828,-1.4171965703892107,-1.4172155539482543
female,46-49,23,-1.4479403678517817,-1.4480094972451862,-1.4480284808042299
female,46-49,24,-2.1498737292965364,-2.1491945770942626,-2.1492135606533065
female,46-49,25,-9.210340371976182,-2.1498737274678676,-2.1498927110269115
female,46-49,26,-9.210340371976182,-2.149873727544373,-2.149892711103417
female,46-49,27,-9.210340371976182,-2.1498737275443727,-2.1498927111034165
female,46-49,28,-9.210340371976182,-2.149873727544373,-2.149892711103417
female,46-49,29,-9.210340371976182,-2.1498737275443727,-2.1498927111034165
female,46-49,30,-9.210340371976182,-2.149873727544373,-2.149892711103417
female,46-49,31,-9.210340371976182,-2.149873727544373,-2.149892711103417
female,46-49,32,-9.210340371976182,-2.149873727544373,-2.149892711103417
female,46-49,33,-9.210340371976182,-2.1498737275443727,-2.1498927111034165
female,46-49,34,-9.210340371976182,-9.210340371976182,-9.210359355535225
female,46-49,35,-9.210340371976182,-9.210340371976182,-9.210359355535225
female,46-49,36,-9.210340371976182,-9.210340371976182,-9.210359355535225
female,46-49,37,-9.210340371976182,-9.210340371976182,-9.210359355535225
female,46-49,38,-9.210340371976182,-9.210340371976182,-9.210359355535225
female,46-49,39,-9.210340371976182,-9.210340371976182,-9.210359355535225
female,46-49,40,-9.210340371976182,-9.210340371976182,-9.210359355535225
female,46-49,41,-9.210340371976182,-9.210340371976182,-9.210359355535225
female,46-49,42,-9.210340371976182,-9.210340371976182,-9.210359355535225
female,46-49,43,-9.210340371976182,-9.210340371976182,-9.210359355535225
female,46-49,44,-9.210340371976182,-9.210340371976182,-9.210359355535225
female,46-49,45,-9.210340371976182,-9.210340371976182,-9.210359355535225
female,46-49,46,-9.210340371976182,-9.210340371976182,-9.210359355535225
female,46-49,47,-9.210340371976182,-9.210340371976182,-9.210359355535225
female,46-49,48,-9.210340371976182,-9.210340371976182,-9.210359355535225
female,46-49,49,-9.210340371976182,-9.210340371976182,-9.210359355535225
female,46-49,50,-9.210340371976182,-9.210340371976182,-9.210359355535225
female,46-49,51,-9.210340371976182,-9.210340371976182,-9.210359355535225
female,46-49,52,-9.210340371976182,-9.210340371976182,-9.210359355535225
female,50-54,-52,-9.210340371976182,-9.210340371976182,-9.210357364409893
female,50-54,-51,-9.210340371976182,-9.210340371976182,-9.210357364409893
female,50-54,-50,-9.210340371976182,-9.210340371976182,-9.210357364409893
female,50-54,-49,-9.210340371976182,-9.210340371976182,-9.210357364409893
female,50-54,-48,-9.210340371976182,-9.210340371976182,-9.210357364409893
female,50-54,-47,-9.210340371976182,-9.210340371976182,-9.210357364409893
female,50-54,-46,-9.210340371976182,-9.210340371976182,-9.210357364409893
female,50-54,-45,-9.210340371976182,-6.424854237931446,-6.424871230365158
female,50-54,-44,-9.210340371976182,-6.424854237931445,-6.424871230365157
female,50-54,-43,-9.210340371976182,-6.424854237931445,-6.424871230365157
female,50-54,-42,-9.210340371976182,-6.424854237931446,-6.424871230365158
female,50-54,-41,-9.210340371976182,-6.424854237931445,-6.424871230365157
female,50-54,-40,-9.210340371976182,-6.424854237931446,-6.424871230365158
female,50-54,-39,-9.210340371976182,-6.424854237931445,-6.424871230365157
female,50-54,-38,-9.210340371976182,-6.424854237931445,-6.424871230365157
female,50-54,-37,-9.210340371976182,-6.424854237589771,-6.4248712300234825
female,50-54,-36,-6.424854222349889,-6.421824725141948,-6.42184171757566
female,50-54,-35,-4.72201348251252,-4.722514536236798,-4.72253152867051
female,50-54,-34,-5.977756709506413,-5.977190382317457,-5.977207374751169
female,50-54,-33,-5.948045896651254,-5.948277462133847,-5.9482944545675585
female,50-54,-32,-6.699582320855296,-6.6970486384961605,-6.697065630929872
female,50-54,-31,-4.64835492379536,-4.648831300298906,-4.648848292732618
female,50-54,-30,-5.4299598323834735,-5.4291717271273745,-5.429188719561086
female,50-54,-29,-4.65459823566319,-4.654885371928649,-4.654902364362361
female,50-54,-28,-5.033786745706742,-5.033326144322205,-5.033343136755916
female,50-54,-27,-4.378578891025915,-4.378907415808176,-4.378924408241888
female,50-54,-26,-5.082281466671256,-5.081530682353426,-5.081547674787138
female,50-54,-25,-4.279128082509115,-4.279420401740747,-4.279437394174459
female,50-54,-24,-4.64817026762299,-4.6474535338830485,-4.64747052631676
female,50-54,-23,-3.631287752025589,-3.631372994296516,-3.6313899867302277
female,50-54,-22,-3.2652210651734026,-3.265319192109491,-3.2653361845432025
female,50-54,-21,-3.232961223876862,-3.232703386479952,-3.2327203789136636
female,50-54,-20,-2.6164360400303686,-2.616592884252354,-2.6166098766860655
female,50-54,-19,-2.594292109429789,-2.5942725171760923,-2.594289509609804
female,50-54,-18,-2.5102915015021816,-2.5102488504778457,-2.5102658429115574
female,50-54,-17,-2.303837575575332,-2.303715810537409,-2.303732802971121
female,50-54,-16,-1.8337302450145032,-1.8338393161989393,-1.8338563086326507
female,50-54,-15,-1.7584303659410794,-1.7583411096627828,-1.7583581020964942
female,50-54,-14,-1.451541681042893,-1.451500219002148,-1.4515172114358594
female,50-54,-13,-1.101495001289351,-1.1014940690861057,-1.1015110615198171
female,50-54,-12,-0.8215575746754967,-0.8215971066896075,-0.8216140991233191
female,50-54,-11,-0.6907400588873116,-0.6905941017446253,-0.6906110941783369
female,50-54,-10,-0.23247581558625313,-0.23256187324356126,-0.2325788656772728
female,50-54,-9,-0.11045143463880973,-0.11045757214274349,-0.110474564576455
female,50-54,-8,-0.009072716224338449,-0.0089779726679297,-0.008994965101641222
female,50-54,-7,0.32611796784815106,0.32609912961160836,0.32608213717789686
female,50-54,-6,0.5466056900730382,0.5466129472023086,0.546595954768597
female,50-54,-5,0.7534859379036236,0.7535017137801083,0.7534847213463968
female,50-54,-4,0.9675528624259379,0.967578118268586,0.9675611258348744
female,50-54,-3,1.20403669453771,1.2040438397410396,1.2040268473073281
female,50-54,-2,1.4089285263661135,1.4089842501757466,1.4089672577420351
female,50-54,-1,1.706565638409921,1.706598552802464,1.7065815603687526
female,50-54,0,2.007191651934705,2.0070883373893955,2.007071344955684
female,50-54,1,1.9544818255357996,1.954468142967395,1.9544511505336835
female,50-54,2,1.8543518363579026,1.8543384813488857,1.8543214889151742
female,50-54,3,1.6974997421179192,1.6975134657510822,1.6974964733173707
female,50-54,4,1.5595425853270215,1.5595362976307252,1.5595193051970138
female,50-54,5,1.3784608417289175,1.378482172018511,1.3784651795847995
female,50-54,6,1.236611947123485,1.2366038450845733,1.2365868526508619
female,50-54,7,1.0457587306126968,1.0457954839898171,1.0457784915561057
female,50-54,8,0.9405228063833158,0.9405140942160977,0.9404971017823861
female,50-54,9,0.7910531478073812,0.7910595246618021,0.7910425322280905
female,50-54,10,0.6325276790690212,0.6325368763120326,0.632519883878321
female,50-54,11,0.4657402419121187,0.4657549168932548,0.4657379244595433
female,50-54,12,0.3018158230851577,0.30183825254995905,0.30182126011624755
female,50-54,13,0.16993723794595328,0.1699151190056213,0.16989812657190978
female,50-54,14,-0.08411970175445027,-0.08407668125544052,-0.08409367368915203
female,50-54,15,-0.28921681718320663,-0.2891678620995318,-0.28918485453324333
female,50-54,16,-0.39311686875549573,-0.3931097629001258,-0.3931267553338373
female,50-54,17,-0.5183670120605521,-0.5183471087449207,-0.5183641011786323
female,50-54,18,-0.6761933976366431,-0.6761025436376285,-0.67611953607134
female,50-54,19,-0.6159928779571969,-0.6161128501190861,-0.6161298425527977
female,50-54,20,-1.3692482193216207,-1.3685089383770415,-1.368525930810753
female,50-54,21,-9.210340371976182,-1.3692482171064178,-1.3692652095401292
female,50-54,22,-9.210340371976182,-1.369248217189698,-1.3692652096234095
female,50-54,23,-9.210340371976182,-1.369248217189698,-1.3692652096234095
female,50-54,24,-9.210340371976182,-1.3692482171896982,-1.3692652096234097
female,50-54,25,-9.210340371976182,-1.369248217189698,-1.3692652096234095
female,50-54,26,-9.210340371976182,-1.369248217189698,-1.3692652096234095
female,50-54,27,-9.210340371976182,-1.369248217189698,-1.3692652096234095
female,50-54,28,-9.210340371976182,-1.3692482171896982,-1.3692652096234097
female,50-54,29,-9.210340371976182,-1.369248217189698,-1.3692652096234095
female,50-54,30,-9.210340371976182,-9.210340371976182,-9.210357364409893
female,50-54,31,-9.210340371976182,-9.210340371976182,-9.210357364409893
female,50-54,32,-9.210340371976182,-9.210340371976182,-9.210357364409893
female,50-54,33,-9.210340371976182,-9.210340371976182,-9.210357364409893
female,50-54,34,-9.210340371976182,-9.210340371976182,-9.210357364409893
female,50-54,35,-9.210340371976182,-9.210340371976182,-9.210357364409893
female,50-54,36,-9.210340371976182,-9.210340371976182,-9.210357364409893
female,50-54,37,-9.210340371976182,-9.210340371976182,-9.210357364409893
female,50-54,38,-9.210340371976182,-9.210340371976182,-9.210357364409893
female,50-54,39,-9.210340371976182,-9.210340371976182,-9.210357364409893
female,50-54,40,-9.210340371976182,-9.210340371976182,-9.210357364409893
female,50-54,41,-9.210340371976182,-9.210340371976182,-9.210357364409893
female,50-54,42,-9.210340371976182,-9.210340371976182,-9.210357364409893
female,50-54,43,-9.210340371976182,-9.210340371976182,-9.210357364409893
female,50-54,44,-9.210340371976182,-9.210340371976182,-9.210357364409893
female,50-54,45,-9.210340371976182,-9.210340371976182,-9.210357364409893
female,50-54,46,-9.210340371976182,-9.210340371976182,-9.210357364409893
female,50-54,47,-9.210340371976182,-9.210340371976182,-9.210357364409893
female,50-54,48,-9.210340371976182,-9.210340371976182,-9.210357364409893
female,50-54,49,-9.210340371976182,-9.210340371976182,-9.210357364409893
female,50-54,50,-9.210340371976182,-9.210340371976182,-9.210357364409893
female,50-54,51,-9.210340371976182,-9.210340371976182,-9.210357364409893
female,50-54,52,-9.210340371976182,-9.210340371976182,-9.210357364409893
female,55-59,-52,-9.210340371976182,-9.210340371976182,-9.210398372076492
female,55-59,-51,-9.210340371976182,-9.210340371976182,-9.210398372076492
female,55-59,-50,-9.210340371976182,-5.576052424623862,-5.576110424724172
female,55-59,-49,-9.210340371976182,-5.576052424623862,-5.576110424724172
female,55-59,-48,-9.210340371976182,-5.576052424623862,-5.576110424724172
female,55-59,-47,-9.210340371976182,-5.576052424623862,-5.576110424724172
female,55-59,-46,-9.210340371976182,-5.576052424623862,-5.576110424724172
female,55-59,-45,-9.210340371976182,-5.576052424623862,-5.576110424724172
female,55-59,-44,-9.210340371976182,-5.576052424623862,-5.576110424724172
female,55-59,-43,-9.210340371976182,-5.576052424623862,-5.576110424724172
female,55-59,-42,-9.210340371976182,-5.576052424577527,-5.576110424677837
female,55-59,-41,-5.576052409525614,-5.575641037954056,-5.575699038054366
female,55-59,-40,-5.091267396314965,-5.091839779852415,-5.091897779952725
female,55-59,-39,-10.98605653556193,-9.210340371976182,-9.210398372076492
female,55-59,-38,-4.79350709924637,-4.793956736790924,-4.794014736891234
female,55-59,-37,-5.437848766425119,-5.437292567195341,-5.437350567295651
female,55-59,-36,-4.765024463504263,-4.765285179829834,-4.765343179930144
female,55-59,-35,-5.096500355076653,-5.096461504526174,-5.096519504626484
female,55-59,-34,-5.438523474144402,-5.43777031096407,-5.43782831106438
female,55-59,-33,-4.379805443294586,-4.380270600111536,-4.380328600211846
female,55-59,-32,-5.713377820378902,-5.711631048491314,-5.711689048591624
female,55-59,-31,-4.480815847017851,-4.481080367911125,-4.481138368011435
female,55-59,-30,-4.537902077644876,-4.537952900739039,-4.538010900839349
female,55-59,-29,-4.789031968841165,-4.788604191018028,-4.7886621911183385
female,55-59,-28,-4.079959459926192,-4.080209334256877,-4.080267334357187
female,55-59,-27,-4.329983534044585,-4.329734882439083,-4.329792882539393
female,55-59,-26,-3.945615638638572,-3.945635458155259,-3.9456934582555694
female,55-59,-25,-3.6860517364180443,-3.686156221376914,-3.6862142214772247
female,55-59,-24,-3.7632611737987935,-3.7627493011744773,-3.762807301274788
female,55-59,-23,-2.832164008659946,-2.8325383917495794,-2.83259639184989
female,55-59,-22,-3.535309325449769,-3.534583351401881,-3.5346413515021915
female,55-59,-21,-2.775142460436617,-2.7753309588516317,-2.7753889589519423
female,55-59,-20,-2.7709513806772454,-2.7707980965169225,-2.770856096617233
female,55-59,-19,-2.3769706199932368,-2.37699689326775,-2.3770548933680606
female,55-59,-18,-2.1346805464761984,-2.134630390239012,-2.1346883903393223
female,55-59,-17,-1.8070460314419048,-1.8070355094453054,-1.807093509545616
female,55-59,-16,-1.5208282380473763,-1.520914932521509,-1.5209729326218195
female,55-59,-15,-1.522124845542943,-1.522047538643093,-1.5221055387434035
female,55-59,-14,-1.3062439644539428,-1.306197087691049,-1.3062550877913595
female,55-59,-13,-1.000521759866341,-1.000526675009913,-1.0005846751102236
female,55-59,-12,-0.7619584787436225,-0.761930923686185,-0.7619889237864955
female,55-59,-11,-0.4911491917221036,-0.4911115658390947,-0.4911695659394052
female,55-59,-10,-0.18105842958692292,-0.1810843227947394,-0.1811423228950499
female,55-59,-9,-0.0026587059804686125,-0.0026425040428126314,-0.002700504143123121
female,55-59,-8,0.18833928069550765,0.18840172432478314,0.18834372422447265
female,55-59,-7,0.4913029153007217,0.4912643429720825,0.491206342871772
female,55-59,-6,0.6235770610253587,0.623631133650713,0.6235731335504024
female,55-59,-5,0.8716426613860534,0.8716256230277192,0.8715676229274086
female,55-59,-4,1.0271104398785778,1.0271461539396263,1.0270881538393157
female,55-59,-3,1.2509570606944451,1.2509539471949318,1.2508959470946213
female,55-59,-2,1.4254059836295976,1.425468993659525,1.4254109935592145
female,55-59,-1,1.723093945565659,1.7231297731586444,1.7230717730583338
female,55-59,0,2.0315759723996174,2.031457270294425,2.0313992701941146
female,55-59,1,1.9385976845816928,1.9386043646095654,1.9385463645092549
female,55-59,2,1.859909087068211,1.8598908368064264,1.8598328367061159
female,55-59,3,1.7136907651076962,1.7137008385737178,1.7136428384734073
female,55-59,4,1.5755705181750916,1.575580248151181,1.5755222480508704
female,55-59,5,1.4445439544814394,1.444564089537703,1.4445060894373924
female,55-59,6,1.3547812291260766,1.35478214423465,1.3547241441343394
female,55-59,7,1.2506360918645656,1.2506216329706306,1.25056363287032
female,55-59,8,1.070898885188358,1.0709414798582682,1.0708834797579576
female,55-59,9,0.9840225915737036,0.9840295712218468,0.9839715711215362
female,55-59,10,0.9018064065594484,0.9017767933910739,0.9017187932907633
female,55-59,11,0.6940107451566745,0.6940686748901721,0.6940106747898616
female,55-59,12,0.6019390838595281,0.6019083611112427,0.6018503610109321
female,55-59,13,0.2643205604623823,0.2644899424235549,0.2644319423232444
female,55-59,14,0.21317283871511736,0.21315940518859525,0.21310140508828476
female,55-59,15,-0.05454251273344828,-0.05433967468641204,-0.054397674786722534
female,55-59,16,-9.210340371976182,-0.05454250940375722,-0.05460050950406771
female,55-59,17,-9.210340371976182,-0.05454250942660059,-0.05460050952691108
female,55-59,18,-9.210340371976182,-0.05454250942660071,-0.0546005095269112
female,55-59,19,-9.210340371976182,-0.05454250942660083,-0.05460050952691132
female,55-59,20,-9.210340371976182,-0.05454250942660071,-0.0546005095269112
female,55-59,21,-9.210340371976182,-0.05454250942660071,-0.0546005095269112
female,55-59,22,-9.210340371976182,-0.05454250942660059,-0.05460050952691108
female,55-59,23,-9.210340371976182,-0.05454250942660059,-0.05460050952691108
female,55-59,24,-9.210340371976182,-0.05454250942660071,-0.0546005095269112
female,55-59,25,-9.210340371976182,-9.210340371976182,-9.210398372076492
female,55-59,26,-9.210340371976182,-9.210340371976182,-9.210398372076492
female,55-59,27,-9.210340371976182,-9.210340371976182,-9.210398372076492
female,55-59,28,-9.210340371976182,-9.210340371976182,-9.210398372076492
female,55-59,29,-9.210340371976182,-9.210340371976182,-9.210398372076492
female,55-59,30,-9.210340371976182,-9.210340371976182,-9.210398372076492
female,55-59,31,-9.210340371976182,-9.210340371976182,-9.210398372076492
female,55-59,32,-9.210340371976182,-9.210340371976182,-9.210398372076492
female,55-59,33,-9.210340371976182,-9.210340371976182,-9.210398372076492
female,55-59,34,-9.210340371976182,-9.210340371976182,-9.210398372076492
female,55-59,35,-9.210340371976182,-9.210340371976182,-9.210398372076492
female,55-59,36,-9.210340371976182,-9.210340371976182,-9.210398372076492
female,55-59,37,-9.210340371976182,-9.210340371976182,-9.210398372076492
female,55-59,38,-9.210340371976182,-9.210340371976182,-9.210398372076492
female,55-59,39,-9.210340371976182,-9.210340371976182,-9.210398372076492
female,55-59,40,-9.210340371976182,-9.210340371976182,-9.210398372076492
female,55-59,41,-9.210340371976182,-9.210340371976182,-9.210398372076492
female,55-59,42,-9.210340371976182,-9.210340371976182,-9.210398372076492
female,55-59,43,-9.210340371976182,-9.210340371976182,-9.210398372076492
female,55-59,44,-9.210340371976182,-9.210340371976182,-9.210398372076492
female,55-59,45,-9.210340371976182,-9.210340371976182,-9.210398372076492
female,55-59,46,-9.210340371976182,-9.210340371976182,-9.210398372076492
female,55-59,47,-9.210340371976182,-9.210340371976182,-9.210398372076492
female,55-59,48,-9.210340371976182,-9.210340371976182,-9.210398372076492
female,55-59,49,-9.210340371976182,-9.210340371976182,-9.210398372076492
female,55-59,50,-9.210340371976182,-9.210340371976182,-9.210398372076492
female,55-59,51,-9.210340371976182,-9.210340371976182,-9.210398372076492
female,55-59,52,-9.210340371976182,-9.210340371976182,-9.210398372076492
female,60-70,-52,-9.210340371976182,-9.210340371976182,-9.213607457899034
female,60-70,-51,-9.210340371976182,-9.210340371976182,-9.213607457899034
female,60-70,-50,-9.210340371976182,-9.210340371976182,-9.213607457899034
female,60-70,-49,-6.671880878922628,-6.671801392575585,-6.675068478498437
female,60-70,-48,-6.102298929235805,-6.102354163968433,-6.105621249891285
female,60-70,-47,-5.96840944801378,-5.967856769740119,-5.971123855662971
female,60-70,-46,-5.067209634764149,-5.067703080082337,-5.070970166005189
female,60-70,-45,-6.923434326577317,-6.921805262033609,-6.925072347956461
female,60-70,-44,-6.758448054339415,-6.757437876050416,-6.760704961973268
female,60-70,-43,-5.425103048826066,-5.425468773921004,-5.428735859843856
female,60-70,-42,-5.9289896312425405,-5.928510125288146,-5.931777211210998
female,60-70,-41,-5.305342958054516,-5.30560554046557,-5.308872626388422
female,60-70,-40,-5.687170732039977,-5.686994430971298,-5.69026151689415
female,60-70,-39,-5.643775021387655,-5.64329416547993,-5.646561251402782
female,60-70,-38,-4.7141086196196555,-4.71440772808036,-4.717674814003212
female,60-70,-37,-5.040889024829571,-5.040798284214216,-5.044065370137068
female,60-70,-36,-5.196713720675181,-5.196150090628353,-5.199417176551205
female,60-70,-35,-4.251030912313844,-4.251273904094079,-4.254540990016931
female,60-70,-34,-4.348486867622985,-4.348560985113696,-4.3518280710365485
female,60-70,-33,-4.7858301684153135,-4.785411532629136,-4.788678618551988
female,60-70,-32,-4.253578802957631,-4.25367672879816,-4.256943814721012
female,60-70,-31,-4.114980403003801,-4.115002002067862,-4.118269087990714
female,60-70,-30,-4.046286446791389,-4.046390285630925,-4.049657371553777
female,60-70,-29,-4.349787392960887,-4.349179531361863,-4.352446617284715
female,60-70,-28,-3.4292156491050267,-3.4294673755941845,-3.432734461517037
female,60-70,-27,-3.5651754321042017,-3.5650031902900223,-3.568270276212875
female,60-70,-26,-3.2483887320606755,-3.2485361699290016,-3.251803255851854
female,60-70,-25,-3.4309330247254333,-3.430694920279003,-3.4339620062018557
female,60-70,-24,-3.0117327791671187,-3.01160521714907,-3.0148723030719227
female,60-70,-23,-2.443606701646464,-2.4437403362909653,-2.447007422213818
female,60-70,-22,-2.395961952573074,-2.3959048814915587,-2.399171967414411
female,60-70,-21,-2.197557438258742,-2.197582973574441,-2.2008500594972937
female,60-70,-20,-2.0967309916511936,-2.0966161288137917,-2.099883214736644
female,60-70,-19,-1.7253345259290103,-1.7253691747824973,-1.7286362607053496
female,60-70,-18,-1.53020248995822,-1.530182476972985,-1.5334495628958373
female,60-70,-17,-1.3167465367552462,-1.316749934978622,-1.3200170209014743
female,60-70,-16,-1.1499398990687646,-1.149892996626803,-1.1531600825496553
female,60-70,-15,-0.8940992500437098,-0.8940870990176477,-0.8973541849405
female,60-70,-14,-0.6637492497528449,-0.6637447988110833,-0.6670118847339356
female,60-70,-13,-0.47053697399648914,-0.47050596068878525,-0.4737730466116376
female,60-70,-12,-0.2402485703021053,-0.2402698256142971,-0.24353691153714946
female,60-70,-11,-0.11447501957793434,-0.11437095260530827,-0.11763803852816063
female,60-70,-10,0.23417938420443368,0.23415354982635542,0.23088646390350306
female,60-70,-9,0.42376139329326956,0.4237547182813803,0.42048763235852793
female,60-70,-8,0.5612984842734813,0.5613211657686252,0.5580540798457729
female,60-70,-7,0.7358045168468069,0.7358387133211013,0.732571627398249
female,60-70,-6,0.9654305490500897,0.9654396222644869,0.9621725363416346
female,60-70,-5,1.1719014407379769,1.1718804254224047,1.1686133394995524
female,60-70,-4,1.2863294063799975,1.2863504496723073,1.283083363749455
female,60-70,-3,1.4428389223615046,1.4428694838011047,1.4396023978782524
female,60-70,-2,1.6560235169981807,1.6560677610835672,1.652800675160715
female,60-70,-1,1.942447591706872,1.9425044146314911,1.9392373287086389
female,60-70,0,2.302441164357093,2.3023198754574263,2.299052789534574
female,60-70,1,2.239305396657619,2.239305144131767,2.2360380582089143
female,60-70,2,2.1486738282312046,2.148697644160781,2.1454305582379285
female,60-70,3,2.1030235538412994,2.1029965644249673,2.0997294785021148
female,60-70,4,1.9296230599274307,1.929680926887634,1.9264138409647817
female,60-70,5,1.86858723719235,1.8685846449226675,1.8653175589998152
female,60-70,6,1.7574642690330247,1.7574711801894656,1.7542040942666133
female,60-70,7,1.583530541908846,1.5835759725786451,1.5803088866557928
female,60-70,8,1.425372266291034,1.4254249469403002,1.422157861017448
female,60-70,9,1.3014093775603714,1.3014581947345223,1.29819110881167
female,60-70,10,1.1761784919806566,1.1762685168085065,1.1730014308856542
female,60-70,11,-9.210340371976182,1.1761805107593488,1.1729134248364965
female,60-70,12,-9.210340371976182,1.1761805107494383,1.172913424826586
female,60-70,13,-9.210340371976182,1.176180510749438,1.1729134248265858
female,60-70,14,-9.210340371976182,1.1761805107494383,1.172913424826586
female,60-70,15,-9.210340371976182,1.1761805107494383,1.172913424826586
female,60-70,16,-9.210340371976182,1.176180510749438,1.1729134248265858
female,60-70,17,-9.210340371976182,1.176180510749438,1.1729134248265858
female,60-70,18,-9.210340371976182,1.176180510749438,1.1729134248265858
female,60-70,19,-9.210340371976182,1.176180510749438,1.1729134248265858
female,60-70,20,-9.210340371976182,-9.210340371976182,-9.213607457899034
female,60-70,21,-9.210340371976182,-9.210340371976182,-9.213607457899034
female,60-70,22,-9.210340371976182,-9.210340371976182,-9.213607457899034
female,60-70,23,-9.210340371976182,-9.210340371976182,-9.213607457899034
female,60-70,24,-9.210340371976182,-9.210340371976182,-9.213607457899034
female,60-70,25,-9.210340371976182,-9.210340371976182,-9.213607457899034
female,60-70,26,-9.210340371976182,-9.210340371976182,-9.213607457899034
female,60-70,27,-9.210340371976182,-9.210340371976182,-9.213607457899034
female,60-70,28,-9.210340371976182,-9.210340371976182,-9.213607457899034
female,60-70,29,-9.210340371976182,-9.210340371976182,-9.213607457899034
female,60-70,30,-9.210340371976182,-9.210340371976182,-9.213607457899034
female,60-70,31,-9.210340371976182,-9.210340371976182,-9.213607457899034
female,60-70,32,-9.210340371976182,-9.210340371976182,-9.213607457899034
female,60-70,33,-9.210340371976182,-9.210340371976182,-9.213607457899034
female,60-70,34,-9.210340371976182,-9.210340371976182,-9.213607457899034
female,60-70,35,-9.210340371976182,-9.210340371976182,-9.213607457899034
female,60-70,36,-9.210340371976182,-9.210340371976182,-9.213607457899034
female,60-70,37,-9.210340371976182,-9.210340371976182,-9.213607457899034
female,60-70,38,-9.210340371976182,-9.210340371976182,-9.213607457899034
female,60-70,39,-9.210340371976182,-9.210340371976182,-9.213607457899034
female,60-70,40,-9.210340371976182,-9.210340371976182,-9.213607457899034
female,60-70,41,-9.210340371976182,-9.210340371976182,-9.213607457899034
female,60-70,42,-9.210340371976182,-9.210340371976182,-9.213607457899034
female,60-70,43,-9.210340371976182,-9.210340371976182,-9.213607457899034
female,60-70,44,-9.210340371976182,-9.210340371976182,-9.213607457899034
female,60-70,45,-9.210340371976182,-9.210340371976182,-9.213607457899034
female,60-70,46,-9.210340371976182,-9.210340371976182,-9.213607457899034
female,60-70,47,-9.210340371976182,-9.210340371976182,-9.213607457899034
female,60-70,48,-9.210340371976182,-9.210340371976182,-9.213607457899034
female,60-70,49,-9.210340371976182,-9.210340371976182,-9.213607457899034
female,60-70,50,-9.210340371976182,-9.210340371976182,-9.213607457899034
female,60-70,51,-9.210340371976182,-9.210340371976182,-9.213607457899034
female,60-70,52,-9.210340371976182,-9.210340371976182,-9.213607457899034
