sex_s,cohort,gap,raw_log_mult,smoothed_log_mult,gauged_log_mult
male,18-19,-52,-9.210340371976182,-9.210340371976182,-9.247710138699697
male,18-19,-51,-9.210340371976182,-9.210340371976182,-9.247710138699697
male,18-19,-50,-9.210340371976182,-9.210340371976182,-9.247710138699697
male,18-19,-49,-9.210340371976182,-9.210340371976182,-9.247710138699697
male,18-19,-48,-9.210340371976182,-9.210340371976182,-9.247710138699697
male,18-19,-47,-9.210340371976182,-9.210340371976182,-9.247710138699697
male,18-19,-46,-9.210340371976182,-9.210340371976182,-9.247710138699697
male,18-19,-45,-9.210340371976182,-9.210340371976182,-9.247710138699697
male,18-19,-44,-9.210340371976182,-9.210340371976182,-9.247710138699697
male,18-19,-43,-9.210340371976182,-9.210340371976182,-9.247710138699697
male,18-19,-42,-9.210340371976182,-9.210340371976182,-9.247710138699697
male,18-19,-41,-9.210340371976182,-9.210340371976182,-9.247710138699697
male,18-19,-40,-9.210340371976182,-9.210340371976182,-9.247710138699697
male,18-19,-39,-9.210340371976182,1.483595018529338,1.4462252518058234
male,18-19,-38,-9.210340371976182,1.4835950185293978,1.4462252518058831
male,18-19,-37,-9.210340371976182,1.483595018529398,1.4462252518058833
male,18-19,-36,-9.210340371976182,1.4835950185293985,1.4462252518058838
male,18-19,-35,-9.210340371976182,1.4835950185293993,1.4462252518058847
male,18-19,-34,-9.210340371976182,1.4835950185294016,1.446225251805887
male,18-19,-33,-9.210340371976182,1.4835950185294078,1.4462252518058931
male,18-19,-32,-9.210340371976182,1.4835950185294244,1.4462252518059098
male,18-19,-31,-9.210340371976182,1.4835950185294706,1.446225251805956
male,18-19,-30,-9.210340371976182,1.4835950185295954,1.4462252518060807
male,18-19,-29,-9.210340371976182,1.4835950185299354,1.4462252518064207
male,18-19,-28,-9.210340371976182,1.4835950185308593,1.4462252518073446
male,18-19,-27,-9.210340371976182,1.4835950185333702,1.4462252518098555
male,18-19,-26,-9.210340371976182,1.4835950185401963,1.4462252518166816
male,18-19,-25,-9.210340371976182,1.4835950185587512,1.4462252518352365
male,18-19,-24,-9.210340371976182,1.4835950186091889,1.4462252518856742
male,18-19,-23,-9.210340371976182,1.4835950187462923,1.4462252520227776
male,18-19,-22,-9.210340371976182,1.483595019118979,1.4462252523954644
male,18-19,-21,-9.210340371976182,1.4835950201320458,1.4462252534085311
male,18-19,-20,-9.210340371976182,1.4835950228858465,1.4462252561623319
male,18-19,-19,-9.210340371976182,1.4835950303714533,1.4462252636479387
male,18-19,-18,-9.210340371976182,1.4835950507194413,1.4462252839959266
male,18-19,-17,-9.210340371976182,1.4835951060310024,1.4462253393074878
male,18-19,-16,-9.210340371976182,1.4835952563833747,1.44622548965986
male,18-19,-15,-9.210340371976182,1.4835956650832134,1.4462258983596987
male,18-19,-14,-9.210340371976182,1.4835967760424595,1.4462270093189449
male,18-19,-13,-9.210340371976182,1.4835997959272886,1.446230029203774
male,18-19,-12,-9.210340371976182,1.4836080047108007,1.446238237987286
male,18-19,-11,-9.210340371976182,1.4836303176515238,1.446260550928009
male,18-19,-10,-9.210340371976182,1.4836909642599232,1.4463211975364085
male,18-19,-9,-9.210340371976182,1.4838557726441082,1.4464860059205935
male,18-19,-8,-9.210340371976182,1.484303427258835,1.4469336605353202
male,18-19,-7,-9.210340371976182,1.4855177643447472,1.4481479976212326
male,18-19,-6,-9.210340371976182,1.4888002062078027,1.451430439484288
male,18-19,-5,-9.210340371976182,1.4975885112994873,1.4602187445759727
male,18-19,-4,-9.210340371976182,1.5205268267267718,1.483157060003257
male,18-19,-3,-9.210340371976182,1.5765930752154695,1.5392233084919549
male,18-19,-2,-9.210340371976182,1.6935687162599053,1.6561989495363907
male,18-19,-1,1.483582901871628,1.8661101039386834,1.8287403372151687
male,18-19,0,2.2360659674109,1.974523429340077,1.9371536626165624
male,18-19,1,1.9634660436893592,1.8235841746371937,1.786214407913679
male,18-19,2,0.9201893360083961,1.3276778298087404,1.2903080630852257
male,18-19,3,0.27939536157738026,0.6036130501114785,0.5662432833879638
male,18-19,4,-0.947819256357206,-0.07753463931255011,-0.11490440603606474
male,18-19,5,-0.12622846550065928,-0.42479944709604095,-0.46216921381955556
male,18-19,6,-0.9314894481078124,-0.7049807225178122,-0.7423504892413268
male,18-19,7,-1.1577667102326856,-1.1195699990947474,-1.156939765818262
male,18-19,8,-2.00980974166331,-1.484426037478522,-1.5217958042020368
male,18-19,9,-1.2882526128916332,-1.7247569855071714,-1.762126752230686
male,18-19,10,-9.210340371976182,-1.9087831717735675,-1.9461529384970822
male,18-19,11,-1.4652162314445882,-1.6960109518877273,-1.733380718611242
male,18-19,12,-1.328653385236672,-1.4746073359313578,-1.5119771026548725
male,18-19,13,-1.4478009921930817,-1.5213706561783786,-1.5587404229018933
male,18-19,14,-1.7103263550365972,-1.8257189663163165,-1.8630887330398311
male,18-19,15,-3.392378448221015,-2.313460797747546,-2.3508305644710603
male,18-19,16,-2.379615961067845,-2.6093101524381006,-2.646679919161615
male,18-19,17,-2.8604808181105454,-2.7042141934041806,-2.741583960127695
male,18-19,18,-2.974952517172117,-2.621097517001103,-2.6584672837246175
male,18-19,19,-2.23942916316624,-2.3551513628546057,-2.39252112957812
male,18-19,20,-1.925135881867283,-2.220461571700376,-2.2578313384238906
male,18-19,21,-9.210340371976182,-1.9592561601900238,-1.9966259269135385
male,18-19,22,-0.8665424866681182,-1.6953362391144353,-1.73270600583795
male,18-19,23,-9.210340371976182,-1.8769704586073868,-1.9143402253309014
male,18-19,24,-1.871209953298236,-1.877956443786548,-1.9153262105100626
male,18-19,25,-1.4510534867271443,-1.6304648805870143,-1.667834647310529
male,18-19,26,-1.4336099152866413,-1.617840264513786,-1.6552100312373006
male,18-19,27,-2.331959586215563,-1.7277944725768966,-1.7651642393004112
male,18-19,28,-1.3838928460017488,-1.742316323949275,-1.7796860906727896
male,18-19,29,-2.1908895062421396,-1.8043482824617447,-1.8417180491852594
male,18-19,30,-1.6619457054427933,-1.899154541913843,-1.9365243086373576
male,18-19,31,-2.0011559876737217,-2.16251400499461,-2.1998837717181243
male,18-19,32,-5.200323475101198,-2.470474849242892,-2.5078446159664063
male,18-19,33,-2.0118220884593025,-2.2186073409588754,-2.25597710768239
male,18-19,34,-2.4392029182262056,-1.7211387326911212,-1.7585084994146358
male,18-19,35,-0.8106498274583862,-1.5262740570938844,-1.563643823817399
male,18-19,36,-3.742680282158739,-1.842541106713221,-1.8799108734367356
male,18-19,37,-2.5786686027757337,-1.9481634057417807,-1.9855331724652954
male,18-19,38,-1.1033447290737561,-1.8276904323636298,-1.8650601990871445
male,18-19,39,-7.443640394211937,-2.1640650613615193,-2.2014348280850338
male,18-19,40,-2.0949917732961967,-2.58773603362921,-2.6251058003527246
male,18-19,41,-3.332322214068844,-3.060464725013556,-3.0978344917370704
male,18-19,42,-9.210340371976182,-3.6798296898308327,-3.717199456554347
male,18-19,43,-3.186624888232972,-3.895609475372703,-3.9329792420962173
male,18-19,44,-9.210340371976182,-4.1063199342536185,-4.143689700977133
male,18-19,45,-3.7030909558511995,-4.161803960731731,-4.199173727455246
male,18-19,46,-9.210340371976182,-3.758043553876507,-3.7954133206000216
male,18-19,47,-2.7772374238967186,-3.2994227904343814,-3.336792557157896
male,18-19,48,-3.089895810514921,-3.3951858647554034,-3.432555631478918
male,18-19,49,-9.210340371976182,-4.219406016311675,-4.25677578303519
male,18-19,50,-9.210340371976182,-5.826058238537576,-5.863428005261091
male,18-19,51,-9.210340371976182,-8.151439781734597,-8.188809548458112
male,18-19,52,-9.210340371976182,-9.210340371976182,-9.247710138699697
male,20-21,-52,-9.210340371976182,-9.210340371976182,-9.221107296192223
male,20-21,-51,-9.210340371976182,-9.210340371976182,-9.221107296192223
male,20-21,-50,-9.210340371976182,-9.210340371976182,-9.221107296192223
male,20-21,-49,-9.210340371976182,-9.210340371976182,-9.221107296192223
male,20-21,-48,-9.210340371976182,-9.210340371976182,-9.221107296192223
male,20-21,-47,-9.210340371976182,-9.210340371976182,-9.221107296192223
male,20-21,-46,-9.210340371976182,-9.210340371976182,-9.221107296192223
male,20-21,-45,-9.210340371976182,-9.210340371976182,-9.221107296192223
male,20-21,-44,-9.210340371976182,-9.210340371976182,-9.221107296192223
male,20-21,-43,-9.210340371976182,-9.210340371976182,-9.221107296192223
male,20-21,-42,-9.210340371976182,-9.210340371976182,-9.221107296192223
male,20-21,-41,-9.210340371976182,-9.210340371976182,-9.221107296192223
male,20-21,-40,-9.210340371976182,-9.210340371976182,-9.221107296192223
male,20-21,-39,-9.210340371976182,-9.210340371976182,-9.221107296192223
male,20-21,-38,-9.210340371976182,-9.210340371976182,-9.221107296192223
male,20-21,-37,-9.210340371976182,-9.210340371976182,-9.221107296192223
male,20-21,-36,-9.210340371976182,-9.210340371976182,-9.221107296192223
male,20-21,-35,-9.210340371976182,-9.210340371976182,-9.221107296192223
male,20-21,-34,-9.210340371976182,-9.210340371976182,-9.221107296192223
male,20-21,-33,-9.210340371976182,-9.210340371976182,-9.221107296192223
male,20-21,-32,-9.210340371976182,-9.210340371976182,-9.221107296192223
male,20-21,-31,-9.210340371976182,-9.210340371976182,-9.221107296192223
male,20-21,-30,-9.210340371976182,-9.210340371976182,-9.221107296192223
male,20-21,-29,-9.210340371976182,-9.210340371976182,-9.221107296192223
male,20-21,-28,-9.210340371976182,-9.210340371976182,-9.221107296192223
male,20-21,-27,-9.210340371976182,-9.210340371976182,-9.221107296192223
male,20-21,-26,-9.210340371976182,-9.210340371976182,-9.221107296192223
male,20-21,-25,-9.210340371976182,-9.210340371976182,-9.221107296192223
male,20-21,-24,-9.210340371976182,-9.210340371976182,-9.221107296192223
male,20-21,-23,-9.210340371976182,-9.210340371976182,-9.221107296192223
male,20-21,-22,-9.210340371976182,-0.4660989396594316,-0.4768658638754721
male,20-21,-21,-9.210340371976182,-0.466098939659418,-0.4768658638754585
male,20-21,-20,-9.210340371976182,-0.466098939659418,-0.4768658638754585
male,20-21,-19,-9.210340371976182,-0.466098939659418,-0.4768658638754585
male,20-21,-18,-9.210340371976182,-0.466098939659418,-0.4768658638754585
male,20-21,-17,-9.210340371976182,-0.4660989396594182,-0.47686586387545865
male,20-21,-16,-9.210340371976182,-0.466098939659418,-0.4768658638754585
male,20-21,-15,-9.210340371976182,-0.466098939659418,-0.4768658638754585
male,20-21,-14,-9.210340371976182,-0.466098939659418,-0.4768658638754585
male,20-21,-13,-9.210340371976182,-0.466098939659418,-0.4768658638754585
male,20-21,-12,-9.210340371976182,-0.4660989396594178,-0.47686586387545826
male,20-21,-11,-9.210340371976182,-0.46609893965941146,-0.47686586387545193
male,20-21,-10,-9.210340371976182,-0.46609893965904536,-0.47686586387508584
male,20-21,-9,-9.210340371976182,-0.46609893963907,-0.4768658638551105
male,20-21,-8,-9.210340371976182,-0.4660989385484541,-0.47686586276449455
male,20-21,-7,-9.210340371976182,-0.46609887900284297,-0.47686580321888344
male,20-21,-6,-9.210340371976182,-0.4660956279319042,-0.47686255214794465
male,20-21,-5,-9.210340371976182,-0.4659181531130427,-0.47668507732908316
male,20-21,-4,-9.210340371976182,-0.45630997513941696,-0.46707689935545743
male,20-21,-3,-0.46610217386000335,-0.09352847780997366,-0.1042954020260141
male,20-21,-2,0.8315091356847908,0.9453617550220317,0.9345948308059913
male,20-21,-1,1.810391822073226,1.7804541571820456,1.7696872329660052
male,20-21,0,2.147899456819596,2.0769038175837427,2.0661368933677022
male,20-21,1,1.6837279187097596,1.6985886652895144,1.687821741073474
male,20-21,2,0.8689764875275297,0.959284275105375,0.9485173508893345
male,20-21,3,0.06561571255749879,0.17847221409516245,0.167705289879122
male,20-21,4,-0.20854975123064062,-0.20793040791227194,-0.21869733212831238
male,20-21,5,-0.649861908120586,-0.6256233947758436,-0.636390318991884
male,20-21,6,-1.1380660378745886,-1.0923073335117826,-1.103074257727823
male,20-21,7,-1.424735881006488,-1.4353318046950012,-1.4460987289110416
male,20-21,8,-2.090360208299878,-1.9105535191912462,-1.9213204434072866
male,20-21,9,-1.4678471967401614,-1.565531648992082,-1.5762985732081225
male,20-21,10,-2.0126675112164283,-1.9181127656177221,-1.9288796898337626
male,20-21,11,-1.8517042329080915,-1.9292621713971734,-1.9400290956132138
male,20-21,12,-2.697372695104588,-2.543359896031371,-2.5541268202474114
male,20-21,13,-2.5362221017166413,-2.584608365936164,-2.5953752901522043
male,20-21,14,-2.8981620066670453,-2.841868467114081,-2.8526353913301215
male,20-21,15,-2.8095000310994322,-2.882534393813554,-2.8933013180295943
male,20-21,16,-3.725616443473289,-3.6100414455888723,-3.6208083698049127
male,20-21,17,-4.3083315876384445,-3.735635694717434,-3.7464026189334745
male,20-21,18,-2.2872796453616813,-2.451830300186293,-2.4625972244023333
male,20-21,19,-3.0616924614853938,-2.8529605862990968,-2.863727510515137
male,20-21,20,-2.344573830824589,-2.443042560262148,-2.4538094844781884
male,20-21,21,-2.790870366552206,-2.774635399494943,-2.7854023237109833
male,20-21,22,-3.33980660978869,-3.3241848293059957,-3.334951753522036
male,20-21,23,-4.29894502615166,-4.040151763270446,-4.050918687486487
male,20-21,24,-3.5463807875296163,-3.42174422654765,-3.4325111507636903
male,20-21,25,-2.504239353106329,-2.598464797854015,-2.6092317220700556
male,20-21,26,-2.7024193014554476,-2.71635914795218,-2.7271260721682204
male,20-21,27,-3.130556040638639,-3.1349928364915436,-3.145759760707584
male,20-21,28,-3.9734624195252555,-3.702483330355686,-3.7132502545717263
male,20-21,29,-3.0388815424945452,-3.197073175226728,-3.2078400994427683
male,20-21,30,-4.548426681786218,-4.267090980145338,-4.277857904361379
male,20-21,31,-5.128644045258984,-4.955726954843958,-4.966493879059999
male,20-21,32,-4.460321531158812,-4.622103655395326,-4.6328705796113665
male,20-21,33,-6.852958791978506,-5.660976635523673,-5.6717435597397134
male,20-21,34,-4.324272392299777,-4.1402377960520855,-4.151004720268126
male,20-21,35,-2.985884076752787,-3.1883158016383617,-3.199082725854402
male,20-21,36,-6.0622596159268625,-4.666898164652851,-4.677665088868892
male,20-21,37,-3.8465571539841044,-3.849214528937879,-3.8599814531539196
male,20-21,38,-3.2492694423862445,-3.410798260541516,-3.4215651847575566
male,20-21,39,-5.675467028836991,-5.0120261070474115,-5.022793031263452
male,20-21,40,-9.210340371976182,-6.254478495715923,-6.265245419931964
male,20-21,41,-4.228453219688296,-4.42985413234133,-4.4406210565573705
male,20-21,42,-5.47667978523627,-4.8832350081104705,-4.894001932326511
male,20-21,43,-3.662884823453584,-3.863784291404715,-3.8745512156207553
male,20-21,44,-5.761512005411178,-5.210599248983339,-5.22136617319938
male,20-21,45,-6.248838669411966,-5.4926823854495845,-5.503449309665625
male,20-21,46,-3.8428149605084174,-4.0234507751008355,-4.034217699316876
male,20-21,47,-4.848879980242368,-4.769665529299573,-4.780432453515614
male,20-21,48,-9.210340371976182,-6.445194187851629,-6.45596111206767
male,20-21,49,-4.974970960897694,-5.14472825975286,-5.155495183968901
male,20-21,50,-9.210340371976182,-6.295404093029972,-6.306171017246013
male,20-21,51,-9.210340371976182,-9.210340371976182,-9.221107296192223
male,20-21,52,-9.210340371976182,-9.210340371976182,-9.221107296192223
male,22-23,-52,-9.210340371976182,-9.210340371976182,-9.212229675522872
male,22-23,-51,-9.210340371976182,-9.210340371976182,-9.212229675522872
male,22-23,-50,-9.210340371976182,-9.210340371976182,-9.212229675522872
male,22-23,-49,-9.210340371976182,-9.210340371976182,-9.212229675522872
male,22-23,-48,-9.210340371976182,-9.210340371976182,-9.212229675522872
male,22-23,-47,-9.210340371976182,-9.210340371976182,-9.212229675522872
male,22-23,-46,-9.210340371976182,-9.210340371976182,-9.212229675522872
male,22-23,-45,-9.210340371976182,-9.210340371976182,-9.212229675522872
male,22-23,-44,-9.210340371976182,-9.210340371976182,-9.212229675522872
male,22-23,-43,-9.210340371976182,-9.210340371976182,-9.212229675522872
male,22-23,-42,-9.210340371976182,-9.210340371976182,-9.212229675522872
male,22-23,-41,-9.210340371976182,-9.210340371976182,-9.212229675522872
male,22-23,-40,-9.210340371976182,-9.210340371976182,-9.212229675522872
male,22-23,-39,-9.210340371976182,-9.210340371976182,-9.212229675522872
male,22-23,-38,-9.210340371976182,-9.210340371976182,-9.212229675522872
male,22-23,-37,-9.210340371976182,-9.210340371976182,-9.212229675522872
male,22-23,-36,-9.210340371976182,-9.210340371976182,-9.212229675522872
male,22-23,-35,-9.210340371976182,-9.210340371976182,-9.212229675522872
male,22-23,-34,-9.210340371976182,-9.210340371976182,-9.212229675522872
male,22-23,-33,-9.210340371976182,-9.210340371976182,-9.212229675522872
male,22-23,-32,-9.210340371976182,-9.210340371976182,-9.212229675522872
male,22-23,-31,-9.210340371976182,-9.210340371976182,-9.212229675522872
male,22-23,-30,-9.210340371976182,-9.210340371976182,-9.212229675522872
male,22-23,-29,-9.210340371976182,-9.210340371976182,-9.212229675522872
male,22-23,-28,-9.210340371976182,-9.210340371976182,-9.212229675522872
male,22-23,-27,-9.210340371976182,-9.210340371976182,-9.212229675522872
male,22-23,-26,-9.210340371976182,-9.210340371976182,-9.212229675522872
male,22-23,-25,-9.210340371976182,-9.210340371976182,-9.212229675522872
male,22-23,-24,-9.210340371976182,-2.33023234673919,-2.3321216502858806
male,22-23,-23,-9.210340371976182,-2.3302323467391206,-2.3321216502858113
male,22-23,-22,-9.210340371976182,-2.3302323467391206,-2.3321216502858113
male,22-23,-21,-9.210340371976182,-2.33023234673912,-2.332121650285811
male,22-23,-20,-9.210340371976182,-2.33023234673912,-2.332121650285811
male,22-23,-19,-9.210340371976182,-2.33023234673912,-2.332121650285811
male,22-23,-18,-9.210340371976182,-2.33023234673912,-2.332121650285811
male,22-23,-17,-9.210340371976182,-2.33023234673912,-2.332121650285811
male,22-23,-16,-9.210340371976182,-2.3302323467391206,-2.3321216502858113
male,22-23,-15,-9.210340371976182,-2.33023234673912,-2.332121650285811
male,22-23,-14,-9.210340371976182,-2.33023234673912,-2.332121650285811
male,22-23,-13,-9.210340371976182,-2.330232346739112,-2.332121650285803
male,22-23,-12,-9.210340371976182,-2.3302323467386743,-2.332121650285365
male,22-23,-11,-9.210340371976182,-2.3302323467147525,-2.3321216502614432
male,22-23,-10,-9.210340371976182,-2.3302323454086826,-2.3321216489553733
male,22-23,-9,-9.210340371976182,-2.330232274099691,-2.3321215776463817
male,22-23,-8,-9.210340371976182,-2.3302283807734474,-2.332117684320138
male,22-23,-7,-9.210340371976182,-2.330015850465177,-2.3319051540118676
male,22-23,-6,-9.210340371976182,-2.3185244315715967,-2.3204137351182874
male,22-23,-5,-2.3302372804537637,-1.9028388880979719,-1.9047281916446628
male,22-23,-4,-0.9642706227668267,-0.7981853268748308,-0.8000746304215217
male,22-23,-3,0.18362064804302775,0.26954429876546093,0.26765499521877
male,22-23,-2,1.1328152264480844,1.160828623765652,1.158939320218961
male,22-23,-1,1.787517502751303,1.7853412596479195,1.7834519561012285
male,22-23,0,2.198021640896814,2.110220991890126,2.1083316883434353
male,22-23,1,1.587834921260553,1.6245628600790631,1.6226735565323722
male,22-23,2,0.7419257786733723,0.8384474315101446,0.8365581279634536
male,22-23,3,0.06450873488691758,0.138385968020953,0.13649666447426206
male,22-23,4,-0.34902709968317386,-0.32850974459351323,-0.33039904814020415
male,22-23,5,-0.8304281095990151,-0.7851422346601001,-0.7870315382067911
male,22-23,6,-1.1091965028213213,-1.0889437743991444,-1.0908330779458353
male,22-23,7,-1.2840020005245643,-1.3047333750254648,-1.3066226785721557
male,22-23,8,-1.8227714789190446,-1.7427505298977173,-1.7446398334444082
male,22-23,9,-1.8035593379978343,-1.7935238343587234,-1.7954131379054143
male,22-23,10,-1.6897360821399106,-1.7397558598509213,-1.7416451633976122
male,22-23,11,-2.138613272217665,-2.0813663053245657,-2.0832556088712564
male,22-23,12,-2.1845469514859714,-2.203329718560433,-2.2052190221071237
male,22-23,13,-2.457810670873883,-2.451826214898211,-2.4537155184449015
male,22-23,14,-2.8032563831542556,-2.757539624897565,-2.759428928444256
male,22-23,15,-2.7976179539654824,-2.8331075912195964,-2.834996894766287
male,22-23,16,-3.1977060150689867,-3.1108830148736666,-3.1127723184203573
male,22-23,17,-2.898889960736912,-2.9600237207686946,-2.9619130243153853
male,22-23,18,-3.2648062965060167,-3.2301949963632244,-3.232084299909915
male,22-23,19,-3.3981364878933027,-3.403407324576935,-3.405296628123626
male,22-23,20,-3.6222228410649007,-3.4994800800909958,-3.5013693836376865
male,22-23,21,-2.9308598646063437,-3.045266269750452,-3.0471555732971427
male,22-23,22,-3.652094354308208,-3.5315530118984255,-3.533442315445116
male,22-23,23,-3.537818389359036,-3.5261476825471356,-3.5280369860938263
male,22-23,24,-3.337922068278857,-3.298133492613941,-3.300022796160632
male,22-23,25,-2.890736806057312,-2.976277467308141,-2.978166770854832
male,22-23,26,-3.4086217905996596,-3.3849914109698678,-3.3868807145165585
male,22-23,27,-3.963935863426955,-3.7931366105943893,-3.79502591414108
male,22-23,28,-3.264082436783454,-3.3788092873851014,-3.380698590931792
male,22-23,29,-3.998884322236265,-3.8924284354779095,-3.8943177390246
male,22-23,30,-4.032376750800312,-3.898210363012729,-3.9000996665594196
male,22-23,31,-3.203696030259103,-3.364376321922691,-3.366265625469382
male,22-23,32,-5.006396978859342,-4.202325097492892,-4.204214401039583
male,22-23,33,-2.983893011874592,-3.1893541662835854,-3.191243469830276
male,22-23,34,-4.904441422138527,-4.4755545938303385,-4.47744389737703
male,22-23,35,-5.864631816589753,-4.96927377590576,-4.9711630794524515
male,22-23,36,-3.3195266290641894,-3.5405897981067116,-3.5424791016534023
male,22-23,37,-5.803599003435344,-4.830650292462961,-4.832539596009652
male,22-23,38,-4.02934820873654,-4.229033156110658,-4.230922459657349
male,22-23,39,-6.148517854785331,-5.482517713263178,-5.484407016809869
male,22-23,40,-5.217639113391582,-5.40409548164171,-5.4059847851884015
male,22-23,41,-9.210340371976182,-6.5376741537122545,-6.539563457258946
male,22-23,42,-4.798375761994001,-5.01931907847265,-5.021208382019341
male,22-23,43,-6.793536525148781,-6.323991500591332,-6.3258808041380234
male,22-23,44,-8.821141958436703,-8.329528353592197,-8.331417657138887
male,22-23,45,-9.210340371976182,-7.085813683760226,-7.087702987306917
male,22-23,46,-4.8507674339504785,-5.092754009577167,-5.094643313123858
male,22-23,47,-9.210340371976182,-7.028585822599742,-7.030475126146433
male,22-23,48,-9.210340371976182,-9.210340371976182,-9.212229675522872
male,22-23,49,-9.210340371976182,-9.210340371976182,-9.212229675522872
male,22-23,50,-9.210340371976182,-9.210340371976182,-9.212229675522872
male,22-23,51,-9.210340371976182,-9.210340371976182,-9.212229675522872
male,22-23,52,-9.210340371976182,-9.210340371976182,-9.212229675522872
male,24-25,-52,-9.210340371976182,-9.210340371976182,-9.210676285917328
male,24-25,-51,-9.210340371976182,-9.210340371976182,-9.210676285917328
male,24-25,-50,-9.210340371976182,-9.210340371976182,-9.210676285917328
male,24-25,-49,-9.210340371976182,-9.210340371976182,-9.210676285917328
male,24-25,-48,-9.210340371976182,-9.210340371976182,-9.210676285917328
male,24-25,-47,-9.210340371976182,-9.210340371976182,-9.210676285917328
male,24-25,-46,-9.210340371976182,-9.210340371976182,-9.210676285917328
male,24-25,-45,-9.210340371976182,-9.210340371976182,-9.210676285917328
male,24-25,-44,-9.210340371976182,-9.210340371976182,-9.210676285917328
male,24-25,-43,-9.210340371976182,-9.210340371976182,-9.210676285917328
male,24-25,-42,-9.210340371976182,-9.210340371976182,-9.210676285917328
male,24-25,-41,-9.210340371976182,-9.210340371976182,-9.210676285917328
male,24-25,-40,-9.210340371976182,-9.210340371976182,-9.210676285917328
male,24-25,-39,-9.210340371976182,-9.210340371976182,-9.210676285917328
male,24-25,-38,-9.210340371976182,-9.210340371976182,-9.210676285917328
male,24-25,-37,-9.210340371976182,-9.210340371976182,-9.210676285917328
male,24-25,-36,-9.210340371976182,-9.210340371976182,-9.210676285917328
male,24-25,-35,-9.210340371976182,-9.210340371976182,-9.210676285917328
male,24-25,-34,-9.210340371976182,-9.210340371976182,-9.210676285917328
male,24-25,-33,-9.210340371976182,-9.210340371976182,-9.210676285917328
male,24-25,-32,-9.210340371976182,-9.210340371976182,-9.210676285917328
male,24-25,-31,-9.210340371976182,-9.210340371976182,-9.210676285917328
male,24-25,-30,-9.210340371976182,-9.210340371976182,-9.210676285917328
male,24-25,-29,-9.210340371976182,-9.210340371976182,-9.210676285917328
male,24-25,-28,-9.210340371976182,-9.210340371976182,-9.210676285917328
male,24-25,-27,-9.210340371976182,-9.210340371976182,-9.210676285917328
male,24-25,-26,-9.210340371976182,-9.210340371976182,-9.210676285917328
male,24-25,-25,-9.210340371976182,-9.210340371976182,-9.210676285917328
male,24-25,-24,-9.210340371976182,-9.210340371976182,-9.210676285917328
male,24-25,-23,-9.210340371976182,-9.210340371976182,-9.210676285917328
male,24-25,-22,-9.210340371976182,-9.210340371976182,-9.210676285917328
male,24-25,-21,-9.210340371976182,-9.210340371976182,-9.210676285917328
male,24-25,-20,-9.210340371976182,-3.639912169759945,-3.640248083701092
male,24-25,-19,-9.210340371976182,-3.639912169759945,-3.640248083701092
male,24-25,-18,-9.210340371976182,-3.639912169759945,-3.640248083701092
male,24-25,-17,-9.210340371976182,-3.639912169759945,-3.640248083701092
male,24-25,-16,-9.210340371976182,-3.639912169759945,-3.640248083701092
male,24-25,-15,-9.210340371976182,-3.639912169759945,-3.640248083701092
male,24-25,-14,-9.210340371976182,-3.639912169759945,-3.640248083701092
male,24-25,-13,-9.210340371976182,-3.639912169759945,-3.640248083701092
male,24-25,-12,-9.210340371976182,-3.639912169759945,-3.640248083701092
male,24-25,-11,-9.210340371976182,-3.6399121697599446,-3.6402480837010915
male,24-25,-10,-9.210340371976182,-3.6399121697583285,-3.6402480836994755
male,24-25,-9,-9.210340371976182,-3.6399121640864025,-3.6402480780275495
male,24-25,-8,-9.210340371976182,-3.6398922581036866,-3.6402281720448335
male,24-25,-7,-3.639915079053306,-3.57424447059923,-3.574580384540377
male,24-25,-6,-2.4292111012313593,-2.400277216098839,-2.4006131300399858
male,24-25,-5,-1.2477141484466348,-1.2308778950225026,-1.2312138089636495
male,24-25,-4,-0.22485404431030107,-0.21572864902624225,-0.2160645629673891
male,24-25,-3,0.5778427341283318,0.5850141303203966,0.5846782163792498
male,24-25,-2,1.283979440015798,1.2889842322192453,1.2886483182780983
male,24-25,-1,1.9045542159939215,1.900957103248183,1.900621189307036
male,24-25,0,2.1473297552811736,2.1365621354830093,2.1362262215418624
male,24-25,1,1.5438023986298046,1.5496296156874354,1.5492937017462884
male,24-25,2,0.738770458281924,0.7533265960174886,0.7529906820763418
male,24-25,3,0.13151282979584483,0.14045120829137206,0.1401152943502252
male,24-25,4,-0.32543075481307365,-0.31925543482646884,-0.3195913487676157
male,24-25,5,-0.6175727541354024,-0.6164314169554967,-0.6167673308966436
male,24-25,6,-0.9772375075585021,-0.97345756864735,-0.9737934825884969
male,24-25,7,-1.2626503047916788,-1.2603573403211772,-1.2606932542623241
male,24-25,8,-1.5249478232896387,-1.521255922022378,-1.521591835963525
male,24-25,9,-1.6257823928849073,-1.6221428602775618,-1.6224787742187088
male,24-25,10,-1.5150017330231713,-1.5252602576729322,-1.5255961716140791
male,24-25,11,-2.3098907634156536,-2.289615135344669,-2.289951049285816
male,24-25,12,-2.3517626176424744,-2.350928790692751,-2.351264704633898
male,24-25,13,-2.345735898933947,-2.350436020537278,-2.350771934478425
male,24-25,14,-2.6848704862247956,-2.6779220338286747,-2.6782579477698216
male,24-25,15,-2.670952671871534,-2.6750628164694157,-2.6753987304105626
male,24-25,16,-2.949744149071754,-2.940294745811897,-2.940630659753044
male,24-25,17,-2.7203699587686865,-2.728450778399683,-2.72878669234083
male,24-25,18,-3.0582696650554055,-3.05407747788642,-3.054413391827567
male,24-25,19,-3.225340234688219,-3.2257655725733616,-3.2261014865145086
male,24-25,20,-3.4718587635958134,-3.4659155112996527,-3.4662514252407997
male,24-25,21,-3.3943258921372035,-3.4031327563307436,-3.4034686702718906
male,24-25,22,-4.029416313754311,-4.0023518210025575,-4.002687734943704
male,24-25,23,-3.4580109906479675,-3.4747778571606927,-3.4751137711018396
male,24-25,24,-4.31867948328849,-4.299061413472341,-4.299397327413487
male,24-25,25,-4.453775347397744,-4.45638373482086,-4.456719648762006
male,24-25,26,-4.8021390882712,-4.786653247130343,-4.78698916107149
male,24-25,27,-4.3657043478461794,-4.387487759340239,-4.387823673281385
male,24-25,28,-7.282943511474645,-6.846061546004052,-6.846397459945199
male,24-25,29,-4.4415005687059885,-4.455961899070814,-4.45629781301196
male,24-25,30,-4.395611283825706,-4.402056953782626,-4.402392867723773
male,24-25,31,-4.827358870413799,-4.831881914543052,-4.832217828484199
male,24-25,32,-6.439365726453759,-6.315347780527325,-6.315683694468471
male,24-25,33,-4.824768274352395,-4.835926507902837,-4.836262421843983
male,24-25,34,-4.736487241973873,-4.75508825262808,-4.7554241665692265
male,24-25,35,-9.210340371976182,-8.321483037980117,-8.321818951921264
male,24-25,36,-5.046267722325215,-5.052025996851007,-5.052361910792153
male,24-25,37,-4.550708458740166,-4.5580686067318394,-4.558404520672986
male,24-25,38,-4.608137352601318,-4.619580818934997,-4.619916732876144
male,24-25,39,-6.0339038520513055,-5.981256489597363,-5.981592403538509
male,24-25,40,-5.906301664695893,-5.865042603466708,-5.865378517407854
male,24-25,41,-4.58274651590575,-4.6042387811085375,-4.604574695049684
male,24-25,42,-5.404878484230597,-5.376875806208778,-5.3772117201499245
male,24-25,43,-5.03158708879876,-5.050237992839194,-5.050573906780341
male,24-25,44,-6.794671872295255,-6.732980481939524,-6.733316395880671
male,24-25,45,-9.210340371976182,-9.210340371976182,-9.210676285917328
male,24-25,46,-6.223618722119204,-6.260512274562201,-6.260848188503347
male,24-25,47,-9.210340371976182,-6.223626482542716,-6.223962396483863
male,24-25,48,-9.210340371976182,-6.223615776381768,-6.223951690322915
male,24-25,49,-9.210340371976182,-6.2236157733312405,-6.223951687272387
male,24-25,50,-9.210340371976182,-6.223615773330371,-6.2239516872715175
male,24-25,51,-9.210340371976182,-6.223615773330371,-6.2239516872715175
male,24-25,52,-9.210340371976182,-6.223615773330371,-6.2239516872715175
male,26-27,-52,-9.210340371976182,-9.210340371976182,-9.210659517845803
male,26-27,-51,-9.210340371976182,-9.210340371976182,-9.210659517845803
male,26-27,-50,-9.210340371976182,-9.210340371976182,-9.210659517845803
male,26-27,-49,-9.210340371976182,-9.210340371976182,-9.210659517845803
male,26-27,-48,-9.210340371976182,-9.210340371976182,-9.210659517845803
male,26-27,-47,-9.210340371976182,-9.210340371976182,-9.210659517845803
male,26-27,-46,-9.210340371976182,-9.210340371976182,-9.210659517845803
male,26-27,-45,-9.210340371976182,-9.210340371976182,-9.210659517845803
male,26-27,-44,-9.210340371976182,-9.210340371976182,-9.210659517845803
male,26-27,-43,-9.210340371976182,-9.210340371976182,-9.210659517845803
male,26-27,-42,-9.210340371976182,-9.210340371976182,-9.210659517845803
male,26-27,-41,-9.210340371976182,-9.210340371976182,-9.210659517845803
male,26-27,-40,-9.210340371976182,-9.210340371976182,-9.210659517845803
male,26-27,-39,-9.210340371976182,-9.210340371976182,-9.210659517845803
male,26-27,-38,-9.210340371976182,-9.210340371976182,-9.210659517845803
male,26-27,-37,-9.210340371976182,-9.210340371976182,-9.210659517845803
male,26-27,-36,-9.210340371976182,-9.210340371976182,-9.210659517845803
male,26-27,-35,-9.210340371976182,-9.210340371976182,-9.210659517845803
male,26-27,-34,-9.210340371976182,-9.210340371976182,-9.210659517845803
male,26-27,-33,-9.210340371976182,-9.210340371976182,-9.210659517845803
male,26-27,-32,-9.210340371976182,-9.210340371976182,-9.210659517845803
male,26-27,-31,-9.210340371976182,-9.210340371976182,-9.210659517845803
male,26-27,-30,-9.210340371976182,-9.210340371976182,-9.210659517845803
male,26-27,-29,-9.210340371976182,-9.210340371976182,-9.210659517845803
male,26-27,-28,-9.210340371976182,-9.210340371976182,-9.210659517845803
male,26-27,-27,-9.210340371976182,-9.210340371976182,-9.210659517845803
male,26-27,-26,-9.210340371976182,-9.210340371976182,-9.210659517845803
male,26-27,-25,-9.210340371976182,-9.210340371976182,-9.210659517845803
male,26-27,-24,-9.210340371976182,-9.210340371976182,-9.210659517845803
male,26-27,-23,-9.210340371976182,-9.210340371976182,-9.210659517845803
male,26-27,-22,-9.210340371976182,-4.872163689962374,-4.872482835831995
male,26-27,-21,-9.210340371976182,-4.872163689962374,-4.872482835831995
male,26-27,-20,-9.210340371976182,-4.872163689962374,-4.872482835831995
male,26-27,-19,-9.210340371976182,-4.872163689962374,-4.872482835831995
male,26-27,-18,-9.210340371976182,-4.872163689962374,-4.872482835831995
male,26-27,-17,-9.210340371976182,-4.872163689962374,-4.872482835831995
male,26-27,-16,-9.210340371976182,-4.872163689962374,-4.872482835831995
male,26-27,-15,-9.210340371976182,-4.872163689962374,-4.872482835831995
male,26-27,-14,-9.210340371976182,-4.872163689962374,-4.872482835831995
male,26-27,-13,-9.210340371976182,-4.872163689962374,-4.872482835831995
male,26-27,-12,-9.210340371976182,-4.872163689959568,-4.87248283582919
male,26-27,-11,-9.210340371976182,-4.872163680115626,-4.872482825985247
male,26-27,-10,-9.210340371976182,-4.872129132434196,-4.872448278303818
male,26-27,-9,-4.872166540657358,-4.760870362050895,-4.761189507920516
male,26-27,-8,-3.2619152402930247,-3.2490726417964524,-3.249391787666074
male,26-27,-7,-2.4436689628513646,-2.415836135512295,-2.4161552813819163
male,26-27,-6,-1.2421162088731403,-1.2337644061702626,-1.2340835520398843
male,26-27,-5,-0.4415761017142907,-0.4354859672648572,-0.43580511313447884
male,26-27,-4,0.21939131617369617,0.2279187205092592,0.2275995746396376
male,26-27,-3,0.9347517236983568,0.9368636412154138,0.9365444953457922
male,26-27,-2,1.4574399856733042,1.4593750948765432,1.4590559490069215
male,26-27,-1,1.9094847546991705,1.9068184437160711,1.9064992978464494
male,26-27,0,2.1198626921865924,2.109284824376833,2.1089656785072117
male,26-27,1,1.482534505843537,1.490651745279895,1.4903325994102734
male,26-27,2,0.8174235426607159,0.826763786776295,0.8264446409066735
male,26-27,3,0.20145082798977168,0.21179745997423732,0.2114783141046157
male,26-27,4,-0.1124227882593992,-0.10959447755686084,-0.10991362342648246
male,26-27,5,-0.384604036530802,-0.3832266645918916,-0.3835458104615132
male,26-27,6,-0.7013803714616901,-0.6992517314058462,-0.6995708772754677
male,26-27,7,-1.028791951004834,-1.0230340309254875,-1.0233531767951092
male,26-27,8,-1.0885031640582474,-1.0942301522955098,-1.0945492981651315
male,26-27,9,-1.6723502537506405,-1.6597701353202015,-1.6600892811898231
male,26-27,10,-1.749447535940291,-1.7482210328434744,-1.748540178713096
male,26-27,11,-1.7592866748033171,-1.7649300163802124,-1.765249162249834
male,26-27,12,-2.211381746111986,-2.204364974322465,-2.2046841201920864
male,26-27,13,-2.3783562369492537,-2.3761527201541224,-2.376471866023744
male,26-27,14,-2.426873192184482,-2.4265474745634177,-2.426866620433039
male,26-27,15,-2.459258858982267,-2.4602187225959358,-2.460537868465557
male,26-27,16,-2.5576496966521645,-2.5596253158512634,-2.559944461720885
male,26-27,17,-2.821349087104518,-2.8213958021338836,-2.821714948003505
male,26-27,18,-3.2082541906659348,-3.2007111717516095,-3.201030317621231
male,26-27,19,-3.2297882336632893,-3.2334422342373657,-3.233761380106987
male,26-27,20,-3.519285248913329,-3.517774917225372,-3.5180940630949933
male,26-27,21,-3.8060748373809816,-3.8032742430180893,-3.8035933888877107
male,26-27,22,-3.976219307628144,-3.966125181823812,-3.9664443276934334
male,26-27,23,-3.624068283621283,-3.639678276904219,-3.6399974227738405
male,26-27,24,-4.681359868513268,-4.647815414711793,-4.648134560581415
male,26-27,25,-4.466432571834092,-4.480805487900072,-4.481124633769693
male,26-27,26,-5.565975919617688,-5.460070813507944,-5.460389959377565
male,26-27,27,-3.808209093199361,-3.8303237270134787,-3.8306428728831
male,26-27,28,-4.553417533164552,-4.544016980362493,-4.544336126232114
male,26-27,29,-5.315173432513612,-5.269811465180779,-5.2701306110504005
male,26-27,30,-4.338250518778852,-4.346575476554005,-4.346894622423626
male,26-27,31,-4.244409297930075,-4.257338496767029,-4.257657642636651
male,26-27,32,-5.402365739047049,-5.368994799552621,-5.369313945422243
male,26-27,33,-5.461569383037441,-5.4637847548208285,-5.46410390069045
male,26-27,34,-5.674302504494762,-5.677530402523603,-5.677849548393224
male,26-27,35,-6.245480347660761,-6.233490027655358,-6.233809173524979
male,26-27,36,-6.284239633346416,-6.297167349362531,-6.297486495232152
male,26-27,37,-8.058639547448877,-7.701379835424204,-7.701698981293825
male,26-27,38,-4.9421664824716895,-4.974448416937781,-4.974767562807402
male,26-27,39,-9.210340371976182,-8.857657964168103,-8.857977110037725
male,26-27,40,-6.532266821280704,-6.548244265974046,-6.548563411843667
male,26-27,41,-6.491196059488526,-6.493394216855731,-6.4937133627253525
male,26-27,42,-6.591254127672057,-6.606011374034439,-6.60633051990406
male,26-27,43,-9.210340371976182,-9.210340371976182,-9.210659517845803
male,26-27,44,-6.884331549206247,-6.920358454869082,-6.920677600738704
male,26-27,45,-9.210340371976182,-6.884339115747892,-6.884658261617513
male,26-27,46,-9.210340371976182,-6.884328665593178,-6.884647811462799
male,26-27,47,-9.210340371976182,-6.884328662615594,-6.884647808485216
male,26-27,48,-9.210340371976182,-6.884328662614746,-6.884647808484368
male,26-27,49,-9.210340371976182,-6.884328662614746,-6.884647808484368
male,26-27,50,-9.210340371976182,-6.884328662614746,-6.884647808484368
male,26-27,51,-9.210340371976182,-6.884328662614746,-6.884647808484368
male,26-27,52,-9.210340371976182,-6.884328662614746,-6.884647808484368
male,28-29,-52,-9.210340371976182,-9.210340371976182,-9.210660186039219
male,28-29,-51,-9.210340371976182,-9.210340371976182,-9.210660186039219
male,28-29,-50,-9.210340371976182,-9.210340371976182,-9.210660186039219
male,28-29,-49,-9.210340371976182,-9.210340371976182,-9.210660186039219
male,28-29,-48,-9.210340371976182,-9.210340371976182,-9.210660186039219
male,28-29,-47,-9.210340371976182,-9.210340371976182,-9.210660186039219
male,28-29,-46,-9.210340371976182,-9.210340371976182,-9.210660186039219
male,28-29,-45,-9.210340371976182,-9.210340371976182,-9.210660186039219
male,28-29,-44,-9.210340371976182,-9.210340371976182,-9.210660186039219
male,28-29,-43,-9.210340371976182,-9.210340371976182,-9.210660186039219
male,28-29,-42,-9.210340371976182,-9.210340371976182,-9.210660186039219
male,28-29,-41,-9.210340371976182,-9.210340371976182,-9.210660186039219
male,28-29,-40,-9.210340371976182,-9.210340371976182,-9.210660186039219
male,28-29,-39,-9.210340371976182,-9.210340371976182,-9.210660186039219
male,28-29,-38,-9.210340371976182,-9.210340371976182,-9.210660186039219
male,28-29,-37,-9.210340371976182,-9.210340371976182,-9.210660186039219
male,28-29,-36,-9.210340371976182,-9.210340371976182,-9.210660186039219
male,28-29,-35,-9.210340371976182,-9.210340371976182,-9.210660186039219
male,28-29,-34,-9.210340371976182,-9.210340371976182,-9.210660186039219
male,28-29,-33,-9.210340371976182,-9.210340371976182,-9.210660186039219
male,28-29,-32,-9.210340371976182,-9.210340371976182,-9.210660186039219
male,28-29,-31,-9.210340371976182,-9.210340371976182,-9.210660186039219
male,28-29,-30,-9.210340371976182,-9.210340371976182,-9.210660186039219
male,28-29,-29,-9.210340371976182,-9.210340371976182,-9.210660186039219
male,28-29,-28,-9.210340371976182,-9.210340371976182,-9.210660186039219
male,28-29,-27,-9.210340371976182,-9.210340371976182,-9.210660186039219
male,28-29,-26,-9.210340371976182,-9.210340371976182,-9.210660186039219
male,28-29,-25,-9.210340371976182,-9.210340371976182,-9.210660186039219
male,28-29,-24,-9.210340371976182,-9.210340371976182,-9.210660186039219
male,28-29,-23,-9.210340371976182,-9.210340371976182,-9.210660186039219
male,28-29,-22,-9.210340371976182,-9.210340371976182,-9.210660186039219
male,28-29,-21,-9.210340371976182,-9.210340371976182,-9.210660186039219
male,28-29,-20,-9.210340371976182,-5.108235667569146,-5.108555481632183
male,28-29,-19,-9.210340371976182,-5.108235667569146,-5.108555481632183
male,28-29,-18,-9.210340371976182,-5.108235667569146,-5.108555481632183
male,28-29,-17,-9.210340371976182,-5.108235667569146,-5.108555481632183
male,28-29,-16,-9.210340371976182,-5.108235667569145,-5.108555481632182
male,28-29,-15,-9.210340371976182,-5.108235667569146,-5.108555481632183
male,28-29,-14,-9.210340371976182,-5.108235667569146,-5.108555481632183
male,28-29,-13,-9.210340371976182,-5.108235667569145,-5.108555481632182
male,28-29,-12,-9.210340371976182,-5.108235667343164,-5.108555481406201
male,28-29,-11,-5.1082378271055715,-5.10623082951463,-5.106550643577667
male,28-29,-10,-3.6655122737442287,-3.6653659881589267,-3.6656858022219634
male,28-29,-9,-3.0430250780327692,-3.042580333846827,-3.042900147909864
male,28-29,-8,-2.010953431174576,-2.010833928741116,-2.0111537428041526
male,28-29,-7,-1.31982147328343,-1.3197363868891294,-1.3200562009521664
male,28-29,-6,-0.7630747420497649,-0.7628539053784786,-0.7631737194415156
male,28-29,-5,-0.017873598649462034,-0.017822727651387777,-0.018142541714424684
male,28-29,-4,0.519779519277567,0.5198750079489269,0.51955519388589
male,28-29,-3,1.076456911000386,1.0765020023387712,1.0761821882757343
male,28-29,-2,1.5554419354900817,1.5554580580469093,1.5551382439838723
male,28-29,-1,1.9461729910304906,1.946114875999978,1.945795061936941
male,28-29,0,2.1094013173550095,2.1092108866858177,2.108891072622781
male,28-29,1,1.5434254710493949,1.5435481632789843,1.5432283492159473
male,28-29,2,0.9180796889565772,0.9182646557593441,0.9179448416963072
male,28-29,3,0.3858671377138892,0.38604313675352947,0.3857233226904926
male,28-29,4,0.0802761567420156,0.08030760071629156,0.07998778665325465
male,28-29,5,-0.2882715488833019,-0.2881824662810493,-0.2885022803440862
male,28-29,6,-0.5397294908838982,-0.5397023630473964,-0.5400221771104333
male,28-29,7,-0.8171762257600934,-0.8171201069981717,-0.8174399210612087
male,28-29,8,-1.0284867676473166,-1.0284939474112873,-1.0288137614743242
male,28-29,9,-1.364024274935178,-1.3639222435498022,-1.3642420576128391
male,28-29,10,-1.4877116961535184,-1.4877038942713985,-1.4880237083344354
male,28-29,11,-1.6133445369324493,-1.6133617208701683,-1.6136815349332052
male,28-29,12,-1.8312602704761431,-1.8312548873322008,-1.8315747013952377
male,28-29,13,-2.112894961180298,-2.112792217541546,-2.1131120316045826
male,28-29,14,-2.1472171604900154,-2.1473532297618787,-2.1476730438249154
male,28-29,15,-2.7638096060464115,-2.763492724790297,-2.7638125388533337
male,28-29,16,-2.7018113850344143,-2.7018355072232936,-2.7021553212863303
male,28-29,17,-2.7194456809254066,-2.7194287958151797,-2.7197486098782164
male,28-29,18,-2.693750103933799,-2.6938303424616814,-2.694150156524718
male,28-29,19,-2.9407147252239474,-2.940771682678099,-2.941091496741136
male,28-29,20,-3.5351674671074607,-3.534930142698363,-3.5352499567613997
male,28-29,21,-3.6344053736248085,-3.6344188215773423,-3.634738635640379
male,28-29,22,-3.790959289713709,-3.790974796439294,-3.7912946105023306
male,28-29,23,-4.040537515151388,-4.040600838886712,-4.040920652949748
male,28-29,24,-4.678168842205675,-4.677000303696794,-4.677320117759831
male,28-29,25,-3.406979447094611,-3.4073647861591616,-3.4076846002221983
male,28-29,26,-4.002196892863546,-4.0021631173839,-4.002482931446937
male,28-29,27,-5.297861749713342,-5.296517598122441,-5.296837412185478
male,28-29,28,-4.462472283796057,-4.462926819324166,-4.463246633387203
male,28-29,29,-5.981716566305061,-5.980514991479159,-5.980834805542195
male,28-29,30,-5.8640841661899215,-5.863549987522369,-5.863869801585405
male,28-29,31,-4.899348048023593,-4.899884339794389,-4.900204153857426
male,28-29,32,-9.210340371976182,-9.210340371976182,-9.210660186039219
male,28-29,33,-6.572576298510865,-6.571114396334183,-6.57143421039722
male,28-29,34,-4.7194675397246755,-4.719607537051411,-4.719927351114448
male,28-29,35,-4.366352671859314,-4.366759983225334,-4.367079797288371
male,28-29,36,-7.019366502103006,-7.013739634547858,-7.014059448610895
male,28-29,37,-5.495917770598878,-5.496485437146694,-5.4968052512097305
male,28-29,38,-7.954315119602836,-7.949477437410146,-7.949797251473183
male,28-29,39,-6.41078683417809,-6.410798609115227,-6.411118423178264
male,28-29,40,-5.843042591785212,-5.8434777205627375,-5.843797534625774
male,28-29,41,-7.8186397127774425,-7.8167250592018975,-7.817044873264934
male,28-29,42,-9.210340371976182,-9.210340371976182,-9.210660186039219
male,28-29,43,-9.210340371976182,-9.210340371976182,-9.210660186039219
male,28-29,44,-9.210340371976182,-9.210340371976182,-9.210660186039219
male,28-29,45,-9.210340371976182,-9.210340371976182,-9.210660186039219
male,28-29,46,-9.210340371976182,-9.210340371976182,-9.210660186039219
male,28-29,47,-9.210340371976182,-9.210340371976182,-9.210660186039219
male,28-29,48,-9.210340371976182,-9.210340371976182,-9.210660186039219
male,28-29,49,-9.210340371976182,-9.210340371976182,-9.210660186039219
male,28-29,50,-9.210340371976182,-9.210340371976182,-9.210660186039219
male,28-29,51,-9.210340371976182,-9.210340371976182,-9.210660186039219
male,28-29,52,-9.210340371976182,-9.210340371976182,-9.210660186039219
male,30-31,-52,-9.210340371976182,-9.210340371976182,-9.210746647944053
male,30-31,-51,-9.210340371976182,-9.210340371976182,-9.210746647944053
male,30-31,-50,-9.210340371976182,-9.210340371976182,-9.210746647944053
male,30-31,-49,-9.210340371976182,-9.210340371976182,-9.210746647944053
male,30-31,-48,-9.210340371976182,-9.210340371976182,-9.210746647944053
male,30-31,-47,-9.210340371976182,-9.210340371976182,-9.210746647944053
male,30-31,-46,-9.210340371976182,-9.210340371976182,-9.210746647944053
male,30-31,-45,-9.210340371976182,-9.210340371976182,-9.210746647944053
male,30-31,-44,-9.210340371976182,-9.210340371976182,-9.210746647944053
male,30-31,-43,-9.210340371976182,-9.210340371976182,-9.210746647944053
male,30-31,-42,-9.210340371976182,-9.210340371976182,-9.210746647944053
male,30-31,-41,-9.210340371976182,-9.210340371976182,-9.210746647944053
male,30-31,-40,-9.210340371976182,-9.210340371976182,-9.210746647944053
male,30-31,-39,-9.210340371976182,-9.210340371976182,-9.210746647944053
male,30-31,-38,-9.210340371976182,-9.210340371976182,-9.210746647944053
male,30-31,-37,-9.210340371976182,-9.210340371976182,-9.210746647944053
male,30-31,-36,-9.210340371976182,-9.210340371976182,-9.210746647944053
male,30-31,-35,-9.210340371976182,-9.210340371976182,-9.210746647944053
male,30-31,-34,-9.210340371976182,-9.210340371976182,-9.210746647944053
male,30-31,-33,-9.210340371976182,-9.210340371976182,-9.210746647944053
male,30-31,-32,-9.210340371976182,-9.210340371976182,-9.210746647944053
male,30-31,-31,-9.210340371976182,-9.210340371976182,-9.210746647944053
male,30-31,-30,-9.210340371976182,-9.210340371976182,-9.210746647944053
male,30-31,-29,-9.210340371976182,-9.210340371976182,-9.210746647944053
male,30-31,-28,-9.210340371976182,-9.210340371976182,-9.210746647944053
male,30-31,-27,-9.210340371976182,-9.210340371976182,-9.210746647944053
male,30-31,-26,-9.210340371976182,-9.210340371976182,-9.210746647944053
male,30-31,-25,-9.210340371976182,-9.210340371976182,-9.210746647944053
male,30-31,-24,-9.210340371976182,-9.210340371976182,-9.210746647944053
male,30-31,-23,-9.210340371976182,-9.210340371976182,-9.210746647944053
male,30-31,-22,-9.210340371976182,-4.9758955281454895,-4.976301804113359
male,30-31,-21,-9.210340371976182,-4.9758955281454895,-4.976301804113359
male,30-31,-20,-9.210340371976182,-4.9758955281454895,-4.976301804113359
male,30-31,-19,-9.210340371976182,-4.9758955281454895,-4.976301804113359
male,30-31,-18,-9.210340371976182,-4.9758955281454895,-4.976301804113359
male,30-31,-17,-9.210340371976182,-4.9758955281454895,-4.976301804113359
male,30-31,-16,-9.210340371976182,-4.97589552814549,-4.97630180411336
male,30-31,-15,-9.210340371976182,-4.9758955281454895,-4.976301804113359
male,30-31,-14,-9.210340371976182,-4.975895528113992,-4.976301804081862
male,30-31,-13,-4.975896887002773,-4.975615854490131,-4.976022130458001
male,30-31,-12,-4.614998488311203,-4.614398601587586,-4.614804877555456
male,30-31,-11,-3.5199108516236035,-3.519597386645297,-3.5200036626131674
male,30-31,-10,-2.55676381120261,-2.5567672194192883,-2.5571734953871585
male,30-31,-9,-2.085289838192691,-2.085124315108736,-2.085530591076606
male,30-31,-8,-1.4668832945652437,-1.4667366369674917,-1.4671429129353617
male,30-31,-7,-0.8201568948961793,-0.8200685657513068,-0.820474841719177
male,30-31,-6,-0.2473618826187114,-0.2472890898226729,-0.24769536579054302
male,30-31,-5,0.28023471285907275,0.28028720994471185,0.2798809339768417
male,30-31,-4,0.7623693053089675,0.7624528432509421,0.762046567283072
male,30-31,-3,1.2911188894546608,1.291104209799913,1.290697933832043
male,30-31,-2,1.64084948274153,1.6408693852387009,1.6404631092708308
male,30-31,-1,1.9703119182576148,1.9702585766153216,1.9698523006474515
male,30-31,0,2.100734479079118,2.1005648890324213,2.100158613064551
male,30-31,1,1.5631911682020712,1.563310580100228,1.562904304132358
male,30-31,2,0.958938994478095,0.9591274760267654,0.9587212000588953
male,30-31,3,0.5397565045573866,0.5398253727431128,0.5394190967752427
male,30-31,4,0.08199121357258782,0.0821621141184386,0.08175583815056847
male,30-31,5,-0.03862104423635193,-0.0386610876452014,-0.039067363613071525
male,30-31,6,-0.36056808549031794,-0.36049588265884086,-0.360902158626711
male,30-31,7,-0.5790709562481264,-0.5790411408124141,-0.5794474167802842
male,30-31,8,-0.7674054931282305,-0.7674202617629446,-0.7678265377308148
male,30-31,9,-1.0693955335739462,-1.0693204678774801,-1.0697267438453502
male,30-31,10,-1.2149169641280855,-1.2149614597472802,-1.2153677357151502
male,30-31,11,-1.5782904024999267,-1.578200908572325,-1.578607184540195
male,30-31,12,-1.7874111610693817,-1.7874345293171043,-1.7878408052849744
male,30-31,13,-2.169710815311971,-2.1695592465122084,-2.1699655224800787
male,30-31,14,-2.201894372463526,-2.201911231114894,-2.202317507082764
male,30-31,15,-2.296892503773648,-2.296931697573564,-2.2973379735414343
male,30-31,16,-2.5569546774914858,-2.556925492750256,-2.557331768718126
male,30-31,17,-2.8055402457073213,-2.80541743145301,-2.8058237074208803
male,30-31,18,-2.728585401667305,-2.728664463553385,-2.7290707395212555
male,30-31,19,-2.9043352880327142,-2.9043313366672754,-2.9047376126351456
male,30-31,20,-3.0967120250060955,-3.0967586684893234,-3.0971649444571936
male,30-31,21,-3.534372736793631,-3.5341066588049426,-3.534512934772813
male,30-31,22,-3.3251744726089774,-3.32537628841688,-3.3257825643847503
male,30-31,23,-3.8604940029445634,-3.8604329592765856,-3.860839235244456
male,30-31,24,-4.596981272507035,-4.596650369797316,-4.597056645765186
male,30-31,25,-4.7133587644110895,-4.713358597619776,-4.713764873587646
male,30-31,26,-4.847666246427257,-4.847488386777712,-4.847894662745582
male,30-31,27,-4.5305954445077345,-4.530935823544944,-4.5313420995128135
male,30-31,28,-5.882435601359276,-5.881346739919626,-5.8817530158874956
male,30-31,29,-5.5316656971450975,-5.531699093729664,-5.5321053696975335
male,30-31,30,-5.368214510313279,-5.368408339337216,-5.3688146153050855
male,30-31,31,-5.943667054649209,-5.94272743036544,-5.94313370633331
male,30-31,32,-4.838630175850903,-4.839028862957868,-4.8394351389257375
male,30-31,33,-5.58563495864563,-5.585454265541513,-5.5858605415093825
male,30-31,34,-6.470081990749542,-6.46940844639685,-6.4698147223647196
male,30-31,35,-6.010555041779369,-6.010847009542238,-6.011253285510108
male,30-31,36,-6.717138414654446,-6.716957365718134,-6.717363641686004
male,30-31,37,-7.430264615917718,-7.43024107473194,-7.43064735069981
male,30-31,38,-9.210340371976182,-9.210340371976182,-9.210746647944053
male,30-31,39,-6.6570048524181065,-6.657247960616583,-6.657654236584452
male,30-31,40,-6.221921296494037,-6.222161453850782,-6.2225677298186515
male,30-31,41,-9.210340371976182,-6.2219199037197965,-6.222326179687666
male,30-31,42,-9.210340371976182,-6.221919903692598,-6.222326179660468
male,30-31,43,-9.210340371976182,-6.221919903692598,-6.222326179660468
male,30-31,44,-9.210340371976182,-6.221919903692598,-6.222326179660468
male,30-31,45,-9.210340371976182,-6.221919903692598,-6.222326179660468
male,30-31,46,-9.210340371976182,-6.221919903692598,-6.222326179660468
male,30-31,47,-9.210340371976182,-6.221919903692598,-6.222326179660468
male,30-31,48,-9.210340371976182,-6.221919903692598,-6.222326179660468
male,30-31,49,-9.210340371976182,-6.221919903692598,-6.222326179660468
male,30-31,50,-9.210340371976182,-9.210340371976182,-9.210746647944053
male,30-31,51,-9.210340371976182,-9.210340371976182,-9.210746647944053
male,30-31,52,-9.210340371976182,-9.210340371976182,-9.210746647944053
male,32-33,-52,-9.210340371976182,-9.210340371976182,-9.210773782635258
male,32-33,-51,-9.210340371976182,-9.210340371976182,-9.210773782635258
male,32-33,-50,-9.210340371976182,-9.210340371976182,-9.210773782635258
male,32-33,-49,-9.210340371976182,-9.210340371976182,-9.210773782635258
male,32-33,-48,-9.210340371976182,-9.210340371976182,-9.210773782635258
male,32-33,-47,-9.210340371976182,-9.210340371976182,-9.210773782635258
male,32-33,-46,-9.210340371976182,-9.210340371976182,-9.210773782635258
male,32-33,-45,-9.210340371976182,-9.210340371976182,-9.210773782635258
male,32-33,-44,-9.210340371976182,-9.210340371976182,-9.210773782635258
male,32-33,-43,-9.210340371976182,-9.210340371976182,-9.210773782635258
male,32-33,-42,-9.210340371976182,-9.210340371976182,-9.210773782635258
male,32-33,-41,-9.210340371976182,-9.210340371976182,-9.210773782635258
male,32-33,-40,-9.210340371976182,-9.210340371976182,-9.210773782635258
male,32-33,-39,-9.210340371976182,-9.210340371976182,-9.210773782635258
male,32-33,-38,-9.210340371976182,-9.210340371976182,-9.210773782635258
male,32-33,-37,-9.210340371976182,-9.210340371976182,-9.210773782635258
male,32-33,-36,-9.210340371976182,-9.210340371976182,-9.210773782635258
male,32-33,-35,-9.210340371976182,-9.210340371976182,-9.210773782635258
male,32-33,-34,-9.210340371976182,-9.210340371976182,-9.210773782635258
male,32-33,-33,-9.210340371976182,-9.210340371976182,-9.210773782635258
male,32-33,-32,-9.210340371976182,-9.210340371976182,-9.210773782635258
male,32-33,-31,-9.210340371976182,-9.210340371976182,-9.210773782635258
male,32-33,-30,-9.210340371976182,-9.210340371976182,-9.210773782635258
male,32-33,-29,-9.210340371976182,-9.210340371976182,-9.210773782635258
male,32-33,-28,-9.210340371976182,-9.210340371976182,-9.210773782635258
male,32-33,-27,-9.210340371976182,-9.210340371976182,-9.210773782635258
male,32-33,-26,-9.210340371976182,-9.210340371976182,-9.210773782635258
male,32-33,-25,-9.210340371976182,-9.210340371976182,-9.210773782635258
male,32-33,-24,-9.210340371976182,-5.3727918305067135,-5.373225241165788
male,32-33,-23,-9.210340371976182,-5.3727918305067135,-5.373225241165788
male,32-33,-22,-9.210340371976182,-5.3727918305067135,-5.373225241165788
male,32-33,-21,-9.210340371976182,-5.3727918305067135,-5.373225241165788
male,32-33,-20,-9.210340371976182,-5.3727918305067135,-5.373225241165788
male,32-33,-19,-9.210340371976182,-5.3727918305067135,-5.373225241165788
male,32-33,-18,-9.210340371976182,-5.3727918305067135,-5.373225241165788
male,32-33,-17,-9.210340371976182,-5.3727918305067135,-5.373225241165788
male,32-33,-16,-9.210340371976182,-5.3727918305176665,-5.373225241176741
male,32-33,-15,-5.372795320875376,-5.372889098906824,-5.373322509565899
male,32-33,-14,-5.537206439270013,-5.536367736135479,-5.536801146794554
male,32-33,-13,-4.298043370913391,-4.297653819776279,-4.298087230435354
male,32-33,-12,-3.238074128099534,-3.237953942816476,-3.238387353475551
male,32-33,-11,-2.5470084457361066,-2.546931316022955,-2.54736472668203
male,32-33,-10,-2.012483340865775,-2.012358769826622,-2.0127921804856967
male,32-33,-9,-1.4332216081321263,-1.4331129930124817,-1.4335464036715568
male,32-33,-8,-0.8520988351651346,-0.8520544219102256,-0.8524878325693007
male,32-33,-7,-0.380256745292943,-0.3801834280642199,-0.38061683872329494
male,32-33,-6,0.11448914641826129,0.11453797952323419,0.11410456886415914
male,32-33,-5,0.5768936959892307,0.5769280493252588,0.5764946386661837
male,32-33,-4,0.997108950052959,0.9971643778860724,0.9967309672269973
male,32-33,-3,1.4346443924767034,1.434621109274697,1.434187698615622
male,32-33,-2,1.7046946931499063,1.7047151329648735,1.7042817223057984
male,32-33,-1,1.9900478012769582,1.9900008475288957,1.9895674368698206
male,32-33,0,2.1112877789212865,2.1111223617063417,2.110688951047267
male,32-33,1,1.5943574638265223,1.5944666551395785,1.5940332444805034
male,32-33,2,1.048044041790868,1.0481994691815661,1.047766058522491
male,32-33,3,0.6408190460149856,0.6409218651024798,0.6404884544434047
male,32-33,4,0.3471831374383074,0.34721648335651495,0.3467830726974399
male,32-33,5,0.01784344261856066,0.017933315319943025,0.017499904660867975
male,32-33,6,-0.14326185176225387,-0.14329857066376073,-0.14373198132283577
male,32-33,7,-0.49893932631798654,-0.4988826041273511,-0.4993160147864261
male,32-33,8,-0.8193644039574509,-0.8193059455198826,-0.8197393561789577
male,32-33,9,-1.0780496769169685,-1.0779486124786335,-1.0783820231377086
male,32-33,10,-1.0902026114995156,-1.0903433198004653,-1.0907767304595404
male,32-33,11,-1.6980914949378494,-1.6977684728686224,-1.6982018835276975
male,32-33,12,-1.6079235164987247,-1.6080463330762234,-1.6084797437352985
male,32-33,13,-1.9607942890141932,-1.9606766168161893,-1.9611100274752644
male,32-33,14,-2.063558764421806,-2.0635345840512045,-2.0639679947102794
male,32-33,15,-2.1137973043497644,-2.11388044368229,-2.114313854341365
male,32-33,16,-2.477768992426942,-2.477727485961896,-2.4781608966209707
male,32-33,17,-2.845741492846308,-2.8455490835553685,-2.8459824942144434
male,32-33,18,-2.721542182570812,-2.721719738802326,-2.722153149461401
male,32-33,19,-3.280074578254695,-3.279747891182316,-3.280181301841391
male,32-33,20,-3.0917794466618953,-3.091968864412884,-3.092402275071959
male,32-33,21,-3.6041672192865857,-3.6041142593222504,-3.6045476699813253
male,32-33,22,-4.32523290595563,-4.324584920409254,-4.325018331068329
male,32-33,23,-3.6991868254266635,-3.699558124978061,-3.699991535637136
male,32-33,24,-4.711241402234604,-4.710321193985791,-4.710754604644866
male,32-33,25,-4.025570322363677,-4.025893726378024,-4.026327137037099
male,32-33,26,-4.6882692342825685,-4.688117136597849,-4.6885505472569236
male,32-33,27,-5.302329573582964,-5.302182836679981,-5.3026162473390555
male,32-33,28,-5.78235475122834,-5.781419554325754,-5.781852964984829
male,32-33,29,-4.621542943819613,-4.6218695306659265,-4.622302941325001
male,32-33,30,-4.96698327569781,-4.9670091882219065,-4.967442598880981
male,32-33,31,-5.669653067644321,-5.669443203954249,-5.669876614613324
male,32-33,32,-6.202637276282021,-6.202470981816494,-6.202904392475569
male,32-33,33,-6.4597194154526,-6.458014310226981,-6.458447720886056
male,32-33,34,-4.694697023874567,-4.695214212401389,-4.695647623060464
male,32-33,35,-5.975561820164676,-5.975007326104373,-5.9754407367634474
male,32-33,36,-9.210340371976182,-9.210340371976182,-9.210773782635258
male,32-33,37,-9.210340371976182,-9.210340371976182,-9.210773782635258
male,32-33,38,-9.210340371976182,-9.210340371976182,-9.210773782635258
male,32-33,39,-9.210340371976182,-9.210340371976182,-9.210773782635258
male,32-33,40,-9.210340371976182,-9.210340371976182,-9.210773782635258
male,32-33,41,-9.210340371976182,-9.210340371976182,-9.210773782635258
male,32-33,42,-9.210340371976182,-9.210340371976182,-9.210773782635258
male,32-33,43,-9.210340371976182,-9.210340371976182,-9.210773782635258
male,32-33,44,-9.210340371976182,-9.210340371976182,-9.210773782635258
male,32-33,45,-9.210340371976182,-9.210340371976182,-9.210773782635258
male,32-33,46,-9.210340371976182,-9.210340371976182,-9.210773782635258
male,32-33,47,-9.210340371976182,-9.210340371976182,-9.210773782635258
male,32-33,48,-9.210340371976182,-9.210340371976182,-9.210773782635258
male,32-33,49,-9.210340371976182,-9.210340371976182,-9.210773782635258
male,32-33,50,-9.210340371976182,-9.210340371976182,-9.210773782635258
male,32-33,51,-9.210340371976182,-9.210340371976182,-9.210773782635258
male,32-33,52,-9.210340371976182,-9.210340371976182,-9.210773782635258
male,34-35,-52,-9.210340371976182,-9.210340371976182,-9.210729831159886
male,34-35,-51,-9.210340371976182,-9.210340371976182,-9.210729831159886
male,34-35,-50,-9.210340371976182,-9.210340371976182,-9.210729831159886
male,34-35,-49,-9.210340371976182,-9.210340371976182,-9.210729831159886
male,34-35,-48,-9.210340371976182,-9.210340371976182,-9.210729831159886
male,34-35,-47,-9.210340371976182,-9.210340371976182,-9.210729831159886
male,34-35,-46,-9.210340371976182,-9.210340371976182,-9.210729831159886
male,34-35,-45,-9.210340371976182,-9.210340371976182,-9.210729831159886
male,34-35,-44,-9.210340371976182,-9.210340371976182,-9.210729831159886
male,34-35,-43,-9.210340371976182,-9.210340371976182,-9.210729831159886
male,34-35,-42,-9.210340371976182,-9.210340371976182,-9.210729831159886
male,34-35,-41,-9.210340371976182,-9.210340371976182,-9.210729831159886
male,34-35,-40,-9.210340371976182,-9.210340371976182,-9.210729831159886
male,34-35,-39,-9.210340371976182,-9.210340371976182,-9.210729831159886
male,34-35,-38,-9.210340371976182,-9.210340371976182,-9.210729831159886
male,34-35,-37,-9.210340371976182,-9.210340371976182,-9.210729831159886
male,34-35,-36,-9.210340371976182,-9.210340371976182,-9.210729831159886
male,34-35,-35,-9.210340371976182,-9.210340371976182,-9.210729831159886
male,34-35,-34,-9.210340371976182,-9.210340371976182,-9.210729831159886
male,34-35,-33,-9.210340371976182,-9.210340371976182,-9.210729831159886
male,34-35,-32,-9.210340371976182,-9.210340371976182,-9.210729831159886
male,34-35,-31,-9.210340371976182,-9.210340371976182,-9.210729831159886
male,34-35,-30,-9.210340371976182,-9.210340371976182,-9.210729831159886
male,34-35,-29,-9.210340371976182,-9.210340371976182,-9.210729831159886
male,34-35,-28,-9.210340371976182,-9.210340371976182,-9.210729831159886
male,34-35,-27,-9.210340371976182,-9.210340371976182,-9.210729831159886
male,34-35,-26,-9.210340371976182,-6.273875993591326,-6.2742654527750314
male,34-35,-25,-9.210340371976182,-6.273875993591326,-6.2742654527750314
male,34-35,-24,-9.210340371976182,-6.273875993591326,-6.2742654527750314
male,34-35,-23,-9.210340371976182,-6.273875993591326,-6.2742654527750314
male,34-35,-22,-9.210340371976182,-6.273875993591326,-6.2742654527750314
male,34-35,-21,-9.210340371976182,-6.273875993591326,-6.2742654527750314
male,34-35,-20,-9.210340371976182,-6.273875993591326,-6.2742654527750314
male,34-35,-19,-9.210340371976182,-6.273875993591326,-6.2742654527750314
male,34-35,-18,-9.210340371976182,-6.2738759935158,-6.274265452699505
male,34-35,-17,-6.273876658242673,-6.273205514177492,-6.273594973361197
male,34-35,-16,-5.560567936236804,-5.560162253268841,-5.560551712452546
male,34-35,-15,-4.641301762772901,-4.640956455836613,-4.6413459150203185
male,34-35,-14,-3.666388887085385,-3.6662150473044677,-3.6666045064881727
male,34-35,-13,-2.9091900945524753,-2.9091534673649226,-2.9095429265486277
male,34-35,-12,-2.42320883950001,-2.4232051208342718,-2.423594580017977
male,34-35,-11,-2.0898250902209954,-2.0895735083232627,-2.0899629675069678
male,34-35,-10,-1.3612736770362264,-1.3612453339360227,-1.3616347931197277
male,34-35,-9,-0.8646241050345864,-0.864579717844904,-0.8649691770286091
male,34-35,-8,-0.411434208530685,-0.4113765366774098,-0.4117659958611149
male,34-35,-7,0.05566321425771618,0.05565663448505359,0.055267175301348476
male,34-35,-6,0.39467558027999056,0.39475661431258574,0.39436715512888065
male,34-35,-5,0.8493752371096784,0.8493837987561665,0.8489943395724614
male,34-35,-4,1.2086290542858276,1.2086541148744254,1.2082646556907204
male,34-35,-3,1.566696528786241,1.5666662787703116,1.5662768195866066
male,34-35,-2,1.7920734927616593,1.7920738752101681,1.7916844160264631
male,34-35,-1,1.9956637226196134,1.9956322562696203,1.9952427970859152
male,34-35,0,2.0943960393476075,2.0942422245759555,2.0938527653922505
male,34-35,1,1.605757484906137,1.6058563063955322,1.6054668472118272
male,34-35,2,1.0910713754937664,1.0912065223223162,1.0908170631386112
male,34-35,3,0.7042065558287645,0.7042797453566929,0.7038902861729878
male,34-35,4,0.3778050316593919,0.3778650664186528,0.3774756072349477
male,34-35,5,0.13064833065567172,0.13063605739807094,0.13024659821436582
male,34-35,6,-0.2637769777406935,-0.26363037819091134,-0.26401983737461643
male,34-35,7,-0.32608733151127367,-0.32619208557011525,-0.32658154475382034
male,34-35,8,-0.811238977336807,-0.8110311535065478,-0.8114206126902529
male,34-35,9,-0.8245490291393869,-0.8246266205982217,-0.8250160797819268
male,34-35,10,-1.1161910097507004,-1.1161210441140486,-1.1165105032977536
male,34-35,11,-1.2714803415310494,-1.2715074155050647,-1.2718968746887698
male,34-35,12,-1.5753809909071217,-1.5753083775191234,-1.5756978367028285
male,34-35,13,-1.7364308736475442,-1.7364624217376123,-1.7368518809213174
male,34-35,14,-2.046055919025756,-2.046025802891092,-2.046415262074797
male,34-35,15,-2.347619658444336,-2.3475877966436896,-2.3479772558273946
male,34-35,16,-2.6261935222179478,-2.6261525811137525,-2.6265420402974575
male,34-35,17,-2.8468595213879735,-2.8469016582569595,-2.8472911174406645
male,34-35,18,-3.3089166993852,-3.308671761448106,-3.309061220631811
male,34-35,19,-3.16973190468424,-3.169800993172843,-3.170190452356548
male,34-35,20,-3.253556156347797,-3.2536131014306133,-3.2540025606143184
male,34-35,21,-3.5575677615363306,-3.5576046700379065,-3.5579941292216115
male,34-35,22,-4.178090788879641,-4.177900672460145,-4.17829013164385
male,34-35,23,-4.49386064336099,-4.493839343265044,-4.49422880244875
male,34-35,24,-4.840239449824729,-4.840223309369957,-4.840612768553663
male,34-35,25,-5.264314828565339,-5.263800883206824,-5.264190342390529
male,34-35,26,-4.565782502911913,-4.566166092441984,-4.566555551625689
male,34-35,27,-5.633008396953542,-5.6320779422544796,-5.632467401438185
male,34-35,28,-5.016879721833296,-5.017176703322053,-5.017566162505759
male,34-35,29,-5.57876032132663,-5.5780528291769444,-5.57844228836065
male,34-35,30,-4.7211032790751295,-4.721519531561289,-4.7219089907449945
male,34-35,31,-5.843833159949839,-5.843169555442977,-5.843559014626682
male,34-35,32,-5.9821430757301535,-5.982186878347237,-5.982576337530943
male,34-35,33,-6.3195354997555535,-6.319444380932339,-6.319833840116044
male,34-35,34,-6.468451251729191,-6.46717617057792,-6.4675656297616255
male,34-35,35,-4.936399870604421,-4.936828535659464,-4.937217994843169
male,34-35,36,-9.210340371976182,-9.210340371976182,-9.210729831159886
male,34-35,37,-9.210340371976182,-9.210340371976182,-9.210729831159886
male,34-35,38,-9.210340371976182,-9.210340371976182,-9.210729831159886
male,34-35,39,-9.210340371976182,-9.210340371976182,-9.210729831159886
male,34-35,40,-9.210340371976182,-9.210340371976182,-9.210729831159886
male,34-35,41,-9.210340371976182,-9.210340371976182,-9.210729831159886
male,34-35,42,-9.210340371976182,-9.210340371976182,-9.210729831159886
male,34-35,43,-9.210340371976182,-9.210340371976182,-9.210729831159886
male,34-35,44,-9.210340371976182,-9.210340371976182,-9.210729831159886
male,34-35,45,-9.210340371976182,-9.210340371976182,-9.210729831159886
male,34-35,46,-9.210340371976182,-9.210340371976182,-9.210729831159886
male,34-35,47,-9.210340371976182,-9.210340371976182,-9.210729831159886
male,34-35,48,-9.210340371976182,-9.210340371976182,-9.210729831159886
male,34-35,49,-9.210340371976182,-9.210340371976182,-9.210729831159886
male,34-35,50,-9.210340371976182,-9.210340371976182,-9.210729831159886
male,34-35,51,-9.210340371976182,-9.210340371976182,-9.210729831159886
male,34-35,52,-9.210340371976182,-9.210340371976182,-9.210729831159886
male,36-37,-52,-9.210340371976182,-9.210340371976182,-9.210630602139023
male,36-37,-51,-9.210340371976182,-9.210340371976182,-9.210630602139023
male,36-37,-50,-9.210340371976182,-9.210340371976182,-9.210630602139023
male,36-37,-49,-9.210340371976182,-9.210340371976182,-9.210630602139023
male,36-37,-48,-9.210340371976182,-9.210340371976182,-9.210630602139023
male,36-37,-47,-9.210340371976182,-9.210340371976182,-9.210630602139023
male,36-37,-46,-9.210340371976182,-9.210340371976182,-9.210630602139023
male,36-37,-45,-9.210340371976182,-9.210340371976182,-9.210630602139023
male,36-37,-44,-9.210340371976182,-9.210340371976182,-9.210630602139023
male,36-37,-43,-9.210340371976182,-9.210340371976182,-9.210630602139023
male,36-37,-42,-9.210340371976182,-9.210340371976182,-9.210630602139023
male,36-37,-41,-9.210340371976182,-9.210340371976182,-9.210630602139023
male,36-37,-40,-9.210340371976182,-9.210340371976182,-9.210630602139023
male,36-37,-39,-9.210340371976182,-9.210340371976182,-9.210630602139023
male,36-37,-38,-9.210340371976182,-9.210340371976182,-9.210630602139023
male,36-37,-37,-9.210340371976182,-9.210340371976182,-9.210630602139023
male,36-37,-36,-9.210340371976182,-9.210340371976182,-9.210630602139023
male,36-37,-35,-9.210340371976182,-9.210340371976182,-9.210630602139023
male,36-37,-34,-9.210340371976182,-9.210340371976182,-9.210630602139023
male,36-37,-33,-9.210340371976182,-9.210340371976182,-9.210630602139023
male,36-37,-32,-9.210340371976182,-9.210340371976182,-9.210630602139023
male,36-37,-31,-9.210340371976182,-9.210340371976182,-9.210630602139023
male,36-37,-30,-9.210340371976182,-9.210340371976182,-9.210630602139023
male,36-37,-29,-9.210340371976182,-9.210340371976182,-9.210630602139023
male,36-37,-28,-9.210340371976182,-6.9418049763650735,-6.942095206527915
male,36-37,-27,-9.210340371976182,-6.9418049763650735,-6.942095206527915
male,36-37,-26,-9.210340371976182,-6.9418049763650735,-6.942095206527915
male,36-37,-25,-9.210340371976182,-6.9418049763650735,-6.942095206527915
male,36-37,-24,-9.210340371976182,-6.9418049763650735,-6.942095206527915
male,36-37,-23,-9.210340371976182,-6.9418049763650735,-6.942095206527915
male,36-37,-22,-9.210340371976182,-6.9418049763650735,-6.942095206527915
male,36-37,-21,-9.210340371976182,-6.9418049763650735,-6.942095206527915
male,36-37,-20,-9.210340371976182,-6.941804976065719,-6.942095206228561
male,36-37,-19,-6.941804931862159,-6.939150154108792,-6.9394403842716335
male,36-37,-18,-5.321370590885421,-5.320536519164958,-5.320826749327799
male,36-37,-17,-3.940386903896225,-3.940575784531797,-3.940866014694638
male,36-37,-16,-3.75191569180292,-3.751603873407761,-3.7518941035706024
male,36-37,-15,-3.011020192045421,-3.0111729166152736,-3.011463146778115
male,36-37,-14,-2.9483211759991153,-2.9481809508201833,-2.9484711809830246
male,36-37,-13,-2.5513072739802354,-2.551133654763898,-2.551423884926739
male,36-37,-12,-1.9193420267519559,-1.919311179899139,-1.9196014100619803
male,36-37,-11,-1.4487747077261666,-1.44859686942822,-1.4488870995910614
male,36-37,-10,-0.7647868346561499,-0.7648530009670871,-0.7651432311299285
male,36-37,-9,-0.46301546901724744,-0.4629416349368544,-0.4632318650996958
male,36-37,-8,-0.03521110684405743,-0.03520185246085557,-0.035492082623696984
male,36-37,-7,0.31629151779069103,0.3163530497718269,0.31606281960898547
male,36-37,-6,0.738173112417982,0.7381731416452542,0.7378829114824127
male,36-37,-5,1.074594813530286,1.0745885982596266,1.0742983680967853
male,36-37,-4,1.3473271337133665,1.3473321849575217,1.3470419547946804
male,36-37,-3,1.5974554339008298,1.5974647074795172,1.5971744773166758
male,36-37,-2,1.8406341595953002,1.8406270146226031,1.8403367844597618
male,36-37,-1,2.039461750212251,2.0394072145328352,2.039116984369994
male,36-37,0,2.070427369373703,2.070285215415725,2.0699949852528836
male,36-37,1,1.552498384341788,1.5526236526605492,1.552333422497708
male,36-37,2,1.144670928631571,1.1447464474274398,1.1444562172645985
male,36-37,3,0.8005749969664142,0.8006059894889173,0.8003157593260758
male,36-37,4,0.40785339735250964,0.4079472064873779,0.4076569763245365
male,36-37,5,0.16321861927684625,0.16323720620788063,0.16294697604503922
male,36-37,6,-0.10007728430642866,-0.1000370538279575,-0.1003272839907989
male,36-37,7,-0.3103227131857489,-0.31028691520977336,-0.31057714537261477
male,36-37,8,-0.45796997456919597,-0.4579821538076515,-0.4582723839704929
male,36-37,9,-0.6871256970669404,-0.6871170190524749,-0.6874072492153164
male,36-37,10,-0.9680405898625827,-0.968050536733884,-0.9683407668967254
male,36-37,11,-1.4155302677389439,-1.4153142968040147,-1.415604526966856
male,36-37,12,-1.3380596981827249,-1.338177871708932,-1.3384681018717735
male,36-37,13,-1.6520720008767065,-1.6520497461768338,-1.652339976339675
male,36-37,14,-1.9880663657657363,-1.9880521301837548,-1.9883423603465962
male,36-37,15,-2.42427573741299,-2.4240811846194017,-2.424371414782243
male,36-37,16,-2.396099121668286,-2.396236365035647,-2.3965265951984884
male,36-37,17,-2.868560232778881,-2.8684413379456952,-2.8687315681085366
male,36-37,18,-3.1446655517645903,-3.144657833020812,-3.1449480631836533
male,36-37,19,-3.4993412575326026,-3.4993709703896547,-3.499661200552496
male,36-37,20,-4.210792737455546,-4.210287732223088,-4.210577962385929
male,36-37,21,-3.8235005312536443,-3.823765882634064,-3.8240561127969053
male,36-37,22,-4.4605473555589334,-4.45979494185933,-4.460085172022171
male,36-37,23,-3.6202232992310495,-3.620565712273476,-3.620855942436317
male,36-37,24,-4.252665022740789,-4.252621324402101,-4.2529115545649425
male,36-37,25,-5.626558088332326,-5.624937548731295,-5.6252277788941365
male,36-37,26,-4.574772437172812,-4.574928545121604,-4.575218775284445
male,36-37,27,-4.402553660919851,-4.402673795891035,-4.402964026053876
male,36-37,28,-4.625740889453657,-4.625984041318608,-4.626274271481449
male,36-37,29,-9.420765616603923,-9.210340371976182,-9.210630602139023
male,36-37,30,-8.918276856676895,-8.911229133162692,-8.911519363325533
male,36-37,31,-5.793592259195953,-5.793751069613259,-5.7940412997761
male,36-37,32,-5.38770723350742,-5.388133994130448,-5.388424224293289
male,36-37,33,-8.063569448108654,-8.058770634719307,-8.059060864882149
male,36-37,34,-7.062340742207899,-7.062760691565501,-7.063050921728342
male,36-37,35,-9.210340371976182,-7.0623407543745005,-7.062630984537342
male,36-37,36,-9.210340371976182,-7.062340754327222,-7.062630984490063
male,36-37,37,-9.210340371976182,-7.062340754327222,-7.062630984490063
male,36-37,38,-9.210340371976182,-7.062340754327221,-7.062630984490062
male,36-37,39,-9.210340371976182,-7.062340754327222,-7.062630984490063
male,36-37,40,-9.210340371976182,-7.062340754327221,-7.062630984490062
male,36-37,41,-9.210340371976182,-7.062340754327222,-7.062630984490063
male,36-37,42,-9.210340371976182,-7.062340754327221,-7.062630984490062
male,36-37,43,-9.210340371976182,-7.062340754327221,-7.062630984490062
male,36-37,44,-9.210340371976182,-9.210340371976182,-9.210630602139023
male,36-37,45,-9.210340371976182,-9.210340371976182,-9.210630602139023
male,36-37,46,-9.210340371976182,-9.210340371976182,-9.210630602139023
male,36-37,47,-9.210340371976182,-9.210340371976182,-9.210630602139023
male,36-37,48,-9.210340371976182,-9.210340371976182,-9.210630602139023
male,36-37,49,-9.210340371976182,-9.210340371976182,-9.210630602139023
male,36-37,50,-9.210340371976182,-9.210340371976182,-9.210630602139023
male,36-37,51,-9.210340371976182,-9.210340371976182,-9.210630602139023
male,36-37,52,-9.210340371976182,-9.210340371976182,-9.210630602139023
male,38-39,-52,-9.210340371976182,-9.210340371976182,-9.21057249455241
male,38-39,-51,-9.210340371976182,-9.210340371976182,-9.21057249455241
male,38-39,-50,-9.210340371976182,-9.210340371976182,-9.21057249455241
male,38-39,-49,-9.210340371976182,-9.210340371976182,-9.21057249455241
male,38-39,-48,-9.210340371976182,-9.210340371976182,-9.21057249455241
male,38-39,-47,-9.210340371976182,-9.210340371976182,-9.21057249455241
male,38-39,-46,-9.210340371976182,-9.210340371976182,-9.21057249455241
male,38-39,-45,-9.210340371976182,-9.210340371976182,-9.21057249455241
male,38-39,-44,-9.210340371976182,-9.210340371976182,-9.21057249455241
male,38-39,-43,-9.210340371976182,-9.210340371976182,-9.21057249455241
male,38-39,-42,-9.210340371976182,-9.210340371976182,-9.21057249455241
male,38-39,-41,-9.210340371976182,-9.210340371976182,-9.21057249455241
male,38-39,-40,-9.210340371976182,-9.210340371976182,-9.21057249455241
male,38-39,-39,-9.210340371976182,-9.210340371976182,-9.21057249455241
male,38-39,-38,-9.210340371976182,-9.210340371976182,-9.21057249455241
male,38-39,-37,-9.210340371976182,-9.210340371976182,-9.21057249455241
male,38-39,-36,-9.210340371976182,-9.210340371976182,-9.21057249455241
male,38-39,-35,-9.210340371976182,-9.210340371976182,-9.21057249455241
male,38-39,-34,-9.210340371976182,-9.210340371976182,-9.21057249455241
male,38-39,-33,-9.210340371976182,-9.210340371976182,-9.21057249455241
male,38-39,-32,-9.210340371976182,-9.210340371976182,-9.21057249455241
male,38-39,-31,-9.210340371976182,-9.210340371976182,-9.21057249455241
male,38-39,-30,-9.210340371976182,-8.323819040656376,-8.324051163232605
male,38-39,-29,-9.210340371976182,-8.323819040656376,-8.324051163232605
male,38-39,-28,-9.210340371976182,-8.323819040656376,-8.324051163232605
male,38-39,-27,-9.210340371976182,-8.323819040656376,-8.324051163232605
male,38-39,-26,-9.210340371976182,-8.323819040656376,-8.324051163232605
male,38-39,-25,-9.210340371976182,-8.323819040656376,-8.324051163232605
male,38-39,-24,-9.210340371976182,-8.323819040656376,-8.324051163232605
male,38-39,-23,-9.210340371976182,-8.323819040656376,-8.324051163232605
male,38-39,-22,-9.210340371976182,-8.323819039911111,-8.32405116248734
male,38-39,-21,-8.323819728240075,-8.317222668747942,-8.31745479132417
male,38-39,-20,-5.915202675536901,-5.914724826374749,-5.9149569489509775
male,38-39,-19,-4.834479546803878,-4.834533310770696,-4.8347654333469245
male,38-39,-18,-4.414292324701372,-4.4138070860734615,-4.41403920864969
male,38-39,-17,-3.388630325791792,-3.388564525030731,-3.3887966476069593
male,38-39,-16,-2.784284204834477,-2.784367239851823,-2.784599362428051
male,38-39,-15,-2.597683155808536,-2.5975762319630453,-2.5978083545392736
male,38-39,-14,-2.1871531238893747,-2.187065488090181,-2.1872976106664095
male,38-39,-13,-1.6965675180154933,-1.6965834761865568,-1.6968155987627853
male,38-39,-12,-1.3765202380702124,-1.3764296836151722,-1.3766618061914007
male,38-39,-11,-0.9086611115008918,-0.9085721275500871,-0.9088042501263156
male,38-39,-10,-0.3727254842871806,-0.37277535868251555,-0.373007481258744
male,38-39,-9,-0.10375626483848667,-0.10370535032354027,-0.10393747289976872
male,38-39,-8,0.2477016012245501,0.24774130880180473,0.24750918622557627
male,38-39,-7,0.6339534546873611,0.6339309528447344,0.6336988302685059
male,38-39,-6,0.8962536502105084,0.8963070750702,0.8960749524939715
male,38-39,-5,1.2505078055035115,1.2504872900817317,1.2502551675055031
male,38-39,-4,1.485486172193014,1.4854954285819788,1.4852633060057503
male,38-39,-3,1.7184876722702873,1.7184574824911287,1.7182253599149002
male,38-39,-2,1.8468893275774922,1.8469100346952927,1.8466779121190642
male,38-39,-1,2.023435012750833,2.0233842228238186,2.0231521002475903
male,38-39,0,2.0370249472837356,2.0368909722866673,2.036658849710439
male,38-39,1,1.5465895877454612,1.546683453412581,1.5464513308363526
male,38-39,2,1.0970922036113,1.0971914976243062,1.0969593750480777
male,38-39,3,0.7501271556925265,0.7501866946407457,0.7499545720645172
male,38-39,4,0.45815819024069326,0.45819390632224716,0.4579617837460187
male,38-39,5,0.17689887471869517,0.17692882629206377,0.17669670371583532
male,38-39,6,-0.11488114768248371,-0.11481027633918518,-0.11504239891541364
male,38-39,7,-0.2670479336530934,-0.2670696537178834,-0.26730177629411184
male,38-39,8,-0.5439132658023844,-0.5438897230026692,-0.5441218455788978
male,38-39,9,-0.842390460283954,-0.8422848907416546,-0.8425170133178831
male,38-39,10,-0.8765415533917773,-0.8766297669710467,-0.8768618895472752
male,38-39,11,-1.2179356052304648,-1.2178516767529703,-1.2180837993291989
male,38-39,12,-1.3716083979231348,-1.3716504918895676,-1.371882614465796
male,38-39,13,-1.7193699326535925,-1.7193363994115198,-1.7195685219877483
male,38-39,14,-2.099213761148632,-2.0991223946142075,-2.0993545171904358
male,38-39,15,-2.298929719553986,-2.2988930713693287,-2.299125193945557
male,38-39,16,-2.416559850355387,-2.4166008344625762,-2.4168329570388045
male,38-39,17,-2.7067330382808423,-2.7067245142600873,-2.7069566368363156
male,38-39,18,-3.079096641114093,-3.0789869675190857,-3.079219090095314
male,38-39,19,-3.200799492205435,-3.2008012510826367,-3.201033373658865
male,38-39,20,-3.340464526801114,-3.3405741754707274,-3.3408062980469557
male,38-39,21,-3.952158538086069,-3.951813554596093,-3.9520456771723214
male,38-39,22,-3.7584400057719964,-3.758660114411991,-3.758892236988219
male,38-39,23,-4.431331036997807,-4.431082079007727,-4.431314201583956
male,38-39,24,-4.691823921884462,-4.691719735871807,-4.691951858448036
male,38-39,25,-4.681315322239737,-4.681406347360691,-4.68163846993692
male,38-39,26,-4.988745234324295,-4.988764931086537,-4.988997053662766
male,38-39,27,-5.549954166593178,-5.549400248069741,-5.54963237064597
male,38-39,28,-4.909373622504276,-4.9098560943106415,-4.91008821688687
male,38-39,29,-8.553795973909999,-8.539635506737746,-8.539867629313974
male,38-39,30,-6.781945597131494,-6.7815279788558716,-6.7817601014321
male,38-39,31,-5.657391538513395,-5.6577870928354965,-5.658019215411725
male,38-39,32,-9.210340371976182,-9.210340371976182,-9.21057249455241
male,38-39,33,-9.210340371976182,-9.210340371976182,-9.21057249455241
male,38-39,34,-9.210340371976182,-9.210340371976182,-9.21057249455241
male,38-39,35,-9.210340371976182,-9.210340371976182,-9.21057249455241
male,38-39,36,-9.210340371976182,-9.210340371976182,-9.21057249455241
male,38-39,37,-9.210340371976182,-9.210340371976182,-9.21057249455241
male,38-39,38,-9.210340371976182,-9.210340371976182,-9.21057249455241
male,38-39,39,-9.210340371976182,-9.210340371976182,-9.21057249455241
male,38-39,40,-9.210340371976182,-9.210340371976182,-9.21057249455241
male,38-39,41,-9.210340371976182,-9.210340371976182,-9.21057249455241
male,38-39,42,-9.210340371976182,-9.210340371976182,-9.21057249455241
male,38-39,43,-9.210340371976182,-9.210340371976182,-9.21057249455241
male,38-39,44,-9.210340371976182,-9.210340371976182,-9.21057249455241
male,38-39,45,-9.210340371976182,-9.210340371976182,-9.21057249455241
male,38-39,46,-9.210340371976182,-9.210340371976182,-9.21057249455241
male,38-39,47,-9.210340371976182,-9.210340371976182,-9.21057249455241
male,38-39,48,-9.210340371976182,-9.210340371976182,-9.21057249455241
male,38-39,49,-9.210340371976182,-9.210340371976182,-9.21057249455241
male,38-39,50,-9.210340371976182,-9.210340371976182,-9.21057249455241
male,38-39,51,-9.210340371976182,-9.210340371976182,-9.21057249455241
male,38-39,52,-9.210340371976182,-9.210340371976182,-9.21057249455241
male,40-42,-52,-9.210340371976182,-9.210340371976182,-9.210470556407282
male,40-42,-51,-9.210340371976182,-9.210340371976182,-9.210470556407282
male,40-42,-50,-9.210340371976182,-9.210340371976182,-9.210470556407282
male,40-42,-49,-9.210340371976182,-9.210340371976182,-9.210470556407282
male,40-42,-48,-9.210340371976182,-9.210340371976182,-9.210470556407282
male,40-42,-47,-9.210340371976182,-9.210340371976182,-9.210470556407282
male,40-42,-46,-9.210340371976182,-9.210340371976182,-9.210470556407282
male,40-42,-45,-9.210340371976182,-9.210340371976182,-9.210470556407282
male,40-42,-44,-9.210340371976182,-9.210340371976182,-9.210470556407282
male,40-42,-43,-9.210340371976182,-9.210340371976182,-9.210470556407282
male,40-42,-42,-9.210340371976182,-9.210340371976182,-9.210470556407282
male,40-42,-41,-9.210340371976182,-9.210340371976182,-9.210470556407282
male,40-42,-40,-9.210340371976182,-9.210340371976182,-9.210470556407282
male,40-42,-39,-9.210340371976182,-9.210340371976182,-9.210470556407282
male,40-42,-38,-9.210340371976182,-9.210340371976182,-9.210470556407282
male,40-42,-37,-9.210340371976182,-9.210340371976182,-9.210470556407282
male,40-42,-36,-9.210340371976182,-9.210340371976182,-9.210470556407282
male,40-42,-35,-9.210340371976182,-9.210340371976182,-9.210470556407282
male,40-42,-34,-9.210340371976182,-9.210340371976182,-9.210470556407282
male,40-42,-33,-9.210340371976182,-4.831329729859671,-4.831459914290772
male,40-42,-32,-9.210340371976182,-4.831329729859671,-4.831459914290772
male,40-42,-31,-9.210340371976182,-4.831329729859671,-4.831459914290772
male,40-42,-30,-9.210340371976182,-4.831329729859671,-4.831459914290772
male,40-42,-29,-9.210340371976182,-4.831329729859671,-4.831459914290772
male,40-42,-28,-9.210340371976182,-4.831329729859671,-4.831459914290772
male,40-42,-27,-9.210340371976182,-4.831329729859671,-4.831459914290772
male,40-42,-26,-9.210340371976182,-4.831329729859671,-4.831459914290772
male,40-42,-25,-9.210340371976182,-4.8313297299071385,-4.8314599143382395
male,40-42,-24,-4.831330196388557,-4.831751346622218,-4.831881531053319
male,40-42,-23,-5.866101658456725,-5.865526552116474,-5.865656736547575
male,40-42,-22,-5.448455483565601,-5.448305204000718,-5.448435388431819
male,40-42,-21,-4.922863965087688,-4.922712259928082,-4.922842444359183
male,40-42,-20,-4.29290597963069,-4.292884429903943,-4.293014614335044
male,40-42,-19,-3.8629822353587047,-3.8627499986007487,-3.8628801830318498
male,40-42,-18,-3.141054374796908,-3.1411006737891434,-3.1412308582202444
male,40-42,-17,-2.809939104026401,-2.809954306909655,-2.810084491340756
male,40-42,-16,-2.584456021753789,-2.5841252047718095,-2.5842553892029105
male,40-42,-15,-1.769074365831842,-1.7691542200496826,-1.7692844044807836
male,40-42,-14,-1.4551940554513072,-1.4551756786328993,-1.4553058630640003
male,40-42,-13,-1.1447245182978978,-1.1446516323782328,-1.1447818168093338
male,40-42,-12,-0.7210509771171038,-0.7210287522695475,-0.7211589367006486
male,40-42,-11,-0.3441478185349962,-0.3441040618614217,-0.3442342462925227
male,40-42,-10,0.05684215685970067,0.05679329478064528,0.05666311034954428
male,40-42,-9,0.2556186495523613,0.2556680863031261,0.2555379018720251
male,40-42,-8,0.5642242327775326,0.5642256801810809,0.5640954957499799
male,40-42,-7,0.826270253753765,0.8263009290411597,0.8261707446100587
male,40-42,-6,1.1286791644489114,1.1286659613108057,1.1285357768797046
male,40-42,-5,1.3511114241643565,1.3511156881412474,1.3509855037101464
male,40-42,-4,1.5602917705700434,1.5602883047558493,1.5601581203247483
male,40-42,-3,1.7353471644952005,1.7353383477443394,1.7352081633132383
male,40-42,-2,1.8650595797430087,1.8650419040626107,1.8649117196315097
male,40-42,-1,1.9325812461243448,1.9325674883506607,1.9324373039195597
male,40-42,0,1.9566210805031425,1.9564945186510914,1.9563643342199903
male,40-42,1,1.501079807141672,1.5011675272538718,1.5010373428227708
male,40-42,2,1.0866234541930435,1.0867141222513192,1.0865839378202182
male,40-42,3,0.7872349250997859,0.7872707218703718,0.7871405374392708
male,40-42,4,0.4859789437275884,0.48605971357364536,0.48592952914254434
male,40-42,5,0.3528629609179543,0.35283045814610875,0.35270027371500773
male,40-42,6,0.06924546893964736,0.06929038590002215,0.06916020146892116
male,40-42,7,-0.15172706059047225,-0.15176658461001769,-0.15189676904111868
male,40-42,8,-0.5904557874912909,-0.590309511930567,-0.590439696361668
male,40-42,9,-0.6946459819746698,-0.6946352285103832,-0.6947654129414842
male,40-42,10,-0.7743074256800712,-0.7744096399197252,-0.7745398243508262
male,40-42,11,-1.2641389810043107,-1.2639924048922557,-1.2641225893233567
male,40-42,12,-1.4778281008042744,-1.477857079592322,-1.477987264023423
male,40-42,13,-1.8644661810398273,-1.8644094379059888,-1.8645396223370898
male,40-42,14,-2.223863956048948,-2.223752000395089,-2.22388218482619
male,40-42,15,-2.3302642880696967,-2.330266164738118,-2.3303963491692192
male,40-42,16,-2.4538834649979253,-2.4539248038334702,-2.4540549882645712
male,40-42,17,-2.7378467389943433,-2.73782401501656,-2.737954199447661
male,40-42,18,-3.018964087108353,-3.019039947686239,-3.01917013211734
male,40-42,19,-3.781638603209155,-3.781160116759738,-3.781290301190839
male,40-42,20,-3.522843388058811,-3.5229931148490756,-3.5231232992801766
male,40-42,21,-3.7794538104324094,-3.7795159018050257,-3.7796460862361267
male,40-42,22,-4.439541806361172,-4.439307595844407,-4.439437780275508
male,40-42,23,-4.714484915321078,-4.714428343964237,-4.714558528395338
male,40-42,24,-4.881712101884134,-4.88148412311134,-4.881614307542441
male,40-42,25,-4.4750358043429745,-4.4750225488444855,-4.4751527332755865
male,40-42,26,-4.151315613546149,-4.151688417331392,-4.151818601762493
male,40-42,27,-6.005713639970139,-6.003445357103165,-6.003575541534266
male,40-42,28,-5.163607742878943,-5.164016764782946,-5.164146949214047
male,40-42,29,-8.397334243670612,-8.385498643128518,-8.385628827559618
male,40-42,30,-9.210340371976182,-9.210340371976182,-9.210470556407282
male,40-42,31,-9.210340371976182,-9.210340371976182,-9.210470556407282
male,40-42,32,-9.210340371976182,-9.210340371976182,-9.210470556407282
male,40-42,33,-9.210340371976182,-9.210340371976182,-9.210470556407282
male,40-42,34,-9.210340371976182,-9.210340371976182,-9.210470556407282
male,40-42,35,-9.210340371976182,-9.210340371976182,-9.210470556407282
male,40-42,36,-9.210340371976182,-9.210340371976182,-9.210470556407282
male,40-42,37,-9.210340371976182,-9.210340371976182,-9.210470556407282
male,40-42,38,-9.210340371976182,-9.210340371976182,-9.210470556407282
male,40-42,39,-9.210340371976182,-9.210340371976182,-9.210470556407282
male,40-42,40,-9.210340371976182,-9.210340371976182,-9.210470556407282
male,40-42,41,-9.210340371976182,-9.210340371976182,-9.210470556407282
male,40-42,42,-9.210340371976182,-9.210340371976182,-9.210470556407282
male,40-42,43,-9.210340371976182,-9.210340371976182,-9.210470556407282
male,40-42,44,-9.210340371976182,-9.210340371976182,-9.210470556407282
male,40-42,45,-9.210340371976182,-9.210340371976182,-9.210470556407282
male,40-42,46,-9.210340371976182,-9.210340371976182,-9.210470556407282
male,40-42,47,-9.210340371976182,-9.210340371976182,-9.210470556407282
male,40-42,48,-9.210340371976182,-9.210340371976182,-9.210470556407282
male,40-42,49,-9.210340371976182,-9.210340371976182,-9.210470556407282
male,40-42,50,-9.210340371976182,-9.210340371976182,-9.210470556407282
male,40-42,51,-9.210340371976182,-9.210340371976182,-9.210470556407282
male,40-42,52,-9.210340371976182,-9.210340371976182,-9.210470556407282
male,43-45,-52,-9.210340371976182,-9.210340371976182,-9.210413002811817
male,43-45,-51,-9.210340371976182,-9.210340371976182,-9.210413002811817
male,43-45,-50,-9.210340371976182,-9.210340371976182,-9.210413002811817
male,43-45,-49,-9.210340371976182,-9.210340371976182,-9.210413002811817
male,43-45,-48,-9.210340371976182,-9.210340371976182,-9.210413002811817
male,43-45,-47,-9.210340371976182,-9.210340371976182,-9.210413002811817
male,43-45,-46,-9.210340371976182,-9.210340371976182,-9.210413002811817
male,43-45,-45,-9.210340371976182,-9.210340371976182,-9.210413002811817
male,43-45,-44,-9.210340371976182,-9.210340371976182,-9.210413002811817
male,43-45,-43,-9.210340371976182,-9.210340371976182,-9.210413002811817
male,43-45,-42,-9.210340371976182,-9.210340371976182,-9.210413002811817
male,43-45,-41,-9.210340371976182,-9.210340371976182,-9.210413002811817
male,43-45,-40,-9.210340371976182,-9.210340371976182,-9.210413002811817
male,43-45,-39,-9.210340371976182,-9.210340371976182,-9.210413002811817
male,43-45,-38,-9.210340371976182,-9.210340371976182,-9.210413002811817
male,43-45,-37,-9.210340371976182,-9.210340371976182,-9.210413002811817
male,43-45,-36,-9.210340371976182,-4.901343162783948,-4.901415793619584
male,43-45,-35,-9.210340371976182,-4.901343162783948,-4.901415793619584
male,43-45,-34,-9.210340371976182,-4.901343162783948,-4.901415793619584
male,43-45,-33,-9.210340371976182,-4.901343162783949,-4.901415793619585
male,43-45,-32,-9.210340371976182,-4.901343162783949,-4.901415793619585
male,43-45,-31,-9.210340371976182,-4.901343162783949,-4.901415793619585
male,43-45,-30,-9.210340371976182,-4.901343162783948,-4.901415793619584
male,43-45,-29,-9.210340371976182,-4.901343162783949,-4.901415793619585
male,43-45,-28,-9.210340371976182,-4.9013431628509405,-4.901415793686577
male,43-45,-27,-4.901343123609304,-4.901938241996325,-4.902010872831961
male,43-45,-26,-7.034420575082554,-7.028670747119552,-7.028743377955188
male,43-45,-25,-4.7370854517267675,-4.737410763638944,-4.73748339447458
male,43-45,-24,-5.224607439363738,-5.224138468166081,-5.224211099001717
male,43-45,-23,-4.659480745239117,-4.659199057707733,-4.659271688543369
male,43-45,-22,-3.8299864332463955,-3.830113028598768,-3.8301856594344046
male,43-45,-21,-3.650505177541511,-3.6500916637534226,-3.650164294589059
male,43-45,-20,-2.7569408928692,-2.7570446258538968,-2.7571172566895332
male,43-45,-19,-2.4852463907432387,-2.485253973156672,-2.4853266039923083
male,43-45,-18,-2.2720767684764227,-2.2719870248513185,-2.272059655686955
male,43-45,-17,-1.867665121967542,-1.8676767023910432,-1.8677493332266797
male,43-45,-16,-1.5739667918087898,-1.5739418540590715,-1.574014484894708
male,43-45,-15,-1.2629106754018378,-1.2629076059479551,-1.2629802367835916
male,43-45,-14,-0.9929954517806983,-0.9928981555180684,-0.9929707863537048
male,43-45,-13,-0.538421479172581,-0.5384409789050912,-0.5385136097407277
male,43-45,-12,-0.23362304252940394,-0.23359172428168326,-0.2336643551173197
male,43-45,-11,0.103007881098014,0.103018739418228,0.10294610858259158
male,43-45,-10,0.40540490589857514,0.40538129704524334,0.4053086662096069
male,43-45,-9,0.6015688502530726,0.6015867823222933,0.6015141514866569
male,43-45,-8,0.8294572597044579,0.8294435136706968,0.8293708828350603
male,43-45,-7,0.9973579419123147,0.9973992959226683,0.9973266650870318
male,43-45,-6,1.254621428252626,1.2546074304740598,1.2545347996384233
male,43-45,-5,1.4310595860158273,1.4310565571507972,1.4309839263151607
male,43-45,-4,1.576897189432751,1.5768899150573916,1.5768172842217552
male,43-45,-3,1.6882902927995778,1.6883049342671903,1.6882323034315538
male,43-45,-2,1.8320175252487794,1.8319894054732018,1.8319167746375653
male,43-45,-1,1.8853125029011906,1.8853065968915124,1.885233966055876
male,43-45,0,1.9206823129747066,1.9205597895531645,1.920487158717528
male,43-45,1,1.5070366523843421,1.5071079527902669,1.5070353219546304
male,43-45,2,1.1202583335911496,1.120327942613893,1.1202553117782565
male,43-45,3,0.7934609285405139,0.7935196432950311,0.7934470124593946
male,43-45,4,0.5512517567546753,0.5512664225472023,0.5511937917115658
male,43-45,5,0.2993747757831546,0.29936926389027546,0.29929663305463905
male,43-45,6,-0.0437432346770693,-0.043647423757095315,-0.04372005459273174
male,43-45,7,-0.16663763033862342,-0.1666949497076759,-0.16676758054331234
male,43-45,8,-0.522383014134528,-0.5222431292017103,-0.5223157600373468
male,43-45,9,-0.5313120970808383,-0.5314137388202329,-0.5314863696558694
male,43-45,10,-0.9015727098228249,-0.9015137508695216,-0.901586381705158
male,43-45,11,-1.2157652144825963,-1.215741985294118,-1.2158146161297545
male,43-45,12,-1.5706302951300335,-1.5705707595639904,-1.5706433903996269
male,43-45,13,-1.8454331608563301,-1.845438401668085,-1.8455110325037214
male,43-45,14,-2.2273524427817146,-2.2272340120962095,-2.227306642931846
male,43-45,15,-2.3284087508139453,-2.32846394395771,-2.3285365747933464
male,43-45,16,-2.6339494179078646,-2.633915393202896,-2.6339880240385325
male,43-45,17,-2.91712407579807,-2.917116826164193,-2.9171894569998296
male,43-45,18,-3.2807964368981466,-3.2807859537927686,-3.280858584628405
male,43-45,19,-3.813623441299232,-3.8133854613807316,-3.813458092216368
male,43-45,20,-3.8077051643854514,-3.8078117132820064,-3.807884344117643
male,43-45,21,-4.186031792783494,-4.185906183741979,-4.185978814577616
male,43-45,22,-4.281548817118143,-4.280784008677121,-4.280856639512757
male,43-45,23,-3.114520660958085,-3.1150062747426785,-3.115078905578315
male,43-45,24,-4.537825244561435,-4.536784606370955,-4.536857237206592
male,43-45,25,-4.627751416984343,-4.627828277738727,-4.627900908574364
male,43-45,26,-5.265449324821882,-5.265090753031617,-5.265163383867254
male,43-45,27,-5.861027190871817,-5.860493594962757,-5.860566225798394
male,43-45,28,-9.210340371976182,-5.861027200175698,-5.861099831011335
male,43-45,29,-9.210340371976182,-5.861027200235803,-5.8610998310714395
male,43-45,30,-9.210340371976182,-5.861027200235803,-5.8610998310714395
male,43-45,31,-9.210340371976182,-5.861027200235803,-5.8610998310714395
male,43-45,32,-9.210340371976182,-5.861027200235803,-5.8610998310714395
male,43-45,33,-9.210340371976182,-5.861027200235803,-5.8610998310714395
male,43-45,34,-9.210340371976182,-5.861027200235803,-5.8610998310714395
male,43-45,35,-9.210340371976182,-5.861027200235803,-5.8610998310714395
male,43-45,36,-9.210340371976182,-5.861027200235803,-5.8610998310714395
male,43-45,37,-9.210340371976182,-9.210340371976182,-9.210413002811817
male,43-45,38,-9.210340371976182,-9.210340371976182,-9.210413002811817
male,43-45,39,-9.210340371976182,-9.210340371976182,-9.210413002811817
male,43-45,40,-9.210340371976182,-9.210340371976182,-9.210413002811817
male,43-45,41,-9.210340371976182,-9.210340371976182,-9.210413002811817
male,43-45,42,-9.210340371976182,-9.210340371976182,-9.210413002811817
male,43-45,43,-9.210340371976182,-9.210340371976182,-9.210413002811817
male,43-45,44,-9.210340371976182,-9.210340371976182,-9.210413002811817
male,43-45,45,-9.210340371976182,-9.210340371976182,-9.210413002811817
male,43-45,46,-9.210340371976182,-9.210340371976182,-9.210413002811817
male,43-45,47,-9.210340371976182,-9.210340371976182,-9.210413002811817
male,43-45,48,-9.210340371976182,-9.210340371976182,-9.210413002811817
male,43-45,49,-9.210340371976182,-9.210340371976182,-9.210413002811817
male,43-45,50,-9.210340371976182,-9.210340371976182,-9.210413002811817
male,43-45,51,-9.210340371976182,-9.210340371976182,-9.210413002811817
male,43-45,52,-9.210340371976182,-9.210340371976182,-9.210413002811817
male,46-49,-52,-9.210340371976182,-9.210340371976182,-9.210381972410376
male,46-49,-51,-9.210340371976182,-9.210340371976182,-9.210381972410376
male,46-49,-50,-9.210340371976182,-9.210340371976182,-9.210381972410376
male,46-49,-49,-9.210340371976182,-9.210340371976182,-9.210381972410376
male,46-49,-48,-9.210340371976182,-9.210340371976182,-9.210381972410376
male,46-49,-47,-9.210340371976182,-9.210340371976182,-9.210381972410376
male,46-49,-46,-9.210340371976182,-9.210340371976182,-9.210381972410376
male,46-49,-45,-9.210340371976182,-9.210340371976182,-9.210381972410376
male,46-49,-44,-9.210340371976182,-9.210340371976182,-9.210381972410376
male,46-49,-43,-9.210340371976182,-9.210340371976182,-9.210381972410376
male,46-49,-42,-9.210340371976182,-9.210340371976182,-9.210381972410376
male,46-49,-41,-9.210340371976182,-9.210340371976182,-9.210381972410376
male,46-49,-40,-9.210340371976182,-6.022070681975146,-6.022112282409339
male,46-49,-39,-9.210340371976182,-6.022070681975146,-6.022112282409339
male,46-49,-38,-9.210340371976182,-6.022070681975146,-6.022112282409339
male,46-49,-37,-9.210340371976182,-6.022070681975146,-6.022112282409339
male,46-49,-36,-9.210340371976182,-6.022070681975146,-6.022112282409339
male,46-49,-35,-9.210340371976182,-6.022070681975146,-6.022112282409339
male,46-49,-34,-9.210340371976182,-6.022070681975146,-6.022112282409339
male,46-49,-33,-9.210340371976182,-6.022070681975146,-6.022112282409339
male,46-49,-32,-9.210340371976182,-6.022070682004955,-6.022112282439148
male,46-49,-31,-6.022070644210181,-6.022335429440847,-6.022377029875041
male,46-49,-30,-6.532641045504136,-6.532270582038562,-6.532312182472755
male,46-49,-29,-6.116939618393664,-6.116907626718242,-6.1169492271524355
male,46-49,-28,-5.898036753720061,-5.897641018429133,-5.8976826188633265
male,46-49,-27,-5.035781509500506,-5.035606525309591,-5.035648125743784
male,46-49,-26,-4.276673930697207,-4.276553227424338,-4.276594827858531
male,46-49,-25,-3.622556391716586,-3.6226970924034356,-3.6227386928376295
male,46-49,-24,-3.550901173069166,-3.5507755261150384,-3.5508171265492323
male,46-49,-23,-3.1704856289238967,-3.1705816021959072,-3.170623202630101
male,46-49,-22,-3.1270750552182607,-3.1269868934579512,-3.127028493892145
male,46-49,-21,-2.84619369334309,-2.845953908151523,-2.845995508585717
male,46-49,-20,-2.133855834234498,-2.133976787184418,-2.134018387618612
male,46-49,-19,-1.9571668228820869,-1.9570703880698062,-1.957111988504
male,46-49,-18,-1.559733815189317,-1.5597015238827736,-1.5597431243169675
male,46-49,-17,-1.1709150174023213,-1.1709274543670611,-1.170969054801255
male,46-49,-16,-0.8895955737958257,-0.8895754776675094,-0.8896170781017033
male,46-49,-15,-0.5943965645451648,-0.594416258540495,-0.5944578589746888
male,46-49,-14,-0.3889019935303149,-0.38886381457330244,-0.3889054150074963
male,46-49,-13,-0.10497344053215417,-0.1049884449308131,-0.10503004536500696
male,46-49,-12,0.1009606728070429,0.10101364787473285,0.10097204744053899
male,46-49,-11,0.41693609867417125,0.41693326559625965,0.41689166516206577
male,46-49,-10,0.6692489019122256,0.6692074077809506,0.6691658073467567
male,46-49,-9,0.773518877328487,0.7735593522926876,0.7735177518584937
male,46-49,-8,0.9771450953667691,0.9771420765123785,0.9771004760781846
male,46-49,-7,1.1437425525916098,1.1437443169972785,1.1437027165630846
male,46-49,-6,1.2947542373898495,1.2947593310527785,1.2947177306185846
male,46-49,-5,1.4449211760137155,1.4449187197775542,1.4448771193433603
male,46-49,-4,1.5744965870406362,1.5744972786496456,1.5744556782154517
male,46-49,-3,1.6960290170971573,1.696020649424019,1.6959790489898252
male,46-49,-2,1.7868061231227237,1.7867997441287922,1.7867581436945983
male,46-49,-1,1.8551676233259036,1.8551459807744384,1.8551043803402445
male,46-49,0,1.8575937355623116,1.8574763114033752,1.8574347109691813
male,46-49,1,1.439900962526452,1.4399717070925007,1.4399301066583068
male,46-49,2,1.0926581103362367,1.0927208201417467,1.0926792197075528
male,46-49,3,0.8457087459106523,0.8457080765241505,0.8456664760899566
male,46-49,4,0.5258700892795594,0.5259253273289628,0.5258837268947689
male,46-49,5,0.29634754797829754,0.29638628983755416,0.2963446894033603
male,46-49,6,0.1451750379886152,0.14516083861145893,0.14511923817726508
male,46-49,7,-0.08202286532311694,-0.08204882165038396,-0.08209042208457783
male,46-49,8,-0.48027644306338885,-0.48018104139548534,-0.4802226418296792
male,46-49,9,-0.7008361083634004,-0.7008299324400438,-0.7008715328742376
male,46-49,10,-0.9507347460963086,-0.9507486233458899,-0.9507902237800838
male,46-49,11,-1.3198898148796279,-1.319819520289394,-1.319861120723588
male,46-49,12,-1.564860133483435,-1.5648511154325013,-1.5648927158666952
male,46-49,13,-1.8424079174399315,-1.8423777173446954,-1.8424193177788892
male,46-49,14,-2.0953844213985375,-2.095321674630815,-2.095363275065009
male,46-49,15,-2.200359322576555,-2.2004544862919655,-2.2004960867261594
male,46-49,16,-2.706496784205877,-2.7062482629357847,-2.7062898633699786
male,46-49,17,-2.6287944130903402,-2.6289672098215524,-2.6290088102557463
male,46-49,18,-3.2163602752119704,-3.2159494793237697,-3.2159910797579636
male,46-49,19,-2.8630014565241146,-2.863307582685109,-2.8633491831193028
male,46-49,20,-3.829880815648918,-3.8292131389464554,-3.8292547393806493
male,46-49,21,-3.5366416885211303,-3.5367026594725663,-3.5367442599067602
male,46-49,22,-3.4434091159329294,-3.443549919005775,-3.443591519439969
male,46-49,23,-4.0424378491220985,-4.042076070826864,-4.042117671261058
male,46-49,24,-4.37980857898111,-4.379542769784846,-4.37958437021904
male,46-49,25,-9.210340371976182,-4.379808587333481,-4.3798501877676745
male,46-49,26,-9.210340371976182,-4.379808587363419,-4.379850187797612
male,46-49,27,-9.210340371976182,-4.379808587363419,-4.379850187797612
male,46-49,28,-9.210340371976182,-4.379808587363419,-4.379850187797612
male,46-49,29,-9.210340371976182,-4.379808587363419,-4.379850187797612
male,46-49,30,-9.210340371976182,-4.379808587363419,-4.379850187797612
male,46-49,31,-9.210340371976182,-4.379808587363419,-4.379850187797612
male,46-49,32,-9.210340371976182,-4.379808587363419,-4.379850187797612
male,46-49,33,-9.210340371976182,-4.379808587363419,-4.379850187797612
male,46-49,34,-9.210340371976182,-9.210340371976182,-9.210381972410376
male,46-49,35,-9.210340371976182,-9.210340371976182,-9.210381972410376
male,46-49,36,-9.210340371976182,-9.210340371976182,-9.210381972410376
male,46-49,37,-9.210340371976182,-9.210340371976182,-9.210381972410376
male,46-49,38,-9.210340371976182,-9.210340371976182,-9.210381972410376
male,46-49,39,-9.210340371976182,-9.210340371976182,-9.210381972410376
male,46-49,40,-9.210340371976182,-9.210340371976182,-9.210381972410376
male,46-49,41,-9.210340371976182,-9.210340371976182,-9.210381972410376
male,46-49,42,-9.210340371976182,-9.210340371976182,-9.210381972410376
male,46-49,43,-9.210340371976182,-9.210340371976182,-9.210381972410376
male,46-49,44,-9.210340371976182,-9.210340371976182,-9.210381972410376
male,46-49,45,-9.210340371976182,-9.210340371976182,-9.210381972410376
male,46-49,46,-9.210340371976182,-9.210340371976182,-9.210381972410376
male,46-49,47,-9.210340371976182,-9.210340371976182,-9.210381972410376
male,46-49,48,-9.210340371976182,-9.210340371976182,-9.210381972410376
male,46-49,49,-9.210340371976182,-9.210340371976182,-9.210381972410376
male,46-49,50,-9.210340371976182,-9.210340371976182,-9.210381972410376
male,46-49,51,-9.210340371976182,-9.210340371976182,-9.210381972410376
male,46-49,52,-9.210340371976182,-9.210340371976182,-9.210381972410376
male,50-54,-52,-9.210340371976182,-9.210340371976182,-9.210471554448667
male,50-54,-51,-9.210340371976182,-9.210340371976182,-9.210471554448667
male,50-54,-50,-9.210340371976182,-9.210340371976182,-9.210471554448667
male,50-54,-49,-9.210340371976182,-9.210340371976182,-9.210471554448667
male,50-54,-48,-9.210340371976182,-9.210340371976182,-9.210471554448667
male,50-54,-47,-9.210340371976182,-9.210340371976182,-9.210471554448667
male,50-54,-46,-9.210340371976182,-9.210340371976182,-9.210471554448667
male,50-54,-45,-9.210340371976182,-9.210340371976182,-9.210471554448667
male,50-54,-44,-9.210340371976182,-9.210340371976182,-9.210471554448667
male,50-54,-43,-9.210340371976182,-9.210340371976182,-9.210471554448667
male,50-54,-42,-9.210340371976182,-9.210340371976182,-9.210471554448667
male,50-54,-41,-9.210340371976182,-9.210340371976182,-9.210471554448667
male,50-54,-40,-9.210340371976182,-9.210340371976182,-9.210471554448667
male,50-54,-39,-9.210340371976182,-9.210340371976182,-9.210471554448667
male,50-54,-38,-9.210340371976182,-9.210340371976182,-9.210471554448667
male,50-54,-37,-9.210340371976182,-9.210340371976182,-9.210471554448667
male,50-54,-36,-9.210340371976182,-9.210340371976182,-9.210471554448667
male,50-54,-35,-9.210340371976182,-9.210340371976182,-9.210471554448667
male,50-54,-34,-5.358690865378577,-5.359119332089445,-5.35925051456193
male,50-54,-33,-5.985884372464424,-5.985347198880359,-5.985478381352845
male,50-54,-32,-5.4295143005338256,-5.429266199431674,-5.42939738190416
male,50-54,-31,-4.684583103109936,-4.6846454498883485,-4.684776632360834
male,50-54,-30,-4.377523835562051,-4.3775005546805374,-4.377631737153023
male,50-54,-29,-4.081951700071328,-4.081934554119907,-4.0820657365923925
male,50-54,-28,-3.8045640398659057,-3.804516964478011,-3.804648146950496
male,50-54,-27,-3.46579892436321,-3.4657304157477262,-3.4658615982202114
male,50-54,-26,-3.043667561853284,-3.043710275411583,-3.043841457884068
male,50-54,-25,-2.82645708864086,-2.8264644671820522,-2.8265956496545375
male,50-54,-24,-2.653631513591978,-2.65356208620703,-2.653693268679515
male,50-54,-23,-2.3222678225876474,-2.3222254342946265,-2.3223566167671117
male,50-54,-22,-1.9527214273746467,-1.9527918510099649,-1.95292303348245
male,50-54,-21,-1.8402610256366445,-1.8401566058164194,-1.8402877882889046
male,50-54,-20,-1.4745362839586176,-1.4745061433380502,-1.4746373258105354
male,50-54,-19,-1.112899138391502,-1.112907948633866,-1.1130391311063512
male,50-54,-18,-0.8431524876840104,-0.8431718907792751,-0.8433030732517605
male,50-54,-17,-0.6639403546923316,-0.6638750428458161,-0.6640062253183014
male,50-54,-16,-0.34244956242520236,-0.3424827258668974,-0.34261390833938266
male,50-54,-15,-0.16751820366614484,-0.1675230395304485,-0.16765422200293378
male,50-54,-14,-0.026844998113118856,-0.026816935115956963,-0.026948117588442257
male,50-54,-13,0.170002459016837,0.170009791915177,0.16987860944269173
male,50-54,-12,0.35347715301198546,0.35348719447508503,0.35335601200259975
male,50-54,-11,0.5330458352467586,0.5330511463269826,0.5329199638544972
male,50-54,-10,0.6978962462099371,0.6978918468811001,0.6977606644086147
male,50-54,-9,0.827739142131639,0.827762240540568,0.8276310580680827
male,50-54,-8,1.00282320943514,1.0028259342506585,1.0026947517781732
male,50-54,-7,1.1596137808026339,1.1596174310578122,1.159486248585327
male,50-54,-6,1.3045619460912612,1.3045777803641392,1.304446597891654
male,50-54,-5,1.4697584753900634,1.4697313172288697,1.4696001347563845
male,50-54,-4,1.533469016157579,1.5334948341419359,1.5333636516694507
male,50-54,-3,1.6561400979978143,1.6561259675401327,1.6559947850676475
male,50-54,-2,1.7188074760164722,1.7188160492945184,1.7186848668220331
male,50-54,-1,1.7936540058322064,1.7936211076348292,1.793489925162344
male,50-54,0,1.7600611371167594,1.7599772817502897,1.7598460992778044
male,50-54,1,1.4185478290815252,1.418581991275467,1.4184508088029817
male,50-54,2,1.0498149399844816,1.0498945319424609,1.0497633494699756
male,50-54,3,0.8153756256012166,0.8153909490517731,0.8152597665792878
male,50-54,4,0.568619900492103,0.5686338589086177,0.5685026764361324
male,50-54,5,0.2970504904627558,0.29706853824986185,0.29693735577737657
male,50-54,6,0.005621087068178485,0.005641440779591458,0.005510258307106164
male,50-54,7,-0.30633284435141284,-0.3062502498556465,-0.30638143232813175
male,50-54,8,-0.42870195870074784,-0.4287237672563164,-0.42885494972880167
male,50-54,9,-0.6484595444646823,-0.6484404744454568,-0.6485716569179422
male,50-54,10,-0.8607120152762696,-0.8607439618110767,-0.860875144283562
male,50-54,11,-1.2759562241108087,-1.275844011149076,-1.2759751936215613
male,50-54,12,-1.4904545275016219,-1.4903987167935457,-1.490529899266031
male,50-54,13,-1.5756359538693059,-1.57565437771099,-1.5757855601834752
male,50-54,14,-1.7416588508543431,-1.7417531584475914,-1.7418843409200766
male,50-54,15,-2.3906358554126412,-2.3902709162072058,-2.390402098679691
male,50-54,16,-2.2453389331725617,-2.245435980133171,-2.2455671626056564
male,50-54,17,-2.4627503768470893,-2.462678354468609,-2.4628095369410943
male,50-54,18,-2.587176889945286,-2.587093585132548,-2.5872247676050333
male,50-54,19,-2.4908050325871374,-2.4909319928467126,-2.491063175319198
male,50-54,20,-3.140785900073395,-3.1401954855750644,-3.1403266680475497
male,50-54,21,-9.210340371976182,-3.1407837771831395,-3.1409149596556247
male,50-54,22,-9.210340371976182,-3.140783777249405,-3.1409149597218904
male,50-54,23,-9.210340371976182,-3.140783777249405,-3.1409149597218904
male,50-54,24,-9.210340371976182,-3.140783777249405,-3.1409149597218904
male,50-54,25,-9.210340371976182,-3.140783777249405,-3.1409149597218904
male,50-54,26,-9.210340371976182,-3.140783777249405,-3.1409149597218904
male,50-54,27,-9.210340371976182,-3.140783777249405,-3.1409149597218904
male,50-54,28,-9.210340371976182,-3.140783777249405,-3.1409149597218904
male,50-54,29,-9.210340371976182,-3.140783777249405,-3.1409149597218904
male,50-54,30,-9.210340371976182,-9.210340371976182,-9.210471554448667
male,50-54,31,-9.210340371976182,-9.210340371976182,-9.210471554448667
male,50-54,32,-9.210340371976182,-9.210340371976182,-9.210471554448667
male,50-54,33,-9.210340371976182,-9.210340371976182,-9.210471554448667
male,50-54,34,-9.210340371976182,-9.210340371976182,-9.210471554448667
male,50-54,35,-9.210340371976182,-9.210340371976182,-9.210471554448667
male,50-54,36,-9.210340371976182,-9.210340371976182,-9.210471554448667
male,50-54,37,-9.210340371976182,-9.210340371976182,-9.210471554448667
male,50-54,38,-9.210340371976182,-9.210340371976182,-9.210471554448667
male,50-54,39,-9.210340371976182,-9.210340371976182,-9.210471554448667
male,50-54,40,-9.210340371976182,-9.210340371976182,-9.210471554448667
male,50-54,41,-9.210340371976182,-9.210340371976182,-9.210471554448667
male,50-54,42,-9.210340371976182,-9.210340371976182,-9.210471554448667
male,50-54,43,-9.210340371976182,-9.210340371976182,-9.210471554448667
male,50-54,44,-9.210340371976182,-9.210340371976182,-9.210471554448667
male,50-54,45,-9.210340371976182,-9.210340371976182,-9.210471554448667
male,50-54,46,-9.210340371976182,-9.210340371976182,-9.210471554448667
male,50-54,47,-9.210340371976182,-9.210340371976182,-9.210471554448667
male,50-54,48,-9.210340371976182,-9.210340371976182,-9.210471554448667
male,50-54,49,-9.210340371976182,-9.210340371976182,-9.210471554448667
male,50-54,50,-9.210340371976182,-9.210340371976182,-9.210471554448667
male,50-54,51,-9.210340371976182,-9.210340371976182,-9.210471554448667
male,50-54,52,-9.210340371976182,-9.210340371976182,-9.210471554448667
male,55-59,-52,-9.210340371976182,-9.210340371976182,-9.210619163655476
male,55-59,-51,-9.210340371976182,-9.210340371976182,-9.210619163655476
male,55-59,-50,-9.210340371976182,-4.555047580655275,-4.55532637233457
male,55-59,-49,-9.210340371976182,-4.555047580655275,-4.55532637233457
male,55-59,-48,-9.210340371976182,-4.555047580655275,-4.55532637233457
male,55-59,-47,-9.210340371976182,-4.555047580655275,-4.55532637233457
male,55-59,-46,-9.210340371976182,-4.555047580655275,-4.55532637233457
male,55-59,-45,-9.210340371976182,-4.555047580655274,-4.555326372334569
male,55-59,-44,-9.210340371976182,-4.555047580655275,-4.55532637233457
male,55-59,-43,-9.210340371976182,-4.555047580655274,-4.555326372334569
male,55-59,-42,-9.210340371976182,-4.555047580675947,-4.555326372355243
male,55-59,-41,-4.55504754756011,-4.55523117465741,-4.555509966336706
male,55-59,-40,-4.878219813119664,-4.878360152528714,-4.878638944208009
male,55-59,-39,-5.40161121287977,-5.401801741140304,-5.402080532819599
male,55-59,-38,-6.872910187752229,-6.871260844032945,-6.8715396357122405
male,55-59,-37,-5.805294951681824,-5.805104702850915,-5.8053834945302105
male,55-59,-36,-5.049695545358244,-5.04998979554584,-5.050268587225135
male,55-59,-35,-5.459683185182051,-5.458961652958543,-5.459240444637838
male,55-59,-34,-4.471185285990302,-4.471300535623421,-4.471579327302716
male,55-59,-33,-4.195636585002262,-4.195657546051997,-4.195936337731292
male,55-59,-32,-4.015917467282073,-4.015761319908775,-4.016040111588071
male,55-59,-31,-3.501521498969494,-3.5014944779886594,-3.5017732696679547
male,55-59,-30,-3.072946132034968,-3.073075252180282,-3.0733540438595774
male,55-59,-29,-3.0893301893736314,-3.0890839664072045,-3.0893627580864997
male,55-59,-28,-2.5216498559635805,-2.521833572710395,-2.5221123643896903
male,55-59,-27,-2.617896355471408,-2.6176077572792473,-2.6178865489585426
male,55-59,-26,-2.0289178852944145,-2.0290950927183045,-2.0293738843975997
male,55-59,-25,-2.088517678673749,-2.088431427946441,-2.088710219625736
male,55-59,-24,-1.9012026405301685,-1.9011795548146253,-1.9014583464939205
male,55-59,-23,-1.6650219854069093,-1.6649630707685144,-1.6652418624478096
male,55-59,-22,-1.3142978721679797,-1.3143511810777622,-1.3146299727570574
male,55-59,-21,-1.165576362250876,-1.1655027127498756,-1.1657815044291708
male,55-59,-20,-0.8431217683106408,-0.8431627089737421,-0.8434415006530374
male,55-59,-19,-0.6859575504005023,-0.6859599790166145,-0.6862387706959098
male,55-59,-18,-0.5499821506846233,-0.5499629309262677,-0.5502417226055629
male,55-59,-17,-0.3758412481618899,-0.3757979432399007,-0.3760767349191959
male,55-59,-16,-0.11668198134455436,-0.11674635223140205,-0.11702514391069727
male,55-59,-15,-0.07705431066914713,-0.07696177326956194,-0.07724056494885716
male,55-59,-14,0.20382100626090788,0.20376799316527572,0.20348920148598051
male,55-59,-13,0.294932469007184,0.2949604801302617,0.2946816884509665
male,55-59,-12,0.4576844357561261,0.45767969106149653,0.4574008993822013
male,55-59,-11,0.5906021021039743,0.590634892088147,0.5903561004088518
male,55-59,-10,0.7944383410653051,0.794433770713895,0.7941549790345998
male,55-59,-9,0.9522383589925892,0.9522280110133302,0.951949219334035
male,55-59,-8,1.0589267320683249,1.058917361862392,1.0586385701830967
male,55-59,-7,1.1274161067481474,1.1274536527157124,1.1271748610364172
male,55-59,-6,1.2878090454267561,1.2877917462553794,1.2875129545760842
male,55-59,-5,1.3760718739135804,1.3760877063505772,1.375808914671282
male,55-59,-4,1.498045809991157,1.4980338788018979,1.4977550871226026
male,55-59,-3,1.5733539891096362,1.5733689480805149,1.5730901564012196
male,55-59,-2,1.6821267739750085,1.6820876513763348,1.6818088596970395
male,55-59,-1,1.6670489219773854,1.6670640983874667,1.6667853067081715
male,55-59,0,1.6964303330061332,1.6963056433354453,1.69602685165615
male,55-59,1,1.2908069101979476,1.2908746226003454,1.2905958309210501
male,55-59,2,0.9670307672352816,0.9670720438765286,0.9667932521972333
male,55-59,3,0.6857048090578686,0.6857386992724923,0.6854599075931971
male,55-59,4,0.442689035121768,0.44271281801121387,0.44243402633191864
male,55-59,5,0.2201254819894881,0.22017261773358512,0.21989382605428992
male,55-59,6,0.106139241209946,0.10609394953936102,0.1058151578600658
male,55-59,7,-0.19346534392829143,-0.1934278770791243,-0.1937066687584195
male,55-59,8,-0.4717477344886641,-0.4716953700967957,-0.4719741617760909
male,55-59,9,-0.6586710243395452,-0.6586319312959293,-0.6589107229752246
male,55-59,10,-0.7559602518037484,-0.7560448011725107,-0.756323592851806
male,55-59,11,-1.2004533484217028,-1.2003071181304388,-1.200585909809734
male,55-59,12,-1.3723601348591816,-1.3723388293302998,-1.372617621009595
male,55-59,13,-1.6226823456424884,-1.6226073015742897,-1.622886093253585
male,55-59,14,-1.8768563836195231,-1.8767522108328951,-1.8770310025121903
male,55-59,15,-2.1333277142120335,-2.133138605165678,-2.1334173968449734
male,55-59,16,-9.210340371976182,-2.1333277191089293,-2.1336065107882245
male,55-59,17,-9.210340371976182,-2.133327719130227,-2.133606510809522
male,55-59,18,-9.210340371976182,-2.133327719130227,-2.133606510809522
male,55-59,19,-9.210340371976182,-2.133327719130227,-2.133606510809522
male,55-59,20,-9.210340371976182,-2.133327719130227,-2.133606510809522
male,55-59,21,-9.210340371976182,-2.133327719130227,-2.133606510809522
male,55-59,22,-9.210340371976182,-2.133327719130227,-2.133606510809522
male,55-59,23,-9.210340371976182,-2.133327719130227,-2.133606510809522
male,55-59,24,-9.210340371976182,-2.133327719130227,-2.133606510809522
male,55-59,25,-9.210340371976182,-9.210340371976182,-9.210619163655476
male,55-59,26,-9.210340371976182,-9.210340371976182,-9.210619163655476
male,55-59,27,-9.210340371976182,-9.210340371976182,-9.210619163655476
male,55-59,28,-9.210340371976182,-9.210340371976182,-9.210619163655476
male,55-59,29,-9.210340371976182,-9.210340371976182,-9.210619163655476
male,55-59,30,-9.210340371976182,-9.210340371976182,-9.210619163655476
male,55-59,31,-9.210340371976182,-9.210340371976182,-9.210619163655476
male,55-59,32,-9.210340371976182,-9.210340371976182,-9.210619163655476
male,55-59,33,-9.210340371976182,-9.210340371976182,-9.210619163655476
male,55-59,34,-9.210340371976182,-9.210340371976182,-9.210619163655476
male,55-59,35,-9.210340371976182,-9.210340371976182,-9.210619163655476
male,55-59,36,-9.210340371976182,-9.210340371976182,-9.210619163655476
male,55-59,37,-9.210340371976182,-9.210340371976182,-9.210619163655476
male,55-59,38,-9.210340371976182,-9.210340371976182,-9.210619163655476
male,55-59,39,-9.210340371976182,-9.210340371976182,-9.210619163655476
male,55-59,40,-9.210340371976182,-9.210340371976182,-9.210619163655476
male,55-59,41,-9.210340371976182,-9.210340371976182,-9.210619163655476
male,55-59,42,-9.210340371976182,-9.210340371976182,-9.210619163655476
male,55-59,43,-9.210340371976182,-9.210340371976182,-9.210619163655476
male,55-59,44,-9.210340371976182,-9.210340371976182,-9.210619163655476
male,55-59,45,-9.210340371976182,-9.210340371976182,-9.210619163655476
male,55-59,46,-9.210340371976182,-9.210340371976182,-9.210619163655476
male,55-59,47,-9.210340371976182,-9.210340371976182,-9.210619163655476
male,55-59,48,-9.210340371976182,-9.210340371976182,-9.210619163655476
male,55-59,49,-9.210340371976182,-9.210340371976182,-9.210619163655476
male,55-59,50,-9.210340371976182,-9.210340371976182,-9.210619163655476
male,55-59,51,-9.210340371976182,-9.210340371976182,-9.210619163655476
male,55-59,52,-9.210340371976182,-9.210340371976182,-9.210619163655476
male,60-70,-52,-9.210340371976182,-9.210340371976182,-9.21067359574237
male,60-70,-51,-9.210340371976182,-9.210340371976182,-9.21067359574237
male,60-70,-50,-9.210340371976182,-9.210340371976182,-9.21067359574237
male,60-70,-49,-5.488909624405755,-5.489037211573335,-5.489370435339524
male,60-70,-48,-5.258630755196594,-5.258779143809531,-5.25911236757572
male,60-70,-47,-5.520462613166819,-5.520326223245308,-5.520659447011497
male,60-70,-46,-5.394574716396135,-5.394688310939626,-5.3950215347058155
male,60-70,-45,-5.624652035263112,-5.624356119619308,-5.624689343385497
male,60-70,-44,-5.1745941287912265,-5.174816675939666,-5.175149899705855
male,60-70,-43,-5.549527258963913,-5.549305988330236,-5.549639212096425
male,60-70,-42,-5.345393768098592,-5.345344550207697,-5.345677773973886
male,60-70,-41,-5.06863414288899,-5.068583099744753,-5.068916323510942
male,60-70,-40,-4.721223291948789,-4.721214906399025,-4.721548130165214
male,60-70,-39,-4.4287808464277445,-4.428868388585734,-4.429201612351923
male,60-70,-38,-4.428977720511882,-4.4289680040897785,-4.429301227855968
male,60-70,-37,-4.403100457494529,-4.402596749943799,-4.402929973709988
male,60-70,-36,-3.442526178379225,-3.442834570264876,-3.4431677940310648
male,60-70,-35,-3.7806897406475954,-3.780175303595339,-3.7805085273615275
male,60-70,-34,-3.004256490212621,-3.004349645021594,-3.0046828687877825
male,60-70,-33,-2.7342814871459074,-2.7344506419623493,-2.734783865728538
male,60-70,-32,-3.0516141301293143,-3.0513535988960014,-3.05168682266219
male,60-70,-31,-2.714956776483204,-2.7149066330468044,-2.715239856812993
male,60-70,-30,-2.330138411535544,-2.3302036768368377,-2.3305369006030263
male,60-70,-29,-2.195782065728444,-2.1957214781423247,-2.1960547019085133
male,60-70,-28,-1.9156854976809397,-1.9157511645456529,-1.9160843883118417
male,60-70,-27,-1.8598999505996476,-1.8598154847100368,-1.8601487084762256
male,60-70,-26,-1.5857007824046352,-1.5857415416916982,-1.586074765457887
male,60-70,-25,-1.466101578537351,-1.466038963488737,-1.4663721872549258
male,60-70,-24,-1.197467607648928,-1.197471852246773,-1.197805076012962
male,60-70,-23,-0.9898354009553564,-0.9899003879820104,-0.9902336117481992
male,60-70,-22,-0.996228353632031,-0.9961316814913396,-0.9964649052575284
male,60-70,-21,-0.7479034940528838,-0.7479163553891778,-0.7482495791553666
male,60-70,-20,-0.5805099905404837,-0.5804901674954313,-0.5808233912616201
male,60-70,-19,-0.38673574678783895,-0.38677368368276605,-0.3871069074489549
male,60-70,-18,-0.32647119162923915,-0.32641685376876733,-0.32675007753495616
male,60-70,-17,-0.1289392361510676,-0.1289544879747291,-0.12928771174091794
male,60-70,-16,-0.005658568448538143,-0.00567316222641945,-0.006006385992608266
male,60-70,-15,0.060727012234500256,0.06077342588983098,0.060440202123642164
male,60-70,-14,0.2411284011817069,0.24114972043462643,0.2408164966684376
male,60-70,-13,0.44084987653963287,0.4408613352182678,0.440528111452079
male,60-70,-12,0.6278293518945174,0.627823800434092,0.6274905766679032
male,60-70,-11,0.7631423447186262,0.763146543876134,0.7628133201099452
male,60-70,-10,0.885706072712161,0.88571241930461,0.8853791955384211
male,60-70,-9,1.0048857369877169,1.0048756556560139,1.004542431889825
male,60-70,-8,1.0780576895437244,1.078075132786015,1.0777419090198261
male,60-70,-7,1.1876825321127196,1.1876872263657596,1.1873540025995708
male,60-70,-6,1.2929506666462125,1.2929483960314896,1.2926151722653008
male,60-70,-5,1.376428310140113,1.3764174564209493,1.3760842326547604
male,60-70,-4,1.4180384788743725,1.418064972680367,1.417731748914178
male,60-70,-3,1.5260393847829237,1.5260257941454958,1.525692570379307
male,60-70,-2,1.580900045731245,1.5808987087213313,1.5805654849551425
male,60-70,-1,1.6250469499583564,1.6250433533843365,1.6247101296181476
male,60-70,0,1.6531211701032367,1.653016371799696,1.6526831480335071
male,60-70,1,1.2836886188452303,1.2837627479124243,1.2834295241462355
male,60-70,2,0.9542708700209902,0.9543374597799735,0.9540042360137847
male,60-70,3,0.671471477837135,0.6715483496054765,0.6712151258392877
male,60-70,4,0.5131317450412292,0.5131758983122948,0.512842674546106
male,60-70,5,0.43992577481810363,0.4398681871837367,0.4395349634175479
male,60-70,6,0.07818369789415582,0.0783194559809606,0.07798623221477179
male,60-70,7,-0.05771380779787235,-0.05771902037903535,-0.05805224414522416
male,60-70,8,-0.35290188886099577,-0.35280985709606877,-0.3531430808622576
male,60-70,9,-0.6509985421043153,-0.6508777006028365,-0.6512109243690253
male,60-70,10,-0.9792823166745157,-0.9790363415349225,-0.9793695653011113
male,60-70,11,-9.210340371976182,-0.9792810331659108,-0.9796142569320996
male,60-70,12,-9.210340371976182,-0.9792810331934679,-0.9796142569596568
male,60-70,13,-9.210340371976182,-0.979281033193468,-0.9796142569596569
male,60-70,14,-9.210340371976182,-0.979281033193468,-0.9796142569596569
male,60-70,15,-9.210340371976182,-0.979281033193468,-0.9796142569596569
male,60-70,16,-9.210340371976182,-0.979281033193468,-0.9796142569596569
male,60-70,17,-9.210340371976182,-0.9792810331934679,-0.9796142569596568
male,60-70,18,-9.210340371976182,-0.9792810331934679,-0.9796142569596568
male,60-70,19,-9.210340371976182,-0.9792810331934679,-0.9796142569596568
male,60-70,20,-9.210340371976182,-9.210340371976182,-9.21067359574237
male,60-70,21,-9.210340371976182,-9.210340371976182,-9.21067359574237
male,60-70,22,-9.210340371976182,-9.210340371976182,-9.21067359574237
male,60-70,23,-9.210340371976182,-9.210340371976182,-9.21067359574237
male,60-70,24,-9.210340371976182,-9.210340371976182,-9.21067359574237
male,60-70,25,-9.210340371976182,-9.210340371976182,-9.21067359574237
male,60-70,26,-9.210340371976182,-9.210340371976182,-9.21067359574237
male,60-70,27,-9.210340371976182,-9.210340371976182,-9.21067359574237
male,60-70,28,-9.210340371976182,-9.210340371976182,-9.21067359574237
male,60-70,29,-9.210340371976182,-9.210340371976182,-9.21067359574237
male,60-70,30,-9.210340371976182,-9.210340371976182,-9.21067359574237
male,60-70,31,-9.210340371976182,-9.210340371976182,-9.21067359574237
male,60-70,32,-9.210340371976182,-9.210340371976182,-9.21067359574237
male,60-70,33,-9.210340371976182,-9.210340371976182,-9.21067359574237
male,60-70,34,-9.210340371976182,-9.210340371976182,-9.21067359574237
male,60-70,35,-9.210340371976182,-9.210340371976182,-9.21067359574237
male,60-70,36,-9.210340371976182,-9.210340371976182,-9.21067359574237
male,60-70,37,-9.210340371976182,-9.210340371976182,-9.21067359574237
male,60-70,38,-9.210340371976182,-9.210340371976182,-9.21067359574237
male,60-70,39,-9.210340371976182,-9.210340371976182,-9.21067359574237
male,60-70,40,-9.210340371976182,-9.210340371976182,-9.21067359574237
male,60-70,41,-9.210340371976182,-9.210340371976182,-9.21067359574237
male,60-70,42,-9.210340371976182,-9.210340371976182,-9.21067359574237
male,60-70,43,-9.210340371976182,-9.210340371976182,-9.21067359574237
male,60-70,44,-9.210340371976182,-9.210340371976182,-9.21067359574237
male,60-70,45,-9.210340371976182,-9.210340371976182,-9.21067359574237
male,60-70,46,-9.210340371976182,-9.210340371976182,-9.21067359574237
male,60-70,47,-9.210340371976182,-9.210340371976182,-9.21067359574237
male,60-70,48,-9.210340371976182,-9.210340371976182,-9.21067359574237
male,60-70,49,-9.210340371976182,-9.210340371976182,-9.21067359574237
male,60-70,50,-9.210340371976182,-9.210340371976182,-9.21067359574237
male,60-70,51,-9.210340371976182,-9.210340371976182,-9.21067359574237
male,60-70,52,-9.210340371976182,-9.210340371976182,-9.21067359574237
female,18-19,-52,-9.210340371976182,-9.210340371976182,-9.220564777482286
female,18-19,-51,-9.210340371976182,-9.210340371976182,-9.220564777482286
female,18-19,-50,-9.210340371976182,-9.210340371976182,-9.220564777482286
female,18-19,-49,-9.210340371976182,-9.210340371976182,-9.220564777482286
female,18-19,-48,-9.210340371976182,-9.210340371976182,-9.220564777482286
female,18-19,-47,-9.210340371976182,-9.210340371976182,-9.220564777482286
female,18-19,-46,-9.210340371976182,-9.210340371976182,-9.220564777482286
female,18-19,-45,-9.210340371976182,-9.210340371976182,-9.220564777482286
female,18-19,-44,-9.210340371976182,-9.210340371976182,-9.220564777482286
female,18-19,-43,-9.210340371976182,-9.210340371976182,-9.220564777482286
female,18-19,-42,-9.210340371976182,-9.210340371976182,-9.220564777482286
female,18-19,-41,-9.210340371976182,-9.210340371976182,-9.220564777482286
female,18-19,-40,-9.210340371976182,-9.210340371976182,-9.220564777482286
female,18-19,-39,-9.210340371976182,-9.210340371976182,-9.220564777482286
female,18-19,-38,-9.210340371976182,-9.210340371976182,-9.220564777482286
female,18-19,-37,-9.210340371976182,-9.210340371976182,-9.220564777482286
female,18-19,-36,-9.210340371976182,-9.210340371976182,-9.220564777482286
female,18-19,-35,-9.210340371976182,-9.210340371976182,-9.220564777482286
female,18-19,-34,-9.210340371976182,-9.210340371976182,-9.220564777482286
female,18-19,-33,-9.210340371976182,-9.210340371976182,-9.220564777482286
female,18-19,-32,-9.210340371976182,-9.210340371976182,-9.220564777482286
female,18-19,-31,-9.210340371976182,-9.210340371976182,-9.220564777482286
female,18-19,-30,-9.210340371976182,-9.210340371976182,-9.220564777482286
female,18-19,-29,-9.210340371976182,-9.210340371976182,-9.220564777482286
female,18-19,-28,-9.210340371976182,-9.210340371976182,-9.220564777482286
female,18-19,-27,-9.210340371976182,-9.210340371976182,-9.220564777482286
female,18-19,-26,-9.210340371976182,-9.210340371976182,-9.220564777482286
female,18-19,-25,-9.210340371976182,-9.210340371976182,-9.220564777482286
female,18-19,-24,-9.210340371976182,-9.210340371976182,-9.220564777482286
female,18-19,-23,-9.210340371976182,-9.210340371976182,-9.220564777482286
female,18-19,-22,-9.210340371976182,-9.210340371976182,-9.220564777482286
female,18-19,-21,-9.210340371976182,-9.210340371976182,-9.220564777482286
female,18-19,-20,-9.210340371976182,0.03685013184838169,0.026625726342277802
female,18-19,-19,-9.210340371976182,0.036850131848384475,0.026625726342280585
female,18-19,-18,-9.210340371976182,0.03685013184838469,0.0266257263422808
female,18-19,-17,-9.210340371976182,0.03685013184838469,0.0266257263422808
female,18-19,-16,-9.210340371976182,0.036850131848384475,0.026625726342280585
female,18-19,-15,-9.210340371976182,0.03685013184838469,0.0266257263422808
female,18-19,-14,-9.210340371976182,0.036850131848384475,0.026625726342280585
female,18-19,-13,-9.210340371976182,0.036850131848384475,0.026625726342280585
female,18-19,-12,-9.210340371976182,0.036850131848384475,0.026625726342280585
female,18-19,-11,-9.210340371976182,0.03685013184838469,0.0266257263422808
female,18-19,-10,-9.210340371976182,0.03685013184838469,0.0266257263422808
female,18-19,-9,-9.210340371976182,0.036850131848390685,0.026625726342286795
female,18-19,-8,-9.210340371976182,0.03685013184872368,0.026625726342619793
female,18-19,-7,-9.210340371976182,0.03685013186690928,0.02662572636080539
female,18-19,-6,-9.210340371976182,0.036850132859799066,0.026625727353695176
female,18-19,-5,-9.210340371976182,0.036850187069732504,0.026625781563628614
female,18-19,-4,-9.210340371976182,0.036853146824311095,0.026628741318207205
female,18-19,-3,-9.210340371976182,0.0370147215689975,0.026790316062893612
female,18-19,-2,-9.210340371976182,0.0457702500420239,0.03554584453592001
female,18-19,-1,0.03684304622915146,0.3877408152884832,0.3775164097823793
female,18-19,0,1.3867010871820338,1.3778760246431265,1.3676516191370227
female,18-19,1,1.8062679581563876,1.7446668420179083,1.7344424365118045
female,18-19,2,1.5716924384611455,1.563981598142125,1.5537571926360212
female,18-19,3,1.107994254367347,1.1498776467299183,1.1396532412238145
female,18-19,4,0.8065041167037477,0.8015753398765096,0.7913509343704057
female,18-19,5,0.19630813943709768,0.27305643182828365,0.2628320263221798
female,18-19,6,0.030990804206742977,0.014185782244984735,0.0039613767388808445
female,18-19,7,-0.426085081289996,-0.38755851728285307,-0.39778292278895694
female,18-19,8,-0.7282557195334779,-0.6970153820106033,-0.7072397875167072
female,18-19,9,-0.8127413426057257,-0.8010267637633937,-0.8112511692694976
female,18-19,10,-0.7946162017973909,-0.8421158231227539,-0.8523402286288578
female,18-19,11,-1.337375601705581,-1.267343967230689,-1.2775683727367928
female,18-19,12,-1.3889716885091894,-1.428782379675409,-1.439006785181513
female,18-19,13,-1.9889104008947505,-1.8896055677671748,-1.8998299732732786
female,18-19,14,-1.8776882173849043,-1.9347778107109845,-1.9450022162170884
female,18-19,15,-2.458509149426878,-2.3359262778408314,-2.346150683346935
female,18-19,16,-2.1304413349715285,-2.0334001254613616,-2.0436245309674654
female,18-19,17,-1.2842473490312585,-1.4064824744392472,-1.416706879945351
female,18-19,18,-1.9765478145062987,-1.932446237894068,-1.942670643400172
female,18-19,19,-3.109701103978076,-2.794665319391915,-2.8048897248980187
female,18-19,20,-2.271778725742036,-2.403296297496404,-2.413520703002508
female,18-19,21,-3.0859432276885044,-2.9063888951030106,-2.9166133006091144
female,18-19,22,-2.576347780474954,-2.6318247260846253,-2.642049131590729
female,18-19,23,-2.6628109001984397,-2.6638129986090635,-2.6740374041151673
female,18-19,24,-2.775671103110967,-2.765063318492682,-2.775287723998786
female,18-19,25,-2.799386014065647,-2.886008831786281,-2.896233237292385
female,18-19,26,-4.534369643521908,-3.31107993373,-3.3213043392361037
female,18-19,27,-1.5395366467473381,-1.7145520683322555,-1.7247764738383593
female,18-19,28,-2.2440199870051116,-2.18026976557754,-2.190494171083644
female,18-19,29,-2.7986361553430577,-2.7556559460067174,-2.765880351512821
female,18-19,30,-3.1953444487736915,-2.966529897463031,-2.976754302969135
female,18-19,31,-2.161717794040195,-2.2706557155867597,-2.2808801210928635
female,18-19,32,-2.622031342233687,-2.547188164079202,-2.557412569585306
female,18-19,33,-2.5019249299248187,-2.5353903079791973,-2.545614713485301
female,18-19,34,-2.7179389379761263,-2.8016358344584367,-2.8118602399645405
female,18-19,35,-9.210340371976182,-4.734383542360093,-4.744607947866197
female,18-19,36,-4.15997254999002,-3.9965694793356503,-4.006793884841755
female,18-19,37,-2.8640271073259154,-3.0275518804478407,-3.0377762859539446
female,18-19,38,-4.012585518433492,-3.528975933784663,-3.5392003392907667
female,18-19,39,-2.4828582184585994,-2.5803132114691776,-2.5905376169752814
female,18-19,40,-2.5932619872388187,-2.597817670747063,-2.6080420762531666
female,18-19,41,-2.7546640273492007,-2.8442681254327207,-2.8544925309388245
female,18-19,42,-9.210340371976182,-4.954083931133963,-4.964308336640067
female,18-19,43,-9.210340371976182,-4.617803845905975,-4.628028251412079
female,18-19,44,-2.3518884636241624,-2.5483279204071256,-2.5585523259132295
female,18-19,45,-3.4436791416566543,-3.332152431722456,-3.3423768372285596
female,18-19,46,-9.210340371976182,-4.939063517714952,-4.949287923221056
female,18-19,47,-3.3411484645612486,-3.5802002421191874,-3.5904246476252912
female,18-19,48,-9.210340371976182,-4.591147836709161,-4.601372242215265
female,18-19,49,-2.7973553514825844,-3.0377363030137983,-3.047960708519902
female,18-19,50,-9.210340371976182,-4.981130875768783,-4.991355281274887
female,18-19,51,-9.210340371976182,-9.210340371976182,-9.220564777482286
female,18-19,52,-9.210340371976182,-9.210340371976182,-9.220564777482286
female,20-21,-52,-9.210340371976182,-9.210340371976182,-9.214599731090352
female,20-21,-51,-9.210340371976182,-9.210340371976182,-9.214599731090352
female,20-21,-50,-9.210340371976182,-9.210340371976182,-9.214599731090352
female,20-21,-49,-9.210340371976182,-9.210340371976182,-9.214599731090352
female,20-21,-48,-9.210340371976182,-9.210340371976182,-9.214599731090352
female,20-21,-47,-9.210340371976182,-9.210340371976182,-9.214599731090352
female,20-21,-46,-9.210340371976182,-9.210340371976182,-9.214599731090352
female,20-21,-45,-9.210340371976182,-9.210340371976182,-9.214599731090352
female,20-21,-44,-9.210340371976182,-9.210340371976182,-9.214599731090352
female,20-21,-43,-9.210340371976182,-9.210340371976182,-9.214599731090352
female,20-21,-42,-9.210340371976182,-9.210340371976182,-9.214599731090352
female,20-21,-41,-9.210340371976182,-9.210340371976182,-9.214599731090352
female,20-21,-40,-9.210340371976182,-9.210340371976182,-9.214599731090352
female,20-21,-39,-9.210340371976182,-9.210340371976182,-9.214599731090352
female,20-21,-38,-9.210340371976182,-9.210340371976182,-9.214599731090352
female,20-21,-37,-9.210340371976182,-9.210340371976182,-9.214599731090352
female,20-21,-36,-9.210340371976182,-9.210340371976182,-9.214599731090352
female,20-21,-35,-9.210340371976182,-9.210340371976182,-9.214599731090352
female,20-21,-34,-9.210340371976182,-9.210340371976182,-9.214599731090352
female,20-21,-33,-9.210340371976182,-9.210340371976182,-9.214599731090352
female,20-21,-32,-9.210340371976182,-9.210340371976182,-9.214599731090352
female,20-21,-31,-9.210340371976182,-9.210340371976182,-9.214599731090352
female,20-21,-30,-9.210340371976182,-9.210340371976182,-9.214599731090352
female,20-21,-29,-9.210340371976182,-9.210340371976182,-9.214599731090352
female,20-21,-28,-9.210340371976182,-9.210340371976182,-9.214599731090352
female,20-21,-27,-9.210340371976182,-9.210340371976182,-9.214599731090352
female,20-21,-26,-9.210340371976182,-9.210340371976182,-9.214599731090352
female,20-21,-25,-9.210340371976182,-9.210340371976182,-9.214599731090352
female,20-21,-24,-9.210340371976182,-9.210340371976182,-9.214599731090352
female,20-21,-23,-9.210340371976182,-9.210340371976182,-9.214599731090352
female,20-21,-22,-9.210340371976182,-2.8460963466105604,-2.8503557057247315
female,20-21,-21,-9.210340371976182,-2.8460963466104916,-2.8503557057246627
female,20-21,-20,-9.210340371976182,-2.8460963466104916,-2.8503557057246627
female,20-21,-19,-9.210340371976182,-2.846096346610491,-2.8503557057246622
female,20-21,-18,-9.210340371976182,-2.846096346610491,-2.8503557057246622
female,20-21,-17,-9.210340371976182,-2.846096346610491,-2.8503557057246622
female,20-21,-16,-9.210340371976182,-2.846096346610491,-2.8503557057246622
female,20-21,-15,-9.210340371976182,-2.846096346610491,-2.8503557057246622
female,20-21,-14,-9.210340371976182,-2.8460963466104916,-2.8503557057246627
female,20-21,-13,-9.210340371976182,-2.846096346610491,-2.8503557057246622
female,20-21,-12,-9.210340371976182,-2.8460963466104907,-2.850355705724662
female,20-21,-11,-9.210340371976182,-2.84609634661048,-2.850355705724651
female,20-21,-10,-9.210340371976182,-2.8460963466098943,-2.8503557057240654
female,20-21,-9,-9.210340371976182,-2.8460963465779043,-2.8503557056920754
female,20-21,-8,-9.210340371976182,-2.8460963448313104,-2.8503557039454814
female,20-21,-7,-9.210340371976182,-2.846096249470519,-2.85035560858469
female,20-21,-6,-9.210340371976182,-2.8460910429678346,-2.8503504020820056
female,20-21,-5,-9.210340371976182,-2.8458068375083814,-2.8500661966225525
female,20-21,-4,-9.210340371976182,-2.8304661067590056,-2.8347254658731766
female,20-21,-3,-2.846100975801916,-2.3022944336048172,-2.3065537927189883
female,20-21,-2,-1.2324312989282522,-0.8419522575225661,-0.8462116166367369
female,20-21,-1,0.5407564869889625,0.6260071392827019,0.621747780168531
female,20-21,0,1.5380297801436607,1.4859396862881722,1.4816803271740013
female,20-21,1,1.7031010697596871,1.6647505765851607,1.6604912174709898
female,20-21,2,1.4768982133853152,1.4748944883997128,1.470635129285542
female,20-21,3,1.110072156027564,1.1256745097702359,1.121415150656065
female,20-21,4,0.7007777793176609,0.7315885801023919,0.7273292209882211
female,20-21,5,0.4152135858744713,0.42687759647311274,0.42261823735894183
female,20-21,6,0.12389950196886479,0.12696113990550703,0.12270178079133612
female,20-21,7,-0.30268178849144217,-0.2583412484834673,-0.2626006075976382
female,20-21,8,-0.4605283782539636,-0.4782989920530455,-0.4825583511672164
female,20-21,9,-0.8991600244145885,-0.8239958813601451,-0.828255240474316
female,20-21,10,-0.7331973102795454,-0.788055379963013,-0.7923147390771839
female,20-21,11,-1.1831034183865048,-1.1416277366896024,-1.1458870958037732
female,20-21,12,-1.4387183691892356,-1.42786120434532,-1.432120563459491
female,20-21,13,-1.6968075858332021,-1.65585379015736,-1.6601131492715309
female,20-21,14,-1.6221621030559743,-1.6249753748453235,-1.6292347339594944
female,20-21,15,-1.5722497297669245,-1.5950055157819265,-1.5992648748960974
female,20-21,16,-1.7602638842116611,-1.7350828002015681,-1.739342159315739
female,20-21,17,-1.742394167975933,-1.777617998216531,-1.7818773573307018
female,20-21,18,-2.1263032622349454,-2.044596431482432,-2.048855790596603
female,20-21,19,-1.8546728323186978,-1.9356630933710677,-1.9399224524852385
female,20-21,20,-2.5824807191577226,-2.504424247515376,-2.508683606629547
female,20-21,21,-3.07486042060646,-2.917286848430203,-2.921546207544374
female,20-21,22,-2.4041502156286434,-2.483064607519691,-2.4873239666338622
female,20-21,23,-2.6453913408179113,-2.6405985534390495,-2.6448579125532206
female,20-21,24,-2.922061975216903,-2.8785995430588462,-2.8828589021730173
female,20-21,25,-2.832446937469551,-2.8352595614210068,-2.839518920535178
female,20-21,26,-2.7668351558518016,-2.818014159963229,-2.8222735190774
female,20-21,27,-3.274498984642134,-3.2601218230502567,-3.2643811821644277
female,20-21,28,-4.008961290758284,-3.614141555887776,-3.618400915001947
female,20-21,29,-2.5518677215844474,-2.648315171563034,-2.6525745306772053
female,20-21,30,-2.6923680745382312,-2.7002275033628123,-2.7044868624769833
female,20-21,31,-2.946493248307184,-2.991641374005806,-2.995900733119977
female,20-21,32,-4.139517478526463,-4.011276002260252,-4.015535361374423
female,20-21,33,-9.210340371976182,-5.4667496303118295,-5.471008989426
female,20-21,34,-3.7548143141626245,-3.993760980785379,-3.99802033989955
female,20-21,35,-9.210340371976182,-5.454103936220885,-5.458363295335055
female,20-21,36,-4.092171104751441,-4.211016876428923,-4.215276235543094
female,20-21,37,-4.150479663676527,-4.243036404184551,-4.247295763298721
female,20-21,38,-6.247940107895159,-5.6574992398915,-5.661758599005671
female,20-21,39,-5.875419942269204,-5.948822574340607,-5.9530819334547775
female,20-21,40,-6.357212007446352,-6.012735037369449,-6.01699439648362
female,20-21,41,-4.889910893132526,-4.998913665537167,-5.003173024651337
female,20-21,42,-5.085058916000726,-4.998679311349183,-5.002938670463354
female,20-21,43,-4.582932292249926,-4.739634994871044,-4.7438943539852145
female,20-21,44,-9.210340371976182,-6.5417631190715095,-6.54602247818568
female,20-21,45,-5.842886057872438,-5.726049474835362,-5.7303088339495325
female,20-21,46,-4.627960801202414,-4.803483587696067,-4.8077429468102375
female,20-21,47,-6.263876329775352,-5.951836698644644,-5.956096057758814
female,20-21,48,-9.210340371976182,-8.063042452816921,-8.067301811931092
female,20-21,49,-6.946137182796665,-7.120478671640596,-7.1247380307547665
female,20-21,50,-9.210340371976182,-8.269521074206558,-8.273780433320729
female,20-21,51,-9.210340371976182,-9.210340371976182,-9.214599731090352
female,20-21,52,-9.210340371976182,-9.210340371976182,-9.214599731090352
female,22-23,-52,-9.210340371976182,-9.210340371976182,-9.210430439198882
female,22-23,-51,-9.210340371976182,-9.210340371976182,-9.210430439198882
female,22-23,-50,-9.210340371976182,-9.210340371976182,-9.210430439198882
female,22-23,-49,-9.210340371976182,-9.210340371976182,-9.210430439198882
female,22-23,-48,-9.210340371976182,-9.210340371976182,-9.210430439198882
female,22-23,-47,-9.210340371976182,-9.210340371976182,-9.210430439198882
female,22-23,-46,-9.210340371976182,-9.210340371976182,-9.210430439198882
female,22-23,-45,-9.210340371976182,-9.210340371976182,-9.210430439198882
female,22-23,-44,-9.210340371976182,-9.210340371976182,-9.210430439198882
female,22-23,-43,-9.210340371976182,-9.210340371976182,-9.210430439198882
female,22-23,-42,-9.210340371976182,-9.210340371976182,-9.210430439198882
female,22-23,-41,-9.210340371976182,-9.210340371976182,-9.210430439198882
female,22-23,-40,-9.210340371976182,-9.210340371976182,-9.210430439198882
female,22-23,-39,-9.210340371976182,-9.210340371976182,-9.210430439198882
female,22-23,-38,-9.210340371976182,-9.210340371976182,-9.210430439198882
female,22-23,-37,-9.210340371976182,-9.210340371976182,-9.210430439198882
female,22-23,-36,-9.210340371976182,-9.210340371976182,-9.210430439198882
female,22-23,-35,-9.210340371976182,-9.210340371976182,-9.210430439198882
female,22-23,-34,-9.210340371976182,-9.210340371976182,-9.210430439198882
female,22-23,-33,-9.210340371976182,-9.210340371976182,-9.210430439198882
female,22-23,-32,-9.210340371976182,-9.210340371976182,-9.210430439198882
female,22-23,-31,-9.210340371976182,-9.210340371976182,-9.210430439198882
female,22-23,-30,-9.210340371976182,-9.210340371976182,-9.210430439198882
female,22-23,-29,-9.210340371976182,-9.210340371976182,-9.210430439198882
female,22-23,-28,-9.210340371976182,-9.210340371976182,-9.210430439198882
female,22-23,-27,-9.210340371976182,-9.210340371976182,-9.210430439198882
female,22-23,-26,-9.210340371976182,-9.210340371976182,-9.210430439198882
female,22-23,-25,-9.210340371976182,-9.210340371976182,-9.210430439198882
female,22-23,-24,-9.210340371976182,-9.210340371976182,-9.210430439198882
female,22-23,-23,-9.210340371976182,-9.210340371976182,-9.210430439198882
female,22-23,-22,-9.210340371976182,-9.210340371976182,-9.210430439198882
female,22-23,-21,-9.210340371976182,-9.210340371976182,-9.210430439198882
female,22-23,-20,-9.210340371976182,-9.210340371976182,-9.210430439198882
female,22-23,-19,-9.210340371976182,-9.210340371976182,-9.210430439198882
female,22-23,-18,-9.210340371976182,-9.210340371976182,-9.210430439198882
female,22-23,-17,-9.210340371976182,-9.210340371976182,-9.210430439198882
female,22-23,-16,-9.210340371976182,-9.210340371976182,-9.210430439198882
female,22-23,-15,-9.210340371976182,-9.210340371976182,-9.210430439198882
female,22-23,-14,-9.210340371976182,-3.6561950303081288,-3.6562850975308296
female,22-23,-13,-9.210340371976182,-3.6561950303081288,-3.6562850975308296
female,22-23,-12,-9.210340371976182,-3.6561950303081288,-3.6562850975308296
female,22-23,-11,-9.210340371976182,-3.6561950303081288,-3.6562850975308296
female,22-23,-10,-9.210340371976182,-3.6561950303081288,-3.6562850975308296
female,22-23,-9,-9.210340371976182,-3.6561950303081288,-3.6562850975308296
female,22-23,-8,-9.210340371976182,-3.6561950303081288,-3.6562850975308296
female,22-23,-7,-9.210340371976182,-3.6561950303081288,-3.6562850975308296
female,22-23,-6,-9.210340371976182,-3.656195030329491,-3.6562850975521917
female,22-23,-5,-3.6561949900388258,-3.656384762335825,-3.656474829558526
female,22-23,-4,-4.043491523664407,-4.041265838590958,-4.041355905813658
female,22-23,-3,-2.0389278231881094,-2.0380478338757286,-2.0381379010984295
female,22-23,-2,-0.5346165980517917,-0.534070414730768,-0.5341604819534689
female,22-23,-1,0.7035953713921804,0.7039302808656603,0.7038402136429595
female,22-23,0,1.7175808006119218,1.7173631231112303,1.7172730558885294
female,22-23,1,1.718598669033426,1.7185089482401739,1.718418881017473
female,22-23,2,1.39712938838,1.3971720131882939,1.397081945965593
female,22-23,3,1.0753259741667254,1.0753611744361082,1.0752711072134074
female,22-23,4,0.7107821583041071,0.7108607482859514,0.7107706810632505
female,22-23,5,0.4358660033965093,0.4358777134634898,0.4357876462407889
female,22-23,6,0.052517590719397836,0.052623385729115575,0.052533318506414704
female,22-23,7,-0.1527135378891667,-0.15272437520013588,-0.15281444242283673
female,22-23,8,-0.4857383374681561,-0.48563668698426293,-0.4857267542069638
female,22-23,9,-0.6230222691578131,-0.6230250663796387,-0.6231151336023396
female,22-23,10,-0.8208833545633863,-0.8208170940532442,-0.8209071612759451
female,22-23,11,-0.8616488486441617,-0.861715678269066,-0.8618057454917669
female,22-23,12,-1.156681020031214,-1.1566317089911455,-1.1567217762138464
female,22-23,13,-1.4128627555633764,-1.4128485449806911,-1.412938612203392
female,22-23,14,-1.7584199632493693,-1.7581971908108536,-1.7582872580335545
female,22-23,15,-1.5522983514927269,-1.5523706591095117,-1.5524607263322125
female,22-23,16,-1.5725215919819133,-1.5726271400781426,-1.5727172073008435
female,22-23,17,-1.9772618394705448,-1.9771937603696497,-1.9772838275923506
female,22-23,18,-2.341805861474791,-2.3417360810927463,-2.341826148315447
female,22-23,19,-2.656836120723423,-2.6565672595846417,-2.6566573268073426
female,22-23,20,-2.3057020049341537,-2.3058543831549128,-2.3059444503776136
female,22-23,21,-2.473723263587338,-2.4736276972413145,-2.4737177644640154
female,22-23,22,-2.3809064683604753,-2.381082934808393,-2.381173002031094
female,22-23,23,-2.998723326382003,-2.998312359174282,-2.998402426396983
female,22-23,24,-2.708201228000123,-2.7081603854409564,-2.7082504526636573
female,22-23,25,-2.3851440520297205,-2.385400164534795,-2.3854902317574957
female,22-23,26,-3.0556234678872243,-3.055442005007726,-3.055532072230427
female,22-23,27,-3.549283412560692,-3.549005766464329,-3.54909583368703
female,22-23,28,-3.3512029368680576,-3.3513514089266576,-3.3514414761493585
female,22-23,29,-3.6616130173156987,-3.6614337013512563,-3.6615237685739572
female,22-23,30,-3.5099899654522,-3.51019994518259,-3.510290012405291
female,22-23,31,-4.185369501121709,-4.184659676942793,-4.184749744165494
female,22-23,32,-3.421653968258774,-3.4220981078654287,-3.4221881750881296
female,22-23,33,-4.998234773601171,-4.99602189580345,-4.99611196302615
female,22-23,34,-3.676548959396818,-3.676955755228278,-3.677045822450979
female,22-23,35,-4.3177074141601794,-4.317267176187174,-4.317357243409875
female,22-23,36,-3.9617791707884447,-3.962125995106256,-3.962216062328957
female,22-23,37,-5.212888490948441,-5.2116093231627145,-5.211699390385415
female,22-23,38,-4.328301665887543,-4.328463175162078,-4.328553242384778
female,22-23,39,-4.216850865027791,-4.217017712712909,-4.21710777993561
female,22-23,40,-4.722725936721009,-4.7226157059734835,-4.722705773196184
female,22-23,41,-5.163850750551468,-5.163915903914695,-5.164005971137396
female,22-23,42,-6.797658975239582,-6.795128408285459,-6.795218475508159
female,22-23,43,-5.310817235244089,-5.31043490960702,-5.31052497682972
female,22-23,44,-4.188346711038397,-4.1888405213196895,-4.18893058854239
female,22-23,45,-5.808698813050671,-5.8062456896385495,-5.80633575686125
female,22-23,46,-4.3748229731760695,-4.375282302308315,-4.375372369531015
female,22-23,47,-5.263478087157689,-5.262555177879961,-5.262645245102662
female,22-23,48,-3.8600941339879333,-3.8607023855766545,-3.8607924527993553
female,22-23,49,-9.210340371976182,-3.86009413343722,-3.860184200659921
female,22-23,50,-9.210340371976182,-3.8600941333687357,-3.8601842005914366
female,22-23,51,-9.210340371976182,-3.8600941333687357,-3.8601842005914366
female,22-23,52,-9.210340371976182,-3.8600941333687357,-3.8601842005914366
female,24-25,-52,-9.210340371976182,-9.210340371976182,-9.210507003033017
female,24-25,-51,-9.210340371976182,-9.210340371976182,-9.210507003033017
female,24-25,-50,-9.210340371976182,-9.210340371976182,-9.210507003033017
female,24-25,-49,-9.210340371976182,-9.210340371976182,-9.210507003033017
female,24-25,-48,-9.210340371976182,-9.210340371976182,-9.210507003033017
female,24-25,-47,-9.210340371976182,-9.210340371976182,-9.210507003033017
female,24-25,-46,-9.210340371976182,-9.210340371976182,-9.210507003033017
female,24-25,-45,-9.210340371976182,-9.210340371976182,-9.210507003033017
female,24-25,-44,-9.210340371976182,-9.210340371976182,-9.210507003033017
female,24-25,-43,-9.210340371976182,-9.210340371976182,-9.210507003033017
female,24-25,-42,-9.210340371976182,-9.210340371976182,-9.210507003033017
female,24-25,-41,-9.210340371976182,-9.210340371976182,-9.210507003033017
female,24-25,-40,-9.210340371976182,-9.210340371976182,-9.210507003033017
female,24-25,-39,-9.210340371976182,-9.210340371976182,-9.210507003033017
female,24-25,-38,-9.210340371976182,-9.210340371976182,-9.210507003033017
female,24-25,-37,-9.210340371976182,-9.210340371976182,-9.210507003033017
female,24-25,-36,-9.210340371976182,-9.210340371976182,-9.210507003033017
female,24-25,-35,-9.210340371976182,-9.210340371976182,-9.210507003033017
female,24-25,-34,-9.210340371976182,-9.210340371976182,-9.210507003033017
female,24-25,-33,-9.210340371976182,-9.210340371976182,-9.210507003033017
female,24-25,-32,-9.210340371976182,-9.210340371976182,-9.210507003033017
female,24-25,-31,-9.210340371976182,-9.210340371976182,-9.210507003033017
female,24-25,-30,-9.210340371976182,-9.210340371976182,-9.210507003033017
female,24-25,-29,-9.210340371976182,-9.210340371976182,-9.210507003033017
female,24-25,-28,-9.210340371976182,-9.210340371976182,-9.210507003033017
female,24-25,-27,-9.210340371976182,-9.210340371976182,-9.210507003033017
female,24-25,-26,-9.210340371976182,-9.210340371976182,-9.210507003033017
female,24-25,-25,-9.210340371976182,-9.210340371976182,-9.210507003033017
female,24-25,-24,-9.210340371976182,-9.210340371976182,-9.210507003033017
female,24-25,-23,-9.210340371976182,-9.210340371976182,-9.210507003033017
female,24-25,-22,-9.210340371976182,-9.210340371976182,-9.210507003033017
female,24-25,-21,-9.210340371976182,-9.210340371976182,-9.210507003033017
female,24-25,-20,-9.210340371976182,-9.210340371976182,-9.210507003033017
female,24-25,-19,-9.210340371976182,-9.210340371976182,-9.210507003033017
female,24-25,-18,-9.210340371976182,-9.210340371976182,-9.210507003033017
female,24-25,-17,-9.210340371976182,-9.210340371976182,-9.210507003033017
female,24-25,-16,-9.210340371976182,-5.364897282388074,-5.365063913444909
female,24-25,-15,-9.210340371976182,-5.364897282388074,-5.365063913444909
female,24-25,-14,-9.210340371976182,-5.364897282388074,-5.365063913444909
female,24-25,-13,-9.210340371976182,-5.364897282388074,-5.365063913444909
female,24-25,-12,-9.210340371976182,-5.364897282388074,-5.365063913444909
female,24-25,-11,-9.210340371976182,-5.364897282388074,-5.365063913444909
female,24-25,-10,-9.210340371976182,-5.364897282388074,-5.365063913444909
female,24-25,-9,-9.210340371976182,-5.364897282388074,-5.365063913444909
female,24-25,-8,-9.210340371976182,-5.364897282275769,-5.365063913332604
female,24-25,-7,-5.364897237693959,-5.363900448842282,-5.364067079899117
female,24-25,-6,-4.407644509404571,-4.406984887302631,-4.407151518359466
female,24-25,-5,-3.217021696718135,-3.216631604739385,-3.21679823579622
female,24-25,-4,-2.171278511338589,-2.171040011443122,-2.1712066424999574
female,24-25,-3,-1.3161009262416272,-1.3156841429118977,-1.315850773968733
female,24-25,-2,-0.28751736608362594,-0.28697590331072104,-0.28714253436755643
female,24-25,-1,0.8957970021870004,0.8959868576320275,0.8958202265751921
female,24-25,0,1.7250218018698478,1.7248173754000395,1.7246507443432042
female,24-25,1,1.689178959803351,1.6891220395260984,1.688955408469263
female,24-25,2,1.444452453549823,1.4444714223808286,1.4443047913239933
female,24-25,3,1.1617327630005392,1.161751183062805,1.1615845520059696
female,24-25,4,0.793097344708878,0.7931751289454761,0.7930084978886408
female,24-25,5,0.5071471853399627,0.5071880027561,0.5070213716992646
female,24-25,6,0.24311507318576978,0.24315291066327208,0.2429862796064367
female,24-25,7,-0.01389816283285707,-0.013842722295327832,-0.014009353352163205
female,24-25,8,-0.19325917361769449,-0.19323651896016483,-0.1934031500170002
female,24-25,9,-0.3625686390590502,-0.36255444160160794,-0.36272107265844333
female,24-25,10,-0.5442061272825682,-0.5442538051837624,-0.5444204362405978
female,24-25,11,-1.015259206012671,-1.0150823867929157,-1.015249017849751
female,24-25,12,-1.1492548765136028,-1.1492373535056637,-1.149403984562499
female,24-25,13,-1.2652227696420941,-1.2652252475239385,-1.2653918785807738
female,24-25,14,-1.4196652993485281,-1.4196568910486458,-1.4198235221054811
female,24-25,15,-1.580523935680027,-1.5805772453458624,-1.5807438764026978
female,24-25,16,-2.0097705216982154,-2.0095460552062585,-2.009712686263094
female,24-25,17,-1.9004977967306909,-1.9005260558868355,-1.9006926869436709
female,24-25,18,-1.8736241705091075,-1.873638175791687,-1.8738048068485222
female,24-25,19,-1.8887523006743303,-1.8887486394426949,-1.8889152704995302
female,24-25,20,-1.8938219306588284,-1.8940040472410262,-1.8941706782978616
female,24-25,21,-2.759367715776424,-2.7589510242615565,-2.759117655318392
female,24-25,22,-3.0087841451573922,-3.0086265942306776,-3.008793225287513
female,24-25,23,-2.8511944316027726,-2.851338674489855,-2.85150530554669
female,24-25,24,-3.184963262893504,-3.184721116639673,-3.1848877476965085
female,24-25,25,-2.9105452937930187,-2.9107295700719567,-2.910896201128792
female,24-25,26,-3.291795656897029,-3.291622681304806,-3.2917893123616415
female,24-25,27,-3.236873940997247,-3.23706184073848,-3.2372284717953153
female,24-25,28,-3.927202131548205,-3.9265690910982456,-3.926735722155081
female,24-25,29,-3.2778228263458584,-3.278096195394855,-3.2782628264516904
female,24-25,30,-3.6876317240232006,-3.6874208281898593,-3.6875874592466946
female,24-25,31,-3.572810565065955,-3.5730593928742604,-3.573226023931096
female,24-25,32,-4.573900715961044,-4.573046043802903,-4.573212674859739
female,24-25,33,-3.976445678871104,-3.976825496925733,-3.976992127982568
female,24-25,34,-5.131842730851517,-5.130843887753864,-5.131010518810699
female,24-25,35,-4.545979346109517,-4.545774293219536,-4.545940924276372
female,24-25,36,-3.8277794564131957,-3.8281842206805403,-3.8283508517373757
female,24-25,37,-5.1039664647304495,-5.103141252081842,-5.103307883138678
female,24-25,38,-5.380219111862152,-5.3797929423853015,-5.379959573442137
female,24-25,39,-4.699596797192015,-4.699669702978743,-4.699836334035578
female,24-25,40,-4.433049043265422,-4.433402214303651,-4.433568845360487
female,24-25,41,-6.353103663839497,-6.350145163920664,-6.350311794977499
female,24-25,42,-5.009300780693747,-5.009692442701101,-5.009859073757936
female,24-25,43,-5.536849063818411,-5.536459753816676,-5.536626384873512
female,24-25,44,-5.164450208087087,-5.164115793746166,-5.164282424803002
female,24-25,45,-4.305182406820992,-4.305485352725735,-4.30565198378257
female,24-25,46,-5.485816536640917,-5.484128469949837,-5.484295101006673
female,24-25,47,-9.210340371976182,-5.485816540057718,-5.485983171114554
female,24-25,48,-9.210340371976182,-5.485816540247988,-5.485983171304824
female,24-25,49,-9.210340371976182,-5.485816540247988,-5.485983171304824
female,24-25,50,-9.210340371976182,-5.485816540247988,-5.485983171304824
female,24-25,51,-9.210340371976182,-5.485816540247988,-5.485983171304824
female,24-25,52,-9.210340371976182,-5.485816540247988,-5.485983171304824
female,26-27,-52,-9.210340371976182,-9.210340371976182,-9.210583918372674
female,26-27,-51,-9.210340371976182,-9.210340371976182,-9.210583918372674
female,26-27,-50,-9.210340371976182,-9.210340371976182,-9.210583918372674
female,26-27,-49,-9.210340371976182,-9.210340371976182,-9.210583918372674
female,26-27,-48,-9.210340371976182,-9.210340371976182,-9.210583918372674
female,26-27,-47,-9.210340371976182,-9.210340371976182,-9.210583918372674
female,26-27,-46,-9.210340371976182,-9.210340371976182,-9.210583918372674
female,26-27,-45,-9.210340371976182,-9.210340371976182,-9.210583918372674
female,26-27,-44,-9.210340371976182,-9.210340371976182,-9.210583918372674
female,26-27,-43,-9.210340371976182,-9.210340371976182,-9.210583918372674
female,26-27,-42,-9.210340371976182,-9.210340371976182,-9.210583918372674
female,26-27,-41,-9.210340371976182,-9.210340371976182,-9.210583918372674
female,26-27,-40,-9.210340371976182,-9.210340371976182,-9.210583918372674
female,26-27,-39,-9.210340371976182,-9.210340371976182,-9.210583918372674
female,26-27,-38,-9.210340371976182,-9.210340371976182,-9.210583918372674
female,26-27,-37,-9.210340371976182,-9.210340371976182,-9.210583918372674
female,26-27,-36,-9.210340371976182,-9.210340371976182,-9.210583918372674
female,26-27,-35,-9.210340371976182,-9.210340371976182,-9.210583918372674
female,26-27,-34,-9.210340371976182,-9.210340371976182,-9.210583918372674
female,26-27,-33,-9.210340371976182,-9.210340371976182,-9.210583918372674
female,26-27,-32,-9.210340371976182,-9.210340371976182,-9.210583918372674
female,26-27,-31,-9.210340371976182,-9.210340371976182,-9.210583918372674
female,26-27,-30,-9.210340371976182,-9.210340371976182,-9.210583918372674
female,26-27,-29,-9.210340371976182,-9.210340371976182,-9.210583918372674
female,26-27,-28,-9.210340371976182,-9.210340371976182,-9.210583918372674
female,26-27,-27,-9.210340371976182,-9.210340371976182,-9.210583918372674
female,26-27,-26,-9.210340371976182,-9.210340371976182,-9.210583918372674
female,26-27,-25,-9.210340371976182,-9.210340371976182,-9.210583918372674
female,26-27,-24,-9.210340371976182,-9.210340371976182,-9.210583918372674
female,26-27,-23,-9.210340371976182,-9.210340371976182,-9.210583918372674
female,26-27,-22,-9.210340371976182,-9.210340371976182,-9.210583918372674
female,26-27,-21,-9.210340371976182,-9.210340371976182,-9.210583918372674
female,26-27,-20,-9.210340371976182,-9.210340371976182,-9.210583918372674
female,26-27,-19,-9.210340371976182,-9.210340371976182,-9.210583918372674
female,26-27,-18,-9.210340371976182,-9.210340371976182,-9.210583918372674
female,26-27,-17,-9.210340371976182,-9.210340371976182,-9.210583918372674
female,26-27,-16,-9.210340371976182,-9.210340371976182,-9.210583918372674
female,26-27,-15,-9.210340371976182,-9.210340371976182,-9.210583918372674
female,26-27,-14,-9.210340371976182,-9.210340371976182,-9.210583918372674
female,26-27,-13,-9.210340371976182,-9.210340371976182,-9.210583918372674
female,26-27,-12,-9.210340371976182,-9.210340371976182,-9.210583918372674
female,26-27,-11,-9.210340371976182,-9.210340371976182,-9.210583918372674
female,26-27,-10,-9.210340371976182,-9.210340371976182,-9.210583918372674
female,26-27,-9,-10.800016134576532,-9.210340371976182,-9.210583918372674
female,26-27,-8,-5.780556900142983,-5.7788229176418096,-5.779066464038302
female,26-27,-7,-3.8887748983205315,-3.8888622265737873,-3.88910577297028
female,26-27,-6,-3.4358603895444886,-3.4355065007841605,-3.4357500471806532
female,26-27,-5,-2.5617968964710496,-2.561493027778432,-2.5617365741749247
female,26-27,-4,-1.6695685932188458,-1.6694013883667786,-1.6696449347632711
female,26-27,-3,-0.9440179125659592,-0.9437124345500165,-0.9439559809465091
female,26-27,-2,-0.05023062625469588,-0.049883732769547225,-0.05012727916603977
female,26-27,-1,0.9360932870818934,0.9362814919313643,0.9360379455348717
female,26-27,0,1.7503730714387988,1.7501724896611939,1.7499289432647014
female,26-27,1,1.7315616324406382,1.7314998125979673,1.7312562662014748
female,26-27,2,1.4863811269665732,1.4864039678481957,1.4861604214517032
female,26-27,3,1.2202142207480442,1.2202340128453981,1.2199904664489056
female,26-27,4,0.9050765466698363,0.9051523549177586,0.904908808521266
female,26-27,5,0.7038295837340536,0.7038345158287435,0.7035909694322509
female,26-27,6,0.4228551262325326,0.42293048008890755,0.422686933692415
female,26-27,7,0.27780036442780304,0.27778251571998014,0.2775389693234876
female,26-27,8,0.009974397504708951,0.010007644850057543,0.009764098453564997
female,26-27,9,-0.26455020947019303,-0.26445345631940265,-0.2646970027158952
female,26-27,10,-0.3198100128920511,-0.3198908651353226,-0.32013441153181516
female,26-27,11,-0.7061583823650142,-0.7060582105371673,-0.7063017569336599
female,26-27,12,-0.9400611608381216,-0.9400008348028653,-0.9402443811993579
female,26-27,13,-1.0399605710808326,-1.0399463474849162,-1.0401898938814087
female,26-27,14,-1.1079262235858196,-1.10794487979008,-1.1081884261865724
female,26-27,15,-1.2570692898325477,-1.2571278969936512,-1.2573714433901437
female,26-27,16,-1.6996269070846004,-1.6993877472591996,-1.699631293655692
female,26-27,17,-1.5637090534836495,-1.5638423565497748,-1.5640859029462673
female,26-27,18,-1.8827703176181578,-1.8826675342101256,-1.882911080606618
female,26-27,19,-1.9712772387522681,-1.971204864370577,-1.9714484107670696
female,26-27,20,-1.854262899897174,-1.8544922437226272,-1.8547357901191197
female,26-27,21,-2.6787287607538235,-2.678259557817816,-2.678503104214309
female,26-27,22,-2.5540291758220186,-2.554065650500764,-2.5543091968972567
female,26-27,23,-2.546947527562677,-2.5470595206507056,-2.5473030670471983
female,26-27,24,-2.938142722733271,-2.9379599956768736,-2.9382035420733663
female,26-27,25,-2.868199575586395,-2.868292696572385,-2.8685362429688777
female,26-27,26,-3.0993621042945545,-3.0993343130238453,-3.099577859420338
female,26-27,27,-3.2909067890654837,-3.2907394880408996,-3.2909830344373923
female,26-27,28,-3.0375024463485816,-3.037720974086327,-3.0379645204828196
female,26-27,29,-3.5989273520212306,-3.5986079617873856,-3.5988515081838783
female,26-27,30,-3.4208644285787435,-3.4209140071498942,-3.421157553546387
female,26-27,31,-3.405954167492059,-3.406086730766998,-3.406330277163491
female,26-27,32,-3.881079810326168,-3.8808825841253167,-3.8811261305218094
female,26-27,33,-3.8963575973184796,-3.896423451216622,-3.8966669976131145
female,26-27,34,-4.135692536245441,-4.1357245102950495,-4.135968056691542
female,26-27,35,-4.621356987604008,-4.620983836573984,-4.621227382970477
female,26-27,36,-4.235629031057648,-4.235896573280701,-4.236140119677193
female,26-27,37,-4.897089454649857,-4.896478229931051,-4.896721776327544
female,26-27,38,-4.25663082775922,-4.257035228072207,-4.257278774468699
female,26-27,39,-5.644497474844403,-5.642781052759042,-5.643024599155535
female,26-27,40,-4.528680935300837,-4.528896562934833,-4.529140109331325
female,26-27,41,-4.464680677674098,-4.464848178517556,-4.465091724914049
female,26-27,42,-5.070693231468119,-5.070482709986004,-5.070726256382497
female,26-27,43,-5.357932622154667,-5.357776753939215,-5.358020300335708
female,26-27,44,-5.123472585316633,-5.123622743166594,-5.123866289563087
female,26-27,45,-9.210340371976182,-5.123472590066586,-5.123716136463079
female,26-27,46,-9.210340371976182,-5.123472590049678,-5.123716136446171
female,26-27,47,-9.210340371976182,-5.123472590049678,-5.123716136446171
female,26-27,48,-9.210340371976182,-5.123472590049678,-5.123716136446171
female,26-27,49,-9.210340371976182,-5.123472590049678,-5.123716136446171
female,26-27,50,-9.210340371976182,-5.123472590049678,-5.123716136446171
female,26-27,51,-9.210340371976182,-5.123472590049678,-5.123716136446171
female,26-27,52,-9.210340371976182,-5.123472590049678,-5.123716136446171
female,28-29,-52,-9.210340371976182,-9.210340371976182,-9.210769230559029
female,28-29,-51,-9.210340371976182,-9.210340371976182,-9.210769230559029
female,28-29,-50,-9.210340371976182,-9.210340371976182,-9.210769230559029
female,28-29,-49,-9.210340371976182,-9.210340371976182,-9.210769230559029
female,28-29,-48,-9.210340371976182,-9.210340371976182,-9.210769230559029
female,28-29,-47,-9.210340371976182,-9.210340371976182,-9.210769230559029
female,28-29,-46,-9.210340371976182,-9.210340371976182,-9.210769230559029
female,28-29,-45,-9.210340371976182,-9.210340371976182,-9.210769230559029
female,28-29,-44,-9.210340371976182,-9.210340371976182,-9.210769230559029
female,28-29,-43,-9.210340371976182,-9.210340371976182,-9.210769230559029
female,28-29,-42,-9.210340371976182,-9.210340371976182,-9.210769230559029
female,28-29,-41,-9.210340371976182,-9.210340371976182,-9.210769230559029
female,28-29,-40,-9.210340371976182,-9.210340371976182,-9.210769230559029
female,28-29,-39,-9.210340371976182,-9.210340371976182,-9.210769230559029
female,28-29,-38,-9.210340371976182,-9.210340371976182,-9.210769230559029
female,28-29,-37,-9.210340371976182,-9.210340371976182,-9.210769230559029
female,28-29,-36,-9.210340371976182,-9.210340371976182,-9.210769230559029
female,28-29,-35,-9.210340371976182,-9.210340371976182,-9.210769230559029
female,28-29,-34,-9.210340371976182,-9.210340371976182,-9.210769230559029
female,28-29,-33,-9.210340371976182,-9.210340371976182,-9.210769230559029
female,28-29,-32,-9.210340371976182,-9.210340371976182,-9.210769230559029
female,28-29,-31,-9.210340371976182,-9.210340371976182,-9.210769230559029
female,28-29,-30,-9.210340371976182,-6.169380722281788,-6.1698095808646345
female,28-29,-29,-9.210340371976182,-6.169380722281788,-6.1698095808646345
female,28-29,-28,-9.210340371976182,-6.169380722281788,-6.1698095808646345
female,28-29,-27,-9.210340371976182,-6.169380722281788,-6.1698095808646345
female,28-29,-26,-9.210340371976182,-6.169380722281788,-6.1698095808646345
female,28-29,-25,-9.210340371976182,-6.169380722281788,-6.1698095808646345
female,28-29,-24,-9.210340371976182,-6.1693807222817885,-6.169809580864635
female,28-29,-23,-9.210340371976182,-6.169380722281788,-6.1698095808646345
female,28-29,-22,-9.210340371976182,-6.169380722281788,-6.1698095808646345
female,28-29,-21,-9.210340371976182,-6.169380722281788,-6.1698095808646345
female,28-29,-20,-9.210340371976182,-6.1693807222817885,-6.169809580864635
female,28-29,-19,-9.210340371976182,-6.169380722281791,-6.169809580864638
female,28-29,-18,-9.210340371976182,-6.16938072228197,-6.169809580864817
female,28-29,-17,-9.210340371976182,-6.169380722291698,-6.169809580874545
female,28-29,-16,-9.210340371976182,-6.1693807228228685,-6.1698095814057154
female,28-29,-15,-9.210340371976182,-6.169380751823803,-6.1698096104066495
female,28-29,-14,-9.210340371976182,-6.169382335219764,-6.169811193802611
female,28-29,-13,-9.210340371976182,-6.169468781664351,-6.169897640247198
female,28-29,-12,-9.210340371976182,-6.174176572874312,-6.174605431457159
female,28-29,-11,-6.16938385024555,-6.4001733614591005,-6.4006022200419475
female,28-29,-10,-9.210340371976182,-6.770178959228766,-6.770607817811613
female,28-29,-9,-4.710943598526298,-4.78387012741264,-4.784298985995487
female,28-29,-8,-4.436937634070412,-4.281865277017733,-4.28229413560058
female,28-29,-7,-3.4199096638433537,-3.3676826909483584,-3.3681115495312057
female,28-29,-6,-2.6870261943646074,-2.65436650812059,-2.6547953667034374
female,28-29,-5,-2.1023508791005723,-2.0314647453155765,-2.031893603898424
female,28-29,-4,-1.346521596809723,-1.3018227511902918,-1.302251609773139
female,28-29,-3,-0.6631477831932364,-0.5771548644491783,-0.5775837230320255
female,28-29,-2,0.2100808442666007,0.2832139489443888,0.2827850903615416
female,28-29,-1,1.0774531771273552,1.1166017814350908,1.1161729228522437
female,28-29,0,1.794182329624531,1.7288283200108243,1.7283994614279772
female,28-29,1,1.7415067304341856,1.7283951198034073,1.7279662612205602
female,28-29,2,1.5350616396024765,1.545846822199832,1.545417963616985
female,28-29,3,1.3672007733457892,1.3633093620324488,1.3628805034496017
female,28-29,4,1.074031338998151,1.092248130657125,1.0918192720742779
female,28-29,5,0.8355302264393071,0.8424288050415405,0.8419999464586932
female,28-29,6,0.5586195486783986,0.5765111762392418,0.5760823176563945
female,28-29,7,0.3593159809302556,0.36890188443110034,0.36847302584825314
female,28-29,8,0.1846140806638077,0.1918601624701923,0.19143130388734508
female,28-29,9,0.02393720001898484,0.026942353063758313,0.026513494480911105
female,28-29,10,-0.15448705570506863,-0.15401796596063896,-0.15444682454348618
female,28-29,11,-0.3780364436397499,-0.38069237679265433,-0.3811212353755015
female,28-29,12,-0.7203568372513824,-0.6890033381136919,-0.6894321966965391
female,28-29,13,-0.8708858386102953,-0.8811813792371348,-0.881610237819982
female,28-29,14,-1.1993156645186263,-1.167549045754588,-1.1679779043374352
female,28-29,15,-1.3076409930053952,-1.3037883188488866,-1.3042171774317337
female,28-29,16,-1.3976347614773765,-1.4137510482219842,-1.4141799068048313
female,28-29,17,-1.699337839290151,-1.6714788848218702,-1.6719077434047174
female,28-29,18,-1.8185661818370409,-1.8157272607495472,-1.8161561193323943
female,28-29,19,-1.9303214177955113,-1.9349001105268977,-1.9353289691097448
female,28-29,20,-2.1020964566653846,-2.114713214134502,-2.1151420727173496
female,28-29,21,-2.4484310236959352,-2.408339875366222,-2.4087687339490693
female,28-29,22,-2.4659486839415274,-2.4450415334635016,-2.445470392046349
female,28-29,23,-2.298415207486646,-2.350161948531586,-2.3505908071144335
female,28-29,24,-2.6740956251174484,-2.639252276999588,-2.6396811355824354
female,28-29,25,-2.80003864320118,-2.7824751152899743,-2.7829039738728216
female,28-29,26,-2.7696890483442456,-2.8039706786872562,-2.8043995372701036
female,28-29,27,-3.109629948817798,-3.0659233419505303,-3.0663522005333776
female,28-29,28,-3.0977402024194296,-3.134228987204612,-3.1346578457874594
female,28-29,29,-3.484941655326853,-3.424083034725225,-3.4245118933080723
female,28-29,30,-3.36917900657185,-3.4642860626624166,-3.464714921245264
female,28-29,31,-4.65178952947948,-4.329075959116595,-4.3295048176994415
female,28-29,32,-3.9398529404612175,-4.022335086591222,-4.022763945174069
female,28-29,33,-4.215017890217817,-4.160678026703021,-4.161106885285868
female,28-29,34,-4.032422337798191,-4.082705997969589,-4.083134856552436
female,28-29,35,-4.384915988636917,-4.36474364642104,-4.365172505003887
female,28-29,36,-4.678030738999818,-4.672520489120757,-4.672949347703604
female,28-29,37,-5.065356986994978,-5.071387840297277,-5.071816698880124
female,28-29,38,-5.949026430256838,-5.555922186941664,-5.556351045524511
female,28-29,39,-4.520546243822615,-4.701679747959437,-4.702108606542284
female,28-29,40,-6.100823372312138,-5.468509198391688,-5.468938056974535
female,28-29,41,-4.417428152560766,-4.575894400598625,-4.576323259181472
female,28-29,42,-8.524533908719626,-5.868484823665138,-5.868913682247985
female,28-29,43,-9.210340371976182,-8.25455397157222,-8.254982830155067
female,28-29,44,-9.210340371976182,-8.518841313946528,-8.519270172529374
female,28-29,45,-9.210340371976182,-8.524426231779778,-8.524855090362625
female,28-29,46,-9.210340371976182,-8.524528824331886,-8.524957682914733
female,28-29,47,-9.210340371976182,-8.52453070348146,-8.524959562064307
female,28-29,48,-9.210340371976182,-8.52453073789932,-8.524959596482168
female,28-29,49,-9.210340371976182,-8.524530738529705,-8.524959597112552
female,28-29,50,-9.210340371976182,-8.524530738541252,-8.524959597124099
female,28-29,51,-9.210340371976182,-8.524530738541463,-8.52495959712431
female,28-29,52,-9.210340371976182,-8.524530738541467,-8.524959597124314
female,30-31,-52,-9.210340371976182,-9.210340371976182,-9.210734378161256
female,30-31,-51,-9.210340371976182,-9.210340371976182,-9.210734378161256
female,30-31,-50,-9.210340371976182,-9.210340371976182,-9.210734378161256
female,30-31,-49,-9.210340371976182,-9.210340371976182,-9.210734378161256
female,30-31,-48,-9.210340371976182,-9.210340371976182,-9.210734378161256
female,30-31,-47,-9.210340371976182,-9.210340371976182,-9.210734378161256
female,30-31,-46,-9.210340371976182,-9.210340371976182,-9.210734378161256
female,30-31,-45,-9.210340371976182,-9.210340371976182,-9.210734378161256
female,30-31,-44,-9.210340371976182,-9.210340371976182,-9.210734378161256
female,30-31,-43,-9.210340371976182,-9.210340371976182,-9.210734378161256
female,30-31,-42,-9.210340371976182,-9.210340371976182,-9.210734378161256
female,30-31,-41,-9.210340371976182,-9.210340371976182,-9.210734378161256
female,30-31,-40,-9.210340371976182,-9.210340371976182,-9.210734378161256
female,30-31,-39,-9.210340371976182,-9.210340371976182,-9.210734378161256
female,30-31,-38,-9.210340371976182,-9.210340371976182,-9.210734378161256
female,30-31,-37,-9.210340371976182,-9.210340371976182,-9.210734378161256
female,30-31,-36,-9.210340371976182,-9.210340371976182,-9.210734378161256
female,30-31,-35,-9.210340371976182,-9.210340371976182,-9.210734378161256
female,30-31,-34,-9.210340371976182,-9.210340371976182,-9.210734378161256
female,30-31,-33,-9.210340371976182,-9.210340371976182,-9.210734378161256
female,30-31,-32,-9.210340371976182,-9.210340371976182,-9.210734378161256
female,30-31,-31,-9.210340371976182,-9.210340371976182,-9.210734378161256
female,30-31,-30,-9.210340371976182,-9.210340371976182,-9.210734378161256
female,30-31,-29,-9.210340371976182,-9.210340371976182,-9.210734378161256
female,30-31,-28,-9.210340371976182,-9.210340371976182,-9.210734378161256
female,30-31,-27,-9.210340371976182,-9.210340371976182,-9.210734378161256
female,30-31,-26,-9.210340371976182,-9.210340371976182,-9.210734378161256
female,30-31,-25,-9.210340371976182,-9.210340371976182,-9.210734378161256
female,30-31,-24,-9.210340371976182,-9.210340371976182,-9.210734378161256
female,30-31,-23,-9.210340371976182,-9.210340371976182,-9.210734378161256
female,30-31,-22,-9.210340371976182,-5.668546034211081,-5.668940040396155
female,30-31,-21,-9.210340371976182,-5.668546034211081,-5.668940040396155
female,30-31,-20,-9.210340371976182,-5.668546034211081,-5.668940040396155
female,30-31,-19,-9.210340371976182,-5.668546034211081,-5.668940040396155
female,30-31,-18,-9.210340371976182,-5.668546034211081,-5.668940040396155
female,30-31,-17,-9.210340371976182,-5.668546034211081,-5.668940040396155
female,30-31,-16,-9.210340371976182,-5.668546034211081,-5.668940040396155
female,30-31,-15,-9.210340371976182,-5.668546034211081,-5.668940040396155
female,30-31,-14,-9.210340371976182,-5.668546034191805,-5.668940040376879
female,30-31,-13,-5.668545988153154,-5.66837486744959,-5.668768873634664
female,30-31,-12,-5.43880182729144,-5.438613255852333,-5.439007262037407
female,30-31,-11,-4.935079835365523,-4.935106647161374,-4.935500653346447
female,30-31,-10,-4.6690923016780825,-4.6687547631586,-4.669148769343674
female,30-31,-9,-3.8774246320343617,-3.8774228094635665,-3.8778168156486403
female,30-31,-8,-3.4611851774281086,-3.460933979389247,-3.4613279855743206
female,30-31,-7,-2.740357195904668,-2.740252515346096,-2.7406465215311697
female,30-31,-6,-2.1405107043222946,-2.140336679399511,-2.1407306855845847
female,30-31,-5,-1.4503546118890744,-1.4502832745897034,-1.4506772807747772
female,30-31,-4,-0.8906672001556704,-0.8905852577543105,-0.8909792639393842
female,30-31,-3,-0.34503441402161894,-0.34481432467905054,-0.3452083308641242
female,30-31,-2,0.42883542871249336,0.4289976504078588,0.42860364422278513
female,30-31,-1,1.1649147777683446,1.1650277441234103,1.1646337379383365
female,30-31,0,1.820315816777401,1.8201371086784215,1.8197431024933477
female,30-31,1,1.7945471267053164,1.794505505723982,1.7941114995389082
female,30-31,2,1.6150442732101848,1.6150654371289361,1.6146714309438623
female,30-31,3,1.438538720959245,1.4385431932984032,1.4381491871133294
female,30-31,4,1.2051559230492923,1.2051846704268994,1.2047906642418256
female,30-31,5,0.9747156420649863,0.9747605491171436,0.9743665429320699
female,30-31,6,0.8041323642312294,0.8041245878378036,0.8037305816527299
female,30-31,7,0.5303548724348335,0.5304037246766468,0.5300097184915731
female,30-31,8,0.31214398449802255,0.3121364040900436,0.31174239790496994
female,30-31,9,-0.01464349463925822,-0.01450287931421588,-0.014896885499289565
female,30-31,10,0.01723445914334142,0.01713715769817364,0.016743151513099956
female,30-31,11,-0.3065530956030779,-0.30645712081508125,-0.30685112700015493
female,30-31,12,-0.4437228670756529,-0.4437306417491959,-0.4441246479342696
female,30-31,13,-0.6440451609600283,-0.6440436911775488,-0.6444376973626225
female,30-31,14,-0.9099416383065961,-0.9098834281892703,-0.9102774343743439
female,30-31,15,-1.0703713978906937,-1.0703318068551497,-1.0707258130402235
female,30-31,16,-1.1417468226108785,-1.1417333827478848,-1.1421273889329586
female,30-31,17,-1.1797277760948406,-1.1798250465892284,-1.1802190527743022
female,30-31,18,-1.5729444707958606,-1.5728635813717564,-1.5732575875568302
female,30-31,19,-1.8310849390212316,-1.8310332984854276,-1.8314273046705014
female,30-31,20,-1.9685509159394845,-1.9685909374209674,-1.9689849436060411
female,30-31,21,-2.2814559073644154,-2.2813174255019164,-2.28171143168699
female,30-31,22,-2.242593042778171,-2.242733819576831,-2.243127825761905
female,30-31,23,-2.7269851154570564,-2.7268550310282467,-2.7272490372133205
female,30-31,24,-3.0005997399013107,-3.000318411730785,-3.000712417915859
female,30-31,25,-2.5774661282549416,-2.5776288780936643,-2.578022884278738
female,30-31,26,-2.725791485652775,-2.725891792976725,-2.726285799161799
female,30-31,27,-3.32911714308779,-3.328721979152903,-3.329115985337977
female,30-31,28,-3.02188783432607,-3.0220794606772667,-3.0224734668623405
female,30-31,29,-3.3781064937581866,-3.378097213249307,-3.378491219434381
female,30-31,30,-3.8716228846487635,-3.871418290761044,-3.8718122969461177
female,30-31,31,-3.904620095085121,-3.9047461288678282,-3.905140135052902
female,30-31,32,-4.451775370639065,-4.451387022848388,-4.451781029033461
female,30-31,33,-4.098350977129168,-4.09844930130288,-4.098843307487954
female,30-31,34,-4.08480554894794,-4.084872818248451,-4.085266824433525
female,30-31,35,-4.30370100139252,-4.303088536085437,-4.303482542270511
female,30-31,36,-3.3306419092377313,-3.331128342946157,-3.3315223491312307
female,30-31,37,-5.133902044471257,-5.132066160315736,-5.13246016650081
female,30-31,38,-4.963701137977169,-4.963540424125435,-4.963934430310509
female,30-31,39,-4.457279046588223,-4.457479558891968,-4.457873565077041
female,30-31,40,-4.952531884739485,-4.952091426456732,-4.952485432641806
female,30-31,41,-9.210340371976182,-4.952531888202795,-4.952925894387869
female,30-31,42,-9.210340371976182,-4.952531888252408,-4.952925894437482
female,30-31,43,-9.210340371976182,-4.952531888252408,-4.952925894437482
female,30-31,44,-9.210340371976182,-4.952531888252408,-4.952925894437482
female,30-31,45,-9.210340371976182,-4.952531888252408,-4.952925894437482
female,30-31,46,-9.210340371976182,-4.952531888252408,-4.952925894437482
female,30-31,47,-9.210340371976182,-4.952531888252408,-4.952925894437482
female,30-31,48,-9.210340371976182,-4.952531888252408,-4.952925894437482
female,30-31,49,-9.210340371976182,-4.952531888252408,-4.952925894437482
female,30-31,50,-9.210340371976182,-9.210340371976182,-9.210734378161256
female,30-31,51,-9.210340371976182,-9.210340371976182,-9.210734378161256
female,30-31,52,-9.210340371976182,-9.210340371976182,-9.210734378161256
female,32-33,-52,-9.210340371976182,-9.210340371976182,-9.210717888708356
female,32-33,-51,-9.210340371976182,-9.210340371976182,-9.210717888708356
female,32-33,-50,-9.210340371976182,-9.210340371976182,-9.210717888708356
female,32-33,-49,-9.210340371976182,-9.210340371976182,-9.210717888708356
female,32-33,-48,-9.210340371976182,-9.210340371976182,-9.210717888708356
female,32-33,-47,-9.210340371976182,-9.210340371976182,-9.210717888708356
female,32-33,-46,-9.210340371976182,-9.210340371976182,-9.210717888708356
female,32-33,-45,-9.210340371976182,-9.210340371976182,-9.210717888708356
female,32-33,-44,-9.210340371976182,-9.210340371976182,-9.210717888708356
female,32-33,-43,-9.210340371976182,-9.210340371976182,-9.210717888708356
female,32-33,-42,-9.210340371976182,-9.210340371976182,-9.210717888708356
female,32-33,-41,-9.210340371976182,-9.210340371976182,-9.210717888708356
female,32-33,-40,-9.210340371976182,-9.210340371976182,-9.210717888708356
female,32-33,-39,-9.210340371976182,-9.210340371976182,-9.210717888708356
female,32-33,-38,-9.210340371976182,-9.210340371976182,-9.210717888708356
female,32-33,-37,-9.210340371976182,-9.210340371976182,-9.210717888708356
female,32-33,-36,-9.210340371976182,-9.210340371976182,-9.210717888708356
female,32-33,-35,-9.210340371976182,-9.210340371976182,-9.210717888708356
female,32-33,-34,-9.210340371976182,-9.210340371976182,-9.210717888708356
female,32-33,-33,-9.210340371976182,-9.210340371976182,-9.210717888708356
female,32-33,-32,-9.210340371976182,-9.210340371976182,-9.210717888708356
female,32-33,-31,-9.210340371976182,-9.210340371976182,-9.210717888708356
female,32-33,-30,-9.210340371976182,-9.210340371976182,-9.210717888708356
female,32-33,-29,-9.210340371976182,-9.210340371976182,-9.210717888708356
female,32-33,-28,-9.210340371976182,-9.210340371976182,-9.210717888708356
female,32-33,-27,-9.210340371976182,-9.210340371976182,-9.210717888708356
female,32-33,-26,-9.210340371976182,-9.210340371976182,-9.210717888708356
female,32-33,-25,-9.210340371976182,-9.210340371976182,-9.210717888708356
female,32-33,-24,-9.210340371976182,-7.388618490339025,-7.3889960070711975
female,32-33,-23,-9.210340371976182,-7.388618490339025,-7.3889960070711975
female,32-33,-22,-9.210340371976182,-7.388618490339025,-7.3889960070711975
female,32-33,-21,-9.210340371976182,-7.388618490339025,-7.3889960070711975
female,32-33,-20,-9.210340371976182,-7.388618490339025,-7.3889960070711975
female,32-33,-19,-9.210340371976182,-7.388618490339025,-7.3889960070711975
female,32-33,-18,-9.210340371976182,-7.388618490339025,-7.3889960070711975
female,32-33,-17,-9.210340371976182,-7.388618490339025,-7.3889960070711975
female,32-33,-16,-9.210340371976182,-7.388618490134373,-7.388996006866546
female,32-33,-15,-7.388618445497349,-7.386802800518544,-7.387180317250717
female,32-33,-14,-6.073586106814567,-6.0738114449920815,-6.074188961724254
female,32-33,-13,-6.428710095233595,-6.427769109381991,-6.428146626114164
female,32-33,-12,-5.217942460688805,-5.217630105409546,-5.218007622141719
female,32-33,-11,-4.2686157165524845,-4.268390008442296,-4.268767525174469
female,32-33,-10,-3.473079942976689,-3.473059218287847,-3.4734367350200204
female,32-33,-9,-3.018875374807446,-3.01890006562576,-3.019277582357933
female,32-33,-8,-2.767651137416096,-2.767378684648125,-2.7677562013802985
female,32-33,-7,-2.0464535103495396,-2.0464557435759048,-2.046833260308078
female,32-33,-6,-1.6164150635164187,-1.6163093654003071,-1.6166868821324802
female,32-33,-5,-1.0779943511682184,-1.0778937445914558,-1.078271261323629
female,32-33,-4,-0.499000130159576,-0.49895354829139693,-0.49933106502357005
female,32-33,-3,-0.014058745782928697,-0.013942536275514575,-0.014320053007687723
female,32-33,-2,0.5662675553388589,0.5664435315703722,0.5660660148381991
female,32-33,-1,1.2993637451364173,1.2994373856687005,1.2990598689365274
female,32-33,0,1.9128194251157409,1.9126431541866127,1.9122656374544396
female,32-33,1,1.8772950109868656,1.8772516038351794,1.8768740871030063
female,32-33,2,1.680507079080448,1.6805353111701666,1.6801577944379935
female,32-33,3,1.510578772176789,1.5105877758155244,1.5102102590833513
female,32-33,4,1.3031172055487306,1.3031541575715055,1.3027766408393324
female,32-33,5,1.1407682803878896,1.1407507906763699,1.1403732739441967
female,32-33,6,0.8537263830081332,0.8537798297560321,0.8534023130238589
female,32-33,7,0.6443061208202133,0.644316111622529,0.6439385948903559
female,32-33,8,0.4036169990476217,0.4036647356669835,0.4032872189348104
female,32-33,9,0.23768653539258686,0.23770684926452249,0.23732933253234934
female,32-33,10,0.0899969644973268,0.0899803033371278,0.08960278660495465
female,32-33,11,-0.1611605151883018,-0.16112467759360963,-0.16150219432578278
female,32-33,12,-0.3796791110780312,-0.3796454308106471,-0.38002294754282023
female,32-33,13,-0.5538240539285368,-0.5538195987152138,-0.5541971154473869
female,32-33,14,-0.7734193565375936,-0.7733731142447106,-0.7737506309768837
female,32-33,15,-0.9001186494968457,-0.9001328367365197,-0.9005103534686928
female,32-33,16,-1.0912403078942592,-1.0912404396837772,-1.0916179564159503
female,32-33,17,-1.316587748131313,-1.3165171760114915,-1.3168946927436647
female,32-33,18,-1.3503305519418218,-1.3504136138723968,-1.35079113060457
female,32-33,19,-1.687048483364646,-1.686978348952202,-1.687355865684375
female,32-33,20,-1.9036945730037806,-1.9037102054172619,-1.904087722149435
female,32-33,21,-2.24160670146456,-2.2414617583725702,-2.2418392751047436
female,32-33,22,-2.2131916893169,-2.2132585658065342,-2.2136360825387076
female,32-33,23,-2.4027236045131253,-2.4026144739343063,-2.4029919906664796
female,32-33,24,-2.293531546078031,-2.2937284994953857,-2.294106016227559
female,32-33,25,-2.9421706182873346,-2.9417188135296426,-2.942096330261816
female,32-33,26,-2.57432766795037,-2.574556703563763,-2.5749342202959364
female,32-33,27,-3.030242610633955,-3.030079438826023,-3.030456955558196
female,32-33,28,-3.10718930162418,-3.107224441480107,-3.1076019582122805
female,32-33,29,-3.323063662189922,-3.3229763213127996,-3.323353838044973
female,32-33,30,-3.3149651844522583,-3.3150490738753478,-3.315426590607521
female,32-33,31,-3.6011334694864843,-3.6011625861937087,-3.601540102925882
female,32-33,32,-4.192218705148263,-4.191677292307736,-4.192054809039909
female,32-33,33,-3.5956654930354706,-3.596023148480346,-3.5964006652125193
female,32-33,34,-4.568714964704609,-4.56807140166137,-4.568448918393543
female,32-33,35,-4.383489987725639,-4.383578102530785,-4.383955619262958
female,32-33,36,-4.477643642892636,-4.477697473806381,-4.478074990538554
female,32-33,37,-4.793015315268127,-4.792936085100659,-4.793313601832832
female,32-33,38,-5.139213392832993,-5.138931547699943,-5.1393090644321155
female,32-33,39,-9.210340371976182,-5.139213395173506,-5.139590911905679
female,32-33,40,-9.210340371976182,-5.139213395205251,-5.1395909119374235
female,32-33,41,-9.210340371976182,-5.139213395205251,-5.1395909119374235
female,32-33,42,-9.210340371976182,-5.139213395205251,-5.1395909119374235
female,32-33,43,-9.210340371976182,-5.139213395205251,-5.1395909119374235
female,32-33,44,-9.210340371976182,-5.139213395205251,-5.1395909119374235
female,32-33,45,-9.210340371976182,-5.139213395205251,-5.1395909119374235
female,32-33,46,-9.210340371976182,-5.139213395205251,-5.1395909119374235
female,32-33,47,-9.210340371976182,-5.139213395205251,-5.1395909119374235
female,32-33,48,-9.210340371976182,-9.210340371976182,-9.210717888708356
female,32-33,49,-9.210340371976182,-9.210340371976182,-9.210717888708356
female,32-33,50,-9.210340371976182,-9.210340371976182,-9.210717888708356
female,32-33,51,-9.210340371976182,-9.210340371976182,-9.210717888708356
female,32-33,52,-9.210340371976182,-9.210340371976182,-9.210717888708356
female,34-35,-52,-9.210340371976182,-9.210340371976182,-9.210699034429457
female,34-35,-51,-9.210340371976182,-9.210340371976182,-9.210699034429457
female,34-35,-50,-9.210340371976182,-9.210340371976182,-9.210699034429457
female,34-35,-49,-9.210340371976182,-9.210340371976182,-9.210699034429457
female,34-35,-48,-9.210340371976182,-9.210340371976182,-9.210699034429457
female,34-35,-47,-9.210340371976182,-9.210340371976182,-9.210699034429457
female,34-35,-46,-9.210340371976182,-9.210340371976182,-9.210699034429457
female,34-35,-45,-9.210340371976182,-9.210340371976182,-9.210699034429457
female,34-35,-44,-9.210340371976182,-9.210340371976182,-9.210699034429457
female,34-35,-43,-9.210340371976182,-9.210340371976182,-9.210699034429457
female,34-35,-42,-9.210340371976182,-9.210340371976182,-9.210699034429457
female,34-35,-41,-9.210340371976182,-9.210340371976182,-9.210699034429457
female,34-35,-40,-9.210340371976182,-9.210340371976182,-9.210699034429457
female,34-35,-39,-9.210340371976182,-9.210340371976182,-9.210699034429457
female,34-35,-38,-9.210340371976182,-9.210340371976182,-9.210699034429457
female,34-35,-37,-9.210340371976182,-9.210340371976182,-9.210699034429457
female,34-35,-36,-9.210340371976182,-9.210340371976182,-9.210699034429457
female,34-35,-35,-9.210340371976182,-9.210340371976182,-9.210699034429457
female,34-35,-34,-9.210340371976182,-9.210340371976182,-9.210699034429457
female,34-35,-33,-9.210340371976182,-9.210340371976182,-9.210699034429457
female,34-35,-32,-9.210340371976182,-9.210340371976182,-9.210699034429457
female,34-35,-31,-9.210340371976182,-9.210340371976182,-9.210699034429457
female,34-35,-30,-9.210340371976182,-9.210340371976182,-9.210699034429457
female,34-35,-29,-9.210340371976182,-9.210340371976182,-9.210699034429457
female,34-35,-28,-9.210340371976182,-9.210340371976182,-9.210699034429457
female,34-35,-27,-9.210340371976182,-9.210340371976182,-9.210699034429457
female,34-35,-26,-9.210340371976182,-6.531579705871022,-6.531938368324297
female,34-35,-25,-9.210340371976182,-6.531579705871022,-6.531938368324297
female,34-35,-24,-9.210340371976182,-6.531579705871022,-6.531938368324297
female,34-35,-23,-9.210340371976182,-6.531579705871022,-6.531938368324297
female,34-35,-22,-9.210340371976182,-6.531579705871022,-6.531938368324297
female,34-35,-21,-9.210340371976182,-6.531579705871022,-6.531938368324297
female,34-35,-20,-9.210340371976182,-6.531579705871022,-6.531938368324297
female,34-35,-19,-9.210340371976182,-6.531579705871022,-6.531938368324297
female,34-35,-18,-9.210340371976182,-6.5315797058785545,-6.531938368331829
female,34-35,-17,-6.531579662693397,-6.531646596849315,-6.53200525930259
female,34-35,-16,-6.637267233796873,-6.637426487997736,-6.637785150451011
female,34-35,-15,-7.3752864919050305,-7.373117499761471,-7.373476162214746
female,34-35,-14,-5.530011239264987,-5.529319139145016,-5.52967780159829
female,34-35,-13,-4.188117869666617,-4.188246508452895,-4.18860517090617
female,34-35,-12,-3.9085455652394003,-3.908511117260448,-3.908869779713722
female,34-35,-11,-3.6239970643896564,-3.6237157742413055,-3.62407443669458
female,34-35,-10,-2.888765089326489,-2.8889317341661163,-2.8892903966193906
female,34-35,-9,-2.863030634102205,-2.8626000633828688,-2.862958725836143
female,34-35,-8,-2.0041629529768867,-2.0042770342881155,-2.00463569674139
female,34-35,-7,-1.7640838088042745,-1.7639084981540423,-1.7642671606073166
female,34-35,-6,-1.179586742540038,-1.1795298011823347,-1.179888463635609
female,34-35,-5,-0.673440064042959,-0.6734452257178493,-0.6738038881711237
female,34-35,-4,-0.3250166257128875,-0.32485796937577693,-0.32521663182905136
female,34-35,-3,0.293470557083707,0.2935203837590267,0.2931617213057523
female,34-35,-2,0.8250411033375455,0.8251449370563129,0.8247862746030384
female,34-35,-1,1.4245293921284237,1.4245890290950227,1.4242303666417484
female,34-35,0,1.9597485683405729,1.9595790166297131,1.9592203541764388
female,34-35,1,1.8848155010198853,1.8848120182116705,1.8844533557583962
female,34-35,2,1.7767382272416927,1.7767261102941068,1.7763674478408324
female,34-35,3,1.5900154850010093,1.5900406114897228,1.5896819490364484
female,34-35,4,1.4288375271242009,1.4288219986601987,1.4284633362069243
female,34-35,5,1.1670368117552228,1.1670795620397314,1.166720899586457
female,34-35,6,0.9667896622120797,0.9668067402487647,0.9664480777954902
female,34-35,7,0.7503448057629649,0.7503751455701658,0.7500164831168914
female,34-35,8,0.5589294978206708,0.5589423323278655,0.5585836698745911
female,34-35,9,0.35316709391491186,0.35321060622569317,0.35285194377241874
female,34-35,10,0.23506410587449433,0.2350455350278169,0.2346868725745425
female,34-35,11,0.018200599181864795,0.01820353984674391,0.01784487739346951
female,34-35,12,-0.28248620915291045,-0.28241039921070704,-0.28276906166398147
female,34-35,13,-0.4347907622537756,-0.4347882144327621,-0.43514687688603654
female,34-35,14,-0.601318490761965,-0.6012921916531194,-0.6016508541063939
female,34-35,15,-0.703963842250687,-0.7039866929330769,-0.7043453553863513
female,34-35,16,-0.8905631592640444,-0.8905891023452401,-0.8909477647985146
female,34-35,17,-1.2246478389722621,-1.22455598967528,-1.2249146521285543
female,34-35,18,-1.360839961067668,-1.360841608988328,-1.3612002714416023
female,34-35,19,-1.523057725782875,-1.5231025802587954,-1.5234612427120697
female,34-35,20,-1.8981658213655004,-1.8980172085816611,-1.8983758710349354
female,34-35,21,-1.9133358014194757,-1.9133912391704073,-1.9137499016236816
female,34-35,22,-2.1131710005755058,-2.113164936506033,-2.1135235989593073
female,34-35,23,-2.3373179549321237,-2.3373452656467566,-2.337703928100031
female,34-35,24,-2.7337235012472396,-2.733495160188773,-2.7338538226420472
female,34-35,25,-2.5580938694777675,-2.5582502434531387,-2.558608905906413
female,34-35,26,-2.9313950152409953,-2.931201636401438,-2.9315602988547123
female,34-35,27,-2.8108183255075265,-2.8109100169996024,-2.8112686794528767
female,34-35,28,-2.983143924549082,-2.983163403356424,-2.9835220658096984
female,34-35,29,-3.281713278774691,-3.281665379891954,-3.2820240423452285
female,34-35,30,-3.5356769872694165,-3.535661012062177,-3.5360196745154515
female,34-35,31,-3.847082326941414,-3.8467915962292887,-3.847150258682563
female,34-35,32,-3.4376288273249886,-3.4376233504317337,-3.437982012885008
female,34-35,33,-3.111524308810434,-3.111728114492321,-3.112086776945595
female,34-35,34,-3.5137152151021174,-3.51380446666065,-3.5141631291139244
female,34-35,35,-5.142366465560981,-5.140784524198357,-5.1411431866516315
female,34-35,36,-4.427193750940653,-4.427538402561108,-4.427897065014383
female,34-35,37,-9.210340371976182,-4.427193752160403,-4.427552414613678
female,34-35,38,-9.210340371976182,-4.427193752121599,-4.4275524145748735
female,34-35,39,-9.210340371976182,-4.427193752121599,-4.4275524145748735
female,34-35,40,-9.210340371976182,-4.427193752121599,-4.4275524145748735
female,34-35,41,-9.210340371976182,-4.427193752121599,-4.4275524145748735
female,34-35,42,-9.210340371976182,-4.427193752121599,-4.4275524145748735
female,34-35,43,-9.210340371976182,-4.427193752121599,-4.4275524145748735
female,34-35,44,-9.210340371976182,-4.427193752121599,-4.4275524145748735
female,34-35,45,-9.210340371976182,-4.427193752121599,-4.4275524145748735
female,34-35,46,-9.210340371976182,-9.210340371976182,-9.210699034429457
female,34-35,47,-9.210340371976182,-9.210340371976182,-9.210699034429457
female,34-35,48,-9.210340371976182,-9.210340371976182,-9.210699034429457
female,34-35,49,-9.210340371976182,-9.210340371976182,-9.210699034429457
female,34-35,50,-9.210340371976182,-9.210340371976182,-9.210699034429457
female,34-35,51,-9.210340371976182,-9.210340371976182,-9.210699034429457
female,34-35,52,-9.210340371976182,-9.210340371976182,-9.210699034429457
female,36-37,-52,-9.210340371976182,-9.210340371976182,-9.210648806984713
female,36-37,-51,-9.210340371976182,-9.210340371976182,-9.210648806984713
female,36-37,-50,-9.210340371976182,-9.210340371976182,-9.210648806984713
female,36-37,-49,-9.210340371976182,-9.210340371976182,-9.210648806984713
female,36-37,-48,-9.210340371976182,-9.210340371976182,-9.210648806984713
female,36-37,-47,-9.210340371976182,-9.210340371976182,-9.210648806984713
female,36-37,-46,-9.210340371976182,-9.210340371976182,-9.210648806984713
female,36-37,-45,-9.210340371976182,-9.210340371976182,-9.210648806984713
female,36-37,-44,-9.210340371976182,-9.210340371976182,-9.210648806984713
female,36-37,-43,-9.210340371976182,-9.210340371976182,-9.210648806984713
female,36-37,-42,-9.210340371976182,-9.210340371976182,-9.210648806984713
female,36-37,-41,-9.210340371976182,-9.210340371976182,-9.210648806984713
female,36-37,-40,-9.210340371976182,-9.210340371976182,-9.210648806984713
female,36-37,-39,-9.210340371976182,-9.210340371976182,-9.210648806984713
female,36-37,-38,-9.210340371976182,-9.210340371976182,-9.210648806984713
female,36-37,-37,-9.210340371976182,-9.210340371976182,-9.210648806984713
female,36-37,-36,-9.210340371976182,-9.210340371976182,-9.210648806984713
female,36-37,-35,-9.210340371976182,-9.210340371976182,-9.210648806984713
female,36-37,-34,-9.210340371976182,-9.210340371976182,-9.210648806984713
female,36-37,-33,-9.210340371976182,-9.210340371976182,-9.210648806984713
female,36-37,-32,-9.210340371976182,-9.210340371976182,-9.210648806984713
female,36-37,-31,-9.210340371976182,-9.210340371976182,-9.210648806984713
female,36-37,-30,-9.210340371976182,-9.210340371976182,-9.210648806984713
female,36-37,-29,-9.210340371976182,-9.210340371976182,-9.210648806984713
female,36-37,-28,-9.210340371976182,-4.844859907261138,-4.84516834226967
female,36-37,-27,-9.210340371976182,-4.844859907261138,-4.84516834226967
female,36-37,-26,-9.210340371976182,-4.844859907261138,-4.84516834226967
female,36-37,-25,-9.210340371976182,-4.844859907261138,-4.84516834226967
female,36-37,-24,-9.210340371976182,-4.844859907261138,-4.84516834226967
female,36-37,-23,-9.210340371976182,-4.844859907261138,-4.84516834226967
female,36-37,-22,-9.210340371976182,-4.844859907261138,-4.84516834226967
female,36-37,-21,-9.210340371976182,-4.844859907261138,-4.84516834226967
female,36-37,-20,-9.210340371976182,-4.844859907313766,-4.845168342322298
female,36-37,-19,-4.844859865522118,-4.845327359947184,-4.845635794955716
female,36-37,-18,-6.0058432165312565,-6.005668260899396,-6.005976695907928
female,36-37,-17,-6.805683209732522,-6.805180261107726,-6.8054886961162575
female,36-37,-16,-6.551671380533225,-6.550637858477936,-6.550946293486468
female,36-37,-15,-5.108542235233615,-5.108578441366157,-5.108886876374688
female,36-37,-14,-4.6301145889621,-4.630007651463496,-4.630316086472027
female,36-37,-13,-4.116589541948824,-4.116516823157033,-4.116825258165565
female,36-37,-12,-3.637956579424021,-3.6379172876630546,-3.638225722671586
female,36-37,-11,-3.2264959487580898,-3.2263585657046177,-3.226667000713149
female,36-37,-10,-2.648324462953149,-2.648243818297766,-2.6485522533062973
female,36-37,-9,-2.098798514187033,-2.0987431388002045,-2.099051573808736
female,36-37,-8,-1.5993940633976655,-1.599375244870477,-1.5996836798790084
female,36-37,-7,-1.2020167698689836,-1.2019678840334012,-1.2022763190419326
female,36-37,-6,-0.78888492142706,-0.7888129153945306,-0.7891213504030621
female,36-37,-5,-0.3033225631172283,-0.3033023745492655,-0.303610809557797
female,36-37,-4,0.11300140003883499,0.11302994057124142,0.11272150556270995
female,36-37,-3,0.5130728019830354,0.5131338173457538,0.5128253823372223
female,36-37,-2,0.9657094063394762,0.9657965215589251,0.9654880865503936
female,36-37,-1,1.4906971636095032,1.4907547087647206,1.4904462737561892
female,36-37,0,2.000614833229029,2.000464562942902,2.0001561279343707
female,36-37,1,1.9879341425618593,1.9878810314387432,1.9875725964302118
female,36-37,2,1.7900144174044759,1.7900363629164333,1.789727927907902
female,36-37,3,1.6107089459790882,1.6107213632784567,1.6104129282699253
female,36-37,4,1.427236567549428,1.4272557615981536,1.4269473265896222
female,36-37,5,1.2473090900306378,1.2473280949777525,1.2470196599692212
female,36-37,6,1.0729432471605584,1.0729318283149036,1.0726233933063722
female,36-37,7,0.799281547988842,0.7993456160537067,0.7990371810451752
female,36-37,8,0.6474621518417502,0.647466891810238,0.6471584568017065
female,36-37,9,0.4690638578215132,0.4691075369357907,0.4687991019272592
female,36-37,10,0.3860034750274595,0.38595964653281445,0.38565121152428294
female,36-37,11,0.1383120635591918,0.1383202320676509,0.13801179705911942
female,36-37,12,-0.15051238146384968,-0.1504728132452885,-0.15078124825381997
female,36-37,13,-0.38180445465384166,-0.3817299380441641,-0.3820383730526956
female,36-37,14,-0.411277632916779,-0.4113352609568553,-0.4116436959653868
female,36-37,15,-0.6403886902048556,-0.6403299864300502,-0.6406384214385817
female,36-37,16,-0.7299694109217135,-0.7300301613724822,-0.7303385963810137
female,36-37,17,-1.0516292400561265,-1.0515531196071286,-1.05186155461566
female,36-37,18,-1.2201921276435177,-1.2202204546047075,-1.220528889613239
female,36-37,19,-1.5370621305283971,-1.5369579795610053,-1.5372664145695367
female,36-37,20,-1.6046637410590214,-1.6046704633286641,-1.6049788983371955
female,36-37,21,-1.6978178276921652,-1.697858568681312,-1.6981670036898433
female,36-37,22,-1.9417402750848936,-1.9417388406121645,-1.942047275620696
female,36-37,23,-2.246198173737372,-2.246079990384587,-2.2463884253931186
female,36-37,24,-2.239343389262457,-2.239424984591447,-2.2397334195999785
female,36-37,25,-2.5246019670767472,-2.524564041522457,-2.5248724765309882
female,36-37,26,-2.797912263854727,-2.7978184079808512,-2.7981268429893826
female,36-37,27,-2.8423476531382112,-2.8423176800393684,-2.8426261150478997
female,36-37,28,-2.798784374429563,-2.7988833108153424,-2.7991917458238738
female,36-37,29,-3.1054218489665657,-3.105230617590791,-3.1055390525993225
female,36-37,30,-2.921526537651549,-2.921702400949869,-2.9220108359584005
female,36-37,31,-3.3744678024974486,-3.3743826977184623,-3.3746911327269937
female,36-37,32,-3.822297372247723,-3.8217228293270606,-3.822031264335592
female,36-37,33,-3.055182911745683,-3.055404437114816,-3.0557128721233475
female,36-37,34,-3.3033361104325736,-3.303148885713395,-3.303457320721926
female,36-37,35,-9.210340371976182,-3.303336110535114,-3.303644545543645
female,36-37,36,-9.210340371976182,-3.303336110556199,-3.3036445455647305
female,36-37,37,-9.210340371976182,-3.3033361105561987,-3.30364454556473
female,36-37,38,-9.210340371976182,-3.303336110556199,-3.3036445455647305
female,36-37,39,-9.210340371976182,-3.3033361105561987,-3.30364454556473
female,36-37,40,-9.210340371976182,-3.3033361105561987,-3.30364454556473
female,36-37,41,-9.210340371976182,-3.3033361105561987,-3.30364454556473
female,36-37,42,-9.210340371976182,-3.3033361105561987,-3.30364454556473
female,36-37,43,-9.210340371976182,-3.303336110556199,-3.3036445455647305
female,36-37,44,-9.210340371976182,-9.210340371976182,-9.210648806984713
female,36-37,45,-9.210340371976182,-9.210340371976182,-9.210648806984713
female,36-37,46,-9.210340371976182,-9.210340371976182,-9.210648806984713
female,36-37,47,-9.210340371976182,-9.210340371976182,-9.210648806984713
female,36-37,48,-9.210340371976182,-9.210340371976182,-9.210648806984713
female,36-37,49,-9.210340371976182,-9.210340371976182,-9.210648806984713
female,36-37,50,-9.210340371976182,-9.210340371976182,-9.210648806984713
female,36-37,51,-9.210340371976182,-9.210340371976182,-9.210648806984713
female,36-37,52,-9.210340371976182,-9.210340371976182,-9.210648806984713
female,38-39,-52,-9.210340371976182,-9.210340371976182,-9.210593215704236
female,38-39,-51,-9.210340371976182,-9.210340371976182,-9.210593215704236
female,38-39,-50,-9.210340371976182,-9.210340371976182,-9.210593215704236
female,38-39,-49,-9.210340371976182,-9.210340371976182,-9.210593215704236
female,38-39,-48,-9.210340371976182,-9.210340371976182,-9.210593215704236
female,38-39,-47,-9.210340371976182,-9.210340371976182,-9.210593215704236
female,38-39,-46,-9.210340371976182,-9.210340371976182,-9.210593215704236
female,38-39,-45,-9.210340371976182,-9.210340371976182,-9.210593215704236
female,38-39,-44,-9.210340371976182,-9.210340371976182,-9.210593215704236
female,38-39,-43,-9.210340371976182,-9.210340371976182,-9.210593215704236
female,38-39,-42,-9.210340371976182,-9.210340371976182,-9.210593215704236
female,38-39,-41,-9.210340371976182,-9.210340371976182,-9.210593215704236
female,38-39,-40,-9.210340371976182,-9.210340371976182,-9.210593215704236
female,38-39,-39,-9.210340371976182,-9.210340371976182,-9.210593215704236
female,38-39,-38,-9.210340371976182,-9.210340371976182,-9.210593215704236
female,38-39,-37,-9.210340371976182,-9.210340371976182,-9.210593215704236
female,38-39,-36,-9.210340371976182,-9.210340371976182,-9.210593215704236
female,38-39,-35,-9.210340371976182,-9.210340371976182,-9.210593215704236
female,38-39,-34,-9.210340371976182,-9.210340371976182,-9.210593215704236
female,38-39,-33,-9.210340371976182,-9.210340371976182,-9.210593215704236
female,38-39,-32,-9.210340371976182,-9.210340371976182,-9.210593215704236
female,38-39,-31,-9.210340371976182,-9.210340371976182,-9.210593215704236
female,38-39,-30,-9.210340371976182,-9.210340371976182,-9.210593215704236
female,38-39,-29,-9.210340371976182,-9.210340371976182,-9.210593215704236
female,38-39,-28,-9.210340371976182,-9.210340371976182,-9.210593215704236
female,38-39,-27,-9.210340371976182,-9.210340371976182,-9.210593215704236
female,38-39,-26,-9.210340371976182,-9.210340371976182,-9.210593215704236
female,38-39,-25,-9.210340371976182,-9.210340371976182,-9.210593215704236
female,38-39,-24,-9.210340371976182,-9.210340371976182,-9.210593215704236
female,38-39,-23,-9.210340371976182,-9.210340371976182,-9.210593215704236
female,38-39,-22,-9.210340371976182,-9.210340371976182,-9.210593215704236
female,38-39,-21,-9.210340371976182,-9.210340371976182,-9.210593215704236
female,38-39,-20,-6.177891619966947,-6.177859360333468,-6.178112204061522
female,38-39,-19,-5.724074561022881,-5.723524173480538,-5.723777017208592
female,38-39,-18,-4.633257518967664,-4.63363195332961,-4.633884797057664
female,38-39,-17,-5.242916555449073,-5.242448621530578,-5.242701465258632
female,38-39,-16,-4.806859897246891,-4.8065636984548865,-4.806816542182941
female,38-39,-15,-4.0183772075652175,-4.018405476592402,-4.018658320320457
female,38-39,-14,-3.646800257216946,-3.646818656232125,-3.647071499960179
female,38-39,-13,-3.4176551439036174,-3.4175732551044224,-3.4178260988324762
female,38-39,-12,-3.035095980639626,-3.0349279842847645,-3.0351808280128183
female,38-39,-11,-2.409563697598175,-2.409588992357377,-2.409841836085431
female,38-39,-10,-2.04905352383403,-2.049054157702927,-2.049307001430981
female,38-39,-9,-1.7683932006014715,-1.7681885268491813,-1.7684413705772353
female,38-39,-8,-1.122955444618111,-1.122999336076059,-1.123252179804113
female,38-39,-7,-0.7861166038341495,-0.7860396705823252,-0.7862925143103792
female,38-39,-6,-0.3306419793720853,-0.3306521431545015,-0.3309049868825555
female,38-39,-5,-0.0012028138123516502,-0.001194131342967934,-0.0014469750710219388
female,38-39,-4,0.29555958351843253,0.295633811848026,0.295380968119972
female,38-39,-3,0.7156364229554056,0.7156718552212127,0.7154190114931587
female,38-39,-2,1.1284736299531475,1.1285136521847114,1.1282608084566574
female,38-39,-1,1.5424694502995362,1.5425562367442998,1.5423033930162457
female,38-39,0,2.037236344022965,2.0370745227002334,2.0368216789721796
female,38-39,1,1.9532903589731894,1.9532793687156766,1.9530265249876226
female,38-39,2,1.8128400080139198,1.8128601688941002,1.8126073251660462
female,38-39,3,1.6965741327247064,1.6965590298191906,1.6963061860911366
female,38-39,4,1.4885294108748441,1.4885546733337198,1.4883018296056658
female,38-39,5,1.2972174480264438,1.2972343388741687,1.2969814951461147
female,38-39,6,1.0996049109605115,1.0996161016741954,1.0993632579461414
female,38-39,7,0.867087265216362,0.8671545003015528,0.8669016565734988
female,38-39,8,0.7787179651334315,0.7786894262064253,0.7784365824783713
female,38-39,9,0.5738766489736266,0.5738911145041067,0.5736382707760527
female,38-39,10,0.36981936448287805,0.3698253502469956,0.3695725065189416
female,38-39,11,0.14132779222813496,0.1413557493827043,0.14110290565465028
female,38-39,12,-0.041824934411478505,-0.041808121864553745,-0.042060965592607746
female,38-39,13,-0.21065219880913177,-0.21067878237517976,-0.21093162610323377
female,38-39,14,-0.5227926073524432,-0.5227094610007783,-0.5229623047288323
female,38-39,15,-0.6499921150825934,-0.6499908829648047,-0.6502437266928587
female,38-39,16,-0.7988530925075165,-0.7988408683261615,-0.7990937120542155
female,38-39,17,-0.9392381489322413,-0.9392794985239808,-0.9395323422520349
female,38-39,18,-1.2689064950774394,-1.2687829093552152,-1.2690357530832692
female,38-39,19,-1.2965846288950953,-1.2966224070135344,-1.2968752507415884
female,38-39,20,-1.4523945779396277,-1.4524704712985255,-1.4527233150265795
female,38-39,21,-1.942592895943391,-1.942355156874147,-1.942608000602201
female,38-39,22,-1.8563973483660399,-1.8564698180906904,-1.8567226618187445
female,38-39,23,-2.012870544334359,-2.012878451972757,-2.013131295700811
female,38-39,24,-2.2502843949254627,-2.2501587304906843,-2.250411574218738
female,38-39,25,-2.1567239736907773,-2.1569196586153456,-2.1571725023433994
female,38-39,26,-2.886863793794501,-2.8864710771528315,-2.8867239208808853
female,38-39,27,-2.8407962171576884,-2.840838185052837,-2.8410910287808906
female,38-39,28,-2.931418392225353,-2.9313926167885778,-2.9316454605166316
female,38-39,29,-2.96063722447162,-2.9606997245134723,-2.960952568241526
female,38-39,30,-3.2252340926751146,-3.225045647401986,-3.2252984911300397
female,38-39,31,-3.0044474303169877,-3.0046241677871417,-3.0048770115151955
female,38-39,32,-4.036704423630588,-4.035515645449281,-4.035768489177335
female,38-39,33,-9.210340371976182,-4.036702813411773,-4.036955657139827
female,38-39,34,-9.210340371976182,-4.036702813545538,-4.036955657273592
female,38-39,35,-9.210340371976182,-4.036702813545538,-4.036955657273592
female,38-39,36,-9.210340371976182,-4.036702813545538,-4.036955657273592
female,38-39,37,-9.210340371976182,-4.0367028135455385,-4.036955657273593
female,38-39,38,-9.210340371976182,-4.036702813545538,-4.036955657273592
female,38-39,39,-9.210340371976182,-4.0367028135455385,-4.036955657273593
female,38-39,40,-9.210340371976182,-4.0367028135455385,-4.036955657273593
female,38-39,41,-9.210340371976182,-4.036702813545538,-4.036955657273592
female,38-39,42,-9.210340371976182,-9.210340371976182,-9.210593215704236
female,38-39,43,-9.210340371976182,-9.210340371976182,-9.210593215704236
female,38-39,44,-9.210340371976182,-9.210340371976182,-9.210593215704236
female,38-39,45,-9.210340371976182,-9.210340371976182,-9.210593215704236
female,38-39,46,-9.210340371976182,-9.210340371976182,-9.210593215704236
female,38-39,47,-9.210340371976182,-9.210340371976182,-9.210593215704236
female,38-39,48,-9.210340371976182,-9.210340371976182,-9.210593215704236
female,38-39,49,-9.210340371976182,-9.210340371976182,-9.210593215704236
female,38-39,50,-9.210340371976182,-9.210340371976182,-9.210593215704236
female,38-39,51,-9.210340371976182,-9.210340371976182,-9.210593215704236
female,38-39,52,-9.210340371976182,-9.210340371976182,-9.210593215704236
female,40-42,-52,-9.210340371976182,-9.210340371976182,-9.210016341688124
female,40-42,-51,-9.210340371976182,-9.210340371976182,-9.210016341688124
female,40-42,-50,-9.210340371976182,-9.210340371976182,-9.210016341688124
female,40-42,-49,-9.210340371976182,-9.210340371976182,-9.210016341688124
female,40-42,-48,-9.210340371976182,-9.210340371976182,-9.210016341688124
female,40-42,-47,-9.210340371976182,-9.210340371976182,-9.210016341688124
female,40-42,-46,-9.210340371976182,-9.210340371976182,-9.210016341688124
female,40-42,-45,-9.210340371976182,-9.210340371976182,-9.210016341688124
female,40-42,-44,-9.210340371976182,-9.210340371976182,-9.210016341688124
female,40-42,-43,-9.210340371976182,-5.946185812904287,-5.945861782616229
female,40-42,-42,-9.210340371976182,-5.946185812906029,-5.945861782617972
female,40-42,-41,-9.210340371976182,-5.946185812906029,-5.945861782617972
female,40-42,-40,-9.210340371976182,-5.946185812906029,-5.945861782617972
female,40-42,-39,-9.210340371976182,-5.946185812906029,-5.945861782617972
female,40-42,-38,-9.210340371976182,-5.946185812906029,-5.945861782617972
female,40-42,-37,-9.210340371976182,-5.946185812906029,-5.945861782617972
female,40-42,-36,-9.210340371976182,-5.946185812906029,-5.945861782617972
female,40-42,-35,-9.210340371976182,-5.946185812906029,-5.945861782617972
female,40-42,-34,-9.210340371976182,-5.946185812906029,-5.945861782617972
female,40-42,-33,-9.210340371976182,-5.946185812906029,-5.945861782617972
female,40-42,-32,-9.210340371976182,-5.946185812906033,-5.945861782617976
female,40-42,-31,-9.210340371976182,-5.946185812906214,-5.945861782618157
female,40-42,-30,-9.210340371976182,-5.946185812916128,-5.945861782628071
female,40-42,-29,-9.210340371976182,-5.946185813457378,-5.94586178316932
female,40-42,-28,-9.210340371976182,-5.946185843008606,-5.9458618127205485
female,40-42,-27,-9.210340371976182,-5.946187456449685,-5.945863426161628
female,40-42,-26,-9.210340371976182,-5.9462755433564745,-5.945951513068417
female,40-42,-25,-9.210340371976182,-5.9510730641562235,-5.950749033868166
female,40-42,-24,-5.946187981197322,-6.182646123819622,-6.182322093531565
female,40-42,-23,-9.210340371976182,-7.234042010992956,-7.233717980704899
female,40-42,-22,-5.639888412475842,-5.782569789072079,-5.782245758784022
female,40-42,-21,-6.446954678236088,-6.075744336865364,-6.075420306577307
female,40-42,-20,-5.074140828775173,-5.143150752740724,-5.142826722452667
female,40-42,-19,-4.971977679070795,-4.918648161695095,-4.918324131407037
female,40-42,-18,-4.503218684090572,-4.4707418149638025,-4.470417784675745
female,40-42,-17,-3.9896396279422075,-3.9913581548588697,-3.9910341245708123
female,40-42,-16,-3.661729305048972,-3.629350402928272,-3.6290263726402148
female,40-42,-15,-3.186490813918703,-3.199221399609825,-3.1988973693217675
female,40-42,-14,-2.937814735204403,-2.9230443908707517,-2.9227203605826944
female,40-42,-13,-2.609202927520281,-2.581971314728236,-2.5816472844401788
female,40-42,-12,-2.154148416375079,-2.160227062381454,-2.1599030320933967
female,40-42,-11,-1.860617695423902,-1.8171602134295393,-1.8168361831414817
female,40-42,-10,-1.3167423873526232,-1.343779237227386,-1.3434552069393284
female,40-42,-9,-1.1257691213629537,-1.1065508681068095,-1.1062268378187519
female,40-42,-8,-0.789598173291863,-0.7693031395176536,-0.768979109229596
female,40-42,-7,-0.3610862248694439,-0.38507867422093495,-0.38475464393287734
female,40-42,-6,-0.21137491850492765,-0.17223524282312944,-0.17191121253507183
female,40-42,-5,0.23314709144447285,0.22890650420129124,0.22923053448934885
female,40-42,-4,0.5479497740985072,0.5577556245658689,0.5580796548539265
female,40-42,-3,0.8873838793298034,0.892943733034025,0.8932677633220826
female,40-42,-2,1.1957299938466661,1.2188082554199242,1.2191322857079818
female,40-42,-1,1.6067018069030905,1.6225017258494574,1.622825756137515
female,40-42,0,2.0246183926128425,1.9800835097395033,1.980407540027561
female,40-42,1,1.9663876438408898,1.961883477500752,1.9622075077888097
female,40-42,2,1.8517105885432221,1.8479032951240404,1.848227325412098
female,40-42,3,1.6695942238081054,1.6780217894882388,1.6783458197762964
female,40-42,4,1.5257352472433512,1.5321367289549621,1.5324607592430197
female,40-42,5,1.412869577993715,1.406736848680859,1.4070608789689165
female,40-42,6,1.2062824642371326,1.2159475681756327,1.2162715984636903
female,40-42,7,1.0508692813562577,1.0463757054279854,1.046699735716043
female,40-42,8,0.823611900253124,0.8271429347566757,0.8274669650447333
female,40-42,9,0.5835488781912881,0.5988651152779337,0.5991891455659913
female,40-42,10,0.45113995370233423,0.44378361127716,0.4441076415652176
female,40-42,11,0.2145901481245656,0.22331300149583896,0.22363703178389657
female,40-42,12,0.007003774874751579,0.012446014450489632,0.01277004473854723
female,40-42,13,-0.19145682425359514,-0.17718196927607996,-0.17685793898802235
female,40-42,14,-0.28201248594411565,-0.30017972231258294,-0.29985569202452533
female,40-42,15,-0.5903195658535709,-0.564215152507891,-0.5638911222198334
female,40-42,16,-0.7103869770572437,-0.7194411634097421,-0.7191171331216845
female,40-42,17,-0.9472101648443407,-0.9267902144561524,-0.9264661841680948
female,40-42,18,-1.019332939653275,-1.037610059411292,-1.0372860291232344
female,40-42,19,-1.2990857398902331,-1.2668075986976515,-1.2664835684095939
female,40-42,20,-1.315956958136305,-1.344768699521719,-1.3444446692336613
female,40-42,21,-1.6656870831630992,-1.6319788742044135,-1.6316548439163558
female,40-42,22,-1.7914490737030262,-1.7680808989873933,-1.7677568686993357
female,40-42,23,-1.7087090111718664,-1.7522131114107378,-1.7518890811226802
female,40-42,24,-2.11056996471176,-2.0998873933891993,-2.099563363101142
female,40-42,25,-2.691472756524934,-2.519668247663799,-2.5193442173757417
female,40-42,26,-2.0108895165041942,-2.124113968451741,-2.1237899381636836
female,40-42,27,-2.7220412611351263,-2.61724836522841,-2.616924334940353
female,40-42,28,-2.770184974137199,-2.792084859697557,-2.7917608294094998
female,40-42,29,-3.2445173814051778,-3.1234437742894965,-3.123119744001439
female,40-42,30,-2.7905871029350093,-2.8694605473339267,-2.8691365170458694
female,40-42,31,-9.210340371976182,-2.7923338794095613,-2.792009849121504
female,40-42,32,-9.210340371976182,-2.790617053537773,-2.7902930232497156
female,40-42,33,-9.210340371976182,-2.790585484978005,-2.7902614546899476
female,40-42,34,-9.210340371976182,-2.7905849067379718,-2.7902608764499144
female,40-42,35,-9.210340371976182,-2.7905848961471222,-2.790260865859065
female,40-42,36,-9.210340371976182,-2.790584895953144,-2.7902608656650867
female,40-42,37,-9.210340371976182,-2.7905848959495914,-2.790260865661534
female,40-42,38,-9.210340371976182,-2.7905848959495265,-2.790260865661469
female,40-42,39,-9.210340371976182,-2.790584895949525,-2.790260865661468
female,40-42,40,-9.210340371976182,-2.7905848959495247,-2.7902608656614674
female,40-42,41,-9.210340371976182,-2.790584895949525,-2.790260865661468
female,40-42,42,-9.210340371976182,-2.7905848959495247,-2.7902608656614674
female,40-42,43,-9.210340371976182,-2.7905848959495247,-2.7902608656614674
female,40-42,44,-9.210340371976182,-2.7905848959495247,-2.7902608656614674
female,40-42,45,-9.210340371976182,-2.7905848959495247,-2.7902608656614674
female,40-42,46,-9.210340371976182,-2.790584895949525,-2.790260865661468
female,40-42,47,-9.210340371976182,-2.790584895949525,-2.790260865661468
female,40-42,48,-9.210340371976182,-2.790584895949525,-2.790260865661468
female,40-42,49,-9.210340371976182,-2.790584895949316,-2.7902608656612586
female,40-42,50,-9.210340371976182,-9.210340371976182,-9.210016341688124
female,40-42,51,-9.210340371976182,-9.210340371976182,-9.210016341688124
female,40-42,52,-9.210340371976182,-9.210340371976182,-9.210016341688124
female,43-45,-52,-9.210340371976182,-9.210340371976182,-9.210425752305559
female,43-45,-51,-9.210340371976182,-9.210340371976182,-9.210425752305559
female,43-45,-50,-9.210340371976182,-9.210340371976182,-9.210425752305559
female,43-45,-49,-9.210340371976182,-9.210340371976182,-9.210425752305559
female,43-45,-48,-9.210340371976182,-9.210340371976182,-9.210425752305559
female,43-45,-47,-9.210340371976182,-9.210340371976182,-9.210425752305559
female,43-45,-46,-9.210340371976182,-9.210340371976182,-9.210425752305559
female,43-45,-45,-9.210340371976182,-9.210340371976182,-9.210425752305559
female,43-45,-44,-9.210340371976182,-9.210340371976182,-9.210425752305559
female,43-45,-43,-9.210340371976182,-9.210340371976182,-9.210425752305559
female,43-45,-42,-9.210340371976182,-9.210340371976182,-9.210425752305559
female,43-45,-41,-9.210340371976182,-9.210340371976182,-9.210425752305559
female,43-45,-40,-9.210340371976182,-9.210340371976182,-9.210425752305559
female,43-45,-39,-9.210340371976182,-9.210340371976182,-9.210425752305559
female,43-45,-38,-9.210340371976182,-9.210340371976182,-9.210425752305559
female,43-45,-37,-9.210340371976182,-9.210340371976182,-9.210425752305559
female,43-45,-36,-9.210340371976182,-5.49041006704319,-5.4904954473725684
female,43-45,-35,-9.210340371976182,-5.49041006704319,-5.4904954473725684
female,43-45,-34,-9.210340371976182,-5.49041006704319,-5.4904954473725684
female,43-45,-33,-9.210340371976182,-5.49041006704319,-5.4904954473725684
female,43-45,-32,-9.210340371976182,-5.49041006704319,-5.4904954473725684
female,43-45,-31,-9.210340371976182,-5.49041006704319,-5.4904954473725684
female,43-45,-30,-9.210340371976182,-5.49041006704319,-5.4904954473725684
female,43-45,-29,-9.210340371976182,-5.49041006704319,-5.4904954473725684
female,43-45,-28,-9.210340371976182,-5.490410067021723,-5.490495447351101
female,43-45,-27,-5.490410032093778,-5.4902194534706785,-5.490304833800057
female,43-45,-26,-5.240649705745321,-5.240713266396525,-5.240798646725903
female,43-45,-25,-5.293302307823513,-5.293443821803067,-5.293529202132445
female,43-45,-24,-5.902921987545311,-5.902596908729724,-5.902682289059102
female,43-45,-23,-5.780517032131129,-5.780192458157807,-5.780277838487185
female,43-45,-22,-5.053020401820816,-5.052771293399729,-5.052856673729107
female,43-45,-21,-4.245385064634513,-4.245674749111675,-4.245760129441053
female,43-45,-20,-4.6220799846056915,-4.62159278057998,-4.621678160909358
female,43-45,-19,-3.9202605015647087,-3.9204477472953814,-3.9205331276247595
female,43-45,-18,-3.9667834315593913,-3.966484873848138,-3.9665702541775163
female,43-45,-17,-3.334323497131369,-3.334369761449878,-3.334455141779256
female,43-45,-16,-3.017651162127227,-3.0176718886157277,-3.0177572689451058
female,43-45,-15,-2.8077922934297073,-2.8076202522066183,-2.8077056325359964
female,43-45,-14,-2.24753869192997,-2.2476861993049453,-2.2477715796343234
female,43-45,-13,-2.2332606341988015,-2.2330435073156734,-2.2331288876450515
female,43-45,-12,-1.6882117858541026,-1.6882714792269558,-1.6883568595563336
female,43-45,-11,-1.4242526844906704,-1.4241253114543786,-1.4242106917837565
female,43-45,-10,-0.9090197402100509,-0.9090573798637683,-0.9091427601931462
female,43-45,-9,-0.615103436928287,-0.6150988343038402,-0.615184214633218
female,43-45,-8,-0.34803039410156345,-0.3480029670824174,-0.3480883474117953
female,43-45,-7,-0.04193089188747152,-0.04193115127562705,-0.04201653160500495
female,43-45,-6,0.21947971841738556,0.21949302913731453,0.21940764880793662
female,43-45,-5,0.47167499388693834,0.47168869723205203,0.47160331690267415
female,43-45,-4,0.7174355888565829,0.7174633477316893,0.7173779674023114
female,43-45,-3,0.9951821211354887,0.9951995583348014,0.9951141780054236
female,43-45,-2,1.2750091201344127,1.2750719488208029,1.274986568491425
female,43-45,-1,1.6550953639484358,1.655143001314123,1.6550576209847452
female,43-45,0,2.0499396140673025,2.0498005631844087,2.0497151828550306
female,43-45,1,1.964835036841836,1.9648492691612982,1.9647638888319203
female,43-45,2,1.910476255009939,1.9104436488305874,1.9103582685012095
female,43-45,3,1.7364942225522153,1.736515189467291,1.7364298091379131
female,43-45,4,1.5943280977999688,1.59432651246602,1.594241132136642
female,43-45,5,1.4292398409618572,1.4292445881714146,1.4291592078420368
female,43-45,6,1.2558251922186427,1.255816946119448,1.25573156579007
female,43-45,7,1.0200526008806765,1.0200913354546806,1.0200059551253027
female,43-45,8,0.8598149007574534,0.859810803565032,0.8597254232356542
female,43-45,9,0.6518119305625989,0.6518268142346478,0.65174143390527
female,43-45,10,0.4452669446855181,0.44530230033495954,0.44521692000558166
female,43-45,11,0.31064257023626457,0.3106130417998481,0.31052766147047023
female,43-45,12,0.044240695972499425,0.04431450103085048,0.04422912070147258
female,43-45,13,-0.044856799798125305,-0.04489042444881314,-0.04497580477819104
female,43-45,14,-0.2577116252672507,-0.2576871000286985,-0.2577724803580764
female,43-45,15,-0.4302994701333462,-0.43033028215791064,-0.4304156624872885
female,43-45,16,-0.7549559247436638,-0.754868094583837,-0.7549534749132149
female,43-45,17,-0.8878210342834731,-0.8877889982293883,-0.8878743785587662
female,43-45,18,-0.9390590307361109,-0.9390958134311699,-0.9391811937605478
female,43-45,19,-1.1243744796097177,-1.124348970809398,-1.124434351138776
female,43-45,20,-1.2732080581333658,-1.2731653013620305,-1.2732506816914084
female,43-45,21,-1.3149855917510065,-1.315121857257614,-1.3152072375869919
female,43-45,22,-1.9604593986533632,-1.960093032508258,-1.9601784128376358
female,43-45,23,-1.8257348568234233,-1.82573863729121,-1.825824017620588
female,43-45,24,-1.7059784181557165,-1.7061652549642747,-1.7062506352936526
female,43-45,25,-2.3135862167761485,-2.3132900243393166,-2.3133754046686947
female,43-45,26,-2.2895934871514596,-2.289608846531129,-2.289694226860507
female,43-45,27,-2.31042567501527,-2.3104118775699156,-2.3104972578992937
female,43-45,28,-9.210340371976182,-2.3104256729343624,-2.3105110532637405
female,43-45,29,-9.210340371976182,-2.3104256729359163,-2.3105110532652944
female,43-45,30,-9.210340371976182,-2.310425672935916,-2.310511053265294
female,43-45,31,-9.210340371976182,-2.3104256729359163,-2.3105110532652944
female,43-45,32,-9.210340371976182,-2.310425672935916,-2.310511053265294
female,43-45,33,-9.210340371976182,-2.310425672935916,-2.310511053265294
female,43-45,34,-9.210340371976182,-2.3104256729359163,-2.3105110532652944
female,43-45,35,-9.210340371976182,-2.310425672935916,-2.310511053265294
female,43-45,36,-9.210340371976182,-2.310425672935916,-2.310511053265294
female,43-45,37,-9.210340371976182,-9.210340371976182,-9.210425752305559
female,43-45,38,-9.210340371976182,-9.210340371976182,-9.210425752305559
female,43-45,39,-9.210340371976182,-9.210340371976182,-9.210425752305559
female,43-45,40,-9.210340371976182,-9.210340371976182,-9.210425752305559
female,43-45,41,-9.210340371976182,-9.210340371976182,-9.210425752305559
female,43-45,42,-9.210340371976182,-9.210340371976182,-9.210425752305559
female,43-45,43,-9.210340371976182,-9.210340371976182,-9.210425752305559
female,43-45,44,-9.210340371976182,-9.210340371976182,-9.210425752305559
female,43-45,45,-9.210340371976182,-9.210340371976182,-9.210425752305559
female,43-45,46,-9.210340371976182,-9.210340371976182,-9.210425752305559
female,43-45,47,-9.210340371976182,-9.210340371976182,-9.210425752305559
female,43-45,48,-9.210340371976182,-9.210340371976182,-9.210425752305559
female,43-45,49,-9.210340371976182,-9.210340371976182,-9.210425752305559
female,43-45,50,-9.210340371976182,-9.210340371976182,-9.210425752305559
female,43-45,51,-9.210340371976182,-9.210340371976182,-9.210425752305559
female,43-45,52,-9.210340371976182,-9.210340371976182,-9.210425752305559
female,46-49,-52,-9.210340371976182,-9.210340371976182,-9.210385774888085
female,46-49,-51,-9.210340371976182,-9.210340371976182,-9.210385774888085
female,46-49,-50,-9.210340371976182,-9.210340371976182,-9.210385774888085
female,46-49,-49,-9.210340371976182,-9.210340371976182,-9.210385774888085
female,46-49,-48,-9.210340371976182,-9.210340371976182,-9.210385774888085
female,46-49,-47,-9.210340371976182,-9.210340371976182,-9.210385774888085
female,46-49,-46,-9.210340371976182,-9.210340371976182,-9.210385774888085
female,46-49,-45,-9.210340371976182,-9.210340371976182,-9.210385774888085
female,46-49,-44,-9.210340371976182,-9.210340371976182,-9.210385774888085
female,46-49,-43,-9.210340371976182,-9.210340371976182,-9.210385774888085
female,46-49,-42,-9.210340371976182,-9.210340371976182,-9.210385774888085
female,46-49,-41,-9.210340371976182,-9.210340371976182,-9.210385774888085
female,46-49,-40,-9.210340371976182,-7.831022262215643,-7.831067665127546
female,46-49,-39,-9.210340371976182,-7.831022262215643,-7.831067665127546
female,46-49,-38,-9.210340371976182,-7.831022262215643,-7.831067665127546
female,46-49,-37,-9.210340371976182,-7.831022262215643,-7.831067665127546
female,46-49,-36,-9.210340371976182,-7.831022262215643,-7.831067665127546
female,46-49,-35,-9.210340371976182,-7.831022262215643,-7.831067665127546
female,46-49,-34,-9.210340371976182,-7.831022262215643,-7.831067665127546
female,46-49,-33,-9.210340371976182,-7.831022262215643,-7.831067665127546
female,46-49,-32,-9.210340371976182,-7.831022261736851,-7.831067664648754
female,46-49,-31,-7.8310222288558595,-7.826779551990409,-7.826824954902312
female,46-49,-30,-5.842728529485275,-5.842586786889306,-5.8426321898012095
female,46-49,-29,-5.397535041252585,-5.397688081512962,-5.397733484424865
female,46-49,-28,-5.575674774802767,-5.575693757282853,-5.575739160194756
female,46-49,-27,-5.801103921048124,-5.80063912767884,-5.800684530590743
female,46-49,-26,-5.04665000170845,-5.046471240345114,-5.046516643257017
female,46-49,-25,-4.323896190943262,-4.324205655250714,-4.324251058162617
female,46-49,-24,-4.8486359320240675,-4.848200226218555,-4.848245629130458
female,46-49,-23,-4.36840208095342,-4.368635820901435,-4.368681223813338
female,46-49,-22,-4.75399183792091,-4.753334604346641,-4.753380007258544
female,46-49,-21,-3.82454362810758,-3.824728811079588,-3.8247742139914913
female,46-49,-20,-3.7482740165737995,-3.7479662376423537,-3.748011640554257
female,46-49,-19,-3.0373289065398144,-3.0374215074162563,-3.0374669103281597
female,46-49,-18,-2.7997951023533814,-2.7998292694549725,-2.799874672366876
female,46-49,-17,-2.678820707006198,-2.678749168128304,-2.6787945710402075
female,46-49,-16,-2.3754767225988567,-2.3754348022331846,-2.375480205145088
female,46-49,-15,-2.0116751132820805,-2.011694255740858,-2.0117396586527616
female,46-49,-14,-1.755155657497404,-1.7550877504254543,-1.7551331533373578
female,46-49,-13,-1.3646327588599994,-1.364627770245394,-1.3646731731572974
female,46-49,-12,-1.0360277885824527,-1.036082847822283,-1.0361282507341865
female,46-49,-11,-0.9013500401457759,-0.9012396635686518,-0.9012850664805552
female,46-49,-10,-0.4991574039062169,-0.4992301933449651,-0.4992755962568685
female,46-49,-9,-0.36712891293767225,-0.3671125731285471,-0.36715797604045053
female,46-49,-8,-0.19868503257858677,-0.1985956132330149,-0.19864101614491828
female,46-49,-7,0.16838160902518032,0.16835078979547494,0.16830538688357155
female,46-49,-6,0.37893734257063255,0.3789734848315308,0.3789280819196274
female,46-49,-5,0.6586262736279198,0.658599087636852,0.6585536847249487
female,46-49,-4,0.8264579794617817,0.8264938626668513,0.826448459754948
female,46-49,-3,1.072138536760766,1.072167750083871,1.0721223471719676
female,46-49,-2,1.3560036156881887,1.3560412011485647,1.3559957982366613
female,46-49,-1,1.6768303341167337,1.6768822097416247,1.6768368068297212
female,46-49,0,2.0458065757341104,2.045689319483929,2.0456439165720255
female,46-49,1,2.0122458991645145,2.0122118911906934,2.01216648827879
female,46-49,2,1.8689976832523614,1.8690108726797572,1.8689654697678537
female,46-49,3,1.749853625790152,1.7498405289098173,1.7497951259979139
female,46-49,4,1.57222116468179,1.5722385047025689,1.5721931017906654
female,46-49,5,1.418748200450974,1.418743929874291,1.4186985269623875
female,46-49,6,1.2200370003785095,1.2200581356848206,1.220012732772917
female,46-49,7,1.0492705021212165,1.0492812451460158,1.0492358422341124
female,46-49,8,0.8796453116942945,0.8796655346622142,0.8796201317503108
female,46-49,9,0.7463307031138225,0.7463206929935435,0.7462752900816402
female,46-49,10,0.5579519179376662,0.5579491740961469,0.5579037711842435
female,46-49,11,0.3212426553271077,0.32129230914240064,0.32124690623049723
female,46-49,12,0.20084549313692499,0.20080741478489442,0.20076201187299103
female,46-49,13,-0.07837551215777559,-0.07833692766784366,-0.07838233057974704
female,46-49,14,-0.3177918023589859,-0.3177717996884037,-0.3178172026003071
female,46-49,15,-0.5706290698511643,-0.5704875150488317,-0.570532917960735
female,46-49,16,-0.4508820525014133,-0.45094372327616183,-0.45098912618806525
female,46-49,17,-0.5235500072238694,-0.5236316608116056,-0.523677063723509
female,46-49,18,-0.9362733745490215,-0.9361129312292993,-0.9361583341412026
female,46-49,19,-0.998965934378765,-0.9989903768740607,-0.999035779785964
female,46-49,20,-1.1596370812730534,-1.159634832775259,-1.1596802356871625
female,46-49,21,-1.3629625814418505,-1.3628972444349672,-1.3629426473468707
female,46-49,22,-1.418147302521213,-1.4181286536595108,-1.4181740565714143
female,46-49,23,-1.44961384299717,-1.4496827062463487,-1.4497281091582521
female,46-49,24,-2.1521958560424395,-2.151516270017407,-2.1515616729293106
female,46-49,25,-9.210340371976182,-2.152195853289048,-2.1522412562009516
female,46-49,26,-9.210340371976182,-2.152195853365602,-2.1522412562775055
female,46-49,27,-9.210340371976182,-2.152195853365602,-2.1522412562775055
female,46-49,28,-9.210340371976182,-2.1521958533656025,-2.152241256277506
female,46-49,29,-9.210340371976182,-2.152195853365602,-2.1522412562775055
female,46-49,30,-9.210340371976182,-2.1521958533656025,-2.152241256277506
female,46-49,31,-9.210340371976182,-2.1521958533656025,-2.152241256277506
female,46-49,32,-9.210340371976182,-2.152195853365602,-2.1522412562775055
female,46-49,33,-9.210340371976182,-2.1521958533656025,-2.152241256277506
female,46-49,34,-9.210340371976182,-9.210340371976182,-9.210385774888085
female,46-49,35,-9.210340371976182,-9.210340371976182,-9.210385774888085
female,46-49,36,-9.210340371976182,-9.210340371976182,-9.210385774888085
female,46-49,37,-9.210340371976182,-9.210340371976182,-9.210385774888085
female,46-49,38,-9.210340371976182,-9.210340371976182,-9.210385774888085
female,46-49,39,-9.210340371976182,-9.210340371976182,-9.210385774888085
female,46-49,40,-9.210340371976182,-9.210340371976182,-9.210385774888085
female,46-49,41,-9.210340371976182,-9.210340371976182,-9.210385774888085
female,46-49,42,-9.210340371976182,-9.210340371976182,-9.210385774888085
female,46-49,43,-9.210340371976182,-9.210340371976182,-9.210385774888085
female,46-49,44,-9.210340371976182,-9.210340371976182,-9.210385774888085
female,46-49,45,-9.210340371976182,-9.210340371976182,-9.210385774888085
female,46-49,46,-9.210340371976182,-9.210340371976182,-9.210385774888085
female,46-49,47,-9.210340371976182,-9.210340371976182,-9.210385774888085
female,46-49,48,-9.210340371976182,-9.210340371976182,-9.210385774888085
female,46-49,49,-9.210340371976182,-9.210340371976182,-9.210385774888085
female,46-49,50,-9.210340371976182,-9.210340371976182,-9.210385774888085
female,46-49,51,-9.210340371976182,-9.210340371976182,-9.210385774888085
female,46-49,52,-9.210340371976182,-9.210340371976182,-9.210385774888085
female,50-54,-52,-9.210340371976182,-9.210340371976182,-9.210359889129045
female,50-54,-51,-9.210340371976182,-9.210340371976182,-9.210359889129045
female,50-54,-50,-9.210340371976182,-9.210340371976182,-9.210359889129045
female,50-54,-49,-9.210340371976182,-9.210340371976182,-9.210359889129045
female,50-54,-48,-9.210340371976182,-9.210340371976182,-9.210359889129045
female,50-54,-47,-9.210340371976182,-9.210340371976182,-9.210359889129045
female,50-54,-46,-9.210340371976182,-9.210340371976182,-9.210359889129045
female,50-54,-45,-9.210340371976182,-6.387480609706536,-6.387500126859399
female,50-54,-44,-9.210340371976182,-6.387480609706535,-6.387500126859398
female,50-54,-43,-9.210340371976182,-6.387480609706535,-6.387500126859398
female,50-54,-42,-9.210340371976182,-6.387480609706536,-6.387500126859399
female,50-54,-41,-9.210340371976182,-6.387480609706535,-6.387500126859398
female,50-54,-40,-9.210340371976182,-6.387480609706536,-6.387500126859399
female,50-54,-39,-9.210340371976182,-6.387480609706535,-6.387500126859398
female,50-54,-38,-9.210340371976182,-6.387480609706536,-6.387500126859399
female,50-54,-37,-9.210340371976182,-6.387480609365255,-6.387500126518118
female,50-54,-36,-6.387480578283661,-6.384454598672744,-6.384474115825607
female,50-54,-35,-4.689807965269009,-4.690309444078627,-4.69032896123149
female,50-54,-34,-5.948035164858519,-5.947469274248779,-5.947488791401642
female,50-54,-33,-5.920475862381065,-5.920708441452107,-5.92072795860497
female,50-54,-32,-6.675630875187989,-6.673099043783442,-6.673118560936305
female,50-54,-31,-4.632833701986897,-4.63330960063708,-4.633329117789943
female,50-54,-30,-5.4215589686301975,-5.420770859007644,-5.4207903761605065
female,50-54,-29,-4.653422219388306,-4.653709214834507,-4.6537287319873695
female,50-54,-28,-5.039614260320174,-5.039152639477792,-5.039172156630655
female,50-54,-27,-4.388590230464615,-4.388917916639039,-4.388937433791901
female,50-54,-26,-5.094144443150637,-5.093393326216845,-5.093412843369708
female,50-54,-25,-4.2919707689785636,-4.292262864131708,-4.292282381284571
female,50-54,-24,-4.66139678650529,-4.660679860245797,-4.66069937739866
female,50-54,-23,-3.644347180909268,-3.6444323093801114,-3.6444518265329737
female,50-54,-22,-3.277752459300055,-3.2778505805938427,-3.277870097746705
female,50-54,-21,-3.244898806527872,-3.244640886471975,-3.244660403624837
female,50-54,-20,-2.627457370054787,-2.627614277200748,-2.6276337943536103
female,50-54,-19,-2.6044806023990406,-2.6044609466556565,-2.604480463808519
female,50-54,-18,-2.519330921114502,-2.51928836519455,-2.5193078823474124
female,50-54,-17,-2.311873079512402,-2.3117514225972355,-2.311770939750098
female,50-54,-16,-1.840969767046645,-1.8410788657234862,-1.8410983828763487
female,50-54,-15,-1.7648690036199395,-1.764779696279464,-1.7647992134323265
female,50-54,-14,-1.4569410363648623,-1.456899684906315,-1.4569192020591775
female,50-54,-13,-1.1061067679849013,-1.1061058800576506,-1.1061253972105132
female,50-54,-12,-0.825457904416463,-0.8254974647011015,-0.8255169818539639
female,50-54,-11,-0.6939694643246381,-0.6938235434344383,-0.6938430605873007
female,50-54,-10,-0.23510282445147446,-0.23518899448774314,-0.23520851164060555
female,50-54,-9,-0.11277945754364975,-0.1127856434984799,-0.11280516065134231
female,50-54,-8,-0.011227082208523531,-0.01113232208847275,-0.011151839241335166
female,50-54,-7,0.32419962799118046,0.3241807760540264,0.324161258901164
female,50-54,-6,0.5448948005845298,0.5449020430961838,0.5448825259433214
female,50-54,-5,0.7519457366503494,0.7519614857158794,0.751941968563017
female,50-54,-4,0.966105055646479,0.9661302781926447,0.9661107610397823
female,50-54,-3,1.202580249313269,1.2025874164288346,1.202567899275972
female,50-54,-2,1.4075261644424248,1.407581921757733,1.4075624046048705
female,50-54,-1,1.705313757923087,1.7053466920034224,1.7053271748505598
female,50-54,0,2.00614456260978,2.006041224981069,2.0060217078282068
female,50-54,1,1.953568901061283,1.9535554564288302,1.9535359392759677
female,50-54,2,1.8542817780894785,1.8542683400665187,1.8542488229136562
female,50-54,3,1.6980246708819675,1.6980385005825576,1.698018983429695
female,50-54,4,1.5609791236825474,1.5609728140435724,1.5609532968907098
female,50-54,5,1.3807404699952626,1.3807616575257968,1.3807421403729343
female,50-54,6,1.2393030042589326,1.2392948444403824,1.2392753272875199
female,50-54,7,1.0486858512813315,1.0487226795886686,1.048703162435806
female,50-54,8,0.9439132541487336,0.9439044203447934,0.943884903191931
female,50-54,9,0.7945507291444855,0.7945570642701864,0.7945375471173239
female,50-54,10,0.636013518898164,0.6360227432361439,0.6360032260832815
female,50-54,11,0.4693025909989244,0.4693171695997329,0.4692976524468705
female,50-54,12,0.30516717205314675,0.30518939355492686,0.30516987640206444
female,50-54,13,0.17241540291489665,0.17239330059743832,0.1723737834445759
female,50-54,14,-0.08254523543787792,-0.0825022675003807,-0.08252178465324311
female,50-54,15,-0.28880681163616906,-0.2887578817761142,-0.28877739892897664
female,50-54,16,-0.39407083139077476,-0.3940634457378314,-0.39408296289069383
female,50-54,17,-0.5200689675455821,-0.5200488434968804,-0.5200683606497428
female,50-54,18,-0.6782776327892617,-0.6781867606568404,-0.6782062778097028
female,50-54,19,-0.6187752793902787,-0.6188950011983081,-0.6189145183511705
female,50-54,20,-1.3726405533205204,-1.3719008697660746,-1.3719203869189371
female,50-54,21,-9.210340371976182,-1.3726405497216332,-1.3726600668744957
female,50-54,22,-9.210340371976182,-1.372640549804959,-1.3726600669578215
female,50-54,23,-9.210340371976182,-1.3726405498049588,-1.3726600669578213
female,50-54,24,-9.210340371976182,-1.372640549804959,-1.3726600669578215
female,50-54,25,-9.210340371976182,-1.3726405498049588,-1.3726600669578213
female,50-54,26,-9.210340371976182,-1.3726405498049588,-1.3726600669578213
female,50-54,27,-9.210340371976182,-1.372640549804959,-1.3726600669578215
female,50-54,28,-9.210340371976182,-1.372640549804959,-1.3726600669578215
female,50-54,29,-9.210340371976182,-1.3726405498049588,-1.3726600669578213
female,50-54,30,-9.210340371976182,-9.210340371976182,-9.210359889129045
female,50-54,31,-9.210340371976182,-9.210340371976182,-9.210359889129045
female,50-54,32,-9.210340371976182,-9.210340371976182,-9.210359889129045
female,50-54,33,-9.210340371976182,-9.210340371976182,-9.210359889129045
female,50-54,34,-9.210340371976182,-9.210340371976182,-9.210359889129045
female,50-54,35,-9.210340371976182,-9.210340371976182,-9.210359889129045
female,50-54,36,-9.210340371976182,-9.210340371976182,-9.210359889129045
female,50-54,37,-9.210340371976182,-9.210340371976182,-9.210359889129045
female,50-54,38,-9.210340371976182,-9.210340371976182,-9.210359889129045
female,50-54,39,-9.210340371976182,-9.210340371976182,-9.210359889129045
female,50-54,40,-9.210340371976182,-9.210340371976182,-9.210359889129045
female,50-54,41,-9.210340371976182,-9.210340371976182,-9.210359889129045
female,50-54,42,-9.210340371976182,-9.210340371976182,-9.210359889129045
female,50-54,43,-9.210340371976182,-9.210340371976182,-9.210359889129045
female,50-54,44,-9.210340371976182,-9.210340371976182,-9.210359889129045
female,50-54,45,-9.210340371976182,-9.210340371976182,-9.210359889129045
female,50-54,46,-9.210340371976182,-9.210340371976182,-9.210359889129045
female,50-54,47,-9.210340371976182,-9.210340371976182,-9.210359889129045
female,50-54,48,-9.210340371976182,-9.210340371976182,-9.210359889129045
female,50-54,49,-9.210340371976182,-9.210340371976182,-9.210359889129045
female,50-54,50,-9.210340371976182,-9.210340371976182,-9.210359889129045
female,50-54,51,-9.210340371976182,-9.210340371976182,-9.210359889129045
female,50-54,52,-9.210340371976182,-9.210340371976182,-9.210359889129045
female,55-59,-52,-9.210340371976182,-9.210340371976182,-9.210383196417599
female,55-59,-51,-9.210340371976182,-9.210340371976182,-9.210383196417599
female,55-59,-50,-9.210340371976182,-5.54011945251846,-5.540162276959876
female,55-59,-49,-9.210340371976182,-5.54011945251846,-5.540162276959876
female,55-59,-48,-9.210340371976182,-5.54011945251846,-5.540162276959876
female,55-59,-47,-9.210340371976182,-5.54011945251846,-5.540162276959876
female,55-59,-46,-9.210340371976182,-5.54011945251846,-5.540162276959876
female,55-59,-45,-9.210340371976182,-5.54011945251846,-5.540162276959876
female,55-59,-44,-9.210340371976182,-5.54011945251846,-5.540162276959876
female,55-59,-43,-9.210340371976182,-5.54011945251846,-5.540162276959876
female,55-59,-42,-9.210340371976182,-5.540119452472587,-5.540162276914003
female,55-59,-41,-5.540119422155272,-5.539712177396379,-5.539755001837795
female,55-59,-40,-5.061548536820247,-5.062121444895161,-5.062164269336577
female,55-59,-39,-10.959417997013722,-9.210340371976182,-9.210383196417599
female,55-59,-38,-4.769065233780178,-4.769515792684416,-4.769558617125832
female,55-59,-37,-5.416863917358308,-5.416309593625978,-5.416352418067394
female,55-59,-36,-4.752493602344766,-4.752753670823148,-4.7527964952645645
female,55-59,-35,-5.090707270877252,-5.090668412215053,-5.090711236656469
female,55-59,-34,-5.43964726814775,-5.438893987976404,-5.43893681241782
female,55-59,-33,-4.38778641463211,-4.388250561419109,-4.388293385860525
female,55-59,-32,-5.725490340571755,-5.723742708588701,-5.723785533030117
female,55-59,-31,-4.494683830853715,-4.494948042233664,-4.49499086667508
female,55-59,-30,-4.552725795973681,-4.5527763833206905,-4.552819207762107
female,55-59,-29,-4.804181544746305,-4.803753588770108,-4.803796413211524
female,55-59,-28,-4.094925789900129,-4.095175545687066,-4.0952183701284826
female,55-59,-27,-4.3443913871991615,-4.344142729867019,-4.344185554308435
female,55-59,-26,-3.95939837576497,-3.9594181166489038,-3.95946094109032
female,55-59,-25,-3.6988988256684436,-3.6990033656109786,-3.6990461900523948
female,55-59,-24,-3.77523128675754,-3.7747193514264796,-3.7747621758678958
female,55-59,-23,-2.842941361697185,-2.843315850483916,-2.8433586749253323
female,55-59,-22,-3.545071202631797,-3.5443453304237815,-3.5443881548651976
female,55-59,-21,-2.7840792381602997,-2.7842677655405317,-2.784310589981948
female,55-59,-20,-2.7790627812031854,-2.778909428507206,-2.778952252948622
female,55-59,-19,-2.383965160215468,-2.3839915768068485,-2.3840344012482646
female,55-59,-18,-2.140908887932321,-2.140858759013442,-2.140901583454858
female,55-59,-17,-1.8125371075079033,-1.8125266206062287,-1.812569445047645
female,55-59,-16,-1.5256453787962085,-1.5257321024907298,-1.5257749269321461
female,55-59,-15,-1.5263174318267507,-1.5262402467704392,-1.5262830712118556
female,55-59,-14,-1.310145174033108,-1.310098347664117,-1.3101411721055334
female,55-59,-13,-1.0042661172894385,-1.0042710146301896,-1.004313839071606
female,55-59,-12,-0.7654832701477459,-0.7654557087692395,-0.7654985332106558
female,55-59,-11,-0.4944249964068534,-0.4943874092303506,-0.49443023367176686
female,55-59,-10,-0.18419537221016277,-0.18422125882801269,-0.18426408326942892
female,55-59,-9,-0.005638128132248101,-0.005621991109234979,-0.005664815550651224
female,55-59,-8,0.18532032376733223,0.1853828143334846,0.18533998989206837
female,55-59,-7,0.488379495454968,0.48834094642958675,0.4882981219881705
female,55-59,-6,0.6208123484158584,0.6208664431668699,0.6208236187254537
female,55-59,-5,0.8690958908342399,0.8690788452548499,0.8690360208134337
female,55-59,-4,1.02475651459605,1.0247924436311298,1.0247496191897134
female,55-59,-3,1.249433618698017,1.2494304291163085,1.2493876046748922
female,55-59,-2,1.424481926586695,1.4245450443756211,1.4245022199342048
female,55-59,-1,1.7230867280190427,1.723122541928483,1.7230797174870667
female,55-59,0,2.032437312254767,2.0323184539386285,2.0322756294972124
female,55-59,1,1.9398523572848874,1.939858995313858,1.9398161708724417
female,55-59,2,1.8614263086564768,1.8614081223511088,1.8613652979096924
female,55-59,3,1.71566249724976,1.715672451798315,1.7156296273568987
female,55-59,4,1.5776462598411354,1.577655942202336,1.5776131177609196
female,55-59,5,1.4465848422004388,1.4466050044265093,1.446562179985093
female,55-59,6,1.3568723134449885,1.3568731350242427,1.3568303105828263
female,55-59,7,1.252494455978248,1.2524797769614218,1.2524369525200054
female,55-59,8,1.071819716213408,1.0718623497301916,1.0718195252887752
female,55-59,9,0.9840346010572755,0.9840415241174617,0.9839986996760455
female,55-59,10,0.9006308404006396,0.9006011994530088,0.9005583750115925
female,55-59,11,0.6914326443875374,0.691490848628656,0.6914480241872397
female,55-59,12,0.5985331091677897,0.5985026340287721,0.5984598095873559
female,55-59,13,0.2604950169969211,0.260664406340462,0.2606215818990458
female,55-59,14,0.20852612192166176,0.20851299698978734,0.2084701725483711
female,55-59,15,-0.05982464041626544,-0.05962138018778004,-0.05966420462919629
female,55-59,16,-9.210340371976182,-0.05982463466389019,-0.059867459105306435
female,55-59,17,-9.210340371976182,-0.05982463468678087,-0.05986745912819712
female,55-59,18,-9.210340371976182,-0.05982463468678099,-0.059867459128197235
female,55-59,19,-9.210340371976182,-0.05982463468678087,-0.05986745912819712
female,55-59,20,-9.210340371976182,-0.05982463468678087,-0.05986745912819712
female,55-59,21,-9.210340371976182,-0.05982463468678075,-0.059867459128197
female,55-59,22,-9.210340371976182,-0.05982463468678075,-0.059867459128197
female,55-59,23,-9.210340371976182,-0.05982463468678075,-0.059867459128197
female,55-59,24,-9.210340371976182,-0.05982463468678087,-0.05986745912819712
female,55-59,25,-9.210340371976182,-9.210340371976182,-9.210383196417599
female,55-59,26,-9.210340371976182,-9.210340371976182,-9.210383196417599
female,55-59,27,-9.210340371976182,-9.210340371976182,-9.210383196417599
female,55-59,28,-9.210340371976182,-9.210340371976182,-9.210383196417599
female,55-59,29,-9.210340371976182,-9.210340371976182,-9.210383196417599
female,55-59,30,-9.210340371976182,-9.210340371976182,-9.210383196417599
female,55-59,31,-9.210340371976182,-9.210340371976182,-9.210383196417599
female,55-59,32,-9.210340371976182,-9.210340371976182,-9.210383196417599
female,55-59,33,-9.210340371976182,-9.210340371976182,-9.210383196417599
female,55-59,34,-9.210340371976182,-9.210340371976182,-9.210383196417599
female,55-59,35,-9.210340371976182,-9.210340371976182,-9.210383196417599
female,55-59,36,-9.210340371976182,-9.210340371976182,-9.210383196417599
female,55-59,37,-9.210340371976182,-9.210340371976182,-9.210383196417599
female,55-59,38,-9.210340371976182,-9.210340371976182,-9.210383196417599
female,55-59,39,-9.210340371976182,-9.210340371976182,-9.210383196417599
female,55-59,40,-9.210340371976182,-9.210340371976182,-9.210383196417599
female,55-59,41,-9.210340371976182,-9.210340371976182,-9.210383196417599
female,55-59,42,-9.210340371976182,-9.210340371976182,-9.210383196417599
female,55-59,43,-9.210340371976182,-9.210340371976182,-9.210383196417599
female,55-59,44,-9.210340371976182,-9.210340371976182,-9.210383196417599
female,55-59,45,-9.210340371976182,-9.210340371976182,-9.210383196417599
female,55-59,46,-9.210340371976182,-9.210340371976182,-9.210383196417599
female,55-59,47,-9.210340371976182,-9.210340371976182,-9.210383196417599
female,55-59,48,-9.210340371976182,-9.210340371976182,-9.210383196417599
female,55-59,49,-9.210340371976182,-9.210340371976182,-9.210383196417599
female,55-59,50,-9.210340371976182,-9.210340371976182,-9.210383196417599
female,55-59,51,-9.210340371976182,-9.210340371976182,-9.210383196417599
female,55-59,52,-9.210340371976182,-9.210340371976182,-9.210383196417599
female,60-70,-52,-9.210340371976182,-9.210340371976182,-9.213436472903453
female,60-70,-51,-9.210340371976182,-9.210340371976182,-9.213436472903453
female,60-70,-50,-9.210340371976182,-9.210340371976182,-9.213436472903453
female,60-70,-49,-6.645963075352039,-6.645884641332551,-6.648980742259822
female,60-70,-48,-6.080067102036355,-6.080123051835991,-6.083219152763262
female,60-70,-47,-5.95015347263849,-5.949601097580014,-5.952697198507285
female,60-70,-46,-5.0522736741208565,-5.0527673754975435,-5.055863476424815
female,60-70,-45,-6.911378976326524,-6.909750002385961,-6.912846103313232
female,60-70,-44,-6.748623351620743,-6.747613368348311,-6.7507094692755825
female,60-70,-43,-5.417355771129625,-5.417721481570736,-5.420817582498008
female,60-70,-42,-5.922694157404918,-5.922216046621646,-5.925312147548917
female,60-70,-41,-5.304493370511006,-5.304755451137747,-5.307851552065018
female,60-70,-40,-5.69036906155599,-5.6901927204742435,-5.693288821401515
female,60-70,-39,-5.650978809013148,-5.65049784164871,-5.653593942575982
female,60-70,-38,-4.725110490471316,-4.725409017597498,-4.728505118524769
female,60-70,-37,-5.054037232258143,-5.053946044093855,-5.057042145021126
female,60-70,-36,-5.210652654632936,-5.210088855466744,-5.213184956394016
female,60-70,-35,-4.265158454561057,-4.265401377088544,-4.268497478015815
female,60-70,-34,-4.362453307149006,-4.362527358381982,-4.365623459309253
female,60-70,-33,-4.799254889127205,-4.798836265526563,-4.801932366453834
female,60-70,-32,-4.266280950435132,-4.266378962091005,-4.269475063018276
female,60-70,-31,-4.1269882661565696,-4.1270098242029025,-4.130105925130174
female,60-70,-30,-4.057236876137476,-4.0573408375357305,-4.060436938463002
female,60-70,-29,-4.359781549909339,-4.359173742112047,-4.362269843039318
female,60-70,-28,-3.438143380170551,-3.4383952423597255,-3.4414913432869967
female,60-70,-27,-3.57318154769184,-3.57300942230222,-3.5761055232294914
female,60-70,-26,-3.255577364389219,-3.255724880233612,-3.2588209811608833
female,60-70,-25,-3.43730818530726,-3.437070188252266,-3.4401662891795373
female,60-70,-24,-3.017390953102809,-3.0172635129090084,-3.0203596138362796
female,60-70,-23,-2.448699563771497,-2.4488332842662213,-2.4519293851934925
female,60-70,-22,-2.400552921568185,-2.400495916441297,-2.403592017368568
female,60-70,-21,-2.2016581570598386,-2.2016837229465676,-2.2047798238738388
female,60-70,-20,-2.100250813334478,-2.100136164081687,-2.103232265008958
female,60-70,-19,-1.7287387027148011,-1.728773379345859,-1.73186948027313
female,60-70,-18,-1.533410117176475,-1.5333901628212978,-1.5364862637485688
female,60-70,-17,-1.3197697010055525,-1.3197731284762912,-1.3228692294035622
female,60-70,-16,-1.1527030526713766,-1.1526561833396434,-1.1557522842669143
female,60-70,-15,-0.8965387417614719,-0.8965266684765023,-0.8996227694037734
female,60-70,-14,-0.665935966270144,-0.665931537990709,-0.6690276389179801
female,60-70,-13,-0.47238160562914633,-0.47235062740677397,-0.47544672833404505
female,60-70,-12,-0.24170382252187167,-0.24172509912225434,-0.2448212000495254
female,60-70,-11,-0.11545295630124348,-0.11534894989898077,-0.11844505082625183
female,60-70,-10,0.2336482512427602,0.23362232616982434,0.23052622524255328
female,60-70,-9,0.42356122662391676,0.4235545912889268,0.4204584903616557
female,60-70,-8,0.5617061744615056,0.5617287585284522,0.5586326576011811
female,60-70,-7,0.7366884644398519,0.7367226065241714,0.7336265055969003
female,60-70,-6,0.9667924066274319,0.9668013905906785,0.9637052896634074
female,60-70,-5,1.173641743853834,1.1736205933178365,1.1705244923905656
female,60-70,-4,1.288211938839995,1.2882328362925837,1.2851367353653127
female,60-70,-3,1.4445919791805968,1.4446224821755451,1.4415263812482741
female,60-70,-2,1.6576318168070907,1.6576759255729594,1.6545798246456884
female,60-70,-1,1.9436577057885667,1.9437144334107923,1.9406183324835213
female,60-70,0,2.303105225651288,2.3029839901544955,2.2998878892272243
female,60-70,1,2.2397040002925723,2.2397036677101094,2.2366075667828382
female,60-70,2,2.148662557425325,2.1486862627450445,2.1455901618177733
female,60-70,3,2.102310328953597,2.102283332117334,2.099187231190063
female,60-70,4,1.9281601634741905,1.9282180160399232,1.9251219151126522
female,60-70,5,1.8662491029362216,1.866246527518994,1.863150426591723
female,60-70,6,1.7541373147233756,1.7541442853568106,1.7510481844295396
female,60-70,7,1.579122160325782,1.5791678440100236,1.5760717430827527
female,60-70,8,1.4203572635774373,1.4204099612201178,1.4173138602928468
female,60-70,9,1.2954778913621439,1.2955269798546019,1.2924308789273309
female,60-70,10,1.1694087544061362,1.1694992824643047,1.1664031815370337
female,60-70,11,-9.210340371976182,1.1694107236570568,1.1663146227297858
female,60-70,12,-9.210340371976182,1.1694107236470836,1.1663146227198127
female,60-70,13,-9.210340371976182,1.1694107236470834,1.1663146227198125
female,60-70,14,-9.210340371976182,1.1694107236470834,1.1663146227198125
female,60-70,15,-9.210340371976182,1.1694107236470836,1.1663146227198127
female,60-70,16,-9.210340371976182,1.1694107236470834,1.1663146227198125
female,60-70,17,-9.210340371976182,1.1694107236470834,1.1663146227198125
female,60-70,18,-9.210340371976182,1.1694107236470836,1.1663146227198127
female,60-70,19,-9.210340371976182,1.1694107236470834,1.1663146227198125
female,60-70,20,-9.210340371976182,-9.210340371976182,-9.213436472903453
female,60-70,21,-9.210340371976182,-9.210340371976182,-9.213436472903453
female,60-70,22,-9.210340371976182,-9.210340371976182,-9.213436472903453
female,60-70,23,-9.210340371976182,-9.210340371976182,-9.213436472903453
female,60-70,24,-9.210340371976182,-9.210340371976182,-9.213436472903453
female,60-70,25,-9.210340371976182,-9.210340371976182,-9.213436472903453
female,60-70,26,-9.210340371976182,-9.210340371976182,-9.213436472903453
female,60-70,27,-9.210340371976182,-9.210340371976182,-9.213436472903453
female,60-70,28,-9.210340371976182,-9.210340371976182,-9.213436472903453
female,60-70,29,-9.210340371976182,-9.210340371976182,-9.213436472903453
female,60-70,30,-9.210340371976182,-9.210340371976182,-9.213436472903453
female,60-70,31,-9.210340371976182,-9.210340371976182,-9.213436472903453
female,60-70,32,-9.210340371976182,-9.210340371976182,-9.213436472903453
female,60-70,33,-9.210340371976182,-9.210340371976182,-9.213436472903453
female,60-70,34,-9.210340371976182,-9.210340371976182,-9.213436472903453
female,60-70,35,-9.210340371976182,-9.210340371976182,-9.213436472903453
female,60-70,36,-9.210340371976182,-9.210340371976182,-9.213436472903453
female,60-70,37,-9.210340371976182,-9.210340371976182,-9.213436472903453
female,60-70,38,-9.210340371976182,-9.210340371976182,-9.213436472903453
female,60-70,39,-9.210340371976182,-9.210340371976182,-9.213436472903453
female,60-70,40,-9.210340371976182,-9.210340371976182,-9.213436472903453
female,60-70,41,-9.210340371976182,-9.210340371976182,-9.213436472903453
female,60-70,42,-9.210340371976182,-9.210340371976182,-9.213436472903453
female,60-70,43,-9.210340371976182,-9.210340371976182,-9.213436472903453
female,60-70,44,-9.210340371976182,-9.210340371976182,-9.213436472903453
female,60-70,45,-9.210340371976182,-9.210340371976182,-9.213436472903453
female,60-70,46,-9.210340371976182,-9.210340371976182,-9.213436472903453
female,60-70,47,-9.210340371976182,-9.210340371976182,-9.213436472903453
female,60-70,48,-9.210340371976182,-9.210340371976182,-9.213436472903453
female,60-70,49,-9.210340371976182,-9.210340371976182,-9.213436472903453
female,60-70,50,-9.210340371976182,-9.210340371976182,-9.213436472903453
female,60-70,51,-9.210340371976182,-9.210340371976182,-9.213436472903453
female,60-70,52,-9.210340371976182,-9.210340371976182,-9.213436472903453
