sex_s,race_s,race_c,edu_s,edu_c,multiplier,log,sides_alloc
male,hispanic,hispanic,hs_or_less,hs_or_less,2.016,0.7011,50266.3
male,hispanic,hispanic,hs_or_less,some_college,1.2247,0.20273,14833.2
male,hispanic,hispanic,hs_or_less,bachelors,1.3033,0.26492,5215.0
male,hispanic,hispanic,hs_or_less,graduate,1.2175,0.19679,1542.5
male,hispanic,hispanic,some_college,hs_or_less,0.8974,-0.1083,8400.2
male,hispanic,hispanic,some_college,some_college,0.904,-0.10097,11786.9
male,hispanic,hispanic,some_college,bachelors,0.907,-0.09756,4555.2
male,hispanic,hispanic,some_college,graduate,1.0502,0.04896,1648.0
male,hispanic,hispanic,bachelors,hs_or_less,0.9109,-0.09337,2653.0
male,hispanic,hispanic,bachelors,some_college,0.781,-0.24718,2872.6
male,hispanic,hispanic,bachelors,bachelors,0.9137,-0.09022,4944.0
male,hispanic,hispanic,bachelors,graduate,0.8214,-0.19679,1714.2
male,hispanic,hispanic,graduate,hs_or_less,0.9426,-0.05909,852.3
male,hispanic,hispanic,graduate,some_college,0.8293,-0.18721,879.9
male,hispanic,hispanic,graduate,bachelors,0.8179,-0.201,1435.0
male,hispanic,hispanic,graduate,graduate,0.9677,-0.0328,1783.1
male,hispanic,nh_white,hs_or_less,hs_or_less,0.8693,-0.14004,3816.5
male,hispanic,nh_white,hs_or_less,some_college,0.8899,-0.11661,3494.3
male,hispanic,nh_white,hs_or_less,bachelors,0.7693,-0.26229,1647.4
male,hispanic,nh_white,hs_or_less,graduate,0.8137,-0.20613,716.4
male,hispanic,nh_white,some_college,hs_or_less,1.0607,0.05895,1744.6
male,hispanic,nh_white,some_college,some_college,0.9834,-0.01674,3987.0
male,hispanic,nh_white,some_college,bachelors,0.9855,-0.01464,2620.9
male,hispanic,nh_white,some_college,graduate,1.053,0.05165,1150.5
male,hispanic,nh_white,bachelors,hs_or_less,0.9764,-0.02387,492.4
male,hispanic,nh_white,bachelors,some_college,1.0909,0.08703,1235.8
male,hispanic,nh_white,bachelors,bachelors,1.1692,0.1563,3329.8
male,hispanic,nh_white,bachelors,graduate,1.1443,0.13476,1662.1
male,hispanic,nh_white,graduate,hs_or_less,0.9579,-0.04298,149.0
male,hispanic,nh_white,graduate,some_college,1.0517,0.05043,363.4
male,hispanic,nh_white,graduate,bachelors,1.1548,0.14393,1091.8
male,hispanic,nh_white,graduate,graduate,1.1506,0.14025,1489.0
male,hispanic,nh_black,hs_or_less,hs_or_less,0.8478,-0.16508,330.3
male,hispanic,nh_black,hs_or_less,some_college,1.0793,0.0763,328.0
male,hispanic,nh_black,hs_or_less,bachelors,1.2719,0.24052,124.1
male,hispanic,nh_black,hs_or_less,graduate,1.2284,0.20575,62.7
male,hispanic,nh_black,some_college,hs_or_less,0.866,-0.14388,123.1
male,hispanic,nh_black,some_college,some_college,0.9054,-0.09937,276.7
male,hispanic,nh_black,some_college,bachelors,1.3289,0.28436,155.7
male,hispanic,nh_black,some_college,graduate,1.1279,0.12038,64.6
male,hispanic,nh_black,bachelors,hs_or_less,0.9338,-0.06852,40.7
male,hispanic,nh_black,bachelors,some_college,0.808,-0.2132,62.8
male,hispanic,nh_black,bachelors,bachelors,1.1466,0.13683,138.8
male,hispanic,nh_black,bachelors,graduate,1.0231,0.02279,72.7
male,hispanic,nh_black,graduate,hs_or_less,0.9503,-0.05094,11.9
male,hispanic,nh_black,graduate,some_college,0.8603,-0.15046,17.7
male,hispanic,nh_black,graduate,bachelors,0.9169,-0.08672,33.3
male,hispanic,nh_black,graduate,graduate,0.897,-0.10875,53.5
male,hispanic,nh_asian,hs_or_less,hs_or_less,0.6817,-0.38314,212.7
male,hispanic,nh_asian,hs_or_less,some_college,0.9331,-0.06923,246.2
male,hispanic,nh_asian,hs_or_less,bachelors,0.7184,-0.33079,192.2
male,hispanic,nh_asian,hs_or_less,graduate,0.5463,-0.60456,55.2
male,hispanic,nh_asian,some_college,hs_or_less,1.0847,0.08126,136.3
male,hispanic,nh_asian,some_college,some_college,1.2156,0.19522,355.6
male,hispanic,nh_asian,some_college,bachelors,0.9686,-0.03188,348.7
male,hispanic,nh_asian,some_college,graduate,0.6656,-0.40705,108.2
male,hispanic,nh_asian,bachelors,hs_or_less,1.3542,0.30324,62.1
male,hispanic,nh_asian,bachelors,some_college,1.3346,0.2886,116.8
male,hispanic,nh_asian,bachelors,bachelors,1.1826,0.16774,465.2
male,hispanic,nh_asian,bachelors,graduate,0.9996,-0.00042,251.5
male,hispanic,nh_asian,graduate,hs_or_less,1.3144,0.27334,25.9
male,hispanic,nh_asian,graduate,some_college,1.3292,0.28458,41.0
male,hispanic,nh_asian,graduate,bachelors,1.1403,0.13131,146.7
male,hispanic,nh_asian,graduate,graduate,1.1071,0.10178,239.0
male,hispanic,nh_aian,hs_or_less,hs_or_less,1.2233,0.20154,127.4
male,hispanic,nh_aian,hs_or_less,some_college,0.9623,-0.03847,63.7
male,hispanic,nh_aian,hs_or_less,bachelors,1.2582,0.22968,26.3
male,hispanic,nh_aian,hs_or_less,graduate,1.204,0.18569,12.9
male,hispanic,nh_aian,some_college,hs_or_less,0.9111,-0.09309,30.2
male,hispanic,nh_aian,some_college,some_college,1.1669,0.15439,87.5
male,hispanic,nh_aian,some_college,bachelors,0.9789,-0.02131,15.5
male,hispanic,nh_aian,some_college,graduate,1.088,0.08435,9.3
male,hispanic,nh_aian,bachelors,hs_or_less,0.863,-0.14732,4.3
male,hispanic,nh_aian,bachelors,some_college,0.904,-0.10089,14.0
male,hispanic,nh_aian,bachelors,bachelors,0.7791,-0.24966,4.2
male,hispanic,nh_aian,bachelors,graduate,0.969,-0.03151,5.8
male,hispanic,nh_aian,graduate,hs_or_less,1.0728,0.07031,6.6
male,hispanic,nh_aian,graduate,some_college,0.902,-0.1031,1.5
male,hispanic,nh_aian,graduate,bachelors,0.9717,-0.02876,4.8
male,hispanic,nh_aian,graduate,graduate,0.8942,-0.11184,1.7
male,hispanic,nh_nhpi,hs_or_less,hs_or_less,1.1043,0.09923,41.8
male,hispanic,nh_nhpi,hs_or_less,some_college,0.9736,-0.02676,18.9
male,hispanic,nh_nhpi,hs_or_less,bachelors,0.9374,-0.0646,2.2
male,hispanic,nh_nhpi,hs_or_less,graduate,0.9778,-0.02245,0.8
male,hispanic,nh_nhpi,some_college,hs_or_less,1.1014,0.09661,18.3
male,hispanic,nh_nhpi,some_college,some_college,1.0263,0.02598,23.1
male,hispanic,nh_nhpi,some_college,bachelors,1.0384,0.03766,7.7
male,hispanic,nh_nhpi,some_college,graduate,0.9944,-0.00564,1.8
male,hispanic,nh_nhpi,bachelors,hs_or_less,0.9451,-0.05647,1.7
male,hispanic,nh_nhpi,bachelors,some_college,1.0569,0.05536,8.6
male,hispanic,nh_nhpi,bachelors,bachelors,0.9074,-0.09713,2.2
male,hispanic,nh_nhpi,bachelors,graduate,0.9849,-0.0152,2.1
male,hispanic,nh_nhpi,graduate,hs_or_less,0.972,-0.02842,0.1
male,hispanic,nh_nhpi,graduate,some_college,0.9796,-0.02062,1.0
male,hispanic,nh_nhpi,graduate,bachelors,0.9745,-0.02582,1.1
male,hispanic,nh_nhpi,graduate,graduate,1.0495,0.04827,4.4
male,hispanic,nh_twoplus,hs_or_less,hs_or_less,0.9587,-0.04215,501.1
male,hispanic,nh_twoplus,hs_or_less,some_college,0.9427,-0.05898,482.0
male,hispanic,nh_twoplus,hs_or_less,bachelors,0.8859,-0.12115,195.6
male,hispanic,nh_twoplus,hs_or_less,graduate,0.8676,-0.14206,72.0
male,hispanic,nh_twoplus,some_college,hs_or_less,0.8813,-0.12639,174.6
male,hispanic,nh_twoplus,some_college,some_college,1.0561,0.05455,577.4
male,hispanic,nh_twoplus,some_college,bachelors,0.9614,-0.03933,272.1
male,hispanic,nh_twoplus,some_college,graduate,1.0375,0.0368,116.9
male,hispanic,nh_twoplus,bachelors,hs_or_less,1.0565,0.05496,68.8
male,hispanic,nh_twoplus,bachelors,some_college,1.1807,0.16608,188.0
male,hispanic,nh_twoplus,bachelors,bachelors,1.0711,0.06869,330.9
male,hispanic,nh_twoplus,bachelors,graduate,1.1217,0.11488,171.5
male,hispanic,nh_twoplus,graduate,hs_or_less,0.9147,-0.08917,13.7
male,hispanic,nh_twoplus,graduate,some_college,1.1026,0.09769,54.1
male,hispanic,nh_twoplus,graduate,bachelors,1.0478,0.04672,106.1
male,hispanic,nh_twoplus,graduate,graduate,0.9791,-0.02115,127.4
male,hispanic,nh_other,hs_or_less,hs_or_less,1.1796,0.16517,85.1
male,hispanic,nh_other,hs_or_less,some_college,0.9822,-0.01797,51.6
male,hispanic,nh_other,hs_or_less,bachelors,1.0192,0.01903,27.2
male,hispanic,nh_other,hs_or_less,graduate,1.0243,0.02405,12.5
male,hispanic,nh_other,some_college,hs_or_less,0.9337,-0.06861,20.9
male,hispanic,nh_other,some_college,some_college,1.0208,0.02056,57.4
male,hispanic,nh_other,some_college,bachelors,1.0515,0.05025,35.2
male,hispanic,nh_other,some_college,graduate,0.9732,-0.02717,12.4
male,hispanic,nh_other,bachelors,hs_or_less,1.1398,0.13088,14.0
male,hispanic,nh_other,bachelors,some_college,0.9489,-0.05243,12.8
male,hispanic,nh_other,bachelors,bachelors,0.8489,-0.16385,22.4
male,hispanic,nh_other,bachelors,graduate,0.9607,-0.04013,16.1
male,hispanic,nh_other,graduate,hs_or_less,1.0777,0.07482,5.5
male,hispanic,nh_other,graduate,some_college,1.0478,0.04668,6.8
male,hispanic,nh_other,graduate,bachelors,0.8872,-0.11971,5.6
male,hispanic,nh_other,graduate,graduate,0.9593,-0.04155,14.1
male,nh_white,hispanic,hs_or_less,hs_or_less,0.5359,-0.62372,3286.4
male,nh_white,hispanic,hs_or_less,some_college,0.8757,-0.1327,2657.5
male,nh_white,hispanic,hs_or_less,bachelors,1.2099,0.19051,1197.3
male,nh_white,hispanic,hs_or_less,graduate,1.3469,0.29779,416.4
male,nh_white,hispanic,some_college,hs_or_less,0.6423,-0.44266,2146.1
male,nh_white,hispanic,some_college,some_college,0.911,-0.09326,4178.0
male,nh_white,hispanic,some_college,bachelors,1.3048,0.26608,2296.6
male,nh_white,hispanic,some_college,graduate,1.5172,0.4169,861.6
male,nh_white,hispanic,bachelors,hs_or_less,0.5894,-0.52858,960.6
male,nh_white,hispanic,bachelors,some_college,0.9656,-0.03498,2053.5
male,nh_white,hispanic,bachelors,bachelors,1.295,0.25852,4032.0
male,nh_white,hispanic,bachelors,graduate,1.4885,0.39777,1770.0
male,nh_white,hispanic,graduate,hs_or_less,0.642,-0.44323,360.0
male,nh_white,hispanic,graduate,some_college,0.9697,-0.03072,669.2
male,nh_white,hispanic,graduate,bachelors,1.2221,0.2006,1400.1
male,nh_white,hispanic,graduate,graduate,1.3521,0.30169,1618.5
male,nh_white,nh_white,hs_or_less,hs_or_less,1.3741,0.31781,43374.3
male,nh_white,nh_white,hs_or_less,some_college,1.1849,0.16966,33185.9
male,nh_white,nh_white,hs_or_less,bachelors,1.0184,0.01827,15273.0
male,nh_white,nh_white,hs_or_less,graduate,0.9819,-0.01824,5924.6
male,nh_white,nh_white,some_college,hs_or_less,1.085,0.08158,18253.6
male,nh_white,nh_white,some_college,some_college,0.9966,-0.00344,40944.1
male,nh_white,nh_white,some_college,bachelors,0.998,-0.00197,26183.6
male,nh_white,nh_white,some_college,graduate,1.0015,0.00146,11003.0
male,nh_white,nh_white,bachelors,hs_or_less,0.8901,-0.11647,7224.1
male,nh_white,nh_white,bachelors,some_college,0.9456,-0.05593,17136.4
male,nh_white,nh_white,bachelors,bachelors,1.075,0.07231,48807.0
male,nh_white,nh_white,bachelors,graduate,1.0672,0.06503,24264.6
male,nh_white,nh_white,graduate,hs_or_less,0.7816,-0.24643,2246.0
male,nh_white,nh_white,graduate,some_college,0.8203,-0.1981,5131.9
male,nh_white,nh_white,graduate,bachelors,0.9904,-0.00969,16848.8
male,nh_white,nh_white,graduate,graduate,0.927,-0.07584,21625.7
male,nh_white,nh_black,hs_or_less,hs_or_less,0.8199,-0.19856,465.5
male,nh_white,nh_black,hs_or_less,some_college,0.9865,-0.01359,425.8
male,nh_white,nh_black,hs_or_less,bachelors,1.2569,0.22865,169.7
male,nh_white,nh_black,hs_or_less,graduate,1.3467,0.29762,94.0
male,nh_white,nh_black,some_college,hs_or_less,0.7831,-0.24456,235.9
male,nh_white,nh_black,some_college,some_college,0.7922,-0.23299,503.8
male,nh_white,nh_black,some_college,bachelors,1.2169,0.19634,281.3
male,nh_white,nh_black,some_college,graduate,1.1401,0.13109,132.5
male,nh_white,nh_black,bachelors,hs_or_less,0.8844,-0.12286,131.6
male,nh_white,nh_black,bachelors,some_college,0.9668,-0.0338,279.8
male,nh_white,nh_black,bachelors,bachelors,1.1148,0.10865,432.7
male,nh_white,nh_black,bachelors,graduate,1.0137,0.01364,231.0
male,nh_white,nh_black,graduate,hs_or_less,0.9662,-0.03438,52.1
male,nh_white,nh_black,graduate,some_college,0.9355,-0.06664,93.9
male,nh_white,nh_black,graduate,bachelors,1.0605,0.0587,161.8
male,nh_white,nh_black,graduate,graduate,0.9164,-0.0873,217.2
male,nh_white,nh_asian,hs_or_less,hs_or_less,0.6007,-0.50968,484.2
male,nh_white,nh_asian,hs_or_less,some_college,0.658,-0.41856,420.1
male,nh_white,nh_asian,hs_or_less,bachelors,0.7325,-0.31125,491.1
male,nh_white,nh_asian,hs_or_less,graduate,0.5364,-0.62294,154.3
male,nh_white,nh_asian,some_college,hs_or_less,0.9989,-0.00106,441.0
male,nh_white,nh_asian,some_college,some_college,0.9066,-0.09801,885.4
male,nh_white,nh_asian,some_college,bachelors,0.9106,-0.09363,1102.9
male,nh_white,nh_asian,some_college,graduate,0.6878,-0.37425,415.5
male,nh_white,nh_asian,bachelors,hs_or_less,1.4659,0.38244,320.0
male,nh_white,nh_asian,bachelors,some_college,1.3416,0.29383,606.3
male,nh_white,nh_asian,bachelors,bachelors,1.0574,0.0558,2278.7
male,nh_white,nh_asian,bachelors,graduate,1.0085,0.00845,1382.5
male,nh_white,nh_asian,graduate,hs_or_less,1.7801,0.57669,155.3
male,nh_white,nh_asian,graduate,some_college,1.7275,0.54666,265.3
male,nh_white,nh_asian,graduate,bachelors,1.3519,0.30153,1059.2
male,nh_white,nh_asian,graduate,graduate,1.3021,0.26398,1723.5
male,nh_white,nh_aian,hs_or_less,hs_or_less,1.2705,0.23942,337.1
male,nh_white,nh_aian,hs_or_less,some_college,1.2542,0.22646,231.3
male,nh_white,nh_aian,hs_or_less,bachelors,1.4163,0.34804,64.3
male,nh_white,nh_aian,hs_or_less,graduate,1.1938,0.1771,21.3
male,nh_white,nh_aian,some_college,hs_or_less,1.0797,0.07672,154.8
male,nh_white,nh_aian,some_college,some_college,0.9026,-0.10252,235.1
male,nh_white,nh_aian,some_college,bachelors,1.3046,0.2659,92.1
male,nh_white,nh_aian,some_college,graduate,1.2194,0.1984,34.0
male,nh_white,nh_aian,bachelors,hs_or_less,0.6975,-0.36028,34.8
male,nh_white,nh_aian,bachelors,some_college,0.8049,-0.21704,87.4
male,nh_white,nh_aian,bachelors,bachelors,0.9246,-0.07839,95.6
male,nh_white,nh_aian,bachelors,graduate,1.0146,0.01449,43.9
male,nh_white,nh_aian,graduate,hs_or_less,0.9594,-0.04145,22.0
male,nh_white,nh_aian,graduate,some_college,0.7264,-0.31967,18.0
male,nh_white,nh_aian,graduate,bachelors,0.8097,-0.2111,25.7
male,nh_white,nh_aian,graduate,graduate,0.8057,-0.21607,28.7
male,nh_white,nh_nhpi,hs_or_less,hs_or_less,0.8493,-0.16339,33.4
male,nh_white,nh_nhpi,hs_or_less,some_college,1.0996,0.09495,34.3
male,nh_white,nh_nhpi,hs_or_less,bachelors,1.2103,0.1909,15.4
male,nh_white,nh_nhpi,hs_or_less,graduate,1.0754,0.07268,5.1
male,nh_white,nh_nhpi,some_college,hs_or_less,0.9307,-0.07181,21.2
male,nh_white,nh_nhpi,some_college,some_college,0.9524,-0.04881,38.1
male,nh_white,nh_nhpi,some_college,bachelors,1.2154,0.19506,21.8
male,nh_white,nh_nhpi,some_college,graduate,1.1253,0.11805,9.1
male,nh_white,nh_nhpi,bachelors,hs_or_less,0.9025,-0.10259,7.8
male,nh_white,nh_nhpi,bachelors,some_college,0.8833,-0.12414,12.2
male,nh_white,nh_nhpi,bachelors,bachelors,0.97,-0.03041,18.5
male,nh_white,nh_nhpi,bachelors,graduate,0.9865,-0.01361,7.8
male,nh_white,nh_nhpi,graduate,hs_or_less,0.9559,-0.04515,2.6
male,nh_white,nh_nhpi,graduate,some_college,1.0646,0.06257,9.4
male,nh_white,nh_nhpi,graduate,bachelors,0.9498,-0.05153,5.4
male,nh_white,nh_nhpi,graduate,graduate,0.9206,-0.08277,4.6
male,nh_white,nh_twoplus,hs_or_less,hs_or_less,1.2401,0.21521,1891.2
male,nh_white,nh_twoplus,hs_or_less,some_college,1.2016,0.18368,1762.6
male,nh_white,nh_twoplus,hs_or_less,bachelors,1.0361,0.03547,656.4
male,nh_white,nh_twoplus,hs_or_less,graduate,0.9094,-0.09495,216.6
male,nh_white,nh_twoplus,some_college,hs_or_less,1.0314,0.03094,853.1
male,nh_white,nh_twoplus,some_college,some_college,0.9275,-0.07522,2032.8
male,nh_white,nh_twoplus,some_college,bachelors,1.047,0.04596,1180.0
male,nh_white,nh_twoplus,some_college,graduate,1.0545,0.05307,475.5
male,nh_white,nh_twoplus,bachelors,hs_or_less,0.8766,-0.13168,358.0
male,nh_white,nh_twoplus,bachelors,some_college,0.9708,-0.02959,972.9
male,nh_white,nh_twoplus,bachelors,bachelors,1.1287,0.12107,2255.9
male,nh_white,nh_twoplus,bachelors,graduate,1.1504,0.14013,1098.9
male,nh_white,nh_twoplus,graduate,hs_or_less,0.7314,-0.31278,89.1
male,nh_white,nh_twoplus,graduate,some_college,0.8571,-0.1542,282.0
male,nh_white,nh_twoplus,graduate,bachelors,1.0013,0.00131,730.5
male,nh_white,nh_twoplus,graduate,graduate,0.972,-0.02842,930.4
male,nh_white,nh_other,hs_or_less,hs_or_less,0.8695,-0.13982,50.2
male,nh_white,nh_other,hs_or_less,some_college,0.7172,-0.33234,23.5
male,nh_white,nh_other,hs_or_less,bachelors,1.2335,0.2099,37.9
male,nh_white,nh_other,hs_or_less,graduate,1.0678,0.06562,13.7
male,nh_white,nh_other,some_college,hs_or_less,0.9032,-0.10177,27.4
male,nh_white,nh_other,some_college,some_college,0.9547,-0.04631,70.5
male,nh_white,nh_other,some_college,bachelors,0.9711,-0.02936,40.3
male,nh_white,nh_other,some_college,graduate,0.9842,-0.01592,18.1
male,nh_white,nh_other,bachelors,hs_or_less,1.0531,0.05173,20.0
male,nh_white,nh_other,bachelors,some_college,0.9822,-0.01793,32.8
male,nh_white,nh_other,bachelors,bachelors,1.1037,0.09868,85.0
male,nh_white,nh_other,bachelors,graduate,0.9192,-0.08424,33.0
male,nh_white,nh_other,graduate,hs_or_less,1.155,0.14412,12.5
male,nh_white,nh_other,graduate,some_college,1.0414,0.04055,13.8
male,nh_white,nh_other,graduate,bachelors,1.1509,0.14051,38.0
male,nh_white,nh_other,graduate,graduate,1.0167,0.01657,41.9
male,nh_black,hispanic,hs_or_less,hs_or_less,0.6623,-0.41198,1146.2
male,nh_black,hispanic,hs_or_less,some_college,0.9836,-0.01654,826.7
male,nh_black,hispanic,hs_or_less,bachelors,0.8678,-0.14181,229.8
male,nh_black,hispanic,hs_or_less,graduate,1.2271,0.20466,112.9
male,nh_black,hispanic,some_college,hs_or_less,0.8505,-0.16191,641.7
male,nh_black,hispanic,some_college,some_college,1.0891,0.08535,1121.7
male,nh_black,hispanic,some_college,bachelors,1.0321,0.03162,407.4
male,nh_black,hispanic,some_college,graduate,1.1199,0.11326,146.1
male,nh_black,hispanic,bachelors,hs_or_less,0.8521,-0.16003,193.6
male,nh_black,hispanic,bachelors,some_college,1.0526,0.05122,306.9
male,nh_black,hispanic,bachelors,bachelors,0.9824,-0.01778,414.8
male,nh_black,hispanic,bachelors,graduate,1.3139,0.27302,231.1
male,nh_black,hispanic,graduate,hs_or_less,1.0361,0.03544,81.5
male,nh_black,hispanic,graduate,some_college,1.1186,0.11204,104.6
male,nh_black,hispanic,graduate,bachelors,0.8857,-0.12141,125.6
male,nh_black,hispanic,graduate,graduate,1.133,0.12484,181.7
male,nh_black,nh_white,hs_or_less,hs_or_less,1.2987,0.26136,2293.8
male,nh_black,nh_white,hs_or_less,some_college,1.0626,0.06072,1648.6
male,nh_black,nh_white,hs_or_less,bachelors,0.7713,-0.25965,618.6
male,nh_black,nh_white,hs_or_less,graduate,0.9882,-0.01187,333.3
male,nh_black,nh_white,some_college,hs_or_less,1.3961,0.33368,1051.1
male,nh_black,nh_white,some_college,some_college,0.9866,-0.01348,1783.3
male,nh_black,nh_white,some_college,bachelors,0.818,-0.20087,934.9
male,nh_black,nh_white,some_college,graduate,0.9957,-0.00428,485.4
male,nh_black,nh_white,bachelors,hs_or_less,1.1638,0.15172,264.5
male,nh_black,nh_white,bachelors,some_college,1.1516,0.14114,572.6
male,nh_black,nh_white,bachelors,bachelors,0.8791,-0.12885,1061.3
male,nh_black,nh_white,bachelors,graduate,0.9472,-0.05429,597.9
male,nh_black,nh_white,graduate,hs_or_less,1.1001,0.09538,84.7
male,nh_black,nh_white,graduate,some_college,1.0966,0.09225,178.6
male,nh_black,nh_white,graduate,bachelors,0.7406,-0.30035,305.9
male,nh_black,nh_white,graduate,graduate,0.8499,-0.1626,500.7
male,nh_black,nh_black,hs_or_less,hs_or_less,1.1689,0.15609,11792.5
male,nh_black,nh_black,hs_or_less,some_college,1.0732,0.07062,8069.3
male,nh_black,nh_black,hs_or_less,bachelors,1.2345,0.21071,2737.7
male,nh_black,nh_black,hs_or_less,graduate,1.3232,0.28007,1451.7
male,nh_black,nh_black,some_college,hs_or_less,0.8687,-0.14079,3775.8
male,nh_black,nh_black,some_college,some_college,0.8828,-0.1247,7906.5
male,nh_black,nh_black,some_college,bachelors,1.0007,0.00069,3117.0
male,nh_black,nh_black,some_college,graduate,1.1501,0.13981,1801.3
male,nh_black,nh_black,bachelors,hs_or_less,0.8926,-0.11356,1185.4
male,nh_black,nh_black,bachelors,some_college,0.8048,-0.21722,2010.0
male,nh_black,nh_black,bachelors,bachelors,0.9008,-0.10444,2964.1
male,nh_black,nh_black,bachelors,graduate,0.8851,-0.12208,1796.0
male,nh_black,nh_black,graduate,hs_or_less,1.1556,0.14459,519.6
male,nh_black,nh_black,graduate,some_college,0.9303,-0.07228,767.4
male,nh_black,nh_black,graduate,bachelors,0.9262,-0.07672,1110.8
male,nh_black,nh_black,graduate,graduate,0.9697,-0.03078,1899.9
male,nh_black,nh_asian,hs_or_less,hs_or_less,0.8955,-0.11041,113.0
male,nh_black,nh_asian,hs_or_less,some_college,0.777,-0.25228,67.5
male,nh_black,nh_asian,hs_or_less,bachelors,0.7934,-0.23143,72.1
male,nh_black,nh_asian,hs_or_less,graduate,0.7423,-0.29795,25.7
male,nh_black,nh_asian,some_college,hs_or_less,1.124,0.11693,65.7
male,nh_black,nh_asian,some_college,some_college,1.2701,0.23909,159.5
male,nh_black,nh_asian,some_college,bachelors,0.9407,-0.06117,136.4
male,nh_black,nh_asian,some_college,graduate,0.6847,-0.37875,37.6
male,nh_black,nh_asian,bachelors,hs_or_less,1.59,0.46375,43.3
male,nh_black,nh_asian,bachelors,some_college,1.3258,0.28204,53.9
male,nh_black,nh_asian,bachelors,bachelors,0.8576,-0.15363,129.0
male,nh_black,nh_asian,bachelors,graduate,0.8702,-0.13907,84.0
male,nh_black,nh_asian,graduate,hs_or_less,1.2019,0.18387,13.5
male,nh_black,nh_asian,graduate,some_college,1.3531,0.30241,25.1
male,nh_black,nh_asian,graduate,bachelors,1.0004,0.00038,54.0
male,nh_black,nh_asian,graduate,graduate,1.0369,0.03623,96.8
male,nh_black,nh_aian,hs_or_less,hs_or_less,1.1538,0.14303,58.8
male,nh_black,nh_aian,hs_or_less,some_college,1.1828,0.16788,44.1
male,nh_black,nh_aian,hs_or_less,bachelors,1.0742,0.07158,9.7
male,nh_black,nh_aian,hs_or_less,graduate,0.9786,-0.02166,1.4
male,nh_black,nh_aian,some_college,hs_or_less,1.0349,0.03429,22.1
male,nh_black,nh_aian,some_college,some_college,0.8595,-0.15142,26.7
male,nh_black,nh_aian,some_college,bachelors,0.8608,-0.14984,2.0
male,nh_black,nh_aian,some_college,graduate,0.9527,-0.04851,1.1
male,nh_black,nh_aian,bachelors,hs_or_less,1.0942,0.08999,10.2
male,nh_black,nh_aian,bachelors,some_college,0.9782,-0.022,9.5
male,nh_black,nh_aian,bachelors,bachelors,1.0099,0.00986,9.9
male,nh_black,nh_aian,bachelors,graduate,0.9396,-0.06235,1.3
male,nh_black,nh_aian,graduate,hs_or_less,0.9809,-0.01926,1.3
male,nh_black,nh_aian,graduate,some_college,1.0469,0.04581,5.4
male,nh_black,nh_aian,graduate,bachelors,0.9818,-0.01836,2.7
male,nh_black,nh_aian,graduate,graduate,0.9333,-0.06904,1.0
male,nh_black,nh_nhpi,hs_or_less,hs_or_less,0.9837,-0.01646,26.1
male,nh_black,nh_nhpi,hs_or_less,some_college,1.0067,0.0067,16.6
male,nh_black,nh_nhpi,hs_or_less,bachelors,1.0745,0.07186,6.9
male,nh_black,nh_nhpi,hs_or_less,graduate,1.0293,0.02889,2.4
male,nh_black,nh_nhpi,some_college,hs_or_less,1.3207,0.27814,26.6
male,nh_black,nh_nhpi,some_college,some_college,0.8787,-0.12935,12.2
male,nh_black,nh_nhpi,some_college,bachelors,1.0138,0.01374,6.1
male,nh_black,nh_nhpi,some_college,graduate,0.9774,-0.02281,1.0
male,nh_black,nh_nhpi,bachelors,hs_or_less,0.9174,-0.08623,0.1
male,nh_black,nh_nhpi,bachelors,some_college,0.9824,-0.01777,4.7
male,nh_black,nh_nhpi,bachelors,bachelors,0.9434,-0.05823,3.3
male,nh_black,nh_nhpi,bachelors,graduate,0.954,-0.04708,0.6
male,nh_black,nh_nhpi,graduate,hs_or_less,1.0365,0.03585,2.6
male,nh_black,nh_nhpi,graduate,some_college,0.96,-0.04081,0.1
male,nh_black,nh_nhpi,graduate,bachelors,1.0388,0.03807,3.7
male,nh_black,nh_nhpi,graduate,graduate,0.9469,-0.05451,0.1
male,nh_black,nh_twoplus,hs_or_less,hs_or_less,1.0206,0.02043,463.2
male,nh_black,nh_twoplus,hs_or_less,some_college,1.1999,0.18226,529.9
male,nh_black,nh_twoplus,hs_or_less,bachelors,0.7245,-0.32223,122.3
male,nh_black,nh_twoplus,hs_or_less,graduate,1.1994,0.18181,95.3
male,nh_black,nh_twoplus,some_college,hs_or_less,1.019,0.01878,202.6
male,nh_black,nh_twoplus,some_college,some_college,1.0273,0.02694,541.6
male,nh_black,nh_twoplus,some_college,bachelors,0.96,-0.0408,257.5
male,nh_black,nh_twoplus,some_college,graduate,1.1916,0.17531,136.4
male,nh_black,nh_twoplus,bachelors,hs_or_less,1.0485,0.04738,65.4
male,nh_black,nh_twoplus,bachelors,some_college,1.1616,0.14979,177.1
male,nh_black,nh_twoplus,bachelors,bachelors,0.8478,-0.16513,239.2
male,nh_black,nh_twoplus,bachelors,graduate,1.0143,0.01418,146.9
male,nh_black,nh_twoplus,graduate,hs_or_less,0.9427,-0.05901,15.8
male,nh_black,nh_twoplus,graduate,some_college,1.0268,0.02641,49.0
male,nh_black,nh_twoplus,graduate,bachelors,0.8213,-0.19686,75.0
male,nh_black,nh_twoplus,graduate,graduate,0.9425,-0.05925,124.2
male,nh_black,nh_other,hs_or_less,hs_or_less,1.0383,0.03755,32.3
male,nh_black,nh_other,hs_or_less,some_college,0.8897,-0.11691,16.4
male,nh_black,nh_other,hs_or_less,bachelors,1.0703,0.06793,14.5
male,nh_black,nh_other,hs_or_less,graduate,0.9871,-0.01299,4.4
male,nh_black,nh_other,some_college,hs_or_less,1.1929,0.17635,22.1
male,nh_black,nh_other,some_college,some_college,1.0557,0.05417,31.6
male,nh_black,nh_other,some_college,bachelors,0.8965,-0.1093,9.9
male,nh_black,nh_other,some_college,graduate,0.9047,-0.10016,2.6
male,nh_black,nh_other,bachelors,hs_or_less,1.0891,0.08531,7.6
male,nh_black,nh_other,bachelors,some_college,0.989,-0.01103,7.3
male,nh_black,nh_other,bachelors,bachelors,0.8851,-0.122,10.1
male,nh_black,nh_other,bachelors,graduate,1.0444,0.0434,11.4
male,nh_black,nh_other,graduate,hs_or_less,1.0153,0.01518,1.9
male,nh_black,nh_other,graduate,some_college,1.0282,0.0278,3.7
male,nh_black,nh_other,graduate,bachelors,1.1157,0.10945,11.0
male,nh_black,nh_other,graduate,graduate,0.8652,-0.14475,2.0
male,nh_asian,hispanic,hs_or_less,hs_or_less,0.6163,-0.48399,116.6
male,nh_asian,hispanic,hs_or_less,some_college,0.9831,-0.01707,99.6
male,nh_asian,hispanic,hs_or_less,bachelors,1.1529,0.14224,45.0
male,nh_asian,hispanic,hs_or_less,graduate,1.1034,0.0984,16.5
male,nh_asian,hispanic,some_college,hs_or_less,0.836,-0.17914,107.5
male,nh_asian,hispanic,some_college,some_college,1.2347,0.21085,227.7
male,nh_asian,hispanic,some_college,bachelors,1.4223,0.35229,112.1
male,nh_asian,hispanic,some_college,graduate,1.386,0.32642,45.5
male,nh_asian,hispanic,bachelors,hs_or_less,0.7503,-0.28722,73.6
male,nh_asian,hispanic,bachelors,some_college,0.9192,-0.08429,123.3
male,nh_asian,hispanic,bachelors,bachelors,1.2206,0.19935,256.4
male,nh_asian,hispanic,bachelors,graduate,1.1015,0.09665,96.3
male,nh_asian,hispanic,graduate,hs_or_less,0.7927,-0.23234,39.1
male,nh_asian,hispanic,graduate,some_college,0.7827,-0.24506,48.2
male,nh_asian,hispanic,graduate,bachelors,0.9951,-0.00493,122.7
male,nh_asian,hispanic,graduate,graduate,1.1139,0.10785,146.1
male,nh_asian,nh_white,hs_or_less,hs_or_less,0.6745,-0.39385,155.1
male,nh_asian,nh_white,hs_or_less,some_college,0.7226,-0.32487,148.8
male,nh_asian,nh_white,hs_or_less,bachelors,0.8808,-0.12692,102.5
male,nh_asian,nh_white,hs_or_less,graduate,1.1574,0.14617,67.3
male,nh_asian,nh_white,some_college,hs_or_less,0.8667,-0.14304,129.9
male,nh_asian,nh_white,some_college,some_college,0.9263,-0.07657,348.9
male,nh_asian,nh_white,some_college,bachelors,1.1308,0.12294,279.6
male,nh_asian,nh_white,some_college,graduate,1.0352,0.03455,114.0
male,nh_asian,nh_white,bachelors,hs_or_less,0.9913,-0.0087,122.5
male,nh_asian,nh_white,bachelors,some_college,0.991,-0.00908,273.8
male,nh_asian,nh_white,bachelors,bachelors,1.2658,0.23569,884.6
male,nh_asian,nh_white,bachelors,graduate,1.198,0.1807,455.2
male,nh_asian,nh_white,graduate,hs_or_less,0.8095,-0.21135,44.9
male,nh_asian,nh_white,graduate,some_college,1.0182,0.01803,148.6
male,nh_asian,nh_white,graduate,bachelors,1.2998,0.26221,548.4
male,nh_asian,nh_white,graduate,graduate,1.3419,0.29408,763.6
male,nh_asian,nh_black,hs_or_less,hs_or_less,0.873,-0.13581,13.5
male,nh_asian,nh_black,hs_or_less,some_college,1.1565,0.14538,24.4
male,nh_asian,nh_black,hs_or_less,bachelors,1.117,0.11067,9.7
male,nh_asian,nh_black,hs_or_less,graduate,0.978,-0.02229,1.6
male,nh_asian,nh_black,some_college,hs_or_less,0.9509,-0.05038,10.7
male,nh_asian,nh_black,some_college,some_college,1.0336,0.03308,29.9
male,nh_asian,nh_black,some_college,bachelors,1.0127,0.0126,10.3
male,nh_asian,nh_black,some_college,graduate,1.0718,0.06936,8.2
male,nh_asian,nh_black,bachelors,hs_or_less,0.9835,-0.0166,10.1
male,nh_asian,nh_black,bachelors,some_college,0.9148,-0.08905,15.6
male,nh_asian,nh_black,bachelors,bachelors,1.0889,0.08513,33.1
male,nh_asian,nh_black,bachelors,graduate,0.8258,-0.19141,7.1
male,nh_asian,nh_black,graduate,hs_or_less,0.9875,-0.01261,5.3
male,nh_asian,nh_black,graduate,some_college,1.1232,0.11617,17.0
male,nh_asian,nh_black,graduate,bachelors,1.0661,0.06399,20.1
male,nh_asian,nh_black,graduate,graduate,0.8885,-0.11824,18.7
male,nh_asian,nh_asian,hs_or_less,hs_or_less,2.7415,1.0085,3293.1
male,nh_asian,nh_asian,hs_or_less,some_college,1.1963,0.17923,1070.1
male,nh_asian,nh_asian,hs_or_less,bachelors,0.8655,-0.14446,838.7
male,nh_asian,nh_asian,hs_or_less,graduate,0.7,-0.35661,346.7
male,nh_asian,nh_asian,some_college,hs_or_less,1.2126,0.19275,891.8
male,nh_asian,nh_asian,some_college,some_college,1.0312,0.03075,1595.5
male,nh_asian,nh_asian,some_college,bachelors,0.7174,-0.33212,1400.8
male,nh_asian,nh_asian,some_college,graduate,0.4977,-0.69785,510.6
male,nh_asian,nh_asian,bachelors,hs_or_less,1.5116,0.41316,869.8
male,nh_asian,nh_asian,bachelors,some_college,0.9159,-0.08788,1063.8
male,nh_asian,nh_asian,bachelors,bachelors,0.9547,-0.04639,5494.6
male,nh_asian,nh_asian,bachelors,graduate,0.7104,-0.34198,2796.0
male,nh_asian,nh_asian,graduate,hs_or_less,1.2403,0.21539,374.2
male,nh_asian,nh_asian,graduate,some_college,0.8162,-0.2031,490.6
male,nh_asian,nh_asian,graduate,bachelors,0.9851,-0.01497,3408.0
male,nh_asian,nh_asian,graduate,graduate,1.2039,0.18556,7299.3
male,nh_asian,nh_aian,hs_or_less,hs_or_less,1.085,0.08161,7.9
male,nh_asian,nh_aian,hs_or_less,some_college,1.0125,0.01242,3.6
male,nh_asian,nh_aian,hs_or_less,bachelors,0.984,-0.01616,0.0
male,nh_asian,nh_aian,hs_or_less,graduate,1.026,0.0257,1.2
male,nh_asian,nh_aian,some_college,hs_or_less,1.0013,0.00131,2.8
male,nh_asian,nh_aian,some_college,some_college,0.9616,-0.03912,3.5
male,nh_asian,nh_aian,some_college,bachelors,0.99,-0.01007,0.8
male,nh_asian,nh_aian,some_college,graduate,1.0158,0.0157,1.1
male,nh_asian,nh_aian,bachelors,hs_or_less,0.9925,-0.00757,2.0
male,nh_asian,nh_aian,bachelors,some_college,0.9907,-0.00931,3.5
male,nh_asian,nh_aian,bachelors,bachelors,1.0066,0.00654,3.8
male,nh_asian,nh_aian,bachelors,graduate,0.9833,-0.01689,0.8
male,nh_asian,nh_aian,graduate,hs_or_less,0.9831,-0.01709,0.5
male,nh_asian,nh_aian,graduate,some_college,0.9679,-0.03261,0.8
male,nh_asian,nh_aian,graduate,bachelors,1.022,0.0218,3.0
male,nh_asian,nh_aian,graduate,graduate,0.9839,-0.01628,1.5
male,nh_asian,nh_nhpi,hs_or_less,hs_or_less,0.9656,-0.035,3.3
male,nh_asian,nh_nhpi,hs_or_less,some_college,1.011,0.01096,3.3
male,nh_asian,nh_nhpi,hs_or_less,bachelors,1.0201,0.01992,1.5
male,nh_asian,nh_nhpi,hs_or_less,graduate,1.0121,0.01198,0.7
male,nh_asian,nh_nhpi,some_college,hs_or_less,0.9999,-7e-05,3.0
male,nh_asian,nh_nhpi,some_college,some_college,1.0534,0.05202,7.1
male,nh_asian,nh_nhpi,some_college,bachelors,1.0381,0.0374,2.9
male,nh_asian,nh_nhpi,some_college,graduate,0.9874,-0.0127,0.0
male,nh_asian,nh_nhpi,bachelors,hs_or_less,0.9583,-0.04259,0.8
male,nh_asian,nh_nhpi,bachelors,some_college,1.0647,0.06267,6.4
male,nh_asian,nh_nhpi,bachelors,bachelors,0.9674,-0.03317,2.6
male,nh_asian,nh_nhpi,bachelors,graduate,1.0044,0.00439,1.9
male,nh_asian,nh_nhpi,graduate,hs_or_less,1.0214,0.0212,2.2
male,nh_asian,nh_nhpi,graduate,some_college,0.9532,-0.04798,0.0
male,nh_asian,nh_nhpi,graduate,bachelors,0.9579,-0.04297,0.6
male,nh_asian,nh_nhpi,graduate,graduate,0.9939,-0.00607,2.4
male,nh_asian,nh_twoplus,hs_or_less,hs_or_less,1.0078,0.00781,47.4
male,nh_asian,nh_twoplus,hs_or_less,some_college,0.8963,-0.10946,37.2
male,nh_asian,nh_twoplus,hs_or_less,bachelors,1.0616,0.05978,23.8
male,nh_asian,nh_twoplus,hs_or_less,graduate,1.154,0.1432,15.4
male,nh_asian,nh_twoplus,some_college,hs_or_less,1.0141,0.01396,30.5
male,nh_asian,nh_twoplus,some_college,some_college,1.1244,0.11725,94.4
male,nh_asian,nh_twoplus,some_college,bachelors,0.9351,-0.0671,35.7
male,nh_asian,nh_twoplus,some_college,graduate,0.927,-0.07575,13.4
male,nh_asian,nh_twoplus,bachelors,hs_or_less,0.8221,-0.19592,12.7
male,nh_asian,nh_twoplus,bachelors,some_college,1.0055,0.00553,61.6
male,nh_asian,nh_twoplus,bachelors,bachelors,1.3616,0.30868,176.0
male,nh_asian,nh_twoplus,bachelors,graduate,0.9494,-0.05197,57.4
male,nh_asian,nh_twoplus,graduate,hs_or_less,0.9251,-0.07781,9.2
male,nh_asian,nh_twoplus,graduate,some_college,0.9396,-0.06226,28.3
male,nh_asian,nh_twoplus,graduate,bachelors,1.0817,0.07852,81.9
male,nh_asian,nh_twoplus,graduate,graduate,0.9098,-0.09448,82.7
male,nh_asian,nh_other,hs_or_less,hs_or_less,1.012,0.01193,3.3
male,nh_asian,nh_other,hs_or_less,some_college,0.9612,-0.03959,0.6
male,nh_asian,nh_other,hs_or_less,bachelors,0.9991,-0.00085,1.1
male,nh_asian,nh_other,hs_or_less,graduate,0.9911,-0.00898,0.2
male,nh_asian,nh_other,some_college,hs_or_less,0.9755,-0.02481,0.8
male,nh_asian,nh_other,some_college,some_college,1.0352,0.03463,5.3
male,nh_asian,nh_other,some_college,bachelors,1.0452,0.0442,4.0
male,nh_asian,nh_other,some_college,graduate,1.0066,0.00663,1.3
male,nh_asian,nh_other,bachelors,hs_or_less,0.9843,-0.0158,0.8
male,nh_asian,nh_other,bachelors,some_college,0.9767,-0.02361,1.9
male,nh_asian,nh_other,bachelors,bachelors,0.9602,-0.04058,4.5
male,nh_asian,nh_other,bachelors,graduate,1.0015,0.00149,3.6
male,nh_asian,nh_other,graduate,hs_or_less,1.0011,0.0011,0.8
male,nh_asian,nh_other,graduate,some_college,0.9818,-0.01839,0.8
male,nh_asian,nh_other,graduate,bachelors,0.9507,-0.05059,1.7
male,nh_asian,nh_other,graduate,graduate,1.1311,0.12321,10.8
male,nh_aian,hispanic,hs_or_less,hs_or_less,1.0732,0.07067,79.9
male,nh_aian,hispanic,hs_or_less,some_college,1.0449,0.04392,39.6
male,nh_aian,hispanic,hs_or_less,bachelors,0.9333,-0.06903,8.0
male,nh_aian,hispanic,hs_or_less,graduate,1.0377,0.03699,4.9
male,nh_aian,hispanic,some_college,hs_or_less,1.046,0.04496,27.3
male,nh_aian,hispanic,some_college,some_college,0.9313,-0.07121,28.1
male,nh_aian,hispanic,some_college,bachelors,1.0491,0.04796,15.1
male,nh_aian,hispanic,some_college,graduate,1.0043,0.00432,4.2
male,nh_aian,hispanic,bachelors,hs_or_less,0.955,-0.04608,2.7
male,nh_aian,hispanic,bachelors,some_college,0.969,-0.03148,4.3
male,nh_aian,hispanic,bachelors,bachelors,0.9747,-0.0256,7.1
male,nh_aian,hispanic,bachelors,graduate,1.0391,0.03838,4.9
male,nh_aian,hispanic,graduate,hs_or_less,1.0,4e-05,1.4
male,nh_aian,hispanic,graduate,some_college,0.9734,-0.02697,0.5
male,nh_aian,hispanic,graduate,bachelors,0.9691,-0.03142,1.3
male,nh_aian,hispanic,graduate,graduate,1.0146,0.01454,3.3
male,nh_aian,nh_white,hs_or_less,hs_or_less,1.2146,0.19443,205.9
male,nh_aian,nh_white,hs_or_less,some_college,1.0928,0.08876,163.0
male,nh_aian,nh_white,hs_or_less,bachelors,0.7728,-0.25773,49.5
male,nh_aian,nh_white,hs_or_less,graduate,0.8552,-0.15645,19.6
male,nh_aian,nh_white,some_college,hs_or_less,1.2691,0.23833,78.0
male,nh_aian,nh_white,some_college,some_college,1.1258,0.11852,153.9
male,nh_aian,nh_white,some_college,bachelors,0.9067,-0.09797,72.5
male,nh_aian,nh_white,some_college,graduate,0.8893,-0.11729,27.0
male,nh_aian,nh_white,bachelors,hs_or_less,1.2754,0.24325,22.5
male,nh_aian,nh_white,bachelors,some_college,1.1214,0.11453,29.8
male,nh_aian,nh_white,bachelors,bachelors,0.8838,-0.12358,43.8
male,nh_aian,nh_white,bachelors,graduate,0.9055,-0.09924,22.1
male,nh_aian,nh_white,graduate,hs_or_less,0.996,-0.00403,2.9
male,nh_aian,nh_white,graduate,some_college,1.0181,0.01789,7.5
male,nh_aian,nh_white,graduate,bachelors,0.943,-0.05871,14.5
male,nh_aian,nh_white,graduate,graduate,0.9042,-0.10072,18.1
male,nh_aian,nh_black,hs_or_less,hs_or_less,0.9483,-0.05313,7.9
male,nh_aian,nh_black,hs_or_less,some_college,1.0089,0.00888,8.3
male,nh_aian,nh_black,hs_or_less,bachelors,1.0652,0.06312,4.9
male,nh_aian,nh_black,hs_or_less,graduate,1.0572,0.05561,3.3
male,nh_aian,nh_black,some_college,hs_or_less,1.0001,0.00011,3.6
male,nh_aian,nh_black,some_college,some_college,1.0171,0.01694,8.2
male,nh_aian,nh_black,some_college,bachelors,0.961,-0.03975,0.9
male,nh_aian,nh_black,some_college,graduate,0.9754,-0.02494,0.3
male,nh_aian,nh_black,bachelors,hs_or_less,0.9959,-0.00406,0.5
male,nh_aian,nh_black,bachelors,some_college,1.0026,0.00256,1.4
male,nh_aian,nh_black,bachelors,bachelors,1.0129,0.01282,2.2
male,nh_aian,nh_black,bachelors,graduate,0.9762,-0.02409,0.1
male,nh_aian,nh_black,graduate,hs_or_less,0.9962,-0.0038,0.1
male,nh_aian,nh_black,graduate,some_college,0.9902,-0.00982,0.0
male,nh_aian,nh_black,graduate,bachelors,1.0063,0.00625,0.8
male,nh_aian,nh_black,graduate,graduate,0.9933,-0.0067,0.6
male,nh_aian,nh_asian,hs_or_less,hs_or_less,1.0254,0.02505,7.5
male,nh_aian,nh_asian,hs_or_less,some_college,0.9847,-0.01545,4.5
male,nh_aian,nh_asian,hs_or_less,bachelors,0.9359,-0.06623,2.3
male,nh_aian,nh_asian,hs_or_less,graduate,0.9645,-0.03614,0.9
male,nh_aian,nh_asian,some_college,hs_or_less,1.082,0.07884,5.3
male,nh_aian,nh_asian,some_college,some_college,1.1263,0.11893,9.7
male,nh_aian,nh_asian,some_college,bachelors,0.9113,-0.09291,1.6
male,nh_aian,nh_asian,some_college,graduate,0.9489,-0.05243,0.7
male,nh_aian,nh_asian,bachelors,hs_or_less,0.9903,-0.00977,0.0
male,nh_aian,nh_asian,bachelors,some_college,1.0537,0.05233,2.8
male,nh_aian,nh_asian,bachelors,bachelors,0.992,-0.00803,3.4
male,nh_aian,nh_asian,bachelors,graduate,0.997,-0.00299,2.2
male,nh_aian,nh_asian,graduate,hs_or_less,1.0086,0.00853,0.4
male,nh_aian,nh_asian,graduate,some_college,1.0058,0.00574,0.4
male,nh_aian,nh_asian,graduate,bachelors,0.9906,-0.00942,0.8
male,nh_aian,nh_asian,graduate,graduate,1.004,0.00394,2.1
male,nh_aian,nh_aian,hs_or_less,hs_or_less,1.1069,0.10153,272.6
male,nh_aian,nh_aian,hs_or_less,some_college,0.9188,-0.08467,149.5
male,nh_aian,nh_aian,hs_or_less,bachelors,0.9857,-0.01439,32.1
male,nh_aian,nh_aian,hs_or_less,graduate,1.0964,0.09206,15.5
male,nh_aian,nh_aian,some_college,hs_or_less,0.8946,-0.11139,69.5
male,nh_aian,nh_aian,some_college,some_college,0.9474,-0.05402,145.6
male,nh_aian,nh_aian,some_college,bachelors,0.9659,-0.03474,34.2
male,nh_aian,nh_aian,some_college,graduate,0.9792,-0.02101,11.7
male,nh_aian,nh_aian,bachelors,hs_or_less,0.9419,-0.05983,12.5
male,nh_aian,nh_aian,bachelors,some_college,1.0037,0.00372,27.1
male,nh_aian,nh_aian,bachelors,bachelors,0.9839,-0.01627,22.9
male,nh_aian,nh_aian,bachelors,graduate,1.0642,0.06222,13.4
male,nh_aian,nh_aian,graduate,hs_or_less,1.0073,0.00723,5.0
male,nh_aian,nh_aian,graduate,some_college,1.1092,0.10361,12.8
male,nh_aian,nh_aian,graduate,bachelors,1.0343,0.03374,9.5
male,nh_aian,nh_aian,graduate,graduate,0.9923,-0.00776,8.5
male,nh_aian,nh_nhpi,hs_or_less,hs_or_less,0.975,-0.02535,0.0
male,nh_aian,nh_nhpi,hs_or_less,some_college,0.9846,-0.0155,0.0
male,nh_aian,nh_nhpi,hs_or_less,bachelors,1.0139,0.01382,0.7
male,nh_aian,nh_nhpi,hs_or_less,graduate,0.9988,-0.0012,0.0
male,nh_aian,nh_nhpi,some_college,hs_or_less,0.9916,-0.00845,0.0
male,nh_aian,nh_nhpi,some_college,some_college,0.9928,-0.00721,0.3
male,nh_aian,nh_nhpi,some_college,bachelors,0.9959,-0.00415,0.0
male,nh_aian,nh_nhpi,some_college,graduate,1.0424,0.04156,1.7
male,nh_aian,nh_nhpi,bachelors,hs_or_less,0.9983,-0.00174,0.0
male,nh_aian,nh_nhpi,bachelors,some_college,0.9974,-0.00257,0.0
male,nh_aian,nh_nhpi,bachelors,bachelors,1.0039,0.00393,0.3
male,nh_aian,nh_nhpi,bachelors,graduate,1.0095,0.00945,0.4
male,nh_aian,nh_nhpi,graduate,hs_or_less,0.9995,-0.00052,0.0
male,nh_aian,nh_nhpi,graduate,some_college,0.9993,-0.00075,0.0
male,nh_aian,nh_nhpi,graduate,bachelors,0.9991,-0.00088,0.0
male,nh_aian,nh_nhpi,graduate,graduate,0.9996,-0.00042,0.0
male,nh_aian,nh_twoplus,hs_or_less,hs_or_less,1.0957,0.09139,20.3
male,nh_aian,nh_twoplus,hs_or_less,some_college,1.0909,0.08704,19.2
male,nh_aian,nh_twoplus,hs_or_less,bachelors,0.8919,-0.1144,1.1
male,nh_aian,nh_twoplus,hs_or_less,graduate,0.9539,-0.04721,0.4
male,nh_aian,nh_twoplus,some_college,hs_or_less,1.0426,0.04174,6.9
male,nh_aian,nh_twoplus,some_college,some_college,0.976,-0.02425,12.1
male,nh_aian,nh_twoplus,some_college,bachelors,1.0024,0.00235,6.9
male,nh_aian,nh_twoplus,some_college,graduate,1.004,0.00404,2.9
male,nh_aian,nh_twoplus,bachelors,hs_or_less,0.9989,-0.00109,0.9
male,nh_aian,nh_twoplus,bachelors,some_college,1.0365,0.03583,3.8
male,nh_aian,nh_twoplus,bachelors,bachelors,0.9275,-0.07528,1.2
male,nh_aian,nh_twoplus,bachelors,graduate,0.9503,-0.05096,0.1
male,nh_aian,nh_twoplus,graduate,hs_or_less,0.998,-0.00205,0.2
male,nh_aian,nh_twoplus,graduate,some_college,1.0009,0.0009,0.7
male,nh_aian,nh_twoplus,graduate,bachelors,1.0447,0.04371,3.2
male,nh_aian,nh_twoplus,graduate,graduate,1.0083,0.00823,2.2
male,nh_aian,nh_other,hs_or_less,hs_or_less,0.9827,-0.0174,0.2
male,nh_aian,nh_other,hs_or_less,some_college,1.0119,0.01186,1.1
male,nh_aian,nh_other,hs_or_less,bachelors,0.9926,-0.00741,0.0
male,nh_aian,nh_other,hs_or_less,graduate,0.9966,-0.00343,0.0
male,nh_aian,nh_other,some_college,hs_or_less,0.9969,-0.00312,0.2
male,nh_aian,nh_other,some_college,some_college,0.9846,-0.01549,0.0
male,nh_aian,nh_other,some_college,bachelors,1.0258,0.02543,1.3
male,nh_aian,nh_other,some_college,graduate,0.9963,-0.00371,0.0
male,nh_aian,nh_other,bachelors,hs_or_less,0.9986,-0.00137,0.0
male,nh_aian,nh_other,bachelors,some_college,1.0114,0.01134,0.5
male,nh_aian,nh_other,bachelors,bachelors,0.9941,-0.00588,0.0
male,nh_aian,nh_other,bachelors,graduate,0.9996,-0.00045,0.1
male,nh_aian,nh_other,graduate,hs_or_less,1.0028,0.00284,0.1
male,nh_aian,nh_other,graduate,some_college,1.0016,0.00163,0.1
male,nh_aian,nh_other,graduate,bachelors,1.008,0.00792,0.4
male,nh_aian,nh_other,graduate,graduate,0.9972,-0.00277,0.0
male,nh_nhpi,hispanic,hs_or_less,hs_or_less,0.9471,-0.0543,41.8
male,nh_nhpi,hispanic,hs_or_less,some_college,1.1087,0.10316,30.4
male,nh_nhpi,hispanic,hs_or_less,bachelors,0.9296,-0.073,4.4
male,nh_nhpi,hispanic,hs_or_less,graduate,0.9627,-0.03804,0.7
male,nh_nhpi,hispanic,some_college,hs_or_less,1.0049,0.00485,12.9
male,nh_nhpi,hispanic,some_college,some_college,0.9316,-0.07082,13.6
male,nh_nhpi,hispanic,some_college,bachelors,0.9522,-0.04902,4.7
male,nh_nhpi,hispanic,some_college,graduate,1.0621,0.06027,4.7
male,nh_nhpi,hispanic,bachelors,hs_or_less,0.9631,-0.03758,1.5
male,nh_nhpi,hispanic,bachelors,some_college,1.2711,0.23987,14.2
male,nh_nhpi,hispanic,bachelors,bachelors,1.0152,0.01506,6.3
male,nh_nhpi,hispanic,bachelors,graduate,0.9559,-0.04512,0.3
male,nh_nhpi,hispanic,graduate,hs_or_less,0.9976,-0.00241,0.8
male,nh_nhpi,hispanic,graduate,some_college,0.9851,-0.015,0.4
male,nh_nhpi,hispanic,graduate,bachelors,0.985,-0.01514,1.0
male,nh_nhpi,hispanic,graduate,graduate,0.9775,-0.02278,0.7
male,nh_nhpi,nh_white,hs_or_less,hs_or_less,0.8456,-0.16765,40.2
male,nh_nhpi,nh_white,hs_or_less,some_college,0.8996,-0.10576,40.8
male,nh_nhpi,nh_white,hs_or_less,bachelors,0.9101,-0.09421,21.4
male,nh_nhpi,nh_white,hs_or_less,graduate,0.8603,-0.15047,3.3
male,nh_nhpi,nh_white,some_college,hs_or_less,1.2139,0.19384,25.3
male,nh_nhpi,nh_white,some_college,some_college,1.2459,0.21983,53.5
male,nh_nhpi,nh_white,some_college,bachelors,0.9702,-0.03024,22.5
male,nh_nhpi,nh_white,some_college,graduate,0.9333,-0.06905,6.8
male,nh_nhpi,nh_white,bachelors,hs_or_less,1.1045,0.0994,7.7
male,nh_nhpi,nh_white,bachelors,some_college,1.1737,0.16012,15.5
male,nh_nhpi,nh_white,bachelors,bachelors,0.8614,-0.14922,11.2
male,nh_nhpi,nh_white,bachelors,graduate,1.0786,0.07571,13.7
male,nh_nhpi,nh_white,graduate,hs_or_less,1.0177,0.01756,1.7
male,nh_nhpi,nh_white,graduate,some_college,1.011,0.0109,2.6
male,nh_nhpi,nh_white,graduate,bachelors,0.9732,-0.02719,4.4
male,nh_nhpi,nh_white,graduate,graduate,1.0166,0.01646,8.5
male,nh_nhpi,nh_black,hs_or_less,hs_or_less,0.8992,-0.10625,2.3
male,nh_nhpi,nh_black,hs_or_less,some_college,1.1194,0.11279,10.4
male,nh_nhpi,nh_black,hs_or_less,bachelors,1.007,0.00698,1.9
male,nh_nhpi,nh_black,hs_or_less,graduate,0.9813,-0.01888,0.0
male,nh_nhpi,nh_black,some_college,hs_or_less,1.0499,0.04873,3.9
male,nh_nhpi,nh_black,some_college,some_college,1.0346,0.03404,5.6
male,nh_nhpi,nh_black,some_college,bachelors,0.9834,-0.01674,0.8
male,nh_nhpi,nh_black,some_college,graduate,0.9991,-0.00087,0.7
male,nh_nhpi,nh_black,bachelors,hs_or_less,0.988,-0.01211,0.0
male,nh_nhpi,nh_black,bachelors,some_college,1.016,0.01591,1.5
male,nh_nhpi,nh_black,bachelors,bachelors,0.9726,-0.02777,0.1
male,nh_nhpi,nh_black,bachelors,graduate,0.982,-0.01819,0.0
male,nh_nhpi,nh_black,graduate,hs_or_less,0.9998,-0.0002,0.1
male,nh_nhpi,nh_black,graduate,some_college,0.9949,-0.00516,0.0
male,nh_nhpi,nh_black,graduate,bachelors,0.991,-0.00902,0.0
male,nh_nhpi,nh_black,graduate,graduate,0.9968,-0.00324,0.5
male,nh_nhpi,nh_asian,hs_or_less,hs_or_less,1.0229,0.0226,15.6
male,nh_nhpi,nh_asian,hs_or_less,some_college,1.0792,0.07622,16.3
male,nh_nhpi,nh_asian,hs_or_less,bachelors,0.9468,-0.05463,10.1
male,nh_nhpi,nh_asian,hs_or_less,graduate,1.0724,0.06994,9.3
male,nh_nhpi,nh_asian,some_college,hs_or_less,0.9707,-0.02977,2.5
male,nh_nhpi,nh_asian,some_college,some_college,0.9859,-0.01425,8.0
male,nh_nhpi,nh_asian,some_college,bachelors,0.8606,-0.15013,4.0
male,nh_nhpi,nh_asian,some_college,graduate,0.9601,-0.04074,4.2
male,nh_nhpi,nh_asian,bachelors,hs_or_less,0.9854,-0.01474,0.3
male,nh_nhpi,nh_asian,bachelors,some_college,0.9907,-0.00937,1.6
male,nh_nhpi,nh_asian,bachelors,bachelors,0.9698,-0.03064,7.8
male,nh_nhpi,nh_asian,bachelors,graduate,1.0379,0.03717,7.6
male,nh_nhpi,nh_asian,graduate,hs_or_less,1.0312,0.0307,1.4
male,nh_nhpi,nh_asian,graduate,some_college,1.0727,0.07015,3.2
male,nh_nhpi,nh_asian,graduate,bachelors,1.0914,0.08749,6.2
male,nh_nhpi,nh_asian,graduate,graduate,0.9512,-0.05,2.1
male,nh_nhpi,nh_aian,hs_or_less,hs_or_less,1.0348,0.03424,4.3
male,nh_nhpi,nh_aian,hs_or_less,some_college,0.9967,-0.00329,1.9
male,nh_nhpi,nh_aian,hs_or_less,bachelors,0.9998,-0.00022,0.4
male,nh_nhpi,nh_aian,hs_or_less,graduate,0.9995,-0.00054,0.1
male,nh_nhpi,nh_aian,some_college,hs_or_less,0.9924,-0.00761,0.5
male,nh_nhpi,nh_aian,some_college,some_college,0.9981,-0.00191,1.4
male,nh_nhpi,nh_aian,some_college,bachelors,0.9907,-0.00938,0.0
male,nh_nhpi,nh_aian,some_college,graduate,0.9969,-0.00313,0.0
male,nh_nhpi,nh_aian,bachelors,hs_or_less,0.9958,-0.00419,0.0
male,nh_nhpi,nh_aian,bachelors,some_college,1.0018,0.00179,0.4
male,nh_nhpi,nh_aian,bachelors,bachelors,0.9975,-0.0025,0.2
male,nh_nhpi,nh_aian,bachelors,graduate,0.9969,-0.00311,0.0
male,nh_nhpi,nh_aian,graduate,hs_or_less,0.9986,-0.00136,0.0
male,nh_nhpi,nh_aian,graduate,some_college,1.0061,0.00613,0.3
male,nh_nhpi,nh_aian,graduate,bachelors,0.9977,-0.00229,0.0
male,nh_nhpi,nh_aian,graduate,graduate,0.9974,-0.00264,0.0
male,nh_nhpi,nh_nhpi,hs_or_less,hs_or_less,1.4206,0.35111,266.6
male,nh_nhpi,nh_nhpi,hs_or_less,some_college,0.8998,-0.10556,91.3
male,nh_nhpi,nh_nhpi,hs_or_less,bachelors,1.0734,0.07087,30.0
male,nh_nhpi,nh_nhpi,hs_or_less,graduate,1.1071,0.10175,12.9
male,nh_nhpi,nh_nhpi,some_college,hs_or_less,1.1545,0.14366,62.5
male,nh_nhpi,nh_nhpi,some_college,some_college,0.9738,-0.02655,77.1
male,nh_nhpi,nh_nhpi,some_college,bachelors,0.8743,-0.13439,14.9
male,nh_nhpi,nh_nhpi,some_college,graduate,0.9367,-0.06539,4.8
male,nh_nhpi,nh_nhpi,bachelors,hs_or_less,0.9458,-0.05573,9.2
male,nh_nhpi,nh_nhpi,bachelors,some_college,0.9179,-0.08567,12.9
male,nh_nhpi,nh_nhpi,bachelors,bachelors,0.9333,-0.06899,14.7
male,nh_nhpi,nh_nhpi,bachelors,graduate,0.904,-0.10092,3.1
male,nh_nhpi,nh_nhpi,graduate,hs_or_less,1.0678,0.06562,5.9
male,nh_nhpi,nh_nhpi,graduate,some_college,0.9734,-0.02691,3.5
male,nh_nhpi,nh_nhpi,graduate,bachelors,0.9183,-0.08527,1.6
male,nh_nhpi,nh_nhpi,graduate,graduate,1.0226,0.02238,7.0
male,nh_nhpi,nh_twoplus,hs_or_less,hs_or_less,0.9497,-0.05157,15.5
male,nh_nhpi,nh_twoplus,hs_or_less,some_college,1.0254,0.02511,19.3
male,nh_nhpi,nh_twoplus,hs_or_less,bachelors,1.0421,0.04126,9.8
male,nh_nhpi,nh_twoplus,hs_or_less,graduate,1.0266,0.0263,4.0
male,nh_nhpi,nh_twoplus,some_college,hs_or_less,0.9631,-0.03755,3.3
male,nh_nhpi,nh_twoplus,some_college,some_college,1.0722,0.06974,16.8
male,nh_nhpi,nh_twoplus,some_college,bachelors,1.0275,0.02708,8.3
male,nh_nhpi,nh_twoplus,some_college,graduate,0.9692,-0.0313,1.5
male,nh_nhpi,nh_twoplus,bachelors,hs_or_less,1.0088,0.00881,1.6
male,nh_nhpi,nh_twoplus,bachelors,some_college,1.0212,0.02099,3.8
male,nh_nhpi,nh_twoplus,bachelors,bachelors,1.0015,0.00152,5.8
male,nh_nhpi,nh_twoplus,bachelors,graduate,0.9587,-0.04222,1.0
male,nh_nhpi,nh_twoplus,graduate,hs_or_less,0.9921,-0.00793,0.0
male,nh_nhpi,nh_twoplus,graduate,some_college,0.9932,-0.0068,0.5
male,nh_nhpi,nh_twoplus,graduate,bachelors,0.9636,-0.03709,0.1
male,nh_nhpi,nh_twoplus,graduate,graduate,0.9937,-0.00636,1.8
male,nh_nhpi,nh_other,hs_or_less,hs_or_less,0.992,-0.00807,0.1
male,nh_nhpi,nh_other,hs_or_less,some_college,0.9923,-0.00776,0.0
male,nh_nhpi,nh_other,hs_or_less,bachelors,0.9962,-0.00376,0.0
male,nh_nhpi,nh_other,hs_or_less,graduate,1.0017,0.00166,0.1
male,nh_nhpi,nh_other,some_college,hs_or_less,0.9975,-0.00253,0.0
male,nh_nhpi,nh_other,some_college,some_college,0.9942,-0.00578,0.0
male,nh_nhpi,nh_other,some_college,bachelors,0.9966,-0.0034,0.0
male,nh_nhpi,nh_other,some_college,graduate,0.9985,-0.00149,0.0
male,nh_nhpi,nh_other,bachelors,hs_or_less,0.9994,-0.00065,0.0
male,nh_nhpi,nh_other,bachelors,some_college,0.9987,-0.00129,0.0
male,nh_nhpi,nh_other,bachelors,bachelors,1.0299,0.02946,1.2
male,nh_nhpi,nh_other,bachelors,graduate,1.0042,0.00421,0.2
male,nh_nhpi,nh_other,graduate,hs_or_less,0.9998,-0.00018,0.0
male,nh_nhpi,nh_other,graduate,some_college,0.9997,-0.00034,0.0
male,nh_nhpi,nh_other,graduate,bachelors,0.9992,-0.0008,0.0
male,nh_nhpi,nh_other,graduate,graduate,1.0007,0.00072,0.1
male,nh_twoplus,hispanic,hs_or_less,hs_or_less,0.5734,-0.55617,406.5
male,nh_twoplus,hispanic,hs_or_less,some_college,0.9576,-0.04329,362.3
male,nh_twoplus,hispanic,hs_or_less,bachelors,0.9868,-0.01327,121.0
male,nh_twoplus,hispanic,hs_or_less,graduate,1.3145,0.27343,58.3
male,nh_twoplus,hispanic,some_college,hs_or_less,0.7668,-0.26559,288.5
male,nh_twoplus,hispanic,some_college,some_college,1.0093,0.00925,553.1
male,nh_twoplus,hispanic,some_college,bachelors,1.1013,0.09651,235.0
male,nh_twoplus,hispanic,some_college,graduate,1.2468,0.22056,89.2
male,nh_twoplus,hispanic,bachelors,hs_or_less,0.8017,-0.22108,119.8
male,nh_twoplus,hispanic,bachelors,some_college,1.0433,0.04235,219.5
male,nh_twoplus,hispanic,bachelors,bachelors,1.2087,0.18958,378.0
male,nh_twoplus,hispanic,bachelors,graduate,1.3012,0.26332,159.1
male,nh_twoplus,hispanic,graduate,hs_or_less,0.7593,-0.27536,31.3
male,nh_twoplus,hispanic,graduate,some_college,0.9363,-0.06577,59.4
male,nh_twoplus,hispanic,graduate,bachelors,1.1396,0.13071,130.2
male,nh_twoplus,hispanic,graduate,graduate,1.2396,0.21481,148.3
male,nh_twoplus,nh_white,hs_or_less,hs_or_less,1.0881,0.0844,1487.8
male,nh_twoplus,nh_white,hs_or_less,some_college,1.0679,0.06567,1314.4
male,nh_twoplus,nh_white,hs_or_less,bachelors,0.8785,-0.12956,586.8
male,nh_twoplus,nh_white,hs_or_less,graduate,0.8112,-0.20927,204.1
male,nh_twoplus,nh_white,some_college,hs_or_less,1.1354,0.12699,799.0
male,nh_twoplus,nh_white,some_college,some_college,0.9899,-0.01016,1711.7
male,nh_twoplus,nh_white,some_college,bachelors,1.0672,0.06505,1211.5
male,nh_twoplus,nh_white,some_college,graduate,1.1098,0.10422,514.0
male,nh_twoplus,nh_white,bachelors,hs_or_less,0.9871,-0.01294,276.9
male,nh_twoplus,nh_white,bachelors,some_college,1.044,0.04311,663.2
male,nh_twoplus,nh_white,bachelors,bachelors,1.1007,0.09596,1789.7
male,nh_twoplus,nh_white,bachelors,graduate,1.0734,0.07079,858.6
male,nh_twoplus,nh_white,graduate,hs_or_less,0.9141,-0.0898,85.1
male,nh_twoplus,nh_white,graduate,some_college,0.8413,-0.1728,172.2
male,nh_twoplus,nh_white,graduate,bachelors,1.0327,0.03222,611.9
male,nh_twoplus,nh_white,graduate,graduate,0.9381,-0.06385,747.2
male,nh_twoplus,nh_black,hs_or_less,hs_or_less,0.9009,-0.10441,171.0
male,nh_twoplus,nh_black,hs_or_less,some_college,1.1523,0.14175,175.0
male,nh_twoplus,nh_black,hs_or_less,bachelors,1.3443,0.29588,70.5
male,nh_twoplus,nh_black,hs_or_less,graduate,1.278,0.24527,35.6
male,nh_twoplus,nh_black,some_college,hs_or_less,1.0081,0.00809,102.5
male,nh_twoplus,nh_black,some_college,some_college,0.9234,-0.0797,192.1
male,nh_twoplus,nh_black,some_college,bachelors,1.1437,0.13425,90.0
male,nh_twoplus,nh_black,some_college,graduate,1.2224,0.20083,51.5
male,nh_twoplus,nh_black,bachelors,hs_or_less,0.7856,-0.24137,23.4
male,nh_twoplus,nh_black,bachelors,some_college,0.9031,-0.10188,67.5
male,nh_twoplus,nh_black,bachelors,bachelors,0.9029,-0.10215,91.4
male,nh_twoplus,nh_black,bachelors,graduate,1.0716,0.06919,68.5
male,nh_twoplus,nh_black,graduate,hs_or_less,1.0,2e-05,14.5
male,nh_twoplus,nh_black,graduate,some_college,0.92,-0.08334,22.0
male,nh_twoplus,nh_black,graduate,bachelors,0.8474,-0.16561,27.8
male,nh_twoplus,nh_black,graduate,graduate,0.8051,-0.21682,43.0
male,nh_twoplus,nh_asian,hs_or_less,hs_or_less,1.0024,0.00238,117.2
male,nh_twoplus,nh_asian,hs_or_less,some_college,0.8579,-0.15325,78.7
male,nh_twoplus,nh_asian,hs_or_less,bachelors,0.7612,-0.27291,67.7
male,nh_twoplus,nh_asian,hs_or_less,graduate,0.6598,-0.41585,16.5
male,nh_twoplus,nh_asian,some_college,hs_or_less,0.9044,-0.10046,49.5
male,nh_twoplus,nh_asian,some_college,some_college,1.0654,0.0633,150.8
male,nh_twoplus,nh_asian,some_college,bachelors,0.8935,-0.1126,151.4
male,nh_twoplus,nh_asian,some_college,graduate,0.7328,-0.31085,53.3
male,nh_twoplus,nh_asian,bachelors,hs_or_less,1.1418,0.1326,31.6
male,nh_twoplus,nh_asian,bachelors,some_college,1.1041,0.09906,60.9
male,nh_twoplus,nh_asian,bachelors,bachelors,1.2764,0.24408,333.4
male,nh_twoplus,nh_asian,bachelors,graduate,0.982,-0.01814,158.2
male,nh_twoplus,nh_asian,graduate,hs_or_less,1.098,0.09353,12.4
male,nh_twoplus,nh_asian,graduate,some_college,1.1586,0.14717,24.2
male,nh_twoplus,nh_asian,graduate,bachelors,1.4519,0.37288,143.5
male,nh_twoplus,nh_asian,graduate,graduate,1.2574,0.22905,199.7
male,nh_twoplus,nh_aian,hs_or_less,hs_or_less,1.045,0.04399,24.8
male,nh_twoplus,nh_aian,hs_or_less,some_college,1.0759,0.07318,19.2
male,nh_twoplus,nh_aian,hs_or_less,bachelors,1.1291,0.12145,8.2
male,nh_twoplus,nh_aian,hs_or_less,graduate,1.005,0.00503,1.2
male,nh_twoplus,nh_aian,some_college,hs_or_less,0.9422,-0.05956,8.6
male,nh_twoplus,nh_aian,some_college,some_college,1.01,0.00991,22.4
male,nh_twoplus,nh_aian,some_college,bachelors,1.132,0.12398,10.6
male,nh_twoplus,nh_aian,some_college,graduate,1.0205,0.02033,2.5
male,nh_twoplus,nh_aian,bachelors,hs_or_less,0.9839,-0.01618,4.1
male,nh_twoplus,nh_aian,bachelors,some_college,0.9849,-0.01524,7.4
male,nh_twoplus,nh_aian,bachelors,bachelors,0.9052,-0.09955,2.8
male,nh_twoplus,nh_aian,bachelors,graduate,0.9494,-0.05196,0.7
male,nh_twoplus,nh_aian,graduate,hs_or_less,0.9608,-0.03995,0.0
male,nh_twoplus,nh_aian,graduate,some_college,0.9693,-0.03114,1.5
male,nh_twoplus,nh_aian,graduate,bachelors,0.9674,-0.03313,1.4
male,nh_twoplus,nh_aian,graduate,graduate,0.9501,-0.05116,0.9
male,nh_twoplus,nh_nhpi,hs_or_less,hs_or_less,1.1862,0.17076,19.8
male,nh_twoplus,nh_nhpi,hs_or_less,some_college,0.9921,-0.00788,6.3
male,nh_twoplus,nh_nhpi,hs_or_less,bachelors,0.9852,-0.01489,1.0
male,nh_twoplus,nh_nhpi,hs_or_less,graduate,0.988,-0.01207,0.0
male,nh_twoplus,nh_nhpi,some_college,hs_or_less,1.0516,0.05033,8.1
male,nh_twoplus,nh_nhpi,some_college,some_college,0.9679,-0.0326,8.0
male,nh_twoplus,nh_nhpi,some_college,bachelors,1.0247,0.02437,3.7
male,nh_twoplus,nh_nhpi,some_college,graduate,0.9891,-0.01096,0.5
male,nh_twoplus,nh_nhpi,bachelors,hs_or_less,0.9512,-0.05003,0.4
male,nh_twoplus,nh_nhpi,bachelors,some_college,1.0103,0.01029,4.1
male,nh_twoplus,nh_nhpi,bachelors,bachelors,0.9456,-0.05594,1.5
male,nh_twoplus,nh_nhpi,bachelors,graduate,0.9901,-0.00996,1.2
male,nh_twoplus,nh_nhpi,graduate,hs_or_less,0.9835,-0.0166,0.2
male,nh_twoplus,nh_nhpi,graduate,some_college,1.0017,0.00168,1.3
male,nh_twoplus,nh_nhpi,graduate,bachelors,0.9921,-0.00792,1.1
male,nh_twoplus,nh_nhpi,graduate,graduate,0.9622,-0.03856,0.0
male,nh_twoplus,nh_twoplus,hs_or_less,hs_or_less,1.5458,0.43557,1340.6
male,nh_twoplus,nh_twoplus,hs_or_less,some_college,1.0318,0.03126,854.8
male,nh_twoplus,nh_twoplus,hs_or_less,bachelors,1.0224,0.02216,372.8
male,nh_twoplus,nh_twoplus,hs_or_less,graduate,0.9722,-0.02817,129.6
male,nh_twoplus,nh_twoplus,some_college,hs_or_less,1.0507,0.04944,470.1
male,nh_twoplus,nh_twoplus,some_college,some_college,0.8582,-0.15286,1014.2
male,nh_twoplus,nh_twoplus,some_college,bachelors,0.8667,-0.14304,531.8
male,nh_twoplus,nh_twoplus,some_college,graduate,0.9182,-0.08533,216.7
male,nh_twoplus,nh_twoplus,bachelors,hs_or_less,1.0832,0.07989,202.7
male,nh_twoplus,nh_twoplus,bachelors,some_college,0.8436,-0.17006,372.2
male,nh_twoplus,nh_twoplus,bachelors,bachelors,0.9371,-0.06498,845.3
male,nh_twoplus,nh_twoplus,bachelors,graduate,1.0195,0.01933,433.0
male,nh_twoplus,nh_twoplus,graduate,hs_or_less,1.0103,0.01027,60.9
male,nh_twoplus,nh_twoplus,graduate,some_college,0.9072,-0.09734,129.2
male,nh_twoplus,nh_twoplus,graduate,bachelors,0.9323,-0.07008,298.3
male,nh_twoplus,nh_twoplus,graduate,graduate,1.1781,0.16394,499.2
male,nh_twoplus,nh_other,hs_or_less,hs_or_less,0.9694,-0.03109,9.6
male,nh_twoplus,nh_other,hs_or_less,some_college,1.0404,0.0396,10.8
male,nh_twoplus,nh_other,hs_or_less,bachelors,0.9652,-0.03546,2.8
male,nh_twoplus,nh_other,hs_or_less,graduate,0.9761,-0.02423,0.8
male,nh_twoplus,nh_other,some_college,hs_or_less,1.0271,0.02676,7.0
male,nh_twoplus,nh_other,some_college,some_college,1.1009,0.0961,17.8
male,nh_twoplus,nh_other,some_college,bachelors,0.9138,-0.0901,3.2
male,nh_twoplus,nh_other,some_college,graduate,1.0238,0.02356,4.1
male,nh_twoplus,nh_other,bachelors,hs_or_less,1.0928,0.08877,6.0
male,nh_twoplus,nh_other,bachelors,some_college,0.9478,-0.05361,2.5
male,nh_twoplus,nh_other,bachelors,bachelors,0.9408,-0.06104,7.4
male,nh_twoplus,nh_other,bachelors,graduate,0.9028,-0.10221,1.0
male,nh_twoplus,nh_other,graduate,hs_or_less,0.9886,-0.01142,0.4
male,nh_twoplus,nh_other,graduate,some_college,1.1915,0.17525,8.7
male,nh_twoplus,nh_other,graduate,bachelors,0.946,-0.05547,1.6
male,nh_twoplus,nh_other,graduate,graduate,1.0147,0.01458,6.1
male,nh_other,hispanic,hs_or_less,hs_or_less,0.8087,-0.21227,97.3
male,nh_other,hispanic,hs_or_less,some_college,0.9635,-0.03715,59.8
male,nh_other,hispanic,hs_or_less,bachelors,1.297,0.26003,37.2
male,nh_other,hispanic,hs_or_less,graduate,0.9957,-0.00434,6.3
male,nh_other,hispanic,some_college,hs_or_less,0.9579,-0.04301,48.6
male,nh_other,hispanic,some_college,some_college,0.9335,-0.06877,62.3
male,nh_other,hispanic,some_college,bachelors,1.0465,0.04542,29.5
male,nh_other,hispanic,some_college,graduate,1.0398,0.03908,10.7
male,nh_other,hispanic,bachelors,hs_or_less,1.1113,0.1055,31.0
male,nh_other,hispanic,bachelors,some_college,1.0054,0.00541,30.1
male,nh_other,hispanic,bachelors,bachelors,0.9092,-0.09515,36.1
male,nh_other,hispanic,bachelors,graduate,1.0149,0.01477,18.4
male,nh_other,hispanic,graduate,hs_or_less,1.1614,0.14966,19.2
male,nh_other,hispanic,graduate,some_college,0.9991,-0.00091,13.6
male,nh_other,hispanic,graduate,bachelors,0.9778,-0.02247,21.4
male,nh_other,hispanic,graduate,graduate,0.873,-0.13581,15.6
male,nh_other,nh_white,hs_or_less,hs_or_less,1.0309,0.03046,59.5
male,nh_other,nh_white,hs_or_less,some_college,0.9999,-0.00012,50.2
male,nh_other,nh_white,hs_or_less,bachelors,0.8196,-0.19894,14.8
male,nh_other,nh_white,hs_or_less,graduate,1.0134,0.01328,11.9
male,nh_other,nh_white,some_college,hs_or_less,1.093,0.08892,27.7
male,nh_other,nh_white,some_college,some_college,0.9785,-0.02173,52.2
male,nh_other,nh_white,some_college,bachelors,1.1859,0.17053,47.3
male,nh_other,nh_white,some_college,graduate,1.1091,0.10354,20.6
male,nh_other,nh_white,bachelors,hs_or_less,1.0519,0.05058,12.6
male,nh_other,nh_white,bachelors,some_college,0.967,-0.03355,20.5
male,nh_other,nh_white,bachelors,bachelors,0.9404,-0.06144,49.9
male,nh_other,nh_white,bachelors,graduate,0.9678,-0.0327,27.2
male,nh_other,nh_white,graduate,hs_or_less,0.9531,-0.04808,2.7
male,nh_other,nh_white,graduate,some_college,0.9863,-0.01384,9.8
male,nh_other,nh_white,graduate,bachelors,0.9792,-0.02099,27.6
male,nh_other,nh_white,graduate,graduate,0.9744,-0.02592,37.9
male,nh_other,nh_black,hs_or_less,hs_or_less,0.7772,-0.25206,4.2
male,nh_other,nh_black,hs_or_less,some_college,1.2724,0.24091,26.5
male,nh_other,nh_black,hs_or_less,bachelors,1.2557,0.22766,13.9
male,nh_other,nh_black,hs_or_less,graduate,1.0456,0.04462,3.8
male,nh_other,nh_black,some_college,hs_or_less,0.9818,-0.0184,6.3
male,nh_other,nh_black,some_college,some_college,1.0473,0.04622,17.3
male,nh_other,nh_black,some_college,bachelors,0.9661,-0.03447,3.6
male,nh_other,nh_black,some_college,graduate,1.0517,0.05044,4.7
male,nh_other,nh_black,bachelors,hs_or_less,1.0251,0.0248,4.4
male,nh_other,nh_black,bachelors,some_college,0.9377,-0.06431,3.4
male,nh_other,nh_black,bachelors,bachelors,0.8802,-0.12764,2.3
male,nh_other,nh_black,bachelors,graduate,0.9273,-0.07548,1.9
male,nh_other,nh_black,graduate,hs_or_less,0.961,-0.03981,0.0
male,nh_other,nh_black,graduate,some_college,1.0793,0.07628,6.2
male,nh_other,nh_black,graduate,bachelors,0.9141,-0.08983,0.6
male,nh_other,nh_black,graduate,graduate,0.9911,-0.00892,6.6
male,nh_other,nh_asian,hs_or_less,hs_or_less,0.9195,-0.08396,3.6
male,nh_other,nh_asian,hs_or_less,some_college,0.9393,-0.06265,3.1
male,nh_other,nh_asian,hs_or_less,bachelors,1.0379,0.03723,8.0
male,nh_other,nh_asian,hs_or_less,graduate,1.0192,0.01902,3.9
male,nh_other,nh_asian,some_college,hs_or_less,0.9909,-0.00916,2.6
male,nh_other,nh_asian,some_college,some_college,1.0818,0.07861,9.9
male,nh_other,nh_asian,some_college,bachelors,0.8963,-0.10944,2.9
male,nh_other,nh_asian,some_college,graduate,1.045,0.04398,6.1
male,nh_other,nh_asian,bachelors,hs_or_less,0.9907,-0.00934,0.9
male,nh_other,nh_asian,bachelors,some_college,1.0401,0.03934,4.3
male,nh_other,nh_asian,bachelors,bachelors,1.0501,0.04888,15.5
male,nh_other,nh_asian,bachelors,graduate,0.9836,-0.01651,7.8
male,nh_other,nh_asian,graduate,hs_or_less,1.1103,0.10463,4.7
male,nh_other,nh_asian,graduate,some_college,0.998,-0.00203,1.1
male,nh_other,nh_asian,graduate,bachelors,0.9367,-0.06534,3.7
male,nh_other,nh_asian,graduate,graduate,0.9868,-0.01326,10.9
male,nh_other,nh_aian,hs_or_less,hs_or_less,1.0045,0.00449,1.2
male,nh_other,nh_aian,hs_or_less,some_college,0.9911,-0.00898,0.4
male,nh_other,nh_aian,hs_or_less,bachelors,1.0069,0.00691,0.4
male,nh_other,nh_aian,hs_or_less,graduate,0.9987,-0.00131,0.0
male,nh_other,nh_aian,some_college,hs_or_less,1.0023,0.00229,0.5
male,nh_other,nh_aian,some_college,some_college,0.9948,-0.00521,0.6
male,nh_other,nh_aian,some_college,bachelors,0.9952,-0.00485,0.0
male,nh_other,nh_aian,some_college,graduate,1.0403,0.03955,1.6
male,nh_other,nh_aian,bachelors,hs_or_less,0.9959,-0.00414,0.0
male,nh_other,nh_aian,bachelors,some_college,0.9914,-0.00859,0.0
male,nh_other,nh_aian,bachelors,bachelors,0.993,-0.00706,0.0
male,nh_other,nh_aian,bachelors,graduate,0.9989,-0.00114,0.1
male,nh_other,nh_aian,graduate,hs_or_less,0.9979,-0.00212,0.0
male,nh_other,nh_aian,graduate,some_college,0.9983,-0.0017,0.1
male,nh_other,nh_aian,graduate,bachelors,0.9959,-0.0041,0.0
male,nh_other,nh_aian,graduate,graduate,0.996,-0.00405,0.0
male,nh_other,nh_nhpi,hs_or_less,hs_or_less,0.9947,-0.00527,0.1
male,nh_other,nh_nhpi,hs_or_less,some_college,1.0189,0.01868,0.9
male,nh_other,nh_nhpi,hs_or_less,bachelors,0.9989,-0.00106,0.0
male,nh_other,nh_nhpi,hs_or_less,graduate,0.9996,-0.00035,0.0
male,nh_other,nh_nhpi,some_college,hs_or_less,0.9971,-0.00293,0.0
male,nh_other,nh_nhpi,some_college,some_college,1.0004,0.00036,0.2
male,nh_other,nh_nhpi,some_college,bachelors,0.9987,-0.00134,0.0
male,nh_other,nh_nhpi,some_college,graduate,0.9995,-0.00047,0.0
male,nh_other,nh_nhpi,bachelors,hs_or_less,1.0006,0.00065,0.1
male,nh_other,nh_nhpi,bachelors,some_college,0.9981,-0.00194,0.0
male,nh_other,nh_nhpi,bachelors,bachelors,0.9978,-0.00216,0.0
male,nh_other,nh_nhpi,bachelors,graduate,0.9999,-0.00013,0.0
male,nh_other,nh_nhpi,graduate,hs_or_less,0.9993,-0.00067,0.0
male,nh_other,nh_nhpi,graduate,some_college,0.999,-0.00096,0.0
male,nh_other,nh_nhpi,graduate,bachelors,0.9989,-0.00115,0.0
male,nh_other,nh_nhpi,graduate,graduate,0.9987,-0.00126,0.0
male,nh_other,nh_twoplus,hs_or_less,hs_or_less,1.1036,0.09859,19.9
male,nh_other,nh_twoplus,hs_or_less,some_college,0.9923,-0.00777,13.8
male,nh_other,nh_twoplus,hs_or_less,bachelors,0.9386,-0.0634,3.4
male,nh_other,nh_twoplus,hs_or_less,graduate,0.9957,-0.00434,2.3
male,nh_other,nh_twoplus,some_college,hs_or_less,1.0351,0.03446,7.3
male,nh_other,nh_twoplus,some_college,some_college,0.9672,-0.03338,13.7
male,nh_other,nh_twoplus,some_college,bachelors,0.9037,-0.1013,3.2
male,nh_other,nh_twoplus,some_college,graduate,1.0117,0.01159,3.8
male,nh_other,nh_twoplus,bachelors,hs_or_less,0.9585,-0.04235,1.0
male,nh_other,nh_twoplus,bachelors,some_college,0.946,-0.0555,4.1
male,nh_other,nh_twoplus,bachelors,bachelors,0.9809,-0.01929,12.0
male,nh_other,nh_twoplus,bachelors,graduate,0.9956,-0.00444,6.4
male,nh_other,nh_twoplus,graduate,hs_or_less,0.9891,-0.011,0.8
male,nh_other,nh_twoplus,graduate,some_college,1.2037,0.18539,10.8
male,nh_other,nh_twoplus,graduate,bachelors,1.0699,0.06758,9.8
male,nh_other,nh_twoplus,graduate,graduate,0.9466,-0.05484,6.3
male,nh_other,nh_other,hs_or_less,hs_or_less,1.2873,0.25258,353.3
male,nh_other,nh_other,hs_or_less,some_college,0.8206,-0.19769,166.2
male,nh_other,nh_other,hs_or_less,bachelors,0.9233,-0.07983,92.3
male,nh_other,nh_other,hs_or_less,graduate,0.9676,-0.03296,42.2
male,nh_other,nh_other,some_college,hs_or_less,1.0275,0.02717,110.7
male,nh_other,nh_other,some_college,some_college,0.9339,-0.06841,214.1
male,nh_other,nh_other,some_college,bachelors,0.8529,-0.15912,105.7
male,nh_other,nh_other,some_college,graduate,0.9047,-0.10017,50.4
male,nh_other,nh_other,bachelors,hs_or_less,1.6884,0.52379,103.3
male,nh_other,nh_other,bachelors,some_college,0.862,-0.14844,78.6
male,nh_other,nh_other,bachelors,bachelors,1.0821,0.07888,232.3
male,nh_other,nh_other,bachelors,graduate,0.9219,-0.08129,105.4
male,nh_other,nh_other,graduate,hs_or_less,1.2249,0.20286,36.4
male,nh_other,nh_other,graduate,some_college,0.8539,-0.15799,33.1
male,nh_other,nh_other,graduate,bachelors,0.9933,-0.00675,111.0
male,nh_other,nh_other,graduate,graduate,0.9487,-0.05261,150.0
female,hispanic,hispanic,hs_or_less,hs_or_less,2.0502,0.71796,46104.0
female,hispanic,hispanic,hs_or_less,some_college,1.2027,0.18459,7758.5
female,hispanic,hispanic,hs_or_less,bachelors,1.2682,0.23763,2413.2
female,hispanic,hispanic,hs_or_less,graduate,1.32,0.27763,802.0
female,hispanic,hispanic,some_college,hs_or_less,0.9987,-0.00127,13757.0
female,hispanic,hispanic,some_college,some_college,0.9637,-0.03694,10941.9
female,hispanic,hispanic,some_college,bachelors,0.8712,-0.13786,2622.6
female,hispanic,hispanic,some_college,graduate,0.9376,-0.0644,812.7
female,hispanic,hispanic,bachelors,hs_or_less,0.9669,-0.03362,4754.7
female,hispanic,hispanic,bachelors,some_college,0.8762,-0.13221,4199.2
female,hispanic,hispanic,bachelors,bachelors,0.9294,-0.07324,4607.0
female,hispanic,hispanic,bachelors,graduate,0.8226,-0.19525,1302.3
female,hispanic,hispanic,graduate,hs_or_less,0.823,-0.19484,1409.9
female,hispanic,hispanic,graduate,some_college,0.8978,-0.10786,1510.8
female,hispanic,hispanic,graduate,bachelors,0.7401,-0.30094,1610.3
female,hispanic,hispanic,graduate,graduate,0.8699,-0.13938,1644.8
female,hispanic,nh_white,hs_or_less,hs_or_less,0.6339,-0.45589,3273.8
female,hispanic,nh_white,hs_or_less,some_college,0.7927,-0.23237,2128.2
female,hispanic,nh_white,hs_or_less,bachelors,0.7157,-0.33453,941.0
female,hispanic,nh_white,hs_or_less,graduate,0.7936,-0.23119,358.4
female,hispanic,nh_white,some_college,hs_or_less,0.8691,-0.14031,2609.9
female,hispanic,nh_white,some_college,some_college,0.9266,-0.07627,4065.8
female,hispanic,nh_white,some_college,bachelors,1.0132,0.01314,2047.7
female,hispanic,nh_white,some_college,graduate,1.0566,0.05502,676.1
female,hispanic,nh_white,bachelors,hs_or_less,1.1043,0.09919,1155.4
female,hispanic,nh_white,bachelors,some_college,1.2422,0.21689,2265.9
female,hispanic,nh_white,bachelors,bachelors,1.2348,0.21092,4028.4
female,hispanic,nh_white,bachelors,graduate,1.2111,0.19154,1386.9
female,hispanic,nh_white,graduate,hs_or_less,1.0804,0.07734,403.4
female,hispanic,nh_white,graduate,some_college,1.2792,0.24624,873.9
female,hispanic,nh_white,graduate,bachelors,1.2306,0.20752,1811.0
female,hispanic,nh_white,graduate,graduate,1.165,0.15275,1612.5
female,hispanic,nh_black,hs_or_less,hs_or_less,0.7832,-0.2444,908.0
female,hispanic,nh_black,hs_or_less,some_college,1.0298,0.0294,498.5
female,hispanic,nh_black,hs_or_less,bachelors,1.126,0.11867,149.3
female,hispanic,nh_black,hs_or_less,graduate,1.2149,0.19466,64.0
female,hispanic,nh_black,some_college,hs_or_less,0.956,-0.04503,662.5
female,hispanic,nh_black,some_college,some_college,1.1096,0.10397,899.0
female,hispanic,nh_black,some_college,bachelors,1.1503,0.14004,232.4
female,hispanic,nh_black,some_college,graduate,1.1957,0.17875,84.6
female,hispanic,nh_black,bachelors,hs_or_less,0.788,-0.2382,184.5
female,hispanic,nh_black,bachelors,some_college,0.9445,-0.05708,320.5
female,hispanic,nh_black,bachelors,bachelors,1.0076,0.00757,326.3
female,hispanic,nh_black,bachelors,graduate,0.8887,-0.11796,100.2
female,hispanic,nh_black,graduate,hs_or_less,0.9761,-0.02422,84.3
female,hispanic,nh_black,graduate,some_college,0.9175,-0.0861,112.8
female,hispanic,nh_black,graduate,bachelors,1.1373,0.12864,173.1
female,hispanic,nh_black,graduate,graduate,0.9151,-0.0887,128.7
female,hispanic,nh_asian,hs_or_less,hs_or_less,0.7863,-0.2404,121.0
female,hispanic,nh_asian,hs_or_less,some_college,1.0611,0.05934,110.9
female,hispanic,nh_asian,hs_or_less,bachelors,0.8543,-0.15742,73.9
female,hispanic,nh_asian,hs_or_less,graduate,0.8852,-0.12191,41.3
female,hispanic,nh_asian,some_college,hs_or_less,1.1242,0.1171,117.1
female,hispanic,nh_asian,some_college,some_college,1.339,0.29194,252.1
female,hispanic,nh_asian,some_college,bachelors,0.8622,-0.14831,126.0
female,hispanic,nh_asian,some_college,graduate,0.7449,-0.29452,49.6
female,hispanic,nh_asian,bachelors,hs_or_less,1.1722,0.15884,47.1
female,hispanic,nh_asian,bachelors,some_college,1.4049,0.34,117.6
female,hispanic,nh_asian,bachelors,bachelors,1.0243,0.02397,256.1
female,hispanic,nh_asian,bachelors,graduate,0.7842,-0.24306,109.6
female,hispanic,nh_asian,graduate,hs_or_less,1.0701,0.06773,15.5
female,hispanic,nh_asian,graduate,some_college,1.2869,0.25223,42.9
female,hispanic,nh_asian,graduate,bachelors,0.9548,-0.04621,99.1
female,hispanic,nh_asian,graduate,graduate,0.9424,-0.05931,155.4
female,hispanic,nh_aian,hs_or_less,hs_or_less,1.1135,0.10749,93.3
female,hispanic,nh_aian,hs_or_less,some_college,1.0977,0.09324,36.0
female,hispanic,nh_aian,hs_or_less,bachelors,0.9708,-0.02961,3.9
female,hispanic,nh_aian,hs_or_less,graduate,0.997,-0.003,1.9
female,hispanic,nh_aian,some_college,hs_or_less,1.0683,0.06606,54.0
female,hispanic,nh_aian,some_college,some_college,0.9492,-0.05214,44.0
female,hispanic,nh_aian,some_college,bachelors,0.9569,-0.04406,5.6
female,hispanic,nh_aian,some_college,graduate,0.9459,-0.05563,0.5
female,hispanic,nh_aian,bachelors,hs_or_less,0.9674,-0.03317,15.2
female,hispanic,nh_aian,bachelors,some_college,0.993,-0.00702,20.2
female,hispanic,nh_aian,bachelors,bachelors,0.9981,-0.00191,12.3
female,hispanic,nh_aian,bachelors,graduate,0.9287,-0.07396,1.7
female,hispanic,nh_aian,graduate,hs_or_less,1.0329,0.0324,7.4
female,hispanic,nh_aian,graduate,some_college,1.0167,0.01659,8.6
female,hispanic,nh_aian,graduate,bachelors,1.0303,0.02986,7.1
female,hispanic,nh_aian,graduate,graduate,0.9559,-0.04515,4.0
female,hispanic,nh_nhpi,hs_or_less,hs_or_less,1.1337,0.12544,37.2
female,hispanic,nh_nhpi,hs_or_less,some_college,0.9883,-0.01176,10.1
female,hispanic,nh_nhpi,hs_or_less,bachelors,0.9776,-0.02265,2.0
female,hispanic,nh_nhpi,hs_or_less,graduate,1.0112,0.01112,1.3
female,hispanic,nh_nhpi,some_college,hs_or_less,1.1468,0.13696,25.4
female,hispanic,nh_nhpi,some_college,some_college,0.917,-0.0867,13.4
female,hispanic,nh_nhpi,some_college,bachelors,1.1635,0.1514,11.2
female,hispanic,nh_nhpi,some_college,graduate,0.9746,-0.02568,0.1
female,hispanic,nh_nhpi,bachelors,hs_or_less,0.958,-0.04293,4.3
female,hispanic,nh_nhpi,bachelors,some_college,0.946,-0.05548,5.3
female,hispanic,nh_nhpi,bachelors,bachelors,0.9442,-0.05736,4.9
female,hispanic,nh_nhpi,bachelors,graduate,0.9802,-0.02001,1.2
female,hispanic,nh_nhpi,graduate,hs_or_less,0.9646,-0.03605,0.7
female,hispanic,nh_nhpi,graduate,some_college,1.0507,0.04948,4.9
female,hispanic,nh_nhpi,graduate,bachelors,0.9312,-0.07127,0.4
female,hispanic,nh_nhpi,graduate,graduate,0.9565,-0.0445,0.6
female,hispanic,nh_twoplus,hs_or_less,hs_or_less,0.7823,-0.24558,411.7
female,hispanic,nh_twoplus,hs_or_less,some_college,0.9599,-0.04095,302.7
female,hispanic,nh_twoplus,hs_or_less,bachelors,0.8627,-0.14763,102.1
female,hispanic,nh_twoplus,hs_or_less,graduate,0.8549,-0.15675,30.5
female,hispanic,nh_twoplus,some_college,hs_or_less,1.0667,0.06454,360.1
female,hispanic,nh_twoplus,some_college,some_college,0.9866,-0.01347,540.1
female,hispanic,nh_twoplus,some_college,bachelors,1.0918,0.08787,221.7
female,hispanic,nh_twoplus,some_college,graduate,0.9584,-0.04245,57.5
female,hispanic,nh_twoplus,bachelors,hs_or_less,1.0218,0.02156,121.0
female,hispanic,nh_twoplus,bachelors,some_college,0.9624,-0.03837,220.8
female,hispanic,nh_twoplus,bachelors,bachelors,1.1128,0.10689,369.5
female,hispanic,nh_twoplus,bachelors,graduate,1.1344,0.12607,132.6
female,hispanic,nh_twoplus,graduate,hs_or_less,1.1888,0.17298,53.7
female,hispanic,nh_twoplus,graduate,some_college,0.995,-0.00497,82.0
female,hispanic,nh_twoplus,graduate,bachelors,1.0849,0.08151,159.2
female,hispanic,nh_twoplus,graduate,graduate,1.0292,0.02877,139.3
female,hispanic,nh_other,hs_or_less,hs_or_less,1.1967,0.17958,100.3
female,hispanic,nh_other,hs_or_less,some_college,1.0654,0.06335,47.4
female,hispanic,nh_other,hs_or_less,bachelors,1.1406,0.13156,28.7
female,hispanic,nh_other,hs_or_less,graduate,1.1554,0.14441,17.2
female,hispanic,nh_other,some_college,hs_or_less,1.0978,0.09328,55.5
female,hispanic,nh_other,some_college,some_college,0.8889,-0.11778,57.6
female,hispanic,nh_other,some_college,bachelors,0.9112,-0.09301,25.2
female,hispanic,nh_other,some_college,graduate,0.9761,-0.02423,13.1
female,hispanic,nh_other,bachelors,hs_or_less,1.3363,0.28989,33.5
female,hispanic,nh_other,bachelors,some_college,0.9114,-0.09278,23.2
female,hispanic,nh_other,bachelors,bachelors,0.8187,-0.20006,34.7
female,hispanic,nh_other,bachelors,graduate,0.9234,-0.07966,21.1
female,hispanic,nh_other,graduate,hs_or_less,1.0413,0.04043,7.6
female,hispanic,nh_other,graduate,some_college,0.9813,-0.01891,10.1
female,hispanic,nh_other,graduate,bachelors,0.9174,-0.0862,18.7
female,hispanic,nh_other,graduate,graduate,0.7946,-0.22986,16.3
female,nh_white,hispanic,hs_or_less,hs_or_less,0.6798,-0.38592,3592.1
female,nh_white,hispanic,hs_or_less,some_college,1.0511,0.04986,1659.3
female,nh_white,hispanic,hs_or_less,bachelors,1.0087,0.00863,464.4
female,nh_white,hispanic,hs_or_less,graduate,0.9573,-0.04364,131.3
female,nh_white,hispanic,some_college,hs_or_less,0.7163,-0.33372,3263.1
female,nh_white,hispanic,some_college,some_college,1.023,0.02276,3808.2
female,nh_white,hispanic,some_college,bachelors,1.1547,0.14381,1138.1
female,nh_white,hispanic,some_college,graduate,1.0997,0.09504,320.2
female,nh_white,hispanic,bachelors,hs_or_less,0.6639,-0.40967,1483.7
female,nh_white,hispanic,bachelors,some_college,1.1048,0.0997,2458.6
female,nh_white,hispanic,bachelors,bachelors,1.3425,0.29455,3091.0
female,nh_white,hispanic,bachelors,graduate,1.3149,0.27378,968.0
female,nh_white,hispanic,graduate,hs_or_less,0.6927,-0.36714,643.0
female,nh_white,hispanic,graduate,some_college,1.1018,0.09693,1036.4
female,nh_white,hispanic,graduate,bachelors,1.2496,0.22286,1531.5
female,nh_white,hispanic,graduate,graduate,1.2613,0.23217,1325.7
female,nh_white,nh_white,hs_or_less,hs_or_less,1.2222,0.20065,42821.2
female,nh_white,nh_white,hs_or_less,some_college,0.9858,-0.01428,18037.5
female,nh_white,nh_white,hs_or_less,bachelors,0.7864,-0.24029,7131.9
female,nh_white,nh_white,hs_or_less,graduate,0.737,-0.30521,2237.5
female,nh_white,nh_white,some_college,hs_or_less,1.134,0.12572,32842.2
female,nh_white,nh_white,some_college,some_college,0.9693,-0.03115,40502.9
female,nh_white,nh_white,some_college,bachelors,0.9005,-0.10478,16948.4
female,nh_white,nh_white,some_college,graduate,0.8344,-0.18105,5078.0
female,nh_white,nh_white,bachelors,hs_or_less,1.1184,0.11192,15088.7
female,nh_white,nh_white,bachelors,some_college,1.099,0.09442,25857.5
female,nh_white,nh_white,bachelors,bachelors,1.1353,0.12687,47888.3
female,nh_white,nh_white,bachelors,graduate,1.1292,0.12151,16545.1
female,nh_white,nh_white,graduate,hs_or_less,1.0209,0.02072,5824.5
female,nh_white,nh_white,graduate,some_college,1.0314,0.03089,10759.3
female,nh_white,nh_white,graduate,bachelors,1.0457,0.04465,23746.0
female,nh_white,nh_white,graduate,graduate,0.9994,-0.00059,21205.8
female,nh_white,nh_black,hs_or_less,hs_or_less,1.1972,0.18002,1935.2
female,nh_white,nh_black,hs_or_less,some_college,1.3301,0.28527,901.3
female,nh_white,nh_black,hs_or_less,bachelors,1.1707,0.15762,213.8
female,nh_white,nh_black,hs_or_less,graduate,1.078,0.07509,69.3
female,nh_white,nh_black,some_college,hs_or_less,0.9867,-0.0134,1340.6
female,nh_white,nh_black,some_college,some_college,0.926,-0.07691,1441.7
female,nh_white,nh_black,some_college,bachelors,1.1735,0.16003,446.4
female,nh_white,nh_black,some_college,graduate,1.1397,0.13078,148.7
female,nh_white,nh_black,bachelors,hs_or_less,0.7793,-0.24935,499.5
female,nh_white,nh_black,bachelors,some_college,0.8276,-0.18923,745.6
female,nh_white,nh_black,bachelors,bachelors,0.938,-0.06403,804.7
female,nh_white,nh_black,bachelors,graduate,0.8443,-0.16926,255.6
female,nh_white,nh_black,graduate,hs_or_less,0.9539,-0.04719,262.8
female,nh_white,nh_black,graduate,some_college,0.9632,-0.03751,387.0
female,nh_white,nh_black,graduate,bachelors,1.0128,0.01267,478.5
female,nh_white,nh_black,graduate,graduate,0.8568,-0.15459,385.5
female,nh_white,nh_asian,hs_or_less,hs_or_less,0.7018,-0.35406,170.4
female,nh_white,nh_asian,hs_or_less,some_college,0.8492,-0.16348,134.7
female,nh_white,nh_asian,hs_or_less,bachelors,0.8887,-0.11799,130.2
female,nh_white,nh_asian,hs_or_less,graduate,0.733,-0.31058,48.2
female,nh_white,nh_asian,some_college,hs_or_less,0.7547,-0.28147,155.4
female,nh_white,nh_asian,some_college,some_college,0.925,-0.07798,354.5
female,nh_white,nh_asian,some_college,bachelors,0.9075,-0.09707,288.7
female,nh_white,nh_asian,some_college,graduate,0.9017,-0.10352,151.2
female,nh_white,nh_asian,bachelors,hs_or_less,0.9683,-0.03224,100.8
female,nh_white,nh_asian,bachelors,some_college,1.2171,0.19651,282.1
female,nh_white,nh_asian,bachelors,bachelors,1.1976,0.18036,912.0
female,nh_white,nh_asian,bachelors,graduate,1.1562,0.1451,533.6
female,nh_white,nh_asian,graduate,hs_or_less,1.4338,0.36034,76.2
female,nh_white,nh_asian,graduate,some_college,1.2218,0.2003,122.2
female,nh_white,nh_asian,graduate,bachelors,1.2393,0.21458,485.9
female,nh_white,nh_asian,graduate,graduate,1.2728,0.24119,782.1
female,nh_white,nh_aian,hs_or_less,hs_or_less,1.1962,0.17912,315.1
female,nh_white,nh_aian,hs_or_less,some_college,1.1626,0.1507,115.2
female,nh_white,nh_aian,hs_or_less,bachelors,1.5712,0.45187,43.2
female,nh_white,nh_aian,hs_or_less,graduate,1.0831,0.07979,10.0
female,nh_white,nh_aian,some_college,hs_or_less,1.2034,0.18519,270.0
female,nh_white,nh_aian,some_college,some_college,1.0553,0.05385,234.0
female,nh_white,nh_aian,some_college,bachelors,1.1353,0.12694,43.9
female,nh_white,nh_aian,some_college,graduate,1.028,0.02757,14.1
female,nh_white,nh_aian,bachelors,hs_or_less,0.8402,-0.17413,82.1
female,nh_white,nh_aian,bachelors,some_college,0.8573,-0.15397,103.4
female,nh_white,nh_aian,bachelors,bachelors,0.9156,-0.08816,66.8
female,nh_white,nh_aian,bachelors,graduate,0.9049,-0.09995,23.5
female,nh_white,nh_aian,graduate,hs_or_less,0.8505,-0.16189,31.4
female,nh_white,nh_aian,graduate,some_college,0.8384,-0.17629,41.9
female,nh_white,nh_aian,graduate,bachelors,0.8744,-0.13419,32.4
female,nh_white,nh_aian,graduate,graduate,0.7661,-0.26645,23.7
female,nh_white,nh_nhpi,hs_or_less,hs_or_less,0.9454,-0.05612,39.5
female,nh_white,nh_nhpi,hs_or_less,some_college,1.2462,0.22009,28.9
female,nh_white,nh_nhpi,hs_or_less,bachelors,0.9638,-0.03684,3.0
female,nh_white,nh_nhpi,hs_or_less,graduate,1.0038,0.00375,1.4
female,nh_white,nh_nhpi,some_college,hs_or_less,1.0241,0.02384,39.5
female,nh_white,nh_nhpi,some_college,some_college,1.2048,0.18634,54.0
female,nh_white,nh_nhpi,some_college,bachelors,1.0935,0.08936,14.0
female,nh_white,nh_nhpi,some_college,graduate,1.0038,0.00384,2.6
female,nh_white,nh_nhpi,bachelors,hs_or_less,0.9938,-0.0062,18.1
female,nh_white,nh_nhpi,bachelors,some_college,1.0019,0.00187,23.3
female,nh_white,nh_nhpi,bachelors,bachelors,0.8376,-0.17727,11.8
female,nh_white,nh_nhpi,bachelors,graduate,0.967,-0.03357,4.5
female,nh_white,nh_nhpi,graduate,hs_or_less,0.9067,-0.09797,3.2
female,nh_white,nh_nhpi,graduate,some_college,0.9077,-0.09684,5.5
female,nh_white,nh_nhpi,graduate,bachelors,0.9774,-0.02284,11.1
female,nh_white,nh_nhpi,graduate,graduate,0.9986,-0.00144,8.4
female,nh_white,nh_twoplus,hs_or_less,hs_or_less,1.1749,0.16114,1769.0
female,nh_white,nh_twoplus,hs_or_less,some_college,1.0739,0.07132,950.1
female,nh_white,nh_twoplus,hs_or_less,bachelors,0.8917,-0.11467,306.0
female,nh_white,nh_twoplus,hs_or_less,graduate,0.839,-0.1755,88.3
female,nh_white,nh_twoplus,some_college,hs_or_less,1.1935,0.17685,1525.8
female,nh_white,nh_twoplus,some_college,some_college,0.9366,-0.06545,1933.9
female,nh_white,nh_twoplus,some_college,bachelors,0.9692,-0.03128,717.2
female,nh_white,nh_twoplus,some_college,graduate,0.869,-0.14038,197.7
female,nh_white,nh_twoplus,bachelors,hs_or_less,1.0464,0.0454,651.8
female,nh_white,nh_twoplus,bachelors,some_college,1.0753,0.07262,1314.5
female,nh_white,nh_twoplus,bachelors,bachelors,1.0779,0.07505,1872.8
female,nh_white,nh_twoplus,bachelors,graduate,1.0933,0.08919,646.7
female,nh_white,nh_twoplus,graduate,hs_or_less,0.9459,-0.05558,234.6
female,nh_white,nh_twoplus,graduate,some_college,1.0456,0.04456,548.2
female,nh_white,nh_twoplus,graduate,bachelors,0.9555,-0.04548,871.8
female,nh_white,nh_twoplus,graduate,graduate,0.8978,-0.1078,753.5
female,nh_white,nh_other,hs_or_less,hs_or_less,1.1392,0.13029,58.0
female,nh_white,nh_other,hs_or_less,some_college,1.0307,0.0302,26.8
female,nh_white,nh_other,hs_or_less,bachelors,0.9527,-0.04848,9.7
female,nh_white,nh_other,hs_or_less,graduate,0.9339,-0.06836,2.8
female,nh_white,nh_other,some_college,hs_or_less,1.1033,0.09834,47.3
female,nh_white,nh_other,some_college,some_college,1.0099,0.00984,58.9
female,nh_white,nh_other,some_college,bachelors,0.9084,-0.09612,19.7
female,nh_white,nh_other,some_college,graduate,0.9745,-0.0258,10.6
female,nh_white,nh_other,bachelors,hs_or_less,0.8893,-0.11727,12.5
female,nh_white,nh_other,bachelors,some_college,1.1986,0.18111,47.2
female,nh_white,nh_other,bachelors,bachelors,0.9033,-0.10169,49.3
female,nh_white,nh_other,bachelors,graduate,0.957,-0.04399,26.7
female,nh_white,nh_other,graduate,hs_or_less,1.0672,0.06501,11.0
female,nh_white,nh_other,graduate,some_college,1.091,0.08712,19.7
female,nh_white,nh_other,graduate,bachelors,0.9588,-0.04208,29.8
female,nh_white,nh_other,graduate,graduate,0.9435,-0.05811,38.5
female,nh_black,hispanic,hs_or_less,hs_or_less,0.8407,-0.17348,392.8
female,nh_black,hispanic,hs_or_less,some_college,1.068,0.06577,148.7
female,nh_black,hispanic,hs_or_less,bachelors,1.0197,0.01953,41.5
female,nh_black,hispanic,hs_or_less,graduate,1.0511,0.04979,15.1
female,nh_black,hispanic,some_college,hs_or_less,0.9574,-0.04356,382.8
female,nh_black,hispanic,some_college,some_college,1.0034,0.00338,317.6
female,nh_black,hispanic,some_college,bachelors,0.8741,-0.13451,67.8
female,nh_black,hispanic,some_college,graduate,0.8813,-0.12634,17.7
female,nh_black,hispanic,bachelors,hs_or_less,0.9956,-0.00437,141.6
female,nh_black,hispanic,bachelors,some_college,1.3302,0.28535,189.0
female,nh_black,hispanic,bachelors,bachelors,1.0777,0.07483,150.9
female,nh_black,hispanic,bachelors,graduate,0.9231,-0.08007,39.6
female,nh_black,hispanic,graduate,hs_or_less,1.0305,0.03,66.3
female,nh_black,hispanic,graduate,some_college,1.1288,0.1212,71.4
female,nh_black,hispanic,graduate,bachelors,1.057,0.0554,82.0
female,nh_black,hispanic,graduate,graduate,0.8668,-0.14293,54.2
female,nh_black,nh_white,hs_or_less,hs_or_less,0.9257,-0.07719,587.8
female,nh_black,nh_white,hs_or_less,some_college,0.8949,-0.11106,290.6
female,nh_black,nh_white,hs_or_less,bachelors,0.9394,-0.0625,149.0
female,nh_black,nh_white,hs_or_less,graduate,0.958,-0.04293,52.2
female,nh_black,nh_white,some_college,hs_or_less,1.0371,0.03646,540.2
female,nh_black,nh_white,some_college,some_college,0.8119,-0.20835,593.1
female,nh_black,nh_white,some_college,bachelors,0.9852,-0.01493,322.6
female,nh_black,nh_white,some_college,graduate,0.9852,-0.01489,108.5
female,nh_black,nh_white,bachelors,hs_or_less,1.0825,0.0793,194.6
female,nh_black,nh_white,bachelors,some_college,1.1745,0.16085,361.1
female,nh_black,nh_white,bachelors,bachelors,1.0161,0.01595,532.3
female,nh_black,nh_white,bachelors,graduate,1.0499,0.04865,204.3
female,nh_black,nh_white,graduate,hs_or_less,1.2989,0.2615,113.4
female,nh_black,nh_white,graduate,some_college,1.1027,0.0978,160.4
female,nh_black,nh_white,graduate,bachelors,0.9299,-0.07263,271.7
female,nh_black,nh_white,graduate,graduate,0.9084,-0.09605,261.6
female,nh_black,nh_black,hs_or_less,hs_or_less,1.2457,0.21968,11447.0
female,nh_black,nh_black,hs_or_less,some_college,0.9836,-0.01653,3706.1
female,nh_black,nh_black,hs_or_less,bachelors,1.1559,0.14484,1150.4
female,nh_black,nh_black,hs_or_less,graduate,1.3884,0.32816,508.9
female,nh_black,nh_black,some_college,hs_or_less,1.0265,0.0262,7824.6
female,nh_black,nh_black,some_college,some_college,0.8811,-0.12661,7600.0
female,nh_black,nh_black,some_college,bachelors,0.9684,-0.03209,1989.2
female,nh_black,nh_black,some_college,graduate,1.0037,0.00369,722.4
female,nh_black,nh_black,bachelors,hs_or_less,1.0056,0.00561,2670.1
female,nh_black,nh_black,bachelors,some_college,0.8458,-0.16751,3050.7
female,nh_black,nh_black,bachelors,bachelors,0.8406,-0.17363,2804.2
female,nh_black,nh_black,bachelors,graduate,0.8256,-0.19164,1048.3
female,nh_black,nh_black,graduate,hs_or_less,1.1678,0.15514,1398.2
female,nh_black,nh_black,graduate,some_college,1.0196,0.01939,1721.1
female,nh_black,nh_black,graduate,bachelors,0.8994,-0.10607,1716.1
female,nh_black,nh_black,graduate,graduate,0.9152,-0.08863,1796.3
female,nh_black,nh_asian,hs_or_less,hs_or_less,0.9636,-0.03706,18.8
female,nh_black,nh_asian,hs_or_less,some_college,0.9434,-0.05827,9.9
female,nh_black,nh_asian,hs_or_less,bachelors,1.02,0.01982,12.7
female,nh_black,nh_asian,hs_or_less,graduate,0.9637,-0.03696,4.8
female,nh_black,nh_asian,some_college,hs_or_less,1.0457,0.04465,19.9
female,nh_black,nh_asian,some_college,some_college,1.0648,0.06275,33.7
female,nh_black,nh_asian,some_college,bachelors,0.884,-0.12329,16.7
female,nh_black,nh_asian,some_college,graduate,1.1612,0.14945,21.1
female,nh_black,nh_asian,bachelors,hs_or_less,1.1804,0.16587,13.5
female,nh_black,nh_asian,bachelors,some_college,1.0001,0.00014,12.2
female,nh_black,nh_asian,bachelors,bachelors,1.0439,0.043,43.2
female,nh_black,nh_asian,bachelors,graduate,0.9817,-0.01848,23.3
female,nh_black,nh_asian,graduate,hs_or_less,0.9932,-0.00683,2.3
female,nh_black,nh_asian,graduate,some_college,1.1292,0.12149,10.7
female,nh_black,nh_asian,graduate,bachelors,0.8053,-0.21653,8.5
female,nh_black,nh_asian,graduate,graduate,0.8961,-0.10975,25.5
female,nh_black,nh_aian,hs_or_less,hs_or_less,0.928,-0.07474,11.7
female,nh_black,nh_aian,hs_or_less,some_college,0.966,-0.03456,4.2
female,nh_black,nh_aian,hs_or_less,bachelors,1.0479,0.04676,2.9
female,nh_black,nh_aian,hs_or_less,graduate,0.9921,-0.00788,0.1
female,nh_black,nh_aian,some_college,hs_or_less,1.1244,0.11726,19.2
female,nh_black,nh_aian,some_college,some_college,1.1066,0.10125,18.5
female,nh_black,nh_aian,some_college,bachelors,0.9792,-0.02102,1.2
female,nh_black,nh_aian,some_college,graduate,0.9804,-0.01983,0.0
female,nh_black,nh_aian,bachelors,hs_or_less,1.0411,0.04028,6.3
female,nh_black,nh_aian,bachelors,some_college,0.9109,-0.0933,1.4
female,nh_black,nh_aian,bachelors,bachelors,0.9773,-0.023,2.3
female,nh_black,nh_aian,bachelors,graduate,1.0086,0.00855,1.7
female,nh_black,nh_aian,graduate,hs_or_less,1.0626,0.06073,4.5
female,nh_black,nh_aian,graduate,some_college,0.9446,-0.05704,0.3
female,nh_black,nh_aian,graduate,bachelors,0.9645,-0.03614,0.5
female,nh_black,nh_aian,graduate,graduate,0.9927,-0.00731,1.8
female,nh_black,nh_nhpi,hs_or_less,hs_or_less,0.9422,-0.05954,2.4
female,nh_black,nh_nhpi,hs_or_less,some_college,1.0337,0.03311,3.2
female,nh_black,nh_nhpi,hs_or_less,bachelors,0.9871,-0.01297,0.0
female,nh_black,nh_nhpi,hs_or_less,graduate,0.999,-0.001,0.1
female,nh_black,nh_nhpi,some_college,hs_or_less,1.0254,0.02513,5.2
female,nh_black,nh_nhpi,some_college,some_college,1.0348,0.03421,5.8
female,nh_black,nh_nhpi,some_college,bachelors,1.0481,0.04701,2.9
female,nh_black,nh_nhpi,some_college,graduate,0.9954,-0.00464,0.1
female,nh_black,nh_nhpi,bachelors,hs_or_less,1.0454,0.04441,3.2
female,nh_black,nh_nhpi,bachelors,some_college,1.0086,0.00854,2.2
female,nh_black,nh_nhpi,bachelors,bachelors,0.9604,-0.04044,0.1
female,nh_black,nh_nhpi,bachelors,graduate,0.9874,-0.01266,0.0
female,nh_black,nh_nhpi,graduate,hs_or_less,0.9838,-0.01632,0.0
female,nh_black,nh_nhpi,graduate,some_college,0.9896,-0.01047,0.4
female,nh_black,nh_nhpi,graduate,bachelors,0.9753,-0.02498,0.0
female,nh_black,nh_nhpi,graduate,graduate,0.9907,-0.00939,0.4
female,nh_black,nh_twoplus,hs_or_less,hs_or_less,1.0373,0.03658,175.7
female,nh_black,nh_twoplus,hs_or_less,some_college,1.1105,0.10481,113.4
female,nh_black,nh_twoplus,hs_or_less,bachelors,0.8577,-0.15352,27.0
female,nh_black,nh_twoplus,hs_or_less,graduate,1.0628,0.06088,16.3
female,nh_black,nh_twoplus,some_college,hs_or_less,1.2744,0.24247,187.5
female,nh_black,nh_twoplus,some_college,some_college,0.9082,-0.09634,201.8
female,nh_black,nh_twoplus,some_college,bachelors,0.9518,-0.04945,74.3
female,nh_black,nh_twoplus,some_college,graduate,0.8825,-0.12496,18.6
female,nh_black,nh_twoplus,bachelors,hs_or_less,1.3887,0.32838,80.4
female,nh_black,nh_twoplus,bachelors,some_college,1.0192,0.01906,97.6
female,nh_black,nh_twoplus,bachelors,bachelors,0.8103,-0.21039,98.6
female,nh_black,nh_twoplus,bachelors,graduate,0.7701,-0.26124,26.7
female,nh_black,nh_twoplus,graduate,hs_or_less,1.2184,0.19757,32.9
female,nh_black,nh_twoplus,graduate,some_college,1.1652,0.15288,55.7
female,nh_black,nh_twoplus,graduate,bachelors,1.0058,0.00582,72.4
female,nh_black,nh_twoplus,graduate,graduate,0.7768,-0.25254,45.6
female,nh_black,nh_other,hs_or_less,hs_or_less,0.8528,-0.1592,4.6
female,nh_black,nh_other,hs_or_less,some_college,1.0059,0.00585,7.0
female,nh_black,nh_other,hs_or_less,bachelors,1.0239,0.0236,4.3
female,nh_black,nh_other,hs_or_less,graduate,0.961,-0.03978,0.0
female,nh_black,nh_other,some_college,hs_or_less,1.2846,0.25048,23.1
female,nh_black,nh_other,some_college,some_college,1.0361,0.03545,17.4
female,nh_black,nh_other,some_college,bachelors,0.9331,-0.06929,3.7
female,nh_black,nh_other,some_college,graduate,1.0308,0.03029,4.5
female,nh_black,nh_other,bachelors,hs_or_less,1.325,0.28139,15.7
female,nh_black,nh_other,bachelors,some_college,0.9585,-0.04243,4.6
female,nh_black,nh_other,bachelors,bachelors,0.8417,-0.17229,2.7
female,nh_black,nh_other,bachelors,graduate,0.888,-0.11874,0.6
female,nh_black,nh_other,graduate,hs_or_less,1.0443,0.04333,3.4
female,nh_black,nh_other,graduate,some_college,1.0415,0.04065,4.8
female,nh_black,nh_other,graduate,bachelors,0.9206,-0.08268,2.8
female,nh_black,nh_other,graduate,graduate,0.9737,-0.02664,7.5
female,nh_asian,hispanic,hs_or_less,hs_or_less,0.4662,-0.76318,184.7
female,nh_asian,hispanic,hs_or_less,some_college,0.9625,-0.03827,118.2
female,nh_asian,hispanic,hs_or_less,bachelors,1.1676,0.15496,49.4
female,nh_asian,hispanic,hs_or_less,graduate,1.1888,0.17297,21.8
female,nh_asian,hispanic,some_college,hs_or_less,0.6934,-0.36622,219.6
female,nh_asian,hispanic,some_college,some_college,1.1883,0.17248,313.3
female,nh_asian,hispanic,some_college,bachelors,1.3261,0.28227,102.1
female,nh_asian,hispanic,some_college,graduate,1.253,0.22553,36.1
female,nh_asian,hispanic,bachelors,hs_or_less,0.6402,-0.446,171.3
female,nh_asian,hispanic,bachelors,some_college,1.1516,0.14113,321.8
female,nh_asian,hispanic,bachelors,bachelors,1.4446,0.36785,423.3
female,nh_asian,hispanic,bachelors,graduate,1.2422,0.2169,128.4
female,nh_asian,hispanic,graduate,hs_or_less,0.5718,-0.55895,49.1
female,nh_asian,hispanic,graduate,some_college,0.8335,-0.1821,94.1
female,nh_asian,hispanic,graduate,bachelors,1.3354,0.28924,222.4
female,nh_asian,hispanic,graduate,graduate,1.3929,0.33138,203.7
female,nh_asian,nh_white,hs_or_less,hs_or_less,0.47,-0.75495,451.6
female,nh_asian,nh_white,hs_or_less,some_college,0.8138,-0.20609,414.7
female,nh_asian,nh_white,hs_or_less,bachelors,1.1567,0.14561,297.1
female,nh_asian,nh_white,hs_or_less,graduate,1.4246,0.3539,147.7
female,nh_asian,nh_white,some_college,hs_or_less,0.5704,-0.56143,383.5
female,nh_asian,nh_white,some_college,some_college,0.8221,-0.19592,820.8
female,nh_asian,nh_white,some_college,bachelors,1.2144,0.19429,548.6
female,nh_asian,nh_white,some_college,graduate,1.4613,0.37933,240.8
female,nh_asian,nh_white,bachelors,hs_or_less,0.7839,-0.24348,453.4
female,nh_asian,nh_white,bachelors,some_college,1.0221,0.02187,1037.1
female,nh_asian,nh_white,bachelors,bachelors,1.2002,0.18246,2121.1
female,nh_asian,nh_white,bachelors,graduate,1.4607,0.37894,971.1
female,nh_asian,nh_white,graduate,hs_or_less,0.6513,-0.42879,139.8
female,nh_asian,nh_white,graduate,some_college,0.8845,-0.12271,385.9
female,nh_asian,nh_white,graduate,bachelors,1.3357,0.28946,1299.7
female,nh_asian,nh_white,graduate,graduate,1.7639,0.56751,1621.3
female,nh_asian,nh_black,hs_or_less,hs_or_less,0.8208,-0.19746,99.1
female,nh_asian,nh_black,hs_or_less,some_college,0.9496,-0.05176,47.8
female,nh_asian,nh_black,hs_or_less,bachelors,1.421,0.35137,33.2
female,nh_asian,nh_black,hs_or_less,graduate,1.103,0.09801,9.7
female,nh_asian,nh_black,some_college,hs_or_less,0.6974,-0.36037,50.5
female,nh_asian,nh_black,some_college,some_college,1.1417,0.13248,123.7
female,nh_asian,nh_black,some_college,bachelors,1.2072,0.18826,37.3
female,nh_asian,nh_black,some_college,graduate,1.2603,0.23133,20.2
female,nh_asian,nh_black,bachelors,hs_or_less,0.793,-0.23188,53.4
female,nh_asian,nh_black,bachelors,some_college,0.9889,-0.01114,105.8
female,nh_asian,nh_black,bachelors,bachelors,1.0014,0.00144,100.3
female,nh_asian,nh_black,bachelors,graduate,1.0567,0.05515,43.0
female,nh_asian,nh_black,graduate,hs_or_less,0.8839,-0.12337,24.0
female,nh_asian,nh_black,graduate,some_college,0.79,-0.23569,28.4
female,nh_asian,nh_black,graduate,bachelors,1.0346,0.03401,59.3
female,nh_asian,nh_black,graduate,graduate,1.1271,0.11963,66.3
female,nh_asian,nh_asian,hs_or_less,hs_or_less,2.3358,0.84835,3137.9
female,nh_asian,nh_asian,hs_or_less,some_college,1.1313,0.12339,871.1
female,nh_asian,nh_asian,hs_or_less,bachelors,1.1525,0.1419,810.9
female,nh_asian,nh_asian,hs_or_less,graduate,0.8754,-0.13312,349.8
female,nh_asian,nh_asian,some_college,hs_or_less,1.0588,0.05711,1016.0
female,nh_asian,nh_asian,some_college,some_college,0.9689,-0.03157,1538.3
female,nh_asian,nh_asian,some_college,bachelors,0.7905,-0.23506,1031.5
female,nh_asian,nh_asian,some_college,graduate,0.6824,-0.38218,487.3
female,nh_asian,nh_asian,bachelors,hs_or_less,0.9909,-0.00914,811.2
female,nh_asian,nh_asian,bachelors,some_college,0.8127,-0.20735,1349.6
female,nh_asian,nh_asian,bachelors,bachelors,0.9633,-0.03735,5265.5
female,nh_asian,nh_asian,bachelors,graduate,0.9596,-0.04123,3282.7
female,nh_asian,nh_asian,graduate,hs_or_less,1.0185,0.01833,343.5
female,nh_asian,nh_asian,graduate,some_college,0.6921,-0.36798,492.0
female,nh_asian,nh_asian,graduate,bachelors,0.8922,-0.11409,2681.0
female,nh_asian,nh_asian,graduate,graduate,1.4477,0.36998,6975.5
female,nh_asian,nh_aian,hs_or_less,hs_or_less,0.9923,-0.00776,10.1
female,nh_asian,nh_aian,hs_or_less,some_college,1.1324,0.12438,9.2
female,nh_asian,nh_aian,hs_or_less,bachelors,0.9832,-0.01696,0.0
female,nh_asian,nh_aian,hs_or_less,graduate,1.0466,0.0455,2.0
female,nh_asian,nh_aian,some_college,hs_or_less,0.9368,-0.06524,4.5
female,nh_asian,nh_aian,some_college,some_college,1.1269,0.1195,13.2
female,nh_asian,nh_aian,some_college,bachelors,1.0837,0.0804,4.4
female,nh_asian,nh_aian,some_college,graduate,1.0101,0.01009,0.9
female,nh_asian,nh_aian,bachelors,hs_or_less,0.8858,-0.12128,1.0
female,nh_asian,nh_aian,bachelors,some_college,0.8824,-0.12511,2.1
female,nh_asian,nh_aian,bachelors,bachelors,1.0315,0.03104,6.0
female,nh_asian,nh_aian,bachelors,graduate,0.9826,-0.01759,1.2
female,nh_asian,nh_aian,graduate,hs_or_less,0.9642,-0.03645,1.2
female,nh_asian,nh_aian,graduate,some_college,0.9422,-0.05949,1.0
female,nh_asian,nh_aian,graduate,bachelors,1.0267,0.02637,3.7
female,nh_asian,nh_aian,graduate,graduate,1.0127,0.01259,3.2
female,nh_asian,nh_nhpi,hs_or_less,hs_or_less,0.9829,-0.01729,11.5
female,nh_asian,nh_nhpi,hs_or_less,some_college,0.9379,-0.06414,1.8
female,nh_asian,nh_nhpi,hs_or_less,bachelors,0.9776,-0.02263,0.4
female,nh_asian,nh_nhpi,hs_or_less,graduate,1.0325,0.03196,1.6
female,nh_asian,nh_nhpi,some_college,hs_or_less,1.2098,0.19046,18.3
female,nh_asian,nh_nhpi,some_college,some_college,0.9882,-0.01184,8.8
female,nh_asian,nh_nhpi,some_college,bachelors,0.9743,-0.026,1.3
female,nh_asian,nh_nhpi,some_college,graduate,1.0385,0.03773,2.1
female,nh_asian,nh_nhpi,bachelors,hs_or_less,1.0435,0.04262,9.9
female,nh_asian,nh_nhpi,bachelors,some_college,0.8731,-0.13575,3.4
female,nh_asian,nh_nhpi,bachelors,bachelors,0.9572,-0.04375,7.3
female,nh_asian,nh_nhpi,bachelors,graduate,1.029,0.02854,3.8
female,nh_asian,nh_nhpi,graduate,hs_or_less,1.0522,0.05085,5.4
female,nh_asian,nh_nhpi,graduate,some_college,0.9794,-0.02078,3.5
female,nh_asian,nh_nhpi,graduate,bachelors,1.0016,0.00156,5.4
female,nh_asian,nh_nhpi,graduate,graduate,0.9593,-0.04153,1.9
female,nh_asian,nh_twoplus,hs_or_less,hs_or_less,0.8684,-0.14113,107.0
female,nh_asian,nh_twoplus,hs_or_less,some_college,0.8381,-0.17663,56.9
female,nh_asian,nh_twoplus,hs_or_less,bachelors,1.0498,0.04858,33.0
female,nh_asian,nh_twoplus,hs_or_less,graduate,1.0465,0.04546,13.3
female,nh_asian,nh_twoplus,some_college,hs_or_less,0.8324,-0.18342,72.5
female,nh_asian,nh_twoplus,some_college,some_college,0.9156,-0.08818,138.5
female,nh_asian,nh_twoplus,some_college,bachelors,1.0957,0.09141,63.8
female,nh_asian,nh_twoplus,some_college,graduate,1.1599,0.14837,27.7
female,nh_asian,nh_twoplus,bachelors,hs_or_less,0.7676,-0.26455,53.8
female,nh_asian,nh_twoplus,bachelors,some_college,0.8983,-0.10724,142.3
female,nh_asian,nh_twoplus,bachelors,bachelors,1.3074,0.26805,307.1
female,nh_asian,nh_twoplus,bachelors,graduate,1.4541,0.37438,135.7
female,nh_asian,nh_twoplus,graduate,hs_or_less,0.7513,-0.28592,14.8
female,nh_asian,nh_twoplus,graduate,some_college,0.8167,-0.20249,51.0
female,nh_asian,nh_twoplus,graduate,bachelors,1.1375,0.1288,148.8
female,nh_asian,nh_twoplus,graduate,graduate,1.4113,0.34451,179.8
female,nh_asian,nh_other,hs_or_less,hs_or_less,0.9192,-0.08428,3.3
female,nh_asian,nh_other,hs_or_less,some_college,0.9388,-0.06319,1.2
female,nh_asian,nh_other,hs_or_less,bachelors,0.9712,-0.02919,0.7
female,nh_asian,nh_other,hs_or_less,graduate,1.0851,0.08169,4.2
female,nh_asian,nh_other,some_college,hs_or_less,0.9382,-0.06382,2.4
female,nh_asian,nh_other,some_college,some_college,1.0224,0.02217,8.7
female,nh_asian,nh_other,some_college,bachelors,1.0198,0.01957,4.2
female,nh_asian,nh_other,some_college,graduate,0.9885,-0.01154,1.2
female,nh_asian,nh_other,bachelors,hs_or_less,1.0823,0.07908,7.9
female,nh_asian,nh_other,bachelors,some_college,0.8985,-0.10706,2.9
female,nh_asian,nh_other,bachelors,bachelors,1.0427,0.04181,15.9
female,nh_asian,nh_other,bachelors,graduate,0.9219,-0.08137,3.5
female,nh_asian,nh_other,graduate,hs_or_less,1.0229,0.02263,2.8
female,nh_asian,nh_other,graduate,some_college,1.063,0.06109,6.1
female,nh_asian,nh_other,graduate,bachelors,1.0147,0.01462,8.4
female,nh_asian,nh_other,graduate,graduate,1.1027,0.0978,15.0
female,nh_aian,hispanic,hs_or_less,hs_or_less,1.0742,0.07158,93.1
female,nh_aian,hispanic,hs_or_less,some_college,0.984,-0.01616,24.3
female,nh_aian,hispanic,hs_or_less,bachelors,0.9095,-0.09481,3.0
female,nh_aian,hispanic,hs_or_less,graduate,1.0442,0.04325,3.9
female,nh_aian,hispanic,some_college,hs_or_less,0.9069,-0.09774,46.0
female,nh_aian,hispanic,some_college,some_college,1.2526,0.22524,65.1
female,nh_aian,hispanic,some_college,bachelors,0.946,-0.05552,9.1
female,nh_aian,hispanic,some_college,graduate,0.9421,-0.05959,1.0
female,nh_aian,hispanic,bachelors,hs_or_less,1.0721,0.06958,15.8
female,nh_aian,hispanic,bachelors,some_college,1.008,0.00795,12.3
female,nh_aian,hispanic,bachelors,bachelors,0.8352,-0.18013,3.3
female,nh_aian,hispanic,bachelors,graduate,1.0123,0.01223,4.4
female,nh_aian,hispanic,graduate,hs_or_less,1.1339,0.12562,9.2
female,nh_aian,hispanic,graduate,some_college,1.0554,0.05391,5.9
female,nh_aian,hispanic,graduate,bachelors,0.9611,-0.03966,2.9
female,nh_aian,hispanic,graduate,graduate,0.9364,-0.06575,1.4
female,nh_aian,nh_white,hs_or_less,hs_or_less,1.2308,0.20762,222.4
female,nh_aian,nh_white,hs_or_less,some_college,1.0716,0.06912,101.3
female,nh_aian,nh_white,hs_or_less,bachelors,0.7446,-0.29497,22.5
female,nh_aian,nh_white,hs_or_less,graduate,0.9851,-0.01505,14.2
female,nh_aian,nh_white,some_college,hs_or_less,1.2708,0.23963,148.3
female,nh_aian,nh_white,some_college,some_college,0.9356,-0.06661,145.9
female,nh_aian,nh_white,some_college,bachelors,0.7986,-0.2249,49.0
female,nh_aian,nh_white,some_college,graduate,0.8523,-0.15976,13.5
female,nh_aian,nh_white,bachelors,hs_or_less,1.2891,0.25396,40.2
female,nh_aian,nh_white,bachelors,some_college,1.1946,0.1778,55.6
female,nh_aian,nh_white,bachelors,bachelors,0.8878,-0.11901,60.0
female,nh_aian,nh_white,bachelors,graduate,0.8495,-0.16315,15.3
female,nh_aian,nh_white,graduate,hs_or_less,1.1641,0.15191,14.8
female,nh_aian,nh_white,graduate,some_college,1.106,0.10078,19.1
female,nh_aian,nh_white,graduate,bachelors,1.0195,0.01931,29.7
female,nh_aian,nh_white,graduate,graduate,0.838,-0.17669,16.7
female,nh_aian,nh_black,hs_or_less,hs_or_less,1.0983,0.09378,29.8
female,nh_aian,nh_black,hs_or_less,some_college,0.9516,-0.04962,7.6
female,nh_aian,nh_black,hs_or_less,bachelors,1.0597,0.05802,5.0
female,nh_aian,nh_black,hs_or_less,graduate,0.994,-0.00598,0.7
female,nh_aian,nh_black,some_college,hs_or_less,1.145,0.1354,22.8
female,nh_aian,nh_black,some_college,some_college,0.9043,-0.10061,12.1
female,nh_aian,nh_black,some_college,bachelors,1.0067,0.00666,4.6
female,nh_aian,nh_black,some_college,graduate,1.0435,0.04259,3.1
female,nh_aian,nh_black,bachelors,hs_or_less,1.0423,0.04138,5.1
female,nh_aian,nh_black,bachelors,some_college,0.924,-0.07905,1.3
female,nh_aian,nh_black,bachelors,bachelors,0.9921,-0.00797,4.1
female,nh_aian,nh_black,bachelors,graduate,0.9692,-0.03133,0.3
female,nh_aian,nh_black,graduate,hs_or_less,0.9909,-0.00912,0.7
female,nh_aian,nh_black,graduate,some_college,0.9782,-0.02206,0.7
female,nh_aian,nh_black,graduate,bachelors,0.9651,-0.03555,0.3
female,nh_aian,nh_black,graduate,graduate,0.9641,-0.03653,0.3
female,nh_aian,nh_asian,hs_or_less,hs_or_less,1.0448,0.04381,5.5
female,nh_aian,nh_asian,hs_or_less,some_college,1.0072,0.00717,2.6
female,nh_aian,nh_asian,hs_or_less,bachelors,0.9762,-0.02409,1.1
female,nh_aian,nh_asian,hs_or_less,graduate,0.9817,-0.01842,0.4
female,nh_aian,nh_asian,some_college,hs_or_less,1.029,0.02855,3.4
female,nh_aian,nh_asian,some_college,some_college,0.977,-0.02331,3.0
female,nh_aian,nh_asian,some_college,bachelors,0.9823,-0.01783,2.7
female,nh_aian,nh_asian,some_college,graduate,0.9724,-0.02796,0.7
female,nh_aian,nh_asian,bachelors,hs_or_less,0.9874,-0.01266,0.0
female,nh_aian,nh_asian,bachelors,some_college,0.9901,-0.00993,0.7
female,nh_aian,nh_asian,bachelors,bachelors,1.0583,0.05666,5.9
female,nh_aian,nh_asian,bachelors,graduate,1.0095,0.00949,2.5
female,nh_aian,nh_asian,graduate,hs_or_less,1.0073,0.00732,0.4
female,nh_aian,nh_asian,graduate,some_college,1.0065,0.00652,0.6
female,nh_aian,nh_asian,graduate,bachelors,0.9891,-0.011,0.8
female,nh_aian,nh_asian,graduate,graduate,0.9858,-0.01433,1.3
female,nh_aian,nh_aian,hs_or_less,hs_or_less,1.1488,0.13868,287.5
female,nh_aian,nh_aian,hs_or_less,some_college,0.8754,-0.13312,73.4
female,nh_aian,nh_aian,hs_or_less,bachelors,0.9535,-0.04763,13.0
female,nh_aian,nh_aian,hs_or_less,graduate,0.9925,-0.00755,5.6
female,nh_aian,nh_aian,some_college,hs_or_less,0.966,-0.03456,151.8
female,nh_aian,nh_aian,some_college,some_college,0.9514,-0.0498,149.6
female,nh_aian,nh_aian,some_college,bachelors,1.0554,0.05393,28.5
female,nh_aian,nh_aian,some_college,graduate,1.0944,0.09019,13.4
female,nh_aian,nh_aian,bachelors,hs_or_less,1.0131,0.01302,36.0
female,nh_aian,nh_aian,bachelors,some_college,0.9874,-0.01267,41.0
female,nh_aian,nh_aian,bachelors,bachelors,0.9479,-0.05353,22.1
female,nh_aian,nh_aian,bachelors,graduate,1.042,0.04111,12.0
female,nh_aian,nh_aian,graduate,hs_or_less,1.0798,0.07678,14.8
female,nh_aian,nh_aian,graduate,some_college,0.9312,-0.07132,10.7
female,nh_aian,nh_aian,graduate,bachelors,1.0462,0.04521,12.9
female,nh_aian,nh_aian,graduate,graduate,0.9524,-0.04875,9.0
female,nh_aian,nh_nhpi,hs_or_less,hs_or_less,1.0285,0.02806,3.2
female,nh_aian,nh_nhpi,hs_or_less,some_college,0.9976,-0.00238,0.7
female,nh_aian,nh_nhpi,hs_or_less,bachelors,0.9955,-0.00449,0.0
female,nh_aian,nh_nhpi,hs_or_less,graduate,0.9986,-0.00142,0.0
female,nh_aian,nh_nhpi,some_college,hs_or_less,1.0159,0.01573,1.9
female,nh_aian,nh_nhpi,some_college,some_college,0.9838,-0.01634,0.7
female,nh_aian,nh_nhpi,some_college,bachelors,0.9943,-0.00573,0.1
female,nh_aian,nh_nhpi,some_college,graduate,1.003,0.00297,0.2
female,nh_aian,nh_nhpi,bachelors,hs_or_less,1.0063,0.0063,0.5
female,nh_aian,nh_nhpi,bachelors,some_college,0.9907,-0.00932,0.0
female,nh_aian,nh_nhpi,bachelors,bachelors,0.9988,-0.00121,0.3
female,nh_aian,nh_nhpi,bachelors,graduate,0.9975,-0.0025,0.0
female,nh_aian,nh_nhpi,graduate,hs_or_less,0.9995,-0.00045,0.1
female,nh_aian,nh_nhpi,graduate,some_college,0.997,-0.00303,0.0
female,nh_aian,nh_nhpi,graduate,bachelors,0.9964,-0.00358,0.0
female,nh_aian,nh_nhpi,graduate,graduate,0.9974,-0.00262,0.0
female,nh_aian,nh_twoplus,hs_or_less,hs_or_less,1.0518,0.05051,21.3
female,nh_aian,nh_twoplus,hs_or_less,some_college,0.953,-0.04812,8.5
female,nh_aian,nh_twoplus,hs_or_less,bachelors,0.9782,-0.02203,3.3
female,nh_aian,nh_twoplus,hs_or_less,graduate,0.9669,-0.03371,0.0
female,nh_aian,nh_twoplus,some_college,hs_or_less,1.0831,0.07979,15.8
female,nh_aian,nh_twoplus,some_college,some_college,1.0688,0.06651,23.1
female,nh_aian,nh_twoplus,some_college,bachelors,1.0079,0.0079,7.3
female,nh_aian,nh_twoplus,some_college,graduate,0.9673,-0.03329,0.8
female,nh_aian,nh_twoplus,bachelors,hs_or_less,1.1031,0.09808,6.6
female,nh_aian,nh_twoplus,bachelors,some_college,1.0552,0.05376,7.4
female,nh_aian,nh_twoplus,bachelors,bachelors,0.8886,-0.1181,1.8
female,nh_aian,nh_twoplus,bachelors,graduate,0.964,-0.03666,0.9
female,nh_aian,nh_twoplus,graduate,hs_or_less,0.9941,-0.00591,0.5
female,nh_aian,nh_twoplus,graduate,some_college,1.0207,0.02053,2.4
female,nh_aian,nh_twoplus,graduate,bachelors,0.9625,-0.03824,1.1
female,nh_aian,nh_twoplus,graduate,graduate,0.9598,-0.04101,0.9
female,nh_aian,nh_other,hs_or_less,hs_or_less,1.0107,0.0106,1.1
female,nh_aian,nh_other,hs_or_less,some_college,1.0031,0.00313,0.5
female,nh_aian,nh_other,hs_or_less,bachelors,0.9961,-0.0039,0.0
female,nh_aian,nh_other,hs_or_less,graduate,0.9981,-0.00189,0.0
female,nh_aian,nh_other,some_college,hs_or_less,0.9987,-0.00131,0.4
female,nh_aian,nh_other,some_college,some_college,0.989,-0.01107,0.2
female,nh_aian,nh_other,some_college,bachelors,0.9922,-0.00783,0.0
female,nh_aian,nh_other,some_college,graduate,0.9987,-0.00133,0.1
female,nh_aian,nh_other,bachelors,hs_or_less,1.0125,0.01244,0.6
female,nh_aian,nh_other,bachelors,some_college,0.9954,-0.00461,0.0
female,nh_aian,nh_other,bachelors,bachelors,0.9921,-0.00791,0.0
female,nh_aian,nh_other,bachelors,graduate,0.996,-0.00403,0.0
female,nh_aian,nh_other,graduate,hs_or_less,0.9992,-0.00082,0.0
female,nh_aian,nh_other,graduate,some_college,1.0236,0.0233,1.0
female,nh_aian,nh_other,graduate,bachelors,0.9992,-0.00082,0.1
female,nh_aian,nh_other,graduate,graduate,0.9961,-0.00395,0.0
female,nh_nhpi,hispanic,hs_or_less,hs_or_less,0.9574,-0.04354,35.1
female,nh_nhpi,hispanic,hs_or_less,some_college,1.0945,0.09032,16.3
female,nh_nhpi,hispanic,hs_or_less,bachelors,0.9735,-0.02688,2.4
female,nh_nhpi,hispanic,hs_or_less,graduate,0.9777,-0.02258,0.1
female,nh_nhpi,hispanic,some_college,hs_or_less,0.9225,-0.08065,17.0
female,nh_nhpi,hispanic,some_college,some_college,1.141,0.13192,25.0
female,nh_nhpi,hispanic,some_college,bachelors,1.0583,0.05663,7.1
female,nh_nhpi,hispanic,some_college,graduate,0.9932,-0.00685,1.1
female,nh_nhpi,hispanic,bachelors,hs_or_less,0.9252,-0.07775,2.3
female,nh_nhpi,hispanic,bachelors,some_college,1.064,0.06207,8.2
female,nh_nhpi,hispanic,bachelors,bachelors,0.9017,-0.10347,1.1
female,nh_nhpi,hispanic,bachelors,graduate,0.975,-0.02531,0.8
female,nh_nhpi,hispanic,graduate,hs_or_less,0.9777,-0.0226,1.0
female,nh_nhpi,hispanic,graduate,some_college,1.0029,0.00289,1.9
female,nh_nhpi,hispanic,graduate,bachelors,1.0147,0.01456,2.9
female,nh_nhpi,hispanic,graduate,graduate,1.0526,0.05124,4.2
female,nh_nhpi,nh_white,hs_or_less,hs_or_less,0.806,-0.21565,31.0
female,nh_nhpi,nh_white,hs_or_less,some_college,0.8862,-0.12078,18.7
female,nh_nhpi,nh_white,hs_or_less,bachelors,0.8825,-0.12501,7.3
female,nh_nhpi,nh_white,hs_or_less,graduate,0.9483,-0.05303,2.1
female,nh_nhpi,nh_white,some_college,hs_or_less,1.2242,0.20227,43.1
female,nh_nhpi,nh_white,some_college,some_college,0.9335,-0.06885,36.0
female,nh_nhpi,nh_white,some_college,bachelors,0.8972,-0.10844,12.8
female,nh_nhpi,nh_white,some_college,graduate,1.1241,0.11695,11.5
female,nh_nhpi,nh_white,bachelors,hs_or_less,1.2001,0.18245,15.9
female,nh_nhpi,nh_white,bachelors,some_college,1.1432,0.1338,19.6
female,nh_nhpi,nh_white,bachelors,bachelors,0.8962,-0.10959,15.8
female,nh_nhpi,nh_white,bachelors,graduate,0.9771,-0.02313,6.9
female,nh_nhpi,nh_white,graduate,hs_or_less,1.124,0.11688,7.3
female,nh_nhpi,nh_white,graduate,some_college,1.1585,0.14715,10.9
female,nh_nhpi,nh_white,graduate,bachelors,1.0145,0.01439,10.0
female,nh_nhpi,nh_white,graduate,graduate,0.9145,-0.08939,4.9
female,nh_nhpi,nh_black,hs_or_less,hs_or_less,0.9358,-0.06631,16.1
female,nh_nhpi,nh_black,hs_or_less,some_college,1.095,0.0908,12.8
female,nh_nhpi,nh_black,hs_or_less,bachelors,0.9462,-0.0553,0.1
female,nh_nhpi,nh_black,hs_or_less,graduate,1.0219,0.02163,1.6
female,nh_nhpi,nh_black,some_college,hs_or_less,1.0354,0.03477,13.4
female,nh_nhpi,nh_black,some_college,some_college,0.8999,-0.10542,7.9
female,nh_nhpi,nh_black,some_college,bachelors,1.0182,0.01808,4.0
female,nh_nhpi,nh_black,some_college,graduate,0.9759,-0.02441,0.1
female,nh_nhpi,nh_black,bachelors,hs_or_less,1.0741,0.07152,6.0
female,nh_nhpi,nh_black,bachelors,some_college,1.0082,0.00818,4.5
female,nh_nhpi,nh_black,bachelors,bachelors,1.0116,0.01154,4.4
female,nh_nhpi,nh_black,bachelors,graduate,1.0446,0.04364,3.2
female,nh_nhpi,nh_black,graduate,hs_or_less,1.0433,0.04237,2.7
female,nh_nhpi,nh_black,graduate,some_college,0.9811,-0.01913,0.7
female,nh_nhpi,nh_black,graduate,bachelors,0.9686,-0.03186,0.4
female,nh_nhpi,nh_black,graduate,graduate,0.9607,-0.0401,0.1
female,nh_nhpi,nh_asian,hs_or_less,hs_or_less,0.9723,-0.0281,3.7
female,nh_nhpi,nh_asian,hs_or_less,some_college,0.9917,-0.0083,2.9
female,nh_nhpi,nh_asian,hs_or_less,bachelors,0.9443,-0.05728,0.8
female,nh_nhpi,nh_asian,hs_or_less,graduate,1.0219,0.02163,2.6
female,nh_nhpi,nh_asian,some_college,hs_or_less,1.032,0.03151,4.1
female,nh_nhpi,nh_asian,some_college,some_college,1.0142,0.01412,5.4
female,nh_nhpi,nh_asian,some_college,bachelors,1.0151,0.01502,4.7
female,nh_nhpi,nh_asian,some_college,graduate,0.9473,-0.05417,0.1
female,nh_nhpi,nh_asian,bachelors,hs_or_less,1.0425,0.04164,2.4
female,nh_nhpi,nh_asian,bachelors,some_college,1.0569,0.0553,3.7
female,nh_nhpi,nh_asian,bachelors,bachelors,0.9666,-0.03396,3.5
female,nh_nhpi,nh_asian,bachelors,graduate,0.9646,-0.03606,1.5
female,nh_nhpi,nh_asian,graduate,hs_or_less,1.022,0.02174,1.1
female,nh_nhpi,nh_asian,graduate,some_college,0.9877,-0.01236,0.0
female,nh_nhpi,nh_asian,graduate,bachelors,1.0197,0.0195,2.7
female,nh_nhpi,nh_asian,graduate,graduate,1.0098,0.00977,3.4
female,nh_nhpi,nh_aian,hs_or_less,hs_or_less,0.9853,-0.01484,0.0
female,nh_nhpi,nh_aian,hs_or_less,some_college,0.9949,-0.00514,0.0
female,nh_nhpi,nh_aian,hs_or_less,bachelors,0.9989,-0.00106,0.0
female,nh_nhpi,nh_aian,hs_or_less,graduate,0.9996,-0.0004,0.0
female,nh_nhpi,nh_aian,some_college,hs_or_less,0.9913,-0.00877,0.0
female,nh_nhpi,nh_aian,some_college,some_college,1.0054,0.00535,0.6
female,nh_nhpi,nh_aian,some_college,bachelors,0.9985,-0.0015,0.0
female,nh_nhpi,nh_aian,some_college,graduate,0.9994,-0.00056,0.0
female,nh_nhpi,nh_aian,bachelors,hs_or_less,1.0102,0.01012,0.5
female,nh_nhpi,nh_aian,bachelors,some_college,0.9971,-0.00293,0.0
female,nh_nhpi,nh_aian,bachelors,bachelors,1.0093,0.00927,0.4
female,nh_nhpi,nh_aian,bachelors,graduate,0.9993,-0.00071,0.0
female,nh_nhpi,nh_aian,graduate,hs_or_less,0.9992,-0.00081,0.0
female,nh_nhpi,nh_aian,graduate,some_college,1.0097,0.00968,0.4
female,nh_nhpi,nh_aian,graduate,bachelors,1.0029,0.00287,0.1
female,nh_nhpi,nh_aian,graduate,graduate,0.9994,-0.00056,0.0
female,nh_nhpi,nh_nhpi,hs_or_less,hs_or_less,1.5828,0.4592,251.5
female,nh_nhpi,nh_nhpi,hs_or_less,some_college,1.1519,0.14139,70.2
female,nh_nhpi,nh_nhpi,hs_or_less,bachelors,0.9056,-0.09912,10.7
female,nh_nhpi,nh_nhpi,hs_or_less,graduate,1.041,0.04015,5.7
female,nh_nhpi,nh_nhpi,some_college,hs_or_less,1.0354,0.0348,87.1
female,nh_nhpi,nh_nhpi,some_college,some_college,0.952,-0.04919,80.1
female,nh_nhpi,nh_nhpi,some_college,bachelors,0.8887,-0.11801,14.6
female,nh_nhpi,nh_nhpi,some_college,graduate,0.9538,-0.04725,3.5
female,nh_nhpi,nh_nhpi,bachelors,hs_or_less,1.2625,0.23312,36.2
female,nh_nhpi,nh_nhpi,bachelors,some_college,0.8614,-0.14919,17.5
female,nh_nhpi,nh_nhpi,bachelors,bachelors,0.8335,-0.18215,14.4
female,nh_nhpi,nh_nhpi,bachelors,graduate,0.8908,-0.11567,2.0
female,nh_nhpi,nh_nhpi,graduate,hs_or_less,1.1462,0.13649,13.4
female,nh_nhpi,nh_nhpi,graduate,some_college,0.9107,-0.09358,4.9
female,nh_nhpi,nh_nhpi,graduate,bachelors,0.8495,-0.16311,2.6
female,nh_nhpi,nh_nhpi,graduate,graduate,0.9725,-0.02791,6.9
female,nh_nhpi,nh_twoplus,hs_or_less,hs_or_less,1.1375,0.12883,18.7
female,nh_nhpi,nh_twoplus,hs_or_less,some_college,1.0419,0.04109,9.1
female,nh_nhpi,nh_twoplus,hs_or_less,bachelors,0.9421,-0.05965,0.5
female,nh_nhpi,nh_twoplus,hs_or_less,graduate,0.9801,-0.02013,0.1
female,nh_nhpi,nh_twoplus,some_college,hs_or_less,1.0077,0.00765,7.0
female,nh_nhpi,nh_twoplus,some_college,some_college,0.9286,-0.0741,7.3
female,nh_nhpi,nh_twoplus,some_college,bachelors,1.0283,0.02792,5.1
female,nh_nhpi,nh_twoplus,some_college,graduate,1.0256,0.02532,2.3
female,nh_nhpi,nh_twoplus,bachelors,hs_or_less,0.9874,-0.01264,1.2
female,nh_nhpi,nh_twoplus,bachelors,some_college,1.0948,0.09061,7.2
female,nh_nhpi,nh_twoplus,bachelors,bachelors,0.9251,-0.07782,1.4
female,nh_nhpi,nh_twoplus,bachelors,graduate,1.0066,0.00655,1.9
female,nh_nhpi,nh_twoplus,graduate,hs_or_less,0.9864,-0.01369,0.0
female,nh_nhpi,nh_twoplus,graduate,some_college,0.9883,-0.01175,0.7
female,nh_nhpi,nh_twoplus,graduate,bachelors,0.988,-0.01211,1.4
female,nh_nhpi,nh_twoplus,graduate,graduate,0.955,-0.04608,0.0
female,nh_nhpi,nh_other,hs_or_less,hs_or_less,0.9934,-0.00659,0.1
female,nh_nhpi,nh_other,hs_or_less,some_college,0.9954,-0.00465,0.0
female,nh_nhpi,nh_other,hs_or_less,bachelors,1.0004,0.00042,0.1
female,nh_nhpi,nh_other,hs_or_less,graduate,0.9989,-0.00113,0.0
female,nh_nhpi,nh_other,some_college,hs_or_less,1.0228,0.02252,1.1
female,nh_nhpi,nh_other,some_college,some_college,1.0081,0.0081,0.6
female,nh_nhpi,nh_other,some_college,bachelors,0.9968,-0.00322,0.0
female,nh_nhpi,nh_other,some_college,graduate,0.9985,-0.00154,0.0
female,nh_nhpi,nh_other,bachelors,hs_or_less,0.9987,-0.00128,0.0
female,nh_nhpi,nh_other,bachelors,some_college,0.9978,-0.00225,0.0
female,nh_nhpi,nh_other,bachelors,bachelors,0.9961,-0.00391,0.0
female,nh_nhpi,nh_other,bachelors,graduate,0.998,-0.002,0.0
female,nh_nhpi,nh_other,graduate,hs_or_less,0.9996,-0.00043,0.0
female,nh_nhpi,nh_other,graduate,some_college,0.9992,-0.00082,0.0
female,nh_nhpi,nh_other,graduate,bachelors,0.9991,-0.00093,0.0
female,nh_nhpi,nh_other,graduate,graduate,0.9977,-0.0023,0.0
female,nh_twoplus,hispanic,hs_or_less,hs_or_less,0.8559,-0.15556,491.6
female,nh_twoplus,hispanic,hs_or_less,some_college,0.8685,-0.14098,147.8
female,nh_twoplus,hispanic,hs_or_less,bachelors,1.1093,0.10372,60.9
female,nh_twoplus,hispanic,hs_or_less,graduate,0.9358,-0.06638,11.5
female,nh_twoplus,hispanic,some_college,hs_or_less,0.7693,-0.26229,430.6
female,nh_twoplus,hispanic,some_college,some_college,1.069,0.06676,507.6
female,nh_twoplus,hispanic,some_college,bachelors,1.2965,0.25967,171.5
female,nh_twoplus,hispanic,some_college,graduate,1.1451,0.13553,46.4
female,nh_twoplus,hispanic,bachelors,hs_or_less,0.7704,-0.26091,175.6
female,nh_twoplus,hispanic,bachelors,some_college,1.0249,0.0246,245.6
female,nh_twoplus,hispanic,bachelors,bachelors,1.2115,0.19184,306.4
female,nh_twoplus,hispanic,bachelors,graduate,1.1446,0.13505,94.2
female,nh_twoplus,hispanic,graduate,hs_or_less,0.778,-0.25106,64.9
female,nh_twoplus,hispanic,graduate,some_college,1.1258,0.11849,111.1
female,nh_twoplus,hispanic,graduate,bachelors,1.1016,0.09673,139.1
female,nh_twoplus,hispanic,graduate,graduate,1.0048,0.00479,106.0
female,nh_twoplus,nh_white,hs_or_less,hs_or_less,1.0562,0.05469,1460.9
female,nh_twoplus,nh_white,hs_or_less,some_college,0.9254,-0.07751,675.8
female,nh_twoplus,nh_white,hs_or_less,bachelors,0.8655,-0.1445,313.9
female,nh_twoplus,nh_white,hs_or_less,graduate,0.7249,-0.32175,74.3
female,nh_twoplus,nh_white,some_college,hs_or_less,1.0411,0.04027,1378.4
female,nh_twoplus,nh_white,some_college,some_college,0.9253,-0.07764,1783.4
female,nh_twoplus,nh_white,some_college,bachelors,0.9551,-0.04595,840.0
female,nh_twoplus,nh_white,some_college,graduate,0.8922,-0.1141,244.0
female,nh_twoplus,nh_white,bachelors,hs_or_less,1.0536,0.05223,561.3
female,nh_twoplus,nh_white,bachelors,some_college,1.1213,0.1145,1050.9
female,nh_twoplus,nh_white,bachelors,bachelors,1.2256,0.20345,2078.0
female,nh_twoplus,nh_white,bachelors,graduate,1.1843,0.16913,692.1
female,nh_twoplus,nh_white,graduate,hs_or_less,0.9148,-0.08905,192.7
female,nh_twoplus,nh_white,graduate,some_college,1.0388,0.03811,409.8
female,nh_twoplus,nh_white,graduate,bachelors,1.1257,0.11842,969.5
female,nh_twoplus,nh_white,graduate,graduate,1.083,0.07971,867.8
female,nh_twoplus,nh_black,hs_or_less,hs_or_less,0.957,-0.044,421.8
female,nh_twoplus,nh_black,hs_or_less,some_college,0.9426,-0.05906,173.7
female,nh_twoplus,nh_black,hs_or_less,bachelors,1.0914,0.08745,58.1
female,nh_twoplus,nh_black,hs_or_less,graduate,0.9956,-0.00443,16.7
female,nh_twoplus,nh_black,some_college,hs_or_less,1.1786,0.16433,514.4
female,nh_twoplus,nh_black,some_college,some_college,1.0068,0.00674,503.6
female,nh_twoplus,nh_black,some_college,bachelors,1.1656,0.15327,147.7
female,nh_twoplus,nh_black,some_college,graduate,1.0331,0.03254,42.7
female,nh_twoplus,nh_black,bachelors,hs_or_less,0.7537,-0.2828,123.2
female,nh_twoplus,nh_black,bachelors,some_college,0.9335,-0.06881,230.1
female,nh_twoplus,nh_black,bachelors,bachelors,0.8587,-0.15236,198.3
female,nh_twoplus,nh_black,bachelors,graduate,0.8846,-0.12263,70.4
female,nh_twoplus,nh_black,graduate,hs_or_less,1.2079,0.18891,94.1
female,nh_twoplus,nh_black,graduate,some_college,1.1192,0.11265,121.5
female,nh_twoplus,nh_black,graduate,bachelors,1.0511,0.04985,131.1
female,nh_twoplus,nh_black,graduate,graduate,0.9402,-0.06165,109.5
female,nh_twoplus,nh_asian,hs_or_less,hs_or_less,1.1244,0.11725,56.8
female,nh_twoplus,nh_asian,hs_or_less,some_college,1.0119,0.01185,31.4
female,nh_twoplus,nh_asian,hs_or_less,bachelors,0.7952,-0.22916,13.5
female,nh_twoplus,nh_asian,hs_or_less,graduate,0.8959,-0.10996,9.3
female,nh_twoplus,nh_asian,some_college,hs_or_less,0.8829,-0.12458,34.8
female,nh_twoplus,nh_asian,some_college,some_college,1.1237,0.11658,95.0
female,nh_twoplus,nh_asian,some_college,bachelors,1.012,0.01196,68.9
female,nh_twoplus,nh_asian,some_college,graduate,0.8975,-0.10819,28.2
female,nh_twoplus,nh_asian,bachelors,hs_or_less,1.1889,0.17306,28.5
female,nh_twoplus,nh_asian,bachelors,some_college,0.9787,-0.02148,38.1
female,nh_twoplus,nh_asian,bachelors,bachelors,1.1794,0.16496,164.4
female,nh_twoplus,nh_asian,bachelors,graduate,1.0347,0.0341,85.2
female,nh_twoplus,nh_asian,graduate,hs_or_less,1.0965,0.09216,11.4
female,nh_twoplus,nh_asian,graduate,some_college,1.0662,0.06406,19.0
female,nh_twoplus,nh_asian,graduate,bachelors,0.9617,-0.03905,59.9
female,nh_twoplus,nh_asian,graduate,graduate,0.8576,-0.15356,80.3
female,nh_twoplus,nh_aian,hs_or_less,hs_or_less,1.0234,0.02309,21.1
female,nh_twoplus,nh_aian,hs_or_less,some_college,1.1495,0.13931,13.7
female,nh_twoplus,nh_aian,hs_or_less,bachelors,0.9921,-0.00789,1.0
female,nh_twoplus,nh_aian,hs_or_less,graduate,0.9968,-0.00323,0.3
female,nh_twoplus,nh_aian,some_college,hs_or_less,1.1457,0.13603,27.4
female,nh_twoplus,nh_aian,some_college,some_college,0.9153,-0.08846,14.3
female,nh_twoplus,nh_aian,some_college,bachelors,1.0271,0.02676,4.2
female,nh_twoplus,nh_aian,some_college,graduate,0.9991,-0.00086,1.1
female,nh_twoplus,nh_aian,bachelors,hs_or_less,0.8707,-0.13847,1.6
female,nh_twoplus,nh_aian,bachelors,some_college,0.9738,-0.0266,8.4
female,nh_twoplus,nh_aian,bachelors,bachelors,1.1297,0.12192,11.3
female,nh_twoplus,nh_aian,bachelors,graduate,1.0114,0.0113,2.7
female,nh_twoplus,nh_aian,graduate,hs_or_less,0.9371,-0.06501,0.5
female,nh_twoplus,nh_aian,graduate,some_college,0.9919,-0.00812,3.8
female,nh_twoplus,nh_aian,graduate,bachelors,0.9304,-0.07213,0.1
female,nh_twoplus,nh_aian,graduate,graduate,0.9535,-0.04763,1.2
female,nh_twoplus,nh_nhpi,hs_or_less,hs_or_less,1.0802,0.07712,16.3
female,nh_twoplus,nh_nhpi,hs_or_less,some_college,0.9699,-0.03052,3.3
female,nh_twoplus,nh_nhpi,hs_or_less,bachelors,1.0118,0.01171,1.8
female,nh_twoplus,nh_nhpi,hs_or_less,graduate,0.9915,-0.00858,0.0
female,nh_twoplus,nh_nhpi,some_college,hs_or_less,1.0315,0.03099,13.7
female,nh_twoplus,nh_nhpi,some_college,some_college,0.974,-0.02639,11.2
female,nh_twoplus,nh_nhpi,some_college,bachelors,1.0078,0.00774,3.5
female,nh_twoplus,nh_nhpi,some_college,graduate,0.9899,-0.01017,0.4
female,nh_twoplus,nh_nhpi,bachelors,hs_or_less,1.0534,0.05201,7.3
female,nh_twoplus,nh_nhpi,bachelors,some_college,0.9911,-0.00889,6.0
female,nh_twoplus,nh_nhpi,bachelors,bachelors,0.9609,-0.03984,4.4
female,nh_twoplus,nh_nhpi,bachelors,graduate,0.9631,-0.03757,0.1
female,nh_twoplus,nh_nhpi,graduate,hs_or_less,1.0673,0.06517,4.6
female,nh_twoplus,nh_nhpi,graduate,some_college,0.9687,-0.03175,1.3
female,nh_twoplus,nh_nhpi,graduate,bachelors,0.9395,-0.06236,0.6
female,nh_twoplus,nh_nhpi,graduate,graduate,1.0114,0.01133,2.7
female,nh_twoplus,nh_twoplus,hs_or_less,hs_or_less,1.6393,0.49428,1308.0
female,nh_twoplus,nh_twoplus,hs_or_less,some_college,0.9756,-0.02466,452.2
female,nh_twoplus,nh_twoplus,hs_or_less,bachelors,1.0601,0.05836,198.7
female,nh_twoplus,nh_twoplus,hs_or_less,graduate,1.0549,0.05346,63.6
female,nh_twoplus,nh_twoplus,some_college,hs_or_less,1.0806,0.07753,824.3
female,nh_twoplus,nh_twoplus,some_college,some_college,0.8078,-0.21342,993.4
female,nh_twoplus,nh_twoplus,some_college,bachelors,0.7999,-0.22333,350.6
female,nh_twoplus,nh_twoplus,some_college,graduate,0.9179,-0.08566,123.9
female,nh_twoplus,nh_twoplus,bachelors,hs_or_less,1.1465,0.13672,367.0
female,nh_twoplus,nh_twoplus,bachelors,some_college,0.876,-0.13243,539.5
female,nh_twoplus,nh_twoplus,bachelors,bachelors,0.9401,-0.06179,834.3
female,nh_twoplus,nh_twoplus,bachelors,graduate,0.9677,-0.03286,287.8
female,nh_twoplus,nh_twoplus,graduate,hs_or_less,1.0148,0.01468,122.4
female,nh_twoplus,nh_twoplus,graduate,some_college,0.8659,-0.14395,211.7
female,nh_twoplus,nh_twoplus,graduate,bachelors,0.9357,-0.06649,408.5
female,nh_twoplus,nh_twoplus,graduate,graduate,1.1613,0.14954,476.2
female,nh_twoplus,nh_other,hs_or_less,hs_or_less,1.1711,0.15798,19.8
female,nh_twoplus,nh_other,hs_or_less,some_college,1.1149,0.10874,11.2
female,nh_twoplus,nh_other,hs_or_less,bachelors,0.9486,-0.05272,0.9
female,nh_twoplus,nh_other,hs_or_less,graduate,0.9821,-0.01811,0.7
female,nh_twoplus,nh_other,some_college,hs_or_less,0.982,-0.01812,10.5
female,nh_twoplus,nh_other,some_college,some_college,1.0538,0.05243,19.8
female,nh_twoplus,nh_other,some_college,bachelors,0.9253,-0.07761,4.0
female,nh_twoplus,nh_other,some_college,graduate,1.1708,0.15765,10.1
female,nh_twoplus,nh_other,bachelors,hs_or_less,0.9625,-0.03825,3.1
female,nh_twoplus,nh_other,bachelors,some_college,0.8991,-0.10641,3.4
female,nh_twoplus,nh_other,bachelors,bachelors,0.9703,-0.03017,13.1
female,nh_twoplus,nh_other,bachelors,graduate,0.9777,-0.02259,6.3
female,nh_twoplus,nh_other,graduate,hs_or_less,1.0064,0.00641,2.1
female,nh_twoplus,nh_other,graduate,some_college,1.0344,0.03386,5.0
female,nh_twoplus,nh_other,graduate,bachelors,0.9327,-0.06969,4.5
female,nh_twoplus,nh_other,graduate,graduate,0.92,-0.08339,6.1
female,nh_other,hispanic,hs_or_less,hs_or_less,0.9114,-0.09273,81.1
female,nh_other,hispanic,hs_or_less,some_college,0.908,-0.09652,20.4
female,nh_other,hispanic,hs_or_less,bachelors,1.099,0.09439,12.4
female,nh_other,hispanic,hs_or_less,graduate,1.0733,0.07073,5.4
female,nh_other,hispanic,some_college,hs_or_less,0.9483,-0.05306,51.4
female,nh_other,hispanic,some_college,some_college,1.1793,0.16495,59.2
female,nh_other,hispanic,some_college,bachelors,0.9972,-0.00283,11.8
female,nh_other,hispanic,some_college,graduate,1.0871,0.08351,7.1
female,nh_other,hispanic,bachelors,hs_or_less,0.9507,-0.05051,25.0
female,nh_other,hispanic,bachelors,some_college,1.0201,0.0199,27.8
female,nh_other,hispanic,bachelors,bachelors,0.9353,-0.06688,22.8
female,nh_other,hispanic,bachelors,graduate,0.9361,-0.06598,6.1
female,nh_other,hispanic,graduate,hs_or_less,1.0051,0.00512,11.6
female,nh_other,hispanic,graduate,some_college,0.9948,-0.00523,10.7
female,nh_other,hispanic,graduate,bachelors,0.9701,-0.03036,12.6
female,nh_other,hispanic,graduate,graduate,1.0258,0.02551,13.8
female,nh_other,nh_white,hs_or_less,hs_or_less,0.7741,-0.25612,54.3
female,nh_other,nh_white,hs_or_less,some_college,0.8211,-0.19705,27.6
female,nh_other,nh_white,hs_or_less,bachelors,1.0876,0.08394,26.6
female,nh_other,nh_white,hs_or_less,graduate,1.07,0.06769,10.7
female,nh_other,nh_white,some_college,hs_or_less,0.7565,-0.27912,25.7
female,nh_other,nh_white,some_college,some_college,0.9694,-0.03104,66.1
female,nh_other,nh_white,some_college,bachelors,1.0545,0.0531,35.0
female,nh_other,nh_white,some_college,graduate,1.0519,0.05063,12.9
female,nh_other,nh_white,bachelors,hs_or_less,1.1813,0.16662,34.2
female,nh_other,nh_white,bachelors,some_college,1.0291,0.02868,42.6
female,nh_other,nh_white,bachelors,bachelors,1.175,0.16125,88.1
female,nh_other,nh_white,bachelors,graduate,1.1141,0.10802,32.9
female,nh_other,nh_white,graduate,hs_or_less,1.0782,0.07533,13.2
female,nh_other,nh_white,graduate,some_college,0.9649,-0.03576,15.2
female,nh_other,nh_white,graduate,bachelors,0.9313,-0.07118,31.6
female,nh_other,nh_white,graduate,graduate,1.0779,0.075,41.0
female,nh_other,nh_black,hs_or_less,hs_or_less,0.9714,-0.02904,34.0
female,nh_other,nh_black,hs_or_less,some_college,1.126,0.11864,21.3
female,nh_other,nh_black,hs_or_less,bachelors,1.0522,0.05091,6.2
female,nh_other,nh_black,hs_or_less,graduate,1.0079,0.00785,1.8
female,nh_other,nh_black,some_college,hs_or_less,0.9377,-0.06437,17.6
female,nh_other,nh_black,some_college,some_college,1.0713,0.06884,28.9
female,nh_other,nh_black,some_college,bachelors,1.0055,0.00545,6.1
female,nh_other,nh_black,some_college,graduate,1.0058,0.00582,2.3
female,nh_other,nh_black,bachelors,hs_or_less,1.0542,0.05278,13.2
female,nh_other,nh_black,bachelors,some_college,0.8936,-0.11249,8.6
female,nh_other,nh_black,bachelors,bachelors,0.9161,-0.08759,8.9
female,nh_other,nh_black,bachelors,graduate,1.1154,0.10917,10.0
female,nh_other,nh_black,graduate,hs_or_less,0.9877,-0.01235,3.8
female,nh_other,nh_black,graduate,some_college,0.9121,-0.09196,2.1
female,nh_other,nh_black,graduate,bachelors,1.0973,0.09281,11.4
female,nh_other,nh_black,graduate,graduate,0.8918,-0.11448,1.9
female,nh_other,nh_asian,hs_or_less,hs_or_less,1.0039,0.00385,3.4
female,nh_other,nh_asian,hs_or_less,some_college,0.9616,-0.03912,0.4
female,nh_other,nh_asian,hs_or_less,bachelors,0.9723,-0.02805,0.7
female,nh_other,nh_asian,hs_or_less,graduate,0.9896,-0.01049,0.6
female,nh_other,nh_asian,some_college,hs_or_less,0.9654,-0.03519,0.5
female,nh_other,nh_asian,some_college,some_college,1.0585,0.05683,5.7
female,nh_other,nh_asian,some_college,bachelors,0.988,-0.01203,2.3
female,nh_other,nh_asian,some_college,graduate,0.9849,-0.01525,0.9
female,nh_other,nh_asian,bachelors,hs_or_less,0.9984,-0.00161,0.9
female,nh_other,nh_asian,bachelors,some_college,1.0583,0.05671,4.2
female,nh_other,nh_asian,bachelors,bachelors,0.961,-0.03981,4.5
female,nh_other,nh_asian,bachelors,graduate,0.9456,-0.05596,1.5
female,nh_other,nh_asian,graduate,hs_or_less,0.9937,-0.00636,0.1
female,nh_other,nh_asian,graduate,some_college,1.0103,0.0102,1.2
female,nh_other,nh_asian,graduate,bachelors,1.0007,0.00065,3.3
female,nh_other,nh_asian,graduate,graduate,1.1226,0.11564,10.2
female,nh_other,nh_aian,hs_or_less,hs_or_less,0.9762,-0.02409,0.2
female,nh_other,nh_aian,hs_or_less,some_college,0.9932,-0.00684,0.2
female,nh_other,nh_aian,hs_or_less,bachelors,0.9981,-0.00191,0.0
female,nh_other,nh_aian,hs_or_less,graduate,1.0046,0.00463,0.2
female,nh_other,nh_aian,some_college,hs_or_less,1.0214,0.02115,1.5
female,nh_other,nh_aian,some_college,some_college,0.9829,-0.01729,0.0
female,nh_other,nh_aian,some_college,bachelors,1.0108,0.01078,0.5
female,nh_other,nh_aian,some_college,graduate,1.0014,0.00138,0.1
female,nh_other,nh_aian,bachelors,hs_or_less,0.9929,-0.00709,0.1
female,nh_other,nh_aian,bachelors,some_college,1.0223,0.02202,1.3
female,nh_other,nh_aian,bachelors,bachelors,0.9937,-0.00634,0.0
female,nh_other,nh_aian,bachelors,graduate,1.0146,0.01451,0.7
female,nh_other,nh_aian,graduate,hs_or_less,0.9965,-0.00353,0.0
female,nh_other,nh_aian,graduate,some_college,0.9961,-0.00393,0.0
female,nh_other,nh_aian,graduate,bachelors,1.0001,0.00012,0.1
female,nh_other,nh_aian,graduate,graduate,0.9964,-0.00358,0.0
female,nh_other,nh_nhpi,hs_or_less,hs_or_less,0.9947,-0.00528,0.1
female,nh_other,nh_nhpi,hs_or_less,some_college,0.997,-0.003,0.0
female,nh_other,nh_nhpi,hs_or_less,bachelors,0.9991,-0.00086,0.0
female,nh_other,nh_nhpi,hs_or_less,graduate,0.9997,-0.00025,0.0
female,nh_other,nh_nhpi,some_college,hs_or_less,0.995,-0.00498,0.0
female,nh_other,nh_nhpi,some_college,some_college,0.9949,-0.00515,0.0
female,nh_other,nh_nhpi,some_college,bachelors,0.9987,-0.00128,0.0
female,nh_other,nh_nhpi,some_college,graduate,0.9997,-0.00034,0.0
female,nh_other,nh_nhpi,bachelors,hs_or_less,0.9975,-0.00249,0.0
female,nh_other,nh_nhpi,bachelors,some_college,0.9969,-0.0031,0.0
female,nh_other,nh_nhpi,bachelors,bachelors,1.0212,0.021,0.9
female,nh_other,nh_nhpi,bachelors,graduate,0.9992,-0.00083,0.0
female,nh_other,nh_nhpi,graduate,hs_or_less,1.0028,0.00277,0.1
female,nh_other,nh_nhpi,graduate,some_college,0.9987,-0.00132,0.0
female,nh_other,nh_nhpi,graduate,bachelors,1.0045,0.00454,0.2
female,nh_other,nh_nhpi,graduate,graduate,1.0006,0.00058,0.1
female,nh_other,nh_twoplus,hs_or_less,hs_or_less,0.9426,-0.05915,8.6
female,nh_other,nh_twoplus,hs_or_less,some_college,1.0035,0.00353,7.0
female,nh_other,nh_twoplus,hs_or_less,bachelors,1.0336,0.03308,4.1
female,nh_other,nh_twoplus,hs_or_less,graduate,0.9838,-0.01628,0.3
female,nh_other,nh_twoplus,some_college,hs_or_less,1.0452,0.04417,9.0
female,nh_other,nh_twoplus,some_college,some_college,1.0848,0.08135,15.5
female,nh_other,nh_twoplus,some_college,bachelors,0.9729,-0.0275,2.9
female,nh_other,nh_twoplus,some_college,graduate,1.187,0.17139,8.2
female,nh_other,nh_twoplus,bachelors,hs_or_less,0.9604,-0.04042,1.8
female,nh_other,nh_twoplus,bachelors,some_college,0.9236,-0.07948,3.2
female,nh_other,nh_twoplus,bachelors,bachelors,0.9465,-0.05499,6.7
female,nh_other,nh_twoplus,bachelors,graduate,0.9554,-0.04559,1.5
female,nh_other,nh_twoplus,graduate,hs_or_less,0.9867,-0.01337,0.8
female,nh_other,nh_twoplus,graduate,some_college,1.0307,0.03021,4.1
female,nh_other,nh_twoplus,graduate,bachelors,0.9434,-0.05826,2.3
female,nh_other,nh_twoplus,graduate,graduate,1.0318,0.03129,6.0
female,nh_other,nh_other,hs_or_less,hs_or_less,1.3818,0.32339,346.6
female,nh_other,nh_other,hs_or_less,some_college,0.8412,-0.17291,103.0
female,nh_other,nh_other,hs_or_less,bachelors,1.1552,0.14427,80.7
female,nh_other,nh_other,hs_or_less,graduate,1.0333,0.03276,34.1
female,nh_other,nh_other,some_college,hs_or_less,1.1038,0.09878,164.1
female,nh_other,nh_other,some_college,some_college,1.0002,0.00022,215.2
female,nh_other,nh_other,some_college,bachelors,0.8702,-0.13901,78.1
female,nh_other,nh_other,some_college,graduate,0.7946,-0.22993,27.0
female,nh_other,nh_other,bachelors,hs_or_less,1.1315,0.12353,86.3
female,nh_other,nh_other,bachelors,some_college,0.8665,-0.14328,104.9
female,nh_other,nh_other,bachelors,bachelors,1.0086,0.0086,222.1
female,nh_other,nh_other,bachelors,graduate,0.9721,-0.02834,110.6
female,nh_other,nh_other,graduate,hs_or_less,1.1382,0.12942,37.9
female,nh_other,nh_other,graduate,some_college,0.9344,-0.06786,48.2
female,nh_other,nh_other,graduate,bachelors,0.9438,-0.05784,108.8
female,nh_other,nh_other,graduate,graduate,0.9784,-0.02182,153.1
