sex_s,race_s,race_c,edu_s,edu_c,multiplier,log,sides_alloc
male,hispanic,hispanic,hs_or_less,hs_or_less,1.9813,0.68378,50266.3
male,hispanic,hispanic,hs_or_less,some_college,1.2231,0.20136,14833.2
male,hispanic,hispanic,hs_or_less,bachelors,1.3104,0.27036,5215.0
male,hispanic,hispanic,hs_or_less,graduate,1.2274,0.20491,1542.5
male,hispanic,hispanic,some_college,hs_or_less,0.8857,-0.12143,8400.2
male,hispanic,hispanic,some_college,some_college,0.9082,-0.09625,11786.9
male,hispanic,hispanic,some_college,bachelors,0.9077,-0.09682,4555.2
male,hispanic,hispanic,some_college,graduate,1.0538,0.05244,1648.0
male,hispanic,hispanic,bachelors,hs_or_less,0.897,-0.10866,2653.0
male,hispanic,hispanic,bachelors,some_college,0.7858,-0.24106,2872.6
male,hispanic,hispanic,bachelors,bachelors,0.9183,-0.08519,4944.0
male,hispanic,hispanic,bachelors,graduate,0.8266,-0.19043,1714.2
male,hispanic,hispanic,graduate,hs_or_less,0.9311,-0.07144,852.3
male,hispanic,hispanic,graduate,some_college,0.8348,-0.18062,879.9
male,hispanic,hispanic,graduate,bachelors,0.8221,-0.19589,1435.0
male,hispanic,hispanic,graduate,graduate,0.9753,-0.02504,1783.1
male,hispanic,nh_white,hs_or_less,hs_or_less,0.8697,-0.13966,3816.5
male,hispanic,nh_white,hs_or_less,some_college,0.8939,-0.11212,3494.3
male,hispanic,nh_white,hs_or_less,bachelors,0.7688,-0.26286,1647.4
male,hispanic,nh_white,hs_or_less,graduate,0.8153,-0.20419,716.4
male,hispanic,nh_white,some_college,hs_or_less,1.0658,0.06375,1744.6
male,hispanic,nh_white,some_college,some_college,0.9917,-0.00832,3987.0
male,hispanic,nh_white,some_college,bachelors,0.9768,-0.02345,2620.9
male,hispanic,nh_white,some_college,graduate,1.0471,0.04606,1150.5
male,hispanic,nh_white,bachelors,hs_or_less,0.9783,-0.02194,492.4
male,hispanic,nh_white,bachelors,some_college,1.0961,0.09172,1235.8
male,hispanic,nh_white,bachelors,bachelors,1.162,0.15012,3329.8
male,hispanic,nh_white,bachelors,graduate,1.139,0.13013,1662.1
male,hispanic,nh_white,graduate,hs_or_less,0.9595,-0.04131,149.0
male,hispanic,nh_white,graduate,some_college,1.0528,0.05148,363.4
male,hispanic,nh_white,graduate,bachelors,1.1512,0.14082,1091.8
male,hispanic,nh_white,graduate,graduate,1.15,0.13977,1489.0
male,hispanic,nh_black,hs_or_less,hs_or_less,0.8377,-0.17711,330.3
male,hispanic,nh_black,hs_or_less,some_college,1.0624,0.06054,328.0
male,hispanic,nh_black,hs_or_less,bachelors,1.2925,0.25655,124.1
male,hispanic,nh_black,hs_or_less,graduate,1.2548,0.22701,62.7
male,hispanic,nh_black,some_college,hs_or_less,0.856,-0.15549,123.1
male,hispanic,nh_black,some_college,some_college,0.8882,-0.11858,276.7
male,hispanic,nh_black,some_college,bachelors,1.3411,0.29351,155.7
male,hispanic,nh_black,some_college,graduate,1.1482,0.13815,64.6
male,hispanic,nh_black,bachelors,hs_or_less,0.9242,-0.07883,40.7
male,hispanic,nh_black,bachelors,some_college,0.7913,-0.2341,62.8
male,hispanic,nh_black,bachelors,bachelors,1.1534,0.14275,138.8
male,hispanic,nh_black,bachelors,graduate,1.0409,0.04012,72.7
male,hispanic,nh_black,graduate,hs_or_less,0.9474,-0.05401,11.9
male,hispanic,nh_black,graduate,some_college,0.8512,-0.16109,17.7
male,hispanic,nh_black,graduate,bachelors,0.9185,-0.08503,33.3
male,hispanic,nh_black,graduate,graduate,0.9099,-0.09439,53.5
male,hispanic,nh_asian,hs_or_less,hs_or_less,0.6972,-0.36062,212.7
male,hispanic,nh_asian,hs_or_less,some_college,0.9557,-0.04527,246.2
male,hispanic,nh_asian,hs_or_less,bachelors,0.7063,-0.34772,192.2
male,hispanic,nh_asian,hs_or_less,graduate,0.528,-0.63865,55.2
male,hispanic,nh_asian,some_college,hs_or_less,1.1187,0.11212,136.3
male,hispanic,nh_asian,some_college,some_college,1.2656,0.23555,355.6
male,hispanic,nh_asian,some_college,bachelors,0.9476,-0.05384,348.7
male,hispanic,nh_asian,some_college,graduate,0.64,-0.4463,108.2
male,hispanic,nh_asian,bachelors,hs_or_less,1.3847,0.32546,62.1
male,hispanic,nh_asian,bachelors,some_college,1.3868,0.327,116.8
male,hispanic,nh_asian,bachelors,bachelors,1.1645,0.15226,465.2
male,hispanic,nh_asian,bachelors,graduate,0.964,-0.03666,251.5
male,hispanic,nh_asian,graduate,hs_or_less,1.3262,0.28233,25.9
male,hispanic,nh_asian,graduate,some_college,1.3524,0.3019,41.0
male,hispanic,nh_asian,graduate,bachelors,1.13,0.12219,146.7
male,hispanic,nh_asian,graduate,graduate,1.0728,0.07025,239.0
male,hispanic,nh_aian,hs_or_less,hs_or_less,1.2117,0.19205,127.4
male,hispanic,nh_aian,hs_or_less,some_college,0.9557,-0.04527,63.7
male,hispanic,nh_aian,hs_or_less,bachelors,1.2701,0.23911,26.3
male,hispanic,nh_aian,hs_or_less,graduate,1.2162,0.19576,12.9
male,hispanic,nh_aian,some_college,hs_or_less,0.9054,-0.0994,30.2
male,hispanic,nh_aian,some_college,some_college,1.1568,0.14562,87.5
male,hispanic,nh_aian,some_college,bachelors,0.9828,-0.01731,15.5
male,hispanic,nh_aian,some_college,graduate,1.0973,0.09284,9.3
male,hispanic,nh_aian,bachelors,hs_or_less,0.8592,-0.1518,4.3
male,hispanic,nh_aian,bachelors,some_college,0.8968,-0.10894,14.0
male,hispanic,nh_aian,bachelors,bachelors,0.7796,-0.24904,4.2
male,hispanic,nh_aian,bachelors,graduate,0.9766,-0.02369,5.8
male,hispanic,nh_aian,graduate,hs_or_less,1.073,0.07048,6.6
male,hispanic,nh_aian,graduate,some_college,0.899,-0.10644,1.5
male,hispanic,nh_aian,graduate,bachelors,0.9726,-0.02783,4.8
male,hispanic,nh_aian,graduate,graduate,0.8993,-0.10614,1.7
male,hispanic,nh_nhpi,hs_or_less,hs_or_less,1.0954,0.09109,41.8
male,hispanic,nh_nhpi,hs_or_less,some_college,0.9729,-0.02743,18.9
male,hispanic,nh_nhpi,hs_or_less,bachelors,0.9395,-0.0624,2.2
male,hispanic,nh_nhpi,hs_or_less,graduate,0.9791,-0.02113,0.8
male,hispanic,nh_nhpi,some_college,hs_or_less,1.0981,0.09354,18.3
male,hispanic,nh_nhpi,some_college,some_college,1.0259,0.02557,23.1
male,hispanic,nh_nhpi,some_college,bachelors,1.0416,0.04074,7.7
male,hispanic,nh_nhpi,some_college,graduate,0.9961,-0.00393,1.8
male,hispanic,nh_nhpi,bachelors,hs_or_less,0.9431,-0.05863,1.7
male,hispanic,nh_nhpi,bachelors,some_college,1.0568,0.05529,8.6
male,hispanic,nh_nhpi,bachelors,bachelors,0.9085,-0.09596,2.2
male,hispanic,nh_nhpi,bachelors,graduate,0.9872,-0.01287,2.1
male,hispanic,nh_nhpi,graduate,hs_or_less,0.9713,-0.0291,0.1
male,hispanic,nh_nhpi,graduate,some_college,0.9794,-0.02077,1.0
male,hispanic,nh_nhpi,graduate,bachelors,0.975,-0.02533,1.1
male,hispanic,nh_nhpi,graduate,graduate,1.0527,0.05133,4.4
male,hispanic,nh_twoplus,hs_or_less,hs_or_less,0.9689,-0.03163,501.1
male,hispanic,nh_twoplus,hs_or_less,some_college,0.9329,-0.06945,482.0
male,hispanic,nh_twoplus,hs_or_less,bachelors,0.8846,-0.12258,195.6
male,hispanic,nh_twoplus,hs_or_less,graduate,0.8659,-0.14393,72.0
male,hispanic,nh_twoplus,some_college,hs_or_less,0.8972,-0.10852,174.6
male,hispanic,nh_twoplus,some_college,some_college,1.0493,0.04812,577.4
male,hispanic,nh_twoplus,some_college,bachelors,0.9562,-0.04483,272.1
male,hispanic,nh_twoplus,some_college,graduate,1.0323,0.03178,116.9
male,hispanic,nh_twoplus,bachelors,hs_or_less,1.0732,0.07066,68.8
male,hispanic,nh_twoplus,bachelors,some_college,1.1718,0.15851,188.0
male,hispanic,nh_twoplus,bachelors,bachelors,1.07,0.06761,330.9
male,hispanic,nh_twoplus,bachelors,graduate,1.1185,0.11202,171.5
male,hispanic,nh_twoplus,graduate,hs_or_less,0.9197,-0.08367,13.7
male,hispanic,nh_twoplus,graduate,some_college,1.0964,0.09199,54.1
male,hispanic,nh_twoplus,graduate,bachelors,1.048,0.04684,106.1
male,hispanic,nh_twoplus,graduate,graduate,0.9773,-0.02294,127.4
male,hispanic,nh_other,hs_or_less,hs_or_less,1.1769,0.1629,85.1
male,hispanic,nh_other,hs_or_less,some_college,0.9774,-0.0229,51.6
male,hispanic,nh_other,hs_or_less,bachelors,1.021,0.02076,27.2
male,hispanic,nh_other,hs_or_less,graduate,1.0291,0.02873,12.5
male,hispanic,nh_other,some_college,hs_or_less,0.9338,-0.06853,20.9
male,hispanic,nh_other,some_college,some_college,1.0181,0.01796,57.4
male,hispanic,nh_other,some_college,bachelors,1.0505,0.04924,35.2
male,hispanic,nh_other,some_college,graduate,0.9763,-0.02397,12.4
male,hispanic,nh_other,bachelors,hs_or_less,1.1412,0.13206,14.0
male,hispanic,nh_other,bachelors,some_college,0.9462,-0.05534,12.8
male,hispanic,nh_other,bachelors,bachelors,0.8465,-0.16669,22.4
male,hispanic,nh_other,bachelors,graduate,0.9648,-0.03588,16.1
male,hispanic,nh_other,graduate,hs_or_less,1.0786,0.07562,5.5
male,hispanic,nh_other,graduate,some_college,1.047,0.0459,6.8
male,hispanic,nh_other,graduate,bachelors,0.8848,-0.12242,5.6
male,hispanic,nh_other,graduate,graduate,0.9633,-0.03743,14.1
male,nh_white,hispanic,hs_or_less,hs_or_less,0.5283,-0.63814,3286.4
male,nh_white,hispanic,hs_or_less,some_college,0.8774,-0.13085,2657.5
male,nh_white,hispanic,hs_or_less,bachelors,1.2106,0.19114,1197.3
male,nh_white,hispanic,hs_or_less,graduate,1.352,0.30155,416.4
male,nh_white,hispanic,some_college,hs_or_less,0.6323,-0.45833,2146.1
male,nh_white,hispanic,some_college,some_college,0.9141,-0.0898,4178.0
male,nh_white,hispanic,some_college,bachelors,1.3097,0.26978,2296.6
male,nh_white,hispanic,some_college,graduate,1.5262,0.4228,861.6
male,nh_white,hispanic,bachelors,hs_or_less,0.581,-0.54299,960.6
male,nh_white,hispanic,bachelors,some_college,0.9757,-0.02463,2053.5
male,nh_white,hispanic,bachelors,bachelors,1.3019,0.26384,4032.0
male,nh_white,hispanic,bachelors,graduate,1.4928,0.40068,1770.0
male,nh_white,hispanic,graduate,hs_or_less,0.6328,-0.45752,360.0
male,nh_white,hispanic,graduate,some_college,0.9772,-0.0231,669.2
male,nh_white,hispanic,graduate,bachelors,1.231,0.20785,1400.1
male,nh_white,hispanic,graduate,graduate,1.3603,0.30772,1618.5
male,nh_white,nh_white,hs_or_less,hs_or_less,1.3822,0.32369,43374.3
male,nh_white,nh_white,hs_or_less,some_college,1.1948,0.17799,33185.9
male,nh_white,nh_white,hs_or_less,bachelors,1.0133,0.01326,15273.0
male,nh_white,nh_white,hs_or_less,graduate,0.9823,-0.0179,5924.6
male,nh_white,nh_white,some_college,hs_or_less,1.0877,0.08403,18253.6
male,nh_white,nh_white,some_college,some_college,1.002,0.00195,40944.1
male,nh_white,nh_white,some_college,bachelors,0.9933,-0.00675,26183.6
male,nh_white,nh_white,some_college,graduate,1.0008,0.00081,11003.0
male,nh_white,nh_white,bachelors,hs_or_less,0.8928,-0.11341,7224.1
male,nh_white,nh_white,bachelors,some_college,0.9517,-0.04948,17136.4
male,nh_white,nh_white,bachelors,bachelors,1.0669,0.0648,48807.0
male,nh_white,nh_white,bachelors,graduate,1.058,0.05642,24264.6
male,nh_white,nh_white,graduate,hs_or_less,0.7811,-0.247,2246.0
male,nh_white,nh_white,graduate,some_college,0.8195,-0.19901,5131.9
male,nh_white,nh_white,graduate,bachelors,0.9882,-0.01185,16848.8
male,nh_white,nh_white,graduate,graduate,0.9254,-0.07755,21625.7
male,nh_white,nh_black,hs_or_less,hs_or_less,0.8129,-0.20709,465.5
male,nh_white,nh_black,hs_or_less,some_college,0.9737,-0.02663,425.8
male,nh_white,nh_black,hs_or_less,bachelors,1.2754,0.24324,169.7
male,nh_white,nh_black,hs_or_less,graduate,1.3761,0.31922,94.0
male,nh_white,nh_black,some_college,hs_or_less,0.7736,-0.25671,235.9
male,nh_white,nh_black,some_college,some_college,0.7769,-0.25245,503.8
male,nh_white,nh_black,some_college,bachelors,1.2327,0.20921,281.3
male,nh_white,nh_black,some_college,graduate,1.1666,0.15413,132.5
male,nh_white,nh_black,bachelors,hs_or_less,0.8719,-0.1371,131.6
male,nh_white,nh_black,bachelors,some_college,0.942,-0.05973,279.8
male,nh_white,nh_black,bachelors,bachelors,1.1209,0.11412,432.7
male,nh_white,nh_black,bachelors,graduate,1.0318,0.03127,231.0
male,nh_white,nh_black,graduate,hs_or_less,0.9601,-0.04073,52.1
male,nh_white,nh_black,graduate,some_college,0.9189,-0.08463,93.9
male,nh_white,nh_black,graduate,bachelors,1.0651,0.06305,161.8
male,nh_white,nh_black,graduate,graduate,0.9332,-0.06917,217.2
male,nh_white,nh_asian,hs_or_less,hs_or_less,0.6179,-0.48147,484.2
male,nh_white,nh_asian,hs_or_less,some_college,0.6776,-0.38915,420.1
male,nh_white,nh_asian,hs_or_less,bachelors,0.7137,-0.33729,491.1
male,nh_white,nh_asian,hs_or_less,graduate,0.5128,-0.66796,154.3
male,nh_white,nh_asian,some_college,hs_or_less,1.0266,0.02624,441.0
male,nh_white,nh_asian,some_college,some_college,0.9396,-0.06228,885.4
male,nh_white,nh_asian,some_college,bachelors,0.8908,-0.11565,1102.9
male,nh_white,nh_asian,some_college,graduate,0.6581,-0.41836,415.5
male,nh_white,nh_asian,bachelors,hs_or_less,1.5136,0.41448,320.0
male,nh_white,nh_asian,bachelors,some_college,1.4139,0.34632,606.3
male,nh_white,nh_asian,bachelors,bachelors,1.0378,0.03709,2278.7
male,nh_white,nh_asian,bachelors,graduate,0.9654,-0.03523,1382.5
male,nh_white,nh_asian,graduate,hs_or_less,1.8048,0.59047,155.3
male,nh_white,nh_asian,graduate,some_college,1.779,0.57604,265.3
male,nh_white,nh_asian,graduate,bachelors,1.3368,0.29028,1059.2
male,nh_white,nh_asian,graduate,graduate,1.2542,0.22649,1723.5
male,nh_white,nh_aian,hs_or_less,hs_or_less,1.2552,0.22733,337.1
male,nh_white,nh_aian,hs_or_less,some_college,1.2411,0.21599,231.3
male,nh_white,nh_aian,hs_or_less,bachelors,1.4309,0.3583,64.3
male,nh_white,nh_aian,hs_or_less,graduate,1.2128,0.1929,21.3
male,nh_white,nh_aian,some_college,hs_or_less,1.0656,0.06356,154.8
male,nh_white,nh_aian,some_college,some_college,0.8878,-0.11902,235.1
male,nh_white,nh_aian,some_college,bachelors,1.3168,0.27517,92.1
male,nh_white,nh_aian,some_college,graduate,1.2471,0.22085,34.0
male,nh_white,nh_aian,bachelors,hs_or_less,0.6892,-0.37222,34.8
male,nh_white,nh_aian,bachelors,some_college,0.7891,-0.23689,87.4
male,nh_white,nh_aian,bachelors,bachelors,0.9268,-0.07602,95.6
male,nh_white,nh_aian,bachelors,graduate,1.0372,0.03651,43.9
male,nh_white,nh_aian,graduate,hs_or_less,0.9544,-0.04672,22.0
male,nh_white,nh_aian,graduate,some_college,0.7173,-0.33232,18.0
male,nh_white,nh_aian,graduate,bachelors,0.81,-0.21076,25.7
male,nh_white,nh_aian,graduate,graduate,0.8215,-0.19667,28.7
male,nh_white,nh_nhpi,hs_or_less,hs_or_less,0.8416,-0.17244,33.4
male,nh_white,nh_nhpi,hs_or_less,some_college,1.0975,0.09303,34.3
male,nh_white,nh_nhpi,hs_or_less,bachelors,1.2167,0.19615,15.4
male,nh_white,nh_nhpi,hs_or_less,graduate,1.078,0.07515,5.1
male,nh_white,nh_nhpi,some_college,hs_or_less,0.9237,-0.07936,21.2
male,nh_white,nh_nhpi,some_college,some_college,0.9485,-0.05288,38.1
male,nh_white,nh_nhpi,some_college,bachelors,1.2232,0.20148,21.8
male,nh_white,nh_nhpi,some_college,graduate,1.1307,0.12281,9.1
male,nh_white,nh_nhpi,bachelors,hs_or_less,0.8979,-0.10773,7.8
male,nh_white,nh_nhpi,bachelors,some_college,0.8799,-0.12792,12.2
male,nh_white,nh_nhpi,bachelors,bachelors,0.9733,-0.02702,18.5
male,nh_white,nh_nhpi,bachelors,graduate,0.9915,-0.0085,7.8
male,nh_white,nh_nhpi,graduate,hs_or_less,0.954,-0.04711,2.6
male,nh_white,nh_nhpi,graduate,some_college,1.0649,0.06286,9.4
male,nh_white,nh_nhpi,graduate,bachelors,0.9508,-0.05044,5.4
male,nh_white,nh_nhpi,graduate,graduate,0.9249,-0.07808,4.6
male,nh_white,nh_twoplus,hs_or_less,hs_or_less,1.2625,0.23309,1891.2
male,nh_white,nh_twoplus,hs_or_less,some_college,1.1926,0.1761,1762.6
male,nh_white,nh_twoplus,hs_or_less,bachelors,1.028,0.02761,656.4
male,nh_white,nh_twoplus,hs_or_less,graduate,0.9039,-0.10105,216.6
male,nh_white,nh_twoplus,some_college,hs_or_less,1.0503,0.04904,853.1
male,nh_white,nh_twoplus,some_college,some_college,0.9189,-0.08456,2032.8
male,nh_white,nh_twoplus,some_college,bachelors,1.0423,0.04141,1180.0
male,nh_white,nh_twoplus,some_college,graduate,1.0494,0.04822,475.5
male,nh_white,nh_twoplus,bachelors,hs_or_less,0.8989,-0.1066,358.0
male,nh_white,nh_twoplus,bachelors,some_college,0.9641,-0.03653,972.9
male,nh_white,nh_twoplus,bachelors,bachelors,1.1257,0.11844,2255.9
male,nh_white,nh_twoplus,bachelors,graduate,1.1408,0.13172,1098.9
male,nh_white,nh_twoplus,graduate,hs_or_less,0.7407,-0.30012,89.1
male,nh_white,nh_twoplus,graduate,some_college,0.8477,-0.16519,282.0
male,nh_white,nh_twoplus,graduate,bachelors,1.0018,0.00179,730.5
male,nh_white,nh_twoplus,graduate,graduate,0.9672,-0.03336,930.4
male,nh_white,nh_other,hs_or_less,hs_or_less,0.8692,-0.14016,50.2
male,nh_white,nh_other,hs_or_less,some_college,0.7139,-0.33702,23.5
male,nh_white,nh_other,hs_or_less,bachelors,1.2356,0.21155,37.9
male,nh_white,nh_other,hs_or_less,graduate,1.0724,0.06986,13.7
male,nh_white,nh_other,some_college,hs_or_less,0.9021,-0.103,27.4
male,nh_white,nh_other,some_college,some_college,0.9497,-0.05164,70.5
male,nh_white,nh_other,some_college,bachelors,0.9707,-0.02975,40.3
male,nh_white,nh_other,some_college,graduate,0.9891,-0.01095,18.1
male,nh_white,nh_other,bachelors,hs_or_less,1.0538,0.0524,20.0
male,nh_white,nh_other,bachelors,some_college,0.9788,-0.02145,32.8
male,nh_white,nh_other,bachelors,bachelors,1.1001,0.09542,85.0
male,nh_white,nh_other,bachelors,graduate,0.923,-0.08007,33.0
male,nh_white,nh_other,graduate,hs_or_less,1.1561,0.14509,12.5
male,nh_white,nh_other,graduate,some_college,1.0385,0.03777,13.8
male,nh_white,nh_other,graduate,bachelors,1.1489,0.1388,38.0
male,nh_white,nh_other,graduate,graduate,1.0234,0.02314,41.9
male,nh_black,hispanic,hs_or_less,hs_or_less,0.6498,-0.43103,1146.2
male,nh_black,hispanic,hs_or_less,some_college,0.9813,-0.01892,826.7
male,nh_black,hispanic,hs_or_less,bachelors,0.8716,-0.1374,229.8
male,nh_black,hispanic,hs_or_less,graduate,1.2341,0.21032,112.9
male,nh_black,hispanic,some_college,hs_or_less,0.8361,-0.179,641.7
male,nh_black,hispanic,some_college,some_college,1.0912,0.08726,1121.7
male,nh_black,hispanic,some_college,bachelors,1.0375,0.03685,407.4
male,nh_black,hispanic,some_college,graduate,1.1263,0.11894,146.1
male,nh_black,hispanic,bachelors,hs_or_less,0.8386,-0.17603,193.6
male,nh_black,hispanic,bachelors,some_college,1.0561,0.05461,306.9
male,nh_black,hispanic,bachelors,bachelors,0.9905,-0.00955,414.8
male,nh_black,hispanic,bachelors,graduate,1.3276,0.28338,231.1
male,nh_black,hispanic,graduate,hs_or_less,1.0262,0.02583,81.5
male,nh_black,hispanic,graduate,some_college,1.1239,0.11677,104.6
male,nh_black,hispanic,graduate,bachelors,0.8904,-0.11613,125.6
male,nh_black,hispanic,graduate,graduate,1.1435,0.13411,181.7
male,nh_black,nh_white,hs_or_less,hs_or_less,1.2999,0.26231,2293.8
male,nh_black,nh_white,hs_or_less,some_college,1.0646,0.06263,1648.6
male,nh_black,nh_white,hs_or_less,bachelors,0.7713,-0.2597,618.6
male,nh_black,nh_white,hs_or_less,graduate,0.9918,-0.00822,333.3
male,nh_black,nh_white,some_college,hs_or_less,1.3971,0.33437,1051.1
male,nh_black,nh_white,some_college,some_college,0.9894,-0.01064,1783.3
male,nh_black,nh_white,some_college,bachelors,0.8154,-0.20403,934.9
male,nh_black,nh_white,some_college,graduate,0.9957,-0.00426,485.4
male,nh_black,nh_white,bachelors,hs_or_less,1.1616,0.14976,264.5
male,nh_black,nh_white,bachelors,some_college,1.1504,0.14013,572.6
male,nh_black,nh_white,bachelors,bachelors,0.8762,-0.13214,1061.3
male,nh_black,nh_white,bachelors,graduate,0.9473,-0.05409,597.9
male,nh_black,nh_white,graduate,hs_or_less,1.1008,0.09607,84.7
male,nh_black,nh_white,graduate,some_college,1.0954,0.09108,178.6
male,nh_black,nh_white,graduate,bachelors,0.7386,-0.30297,305.9
male,nh_black,nh_white,graduate,graduate,0.8519,-0.1603,500.7
male,nh_black,nh_black,hs_or_less,hs_or_less,1.1543,0.14353,11792.5
male,nh_black,nh_black,hs_or_less,some_college,1.0536,0.0522,8069.3
male,nh_black,nh_black,hs_or_less,bachelors,1.2579,0.22943,2737.7
male,nh_black,nh_black,hs_or_less,graduate,1.3596,0.30716,1451.7
male,nh_black,nh_black,some_college,hs_or_less,0.8553,-0.15625,3775.8
male,nh_black,nh_black,some_college,some_college,0.8626,-0.14775,7906.5
male,nh_black,nh_black,some_college,bachelors,1.0144,0.01428,3117.0
male,nh_black,nh_black,some_college,graduate,1.1808,0.16616,1801.3
male,nh_black,nh_black,bachelors,hs_or_less,0.8758,-0.1326,1185.4
male,nh_black,nh_black,bachelors,some_college,0.78,-0.24845,2010.0
male,nh_black,nh_black,bachelors,bachelors,0.9096,-0.09478,2964.1
male,nh_black,nh_black,bachelors,graduate,0.9096,-0.09478,1796.0
male,nh_black,nh_black,graduate,hs_or_less,1.1452,0.1356,519.6
male,nh_black,nh_black,graduate,some_college,0.9085,-0.09594,767.4
male,nh_black,nh_black,graduate,bachelors,0.9311,-0.07142,1110.8
male,nh_black,nh_black,graduate,graduate,0.9936,-0.00639,1899.9
male,nh_black,nh_asian,hs_or_less,hs_or_less,0.9127,-0.09137,113.0
male,nh_black,nh_asian,hs_or_less,some_college,0.7894,-0.23643,67.5
male,nh_black,nh_asian,hs_or_less,bachelors,0.7831,-0.24452,72.1
male,nh_black,nh_asian,hs_or_less,graduate,0.7248,-0.32184,25.7
male,nh_black,nh_asian,some_college,hs_or_less,1.1457,0.13604,65.7
male,nh_black,nh_asian,some_college,some_college,1.3088,0.26913,159.5
male,nh_black,nh_asian,some_college,bachelors,0.9281,-0.07467,136.4
male,nh_black,nh_asian,some_college,graduate,0.6665,-0.40576,37.6
male,nh_black,nh_asian,bachelors,hs_or_less,1.6141,0.47877,43.3
male,nh_black,nh_asian,bachelors,some_college,1.359,0.30678,53.9
male,nh_black,nh_asian,bachelors,bachelors,0.8493,-0.16331,129.0
male,nh_black,nh_asian,bachelors,graduate,0.8489,-0.16381,84.0
male,nh_black,nh_asian,graduate,hs_or_less,1.2079,0.18891,13.5
male,nh_black,nh_asian,graduate,some_college,1.3683,0.31356,25.1
male,nh_black,nh_asian,graduate,bachelors,0.995,-0.00506,54.0
male,nh_black,nh_asian,graduate,graduate,1.0137,0.01356,96.8
male,nh_black,nh_aian,hs_or_less,hs_or_less,1.1483,0.13828,58.8
male,nh_black,nh_aian,hs_or_less,some_college,1.1791,0.16479,44.1
male,nh_black,nh_aian,hs_or_less,bachelors,1.0792,0.0762,9.7
male,nh_black,nh_aian,hs_or_less,graduate,0.9814,-0.01877,1.4
male,nh_black,nh_aian,some_college,hs_or_less,1.0313,0.03079,22.1
male,nh_black,nh_aian,some_college,some_college,0.8535,-0.15839,26.7
male,nh_black,nh_aian,some_college,bachelors,0.8624,-0.14803,2.0
male,nh_black,nh_aian,some_college,graduate,0.956,-0.04496,1.1
male,nh_black,nh_aian,bachelors,hs_or_less,1.0931,0.08904,10.2
male,nh_black,nh_aian,bachelors,some_college,0.9737,-0.0267,9.5
male,nh_black,nh_aian,bachelors,bachelors,1.0133,0.01324,9.9
male,nh_black,nh_aian,bachelors,graduate,0.9436,-0.05804,1.3
male,nh_black,nh_aian,graduate,hs_or_less,0.9805,-0.01974,1.3
male,nh_black,nh_aian,graduate,some_college,1.0461,0.04511,5.4
male,nh_black,nh_aian,graduate,bachelors,0.9825,-0.01761,2.7
male,nh_black,nh_aian,graduate,graduate,0.9369,-0.06521,1.0
male,nh_black,nh_nhpi,hs_or_less,hs_or_less,0.9776,-0.02263,26.1
male,nh_black,nh_nhpi,hs_or_less,some_college,1.0054,0.00541,16.6
male,nh_black,nh_nhpi,hs_or_less,bachelors,1.0783,0.07534,6.9
male,nh_black,nh_nhpi,hs_or_less,graduate,1.0308,0.03036,2.4
male,nh_black,nh_nhpi,some_college,hs_or_less,1.3181,0.27622,26.6
male,nh_black,nh_nhpi,some_college,some_college,0.8763,-0.13199,12.2
male,nh_black,nh_nhpi,some_college,bachelors,1.0169,0.01676,6.1
male,nh_black,nh_nhpi,some_college,graduate,0.9787,-0.02149,1.0
male,nh_black,nh_nhpi,bachelors,hs_or_less,0.9152,-0.08864,0.1
male,nh_black,nh_nhpi,bachelors,some_college,0.9813,-0.01885,4.7
male,nh_black,nh_nhpi,bachelors,bachelors,0.9452,-0.05638,3.3
male,nh_black,nh_nhpi,bachelors,graduate,0.9557,-0.04526,0.6
male,nh_black,nh_nhpi,graduate,hs_or_less,1.0367,0.036,2.6
male,nh_black,nh_nhpi,graduate,some_college,0.9595,-0.04129,0.1
male,nh_black,nh_nhpi,graduate,bachelors,1.0402,0.03941,3.7
male,nh_black,nh_nhpi,graduate,graduate,0.9484,-0.05298,0.1
male,nh_black,nh_twoplus,hs_or_less,hs_or_less,1.0334,0.03282,463.2
male,nh_black,nh_twoplus,hs_or_less,some_college,1.1868,0.17127,529.9
male,nh_black,nh_twoplus,hs_or_less,bachelors,0.7223,-0.32533,122.3
male,nh_black,nh_twoplus,hs_or_less,graduate,1.1978,0.18049,95.3
male,nh_black,nh_twoplus,some_college,hs_or_less,1.0341,0.03358,202.6
male,nh_black,nh_twoplus,some_college,some_college,1.0172,0.0171,541.6
male,nh_black,nh_twoplus,some_college,bachelors,0.9581,-0.04278,257.5
male,nh_black,nh_twoplus,some_college,graduate,1.1889,0.173,136.4
male,nh_black,nh_twoplus,bachelors,hs_or_less,1.0619,0.06006,65.4
male,nh_black,nh_twoplus,bachelors,some_college,1.1498,0.13963,177.1
male,nh_black,nh_twoplus,bachelors,bachelors,0.8487,-0.16407,239.2
male,nh_black,nh_twoplus,bachelors,graduate,1.0148,0.01464,146.9
male,nh_black,nh_twoplus,graduate,hs_or_less,0.9478,-0.05366,15.8
male,nh_black,nh_twoplus,graduate,some_college,1.02,0.01977,49.0
male,nh_black,nh_twoplus,graduate,bachelors,0.821,-0.19721,75.0
male,nh_black,nh_twoplus,graduate,graduate,0.9424,-0.05931,124.2
male,nh_black,nh_other,hs_or_less,hs_or_less,1.0366,0.03598,32.3
male,nh_black,nh_other,hs_or_less,some_college,0.8858,-0.12125,16.4
male,nh_black,nh_other,hs_or_less,bachelors,1.0722,0.06975,14.5
male,nh_black,nh_other,hs_or_less,graduate,0.9892,-0.01087,4.4
male,nh_black,nh_other,some_college,hs_or_less,1.1939,0.1772,22.1
male,nh_black,nh_other,some_college,some_college,1.0522,0.05088,31.6
male,nh_black,nh_other,some_college,bachelors,0.8959,-0.1099,9.9
male,nh_black,nh_other,some_college,graduate,0.9061,-0.09864,2.6
male,nh_black,nh_other,bachelors,hs_or_less,1.0897,0.08586,7.6
male,nh_black,nh_other,bachelors,some_college,0.9869,-0.01322,7.3
male,nh_black,nh_other,bachelors,bachelors,0.8841,-0.12314,10.1
male,nh_black,nh_other,bachelors,graduate,1.0491,0.04792,11.4
male,nh_black,nh_other,graduate,hs_or_less,1.0154,0.01527,1.9
male,nh_black,nh_other,graduate,some_college,1.0277,0.02736,3.7
male,nh_black,nh_other,graduate,bachelors,1.1163,0.11006,11.0
male,nh_black,nh_other,graduate,graduate,0.8665,-0.14326,2.0
male,nh_asian,hispanic,hs_or_less,hs_or_less,0.6055,-0.50171,116.6
male,nh_asian,hispanic,hs_or_less,some_college,0.9801,-0.02011,99.6
male,nh_asian,hispanic,hs_or_less,bachelors,1.1635,0.15139,45.0
male,nh_asian,hispanic,hs_or_less,graduate,1.1088,0.10325,16.5
male,nh_asian,hispanic,some_college,hs_or_less,0.8217,-0.19633,107.5
male,nh_asian,hispanic,some_college,some_college,1.2303,0.20723,227.7
male,nh_asian,hispanic,some_college,bachelors,1.4375,0.36293,112.1
male,nh_asian,hispanic,some_college,graduate,1.3987,0.33554,45.5
male,nh_asian,hispanic,bachelors,hs_or_less,0.7365,-0.30583,73.6
male,nh_asian,hispanic,bachelors,some_college,0.9169,-0.08675,123.3
male,nh_asian,hispanic,bachelors,bachelors,1.2373,0.21296,256.4
male,nh_asian,hispanic,bachelors,graduate,1.1127,0.10677,96.3
male,nh_asian,hispanic,graduate,hs_or_less,0.7849,-0.24219,39.1
male,nh_asian,hispanic,graduate,some_college,0.7857,-0.24119,48.2
male,nh_asian,hispanic,graduate,bachelors,1.0029,0.00294,122.7
male,nh_asian,hispanic,graduate,graduate,1.1175,0.1111,146.1
male,nh_asian,nh_white,hs_or_less,hs_or_less,0.6717,-0.39789,155.1
male,nh_asian,nh_white,hs_or_less,some_college,0.7234,-0.32386,148.8
male,nh_asian,nh_white,hs_or_less,bachelors,0.8895,-0.11706,102.5
male,nh_asian,nh_white,hs_or_less,graduate,1.1671,0.15452,67.3
male,nh_asian,nh_white,some_college,hs_or_less,0.8634,-0.14688,129.9
male,nh_asian,nh_white,some_college,some_college,0.9256,-0.07727,348.9
male,nh_asian,nh_white,some_college,bachelors,1.1399,0.13095,279.6
male,nh_asian,nh_white,some_college,graduate,1.0431,0.04217,114.0
male,nh_asian,nh_white,bachelors,hs_or_less,0.9822,-0.01801,122.5
male,nh_asian,nh_white,bachelors,some_college,0.9831,-0.01705,273.8
male,nh_asian,nh_white,bachelors,bachelors,1.2721,0.24063,884.6
male,nh_asian,nh_white,bachelors,graduate,1.2009,0.18307,455.2
male,nh_asian,nh_white,graduate,hs_or_less,0.8062,-0.21542,44.9
male,nh_asian,nh_white,graduate,some_college,1.0157,0.01557,148.6
male,nh_asian,nh_white,graduate,bachelors,1.2986,0.26131,548.4
male,nh_asian,nh_white,graduate,graduate,1.3301,0.28522,763.6
male,nh_asian,nh_black,hs_or_less,hs_or_less,0.8691,-0.1403,13.5
male,nh_asian,nh_black,hs_or_less,some_college,1.1527,0.1421,24.4
male,nh_asian,nh_black,hs_or_less,bachelors,1.1231,0.11611,9.7
male,nh_asian,nh_black,hs_or_less,graduate,0.9803,-0.01991,1.6
male,nh_asian,nh_black,some_college,hs_or_less,0.9472,-0.05428,10.7
male,nh_asian,nh_black,some_college,some_college,1.0247,0.02442,29.9
male,nh_asian,nh_black,some_college,bachelors,1.0183,0.01811,10.3
male,nh_asian,nh_black,some_college,graduate,1.0783,0.07543,8.2
male,nh_asian,nh_black,bachelors,hs_or_less,0.9785,-0.02178,10.1
male,nh_asian,nh_black,bachelors,some_college,0.9037,-0.10131,15.6
male,nh_asian,nh_black,bachelors,bachelors,1.098,0.09352,33.1
male,nh_asian,nh_black,bachelors,graduate,0.8322,-0.18368,7.1
male,nh_asian,nh_black,graduate,hs_or_less,0.9856,-0.01451,5.3
male,nh_asian,nh_black,graduate,some_college,1.1169,0.11055,17.0
male,nh_asian,nh_black,graduate,bachelors,1.069,0.06668,20.1
male,nh_asian,nh_black,graduate,graduate,0.8948,-0.11115,18.7
male,nh_asian,nh_asian,hs_or_less,hs_or_less,2.7823,1.02327,3293.1
male,nh_asian,nh_asian,hs_or_less,some_college,1.2173,0.19664,1070.1
male,nh_asian,nh_asian,hs_or_less,bachelors,0.8612,-0.14941,838.7
male,nh_asian,nh_asian,hs_or_less,graduate,0.6758,-0.39184,346.7
male,nh_asian,nh_asian,some_college,hs_or_less,1.2327,0.20921,891.8
male,nh_asian,nh_asian,some_college,some_college,1.0534,0.052,1595.5
male,nh_asian,nh_asian,some_college,bachelors,0.7122,-0.33938,1400.8
male,nh_asian,nh_asian,some_college,graduate,0.4802,-0.73347,510.6
male,nh_asian,nh_asian,bachelors,hs_or_less,1.5305,0.4256,869.8
male,nh_asian,nh_asian,bachelors,some_college,0.942,-0.0597,1063.8
male,nh_asian,nh_asian,bachelors,bachelors,0.9519,-0.04924,5494.6
male,nh_asian,nh_asian,bachelors,graduate,0.6886,-0.37315,2796.0
male,nh_asian,nh_asian,graduate,hs_or_less,1.2591,0.23042,374.2
male,nh_asian,nh_asian,graduate,some_college,0.8441,-0.1695,490.6
male,nh_asian,nh_asian,graduate,bachelors,0.9804,-0.0198,3408.0
male,nh_asian,nh_asian,graduate,graduate,1.1599,0.14836,7299.3
male,nh_asian,nh_aian,hs_or_less,hs_or_less,1.0846,0.08119,7.9
male,nh_asian,nh_aian,hs_or_less,some_college,1.012,0.01196,3.6
male,nh_asian,nh_aian,hs_or_less,bachelors,0.9843,-0.01578,0.0
male,nh_asian,nh_aian,hs_or_less,graduate,1.0268,0.02647,1.2
male,nh_asian,nh_aian,some_college,hs_or_less,1.0003,0.00031,2.8
male,nh_asian,nh_aian,some_college,some_college,0.9596,-0.04127,3.5
male,nh_asian,nh_aian,some_college,bachelors,0.9908,-0.00927,0.8
male,nh_asian,nh_aian,some_college,graduate,1.0169,0.01673,1.1
male,nh_asian,nh_aian,bachelors,hs_or_less,0.9912,-0.00882,2.0
male,nh_asian,nh_aian,bachelors,some_college,0.9881,-0.01194,3.5
male,nh_asian,nh_aian,bachelors,bachelors,1.0084,0.00834,3.8
male,nh_asian,nh_aian,bachelors,graduate,0.9852,-0.0149,0.8
male,nh_asian,nh_aian,graduate,hs_or_less,0.9825,-0.01762,0.5
male,nh_asian,nh_aian,graduate,some_college,0.9665,-0.03404,0.8
male,nh_asian,nh_aian,graduate,bachelors,1.0229,0.02267,3.0
male,nh_asian,nh_aian,graduate,graduate,0.9861,-0.01402,1.5
male,nh_asian,nh_nhpi,hs_or_less,hs_or_less,0.9627,-0.03805,3.3
male,nh_asian,nh_nhpi,hs_or_less,some_college,1.0109,0.01086,3.3
male,nh_asian,nh_nhpi,hs_or_less,bachelors,1.021,0.0208,1.5
male,nh_asian,nh_nhpi,hs_or_less,graduate,1.0125,0.0124,0.7
male,nh_asian,nh_nhpi,some_college,hs_or_less,0.998,-0.00198,3.0
male,nh_asian,nh_nhpi,some_college,some_college,1.0532,0.05184,7.1
male,nh_asian,nh_nhpi,some_college,bachelors,1.0396,0.03887,2.9
male,nh_asian,nh_nhpi,some_college,graduate,0.9878,-0.01232,0.0
male,nh_asian,nh_nhpi,bachelors,hs_or_less,0.9561,-0.04492,0.8
male,nh_asian,nh_nhpi,bachelors,some_college,1.0643,0.06233,6.4
male,nh_asian,nh_nhpi,bachelors,bachelors,0.9689,-0.03161,2.6
male,nh_asian,nh_nhpi,bachelors,graduate,1.0064,0.00633,1.9
male,nh_asian,nh_nhpi,graduate,hs_or_less,1.021,0.0208,2.2
male,nh_asian,nh_nhpi,graduate,some_college,0.9526,-0.04857,0.0
male,nh_asian,nh_nhpi,graduate,bachelors,0.9581,-0.04282,0.6
male,nh_asian,nh_nhpi,graduate,graduate,0.9961,-0.00396,2.4
male,nh_asian,nh_twoplus,hs_or_less,hs_or_less,1.0102,0.01012,47.4
male,nh_asian,nh_twoplus,hs_or_less,some_college,0.8892,-0.11739,37.2
male,nh_asian,nh_twoplus,hs_or_less,bachelors,1.0665,0.06439,23.8
male,nh_asian,nh_twoplus,hs_or_less,graduate,1.1574,0.14615,15.4
male,nh_asian,nh_twoplus,some_college,hs_or_less,1.0173,0.01716,30.5
male,nh_asian,nh_twoplus,some_college,some_college,1.1123,0.10647,94.4
male,nh_asian,nh_twoplus,some_college,bachelors,0.9387,-0.06327,35.7
male,nh_asian,nh_twoplus,some_college,graduate,0.9281,-0.07464,13.4
male,nh_asian,nh_twoplus,bachelors,hs_or_less,0.8234,-0.19432,12.7
male,nh_asian,nh_twoplus,bachelors,some_college,0.9933,-0.00671,61.6
male,nh_asian,nh_twoplus,bachelors,bachelors,1.3752,0.3186,176.0
male,nh_asian,nh_twoplus,bachelors,graduate,0.9516,-0.0496,57.4
male,nh_asian,nh_twoplus,graduate,hs_or_less,0.9288,-0.07386,9.2
male,nh_asian,nh_twoplus,graduate,some_college,0.9344,-0.06787,28.3
male,nh_asian,nh_twoplus,graduate,bachelors,1.0872,0.08363,81.9
male,nh_asian,nh_twoplus,graduate,graduate,0.9059,-0.09888,82.7
male,nh_asian,nh_other,hs_or_less,hs_or_less,1.0115,0.01147,3.3
male,nh_asian,nh_other,hs_or_less,some_college,0.9602,-0.04061,0.6
male,nh_asian,nh_other,hs_or_less,bachelors,0.9996,-0.00044,1.1
male,nh_asian,nh_other,hs_or_less,graduate,0.9913,-0.00871,0.2
male,nh_asian,nh_other,some_college,hs_or_less,0.9748,-0.02553,0.8
male,nh_asian,nh_other,some_college,some_college,1.0344,0.03382,5.3
male,nh_asian,nh_other,some_college,bachelors,1.0464,0.04531,4.0
male,nh_asian,nh_other,some_college,graduate,1.0074,0.00741,1.3
male,nh_asian,nh_other,bachelors,hs_or_less,0.9837,-0.01643,0.8
male,nh_asian,nh_other,bachelors,some_college,0.975,-0.02528,1.9
male,nh_asian,nh_other,bachelors,bachelors,0.9603,-0.04047,4.5
male,nh_asian,nh_other,bachelors,graduate,1.0033,0.00332,3.6
male,nh_asian,nh_other,graduate,hs_or_less,1.0011,0.00105,0.8
male,nh_asian,nh_other,graduate,some_college,0.9811,-0.01912,0.8
male,nh_asian,nh_other,graduate,bachelors,0.9497,-0.05165,1.7
male,nh_asian,nh_other,graduate,graduate,1.1341,0.12588,10.8
male,nh_aian,hispanic,hs_or_less,hs_or_less,1.0681,0.06588,79.9
male,nh_aian,hispanic,hs_or_less,some_college,1.0473,0.04626,39.6
male,nh_aian,hispanic,hs_or_less,bachelors,0.9323,-0.07013,8.0
male,nh_aian,hispanic,hs_or_less,graduate,1.0388,0.03804,4.9
male,nh_aian,hispanic,some_college,hs_or_less,1.0415,0.04065,27.3
male,nh_aian,hispanic,some_college,some_college,0.9329,-0.06945,28.1
male,nh_aian,hispanic,some_college,bachelors,1.0517,0.05043,15.1
male,nh_aian,hispanic,some_college,graduate,1.0057,0.0057,4.2
male,nh_aian,hispanic,bachelors,hs_or_less,0.9531,-0.04804,2.7
male,nh_aian,hispanic,bachelors,some_college,0.9696,-0.03091,4.3
male,nh_aian,hispanic,bachelors,bachelors,0.9756,-0.02467,7.1
male,nh_aian,hispanic,bachelors,graduate,1.0407,0.03993,4.9
male,nh_aian,hispanic,graduate,hs_or_less,0.9996,-0.00037,1.4
male,nh_aian,hispanic,graduate,some_college,0.9734,-0.02694,0.5
male,nh_aian,hispanic,graduate,bachelors,0.9689,-0.03158,1.3
male,nh_aian,hispanic,graduate,graduate,1.0153,0.01521,3.3
male,nh_aian,nh_white,hs_or_less,hs_or_less,1.2228,0.20115,205.9
male,nh_aian,nh_white,hs_or_less,some_college,1.0985,0.09396,163.0
male,nh_aian,nh_white,hs_or_less,bachelors,0.7653,-0.26751,49.5
male,nh_aian,nh_white,hs_or_less,graduate,0.8533,-0.15865,19.6
male,nh_aian,nh_white,some_college,hs_or_less,1.2721,0.2407,78.0
male,nh_aian,nh_white,some_college,some_college,1.1293,0.1216,153.9
male,nh_aian,nh_white,some_college,bachelors,0.9033,-0.10166,72.5
male,nh_aian,nh_white,some_college,graduate,0.8899,-0.11669,27.0
male,nh_aian,nh_white,bachelors,hs_or_less,1.2791,0.24613,22.5
male,nh_aian,nh_white,bachelors,some_college,1.1238,0.11674,29.8
male,nh_aian,nh_white,bachelors,bachelors,0.8801,-0.12771,43.8
male,nh_aian,nh_white,bachelors,graduate,0.9056,-0.09918,22.1
male,nh_aian,nh_white,graduate,hs_or_less,0.9962,-0.0038,2.9
male,nh_aian,nh_white,graduate,some_college,1.0185,0.01838,7.5
male,nh_aian,nh_white,graduate,bachelors,0.9404,-0.06147,14.5
male,nh_aian,nh_white,graduate,graduate,0.9031,-0.10196,18.1
male,nh_aian,nh_black,hs_or_less,hs_or_less,0.9471,-0.05434,7.9
male,nh_aian,nh_black,hs_or_less,some_college,1.0073,0.0073,8.3
male,nh_aian,nh_black,hs_or_less,bachelors,1.0671,0.06495,4.9
male,nh_aian,nh_black,hs_or_less,graduate,1.059,0.05731,3.3
male,nh_aian,nh_black,some_college,hs_or_less,0.9994,-0.00058,3.6
male,nh_aian,nh_black,some_college,some_college,1.0146,0.01453,8.2
male,nh_aian,nh_black,some_college,bachelors,0.9618,-0.03898,0.9
male,nh_aian,nh_black,some_college,graduate,0.9762,-0.02404,0.3
male,nh_aian,nh_black,bachelors,hs_or_less,0.9957,-0.0043,0.5
male,nh_aian,nh_black,bachelors,some_college,1.0019,0.00185,1.4
male,nh_aian,nh_black,bachelors,bachelors,1.0137,0.01359,2.2
male,nh_aian,nh_black,bachelors,graduate,0.9768,-0.02347,0.1
male,nh_aian,nh_black,graduate,hs_or_less,0.9961,-0.00388,0.1
male,nh_aian,nh_black,graduate,some_college,0.9899,-0.01013,0.0
male,nh_aian,nh_black,graduate,bachelors,1.0064,0.00642,0.8
male,nh_aian,nh_black,graduate,graduate,0.9938,-0.00621,0.6
male,nh_aian,nh_asian,hs_or_less,hs_or_less,1.0317,0.03123,7.5
male,nh_aian,nh_asian,hs_or_less,some_college,0.9885,-0.01157,4.5
male,nh_aian,nh_asian,hs_or_less,bachelors,0.9318,-0.07067,2.3
male,nh_aian,nh_asian,hs_or_less,graduate,0.9612,-0.03954,0.9
male,nh_aian,nh_asian,some_college,hs_or_less,1.0851,0.08168,5.3
male,nh_aian,nh_asian,some_college,some_college,1.1328,0.12473,9.7
male,nh_aian,nh_asian,some_college,bachelors,0.9083,-0.09619,1.6
male,nh_aian,nh_asian,some_college,graduate,0.9457,-0.05579,0.7
male,nh_aian,nh_asian,bachelors,hs_or_less,0.9905,-0.00957,0.0
male,nh_aian,nh_asian,bachelors,some_college,1.0555,0.05397,2.8
male,nh_aian,nh_asian,bachelors,bachelors,0.9903,-0.00971,3.4
male,nh_aian,nh_asian,bachelors,graduate,0.9947,-0.00533,2.2
male,nh_aian,nh_asian,graduate,hs_or_less,1.0088,0.00872,0.4
male,nh_aian,nh_asian,graduate,some_college,1.006,0.00602,0.4
male,nh_aian,nh_asian,graduate,bachelors,0.99,-0.01002,0.8
male,nh_aian,nh_asian,graduate,graduate,1.0021,0.00205,2.1
male,nh_aian,nh_aian,hs_or_less,hs_or_less,1.0962,0.09185,272.6
male,nh_aian,nh_aian,hs_or_less,some_college,0.9101,-0.09421,149.5
male,nh_aian,nh_aian,hs_or_less,bachelors,0.9898,-0.01028,32.1
male,nh_aian,nh_aian,hs_or_less,graduate,1.1109,0.10517,15.5
male,nh_aian,nh_aian,some_college,hs_or_less,0.8852,-0.1219,69.5
male,nh_aian,nh_aian,some_college,some_college,0.9343,-0.06799,145.6
male,nh_aian,nh_aian,some_college,bachelors,0.9726,-0.02778,34.2
male,nh_aian,nh_aian,some_college,graduate,0.9926,-0.00742,11.7
male,nh_aian,nh_aian,bachelors,hs_or_less,0.9369,-0.06516,12.5
male,nh_aian,nh_aian,bachelors,some_college,0.994,-0.00603,27.1
male,nh_aian,nh_aian,bachelors,bachelors,0.9871,-0.01299,22.9
male,nh_aian,nh_aian,bachelors,graduate,1.0781,0.07519,13.4
male,nh_aian,nh_aian,graduate,hs_or_less,1.0061,0.00604,5.0
male,nh_aian,nh_aian,graduate,some_college,1.1059,0.10069,12.8
male,nh_aian,nh_aian,graduate,bachelors,1.0347,0.0341,9.5
male,nh_aian,nh_aian,graduate,graduate,1.0007,0.00072,8.5
male,nh_aian,nh_nhpi,hs_or_less,hs_or_less,0.9745,-0.02587,0.0
male,nh_aian,nh_nhpi,hs_or_less,some_college,0.9844,-0.01573,0.0
male,nh_aian,nh_nhpi,hs_or_less,bachelors,1.0142,0.01407,0.7
male,nh_aian,nh_nhpi,hs_or_less,graduate,0.9988,-0.00118,0.0
male,nh_aian,nh_nhpi,some_college,hs_or_less,0.9914,-0.00867,0.0
male,nh_aian,nh_nhpi,some_college,some_college,0.9927,-0.00735,0.3
male,nh_aian,nh_nhpi,some_college,bachelors,0.9959,-0.0041,0.0
male,nh_aian,nh_nhpi,some_college,graduate,1.0431,0.04217,1.7
male,nh_aian,nh_nhpi,bachelors,hs_or_less,0.9982,-0.00179,0.0
male,nh_aian,nh_nhpi,bachelors,some_college,0.9974,-0.00262,0.0
male,nh_aian,nh_nhpi,bachelors,bachelors,1.004,0.00402,0.3
male,nh_aian,nh_nhpi,bachelors,graduate,1.0097,0.00962,0.4
male,nh_aian,nh_nhpi,graduate,hs_or_less,0.9995,-0.00053,0.0
male,nh_aian,nh_nhpi,graduate,some_college,0.9992,-0.00076,0.0
male,nh_aian,nh_nhpi,graduate,bachelors,0.9991,-0.00088,0.0
male,nh_aian,nh_nhpi,graduate,graduate,0.9996,-0.00039,0.0
male,nh_aian,nh_twoplus,hs_or_less,hs_or_less,1.1041,0.099,20.3
male,nh_aian,nh_twoplus,hs_or_less,some_college,1.0896,0.0858,19.2
male,nh_aian,nh_twoplus,hs_or_less,bachelors,0.8891,-0.11754,1.1
male,nh_aian,nh_twoplus,hs_or_less,graduate,0.953,-0.04817,0.4
male,nh_aian,nh_twoplus,some_college,hs_or_less,1.0455,0.04446,6.9
male,nh_aian,nh_twoplus,some_college,some_college,0.9734,-0.02701,12.1
male,nh_aian,nh_twoplus,some_college,bachelors,1.0018,0.00182,6.9
male,nh_aian,nh_twoplus,some_college,graduate,1.0041,0.00406,2.9
male,nh_aian,nh_twoplus,bachelors,hs_or_less,0.9994,-0.00059,0.9
male,nh_aian,nh_twoplus,bachelors,some_college,1.0362,0.0356,3.8
male,nh_aian,nh_twoplus,bachelors,bachelors,0.9262,-0.07663,1.2
male,nh_aian,nh_twoplus,bachelors,graduate,0.9497,-0.05163,0.1
male,nh_aian,nh_twoplus,graduate,hs_or_less,0.9981,-0.00193,0.2
male,nh_aian,nh_twoplus,graduate,some_college,1.0007,0.00072,0.7
male,nh_aian,nh_twoplus,graduate,bachelors,1.045,0.044,3.2
male,nh_aian,nh_twoplus,graduate,graduate,1.0081,0.00804,2.2
male,nh_aian,nh_other,hs_or_less,hs_or_less,0.9826,-0.0175,0.2
male,nh_aian,nh_other,hs_or_less,some_college,1.012,0.01192,1.1
male,nh_aian,nh_other,hs_or_less,bachelors,0.9925,-0.00754,0.0
male,nh_aian,nh_other,hs_or_less,graduate,0.9966,-0.00343,0.0
male,nh_aian,nh_other,some_college,hs_or_less,0.9968,-0.00317,0.2
male,nh_aian,nh_other,some_college,some_college,0.9843,-0.01584,0.0
male,nh_aian,nh_other,some_college,bachelors,1.0261,0.02577,1.3
male,nh_aian,nh_other,some_college,graduate,0.9963,-0.00368,0.0
male,nh_aian,nh_other,bachelors,hs_or_less,0.9986,-0.00139,0.0
male,nh_aian,nh_other,bachelors,some_college,1.0115,0.01147,0.5
male,nh_aian,nh_other,bachelors,bachelors,0.9941,-0.00597,0.0
male,nh_aian,nh_other,bachelors,graduate,0.9996,-0.00039,0.1
male,nh_aian,nh_other,graduate,hs_or_less,1.0029,0.00287,0.1
male,nh_aian,nh_other,graduate,some_college,1.0016,0.00164,0.1
male,nh_aian,nh_other,graduate,bachelors,1.008,0.00801,0.4
male,nh_aian,nh_other,graduate,graduate,0.9972,-0.00278,0.0
male,nh_nhpi,hispanic,hs_or_less,hs_or_less,0.9419,-0.05982,41.8
male,nh_nhpi,hispanic,hs_or_less,some_college,1.112,0.10613,30.4
male,nh_nhpi,hispanic,hs_or_less,bachelors,0.9288,-0.07388,4.4
male,nh_nhpi,hispanic,hs_or_less,graduate,0.9623,-0.03844,0.7
male,nh_nhpi,hispanic,some_college,hs_or_less,1.0013,0.00129,12.9
male,nh_nhpi,hispanic,some_college,some_college,0.9339,-0.06837,13.6
male,nh_nhpi,hispanic,some_college,bachelors,0.9528,-0.04832,4.7
male,nh_nhpi,hispanic,some_college,graduate,1.0631,0.06122,4.7
male,nh_nhpi,hispanic,bachelors,hs_or_less,0.9618,-0.03896,1.5
male,nh_nhpi,hispanic,bachelors,some_college,1.2755,0.24334,14.2
male,nh_nhpi,hispanic,bachelors,bachelors,1.0165,0.01639,6.3
male,nh_nhpi,hispanic,bachelors,graduate,0.956,-0.04497,0.3
male,nh_nhpi,hispanic,graduate,hs_or_less,0.9974,-0.00263,0.8
male,nh_nhpi,hispanic,graduate,some_college,0.9851,-0.01503,0.4
male,nh_nhpi,hispanic,graduate,bachelors,0.9846,-0.01551,1.0
male,nh_nhpi,hispanic,graduate,graduate,0.9778,-0.02245,0.7
male,nh_nhpi,nh_white,hs_or_less,hs_or_less,0.8475,-0.16549,40.2
male,nh_nhpi,nh_white,hs_or_less,some_college,0.9029,-0.10212,40.8
male,nh_nhpi,nh_white,hs_or_less,bachelors,0.9049,-0.09991,21.4
male,nh_nhpi,nh_white,hs_or_less,graduate,0.8576,-0.1536,3.3
male,nh_nhpi,nh_white,some_college,hs_or_less,1.216,0.19559,25.3
male,nh_nhpi,nh_white,some_college,some_college,1.2538,0.22621,53.5
male,nh_nhpi,nh_white,some_college,bachelors,0.9684,-0.03208,22.5
male,nh_nhpi,nh_white,some_college,graduate,0.931,-0.07148,6.8
male,nh_nhpi,nh_white,bachelors,hs_or_less,1.1058,0.10058,7.7
male,nh_nhpi,nh_white,bachelors,some_college,1.1755,0.16166,15.5
male,nh_nhpi,nh_white,bachelors,bachelors,0.8585,-0.15259,11.2
male,nh_nhpi,nh_white,bachelors,graduate,1.0791,0.07613,13.7
male,nh_nhpi,nh_white,graduate,hs_or_less,1.0181,0.01792,1.7
male,nh_nhpi,nh_white,graduate,some_college,1.0112,0.01114,2.6
male,nh_nhpi,nh_white,graduate,bachelors,0.9711,-0.02931,4.4
male,nh_nhpi,nh_white,graduate,graduate,1.0175,0.01734,8.5
male,nh_nhpi,nh_black,hs_or_less,hs_or_less,0.8976,-0.10809,2.3
male,nh_nhpi,nh_black,hs_or_less,some_college,1.1193,0.11272,10.4
male,nh_nhpi,nh_black,hs_or_less,bachelors,1.0079,0.00785,1.9
male,nh_nhpi,nh_black,hs_or_less,graduate,0.9816,-0.01852,0.0
male,nh_nhpi,nh_black,some_college,hs_or_less,1.05,0.04883,3.9
male,nh_nhpi,nh_black,some_college,some_college,1.0336,0.03303,5.6
male,nh_nhpi,nh_black,some_college,bachelors,0.9839,-0.01621,0.8
male,nh_nhpi,nh_black,some_college,graduate,0.9997,-0.00027,0.7
male,nh_nhpi,nh_black,bachelors,hs_or_less,0.9877,-0.01238,0.0
male,nh_nhpi,nh_black,bachelors,some_college,1.0157,0.0156,1.5
male,nh_nhpi,nh_black,bachelors,bachelors,0.9728,-0.0276,0.1
male,nh_nhpi,nh_black,bachelors,graduate,0.9824,-0.01772,0.0
male,nh_nhpi,nh_black,graduate,hs_or_less,0.9998,-0.00019,0.1
male,nh_nhpi,nh_black,graduate,some_college,0.9947,-0.00531,0.0
male,nh_nhpi,nh_black,graduate,bachelors,0.991,-0.00905,0.0
male,nh_nhpi,nh_black,graduate,graduate,0.9973,-0.00267,0.5
male,nh_nhpi,nh_asian,hs_or_less,hs_or_less,1.0353,0.03467,15.6
male,nh_nhpi,nh_asian,hs_or_less,some_college,1.0913,0.08741,16.3
male,nh_nhpi,nh_asian,hs_or_less,bachelors,0.9398,-0.06213,10.1
male,nh_nhpi,nh_asian,hs_or_less,graduate,1.0648,0.0628,9.3
male,nh_nhpi,nh_asian,some_college,hs_or_less,0.9732,-0.02717,2.5
male,nh_nhpi,nh_asian,some_college,some_college,0.9948,-0.0052,8.0
male,nh_nhpi,nh_asian,some_college,bachelors,0.8564,-0.15503,4.0
male,nh_nhpi,nh_asian,some_college,graduate,0.9534,-0.04776,4.2
male,nh_nhpi,nh_asian,bachelors,hs_or_less,0.9859,-0.01418,0.3
male,nh_nhpi,nh_asian,bachelors,some_college,0.9926,-0.00746,1.6
male,nh_nhpi,nh_asian,bachelors,bachelors,0.9665,-0.03402,7.8
male,nh_nhpi,nh_asian,bachelors,graduate,1.0333,0.03272,7.6
male,nh_nhpi,nh_asian,graduate,hs_or_less,1.0318,0.03129,1.4
male,nh_nhpi,nh_asian,graduate,some_college,1.0741,0.07152,3.2
male,nh_nhpi,nh_asian,graduate,bachelors,1.0905,0.08664,6.2
male,nh_nhpi,nh_asian,graduate,graduate,0.9474,-0.05408,2.1
male,nh_nhpi,nh_aian,hs_or_less,hs_or_less,1.035,0.03442,4.3
male,nh_nhpi,nh_aian,hs_or_less,some_college,0.9964,-0.00356,1.9
male,nh_nhpi,nh_aian,hs_or_less,bachelors,1.0,-2e-05,0.4
male,nh_nhpi,nh_aian,hs_or_less,graduate,0.9996,-0.00035,0.1
male,nh_nhpi,nh_aian,some_college,hs_or_less,0.9921,-0.0079,0.5
male,nh_nhpi,nh_aian,some_college,some_college,0.9977,-0.00232,1.4
male,nh_nhpi,nh_aian,some_college,bachelors,0.9907,-0.00931,0.0
male,nh_nhpi,nh_aian,some_college,graduate,0.997,-0.00299,0.0
male,nh_nhpi,nh_aian,bachelors,hs_or_less,0.9957,-0.00428,0.0
male,nh_nhpi,nh_aian,bachelors,some_college,1.0017,0.00167,0.4
male,nh_nhpi,nh_aian,bachelors,bachelors,0.9976,-0.00239,0.2
male,nh_nhpi,nh_aian,bachelors,graduate,0.997,-0.00296,0.0
male,nh_nhpi,nh_aian,graduate,hs_or_less,0.9986,-0.00137,0.0
male,nh_nhpi,nh_aian,graduate,some_college,1.0062,0.00619,0.3
male,nh_nhpi,nh_aian,graduate,bachelors,0.9977,-0.0023,0.0
male,nh_nhpi,nh_aian,graduate,graduate,0.9975,-0.00253,0.0
male,nh_nhpi,nh_nhpi,hs_or_less,hs_or_less,1.4032,0.33877,266.6
male,nh_nhpi,nh_nhpi,hs_or_less,some_college,0.8957,-0.11012,91.3
male,nh_nhpi,nh_nhpi,hs_or_less,bachelors,1.0811,0.07802,30.0
male,nh_nhpi,nh_nhpi,hs_or_less,graduate,1.1141,0.10805,12.9
male,nh_nhpi,nh_nhpi,some_college,hs_or_less,1.1421,0.13291,62.5
male,nh_nhpi,nh_nhpi,some_college,some_college,0.9724,-0.02799,77.1
male,nh_nhpi,nh_nhpi,some_college,bachelors,0.878,-0.13007,14.9
male,nh_nhpi,nh_nhpi,some_college,graduate,0.9412,-0.06063,4.8
male,nh_nhpi,nh_nhpi,bachelors,hs_or_less,0.9413,-0.06054,9.2
male,nh_nhpi,nh_nhpi,bachelors,some_college,0.9156,-0.0882,12.9
male,nh_nhpi,nh_nhpi,bachelors,bachelors,0.9373,-0.06479,14.7
male,nh_nhpi,nh_nhpi,bachelors,graduate,0.9086,-0.09585,3.1
male,nh_nhpi,nh_nhpi,graduate,hs_or_less,1.0677,0.06554,5.9
male,nh_nhpi,nh_nhpi,graduate,some_college,0.9727,-0.0277,3.5
male,nh_nhpi,nh_nhpi,graduate,bachelors,0.9177,-0.0859,1.6
male,nh_nhpi,nh_nhpi,graduate,graduate,1.0289,0.02849,7.0
male,nh_nhpi,nh_twoplus,hs_or_less,hs_or_less,0.9557,-0.04526,15.5
male,nh_nhpi,nh_twoplus,hs_or_less,some_college,1.0234,0.02309,19.3
male,nh_nhpi,nh_twoplus,hs_or_less,bachelors,1.0405,0.03974,9.8
male,nh_nhpi,nh_twoplus,hs_or_less,graduate,1.0261,0.02579,4.0
male,nh_nhpi,nh_twoplus,some_college,hs_or_less,0.9647,-0.03597,3.3
male,nh_nhpi,nh_twoplus,some_college,some_college,1.0709,0.0685,16.8
male,nh_nhpi,nh_twoplus,some_college,bachelors,1.0276,0.02723,8.3
male,nh_nhpi,nh_twoplus,some_college,graduate,0.9682,-0.03233,1.5
male,nh_nhpi,nh_twoplus,bachelors,hs_or_less,1.0097,0.00961,1.6
male,nh_nhpi,nh_twoplus,bachelors,some_college,1.0205,0.02029,3.8
male,nh_nhpi,nh_twoplus,bachelors,bachelors,1.0014,0.00142,5.8
male,nh_nhpi,nh_twoplus,bachelors,graduate,0.9582,-0.04267,1.0
male,nh_nhpi,nh_twoplus,graduate,hs_or_less,0.9922,-0.00787,0.0
male,nh_nhpi,nh_twoplus,graduate,some_college,0.9929,-0.00709,0.5
male,nh_nhpi,nh_twoplus,graduate,bachelors,0.9626,-0.03809,0.1
male,nh_nhpi,nh_twoplus,graduate,graduate,0.9936,-0.00639,1.8
male,nh_nhpi,nh_other,hs_or_less,hs_or_less,0.9919,-0.00812,0.1
male,nh_nhpi,nh_other,hs_or_less,some_college,0.9921,-0.00791,0.0
male,nh_nhpi,nh_other,hs_or_less,bachelors,0.9962,-0.00382,0.0
male,nh_nhpi,nh_other,hs_or_less,graduate,1.0017,0.0017,0.1
male,nh_nhpi,nh_other,some_college,hs_or_less,0.9974,-0.00257,0.0
male,nh_nhpi,nh_other,some_college,some_college,0.9941,-0.00588,0.0
male,nh_nhpi,nh_other,some_college,bachelors,0.9966,-0.00344,0.0
male,nh_nhpi,nh_other,some_college,graduate,0.9985,-0.0015,0.0
male,nh_nhpi,nh_other,bachelors,hs_or_less,0.9993,-0.00066,0.0
male,nh_nhpi,nh_other,bachelors,some_college,0.9987,-0.00132,0.0
male,nh_nhpi,nh_other,bachelors,bachelors,1.0303,0.02984,1.2
male,nh_nhpi,nh_other,bachelors,graduate,1.0043,0.00429,0.2
male,nh_nhpi,nh_other,graduate,hs_or_less,0.9998,-0.00018,0.0
male,nh_nhpi,nh_other,graduate,some_college,0.9996,-0.00035,0.0
male,nh_nhpi,nh_other,graduate,bachelors,0.9992,-0.00082,0.0
male,nh_nhpi,nh_other,graduate,graduate,1.0008,0.00075,0.1
male,nh_twoplus,hispanic,hs_or_less,hs_or_less,0.5669,-0.56754,406.5
male,nh_twoplus,hispanic,hs_or_less,some_college,0.9604,-0.04045,362.3
male,nh_twoplus,hispanic,hs_or_less,bachelors,0.9835,-0.01664,121.0
male,nh_twoplus,hispanic,hs_or_less,graduate,1.3167,0.2751,58.3
male,nh_twoplus,hispanic,some_college,hs_or_less,0.7576,-0.27766,288.5
male,nh_twoplus,hispanic,some_college,some_college,1.0147,0.01464,553.1
male,nh_twoplus,hispanic,some_college,bachelors,1.1024,0.09745,235.0
male,nh_twoplus,hispanic,some_college,graduate,1.2491,0.2224,89.2
male,nh_twoplus,hispanic,bachelors,hs_or_less,0.7935,-0.23133,119.8
male,nh_twoplus,hispanic,bachelors,some_college,1.0541,0.05269,219.5
male,nh_twoplus,hispanic,bachelors,bachelors,1.213,0.19308,378.0
male,nh_twoplus,hispanic,bachelors,graduate,1.3032,0.2648,159.1
male,nh_twoplus,hispanic,graduate,hs_or_less,0.753,-0.28369,31.3
male,nh_twoplus,hispanic,graduate,some_college,0.9423,-0.0594,59.4
male,nh_twoplus,hispanic,graduate,bachelors,1.1466,0.13679,130.2
male,nh_twoplus,hispanic,graduate,graduate,1.2458,0.21977,148.3
male,nh_twoplus,nh_white,hs_or_less,hs_or_less,1.0971,0.09264,1487.8
male,nh_twoplus,nh_white,hs_or_less,some_college,1.0795,0.07652,1314.4
male,nh_twoplus,nh_white,hs_or_less,bachelors,0.869,-0.14037,586.8
male,nh_twoplus,nh_white,hs_or_less,graduate,0.8069,-0.21457,204.1
male,nh_twoplus,nh_white,some_college,hs_or_less,1.1417,0.13254,799.0
male,nh_twoplus,nh_white,some_college,some_college,0.999,-0.00102,1711.7
male,nh_twoplus,nh_white,some_college,bachelors,1.0591,0.05738,1211.5
male,nh_twoplus,nh_white,some_college,graduate,1.1028,0.0979,514.0
male,nh_twoplus,nh_white,bachelors,hs_or_less,0.9928,-0.00719,276.9
male,nh_twoplus,nh_white,bachelors,some_college,1.0549,0.05349,663.2
male,nh_twoplus,nh_white,bachelors,bachelors,1.0915,0.08751,1789.7
male,nh_twoplus,nh_white,bachelors,graduate,1.0616,0.0598,858.6
male,nh_twoplus,nh_white,graduate,hs_or_less,0.9155,-0.0883,85.1
male,nh_twoplus,nh_white,graduate,some_college,0.8434,-0.17037,172.2
male,nh_twoplus,nh_white,graduate,bachelors,1.0314,0.03093,611.9
male,nh_twoplus,nh_white,graduate,graduate,0.9353,-0.06689,747.2
male,nh_twoplus,nh_black,hs_or_less,hs_or_less,0.8945,-0.11146,171.0
male,nh_twoplus,nh_black,hs_or_less,some_college,1.1403,0.13133,175.0
male,nh_twoplus,nh_black,hs_or_less,bachelors,1.358,0.30598,70.5
male,nh_twoplus,nh_black,hs_or_less,graduate,1.2961,0.25934,35.6
male,nh_twoplus,nh_black,some_college,hs_or_less,0.999,-0.00099,102.5
male,nh_twoplus,nh_black,some_college,some_college,0.9084,-0.09613,192.1
male,nh_twoplus,nh_black,some_college,bachelors,1.1541,0.14332,90.0
male,nh_twoplus,nh_black,some_college,graduate,1.2424,0.21705,51.5
male,nh_twoplus,nh_black,bachelors,hs_or_less,0.7785,-0.25041,23.4
male,nh_twoplus,nh_black,bachelors,some_college,0.8868,-0.12009,67.5
male,nh_twoplus,nh_black,bachelors,bachelors,0.9065,-0.09821,91.4
male,nh_twoplus,nh_black,bachelors,graduate,1.087,0.08346,68.5
male,nh_twoplus,nh_black,graduate,hs_or_less,0.9977,-0.00229,14.5
male,nh_twoplus,nh_black,graduate,some_college,0.9113,-0.09289,22.0
male,nh_twoplus,nh_black,graduate,bachelors,0.8491,-0.16354,27.8
male,nh_twoplus,nh_black,graduate,graduate,0.8151,-0.20448,43.0
male,nh_twoplus,nh_asian,hs_or_less,hs_or_less,1.0333,0.03272,117.2
male,nh_twoplus,nh_asian,hs_or_less,some_college,0.8813,-0.12636,78.7
male,nh_twoplus,nh_asian,hs_or_less,bachelors,0.7441,-0.29559,67.7
male,nh_twoplus,nh_asian,hs_or_less,graduate,0.6413,-0.44421,16.5
male,nh_twoplus,nh_asian,some_college,hs_or_less,0.9246,-0.0784,49.5
male,nh_twoplus,nh_asian,some_college,some_college,1.1051,0.09995,150.8
male,nh_twoplus,nh_asian,some_college,bachelors,0.8763,-0.13204,151.4
male,nh_twoplus,nh_asian,some_college,graduate,0.7089,-0.34404,53.3
male,nh_twoplus,nh_asian,bachelors,hs_or_less,1.1635,0.15147,31.6
male,nh_twoplus,nh_asian,bachelors,some_college,1.147,0.13716,60.9
male,nh_twoplus,nh_asian,bachelors,bachelors,1.2554,0.22743,333.4
male,nh_twoplus,nh_asian,bachelors,graduate,0.9471,-0.05432,158.2
male,nh_twoplus,nh_asian,graduate,hs_or_less,1.1037,0.09867,12.4
male,nh_twoplus,nh_asian,graduate,some_college,1.1756,0.16175,24.2
male,nh_twoplus,nh_asian,graduate,bachelors,1.4429,0.36668,143.5
male,nh_twoplus,nh_asian,graduate,graduate,1.2203,0.19913,199.7
male,nh_twoplus,nh_aian,hs_or_less,hs_or_less,1.0428,0.04192,24.8
male,nh_twoplus,nh_aian,hs_or_less,some_college,1.0749,0.0722,19.2
male,nh_twoplus,nh_aian,hs_or_less,bachelors,1.1323,0.12427,8.2
male,nh_twoplus,nh_aian,hs_or_less,graduate,1.0065,0.00651,1.2
male,nh_twoplus,nh_aian,some_college,hs_or_less,0.9398,-0.06212,8.6
male,nh_twoplus,nh_aian,some_college,some_college,1.0058,0.00577,22.4
male,nh_twoplus,nh_aian,some_college,bachelors,1.136,0.12753,10.6
male,nh_twoplus,nh_aian,some_college,graduate,1.0232,0.02296,2.5
male,nh_twoplus,nh_aian,bachelors,hs_or_less,0.9827,-0.01741,4.1
male,nh_twoplus,nh_aian,bachelors,some_college,0.9816,-0.01857,7.4
male,nh_twoplus,nh_aian,bachelors,bachelors,0.9055,-0.09925,2.8
male,nh_twoplus,nh_aian,bachelors,graduate,0.9517,-0.0495,0.7
male,nh_twoplus,nh_aian,graduate,hs_or_less,0.9602,-0.04063,0.0
male,nh_twoplus,nh_aian,graduate,some_college,0.968,-0.03247,1.5
male,nh_twoplus,nh_aian,graduate,bachelors,0.9677,-0.0328,1.4
male,nh_twoplus,nh_aian,graduate,graduate,0.9527,-0.04841,0.9
male,nh_twoplus,nh_nhpi,hs_or_less,hs_or_less,1.1845,0.16928,19.8
male,nh_twoplus,nh_nhpi,hs_or_less,some_college,0.9919,-0.00816,6.3
male,nh_twoplus,nh_nhpi,hs_or_less,bachelors,0.9857,-0.01441,1.0
male,nh_twoplus,nh_nhpi,hs_or_less,graduate,0.9882,-0.01184,0.0
male,nh_twoplus,nh_nhpi,some_college,hs_or_less,1.0501,0.04889,8.1
male,nh_twoplus,nh_nhpi,some_college,some_college,0.9672,-0.03337,8.0
male,nh_twoplus,nh_nhpi,some_college,bachelors,1.0262,0.02582,3.7
male,nh_twoplus,nh_nhpi,some_college,graduate,0.9897,-0.01035,0.5
male,nh_twoplus,nh_nhpi,bachelors,hs_or_less,0.9499,-0.05143,0.4
male,nh_twoplus,nh_nhpi,bachelors,some_college,1.0103,0.0102,4.1
male,nh_twoplus,nh_nhpi,bachelors,bachelors,0.946,-0.05552,1.5
male,nh_twoplus,nh_nhpi,bachelors,graduate,0.9913,-0.00876,1.2
male,nh_twoplus,nh_nhpi,graduate,hs_or_less,0.9831,-0.01703,0.2
male,nh_twoplus,nh_nhpi,graduate,some_college,1.0018,0.00181,1.3
male,nh_twoplus,nh_nhpi,graduate,bachelors,0.9925,-0.0075,1.1
male,nh_twoplus,nh_nhpi,graduate,graduate,0.9631,-0.03763,0.0
male,nh_twoplus,nh_twoplus,hs_or_less,hs_or_less,1.5778,0.45605,1340.6
male,nh_twoplus,nh_twoplus,hs_or_less,some_college,1.0256,0.02525,854.8
male,nh_twoplus,nh_twoplus,hs_or_less,bachelors,1.0104,0.01033,372.8
male,nh_twoplus,nh_twoplus,hs_or_less,graduate,0.964,-0.03669,129.6
male,nh_twoplus,nh_twoplus,some_college,hs_or_less,1.0728,0.07023,470.1
male,nh_twoplus,nh_twoplus,some_college,some_college,0.852,-0.16021,1014.2
male,nh_twoplus,nh_twoplus,some_college,bachelors,0.8609,-0.14975,531.8
male,nh_twoplus,nh_twoplus,some_college,graduate,0.9102,-0.09407,216.7
male,nh_twoplus,nh_twoplus,bachelors,hs_or_less,1.1112,0.10544,202.7
male,nh_twoplus,nh_twoplus,bachelors,some_college,0.8393,-0.17524,372.2
male,nh_twoplus,nh_twoplus,bachelors,bachelors,0.9335,-0.0688,845.3
male,nh_twoplus,nh_twoplus,bachelors,graduate,1.0096,0.00958,433.0
male,nh_twoplus,nh_twoplus,graduate,hs_or_less,1.0239,0.02361,60.9
male,nh_twoplus,nh_twoplus,graduate,some_college,0.9002,-0.10518,129.2
male,nh_twoplus,nh_twoplus,graduate,bachelors,0.933,-0.06931,298.3
male,nh_twoplus,nh_twoplus,graduate,graduate,1.1721,0.15876,499.2
male,nh_twoplus,nh_other,hs_or_less,hs_or_less,0.9701,-0.03036,9.6
male,nh_twoplus,nh_other,hs_or_less,some_college,1.0404,0.03958,10.8
male,nh_twoplus,nh_other,hs_or_less,bachelors,0.9643,-0.0363,2.8
male,nh_twoplus,nh_other,hs_or_less,graduate,0.9762,-0.02406,0.8
male,nh_twoplus,nh_other,some_college,hs_or_less,1.0278,0.02743,7.0
male,nh_twoplus,nh_other,some_college,some_college,1.1005,0.09581,17.8
male,nh_twoplus,nh_other,some_college,bachelors,0.9125,-0.09159,3.2
male,nh_twoplus,nh_other,some_college,graduate,1.025,0.02467,4.1
male,nh_twoplus,nh_other,bachelors,hs_or_less,1.0943,0.09011,6.0
male,nh_twoplus,nh_other,bachelors,some_college,0.9468,-0.05466,2.5
male,nh_twoplus,nh_other,bachelors,bachelors,0.939,-0.06295,7.4
male,nh_twoplus,nh_other,bachelors,graduate,0.9025,-0.10257,1.0
male,nh_twoplus,nh_other,graduate,hs_or_less,0.9885,-0.01159,0.4
male,nh_twoplus,nh_other,graduate,some_college,1.1936,0.17698,8.7
male,nh_twoplus,nh_other,graduate,bachelors,0.9449,-0.05668,1.6
male,nh_twoplus,nh_other,graduate,graduate,1.0163,0.01619,6.1
male,nh_other,hispanic,hs_or_less,hs_or_less,0.7986,-0.22485,97.3
male,nh_other,hispanic,hs_or_less,some_college,0.964,-0.03665,59.8
male,nh_other,hispanic,hs_or_less,bachelors,1.3016,0.26358,37.2
male,nh_other,hispanic,hs_or_less,graduate,0.9966,-0.00345,6.3
male,nh_other,hispanic,some_college,hs_or_less,0.9485,-0.05285,48.6
male,nh_other,hispanic,some_college,some_college,0.933,-0.06936,62.3
male,nh_other,hispanic,some_college,bachelors,1.0515,0.05022,29.5
male,nh_other,hispanic,some_college,graduate,1.0433,0.04235,10.7
male,nh_other,hispanic,bachelors,hs_or_less,1.1038,0.09875,31.0
male,nh_other,hispanic,bachelors,some_college,1.007,0.00695,30.1
male,nh_other,hispanic,bachelors,bachelors,0.9139,-0.09003,36.1
male,nh_other,hispanic,bachelors,graduate,1.0196,0.01942,18.4
male,nh_other,hispanic,graduate,hs_or_less,1.1591,0.14769,19.2
male,nh_other,hispanic,graduate,some_college,1.0013,0.00126,13.6
male,nh_other,hispanic,graduate,bachelors,0.9813,-0.01884,21.4
male,nh_other,hispanic,graduate,graduate,0.8744,-0.13419,15.6
male,nh_other,nh_white,hs_or_less,hs_or_less,1.0321,0.03161,59.5
male,nh_other,nh_white,hs_or_less,some_college,1.0035,0.00348,50.2
male,nh_other,nh_white,hs_or_less,bachelors,0.8172,-0.20193,14.8
male,nh_other,nh_white,hs_or_less,graduate,1.0136,0.01351,11.9
male,nh_other,nh_white,some_college,hs_or_less,1.0924,0.08835,27.7
male,nh_other,nh_white,some_college,some_college,0.9777,-0.02252,52.2
male,nh_other,nh_white,some_college,bachelors,1.1881,0.17235,47.3
male,nh_other,nh_white,some_college,graduate,1.112,0.10618,20.6
male,nh_other,nh_white,bachelors,hs_or_less,1.0515,0.05019,12.6
male,nh_other,nh_white,bachelors,some_college,0.9661,-0.03445,20.5
male,nh_other,nh_white,bachelors,bachelors,0.9394,-0.06253,49.9
male,nh_other,nh_white,bachelors,graduate,0.9684,-0.03208,27.2
male,nh_other,nh_white,graduate,hs_or_less,0.9524,-0.04876,2.7
male,nh_other,nh_white,graduate,some_college,0.9858,-0.01429,9.8
male,nh_other,nh_white,graduate,bachelors,0.9788,-0.02139,27.6
male,nh_other,nh_white,graduate,graduate,0.9727,-0.02772,37.9
male,nh_other,nh_black,hs_or_less,hs_or_less,0.7734,-0.25693,4.2
male,nh_other,nh_black,hs_or_less,some_college,1.2698,0.23889,26.5
male,nh_other,nh_black,hs_or_less,bachelors,1.2621,0.23278,13.9
male,nh_other,nh_black,hs_or_less,graduate,1.048,0.0469,3.8
male,nh_other,nh_black,some_college,hs_or_less,0.9798,-0.02041,6.3
male,nh_other,nh_black,some_college,some_college,1.042,0.04114,17.3
male,nh_other,nh_black,some_college,bachelors,0.9683,-0.0322,3.6
male,nh_other,nh_black,some_college,graduate,1.0553,0.05381,4.7
male,nh_other,nh_black,bachelors,hs_or_less,1.0241,0.02378,4.4
male,nh_other,nh_black,bachelors,some_college,0.9336,-0.06874,3.4
male,nh_other,nh_black,bachelors,bachelors,0.8812,-0.12652,2.3
male,nh_other,nh_black,bachelors,graduate,0.9302,-0.07238,1.9
male,nh_other,nh_black,graduate,hs_or_less,0.9602,-0.04061,0.0
male,nh_other,nh_black,graduate,some_college,1.0784,0.07545,6.2
male,nh_other,nh_black,graduate,bachelors,0.9139,-0.09,0.6
male,nh_other,nh_black,graduate,graduate,0.995,-0.00496,6.6
male,nh_other,nh_asian,hs_or_less,hs_or_less,0.9238,-0.07929,3.6
male,nh_other,nh_asian,hs_or_less,some_college,0.9432,-0.05846,3.1
male,nh_other,nh_asian,hs_or_less,bachelors,1.036,0.03537,8.0
male,nh_other,nh_asian,hs_or_less,graduate,1.016,0.0159,3.9
male,nh_other,nh_asian,some_college,hs_or_less,0.9929,-0.00717,2.6
male,nh_other,nh_asian,some_college,some_college,1.0881,0.08448,9.9
male,nh_other,nh_asian,some_college,bachelors,0.8943,-0.11169,2.9
male,nh_other,nh_asian,some_college,graduate,1.042,0.04112,6.1
male,nh_other,nh_asian,bachelors,hs_or_less,0.9916,-0.00844,0.9
male,nh_other,nh_asian,bachelors,some_college,1.0438,0.04291,4.3
male,nh_other,nh_asian,bachelors,bachelors,1.0494,0.04821,15.5
male,nh_other,nh_asian,bachelors,graduate,0.9783,-0.02193,7.8
male,nh_other,nh_asian,graduate,hs_or_less,1.1123,0.10642,4.7
male,nh_other,nh_asian,graduate,some_college,0.9991,-0.00087,1.1
male,nh_other,nh_asian,graduate,bachelors,0.9361,-0.06608,3.7
male,nh_other,nh_asian,graduate,graduate,0.9797,-0.02047,10.9
male,nh_other,nh_aian,hs_or_less,hs_or_less,1.0043,0.0043,1.2
male,nh_other,nh_aian,hs_or_less,some_college,0.9908,-0.00923,0.4
male,nh_other,nh_aian,hs_or_less,bachelors,1.0071,0.0071,0.4
male,nh_other,nh_aian,hs_or_less,graduate,0.9988,-0.00125,0.0
male,nh_other,nh_aian,some_college,hs_or_less,1.0022,0.0022,0.5
male,nh_other,nh_aian,some_college,some_college,0.9945,-0.00552,0.6
male,nh_other,nh_aian,some_college,bachelors,0.9952,-0.00478,0.0
male,nh_other,nh_aian,some_college,graduate,1.041,0.04019,1.6
male,nh_other,nh_aian,bachelors,hs_or_less,0.9957,-0.00427,0.0
male,nh_other,nh_aian,bachelors,some_college,0.9912,-0.00888,0.0
male,nh_other,nh_aian,bachelors,bachelors,0.993,-0.00701,0.0
male,nh_other,nh_aian,bachelors,graduate,0.999,-0.00096,0.1
male,nh_other,nh_aian,graduate,hs_or_less,0.9978,-0.00216,0.0
male,nh_other,nh_aian,graduate,some_college,0.9982,-0.00178,0.1
male,nh_other,nh_aian,graduate,bachelors,0.9959,-0.00408,0.0
male,nh_other,nh_aian,graduate,graduate,0.9961,-0.00386,0.0
male,nh_other,nh_nhpi,hs_or_less,hs_or_less,0.9946,-0.00545,0.1
male,nh_other,nh_nhpi,hs_or_less,some_college,1.0191,0.01891,0.9
male,nh_other,nh_nhpi,hs_or_less,bachelors,0.999,-0.00105,0.0
male,nh_other,nh_nhpi,hs_or_less,graduate,0.9997,-0.00035,0.0
male,nh_other,nh_nhpi,some_college,hs_or_less,0.997,-0.00303,0.0
male,nh_other,nh_nhpi,some_college,some_college,1.0003,0.00034,0.2
male,nh_other,nh_nhpi,some_college,bachelors,0.9987,-0.00132,0.0
male,nh_other,nh_nhpi,some_college,graduate,0.9995,-0.00046,0.0
male,nh_other,nh_nhpi,bachelors,hs_or_less,1.0006,0.00063,0.1
male,nh_other,nh_nhpi,bachelors,some_college,0.998,-0.00198,0.0
male,nh_other,nh_nhpi,bachelors,bachelors,0.9979,-0.00215,0.0
male,nh_other,nh_nhpi,bachelors,graduate,0.9999,-8e-05,0.0
male,nh_other,nh_nhpi,graduate,hs_or_less,0.9993,-0.00069,0.0
male,nh_other,nh_nhpi,graduate,some_college,0.999,-0.00097,0.0
male,nh_other,nh_nhpi,graduate,bachelors,0.9989,-0.00114,0.0
male,nh_other,nh_nhpi,graduate,graduate,0.9988,-0.00122,0.0
male,nh_other,nh_twoplus,hs_or_less,hs_or_less,1.1092,0.10368,19.9
male,nh_other,nh_twoplus,hs_or_less,some_college,0.9898,-0.01026,13.8
male,nh_other,nh_twoplus,hs_or_less,bachelors,0.9374,-0.06468,3.4
male,nh_other,nh_twoplus,hs_or_less,graduate,0.9954,-0.00464,2.3
male,nh_other,nh_twoplus,some_college,hs_or_less,1.0372,0.0365,7.3
male,nh_other,nh_twoplus,some_college,some_college,0.9631,-0.03761,13.7
male,nh_other,nh_twoplus,some_college,bachelors,0.9031,-0.10193,3.2
male,nh_other,nh_twoplus,some_college,graduate,1.0121,0.01204,3.8
male,nh_other,nh_twoplus,bachelors,hs_or_less,0.9591,-0.04175,1.0
male,nh_other,nh_twoplus,bachelors,some_college,0.9436,-0.05801,4.1
male,nh_other,nh_twoplus,bachelors,bachelors,0.9818,-0.01837,12.0
male,nh_other,nh_twoplus,bachelors,graduate,0.996,-0.00403,6.4
male,nh_other,nh_twoplus,graduate,hs_or_less,0.9895,-0.01054,0.8
male,nh_other,nh_twoplus,graduate,some_college,1.2051,0.18655,10.8
male,nh_other,nh_twoplus,graduate,bachelors,1.0715,0.06905,9.8
male,nh_other,nh_twoplus,graduate,graduate,0.9456,-0.05599,6.3
male,nh_other,nh_other,hs_or_less,hs_or_less,1.2835,0.24961,353.3
male,nh_other,nh_other,hs_or_less,some_college,0.8153,-0.20415,166.2
male,nh_other,nh_other,hs_or_less,bachelors,0.9244,-0.07857,92.3
male,nh_other,nh_other,hs_or_less,graduate,0.9759,-0.02443,42.2
male,nh_other,nh_other,some_college,hs_or_less,1.0224,0.02219,110.7
male,nh_other,nh_other,some_college,some_college,0.9237,-0.0794,214.1
male,nh_other,nh_other,some_college,bachelors,0.8558,-0.15571,105.7
male,nh_other,nh_other,some_college,graduate,0.9162,-0.0875,50.4
male,nh_other,nh_other,bachelors,hs_or_less,1.6829,0.52049,103.3
male,nh_other,nh_other,bachelors,some_college,0.8532,-0.15871,78.6
male,nh_other,nh_other,bachelors,bachelors,1.0831,0.0798,232.3
male,nh_other,nh_other,bachelors,graduate,0.9344,-0.06782,105.4
male,nh_other,nh_other,graduate,hs_or_less,1.224,0.20209,36.4
male,nh_other,nh_other,graduate,some_college,0.8474,-0.16562,33.1
male,nh_other,nh_other,graduate,bachelors,0.9897,-0.01038,111.0
male,nh_other,nh_other,graduate,graduate,0.959,-0.04188,150.0
female,hispanic,hispanic,hs_or_less,hs_or_less,2.0362,0.71106,46104.0
female,hispanic,hispanic,hs_or_less,some_college,1.2003,0.18261,7758.5
female,hispanic,hispanic,hs_or_less,bachelors,1.268,0.23744,2413.2
female,hispanic,hispanic,hs_or_less,graduate,1.3213,0.27865,802.0
female,hispanic,hispanic,some_college,hs_or_less,0.9952,-0.00476,13757.0
female,hispanic,hispanic,some_college,some_college,0.9659,-0.03468,10941.9
female,hispanic,hispanic,some_college,bachelors,0.87,-0.13926,2622.6
female,hispanic,hispanic,some_college,graduate,0.9379,-0.06408,812.7
female,hispanic,hispanic,bachelors,hs_or_less,0.9637,-0.03698,4754.7
female,hispanic,hispanic,bachelors,some_college,0.8804,-0.12736,4199.2
female,hispanic,hispanic,bachelors,bachelors,0.93,-0.07261,4607.0
female,hispanic,hispanic,bachelors,graduate,0.8244,-0.19314,1302.3
female,hispanic,hispanic,graduate,hs_or_less,0.8207,-0.19755,1409.9
female,hispanic,hispanic,graduate,some_college,0.903,-0.10199,1510.8
female,hispanic,hispanic,graduate,bachelors,0.7411,-0.29964,1610.3
female,hispanic,hispanic,graduate,graduate,0.8713,-0.13771,1644.8
female,hispanic,nh_white,hs_or_less,hs_or_less,0.6353,-0.45368,3273.8
female,hispanic,nh_white,hs_or_less,some_college,0.7941,-0.23052,2128.2
female,hispanic,nh_white,hs_or_less,bachelors,0.7172,-0.33234,941.0
female,hispanic,nh_white,hs_or_less,graduate,0.7978,-0.22592,358.4
female,hispanic,nh_white,some_college,hs_or_less,0.87,-0.1393,2609.9
female,hispanic,nh_white,some_college,some_college,0.928,-0.07467,4065.8
female,hispanic,nh_white,some_college,bachelors,1.0096,0.0096,2047.7
female,hispanic,nh_white,some_college,graduate,1.0568,0.05525,676.1
female,hispanic,nh_white,bachelors,hs_or_less,1.1027,0.09772,1155.4
female,hispanic,nh_white,bachelors,some_college,1.2417,0.2165,2265.9
female,hispanic,nh_white,bachelors,bachelors,1.231,0.20783,4028.4
female,hispanic,nh_white,bachelors,graduate,1.21,0.1906,1386.9
female,hispanic,nh_white,graduate,hs_or_less,1.0793,0.07627,403.4
female,hispanic,nh_white,graduate,some_college,1.2764,0.24403,873.9
female,hispanic,nh_white,graduate,bachelors,1.2293,0.20645,1811.0
female,hispanic,nh_white,graduate,graduate,1.1643,0.15216,1612.5
female,hispanic,nh_black,hs_or_less,hs_or_less,0.7829,-0.24474,908.0
female,hispanic,nh_black,hs_or_less,some_college,1.0284,0.02801,498.5
female,hispanic,nh_black,hs_or_less,bachelors,1.1305,0.12266,149.3
female,hispanic,nh_black,hs_or_less,graduate,1.2218,0.20033,64.0
female,hispanic,nh_black,some_college,hs_or_less,0.9544,-0.04664,662.5
female,hispanic,nh_black,some_college,some_college,1.106,0.10079,899.0
female,hispanic,nh_black,some_college,bachelors,1.1515,0.14105,232.4
female,hispanic,nh_black,some_college,graduate,1.2013,0.1834,84.6
female,hispanic,nh_black,bachelors,hs_or_less,0.7849,-0.24219,184.5
female,hispanic,nh_black,bachelors,some_college,0.9391,-0.06283,320.5
female,hispanic,nh_black,bachelors,bachelors,1.0074,0.00737,326.3
female,hispanic,nh_black,bachelors,graduate,0.8922,-0.11404,100.2
female,hispanic,nh_black,graduate,hs_or_less,0.9746,-0.02574,84.3
female,hispanic,nh_black,graduate,some_college,0.9141,-0.08978,112.8
female,hispanic,nh_black,graduate,bachelors,1.1367,0.12814,173.1
female,hispanic,nh_black,graduate,graduate,0.9178,-0.08579,128.7
female,hispanic,nh_asian,hs_or_less,hs_or_less,0.7892,-0.23679,121.0
female,hispanic,nh_asian,hs_or_less,some_college,1.0667,0.06461,110.9
female,hispanic,nh_asian,hs_or_less,bachelors,0.848,-0.16484,73.9
female,hispanic,nh_asian,hs_or_less,graduate,0.8754,-0.13305,41.3
female,hispanic,nh_asian,some_college,hs_or_less,1.1332,0.12504,117.1
female,hispanic,nh_asian,some_college,some_college,1.3581,0.30606,252.1
female,hispanic,nh_asian,some_college,bachelors,0.8551,-0.15655,126.0
female,hispanic,nh_asian,some_college,graduate,0.7356,-0.30706,49.6
female,hispanic,nh_asian,bachelors,hs_or_less,1.1783,0.16405,47.1
female,hispanic,nh_asian,bachelors,some_college,1.4269,0.35554,117.6
female,hispanic,nh_asian,bachelors,bachelors,1.021,0.02077,256.1
female,hispanic,nh_asian,bachelors,graduate,0.7757,-0.25402,109.6
female,hispanic,nh_asian,graduate,hs_or_less,1.0718,0.06931,15.5
female,hispanic,nh_asian,graduate,some_college,1.2972,0.26024,42.9
female,hispanic,nh_asian,graduate,bachelors,0.9552,-0.04583,99.1
female,hispanic,nh_asian,graduate,graduate,0.9347,-0.06748,155.4
female,hispanic,nh_aian,hs_or_less,hs_or_less,1.1127,0.10683,93.3
female,hispanic,nh_aian,hs_or_less,some_college,1.0973,0.09285,36.0
female,hispanic,nh_aian,hs_or_less,bachelors,0.9722,-0.02822,3.9
female,hispanic,nh_aian,hs_or_less,graduate,0.998,-0.00204,1.9
female,hispanic,nh_aian,some_college,hs_or_less,1.0676,0.06542,54.0
female,hispanic,nh_aian,some_college,some_college,0.9467,-0.0548,44.0
female,hispanic,nh_aian,some_college,bachelors,0.958,-0.04292,5.6
female,hispanic,nh_aian,some_college,graduate,0.9462,-0.05534,0.5
female,hispanic,nh_aian,bachelors,hs_or_less,0.9665,-0.03411,15.2
female,hispanic,nh_aian,bachelors,some_college,0.9899,-0.01013,20.2
female,hispanic,nh_aian,bachelors,bachelors,1.0,5e-05,12.3
female,hispanic,nh_aian,bachelors,graduate,0.9293,-0.07332,1.7
female,hispanic,nh_aian,graduate,hs_or_less,1.0334,0.03288,7.4
female,hispanic,nh_aian,graduate,some_college,1.0154,0.01525,8.6
female,hispanic,nh_aian,graduate,bachelors,1.0318,0.03126,7.1
female,hispanic,nh_aian,graduate,graduate,0.9573,-0.04366,4.0
female,hispanic,nh_nhpi,hs_or_less,hs_or_less,1.1341,0.12587,37.2
female,hispanic,nh_nhpi,hs_or_less,some_college,0.9867,-0.0134,10.1
female,hispanic,nh_nhpi,hs_or_less,bachelors,0.9775,-0.02272,2.0
female,hispanic,nh_nhpi,hs_or_less,graduate,1.0117,0.01161,1.3
female,hispanic,nh_nhpi,some_college,hs_or_less,1.1488,0.1387,25.4
female,hispanic,nh_nhpi,some_college,some_college,0.9144,-0.08943,13.4
female,hispanic,nh_nhpi,some_college,bachelors,1.1661,0.1537,11.2
female,hispanic,nh_nhpi,some_college,graduate,0.9747,-0.02563,0.1
female,hispanic,nh_nhpi,bachelors,hs_or_less,0.958,-0.04296,4.3
female,hispanic,nh_nhpi,bachelors,some_college,0.9443,-0.05731,5.3
female,hispanic,nh_nhpi,bachelors,bachelors,0.9449,-0.05672,4.9
female,hispanic,nh_nhpi,bachelors,graduate,0.9808,-0.01942,1.2
female,hispanic,nh_nhpi,graduate,hs_or_less,0.9644,-0.0363,0.7
female,hispanic,nh_nhpi,graduate,some_college,1.0508,0.04957,4.9
female,hispanic,nh_nhpi,graduate,bachelors,0.9308,-0.07171,0.4
female,hispanic,nh_nhpi,graduate,graduate,0.9571,-0.04385,0.6
female,hispanic,nh_twoplus,hs_or_less,hs_or_less,0.7849,-0.2422,411.7
female,hispanic,nh_twoplus,hs_or_less,some_college,0.9568,-0.04416,302.7
female,hispanic,nh_twoplus,hs_or_less,bachelors,0.8591,-0.15187,102.1
female,hispanic,nh_twoplus,hs_or_less,graduate,0.853,-0.15901,30.5
female,hispanic,nh_twoplus,some_college,hs_or_less,1.0756,0.07292,360.1
female,hispanic,nh_twoplus,some_college,some_college,0.986,-0.01413,540.1
female,hispanic,nh_twoplus,some_college,bachelors,1.0864,0.08286,221.7
female,hispanic,nh_twoplus,some_college,graduate,0.9561,-0.0449,57.5
female,hispanic,nh_twoplus,bachelors,hs_or_less,1.03,0.02959,121.0
female,hispanic,nh_twoplus,bachelors,some_college,0.9622,-0.03856,220.8
female,hispanic,nh_twoplus,bachelors,bachelors,1.1096,0.10403,369.5
female,hispanic,nh_twoplus,bachelors,graduate,1.1329,0.12478,132.6
female,hispanic,nh_twoplus,graduate,hs_or_less,1.1958,0.17882,53.7
female,hispanic,nh_twoplus,graduate,some_college,0.9949,-0.00513,82.0
female,hispanic,nh_twoplus,graduate,bachelors,1.0836,0.08025,159.2
female,hispanic,nh_twoplus,graduate,graduate,1.0271,0.02672,139.3
female,hispanic,nh_other,hs_or_less,hs_or_less,1.1977,0.18041,100.3
female,hispanic,nh_other,hs_or_less,some_college,1.0656,0.06352,47.4
female,hispanic,nh_other,hs_or_less,bachelors,1.1424,0.13317,28.7
female,hispanic,nh_other,hs_or_less,graduate,1.157,0.14585,17.2
female,hispanic,nh_other,some_college,hs_or_less,1.1002,0.09547,55.5
female,hispanic,nh_other,some_college,some_college,0.8894,-0.11725,57.6
female,hispanic,nh_other,some_college,bachelors,0.9102,-0.09414,25.2
female,hispanic,nh_other,some_college,graduate,0.9756,-0.0247,13.1
female,hispanic,nh_other,bachelors,hs_or_less,1.3402,0.29284,33.5
female,hispanic,nh_other,bachelors,some_college,0.9107,-0.09353,23.2
female,hispanic,nh_other,bachelors,bachelors,0.8168,-0.20231,34.7
female,hispanic,nh_other,bachelors,graduate,0.923,-0.08014,21.1
female,hispanic,nh_other,graduate,hs_or_less,1.0417,0.04087,7.6
female,hispanic,nh_other,graduate,some_college,0.9807,-0.01954,10.1
female,hispanic,nh_other,graduate,bachelors,0.9156,-0.08815,18.7
female,hispanic,nh_other,graduate,graduate,0.7926,-0.23238,16.3
female,nh_white,hispanic,hs_or_less,hs_or_less,0.6758,-0.39185,3592.1
female,nh_white,hispanic,hs_or_less,some_college,1.051,0.0497,1659.3
female,nh_white,hispanic,hs_or_less,bachelors,1.0074,0.0074,464.4
female,nh_white,hispanic,hs_or_less,graduate,0.957,-0.04398,131.3
female,nh_white,hispanic,some_college,hs_or_less,0.7124,-0.33907,3263.1
female,nh_white,hispanic,some_college,some_college,1.0243,0.02397,3808.2
female,nh_white,hispanic,some_college,bachelors,1.1547,0.14388,1138.1
female,nh_white,hispanic,some_college,graduate,1.1012,0.09642,320.2
female,nh_white,hispanic,bachelors,hs_or_less,0.6614,-0.41339,1483.7
female,nh_white,hispanic,bachelors,some_college,1.1111,0.10536,2458.6
female,nh_white,hispanic,bachelors,bachelors,1.3434,0.29524,3091.0
female,nh_white,hispanic,bachelors,graduate,1.317,0.27532,968.0
female,nh_white,hispanic,graduate,hs_or_less,0.6905,-0.37034,643.0
female,nh_white,hispanic,graduate,some_college,1.1092,0.10368,1036.4
female,nh_white,hispanic,graduate,bachelors,1.2517,0.22449,1531.5
female,nh_white,hispanic,graduate,graduate,1.2626,0.23317,1325.7
female,nh_white,nh_white,hs_or_less,hs_or_less,1.2245,0.20256,42821.2
female,nh_white,nh_white,hs_or_less,some_college,0.9882,-0.01184,18037.5
female,nh_white,nh_white,hs_or_less,bachelors,0.7863,-0.24036,7131.9
female,nh_white,nh_white,hs_or_less,graduate,0.7404,-0.3006,2237.5
female,nh_white,nh_white,some_college,hs_or_less,1.1339,0.12568,32842.2
female,nh_white,nh_white,some_college,some_college,0.9702,-0.03023,40502.9
female,nh_white,nh_white,some_college,bachelors,0.8998,-0.10555,16948.4
female,nh_white,nh_white,some_college,graduate,0.8371,-0.17779,5078.0
female,nh_white,nh_white,bachelors,hs_or_less,1.1165,0.11018,15088.7
female,nh_white,nh_white,bachelors,some_college,1.0993,0.0947,25857.5
female,nh_white,nh_white,bachelors,bachelors,1.1319,0.1239,47888.3
female,nh_white,nh_white,bachelors,graduate,1.1279,0.12036,16545.1
female,nh_white,nh_white,graduate,hs_or_less,1.0188,0.0186,5824.5
female,nh_white,nh_white,graduate,some_college,1.0292,0.02873,10759.3
female,nh_white,nh_white,graduate,bachelors,1.0445,0.04351,23746.0
female,nh_white,nh_white,graduate,graduate,0.9982,-0.00183,21205.8
female,nh_white,nh_black,hs_or_less,hs_or_less,1.1969,0.17971,1935.2
female,nh_white,nh_black,hs_or_less,some_college,1.3286,0.28415,901.3
female,nh_white,nh_black,hs_or_less,bachelors,1.1744,0.16074,213.8
female,nh_white,nh_black,hs_or_less,graduate,1.0829,0.0796,69.3
female,nh_white,nh_black,some_college,hs_or_less,0.9846,-0.01547,1340.6
female,nh_white,nh_black,some_college,some_college,0.9231,-0.08003,1441.7
female,nh_white,nh_black,some_college,bachelors,1.1771,0.16302,446.4
female,nh_white,nh_black,some_college,graduate,1.1466,0.13682,148.7
female,nh_white,nh_black,bachelors,hs_or_less,0.776,-0.25361,499.5
female,nh_white,nh_black,bachelors,some_college,0.8229,-0.19493,745.6
female,nh_white,nh_black,bachelors,bachelors,0.9379,-0.06413,804.7
female,nh_white,nh_black,bachelors,graduate,0.8479,-0.16498,255.6
female,nh_white,nh_black,graduate,hs_or_less,0.9516,-0.04962,262.8
female,nh_white,nh_black,graduate,some_college,0.9593,-0.04152,387.0
female,nh_white,nh_black,graduate,bachelors,1.012,0.01195,478.5
female,nh_white,nh_black,graduate,graduate,0.8593,-0.15169,385.5
female,nh_white,nh_asian,hs_or_less,hs_or_less,0.7056,-0.34865,170.4
female,nh_white,nh_asian,hs_or_less,some_college,0.8558,-0.15572,134.7
female,nh_white,nh_asian,hs_or_less,bachelors,0.8801,-0.12774,130.2
female,nh_white,nh_asian,hs_or_less,graduate,0.7237,-0.32339,48.2
female,nh_white,nh_asian,some_college,hs_or_less,0.7584,-0.27652,155.4
female,nh_white,nh_asian,some_college,some_college,0.9357,-0.06643,354.5
female,nh_white,nh_asian,some_college,bachelors,0.8999,-0.10543,288.7
female,nh_white,nh_asian,some_college,graduate,0.8901,-0.11646,151.2
female,nh_white,nh_asian,bachelors,hs_or_less,0.9736,-0.02672,100.8
female,nh_white,nh_asian,bachelors,some_college,1.2398,0.21494,282.1
female,nh_white,nh_asian,bachelors,bachelors,1.1928,0.17628,912.0
female,nh_white,nh_asian,bachelors,graduate,1.1423,0.13306,533.6
female,nh_white,nh_asian,graduate,hs_or_less,1.4387,0.36377,76.2
female,nh_white,nh_asian,graduate,some_college,1.2358,0.21172,122.2
female,nh_white,nh_asian,graduate,bachelors,1.2401,0.21521,485.9
female,nh_white,nh_asian,graduate,graduate,1.2612,0.2321,782.1
female,nh_white,nh_aian,hs_or_less,hs_or_less,1.1925,0.17606,315.1
female,nh_white,nh_aian,hs_or_less,some_college,1.1602,0.14858,115.2
female,nh_white,nh_aian,hs_or_less,bachelors,1.5821,0.45874,43.2
female,nh_white,nh_aian,hs_or_less,graduate,1.0869,0.08336,10.0
female,nh_white,nh_aian,some_college,hs_or_less,1.1995,0.18189,270.0
female,nh_white,nh_aian,some_college,some_college,1.05,0.04883,234.0
female,nh_white,nh_aian,some_college,bachelors,1.1414,0.13229,43.9
female,nh_white,nh_aian,some_college,graduate,1.0326,0.03205,14.1
female,nh_white,nh_aian,bachelors,hs_or_less,0.8373,-0.17757,82.1
female,nh_white,nh_aian,bachelors,some_college,0.8505,-0.16191,103.4
female,nh_white,nh_aian,bachelors,bachelors,0.9183,-0.08522,66.8
female,nh_white,nh_aian,bachelors,graduate,0.9089,-0.09557,23.5
female,nh_white,nh_aian,graduate,hs_or_less,0.8491,-0.16358,31.4
female,nh_white,nh_aian,graduate,some_college,0.8327,-0.18305,41.9
female,nh_white,nh_aian,graduate,bachelors,0.8757,-0.13268,32.4
female,nh_white,nh_aian,graduate,graduate,0.7694,-0.2622,23.7
female,nh_white,nh_nhpi,hs_or_less,hs_or_less,0.9449,-0.05668,39.5
female,nh_white,nh_nhpi,hs_or_less,some_college,1.2458,0.21976,28.9
female,nh_white,nh_nhpi,hs_or_less,bachelors,0.9637,-0.03698,3.0
female,nh_white,nh_nhpi,hs_or_less,graduate,1.004,0.00402,1.4
female,nh_white,nh_nhpi,some_college,hs_or_less,1.0241,0.02379,39.5
female,nh_white,nh_nhpi,some_college,some_college,1.2011,0.18324,54.0
female,nh_white,nh_nhpi,some_college,bachelors,1.0955,0.09125,14.0
female,nh_white,nh_nhpi,some_college,graduate,1.0046,0.00455,2.6
female,nh_white,nh_nhpi,bachelors,hs_or_less,0.9946,-0.00542,18.1
female,nh_white,nh_nhpi,bachelors,some_college,0.999,-0.00105,23.3
female,nh_white,nh_nhpi,bachelors,bachelors,0.8385,-0.17619,11.8
female,nh_white,nh_nhpi,bachelors,graduate,0.9682,-0.03227,4.5
female,nh_white,nh_nhpi,graduate,hs_or_less,0.9061,-0.09861,3.2
female,nh_white,nh_nhpi,graduate,some_college,0.9055,-0.09926,5.5
female,nh_white,nh_nhpi,graduate,bachelors,0.9786,-0.02166,11.1
female,nh_white,nh_nhpi,graduate,graduate,1.0015,0.00152,8.4
female,nh_white,nh_twoplus,hs_or_less,hs_or_less,1.1827,0.16781,1769.0
female,nh_white,nh_twoplus,hs_or_less,some_college,1.0718,0.0693,950.1
female,nh_white,nh_twoplus,hs_or_less,bachelors,0.8867,-0.12021,306.0
female,nh_white,nh_twoplus,hs_or_less,graduate,0.8362,-0.17887,88.3
female,nh_white,nh_twoplus,some_college,hs_or_less,1.2019,0.18392,1525.8
female,nh_white,nh_twoplus,some_college,some_college,0.9348,-0.06739,1933.9
female,nh_white,nh_twoplus,some_college,bachelors,0.9648,-0.0358,717.2
female,nh_white,nh_twoplus,some_college,graduate,0.8668,-0.14296,197.7
female,nh_white,nh_twoplus,bachelors,hs_or_less,1.0573,0.05568,651.8
female,nh_white,nh_twoplus,bachelors,some_college,1.0756,0.07288,1314.5
female,nh_white,nh_twoplus,bachelors,bachelors,1.0743,0.07166,1872.8
female,nh_white,nh_twoplus,bachelors,graduate,1.09,0.08619,646.7
female,nh_white,nh_twoplus,graduate,hs_or_less,0.953,-0.04815,234.6
female,nh_white,nh_twoplus,graduate,some_college,1.0456,0.0446,548.2
female,nh_white,nh_twoplus,graduate,bachelors,0.9539,-0.04715,871.8
female,nh_white,nh_twoplus,graduate,graduate,0.8945,-0.11151,753.5
female,nh_white,nh_other,hs_or_less,hs_or_less,1.1422,0.13292,58.0
female,nh_white,nh_other,hs_or_less,some_college,1.0312,0.03068,26.8
female,nh_white,nh_other,hs_or_less,bachelors,0.9521,-0.04911,9.7
female,nh_white,nh_other,hs_or_less,graduate,0.9332,-0.06911,2.8
female,nh_white,nh_other,some_college,hs_or_less,1.1053,0.10009,47.3
female,nh_white,nh_other,some_college,some_college,1.0102,0.01014,58.9
female,nh_white,nh_other,some_college,bachelors,0.9077,-0.09684,19.7
female,nh_white,nh_other,some_college,graduate,0.9745,-0.02582,10.6
female,nh_white,nh_other,bachelors,hs_or_less,0.8891,-0.11757,12.5
female,nh_white,nh_other,bachelors,some_college,1.2002,0.18245,47.2
female,nh_white,nh_other,bachelors,bachelors,0.9016,-0.10354,49.3
female,nh_white,nh_other,bachelors,graduate,0.9568,-0.04411,26.7
female,nh_white,nh_other,graduate,hs_or_less,1.068,0.06578,11.0
female,nh_white,nh_other,graduate,some_college,1.0913,0.08736,19.7
female,nh_white,nh_other,graduate,bachelors,0.957,-0.04397,29.8
female,nh_white,nh_other,graduate,graduate,0.9424,-0.05934,38.5
female,nh_black,hispanic,hs_or_less,hs_or_less,0.8352,-0.18005,392.8
female,nh_black,hispanic,hs_or_less,some_college,1.0676,0.06539,148.7
female,nh_black,hispanic,hs_or_less,bachelors,1.0211,0.02087,41.5
female,nh_black,hispanic,hs_or_less,graduate,1.0522,0.05085,15.1
female,nh_black,hispanic,some_college,hs_or_less,0.9511,-0.05017,382.8
female,nh_black,hispanic,some_college,some_college,1.0036,0.00364,317.6
female,nh_black,hispanic,some_college,bachelors,0.876,-0.13244,67.8
female,nh_black,hispanic,some_college,graduate,0.8815,-0.12612,17.7
female,nh_black,hispanic,bachelors,hs_or_less,0.9909,-0.00912,141.6
female,nh_black,hispanic,bachelors,some_college,1.3342,0.28831,189.0
female,nh_black,hispanic,bachelors,bachelors,1.0814,0.07824,150.9
female,nh_black,hispanic,bachelors,graduate,0.9254,-0.07758,39.6
female,nh_black,hispanic,graduate,hs_or_less,1.0274,0.02703,66.3
female,nh_black,hispanic,graduate,some_college,1.1312,0.12332,71.4
female,nh_black,hispanic,graduate,bachelors,1.0594,0.05768,82.0
female,nh_black,hispanic,graduate,graduate,0.8695,-0.13986,54.2
female,nh_black,nh_white,hs_or_less,hs_or_less,0.9252,-0.07775,587.8
female,nh_black,nh_white,hs_or_less,some_college,0.8945,-0.11148,290.6
female,nh_black,nh_white,hs_or_less,bachelors,0.941,-0.06077,149.0
female,nh_black,nh_white,hs_or_less,graduate,0.9609,-0.03993,52.2
female,nh_black,nh_white,some_college,hs_or_less,1.0342,0.03358,540.2
female,nh_black,nh_white,some_college,some_college,0.81,-0.21072,593.1
female,nh_black,nh_white,some_college,bachelors,0.9873,-0.01281,322.6
female,nh_black,nh_white,some_college,graduate,0.9883,-0.01181,108.5
female,nh_black,nh_white,bachelors,hs_or_less,1.0791,0.07612,194.6
female,nh_black,nh_white,bachelors,some_college,1.171,0.15782,361.1
female,nh_black,nh_white,bachelors,bachelors,1.0166,0.01646,532.3
female,nh_black,nh_white,bachelors,graduate,1.0531,0.05176,204.3
female,nh_black,nh_white,graduate,hs_or_less,1.297,0.26008,113.4
female,nh_black,nh_white,graduate,some_college,1.0982,0.09367,160.4
female,nh_black,nh_white,graduate,bachelors,0.9305,-0.07205,271.7
female,nh_black,nh_white,graduate,graduate,0.912,-0.09216,261.6
female,nh_black,nh_black,hs_or_less,hs_or_less,1.2427,0.2173,11447.0
female,nh_black,nh_black,hs_or_less,some_college,0.9807,-0.01948,3706.1
female,nh_black,nh_black,hs_or_less,bachelors,1.1611,0.14936,1150.4
female,nh_black,nh_black,hs_or_less,graduate,1.3971,0.33438,508.9
female,nh_black,nh_black,some_college,hs_or_less,1.0217,0.02142,7824.6
female,nh_black,nh_black,some_college,some_college,0.8764,-0.13191,7600.0
female,nh_black,nh_black,some_college,bachelors,0.9727,-0.02766,1989.2
female,nh_black,nh_black,some_college,graduate,1.0098,0.00979,722.4
female,nh_black,nh_black,bachelors,hs_or_less,0.9997,-0.00033,2670.1
female,nh_black,nh_black,bachelors,some_college,0.8392,-0.1753,3050.7
female,nh_black,nh_black,bachelors,bachelors,0.8421,-0.17183,2804.2
female,nh_black,nh_black,bachelors,graduate,0.8317,-0.18433,1048.3
female,nh_black,nh_black,graduate,hs_or_less,1.1642,0.15204,1398.2
female,nh_black,nh_black,graduate,some_college,1.0138,0.01366,1721.1
female,nh_black,nh_black,graduate,bachelors,0.8996,-0.10577,1716.1
female,nh_black,nh_black,graduate,graduate,0.9219,-0.08135,1796.3
female,nh_black,nh_asian,hs_or_less,hs_or_less,0.9651,-0.03555,18.8
female,nh_black,nh_asian,hs_or_less,some_college,0.9446,-0.05699,9.9
female,nh_black,nh_asian,hs_or_less,bachelors,1.0184,0.01826,12.7
female,nh_black,nh_asian,hs_or_less,graduate,0.9613,-0.03943,4.8
female,nh_black,nh_asian,some_college,hs_or_less,1.0474,0.04627,19.9
female,nh_black,nh_asian,some_college,some_college,1.0697,0.06741,33.7
female,nh_black,nh_asian,some_college,bachelors,0.882,-0.12557,16.7
female,nh_black,nh_asian,some_college,graduate,1.1587,0.14732,21.1
female,nh_black,nh_asian,bachelors,hs_or_less,1.1833,0.1683,13.5
female,nh_black,nh_asian,bachelors,some_college,1.0035,0.0035,12.2
female,nh_black,nh_asian,bachelors,bachelors,1.0439,0.04297,43.2
female,nh_black,nh_asian,bachelors,graduate,0.9782,-0.02208,23.3
female,nh_black,nh_asian,graduate,hs_or_less,0.9931,-0.00693,2.3
female,nh_black,nh_asian,graduate,some_college,1.1317,0.12368,10.7
female,nh_black,nh_asian,graduate,bachelors,0.804,-0.2182,8.5
female,nh_black,nh_asian,graduate,graduate,0.8932,-0.11297,25.5
female,nh_black,nh_aian,hs_or_less,hs_or_less,0.9268,-0.07597,11.7
female,nh_black,nh_aian,hs_or_less,some_college,0.9654,-0.03522,4.2
female,nh_black,nh_aian,hs_or_less,bachelors,1.0489,0.04773,2.9
female,nh_black,nh_aian,hs_or_less,graduate,0.9923,-0.00777,0.1
female,nh_black,nh_aian,some_college,hs_or_less,1.1247,0.11753,19.2
female,nh_black,nh_aian,some_college,some_college,1.1061,0.10085,18.5
female,nh_black,nh_aian,some_college,bachelors,0.9796,-0.02058,1.2
female,nh_black,nh_aian,some_college,graduate,0.9805,-0.01968,0.0
female,nh_black,nh_aian,bachelors,hs_or_less,1.0413,0.04048,6.3
female,nh_black,nh_aian,bachelors,some_college,0.909,-0.0954,1.4
female,nh_black,nh_aian,bachelors,bachelors,0.9779,-0.02232,2.3
female,nh_black,nh_aian,bachelors,graduate,1.0094,0.00935,1.7
female,nh_black,nh_aian,graduate,hs_or_less,1.0635,0.06152,4.5
female,nh_black,nh_aian,graduate,some_college,0.9434,-0.05821,0.3
female,nh_black,nh_aian,graduate,bachelors,0.9646,-0.03601,0.5
female,nh_black,nh_aian,graduate,graduate,0.9937,-0.0063,1.8
female,nh_black,nh_nhpi,hs_or_less,hs_or_less,0.9415,-0.06027,2.4
female,nh_black,nh_nhpi,hs_or_less,some_college,1.0338,0.03325,3.2
female,nh_black,nh_nhpi,hs_or_less,bachelors,0.987,-0.01307,0.0
female,nh_black,nh_nhpi,hs_or_less,graduate,0.999,-0.00097,0.1
female,nh_black,nh_nhpi,some_college,hs_or_less,1.0257,0.02533,5.2
female,nh_black,nh_nhpi,some_college,some_college,1.0344,0.03384,5.8
female,nh_black,nh_nhpi,some_college,bachelors,1.049,0.04781,2.9
female,nh_black,nh_nhpi,some_college,graduate,0.9954,-0.00458,0.1
female,nh_black,nh_nhpi,bachelors,hs_or_less,1.046,0.04502,3.2
female,nh_black,nh_nhpi,bachelors,some_college,1.0083,0.00827,2.2
female,nh_black,nh_nhpi,bachelors,bachelors,0.9603,-0.04054,0.1
female,nh_black,nh_nhpi,bachelors,graduate,0.9875,-0.01256,0.0
female,nh_black,nh_nhpi,graduate,hs_or_less,0.9836,-0.01651,0.0
female,nh_black,nh_nhpi,graduate,some_college,0.9893,-0.01079,0.4
female,nh_black,nh_nhpi,graduate,bachelors,0.9751,-0.02521,0.0
female,nh_black,nh_nhpi,graduate,graduate,0.991,-0.00902,0.4
female,nh_black,nh_twoplus,hs_or_less,hs_or_less,1.0411,0.04028,175.7
female,nh_black,nh_twoplus,hs_or_less,some_college,1.1083,0.10285,113.4
female,nh_black,nh_twoplus,hs_or_less,bachelors,0.8557,-0.15582,27.0
female,nh_black,nh_twoplus,hs_or_less,graduate,1.0629,0.061,16.3
female,nh_black,nh_twoplus,some_college,hs_or_less,1.2793,0.24628,187.5
female,nh_black,nh_twoplus,some_college,some_college,0.9054,-0.09943,201.8
female,nh_black,nh_twoplus,some_college,bachelors,0.951,-0.05024,74.3
female,nh_black,nh_twoplus,some_college,graduate,0.8813,-0.12637,18.6
female,nh_black,nh_twoplus,bachelors,hs_or_less,1.3965,0.33397,80.4
female,nh_black,nh_twoplus,bachelors,some_college,1.0173,0.01718,97.6
female,nh_black,nh_twoplus,bachelors,bachelors,0.8094,-0.21146,98.6
female,nh_black,nh_twoplus,bachelors,graduate,0.7691,-0.26253,26.7
female,nh_black,nh_twoplus,graduate,hs_or_less,1.2222,0.20061,32.9
female,nh_black,nh_twoplus,graduate,some_college,1.1638,0.15166,55.7
female,nh_black,nh_twoplus,graduate,bachelors,1.0051,0.00512,72.4
female,nh_black,nh_twoplus,graduate,graduate,0.7764,-0.2531,45.6
female,nh_black,nh_other,hs_or_less,hs_or_less,0.8516,-0.16062,4.6
female,nh_black,nh_other,hs_or_less,some_college,1.0058,0.00576,7.0
female,nh_black,nh_other,hs_or_less,bachelors,1.0244,0.02407,4.3
female,nh_black,nh_other,hs_or_less,graduate,0.9606,-0.04022,0.0
female,nh_black,nh_other,some_college,hs_or_less,1.2875,0.25267,23.1
female,nh_black,nh_other,some_college,some_college,1.0358,0.03522,17.4
female,nh_black,nh_other,some_college,bachelors,0.9327,-0.06966,3.7
female,nh_black,nh_other,some_college,graduate,1.0313,0.0308,4.5
female,nh_black,nh_other,bachelors,hs_or_less,1.3292,0.28456,15.7
female,nh_black,nh_other,bachelors,some_college,0.9576,-0.04331,4.6
female,nh_black,nh_other,bachelors,bachelors,0.8404,-0.17392,2.7
female,nh_black,nh_other,bachelors,graduate,0.8872,-0.11969,0.6
female,nh_black,nh_other,graduate,hs_or_less,1.0447,0.04377,3.4
female,nh_black,nh_other,graduate,some_college,1.0417,0.04081,4.8
female,nh_black,nh_other,graduate,bachelors,0.9196,-0.08377,2.8
female,nh_black,nh_other,graduate,graduate,0.9739,-0.02647,7.5
female,nh_asian,hispanic,hs_or_less,hs_or_less,0.4616,-0.77297,184.7
female,nh_asian,hispanic,hs_or_less,some_college,0.9612,-0.03957,118.2
female,nh_asian,hispanic,hs_or_less,bachelors,1.172,0.15874,49.4
female,nh_asian,hispanic,hs_or_less,graduate,1.1911,0.17487,21.8
female,nh_asian,hispanic,some_college,hs_or_less,0.6879,-0.37412,219.6
female,nh_asian,hispanic,some_college,some_college,1.1878,0.17211,313.3
female,nh_asian,hispanic,some_college,bachelors,1.332,0.2867,102.1
female,nh_asian,hispanic,some_college,graduate,1.2564,0.22828,36.1
female,nh_asian,hispanic,bachelors,hs_or_less,0.6354,-0.45354,171.3
female,nh_asian,hispanic,bachelors,some_college,1.1537,0.14298,321.8
female,nh_asian,hispanic,bachelors,bachelors,1.4523,0.37313,423.3
female,nh_asian,hispanic,bachelors,graduate,1.2463,0.22016,128.4
female,nh_asian,hispanic,graduate,hs_or_less,0.5688,-0.56421,49.1
female,nh_asian,hispanic,graduate,some_college,0.8368,-0.17823,94.1
female,nh_asian,hispanic,graduate,bachelors,1.3403,0.29289,222.4
female,nh_asian,hispanic,graduate,graduate,1.3948,0.33277,203.7
female,nh_asian,nh_white,hs_or_less,hs_or_less,0.4695,-0.75616,451.6
female,nh_asian,nh_white,hs_or_less,some_college,0.8142,-0.20552,414.7
female,nh_asian,nh_white,hs_or_less,bachelors,1.1669,0.15438,297.1
female,nh_asian,nh_white,hs_or_less,graduate,1.4341,0.36051,147.7
female,nh_asian,nh_white,some_college,hs_or_less,0.5686,-0.56456,383.5
female,nh_asian,nh_white,some_college,some_college,0.8204,-0.19801,820.8
female,nh_asian,nh_white,some_college,bachelors,1.2206,0.19932,548.6
female,nh_asian,nh_white,some_college,graduate,1.4676,0.38362,240.8
female,nh_asian,nh_white,bachelors,hs_or_less,0.7797,-0.24879,453.4
female,nh_asian,nh_white,bachelors,some_college,1.0172,0.01701,1037.1
female,nh_asian,nh_white,bachelors,bachelors,1.2035,0.18523,2121.1
female,nh_asian,nh_white,bachelors,graduate,1.4629,0.3804,971.1
female,nh_asian,nh_white,graduate,hs_or_less,0.6484,-0.43325,139.8
female,nh_asian,nh_white,graduate,some_college,0.8803,-0.12746,385.9
female,nh_asian,nh_white,graduate,bachelors,1.3354,0.2892,1299.7
female,nh_asian,nh_white,graduate,graduate,1.7578,0.56409,1621.3
female,nh_asian,nh_black,hs_or_less,hs_or_less,0.8194,-0.19921,99.1
female,nh_asian,nh_black,hs_or_less,some_college,0.9488,-0.05254,47.8
female,nh_asian,nh_black,hs_or_less,bachelors,1.43,0.35768,33.2
female,nh_asian,nh_black,hs_or_less,graduate,1.1054,0.10018,9.7
female,nh_asian,nh_black,some_college,hs_or_less,0.6947,-0.3643,50.5
female,nh_asian,nh_black,some_college,some_college,1.1389,0.13008,123.7
female,nh_asian,nh_black,some_college,bachelors,1.2128,0.1929,37.3
female,nh_asian,nh_black,some_college,graduate,1.2656,0.23554,20.2
female,nh_asian,nh_black,bachelors,hs_or_less,0.789,-0.23703,53.4
female,nh_asian,nh_black,bachelors,some_college,0.9833,-0.01683,105.8
female,nh_asian,nh_black,bachelors,bachelors,1.0046,0.00455,100.3
female,nh_asian,nh_black,bachelors,graduate,1.0608,0.05903,43.0
female,nh_asian,nh_black,graduate,hs_or_less,0.8816,-0.12599,24.0
female,nh_asian,nh_black,graduate,some_college,0.7867,-0.23996,28.4
female,nh_asian,nh_black,graduate,bachelors,1.0349,0.03433,59.3
female,nh_asian,nh_black,graduate,graduate,1.1293,0.12156,66.3
female,nh_asian,nh_asian,hs_or_less,hs_or_less,2.3356,0.84828,3137.9
female,nh_asian,nh_asian,hs_or_less,some_college,1.1361,0.12756,871.1
female,nh_asian,nh_asian,hs_or_less,bachelors,1.1517,0.14126,810.9
female,nh_asian,nh_asian,hs_or_less,graduate,0.8618,-0.14868,349.8
female,nh_asian,nh_asian,some_college,hs_or_less,1.0598,0.05805,1016.0
female,nh_asian,nh_asian,some_college,some_college,0.9757,-0.02455,1538.3
female,nh_asian,nh_asian,some_college,bachelors,0.7895,-0.23633,1031.5
female,nh_asian,nh_asian,some_college,graduate,0.6734,-0.39543,487.3
female,nh_asian,nh_asian,bachelors,hs_or_less,0.9919,-0.00816,811.2
female,nh_asian,nh_asian,bachelors,some_college,0.8222,-0.19574,1349.6
female,nh_asian,nh_asian,bachelors,bachelors,0.9666,-0.03396,5265.5
female,nh_asian,nh_asian,bachelors,graduate,0.9512,-0.05003,3282.7
female,nh_asian,nh_asian,graduate,hs_or_less,1.0203,0.02006,343.5
female,nh_asian,nh_asian,graduate,some_college,0.7002,-0.35643,492.0
female,nh_asian,nh_asian,graduate,bachelors,0.8963,-0.10947,2681.0
female,nh_asian,nh_asian,graduate,graduate,1.4384,0.36357,6975.5
female,nh_asian,nh_aian,hs_or_less,hs_or_less,0.9918,-0.0082,10.1
female,nh_asian,nh_aian,hs_or_less,some_college,1.1338,0.12555,9.2
female,nh_asian,nh_aian,hs_or_less,bachelors,0.9833,-0.01682,0.0
female,nh_asian,nh_aian,hs_or_less,graduate,1.0474,0.04627,2.0
female,nh_asian,nh_aian,some_college,hs_or_less,0.9357,-0.06646,4.5
female,nh_asian,nh_aian,some_college,some_college,1.1272,0.1197,13.2
female,nh_asian,nh_aian,some_college,bachelors,1.0855,0.08201,4.4
female,nh_asian,nh_aian,some_college,graduate,1.0105,0.01046,0.9
female,nh_asian,nh_aian,bachelors,hs_or_less,0.8841,-0.12323,1.0
female,nh_asian,nh_aian,bachelors,some_college,0.8796,-0.12825,2.1
female,nh_asian,nh_aian,bachelors,bachelors,1.0335,0.03293,6.0
female,nh_asian,nh_aian,bachelors,graduate,0.9832,-0.01696,1.2
female,nh_asian,nh_aian,graduate,hs_or_less,0.9637,-0.03694,1.2
female,nh_asian,nh_aian,graduate,some_college,0.9408,-0.06104,1.0
female,nh_asian,nh_aian,graduate,bachelors,1.0277,0.02731,3.7
female,nh_asian,nh_aian,graduate,graduate,1.0138,0.01367,3.2
female,nh_asian,nh_nhpi,hs_or_less,hs_or_less,0.982,-0.01816,11.5
female,nh_asian,nh_nhpi,hs_or_less,some_college,0.9364,-0.06567,1.8
female,nh_asian,nh_nhpi,hs_or_less,bachelors,0.9776,-0.02268,0.4
female,nh_asian,nh_nhpi,hs_or_less,graduate,1.0331,0.03258,1.6
female,nh_asian,nh_nhpi,some_college,hs_or_less,1.2114,0.19179,18.3
female,nh_asian,nh_nhpi,some_college,some_college,0.9863,-0.0138,8.8
female,nh_asian,nh_nhpi,some_college,bachelors,0.9744,-0.02589,1.3
female,nh_asian,nh_nhpi,some_college,graduate,1.0393,0.03855,2.1
female,nh_asian,nh_nhpi,bachelors,hs_or_less,1.0437,0.0428,9.9
female,nh_asian,nh_nhpi,bachelors,some_college,0.87,-0.13924,3.4
female,nh_asian,nh_nhpi,bachelors,bachelors,0.9586,-0.04231,7.3
female,nh_asian,nh_nhpi,bachelors,graduate,1.0308,0.03032,3.8
female,nh_asian,nh_nhpi,graduate,hs_or_less,1.0529,0.05158,5.4
female,nh_asian,nh_nhpi,graduate,some_college,0.9783,-0.02193,3.5
female,nh_asian,nh_nhpi,graduate,bachelors,1.0023,0.00233,5.4
female,nh_asian,nh_nhpi,graduate,graduate,0.9605,-0.04027,1.9
female,nh_asian,nh_twoplus,hs_or_less,hs_or_less,0.8682,-0.1413,107.0
female,nh_asian,nh_twoplus,hs_or_less,some_college,0.8355,-0.17967,56.9
female,nh_asian,nh_twoplus,hs_or_less,bachelors,1.051,0.04974,33.0
female,nh_asian,nh_twoplus,hs_or_less,graduate,1.0466,0.04555,13.3
female,nh_asian,nh_twoplus,some_college,hs_or_less,0.8332,-0.1825,72.5
female,nh_asian,nh_twoplus,some_college,some_college,0.9128,-0.0912,138.5
female,nh_asian,nh_twoplus,some_college,bachelors,1.097,0.09256,63.8
female,nh_asian,nh_twoplus,some_college,graduate,1.161,0.14926,27.7
female,nh_asian,nh_twoplus,bachelors,hs_or_less,0.7691,-0.26259,53.8
female,nh_asian,nh_twoplus,bachelors,some_college,0.8959,-0.10995,142.3
female,nh_asian,nh_twoplus,bachelors,bachelors,1.3107,0.27058,307.1
female,nh_asian,nh_twoplus,bachelors,graduate,1.4553,0.37523,135.7
female,nh_asian,nh_twoplus,graduate,hs_or_less,0.7521,-0.28488,14.8
female,nh_asian,nh_twoplus,graduate,some_college,0.8158,-0.20363,51.0
female,nh_asian,nh_twoplus,graduate,bachelors,1.1391,0.1302,148.8
female,nh_asian,nh_twoplus,graduate,graduate,1.4086,0.3426,179.8
female,nh_asian,nh_other,hs_or_less,hs_or_less,0.918,-0.08555,3.3
female,nh_asian,nh_other,hs_or_less,some_college,0.938,-0.06399,1.2
female,nh_asian,nh_other,hs_or_less,bachelors,0.9712,-0.02923,0.7
female,nh_asian,nh_other,hs_or_less,graduate,1.0863,0.08278,4.2
female,nh_asian,nh_other,some_college,hs_or_less,0.9373,-0.06477,2.4
female,nh_asian,nh_other,some_college,some_college,1.0225,0.02227,8.7
female,nh_asian,nh_other,some_college,bachelors,1.0205,0.02032,4.2
female,nh_asian,nh_other,some_college,graduate,0.9885,-0.01161,1.2
female,nh_asian,nh_other,bachelors,hs_or_less,1.083,0.07974,7.9
female,nh_asian,nh_other,bachelors,some_college,0.897,-0.1087,2.9
female,nh_asian,nh_other,bachelors,bachelors,1.0441,0.04317,15.9
female,nh_asian,nh_other,bachelors,graduate,0.9213,-0.08197,3.5
female,nh_asian,nh_other,graduate,hs_or_less,1.0231,0.02288,2.8
female,nh_asian,nh_other,graduate,some_college,1.0636,0.06167,6.1
female,nh_asian,nh_other,graduate,bachelors,1.0148,0.01469,8.4
female,nh_asian,nh_other,graduate,graduate,1.1033,0.09828,15.0
female,nh_aian,hispanic,hs_or_less,hs_or_less,1.0716,0.06914,93.1
female,nh_aian,hispanic,hs_or_less,some_college,0.9841,-0.01604,24.3
female,nh_aian,hispanic,hs_or_less,bachelors,0.9087,-0.09571,3.0
female,nh_aian,hispanic,hs_or_less,graduate,1.045,0.04398,3.9
female,nh_aian,hispanic,some_college,hs_or_less,0.9049,-0.0999,46.0
female,nh_aian,hispanic,some_college,some_college,1.2568,0.22854,65.1
female,nh_aian,hispanic,some_college,bachelors,0.9457,-0.05585,9.1
female,nh_aian,hispanic,some_college,graduate,0.9416,-0.06014,1.0
female,nh_aian,hispanic,bachelors,hs_or_less,1.0726,0.07006,15.8
female,nh_aian,hispanic,bachelors,some_college,1.0098,0.00973,12.3
female,nh_aian,hispanic,bachelors,bachelors,0.8337,-0.18187,3.3
female,nh_aian,hispanic,bachelors,graduate,1.0129,0.01286,4.4
female,nh_aian,hispanic,graduate,hs_or_less,1.1349,0.12651,9.2
female,nh_aian,hispanic,graduate,some_college,1.0562,0.05467,5.9
female,nh_aian,hispanic,graduate,bachelors,0.9607,-0.04009,2.9
female,nh_aian,hispanic,graduate,graduate,0.9362,-0.0659,1.4
female,nh_aian,nh_white,hs_or_less,hs_or_less,1.2322,0.20883,222.4
female,nh_aian,nh_white,hs_or_less,some_college,1.073,0.07043,101.3
female,nh_aian,nh_white,hs_or_less,bachelors,0.743,-0.29713,22.5
female,nh_aian,nh_white,hs_or_less,graduate,0.9869,-0.01323,14.2
female,nh_aian,nh_white,some_college,hs_or_less,1.2721,0.24066,148.3
female,nh_aian,nh_white,some_college,some_college,0.9363,-0.06587,145.9
female,nh_aian,nh_white,some_college,bachelors,0.7967,-0.22734,49.0
female,nh_aian,nh_white,some_college,graduate,0.8515,-0.16072,13.5
female,nh_aian,nh_white,bachelors,hs_or_less,1.2916,0.25589,40.2
female,nh_aian,nh_white,bachelors,some_college,1.1969,0.17974,55.6
female,nh_aian,nh_white,bachelors,bachelors,0.885,-0.12214,60.0
female,nh_aian,nh_white,bachelors,graduate,0.8487,-0.16411,15.3
female,nh_aian,nh_white,graduate,hs_or_less,1.1646,0.15238,14.8
female,nh_aian,nh_white,graduate,some_college,1.1052,0.10003,19.1
female,nh_aian,nh_white,graduate,bachelors,1.0187,0.01853,29.7
female,nh_aian,nh_white,graduate,graduate,0.8387,-0.17595,16.7
female,nh_aian,nh_black,hs_or_less,hs_or_less,1.0993,0.09466,29.8
female,nh_aian,nh_black,hs_or_less,some_college,0.951,-0.05027,7.6
female,nh_aian,nh_black,hs_or_less,bachelors,1.0609,0.05908,5.0
female,nh_aian,nh_black,hs_or_less,graduate,0.9942,-0.00585,0.7
female,nh_aian,nh_black,some_college,hs_or_less,1.1462,0.13641,22.8
female,nh_aian,nh_black,some_college,some_college,0.9029,-0.10216,12.1
female,nh_aian,nh_black,some_college,bachelors,1.0071,0.00706,4.6
female,nh_aian,nh_black,some_college,graduate,1.0444,0.0434,3.1
female,nh_aian,nh_black,bachelors,hs_or_less,1.0427,0.04179,5.1
female,nh_aian,nh_black,bachelors,some_college,0.9228,-0.08034,1.3
female,nh_aian,nh_black,bachelors,bachelors,0.992,-0.008,4.1
female,nh_aian,nh_black,bachelors,graduate,0.9691,-0.03135,0.3
female,nh_aian,nh_black,graduate,hs_or_less,0.9907,-0.00933,0.7
female,nh_aian,nh_black,graduate,some_college,0.9777,-0.02254,0.7
female,nh_aian,nh_black,graduate,bachelors,0.9646,-0.03599,0.3
female,nh_aian,nh_black,graduate,graduate,0.9641,-0.03657,0.3
female,nh_aian,nh_asian,hs_or_less,hs_or_less,1.0462,0.04521,5.5
female,nh_aian,nh_asian,hs_or_less,some_college,1.0079,0.00782,2.6
female,nh_aian,nh_asian,hs_or_less,bachelors,0.9754,-0.02492,1.1
female,nh_aian,nh_asian,hs_or_less,graduate,0.9811,-0.01906,0.4
female,nh_aian,nh_asian,some_college,hs_or_less,1.0299,0.02942,3.4
female,nh_aian,nh_asian,some_college,some_college,0.9781,-0.02219,3.0
female,nh_aian,nh_asian,some_college,bachelors,0.9814,-0.01875,2.7
female,nh_aian,nh_asian,some_college,graduate,0.9714,-0.02905,0.7
female,nh_aian,nh_asian,bachelors,hs_or_less,0.9874,-0.01269,0.0
female,nh_aian,nh_asian,bachelors,some_college,0.9906,-0.00949,0.7
female,nh_aian,nh_asian,bachelors,bachelors,1.0584,0.05677,5.9
female,nh_aian,nh_asian,bachelors,graduate,1.0089,0.0089,2.5
female,nh_aian,nh_asian,graduate,hs_or_less,1.0074,0.00741,0.4
female,nh_aian,nh_asian,graduate,some_college,1.0067,0.00665,0.6
female,nh_aian,nh_asian,graduate,bachelors,0.9888,-0.01126,0.8
female,nh_aian,nh_asian,graduate,graduate,0.9853,-0.01477,1.3
female,nh_aian,nh_aian,hs_or_less,hs_or_less,1.1443,0.13478,287.5
female,nh_aian,nh_aian,hs_or_less,some_college,0.8729,-0.13598,73.4
female,nh_aian,nh_aian,hs_or_less,bachelors,0.9553,-0.04572,13.0
female,nh_aian,nh_aian,hs_or_less,graduate,0.9953,-0.00475,5.6
female,nh_aian,nh_aian,some_college,hs_or_less,0.9627,-0.038,151.8
female,nh_aian,nh_aian,some_college,some_college,0.9471,-0.05435,149.6
female,nh_aian,nh_aian,some_college,bachelors,1.0595,0.05777,28.5
female,nh_aian,nh_aian,some_college,graduate,1.0986,0.09399,13.4
female,nh_aian,nh_aian,bachelors,hs_or_less,1.0122,0.01208,36.0
female,nh_aian,nh_aian,bachelors,some_college,0.9836,-0.01654,41.0
female,nh_aian,nh_aian,bachelors,bachelors,0.9497,-0.05158,22.1
female,nh_aian,nh_aian,bachelors,graduate,1.0452,0.04419,12.0
female,nh_aian,nh_aian,graduate,hs_or_less,1.0794,0.07641,14.8
female,nh_aian,nh_aian,graduate,some_college,0.9281,-0.07457,10.7
female,nh_aian,nh_aian,graduate,bachelors,1.0483,0.04713,12.9
female,nh_aian,nh_aian,graduate,graduate,0.9561,-0.04487,9.0
female,nh_aian,nh_nhpi,hs_or_less,hs_or_less,1.0289,0.02844,3.2
female,nh_aian,nh_nhpi,hs_or_less,some_college,0.9975,-0.00252,0.7
female,nh_aian,nh_nhpi,hs_or_less,bachelors,0.9955,-0.00454,0.0
female,nh_aian,nh_nhpi,hs_or_less,graduate,0.9986,-0.00143,0.0
female,nh_aian,nh_nhpi,some_college,hs_or_less,1.0161,0.01597,1.9
female,nh_aian,nh_nhpi,some_college,some_college,0.9834,-0.01673,0.7
female,nh_aian,nh_nhpi,some_college,bachelors,0.9943,-0.00574,0.1
female,nh_aian,nh_nhpi,some_college,graduate,1.003,0.00303,0.2
female,nh_aian,nh_nhpi,bachelors,hs_or_less,1.0064,0.00642,0.5
female,nh_aian,nh_nhpi,bachelors,some_college,0.9906,-0.00948,0.0
female,nh_aian,nh_nhpi,bachelors,bachelors,0.9989,-0.00114,0.3
female,nh_aian,nh_nhpi,bachelors,graduate,0.9975,-0.00249,0.0
female,nh_aian,nh_nhpi,graduate,hs_or_less,0.9995,-0.00046,0.1
female,nh_aian,nh_nhpi,graduate,some_college,0.9969,-0.0031,0.0
female,nh_aian,nh_nhpi,graduate,bachelors,0.9964,-0.00363,0.0
female,nh_aian,nh_nhpi,graduate,graduate,0.9974,-0.0026,0.0
female,nh_aian,nh_twoplus,hs_or_less,hs_or_less,1.0544,0.05296,21.3
female,nh_aian,nh_twoplus,hs_or_less,some_college,0.952,-0.04924,8.5
female,nh_aian,nh_twoplus,hs_or_less,bachelors,0.9774,-0.02284,3.3
female,nh_aian,nh_twoplus,hs_or_less,graduate,0.9664,-0.0342,0.0
female,nh_aian,nh_twoplus,some_college,hs_or_less,1.0861,0.08259,15.8
female,nh_aian,nh_twoplus,some_college,some_college,1.0688,0.0665,23.1
female,nh_aian,nh_twoplus,some_college,bachelors,1.0072,0.00714,7.3
female,nh_aian,nh_twoplus,some_college,graduate,0.9667,-0.0339,0.8
female,nh_aian,nh_twoplus,bachelors,hs_or_less,1.1052,0.10004,6.6
female,nh_aian,nh_twoplus,bachelors,some_college,1.0559,0.05439,7.4
female,nh_aian,nh_twoplus,bachelors,bachelors,0.8867,-0.12025,1.8
female,nh_aian,nh_twoplus,bachelors,graduate,0.9635,-0.03719,0.9
female,nh_aian,nh_twoplus,graduate,hs_or_less,0.994,-0.00598,0.5
female,nh_aian,nh_twoplus,graduate,some_college,1.0208,0.02055,2.4
female,nh_aian,nh_twoplus,graduate,bachelors,0.9617,-0.03906,1.1
female,nh_aian,nh_twoplus,graduate,graduate,0.9593,-0.0415,0.9
female,nh_aian,nh_other,hs_or_less,hs_or_less,1.0108,0.01079,1.1
female,nh_aian,nh_other,hs_or_less,some_college,1.0032,0.00316,0.5
female,nh_aian,nh_other,hs_or_less,bachelors,0.9961,-0.00395,0.0
female,nh_aian,nh_other,hs_or_less,graduate,0.9981,-0.00191,0.0
female,nh_aian,nh_other,some_college,hs_or_less,0.9987,-0.0013,0.4
female,nh_aian,nh_other,some_college,some_college,0.9888,-0.01122,0.2
female,nh_aian,nh_other,some_college,bachelors,0.9921,-0.00795,0.0
female,nh_aian,nh_other,some_college,graduate,0.9987,-0.00135,0.1
female,nh_aian,nh_other,bachelors,hs_or_less,1.0127,0.0126,0.6
female,nh_aian,nh_other,bachelors,some_college,0.9953,-0.00466,0.0
female,nh_aian,nh_other,bachelors,bachelors,0.992,-0.00805,0.0
female,nh_aian,nh_other,bachelors,graduate,0.9959,-0.00407,0.0
female,nh_aian,nh_other,graduate,hs_or_less,0.9992,-0.00084,0.0
female,nh_aian,nh_other,graduate,some_college,1.0239,0.02359,1.0
female,nh_aian,nh_other,graduate,bachelors,0.9992,-0.00084,0.1
female,nh_aian,nh_other,graduate,graduate,0.996,-0.004,0.0
female,nh_nhpi,hispanic,hs_or_less,hs_or_less,0.9563,-0.04463,35.1
female,nh_nhpi,hispanic,hs_or_less,some_college,1.097,0.09261,16.3
female,nh_nhpi,hispanic,hs_or_less,bachelors,0.9732,-0.02717,2.4
female,nh_nhpi,hispanic,hs_or_less,graduate,0.9774,-0.02291,0.1
female,nh_nhpi,hispanic,some_college,hs_or_less,0.9201,-0.08323,17.0
female,nh_nhpi,hispanic,some_college,some_college,1.1433,0.13395,25.0
female,nh_nhpi,hispanic,some_college,bachelors,1.0593,0.05759,7.1
female,nh_nhpi,hispanic,some_college,graduate,0.993,-0.00698,1.1
female,nh_nhpi,hispanic,bachelors,hs_or_less,0.9238,-0.07925,2.3
female,nh_nhpi,hispanic,bachelors,some_college,1.0652,0.0632,8.2
female,nh_nhpi,hispanic,bachelors,bachelors,0.9007,-0.10461,1.1
female,nh_nhpi,hispanic,bachelors,graduate,0.9748,-0.02556,0.8
female,nh_nhpi,hispanic,graduate,hs_or_less,0.9772,-0.02305,1.0
female,nh_nhpi,hispanic,graduate,some_college,1.003,0.00296,1.9
female,nh_nhpi,hispanic,graduate,bachelors,1.0149,0.0148,2.9
female,nh_nhpi,hispanic,graduate,graduate,1.0537,0.0523,4.2
female,nh_nhpi,nh_white,hs_or_less,hs_or_less,0.8051,-0.21678,31.0
female,nh_nhpi,nh_white,hs_or_less,some_college,0.8863,-0.12073,18.7
female,nh_nhpi,nh_white,hs_or_less,bachelors,0.8806,-0.12721,7.3
female,nh_nhpi,nh_white,hs_or_less,graduate,0.9474,-0.05406,2.1
female,nh_nhpi,nh_white,some_college,hs_or_less,1.2256,0.20344,43.1
female,nh_nhpi,nh_white,some_college,some_college,0.9332,-0.06911,36.0
female,nh_nhpi,nh_white,some_college,bachelors,0.8969,-0.10882,12.8
female,nh_nhpi,nh_white,some_college,graduate,1.1255,0.11824,11.5
female,nh_nhpi,nh_white,bachelors,hs_or_less,1.2021,0.18404,15.9
female,nh_nhpi,nh_white,bachelors,some_college,1.144,0.13456,19.6
female,nh_nhpi,nh_white,bachelors,bachelors,0.8947,-0.11127,15.8
female,nh_nhpi,nh_white,bachelors,graduate,0.9769,-0.02342,6.9
female,nh_nhpi,nh_white,graduate,hs_or_less,1.1253,0.11809,7.3
female,nh_nhpi,nh_white,graduate,some_college,1.1597,0.14818,10.9
female,nh_nhpi,nh_white,graduate,bachelors,1.0145,0.01439,10.0
female,nh_nhpi,nh_white,graduate,graduate,0.9144,-0.08954,4.9
female,nh_nhpi,nh_black,hs_or_less,hs_or_less,0.9353,-0.06691,16.1
female,nh_nhpi,nh_black,hs_or_less,some_college,1.0961,0.09175,12.8
female,nh_nhpi,nh_black,hs_or_less,bachelors,0.9457,-0.05581,0.1
female,nh_nhpi,nh_black,hs_or_less,graduate,1.0222,0.02198,1.6
female,nh_nhpi,nh_black,some_college,hs_or_less,1.0354,0.03476,13.4
female,nh_nhpi,nh_black,some_college,some_college,0.8984,-0.10709,7.9
female,nh_nhpi,nh_black,some_college,bachelors,1.0189,0.0187,4.0
female,nh_nhpi,nh_black,some_college,graduate,0.9757,-0.02457,0.1
female,nh_nhpi,nh_black,bachelors,hs_or_less,1.0748,0.07215,6.0
female,nh_nhpi,nh_black,bachelors,some_college,1.0077,0.00771,4.5
female,nh_nhpi,nh_black,bachelors,bachelors,1.0118,0.01177,4.4
female,nh_nhpi,nh_black,bachelors,graduate,1.0455,0.04446,3.2
female,nh_nhpi,nh_black,graduate,hs_or_less,1.0438,0.04289,2.7
female,nh_nhpi,nh_black,graduate,some_college,0.9807,-0.01951,0.7
female,nh_nhpi,nh_black,graduate,bachelors,0.9684,-0.03215,0.4
female,nh_nhpi,nh_black,graduate,graduate,0.9607,-0.04013,0.1
female,nh_nhpi,nh_asian,hs_or_less,hs_or_less,0.9732,-0.02718,3.7
female,nh_nhpi,nh_asian,hs_or_less,some_college,0.9931,-0.00696,2.9
female,nh_nhpi,nh_asian,hs_or_less,bachelors,0.9431,-0.05862,0.8
female,nh_nhpi,nh_asian,hs_or_less,graduate,1.0213,0.02107,2.6
female,nh_nhpi,nh_asian,some_college,hs_or_less,1.0328,0.03224,4.1
female,nh_nhpi,nh_asian,some_college,some_college,1.0158,0.0157,5.4
female,nh_nhpi,nh_asian,some_college,bachelors,1.0149,0.01483,4.7
female,nh_nhpi,nh_asian,some_college,graduate,0.9456,-0.05593,0.1
female,nh_nhpi,nh_asian,bachelors,hs_or_less,1.0432,0.04227,2.4
female,nh_nhpi,nh_asian,bachelors,some_college,1.0583,0.05663,3.7
female,nh_nhpi,nh_asian,bachelors,bachelors,0.9658,-0.03484,3.5
female,nh_nhpi,nh_asian,bachelors,graduate,0.963,-0.0377,1.5
female,nh_nhpi,nh_asian,graduate,hs_or_less,1.0223,0.02202,1.1
female,nh_nhpi,nh_asian,graduate,some_college,0.9876,-0.01248,0.0
female,nh_nhpi,nh_asian,graduate,bachelors,1.0198,0.01961,2.7
female,nh_nhpi,nh_asian,graduate,graduate,1.0094,0.00932,3.4
female,nh_nhpi,nh_aian,hs_or_less,hs_or_less,0.9851,-0.01504,0.0
female,nh_nhpi,nh_aian,hs_or_less,some_college,0.9948,-0.00522,0.0
female,nh_nhpi,nh_aian,hs_or_less,bachelors,0.9989,-0.00106,0.0
female,nh_nhpi,nh_aian,hs_or_less,graduate,0.9996,-0.0004,0.0
female,nh_nhpi,nh_aian,some_college,hs_or_less,0.9911,-0.0089,0.0
female,nh_nhpi,nh_aian,some_college,some_college,1.0054,0.00537,0.6
female,nh_nhpi,nh_aian,some_college,bachelors,0.9985,-0.0015,0.0
female,nh_nhpi,nh_aian,some_college,graduate,0.9994,-0.00055,0.0
female,nh_nhpi,nh_aian,bachelors,hs_or_less,1.0103,0.01025,0.5
female,nh_nhpi,nh_aian,bachelors,some_college,0.997,-0.00299,0.0
female,nh_nhpi,nh_aian,bachelors,bachelors,1.0095,0.00941,0.4
female,nh_nhpi,nh_aian,bachelors,graduate,0.9993,-0.00071,0.0
female,nh_nhpi,nh_aian,graduate,hs_or_less,0.9992,-0.00082,0.0
female,nh_nhpi,nh_aian,graduate,some_college,1.0098,0.0098,0.4
female,nh_nhpi,nh_aian,graduate,bachelors,1.0029,0.00292,0.1
female,nh_nhpi,nh_aian,graduate,graduate,0.9995,-0.00055,0.0
female,nh_nhpi,nh_nhpi,hs_or_less,hs_or_less,1.5865,0.46156,251.5
female,nh_nhpi,nh_nhpi,hs_or_less,some_college,1.1491,0.13895,70.2
female,nh_nhpi,nh_nhpi,hs_or_less,bachelors,0.9055,-0.09922,10.7
female,nh_nhpi,nh_nhpi,hs_or_less,graduate,1.0421,0.04126,5.7
female,nh_nhpi,nh_nhpi,some_college,hs_or_less,1.0356,0.03499,87.1
female,nh_nhpi,nh_nhpi,some_college,some_college,0.9472,-0.05429,80.1
female,nh_nhpi,nh_nhpi,some_college,bachelors,0.8911,-0.11535,14.6
female,nh_nhpi,nh_nhpi,some_college,graduate,0.9551,-0.04598,3.5
female,nh_nhpi,nh_nhpi,bachelors,hs_or_less,1.2654,0.23537,36.2
female,nh_nhpi,nh_nhpi,bachelors,some_college,0.8576,-0.15361,17.5
female,nh_nhpi,nh_nhpi,bachelors,bachelors,0.8351,-0.18021,14.4
female,nh_nhpi,nh_nhpi,bachelors,graduate,0.8922,-0.11407,2.0
female,nh_nhpi,nh_nhpi,graduate,hs_or_less,1.148,0.13801,13.4
female,nh_nhpi,nh_nhpi,graduate,some_college,0.9079,-0.09666,4.9
female,nh_nhpi,nh_nhpi,graduate,bachelors,0.8466,-0.16657,2.6
female,nh_nhpi,nh_nhpi,graduate,graduate,0.9761,-0.02417,6.9
female,nh_nhpi,nh_twoplus,hs_or_less,hs_or_less,1.1417,0.13253,18.7
female,nh_nhpi,nh_twoplus,hs_or_less,some_college,1.0425,0.04164,9.1
female,nh_nhpi,nh_twoplus,hs_or_less,bachelors,0.941,-0.0608,0.5
female,nh_nhpi,nh_twoplus,hs_or_less,graduate,0.9796,-0.02057,0.1
female,nh_nhpi,nh_twoplus,some_college,hs_or_less,1.0085,0.0085,7.0
female,nh_nhpi,nh_twoplus,some_college,some_college,0.9272,-0.07558,7.3
female,nh_nhpi,nh_twoplus,some_college,bachelors,1.0284,0.02796,5.1
female,nh_nhpi,nh_twoplus,some_college,graduate,1.0258,0.02543,2.3
female,nh_nhpi,nh_twoplus,bachelors,hs_or_less,0.9876,-0.0125,1.2
female,nh_nhpi,nh_twoplus,bachelors,some_college,1.0957,0.09137,7.2
female,nh_nhpi,nh_twoplus,bachelors,bachelors,0.9238,-0.07928,1.4
female,nh_nhpi,nh_twoplus,bachelors,graduate,1.0065,0.00643,1.9
female,nh_nhpi,nh_twoplus,graduate,hs_or_less,0.9862,-0.01385,0.0
female,nh_nhpi,nh_twoplus,graduate,some_college,0.988,-0.01209,0.7
female,nh_nhpi,nh_twoplus,graduate,bachelors,0.9875,-0.01253,1.4
female,nh_nhpi,nh_twoplus,graduate,graduate,0.9544,-0.04666,0.0
female,nh_nhpi,nh_other,hs_or_less,hs_or_less,0.9934,-0.00665,0.1
female,nh_nhpi,nh_other,hs_or_less,some_college,0.9953,-0.00469,0.0
female,nh_nhpi,nh_other,hs_or_less,bachelors,1.0004,0.00042,0.1
female,nh_nhpi,nh_other,hs_or_less,graduate,0.9989,-0.00115,0.0
female,nh_nhpi,nh_other,some_college,hs_or_less,1.0231,0.02281,1.1
female,nh_nhpi,nh_other,some_college,some_college,1.0082,0.0082,0.6
female,nh_nhpi,nh_other,some_college,bachelors,0.9967,-0.00326,0.0
female,nh_nhpi,nh_other,some_college,graduate,0.9984,-0.00157,0.0
female,nh_nhpi,nh_other,bachelors,hs_or_less,0.9987,-0.00129,0.0
female,nh_nhpi,nh_other,bachelors,some_college,0.9977,-0.00228,0.0
female,nh_nhpi,nh_other,bachelors,bachelors,0.996,-0.00398,0.0
female,nh_nhpi,nh_other,bachelors,graduate,0.998,-0.00203,0.0
female,nh_nhpi,nh_other,graduate,hs_or_less,0.9996,-0.00043,0.0
female,nh_nhpi,nh_other,graduate,some_college,0.9992,-0.00083,0.0
female,nh_nhpi,nh_other,graduate,bachelors,0.9991,-0.00094,0.0
female,nh_nhpi,nh_other,graduate,graduate,0.9977,-0.00233,0.0
female,nh_twoplus,hispanic,hs_or_less,hs_or_less,0.8523,-0.1598,491.6
female,nh_twoplus,hispanic,hs_or_less,some_college,0.868,-0.14158,147.8
female,nh_twoplus,hispanic,hs_or_less,bachelors,1.1086,0.10307,60.9
female,nh_twoplus,hispanic,hs_or_less,graduate,0.9351,-0.06715,11.5
female,nh_twoplus,hispanic,some_college,hs_or_less,0.766,-0.2666,430.6
female,nh_twoplus,hispanic,some_college,some_college,1.0704,0.06804,507.6
female,nh_twoplus,hispanic,some_college,bachelors,1.2966,0.25977,171.5
female,nh_twoplus,hispanic,some_college,graduate,1.1466,0.13677,46.4
female,nh_twoplus,hispanic,bachelors,hs_or_less,0.7679,-0.26409,175.6
female,nh_twoplus,hispanic,bachelors,some_college,1.0301,0.02964,245.6
female,nh_twoplus,hispanic,bachelors,bachelors,1.212,0.19231,306.4
female,nh_twoplus,hispanic,bachelors,graduate,1.1461,0.1364,94.2
female,nh_twoplus,hispanic,graduate,hs_or_less,0.7756,-0.25409,64.9
female,nh_twoplus,hispanic,graduate,some_college,1.1316,0.12367,111.1
female,nh_twoplus,hispanic,graduate,bachelors,1.1028,0.09787,139.1
female,nh_twoplus,hispanic,graduate,graduate,1.0058,0.00578,106.0
female,nh_twoplus,nh_white,hs_or_less,hs_or_less,1.0592,0.0575,1460.9
female,nh_twoplus,nh_white,hs_or_less,some_college,0.9272,-0.07556,675.8
female,nh_twoplus,nh_white,hs_or_less,bachelors,0.864,-0.14619,313.9
female,nh_twoplus,nh_white,hs_or_less,graduate,0.7253,-0.32123,74.3
female,nh_twoplus,nh_white,some_college,hs_or_less,1.0421,0.04126,1378.4
female,nh_twoplus,nh_white,some_college,some_college,0.9265,-0.07631,1783.4
female,nh_twoplus,nh_white,some_college,bachelors,0.9536,-0.04747,840.0
female,nh_twoplus,nh_white,some_college,graduate,0.8934,-0.11276,244.0
female,nh_twoplus,nh_white,bachelors,hs_or_less,1.0531,0.05178,561.3
female,nh_twoplus,nh_white,bachelors,some_college,1.1229,0.11588,1050.9
female,nh_twoplus,nh_white,bachelors,bachelors,1.2223,0.20071,2078.0
female,nh_twoplus,nh_white,bachelors,graduate,1.1827,0.16779,692.1
female,nh_twoplus,nh_white,graduate,hs_or_less,0.9141,-0.0898,192.7
female,nh_twoplus,nh_white,graduate,some_college,1.0378,0.03709,409.8
female,nh_twoplus,nh_white,graduate,bachelors,1.1252,0.11797,969.5
female,nh_twoplus,nh_white,graduate,graduate,1.0826,0.07937,867.8
female,nh_twoplus,nh_black,hs_or_less,hs_or_less,0.9571,-0.04386,421.8
female,nh_twoplus,nh_black,hs_or_less,some_college,0.9413,-0.06052,173.7
female,nh_twoplus,nh_black,hs_or_less,bachelors,1.0938,0.08964,58.1
female,nh_twoplus,nh_black,hs_or_less,graduate,0.9976,-0.00241,16.7
female,nh_twoplus,nh_black,some_college,hs_or_less,1.177,0.16297,514.4
female,nh_twoplus,nh_black,some_college,some_college,1.0039,0.00385,503.6
female,nh_twoplus,nh_black,some_college,bachelors,1.1687,0.15593,147.7
female,nh_twoplus,nh_black,some_college,graduate,1.0371,0.03638,42.7
female,nh_twoplus,nh_black,bachelors,hs_or_less,0.7509,-0.28652,123.2
female,nh_twoplus,nh_black,bachelors,some_college,0.9291,-0.07357,230.1
female,nh_twoplus,nh_black,bachelors,bachelors,0.8585,-0.15253,198.3
female,nh_twoplus,nh_black,bachelors,graduate,0.8873,-0.11955,70.4
female,nh_twoplus,nh_black,graduate,hs_or_less,1.2074,0.18848,94.1
female,nh_twoplus,nh_black,graduate,some_college,1.1166,0.11027,121.5
female,nh_twoplus,nh_black,graduate,bachelors,1.0511,0.04984,131.1
female,nh_twoplus,nh_black,graduate,graduate,0.9433,-0.05841,109.5
female,nh_twoplus,nh_asian,hs_or_less,hs_or_less,1.1311,0.12315,56.8
female,nh_twoplus,nh_asian,hs_or_less,some_college,1.0167,0.01658,31.4
female,nh_twoplus,nh_asian,hs_or_less,bachelors,0.79,-0.23575,13.5
female,nh_twoplus,nh_asian,hs_or_less,graduate,0.8906,-0.11585,9.3
female,nh_twoplus,nh_asian,some_college,hs_or_less,0.8859,-0.12114,34.8
female,nh_twoplus,nh_asian,some_college,some_college,1.135,0.12661,95.0
female,nh_twoplus,nh_asian,some_college,bachelors,1.0059,0.00585,68.9
female,nh_twoplus,nh_asian,some_college,graduate,0.8901,-0.11637,28.2
female,nh_twoplus,nh_asian,bachelors,hs_or_less,1.1945,0.17772,28.5
female,nh_twoplus,nh_asian,bachelors,some_college,0.9892,-0.01083,38.1
female,nh_twoplus,nh_asian,bachelors,bachelors,1.1757,0.16189,164.4
female,nh_twoplus,nh_asian,bachelors,graduate,1.0256,0.02532,85.2
female,nh_twoplus,nh_asian,graduate,hs_or_less,1.0982,0.09369,11.4
female,nh_twoplus,nh_asian,graduate,some_college,1.0713,0.06891,19.0
female,nh_twoplus,nh_asian,graduate,bachelors,0.9615,-0.03926,59.9
female,nh_twoplus,nh_asian,graduate,graduate,0.8517,-0.16053,80.3
female,nh_twoplus,nh_aian,hs_or_less,hs_or_less,1.0231,0.02284,21.1
female,nh_twoplus,nh_aian,hs_or_less,some_college,1.1509,0.14053,13.7
female,nh_twoplus,nh_aian,hs_or_less,bachelors,0.9924,-0.00765,1.0
female,nh_twoplus,nh_aian,hs_or_less,graduate,0.997,-0.00305,0.3
female,nh_twoplus,nh_aian,some_college,hs_or_less,1.1464,0.13662,27.4
female,nh_twoplus,nh_aian,some_college,some_college,0.9134,-0.0906,14.3
female,nh_twoplus,nh_aian,some_college,bachelors,1.0284,0.02796,4.2
female,nh_twoplus,nh_aian,some_college,graduate,0.9996,-0.0004,1.1
female,nh_twoplus,nh_aian,bachelors,hs_or_less,0.8692,-0.14021,1.6
female,nh_twoplus,nh_aian,bachelors,some_college,0.972,-0.02841,8.4
female,nh_twoplus,nh_aian,bachelors,bachelors,1.1325,0.12438,11.3
female,nh_twoplus,nh_aian,bachelors,graduate,1.0123,0.01219,2.7
female,nh_twoplus,nh_aian,graduate,hs_or_less,0.9364,-0.06572,0.5
female,nh_twoplus,nh_aian,graduate,some_college,0.9911,-0.00896,3.8
female,nh_twoplus,nh_aian,graduate,bachelors,0.9301,-0.07244,0.1
female,nh_twoplus,nh_aian,graduate,graduate,0.954,-0.04709,1.2
female,nh_twoplus,nh_nhpi,hs_or_less,hs_or_less,1.081,0.07792,16.3
female,nh_twoplus,nh_nhpi,hs_or_less,some_college,0.969,-0.03154,3.3
female,nh_twoplus,nh_nhpi,hs_or_less,bachelors,1.012,0.01195,1.8
female,nh_twoplus,nh_nhpi,hs_or_less,graduate,0.9914,-0.00862,0.0
female,nh_twoplus,nh_nhpi,some_college,hs_or_less,1.0318,0.03135,13.7
female,nh_twoplus,nh_nhpi,some_college,some_college,0.9718,-0.02861,11.2
female,nh_twoplus,nh_nhpi,some_college,bachelors,1.0082,0.00813,3.5
female,nh_twoplus,nh_nhpi,some_college,graduate,0.99,-0.01007,0.4
female,nh_twoplus,nh_nhpi,bachelors,hs_or_less,1.0544,0.05301,7.3
female,nh_twoplus,nh_nhpi,bachelors,some_college,0.99,-0.01008,6.0
female,nh_twoplus,nh_nhpi,bachelors,bachelors,0.9615,-0.03926,4.4
female,nh_twoplus,nh_nhpi,bachelors,graduate,0.9632,-0.03748,0.1
female,nh_twoplus,nh_nhpi,graduate,hs_or_less,1.0684,0.06615,4.6
female,nh_twoplus,nh_nhpi,graduate,some_college,0.9679,-0.03261,1.3
female,nh_twoplus,nh_nhpi,graduate,bachelors,0.9392,-0.06274,0.6
female,nh_twoplus,nh_nhpi,graduate,graduate,1.0126,0.01249,2.7
female,nh_twoplus,nh_twoplus,hs_or_less,hs_or_less,1.6521,0.50202,1308.0
female,nh_twoplus,nh_twoplus,hs_or_less,some_college,0.9733,-0.02702,452.2
female,nh_twoplus,nh_twoplus,hs_or_less,bachelors,1.0543,0.05289,198.7
female,nh_twoplus,nh_twoplus,hs_or_less,graduate,1.0523,0.05096,63.6
female,nh_twoplus,nh_twoplus,some_college,hs_or_less,1.089,0.08523,824.3
female,nh_twoplus,nh_twoplus,some_college,some_college,0.8062,-0.21545,993.4
female,nh_twoplus,nh_twoplus,some_college,bachelors,0.7957,-0.22852,350.6
female,nh_twoplus,nh_twoplus,some_college,graduate,0.9152,-0.0886,123.9
female,nh_twoplus,nh_twoplus,bachelors,hs_or_less,1.1585,0.14714,367.0
female,nh_twoplus,nh_twoplus,bachelors,some_college,0.8762,-0.13213,539.5
female,nh_twoplus,nh_twoplus,bachelors,bachelors,0.9366,-0.06552,834.3
female,nh_twoplus,nh_twoplus,bachelors,graduate,0.9646,-0.03607,287.8
female,nh_twoplus,nh_twoplus,graduate,hs_or_less,1.0216,0.02138,122.4
female,nh_twoplus,nh_twoplus,graduate,some_college,0.8656,-0.14429,211.7
female,nh_twoplus,nh_twoplus,graduate,bachelors,0.9338,-0.06852,408.5
female,nh_twoplus,nh_twoplus,graduate,graduate,1.1578,0.1465,476.2
female,nh_twoplus,nh_other,hs_or_less,hs_or_less,1.1741,0.16048,19.8
female,nh_twoplus,nh_other,hs_or_less,some_college,1.1163,0.11006,11.2
female,nh_twoplus,nh_other,hs_or_less,bachelors,0.948,-0.05341,0.9
female,nh_twoplus,nh_other,hs_or_less,graduate,0.9818,-0.01837,0.7
female,nh_twoplus,nh_other,some_college,hs_or_less,0.9823,-0.01785,10.5
female,nh_twoplus,nh_other,some_college,some_college,1.0545,0.05309,19.8
female,nh_twoplus,nh_other,some_college,bachelors,0.9245,-0.07854,4.0
female,nh_twoplus,nh_other,some_college,graduate,1.1729,0.15946,10.1
female,nh_twoplus,nh_other,bachelors,hs_or_less,0.9623,-0.03845,3.1
female,nh_twoplus,nh_other,bachelors,some_college,0.8981,-0.10745,3.4
female,nh_twoplus,nh_other,bachelors,bachelors,0.9694,-0.03111,13.1
female,nh_twoplus,nh_other,bachelors,graduate,0.9774,-0.02289,6.3
female,nh_twoplus,nh_other,graduate,hs_or_less,1.0065,0.00649,2.1
female,nh_twoplus,nh_other,graduate,some_college,1.0347,0.03413,5.0
female,nh_twoplus,nh_other,graduate,bachelors,0.9315,-0.07099,4.5
female,nh_twoplus,nh_other,graduate,graduate,0.9188,-0.08465,6.1
female,nh_other,hispanic,hs_or_less,hs_or_less,0.9071,-0.09747,81.1
female,nh_other,hispanic,hs_or_less,some_college,0.9078,-0.09676,20.4
female,nh_other,hispanic,hs_or_less,bachelors,1.1004,0.09567,12.4
female,nh_other,hispanic,hs_or_less,graduate,1.0742,0.07154,5.4
female,nh_other,hispanic,some_college,hs_or_less,0.9449,-0.05672,51.4
female,nh_other,hispanic,some_college,some_college,1.1812,0.16654,59.2
female,nh_other,hispanic,some_college,bachelors,0.9978,-0.00222,11.8
female,nh_other,hispanic,some_college,graduate,1.0885,0.08478,7.1
female,nh_other,hispanic,bachelors,hs_or_less,0.9479,-0.05349,25.0
female,nh_other,hispanic,bachelors,some_college,1.0212,0.021,27.8
female,nh_other,hispanic,bachelors,bachelors,0.9369,-0.06513,22.8
female,nh_other,hispanic,bachelors,graduate,0.9367,-0.06543,6.1
female,nh_other,hispanic,graduate,hs_or_less,1.0045,0.00445,11.6
female,nh_other,hispanic,graduate,some_college,0.9961,-0.00392,10.7
female,nh_other,hispanic,graduate,bachelors,0.9708,-0.02963,12.6
female,nh_other,hispanic,graduate,graduate,1.0271,0.02678,13.8
female,nh_other,nh_white,hs_or_less,hs_or_less,0.7732,-0.25724,54.3
female,nh_other,nh_white,hs_or_less,some_college,0.8208,-0.19743,27.6
female,nh_other,nh_white,hs_or_less,bachelors,1.0893,0.08557,26.6
female,nh_other,nh_white,hs_or_less,graduate,1.0713,0.0689,10.7
female,nh_other,nh_white,some_college,hs_or_less,0.7541,-0.28226,25.7
female,nh_other,nh_white,some_college,some_college,0.9687,-0.03184,66.1
female,nh_other,nh_white,some_college,bachelors,1.0553,0.05379,35.0
female,nh_other,nh_white,some_college,graduate,1.0532,0.05179,12.9
female,nh_other,nh_white,bachelors,hs_or_less,1.1799,0.16545,34.2
female,nh_other,nh_white,bachelors,some_college,1.0266,0.02628,42.6
female,nh_other,nh_white,bachelors,bachelors,1.1771,0.16303,88.1
female,nh_other,nh_white,bachelors,graduate,1.1169,0.11059,32.9
female,nh_other,nh_white,graduate,hs_or_less,1.0786,0.07567,13.2
female,nh_other,nh_white,graduate,some_college,0.9636,-0.03711,15.2
female,nh_other,nh_white,graduate,bachelors,0.9311,-0.07143,31.6
female,nh_other,nh_white,graduate,graduate,1.0792,0.07624,41.0
female,nh_other,nh_black,hs_or_less,hs_or_less,0.971,-0.02944,34.0
female,nh_other,nh_black,hs_or_less,some_college,1.1269,0.11949,21.3
female,nh_other,nh_black,hs_or_less,bachelors,1.0534,0.05204,6.2
female,nh_other,nh_black,hs_or_less,graduate,1.0082,0.00818,1.8
female,nh_other,nh_black,some_college,hs_or_less,0.9363,-0.0658,17.6
female,nh_other,nh_black,some_college,some_college,1.0706,0.06826,28.9
female,nh_other,nh_black,some_college,bachelors,1.0063,0.00623,6.1
female,nh_other,nh_black,some_college,graduate,1.0063,0.00631,2.3
female,nh_other,nh_black,bachelors,hs_or_less,1.0535,0.05216,13.2
female,nh_other,nh_black,bachelors,some_college,0.8912,-0.11524,8.6
female,nh_other,nh_black,bachelors,bachelors,0.9165,-0.08719,8.9
female,nh_other,nh_black,bachelors,graduate,1.1182,0.11176,10.0
female,nh_other,nh_black,graduate,hs_or_less,0.9875,-0.0126,3.8
female,nh_other,nh_black,graduate,some_college,0.9108,-0.09342,2.1
female,nh_other,nh_black,graduate,bachelors,1.0987,0.09411,11.4
female,nh_other,nh_black,graduate,graduate,0.8915,-0.11483,1.9
female,nh_other,nh_asian,hs_or_less,hs_or_less,1.0043,0.00425,3.4
female,nh_other,nh_asian,hs_or_less,some_college,0.9616,-0.03912,0.4
female,nh_other,nh_asian,hs_or_less,bachelors,0.9717,-0.02873,0.7
female,nh_other,nh_asian,hs_or_less,graduate,0.9889,-0.0112,0.6
female,nh_other,nh_asian,some_college,hs_or_less,0.9652,-0.0354,0.5
female,nh_other,nh_asian,some_college,some_college,1.0602,0.05846,5.7
female,nh_other,nh_asian,some_college,bachelors,0.9876,-0.01251,2.3
female,nh_other,nh_asian,some_college,graduate,0.9841,-0.016,0.9
female,nh_other,nh_asian,bachelors,hs_or_less,0.9984,-0.00157,0.9
female,nh_other,nh_asian,bachelors,some_college,1.0597,0.05802,4.2
female,nh_other,nh_asian,bachelors,bachelors,0.9607,-0.04008,4.5
female,nh_other,nh_asian,bachelors,graduate,0.9444,-0.05725,1.5
female,nh_other,nh_asian,graduate,hs_or_less,0.9936,-0.00641,0.1
female,nh_other,nh_asian,graduate,some_college,1.0106,0.01057,1.2
female,nh_other,nh_asian,graduate,bachelors,1.0009,0.00089,3.3
female,nh_other,nh_asian,graduate,graduate,1.1231,0.11607,10.2
female,nh_other,nh_aian,hs_or_less,hs_or_less,0.9759,-0.02444,0.2
female,nh_other,nh_aian,hs_or_less,some_college,0.9931,-0.00695,0.2
female,nh_other,nh_aian,hs_or_less,bachelors,0.9981,-0.00191,0.0
female,nh_other,nh_aian,hs_or_less,graduate,1.0047,0.00471,0.2
female,nh_other,nh_aian,some_college,hs_or_less,1.0216,0.02137,1.5
female,nh_other,nh_aian,some_college,some_college,0.9826,-0.01758,0.0
female,nh_other,nh_aian,some_college,bachelors,1.011,0.01096,0.5
female,nh_other,nh_aian,some_college,graduate,1.0014,0.00142,0.1
female,nh_other,nh_aian,bachelors,hs_or_less,0.9928,-0.00722,0.1
female,nh_other,nh_aian,bachelors,some_college,1.0225,0.0222,1.3
female,nh_other,nh_aian,bachelors,bachelors,0.9937,-0.00634,0.0
female,nh_other,nh_aian,bachelors,graduate,1.0149,0.01476,0.7
female,nh_other,nh_aian,graduate,hs_or_less,0.9964,-0.00358,0.0
female,nh_other,nh_aian,graduate,some_college,0.996,-0.00402,0.0
female,nh_other,nh_aian,graduate,bachelors,1.0002,0.00015,0.1
female,nh_other,nh_aian,graduate,graduate,0.9964,-0.00356,0.0
female,nh_other,nh_nhpi,hs_or_less,hs_or_less,0.9947,-0.00534,0.1
female,nh_other,nh_nhpi,hs_or_less,some_college,0.9969,-0.00306,0.0
female,nh_other,nh_nhpi,hs_or_less,bachelors,0.9991,-0.00087,0.0
female,nh_other,nh_nhpi,hs_or_less,graduate,0.9997,-0.00025,0.0
female,nh_other,nh_nhpi,some_college,hs_or_less,0.995,-0.00505,0.0
female,nh_other,nh_nhpi,some_college,some_college,0.9948,-0.00526,0.0
female,nh_other,nh_nhpi,some_college,bachelors,0.9987,-0.00129,0.0
female,nh_other,nh_nhpi,some_college,graduate,0.9997,-0.00034,0.0
female,nh_other,nh_nhpi,bachelors,hs_or_less,0.9975,-0.00252,0.0
female,nh_other,nh_nhpi,bachelors,some_college,0.9968,-0.00318,0.0
female,nh_other,nh_nhpi,bachelors,bachelors,1.0215,0.0213,0.9
female,nh_other,nh_nhpi,bachelors,graduate,0.9992,-0.00082,0.0
female,nh_other,nh_nhpi,graduate,hs_or_less,1.0028,0.00281,0.1
female,nh_other,nh_nhpi,graduate,some_college,0.9987,-0.00135,0.0
female,nh_other,nh_nhpi,graduate,bachelors,1.0046,0.00461,0.2
female,nh_other,nh_nhpi,graduate,graduate,1.0006,0.00061,0.1
female,nh_other,nh_twoplus,hs_or_less,hs_or_less,0.9428,-0.05889,8.6
female,nh_other,nh_twoplus,hs_or_less,some_college,1.0032,0.00318,7.0
female,nh_other,nh_twoplus,hs_or_less,bachelors,1.0338,0.03325,4.1
female,nh_other,nh_twoplus,hs_or_less,graduate,0.9835,-0.01663,0.3
female,nh_other,nh_twoplus,some_college,hs_or_less,1.0464,0.04533,9.0
female,nh_other,nh_twoplus,some_college,some_college,1.0849,0.08153,15.5
female,nh_other,nh_twoplus,some_college,bachelors,0.9723,-0.02812,2.9
female,nh_other,nh_twoplus,some_college,graduate,1.1894,0.17347,8.2
female,nh_other,nh_twoplus,bachelors,hs_or_less,0.9603,-0.04055,1.8
female,nh_other,nh_twoplus,bachelors,some_college,0.9223,-0.08091,3.2
female,nh_other,nh_twoplus,bachelors,bachelors,0.9461,-0.0554,6.7
female,nh_other,nh_twoplus,bachelors,graduate,0.955,-0.04604,1.5
female,nh_other,nh_twoplus,graduate,hs_or_less,0.9868,-0.0133,0.8
female,nh_other,nh_twoplus,graduate,some_college,1.031,0.03051,4.1
female,nh_other,nh_twoplus,graduate,bachelors,0.9427,-0.05897,2.3
female,nh_other,nh_twoplus,graduate,graduate,1.032,0.03153,6.0
female,nh_other,nh_other,hs_or_less,hs_or_less,1.3825,0.32387,346.6
female,nh_other,nh_other,hs_or_less,some_college,0.8408,-0.17335,103.0
female,nh_other,nh_other,hs_or_less,bachelors,1.1574,0.14616,80.7
female,nh_other,nh_other,hs_or_less,graduate,1.0328,0.03226,34.1
female,nh_other,nh_other,some_college,hs_or_less,1.1041,0.09902,164.1
female,nh_other,nh_other,some_college,some_college,1.0001,0.00011,215.2
female,nh_other,nh_other,some_college,bachelors,0.8711,-0.13803,78.1
female,nh_other,nh_other,some_college,graduate,0.7938,-0.23097,27.0
female,nh_other,nh_other,bachelors,hs_or_less,1.1302,0.12243,86.3
female,nh_other,nh_other,bachelors,some_college,0.864,-0.14622,104.9
female,nh_other,nh_other,bachelors,bachelors,1.0109,0.01087,222.1
female,nh_other,nh_other,bachelors,graduate,0.975,-0.02528,110.6
female,nh_other,nh_other,graduate,hs_or_less,1.1389,0.13011,37.9
female,nh_other,nh_other,graduate,some_college,0.9326,-0.06979,48.2
female,nh_other,nh_other,graduate,bachelors,0.9422,-0.05951,108.8
female,nh_other,nh_other,graduate,graduate,0.9786,-0.02167,153.1
