sex_s,race_s,race_c,edu_s,edu_c,multiplier,log,sides_alloc
male,hispanic,hispanic,hs_or_less,hs_or_less,1.9025,0.64317,50266.3
male,hispanic,hispanic,hs_or_less,some_college,1.2604,0.23146,14833.2
male,hispanic,hispanic,hs_or_less,bachelors,1.3429,0.2948,5215.0
male,hispanic,hispanic,hs_or_less,graduate,1.2014,0.1835,1542.5
male,hispanic,hispanic,some_college,hs_or_less,0.7885,-0.23764,8400.2
male,hispanic,hispanic,some_college,some_college,0.8777,-0.13045,11786.9
male,hispanic,hispanic,some_college,bachelors,0.994,-0.00606,4555.2
male,hispanic,hispanic,some_college,graduate,1.1302,0.12236,1648.0
male,hispanic,hispanic,bachelors,hs_or_less,0.8703,-0.13893,2653.0
male,hispanic,hispanic,bachelors,some_college,0.721,-0.32708,2872.6
male,hispanic,hispanic,bachelors,bachelors,0.9569,-0.04404,4944.0
male,hispanic,hispanic,bachelors,graduate,0.8948,-0.11118,1714.2
male,hispanic,hispanic,graduate,hs_or_less,0.9511,-0.05014,852.3
male,hispanic,hispanic,graduate,some_college,0.7741,-0.25603,879.9
male,hispanic,hispanic,graduate,bachelors,0.8226,-0.19534,1435.0
male,hispanic,hispanic,graduate,graduate,1.0218,0.0216,1783.1
male,hispanic,nh_white,hs_or_less,hs_or_less,0.8348,-0.18054,3816.5
male,hispanic,nh_white,hs_or_less,some_college,0.9208,-0.08252,3494.3
male,hispanic,nh_white,hs_or_less,bachelors,0.7863,-0.24042,1647.4
male,hispanic,nh_white,hs_or_less,graduate,0.7962,-0.22796,716.4
male,hispanic,nh_white,some_college,hs_or_less,0.9505,-0.05079,1744.6
male,hispanic,nh_white,some_college,some_college,0.9586,-0.04231,3987.0
male,hispanic,nh_white,some_college,bachelors,1.0686,0.06639,2620.9
male,hispanic,nh_white,some_college,graduate,1.1218,0.1149,1150.5
male,hispanic,nh_white,bachelors,hs_or_less,0.9502,-0.05105,492.4
male,hispanic,nh_white,bachelors,some_college,1.0078,0.00773,1235.8
male,hispanic,nh_white,bachelors,bachelors,1.2104,0.19097,3329.8
male,hispanic,nh_white,bachelors,graduate,1.2335,0.20984,1662.1
male,hispanic,nh_white,graduate,hs_or_less,0.9759,-0.02436,149.0
male,hispanic,nh_white,graduate,some_college,0.9816,-0.01861,363.4
male,hispanic,nh_white,graduate,bachelors,1.153,0.14239,1091.8
male,hispanic,nh_white,graduate,graduate,1.2048,0.18633,1489.0
male,hispanic,nh_black,hs_or_less,hs_or_less,0.8051,-0.21681,330.3
male,hispanic,nh_black,hs_or_less,some_college,1.0934,0.08931,328.0
male,hispanic,nh_black,hs_or_less,bachelors,1.3316,0.28636,124.1
male,hispanic,nh_black,hs_or_less,graduate,1.2567,0.22852,62.7
male,hispanic,nh_black,some_college,hs_or_less,0.7754,-0.25433,123.1
male,hispanic,nh_black,some_college,some_college,0.8597,-0.15117,276.7
male,hispanic,nh_black,some_college,bachelors,1.4603,0.37866,155.7
male,hispanic,nh_black,some_college,graduate,1.2135,0.19352,64.6
male,hispanic,nh_black,bachelors,hs_or_less,0.9028,-0.10225,40.7
male,hispanic,nh_black,bachelors,some_college,0.7358,-0.30677,62.8
male,hispanic,nh_black,bachelors,bachelors,1.1993,0.18174,138.8
male,hispanic,nh_black,bachelors,graduate,1.1038,0.09878,72.7
male,hispanic,nh_black,graduate,hs_or_less,0.9474,-0.05399,11.9
male,hispanic,nh_black,graduate,some_college,0.8101,-0.21055,17.7
male,hispanic,nh_black,graduate,bachelors,0.9129,-0.09118,33.3
male,hispanic,nh_black,graduate,graduate,0.9325,-0.06984,53.5
male,hispanic,nh_asian,hs_or_less,hs_or_less,0.6634,-0.41039,212.7
male,hispanic,nh_asian,hs_or_less,some_college,0.9746,-0.02569,246.2
male,hispanic,nh_asian,hs_or_less,bachelors,0.7102,-0.34216,192.2
male,hispanic,nh_asian,hs_or_less,graduate,0.4994,-0.69429,55.2
male,hispanic,nh_asian,some_college,hs_or_less,1.0168,0.01667,136.3
male,hispanic,nh_asian,some_college,some_college,1.2234,0.20165,355.6
male,hispanic,nh_asian,some_college,bachelors,1.0221,0.02186,348.7
male,hispanic,nh_asian,some_college,graduate,0.6614,-0.41333,108.2
male,hispanic,nh_asian,bachelors,hs_or_less,1.3848,0.32554,62.1
male,hispanic,nh_asian,bachelors,some_college,1.3088,0.26913,116.8
male,hispanic,nh_asian,bachelors,bachelors,1.2038,0.18549,465.2
male,hispanic,nh_asian,bachelors,graduate,1.0277,0.02735,251.5
male,hispanic,nh_asian,graduate,hs_or_less,1.3798,0.32192,25.9
male,hispanic,nh_asian,graduate,some_college,1.335,0.28893,41.0
male,hispanic,nh_asian,graduate,bachelors,1.1286,0.12098,146.7
male,hispanic,nh_asian,graduate,graduate,1.1122,0.10635,239.0
male,hispanic,nh_aian,hs_or_less,hs_or_less,1.1973,0.18007,127.4
male,hispanic,nh_aian,hs_or_less,some_college,0.9833,-0.01686,63.7
male,hispanic,nh_aian,hs_or_less,bachelors,1.3253,0.28165,26.3
male,hispanic,nh_aian,hs_or_less,graduate,1.2526,0.2252,12.9
male,hispanic,nh_aian,some_college,hs_or_less,0.8521,-0.16003,30.2
male,hispanic,nh_aian,some_college,some_college,1.1505,0.14021,87.5
male,hispanic,nh_aian,some_college,bachelors,1.016,0.0159,15.5
male,hispanic,nh_aian,some_college,graduate,1.1277,0.12018,9.3
male,hispanic,nh_aian,bachelors,hs_or_less,0.8385,-0.17611,4.3
male,hispanic,nh_aian,bachelors,some_college,0.8633,-0.147,14.0
male,hispanic,nh_aian,bachelors,bachelors,0.768,-0.26402,4.2
male,hispanic,nh_aian,bachelors,graduate,0.9891,-0.01093,5.8
male,hispanic,nh_aian,graduate,hs_or_less,1.0898,0.08601,6.6
male,hispanic,nh_aian,graduate,some_college,0.8764,-0.13188,1.5
male,hispanic,nh_aian,graduate,bachelors,0.9711,-0.02931,4.8
male,hispanic,nh_aian,graduate,graduate,0.8931,-0.11307,1.7
male,hispanic,nh_nhpi,hs_or_less,hs_or_less,1.0923,0.08826,41.8
male,hispanic,nh_nhpi,hs_or_less,some_college,0.9892,-0.01082,18.9
male,hispanic,nh_nhpi,hs_or_less,bachelors,0.9355,-0.06671,2.2
male,hispanic,nh_nhpi,hs_or_less,graduate,0.9755,-0.02481,0.8
male,hispanic,nh_nhpi,some_college,hs_or_less,1.0774,0.07452,18.3
male,hispanic,nh_nhpi,some_college,some_college,1.0235,0.02323,23.1
male,hispanic,nh_nhpi,some_college,bachelors,1.0668,0.06465,7.7
male,hispanic,nh_nhpi,some_college,graduate,1.0005,0.00054,1.8
male,hispanic,nh_nhpi,bachelors,hs_or_less,0.9333,-0.06901,1.7
male,hispanic,nh_nhpi,bachelors,some_college,1.0538,0.05244,8.6
male,hispanic,nh_nhpi,bachelors,bachelors,0.9037,-0.1013,2.2
male,hispanic,nh_nhpi,bachelors,graduate,0.9923,-0.00768,2.1
male,hispanic,nh_nhpi,graduate,hs_or_less,0.968,-0.03255,0.1
male,hispanic,nh_nhpi,graduate,some_college,0.9731,-0.02729,1.0
male,hispanic,nh_nhpi,graduate,bachelors,0.9722,-0.02821,1.1
male,hispanic,nh_nhpi,graduate,graduate,1.0669,0.06475,4.4
male,hispanic,nh_twoplus,hs_or_less,hs_or_less,0.9316,-0.07083,501.1
male,hispanic,nh_twoplus,hs_or_less,some_college,0.9584,-0.04253,482.0
male,hispanic,nh_twoplus,hs_or_less,bachelors,0.9,-0.10541,195.6
male,hispanic,nh_twoplus,hs_or_less,graduate,0.8453,-0.1681,72.0
male,hispanic,nh_twoplus,some_college,hs_or_less,0.8099,-0.21089,174.6
male,hispanic,nh_twoplus,some_college,some_college,1.0158,0.01563,577.4
male,hispanic,nh_twoplus,some_college,bachelors,1.0361,0.03547,272.1
male,hispanic,nh_twoplus,some_college,graduate,1.092,0.08799,116.9
male,hispanic,nh_twoplus,bachelors,hs_or_less,1.0554,0.05395,68.8
male,hispanic,nh_twoplus,bachelors,some_college,1.0927,0.08868,188.0
male,hispanic,nh_twoplus,bachelors,bachelors,1.1116,0.10582,330.9
male,hispanic,nh_twoplus,bachelors,graduate,1.2007,0.18286,171.5
male,hispanic,nh_twoplus,graduate,hs_or_less,0.9174,-0.0862,13.7
male,hispanic,nh_twoplus,graduate,some_college,1.0519,0.05064,54.1
male,hispanic,nh_twoplus,graduate,bachelors,1.0505,0.04931,106.1
male,hispanic,nh_twoplus,graduate,graduate,1.0137,0.01361,127.4
male,hispanic,nh_other,hs_or_less,hs_or_less,1.152,0.14148,85.1
male,hispanic,nh_other,hs_or_less,some_college,0.9935,-0.00651,51.6
male,hispanic,nh_other,hs_or_less,bachelors,1.0339,0.03329,27.2
male,hispanic,nh_other,hs_or_less,graduate,1.0266,0.02628,12.5
male,hispanic,nh_other,some_college,hs_or_less,0.8814,-0.12619,20.9
male,hispanic,nh_other,some_college,some_college,0.9966,-0.00339,57.4
male,hispanic,nh_other,some_college,bachelors,1.1043,0.09922,35.2
male,hispanic,nh_other,some_college,graduate,0.9931,-0.00696,12.4
male,hispanic,nh_other,bachelors,hs_or_less,1.1545,0.14366,14.0
male,hispanic,nh_other,bachelors,some_college,0.9137,-0.09031,12.8
male,hispanic,nh_other,bachelors,bachelors,0.8488,-0.16389,22.4
male,hispanic,nh_other,bachelors,graduate,0.9876,-0.01244,16.1
male,hispanic,nh_other,graduate,hs_or_less,1.094,0.08987,5.5
male,hispanic,nh_other,graduate,some_college,1.0431,0.04219,6.8
male,hispanic,nh_other,graduate,bachelors,0.8701,-0.1392,5.6
male,hispanic,nh_other,graduate,graduate,0.9733,-0.02711,14.1
male,nh_white,hispanic,hs_or_less,hs_or_less,0.506,-0.68121,3286.4
male,nh_white,hispanic,hs_or_less,some_college,0.9021,-0.10298,2657.5
male,nh_white,hispanic,hs_or_less,bachelors,1.2386,0.21395,1197.3
male,nh_white,hispanic,hs_or_less,graduate,1.327,0.28296,416.4
male,nh_white,hispanic,some_college,hs_or_less,0.562,-0.57617,2146.1
male,nh_white,hispanic,some_college,some_college,0.8819,-0.12565,4178.0
male,nh_white,hispanic,some_college,bachelors,1.4319,0.35903,2296.6
male,nh_white,hispanic,some_college,graduate,1.6363,0.49243,861.6
male,nh_white,hispanic,bachelors,hs_or_less,0.5626,-0.57511,960.6
male,nh_white,hispanic,bachelors,some_college,0.8964,-0.10934,2053.5
male,nh_white,hispanic,bachelors,bachelors,1.3578,0.30586,4032.0
male,nh_white,hispanic,bachelors,graduate,1.6198,0.4823,1770.0
male,nh_white,hispanic,graduate,hs_or_less,0.6432,-0.44125,360.0
male,nh_white,hispanic,graduate,some_college,0.9097,-0.09463,669.2
male,nh_white,hispanic,graduate,bachelors,1.2364,0.21222,1400.1
male,nh_white,hispanic,graduate,graduate,1.4299,0.35761,1618.5
male,nh_white,nh_white,hs_or_less,hs_or_less,1.3252,0.28155,43374.3
male,nh_white,nh_white,hs_or_less,some_college,1.2298,0.20687,33185.9
male,nh_white,nh_white,hs_or_less,bachelors,1.0363,0.03564,15273.0
male,nh_white,nh_white,hs_or_less,graduate,0.9586,-0.0423,5924.6
male,nh_white,nh_white,some_college,hs_or_less,0.9666,-0.03398,18253.6
male,nh_white,nh_white,some_college,some_college,0.9669,-0.03367,40944.1
male,nh_white,nh_white,some_college,bachelors,1.0864,0.08285,26183.6
male,nh_white,nh_white,some_college,graduate,1.0723,0.06983,11003.0
male,nh_white,nh_white,bachelors,hs_or_less,0.8665,-0.14326,7224.1
male,nh_white,nh_white,bachelors,some_college,0.8737,-0.13506,17136.4
male,nh_white,nh_white,bachelors,bachelors,1.1125,0.10659,48807.0
male,nh_white,nh_white,bachelors,graduate,1.1479,0.13791,24264.6
male,nh_white,nh_white,graduate,hs_or_less,0.7999,-0.22322,2246.0
male,nh_white,nh_white,graduate,some_college,0.7608,-0.27335,5131.9
male,nh_white,nh_white,graduate,bachelors,0.9917,-0.00837,16848.8
male,nh_white,nh_white,graduate,graduate,0.9724,-0.02802,21625.7
male,nh_white,nh_black,hs_or_less,hs_or_less,0.7786,-0.25023,465.5
male,nh_white,nh_black,hs_or_less,some_college,0.9986,-0.00144,425.8
male,nh_white,nh_black,hs_or_less,bachelors,1.3084,0.26884,169.7
male,nh_white,nh_black,hs_or_less,graduate,1.3735,0.31739,94.0
male,nh_white,nh_black,some_college,hs_or_less,0.6922,-0.36782,235.9
male,nh_white,nh_black,some_college,some_college,0.7482,-0.29004,503.8
male,nh_white,nh_black,some_college,bachelors,1.3404,0.29295,281.3
male,nh_white,nh_black,some_college,graduate,1.2393,0.21456,132.5
male,nh_white,nh_black,bachelors,hs_or_less,0.8462,-0.16705,131.6
male,nh_white,nh_black,bachelors,some_college,0.8701,-0.13912,279.8
male,nh_white,nh_black,bachelors,bachelors,1.1663,0.15383,432.7
male,nh_white,nh_black,bachelors,graduate,1.1086,0.10307,231.0
male,nh_white,nh_black,graduate,hs_or_less,0.9716,-0.02876,52.1
male,nh_white,nh_black,graduate,some_college,0.8647,-0.14542,93.9
male,nh_white,nh_black,graduate,bachelors,1.0696,0.06729,161.8
male,nh_white,nh_black,graduate,graduate,0.9724,-0.02803,217.2
male,nh_white,nh_asian,hs_or_less,hs_or_less,0.5903,-0.52708,484.2
male,nh_white,nh_asian,hs_or_less,some_college,0.6921,-0.36805,420.1
male,nh_white,nh_asian,hs_or_less,bachelors,0.7251,-0.32149,491.1
male,nh_white,nh_asian,hs_or_less,graduate,0.4921,-0.709,154.3
male,nh_white,nh_asian,some_college,hs_or_less,0.9191,-0.08434,441.0
male,nh_white,nh_asian,some_college,some_college,0.9067,-0.09799,885.4
male,nh_white,nh_asian,some_college,bachelors,0.9698,-0.03067,1102.9
male,nh_white,nh_asian,some_college,graduate,0.6969,-0.36117,415.5
male,nh_white,nh_asian,bachelors,hs_or_less,1.4827,0.39386,320.0
male,nh_white,nh_asian,bachelors,some_college,1.3065,0.26739,606.3
male,nh_white,nh_asian,bachelors,bachelors,1.0799,0.07689,2278.7
male,nh_white,nh_asian,bachelors,graduate,1.0434,0.04248,1382.5
male,nh_white,nh_asian,graduate,hs_or_less,1.8782,0.63032,155.3
male,nh_white,nh_asian,graduate,some_college,1.6838,0.52106,265.3
male,nh_white,nh_asian,graduate,bachelors,1.3414,0.29371,1059.2
male,nh_white,nh_asian,graduate,graduate,1.3153,0.27407,1723.5
male,nh_white,nh_aian,hs_or_less,hs_or_less,1.2184,0.19755,337.1
male,nh_white,nh_aian,hs_or_less,some_college,1.2852,0.25092,231.3
male,nh_white,nh_aian,hs_or_less,bachelors,1.4934,0.40103,64.3
male,nh_white,nh_aian,hs_or_less,graduate,1.2357,0.21166,21.3
male,nh_white,nh_aian,some_college,hs_or_less,0.9727,-0.02766,154.8
male,nh_white,nh_aian,some_college,some_college,0.8623,-0.1482,235.1
male,nh_white,nh_aian,some_college,bachelors,1.4305,0.35806,92.1
male,nh_white,nh_aian,some_college,graduate,1.3186,0.27661,34.0
male,nh_white,nh_aian,bachelors,hs_or_less,0.6612,-0.4137,34.8
male,nh_white,nh_aian,bachelors,some_college,0.735,-0.30786,87.4
male,nh_white,nh_aian,bachelors,bachelors,0.9576,-0.0433,95.6
male,nh_white,nh_aian,bachelors,graduate,1.0933,0.08917,43.9
male,nh_white,nh_aian,graduate,hs_or_less,0.962,-0.03876,22.0
male,nh_white,nh_aian,graduate,some_college,0.6725,-0.39674,18.0
male,nh_white,nh_aian,graduate,bachelors,0.7989,-0.22457,25.7
male,nh_white,nh_aian,graduate,graduate,0.8318,-0.18422,28.7
male,nh_white,nh_nhpi,hs_or_less,hs_or_less,0.8139,-0.20593,33.4
male,nh_white,nh_nhpi,hs_or_less,some_college,1.1263,0.11897,34.3
male,nh_white,nh_nhpi,hs_or_less,bachelors,1.2593,0.23056,15.4
male,nh_white,nh_nhpi,hs_or_less,graduate,1.0906,0.08669,5.1
male,nh_white,nh_nhpi,some_college,hs_or_less,0.8728,-0.13604,21.2
male,nh_white,nh_nhpi,some_college,some_college,0.9294,-0.07323,38.1
male,nh_white,nh_nhpi,some_college,bachelors,1.2921,0.25623,21.8
male,nh_white,nh_nhpi,some_college,graduate,1.1635,0.15141,9.1
male,nh_white,nh_nhpi,bachelors,hs_or_less,0.8797,-0.12815,7.8
male,nh_white,nh_nhpi,bachelors,some_college,0.8431,-0.17062,12.2
male,nh_white,nh_nhpi,bachelors,bachelors,0.9884,-0.01164,18.5
male,nh_white,nh_nhpi,bachelors,graduate,1.0076,0.00761,7.8
male,nh_white,nh_nhpi,graduate,hs_or_less,0.9504,-0.05088,2.6
male,nh_white,nh_nhpi,graduate,some_college,1.0617,0.05984,9.4
male,nh_white,nh_nhpi,graduate,bachelors,0.9457,-0.05587,5.4
male,nh_white,nh_nhpi,graduate,graduate,0.9241,-0.07894,4.6
male,nh_white,nh_twoplus,hs_or_less,hs_or_less,1.2132,0.19325,1891.2
male,nh_white,nh_twoplus,hs_or_less,some_college,1.2285,0.20576,1762.6
male,nh_white,nh_twoplus,hs_or_less,bachelors,1.0514,0.0501,656.4
male,nh_white,nh_twoplus,hs_or_less,graduate,0.8835,-0.12388,216.6
male,nh_white,nh_twoplus,some_college,hs_or_less,0.9384,-0.06363,853.1
male,nh_white,nh_twoplus,some_college,some_college,0.8877,-0.11916,2032.8
male,nh_white,nh_twoplus,some_college,bachelors,1.1387,0.12988,1180.0
male,nh_white,nh_twoplus,some_college,graduate,1.1214,0.11457,475.5
male,nh_white,nh_twoplus,bachelors,hs_or_less,0.874,-0.13466,358.0
male,nh_white,nh_twoplus,bachelors,some_college,0.8878,-0.11898,972.9
male,nh_white,nh_twoplus,bachelors,bachelors,1.1747,0.16099,2255.9
male,nh_white,nh_twoplus,bachelors,graduate,1.2371,0.21273,1098.9
male,nh_white,nh_twoplus,graduate,hs_or_less,0.7453,-0.29398,89.1
male,nh_white,nh_twoplus,graduate,some_college,0.7909,-0.23454,282.0
male,nh_white,nh_twoplus,graduate,bachelors,1.0061,0.00611,730.5
male,nh_white,nh_twoplus,graduate,graduate,1.0155,0.01543,930.4
male,nh_white,nh_other,hs_or_less,hs_or_less,0.8361,-0.17903,50.2
male,nh_white,nh_other,hs_or_less,some_college,0.7025,-0.35318,23.5
male,nh_white,nh_other,hs_or_less,bachelors,1.2716,0.24027,37.9
male,nh_white,nh_other,hs_or_less,graduate,1.0745,0.07187,13.7
male,nh_white,nh_other,some_college,hs_or_less,0.8406,-0.17361,27.4
male,nh_white,nh_other,some_college,some_college,0.921,-0.08232,70.5
male,nh_white,nh_other,some_college,bachelors,1.0158,0.01567,40.3
male,nh_white,nh_other,some_college,graduate,1.0113,0.01127,18.1
male,nh_white,nh_other,bachelors,hs_or_less,1.0471,0.04602,20.0
male,nh_white,nh_other,bachelors,some_college,0.9326,-0.0698,32.8
male,nh_white,nh_other,bachelors,bachelors,1.1358,0.12738,85.0
male,nh_white,nh_other,bachelors,graduate,0.9546,-0.04645,33.0
male,nh_white,nh_other,graduate,hs_or_less,1.1856,0.17028,12.5
male,nh_white,nh_other,graduate,some_college,1.0205,0.02034,13.8
male,nh_white,nh_other,graduate,bachelors,1.1629,0.15092,38.0
male,nh_white,nh_other,graduate,graduate,1.0517,0.05037,41.9
male,nh_black,hispanic,hs_or_less,hs_or_less,0.6243,-0.47118,1146.2
male,nh_black,hispanic,hs_or_less,some_college,1.0116,0.01152,826.7
male,nh_black,hispanic,hs_or_less,bachelors,0.889,-0.11771,229.8
male,nh_black,hispanic,hs_or_less,graduate,1.2251,0.20303,112.9
male,nh_black,hispanic,some_college,hs_or_less,0.7494,-0.28854,641.7
male,nh_black,hispanic,some_college,some_college,1.0592,0.05756,1121.7
male,nh_black,hispanic,some_college,bachelors,1.1333,0.12516,407.4
male,nh_black,hispanic,some_college,graduate,1.2013,0.18344,146.1
male,nh_black,hispanic,bachelors,hs_or_less,0.8097,-0.21105,193.6
male,nh_black,hispanic,bachelors,some_college,0.973,-0.02736,306.9
male,nh_black,hispanic,bachelors,bachelors,1.0244,0.02412,414.8
male,nh_black,hispanic,bachelors,graduate,1.4283,0.35645,231.1
male,nh_black,hispanic,graduate,hs_or_less,1.0416,0.04077,81.5
male,nh_black,hispanic,graduate,some_college,1.0626,0.06076,104.6
male,nh_black,hispanic,graduate,bachelors,0.8851,-0.12206,125.6
male,nh_black,hispanic,graduate,graduate,1.1914,0.17509,181.7
male,nh_black,nh_white,hs_or_less,hs_or_less,1.2521,0.2248,2293.8
male,nh_black,nh_white,hs_or_less,some_college,1.0992,0.09457,1648.6
male,nh_black,nh_white,hs_or_less,bachelors,0.7888,-0.23728,618.6
male,nh_black,nh_white,hs_or_less,graduate,0.9729,-0.0275,333.3
male,nh_black,nh_white,some_college,hs_or_less,1.2543,0.22658,1051.1
male,nh_black,nh_white,some_college,some_college,0.9603,-0.04056,1783.3
male,nh_black,nh_white,some_college,bachelors,0.8928,-0.11344,934.9
male,nh_black,nh_white,some_college,graduate,1.0677,0.06547,485.4
male,nh_black,nh_white,bachelors,hs_or_less,1.1291,0.1214,264.5
male,nh_black,nh_white,bachelors,some_college,1.0568,0.05523,572.6
male,nh_black,nh_white,bachelors,bachelors,0.9072,-0.0974,1061.3
male,nh_black,nh_white,bachelors,graduate,1.018,0.01783,597.9
male,nh_black,nh_white,graduate,hs_or_less,1.1217,0.11482,84.7
male,nh_black,nh_white,graduate,some_college,1.0263,0.02591,178.6
male,nh_black,nh_white,graduate,bachelors,0.7335,-0.30988,305.9
male,nh_black,nh_white,graduate,graduate,0.8864,-0.12056,500.7
male,nh_black,nh_black,hs_or_less,hs_or_less,1.1107,0.10501,11792.5
male,nh_black,nh_black,hs_or_less,some_college,1.088,0.08437,8069.3
male,nh_black,nh_black,hs_or_less,bachelors,1.2922,0.25638,2737.7
male,nh_black,nh_black,hs_or_less,graduate,1.3346,0.28862,1451.7
male,nh_black,nh_black,some_college,hs_or_less,0.7645,-0.26851,3775.8
male,nh_black,nh_black,some_college,some_college,0.8367,-0.17828,7906.5
male,nh_black,nh_black,some_college,bachelors,1.1152,0.10905,3117.0
male,nh_black,nh_black,some_college,graduate,1.2721,0.24064,1801.3
male,nh_black,nh_black,bachelors,hs_or_less,0.8458,-0.16746,1185.4
male,nh_black,nh_black,bachelors,some_college,0.7125,-0.33894,2010.0
male,nh_black,nh_black,bachelors,bachelors,0.9435,-0.05817,2964.1
male,nh_black,nh_black,bachelors,graduate,0.9809,-0.01928,1796.0
male,nh_black,nh_black,graduate,hs_or_less,1.1681,0.15539,519.6
male,nh_black,nh_black,graduate,some_college,0.8408,-0.17339,767.4
male,nh_black,nh_black,graduate,bachelors,0.9295,-0.07315,1110.8
male,nh_black,nh_black,graduate,graduate,1.0384,0.03772,1899.9
male,nh_black,nh_asian,hs_or_less,hs_or_less,0.8753,-0.13319,113.0
male,nh_black,nh_asian,hs_or_less,some_college,0.7916,-0.23375,67.5
male,nh_black,nh_asian,hs_or_less,bachelors,0.7816,-0.24645,72.1
male,nh_black,nh_asian,hs_or_less,graduate,0.6934,-0.36619,25.7
male,nh_black,nh_asian,some_college,hs_or_less,1.0655,0.06347,65.7
male,nh_black,nh_asian,some_college,some_college,1.2766,0.24418,159.5
male,nh_black,nh_asian,some_college,bachelors,0.9909,-0.00915,136.4
male,nh_black,nh_asian,some_college,graduate,0.6736,-0.39516,37.6
male,nh_black,nh_asian,bachelors,hs_or_less,1.6594,0.50646,43.3
male,nh_black,nh_asian,bachelors,some_college,1.3125,0.27196,53.9
male,nh_black,nh_asian,bachelors,bachelors,0.8621,-0.14835,129.0
male,nh_black,nh_asian,bachelors,graduate,0.8834,-0.12396,84.0
male,nh_black,nh_asian,graduate,hs_or_less,1.2447,0.21893,13.5
male,nh_black,nh_asian,graduate,some_college,1.3854,0.32601,25.1
male,nh_black,nh_asian,graduate,bachelors,0.9866,-0.01353,54.0
male,nh_black,nh_asian,graduate,graduate,1.0395,0.03873,96.8
male,nh_black,nh_aian,hs_or_less,hs_or_less,1.1458,0.13607,58.8
male,nh_black,nh_aian,hs_or_less,some_college,1.2298,0.20687,44.1
male,nh_black,nh_aian,hs_or_less,bachelors,1.1004,0.0957,9.7
male,nh_black,nh_aian,hs_or_less,graduate,0.9783,-0.02195,1.4
male,nh_black,nh_aian,some_college,hs_or_less,0.997,-0.00305,22.1
male,nh_black,nh_aian,some_college,some_college,0.8371,-0.17778,26.7
male,nh_black,nh_aian,some_college,bachelors,0.8617,-0.14884,2.0
male,nh_black,nh_aian,some_college,graduate,0.9559,-0.04507,1.1
male,nh_black,nh_aian,bachelors,hs_or_less,1.1048,0.09966,10.2
male,nh_black,nh_aian,bachelors,some_college,0.9531,-0.04808,9.5
male,nh_black,nh_aian,bachelors,bachelors,1.0283,0.02791,9.9
male,nh_black,nh_aian,bachelors,graduate,0.9434,-0.05824,1.3
male,nh_black,nh_aian,graduate,hs_or_less,0.9794,-0.02083,1.3
male,nh_black,nh_aian,graduate,some_college,1.0472,0.04613,5.4
male,nh_black,nh_aian,graduate,bachelors,0.9814,-0.01873,2.7
male,nh_black,nh_aian,graduate,graduate,0.9326,-0.06976,1.0
male,nh_black,nh_nhpi,hs_or_less,hs_or_less,0.9672,-0.03335,26.1
male,nh_black,nh_nhpi,hs_or_less,some_college,1.0237,0.02347,16.6
male,nh_black,nh_nhpi,hs_or_less,bachelors,1.0971,0.09265,6.9
male,nh_black,nh_nhpi,hs_or_less,graduate,1.0363,0.03561,2.4
male,nh_black,nh_nhpi,some_college,hs_or_less,1.3193,0.27712,26.6
male,nh_black,nh_nhpi,some_college,some_college,0.8597,-0.15123,12.2
male,nh_black,nh_nhpi,some_college,bachelors,1.0361,0.03549,6.1
male,nh_black,nh_nhpi,some_college,graduate,0.9798,-0.02042,1.0
male,nh_black,nh_nhpi,bachelors,hs_or_less,0.9007,-0.10458,0.1
male,nh_black,nh_nhpi,bachelors,some_college,0.9682,-0.0323,4.7
male,nh_black,nh_nhpi,bachelors,bachelors,0.9445,-0.05711,3.3
male,nh_black,nh_nhpi,bachelors,graduate,0.9543,-0.04681,0.6
male,nh_black,nh_nhpi,graduate,hs_or_less,1.0447,0.04375,2.6
male,nh_black,nh_nhpi,graduate,some_college,0.9499,-0.05144,0.1
male,nh_black,nh_nhpi,graduate,bachelors,1.0484,0.04726,3.7
male,nh_black,nh_nhpi,graduate,graduate,0.9435,-0.05813,0.1
male,nh_black,nh_twoplus,hs_or_less,hs_or_less,0.9972,-0.00276,463.2
male,nh_black,nh_twoplus,hs_or_less,some_college,1.2257,0.20354,529.9
male,nh_black,nh_twoplus,hs_or_less,bachelors,0.7293,-0.31569,122.3
male,nh_black,nh_twoplus,hs_or_less,graduate,1.19,0.17395,95.3
male,nh_black,nh_twoplus,some_college,hs_or_less,0.939,-0.06291,202.6
male,nh_black,nh_twoplus,some_college,some_college,0.9886,-0.01146,541.6
male,nh_black,nh_twoplus,some_college,bachelors,1.0418,0.04096,257.5
male,nh_black,nh_twoplus,some_college,graduate,1.2701,0.23906,136.4
male,nh_black,nh_twoplus,bachelors,hs_or_less,1.0413,0.0405,65.4
male,nh_black,nh_twoplus,bachelors,some_college,1.069,0.06674,177.1
male,nh_black,nh_twoplus,bachelors,bachelors,0.8737,-0.13501,239.2
male,nh_black,nh_twoplus,bachelors,graduate,1.081,0.07787,146.9
male,nh_black,nh_twoplus,graduate,hs_or_less,0.9484,-0.05303,15.8
male,nh_black,nh_twoplus,graduate,some_college,0.9733,-0.0271,49.0
male,nh_black,nh_twoplus,graduate,bachelors,0.8118,-0.20855,75.0
male,nh_black,nh_twoplus,graduate,graduate,0.9742,-0.02613,124.2
male,nh_black,nh_other,hs_or_less,hs_or_less,1.0211,0.02091,32.3
male,nh_black,nh_other,hs_or_less,some_college,0.8856,-0.12145,16.4
male,nh_black,nh_other,hs_or_less,bachelors,1.0903,0.08646,14.5
male,nh_black,nh_other,hs_or_less,graduate,0.985,-0.01508,4.4
male,nh_black,nh_other,some_college,hs_or_less,1.175,0.16129,22.1
male,nh_black,nh_other,some_college,some_college,1.0425,0.04166,31.6
male,nh_black,nh_other,some_college,bachelors,0.9092,-0.09522,9.9
male,nh_black,nh_other,some_college,graduate,0.9035,-0.10152,2.6
male,nh_black,nh_other,bachelors,hs_or_less,1.1002,0.09547,7.6
male,nh_black,nh_other,bachelors,some_college,0.9675,-0.03309,7.3
male,nh_black,nh_other,bachelors,bachelors,0.8811,-0.12658,10.1
male,nh_black,nh_other,bachelors,graduate,1.0748,0.07218,11.4
male,nh_black,nh_other,graduate,hs_or_less,1.0189,0.01873,1.9
male,nh_black,nh_other,graduate,some_college,1.0261,0.0258,3.7
male,nh_black,nh_other,graduate,bachelors,1.1348,0.12644,11.0
male,nh_black,nh_other,graduate,graduate,0.8556,-0.156,2.0
male,nh_asian,hispanic,hs_or_less,hs_or_less,0.575,-0.55343,116.6
male,nh_asian,hispanic,hs_or_less,some_college,1.0004,0.00037,99.6
male,nh_asian,hispanic,hs_or_less,bachelors,1.1927,0.17626,45.0
male,nh_asian,hispanic,hs_or_less,graduate,1.1161,0.1098,16.5
male,nh_asian,hispanic,some_college,hs_or_less,0.7433,-0.29669,107.5
male,nh_asian,hispanic,some_college,some_college,1.1976,0.18036,227.7
male,nh_asian,hispanic,some_college,bachelors,1.5633,0.44679,112.1
male,nh_asian,hispanic,some_college,graduate,1.4928,0.40067,45.5
male,nh_asian,hispanic,bachelors,hs_or_less,0.7095,-0.34318,73.6
male,nh_asian,hispanic,bachelors,some_college,0.8529,-0.15917,123.3
male,nh_asian,hispanic,bachelors,bachelors,1.2894,0.25416,256.4
male,nh_asian,hispanic,bachelors,graduate,1.1877,0.17204,96.3
male,nh_asian,hispanic,graduate,hs_or_less,0.7827,-0.24494,39.1
male,nh_asian,hispanic,graduate,some_college,0.7374,-0.30469,48.2
male,nh_asian,hispanic,graduate,bachelors,1.0061,0.00606,122.7
male,nh_asian,hispanic,graduate,graduate,1.1683,0.15559,146.1
male,nh_asian,nh_white,hs_or_less,hs_or_less,0.6413,-0.4443,155.1
male,nh_asian,nh_white,hs_or_less,some_college,0.7341,-0.30917,148.8
male,nh_asian,nh_white,hs_or_less,bachelors,0.9013,-0.10391,102.5
male,nh_asian,nh_white,hs_or_less,graduate,1.1603,0.14866,67.3
male,nh_asian,nh_white,some_college,hs_or_less,0.7811,-0.247,129.9
male,nh_asian,nh_white,some_college,some_college,0.8954,-0.11049,348.9
male,nh_asian,nh_white,some_college,bachelors,1.2393,0.21453,279.6
male,nh_asian,nh_white,some_college,graduate,1.1034,0.09835,114.0
male,nh_asian,nh_white,bachelors,hs_or_less,0.9586,-0.04232,122.5
male,nh_asian,nh_white,bachelors,some_college,0.9101,-0.09415,273.8
male,nh_asian,nh_white,bachelors,bachelors,1.3269,0.28286,884.6
male,nh_asian,nh_white,bachelors,graduate,1.2993,0.26181,455.2
male,nh_asian,nh_white,graduate,hs_or_less,0.8071,-0.21436,44.9
male,nh_asian,nh_white,graduate,some_college,0.9565,-0.0445,148.6
male,nh_asian,nh_white,graduate,bachelors,1.3075,0.26813,548.4
male,nh_asian,nh_white,graduate,graduate,1.3991,0.33586,763.6
male,nh_asian,nh_black,hs_or_less,hs_or_less,0.8429,-0.17087,13.5
male,nh_asian,nh_black,hs_or_less,some_college,1.1853,0.16997,24.4
male,nh_asian,nh_black,hs_or_less,bachelors,1.1478,0.13787,9.7
male,nh_asian,nh_black,hs_or_less,graduate,0.9756,-0.02469,1.6
male,nh_asian,nh_black,some_college,hs_or_less,0.9094,-0.09493,10.7
male,nh_asian,nh_black,some_college,some_college,1.0111,0.01104,29.9
male,nh_asian,nh_black,some_college,bachelors,1.0424,0.04149,10.3
male,nh_asian,nh_black,some_college,graduate,1.1022,0.09727,8.2
male,nh_asian,nh_black,bachelors,hs_or_less,0.9688,-0.03174,10.1
male,nh_asian,nh_black,bachelors,some_college,0.8654,-0.14453,15.6
male,nh_asian,nh_black,bachelors,bachelors,1.1318,0.12378,33.1
male,nh_asian,nh_black,bachelors,graduate,0.8336,-0.18206,7.1
male,nh_asian,nh_black,graduate,hs_or_less,0.9876,-0.01249,5.3
male,nh_asian,nh_black,graduate,some_college,1.1096,0.10396,17.0
male,nh_asian,nh_black,graduate,bachelors,1.08,0.07699,20.1
male,nh_asian,nh_black,graduate,graduate,0.9039,-0.10107,18.7
male,nh_asian,nh_asian,hs_or_less,hs_or_less,2.6752,0.98401,3293.1
male,nh_asian,nh_asian,hs_or_less,some_college,1.2534,0.22587,1070.1
male,nh_asian,nh_asian,hs_or_less,bachelors,0.8795,-0.12846,838.7
male,nh_asian,nh_asian,hs_or_less,graduate,0.6568,-0.4203,346.7
male,nh_asian,nh_asian,some_college,hs_or_less,1.1023,0.09736,891.8
male,nh_asian,nh_asian,some_college,some_college,1.0177,0.01755,1595.5
male,nh_asian,nh_asian,some_college,bachelors,0.7765,-0.2529,1400.8
male,nh_asian,nh_asian,some_college,graduate,0.5086,-0.67602,510.6
male,nh_asian,nh_asian,bachelors,hs_or_less,1.4915,0.39975,869.8
male,nh_asian,nh_asian,bachelors,some_college,0.8664,-0.14346,1063.8
male,nh_asian,nh_asian,bachelors,bachelors,0.9921,-0.00797,5494.6
male,nh_asian,nh_asian,bachelors,graduate,0.7454,-0.29382,2796.0
male,nh_asian,nh_asian,graduate,hs_or_less,1.2935,0.25737,374.2
male,nh_asian,nh_asian,graduate,some_college,0.786,-0.24086,490.6
male,nh_asian,nh_asian,graduate,bachelors,0.9841,-0.01605,3408.0
male,nh_asian,nh_asian,graduate,graduate,1.2189,0.19792,7299.3
male,nh_asian,nh_aian,hs_or_less,hs_or_less,1.095,0.09073,7.9
male,nh_asian,nh_aian,hs_or_less,some_college,1.0182,0.01799,3.6
male,nh_asian,nh_aian,hs_or_less,bachelors,0.9823,-0.01784,0.0
male,nh_asian,nh_aian,hs_or_less,graduate,1.0317,0.03118,1.2
male,nh_asian,nh_aian,some_college,hs_or_less,0.9921,-0.00797,2.8
male,nh_asian,nh_aian,some_college,some_college,0.9511,-0.05014,3.5
male,nh_asian,nh_aian,some_college,bachelors,0.9929,-0.00717,0.8
male,nh_asian,nh_aian,some_college,graduate,1.0211,0.02084,1.1
male,nh_asian,nh_aian,bachelors,hs_or_less,0.9889,-0.01113,2.0
male,nh_asian,nh_aian,bachelors,some_college,0.9787,-0.02154,3.5
male,nh_asian,nh_aian,bachelors,bachelors,1.0156,0.01545,3.8
male,nh_asian,nh_aian,bachelors,graduate,0.9866,-0.01351,0.8
male,nh_asian,nh_aian,graduate,hs_or_less,0.981,-0.01916,0.5
male,nh_asian,nh_aian,graduate,some_college,0.9577,-0.04327,0.8
male,nh_asian,nh_aian,graduate,bachelors,1.0283,0.0279,3.0
male,nh_asian,nh_aian,graduate,graduate,0.9877,-0.01236,1.5
male,nh_asian,nh_nhpi,hs_or_less,hs_or_less,0.9537,-0.04744,3.3
male,nh_asian,nh_nhpi,hs_or_less,some_college,1.0164,0.01625,3.3
male,nh_asian,nh_nhpi,hs_or_less,bachelors,1.0256,0.02529,1.5
male,nh_asian,nh_nhpi,hs_or_less,graduate,1.0147,0.01456,0.7
male,nh_asian,nh_nhpi,some_college,hs_or_less,0.9884,-0.01165,3.0
male,nh_asian,nh_nhpi,some_college,some_college,1.0588,0.05713,7.1
male,nh_asian,nh_nhpi,some_college,bachelors,1.0511,0.04987,2.9
male,nh_asian,nh_nhpi,some_college,graduate,0.9868,-0.01334,0.0
male,nh_asian,nh_nhpi,bachelors,hs_or_less,0.9479,-0.0535,0.8
male,nh_asian,nh_nhpi,bachelors,some_college,1.0664,0.06429,6.4
male,nh_asian,nh_nhpi,bachelors,bachelors,0.9697,-0.03081,2.6
male,nh_asian,nh_nhpi,bachelors,graduate,1.0121,0.01206,1.9
male,nh_asian,nh_nhpi,graduate,hs_or_less,1.0265,0.02613,2.2
male,nh_asian,nh_nhpi,graduate,some_college,0.9416,-0.06016,0.0
male,nh_asian,nh_nhpi,graduate,bachelors,0.9524,-0.04874,0.6
male,nh_asian,nh_nhpi,graduate,graduate,1.0001,6e-05,2.4
male,nh_asian,nh_twoplus,hs_or_less,hs_or_less,0.9866,-0.01347,47.4
male,nh_asian,nh_twoplus,hs_or_less,some_college,0.896,-0.10986,37.2
male,nh_asian,nh_twoplus,hs_or_less,bachelors,1.0845,0.0811,23.8
male,nh_asian,nh_twoplus,hs_or_less,graduate,1.1747,0.16099,15.4
male,nh_asian,nh_twoplus,some_college,hs_or_less,0.9624,-0.03832,30.5
male,nh_asian,nh_twoplus,some_college,some_college,1.0899,0.08605,94.4
male,nh_asian,nh_twoplus,some_college,bachelors,0.9806,-0.01957,35.7
male,nh_asian,nh_twoplus,some_college,graduate,0.9415,-0.0603,13.4
male,nh_asian,nh_twoplus,bachelors,hs_or_less,0.7968,-0.22709,12.7
male,nh_asian,nh_twoplus,bachelors,some_college,0.9386,-0.06331,61.6
male,nh_asian,nh_twoplus,bachelors,bachelors,1.4392,0.3641,176.0
male,nh_asian,nh_twoplus,bachelors,graduate,1.0007,0.00067,57.4
male,nh_asian,nh_twoplus,graduate,hs_or_less,0.9263,-0.07651,9.2
male,nh_asian,nh_twoplus,graduate,some_college,0.8958,-0.11005,28.3
male,nh_asian,nh_twoplus,graduate,bachelors,1.0962,0.09184,81.9
male,nh_asian,nh_twoplus,graduate,graduate,0.9359,-0.06627,82.7
male,nh_asian,nh_other,hs_or_less,hs_or_less,1.0095,0.00942,3.3
male,nh_asian,nh_other,hs_or_less,some_college,0.955,-0.046,0.6
male,nh_asian,nh_other,hs_or_less,bachelors,1.0001,8e-05,1.1
male,nh_asian,nh_other,hs_or_less,graduate,0.9894,-0.0107,0.2
male,nh_asian,nh_other,some_college,hs_or_less,0.9641,-0.03653,0.8
male,nh_asian,nh_other,some_college,some_college,1.0353,0.03464,5.3
male,nh_asian,nh_other,some_college,bachelors,1.0602,0.05847,4.0
male,nh_asian,nh_other,some_college,graduate,1.0107,0.01063,1.3
male,nh_asian,nh_other,bachelors,hs_or_less,0.9794,-0.02081,0.8
male,nh_asian,nh_other,bachelors,some_college,0.9635,-0.03723,1.9
male,nh_asian,nh_other,bachelors,bachelors,0.96,-0.04086,4.5
male,nh_asian,nh_other,bachelors,graduate,1.0113,0.0112,3.6
male,nh_asian,nh_other,graduate,hs_or_less,1.0017,0.00171,0.8
male,nh_asian,nh_other,graduate,some_college,0.9742,-0.02613,0.8
male,nh_asian,nh_other,graduate,bachelors,0.9417,-0.06011,1.7
male,nh_asian,nh_other,graduate,graduate,1.1644,0.15221,10.8
male,nh_aian,hispanic,hs_or_less,hs_or_less,1.0515,0.05024,79.9
male,nh_aian,hispanic,hs_or_less,some_college,1.0764,0.07359,39.6
male,nh_aian,hispanic,hs_or_less,bachelors,0.9318,-0.07062,8.0
male,nh_aian,hispanic,hs_or_less,graduate,1.0443,0.04332,4.9
male,nh_aian,hispanic,some_college,hs_or_less,1.0015,0.0015,27.3
male,nh_aian,hispanic,some_college,some_college,0.9208,-0.0825,28.1
male,nh_aian,hispanic,some_college,bachelors,1.0925,0.08851,15.1
male,nh_aian,hispanic,some_college,graduate,1.0165,0.01639,4.2
male,nh_aian,hispanic,bachelors,hs_or_less,0.943,-0.05868,2.7
male,nh_aian,hispanic,bachelors,some_college,0.9534,-0.04772,4.3
male,nh_aian,hispanic,bachelors,bachelors,0.9811,-0.01912,7.1
male,nh_aian,hispanic,bachelors,graduate,1.0559,0.0544,4.9
male,nh_aian,hispanic,graduate,hs_or_less,1.0006,0.00062,1.4
male,nh_aian,hispanic,graduate,some_college,0.9655,-0.03506,0.5
male,nh_aian,hispanic,graduate,bachelors,0.9641,-0.03654,1.3
male,nh_aian,hispanic,graduate,graduate,1.0219,0.02165,3.3
male,nh_aian,nh_white,hs_or_less,hs_or_less,1.1888,0.17293,205.9
male,nh_aian,nh_white,hs_or_less,some_college,1.1317,0.12372,163.0
male,nh_aian,nh_white,hs_or_less,bachelors,0.7646,-0.26837,49.5
male,nh_aian,nh_white,hs_or_less,graduate,0.8318,-0.18413,19.6
male,nh_aian,nh_white,some_college,hs_or_less,1.1982,0.18085,78.0
male,nh_aian,nh_white,some_college,some_college,1.111,0.10529,153.9
male,nh_aian,nh_white,some_college,bachelors,0.9634,-0.0373,72.5
male,nh_aian,nh_white,some_college,graduate,0.9152,-0.08865,27.0
male,nh_aian,nh_white,bachelors,hs_or_less,1.3059,0.26691,22.5
male,nh_aian,nh_white,bachelors,some_college,1.0911,0.0872,29.8
male,nh_aian,nh_white,bachelors,bachelors,0.8905,-0.11596,43.8
male,nh_aian,nh_white,bachelors,graduate,0.9265,-0.07629,22.1
male,nh_aian,nh_white,graduate,hs_or_less,0.9968,-0.00323,2.9
male,nh_aian,nh_white,graduate,some_college,1.0058,0.00581,7.5
male,nh_aian,nh_white,graduate,bachelors,0.9312,-0.07126,14.5
male,nh_aian,nh_white,graduate,graduate,0.9071,-0.0975,18.1
male,nh_aian,nh_black,hs_or_less,hs_or_less,0.933,-0.06937,7.9
male,nh_aian,nh_black,hs_or_less,some_college,1.0162,0.01606,8.3
male,nh_aian,nh_black,hs_or_less,bachelors,1.0813,0.07819,4.9
male,nh_aian,nh_black,hs_or_less,graduate,1.0692,0.06687,3.3
male,nh_aian,nh_black,some_college,hs_or_less,0.9888,-0.01123,3.6
male,nh_aian,nh_black,some_college,some_college,1.0133,0.01318,8.2
male,nh_aian,nh_black,some_college,bachelors,0.9623,-0.03838,0.9
male,nh_aian,nh_black,some_college,graduate,0.9751,-0.02518,0.3
male,nh_aian,nh_black,bachelors,hs_or_less,0.9943,-0.00568,0.5
male,nh_aian,nh_black,bachelors,some_college,0.9987,-0.0013,1.4
male,nh_aian,nh_black,bachelors,bachelors,1.0182,0.018,2.2
male,nh_aian,nh_black,bachelors,graduate,0.9751,-0.02526,0.1
male,nh_aian,nh_black,graduate,hs_or_less,0.9956,-0.00444,0.1
male,nh_aian,nh_black,graduate,some_college,0.9872,-0.0129,0.0
male,nh_aian,nh_black,graduate,bachelors,1.0076,0.00757,0.8
male,nh_aian,nh_black,graduate,graduate,0.9939,-0.00614,0.6
male,nh_aian,nh_asian,hs_or_less,hs_or_less,1.0278,0.02738,7.5
male,nh_aian,nh_asian,hs_or_less,some_college,0.9892,-0.01085,4.5
male,nh_aian,nh_asian,hs_or_less,bachelors,0.9228,-0.0803,2.3
male,nh_aian,nh_asian,hs_or_less,graduate,0.9524,-0.04878,0.9
male,nh_aian,nh_asian,some_college,hs_or_less,1.0914,0.08745,5.3
male,nh_aian,nh_asian,some_college,some_college,1.1491,0.139,9.7
male,nh_aian,nh_asian,some_college,bachelors,0.905,-0.09977,1.6
male,nh_aian,nh_asian,some_college,graduate,0.9418,-0.05998,0.7
male,nh_aian,nh_asian,bachelors,hs_or_less,0.9882,-0.01185,0.0
male,nh_aian,nh_asian,bachelors,some_college,1.0628,0.06087,2.8
male,nh_aian,nh_asian,bachelors,bachelors,0.9909,-0.00913,3.4
male,nh_aian,nh_asian,bachelors,graduate,0.9979,-0.0021,2.2
male,nh_aian,nh_asian,graduate,hs_or_less,1.0103,0.01029,0.4
male,nh_aian,nh_asian,graduate,some_college,1.0065,0.00644,0.4
male,nh_aian,nh_asian,graduate,bachelors,0.9876,-0.01251,0.8
male,nh_aian,nh_asian,graduate,graduate,1.0038,0.00382,2.1
male,nh_aian,nh_aian,hs_or_less,hs_or_less,1.0653,0.06326,272.6
male,nh_aian,nh_aian,hs_or_less,some_college,0.9356,-0.06662,149.5
male,nh_aian,nh_aian,hs_or_less,bachelors,1.0043,0.00431,32.1
male,nh_aian,nh_aian,hs_or_less,graduate,1.122,0.11514,15.5
male,nh_aian,nh_aian,some_college,hs_or_less,0.8185,-0.2003,69.5
male,nh_aian,nh_aian,some_college,some_college,0.917,-0.0867,145.6
male,nh_aian,nh_aian,some_college,bachelors,1.0246,0.0243,34.2
male,nh_aian,nh_aian,some_college,graduate,1.0146,0.01445,11.7
male,nh_aian,nh_aian,bachelors,hs_or_less,0.9201,-0.08322,12.5
male,nh_aian,nh_aian,bachelors,some_college,0.9539,-0.04725,27.1
male,nh_aian,nh_aian,bachelors,bachelors,1.0027,0.00268,22.9
male,nh_aian,nh_aian,bachelors,graduate,1.1109,0.10516,13.4
male,nh_aian,nh_aian,graduate,hs_or_less,1.0095,0.00942,5.0
male,nh_aian,nh_aian,graduate,some_college,1.1016,0.09673,12.8
male,nh_aian,nh_aian,graduate,bachelors,1.0394,0.03866,9.5
male,nh_aian,nh_aian,graduate,graduate,1.01,0.00997,8.5
male,nh_aian,nh_nhpi,hs_or_less,hs_or_less,0.9694,-0.03113,0.0
male,nh_aian,nh_nhpi,hs_or_less,some_college,0.9825,-0.01767,0.0
male,nh_aian,nh_nhpi,hs_or_less,bachelors,1.0169,0.01678,0.7
male,nh_aian,nh_nhpi,hs_or_less,graduate,0.9986,-0.00141,0.0
male,nh_aian,nh_nhpi,some_college,hs_or_less,0.9888,-0.01127,0.0
male,nh_aian,nh_nhpi,some_college,some_college,0.9912,-0.00883,0.3
male,nh_aian,nh_nhpi,some_college,bachelors,0.9957,-0.00431,0.0
male,nh_aian,nh_nhpi,some_college,graduate,1.0512,0.04994,1.7
male,nh_aian,nh_nhpi,bachelors,hs_or_less,0.9979,-0.00215,0.0
male,nh_aian,nh_nhpi,bachelors,some_college,0.9967,-0.00334,0.0
male,nh_aian,nh_nhpi,bachelors,bachelors,1.0049,0.00491,0.3
male,nh_aian,nh_nhpi,bachelors,graduate,1.0115,0.01148,0.4
male,nh_aian,nh_nhpi,graduate,hs_or_less,0.9994,-0.00061,0.0
male,nh_aian,nh_nhpi,graduate,some_college,0.999,-0.00096,0.0
male,nh_aian,nh_nhpi,graduate,bachelors,0.999,-0.00103,0.0
male,nh_aian,nh_nhpi,graduate,graduate,0.9996,-0.0004,0.0
male,nh_aian,nh_twoplus,hs_or_less,hs_or_less,1.1035,0.09853,20.3
male,nh_aian,nh_twoplus,hs_or_less,some_college,1.1138,0.10774,19.2
male,nh_aian,nh_twoplus,hs_or_less,bachelors,0.8767,-0.13164,1.1
male,nh_aian,nh_twoplus,hs_or_less,graduate,0.9441,-0.05752,0.4
male,nh_aian,nh_twoplus,some_college,hs_or_less,1.037,0.03632,6.9
male,nh_aian,nh_twoplus,some_college,some_college,0.9637,-0.03694,12.1
male,nh_aian,nh_twoplus,some_college,bachelors,1.0197,0.01952,6.9
male,nh_aian,nh_twoplus,some_college,graduate,1.0111,0.01102,2.9
male,nh_aian,nh_twoplus,bachelors,hs_or_less,0.9984,-0.00164,0.9
male,nh_aian,nh_twoplus,bachelors,some_college,1.0357,0.03509,3.8
male,nh_aian,nh_twoplus,bachelors,bachelors,0.9188,-0.0847,1.2
male,nh_aian,nh_twoplus,bachelors,graduate,0.9457,-0.05583,0.1
male,nh_aian,nh_twoplus,graduate,hs_or_less,0.9979,-0.00214,0.2
male,nh_aian,nh_twoplus,graduate,some_college,0.9991,-0.0009,0.7
male,nh_aian,nh_twoplus,graduate,bachelors,1.0528,0.05142,3.2
male,nh_aian,nh_twoplus,graduate,graduate,1.0117,0.01168,2.2
male,nh_aian,nh_other,hs_or_less,hs_or_less,0.9786,-0.02158,0.2
male,nh_aian,nh_other,hs_or_less,some_college,1.0148,0.0147,1.1
male,nh_aian,nh_other,hs_or_less,bachelors,0.9914,-0.00865,0.0
male,nh_aian,nh_other,hs_or_less,graduate,0.9959,-0.00414,0.0
male,nh_aian,nh_other,some_college,hs_or_less,0.9953,-0.00473,0.2
male,nh_aian,nh_other,some_college,some_college,0.9811,-0.01913,0.0
male,nh_aian,nh_other,some_college,bachelors,1.0319,0.03144,1.3
male,nh_aian,nh_other,some_college,graduate,0.996,-0.00398,0.0
male,nh_aian,nh_other,bachelors,hs_or_less,0.9983,-0.00171,0.0
male,nh_aian,nh_other,bachelors,some_college,1.0133,0.01321,0.5
male,nh_aian,nh_other,bachelors,bachelors,0.9932,-0.0068,0.0
male,nh_aian,nh_other,bachelors,graduate,0.9998,-0.00019,0.1
male,nh_aian,nh_other,graduate,hs_or_less,1.0034,0.0034,0.1
male,nh_aian,nh_other,graduate,some_college,1.0019,0.00186,0.1
male,nh_aian,nh_other,graduate,bachelors,1.0095,0.00944,0.4
male,nh_aian,nh_other,graduate,graduate,0.9969,-0.00315,0.0
male,nh_nhpi,hispanic,hs_or_less,hs_or_less,0.9219,-0.08127,41.8
male,nh_nhpi,hispanic,hs_or_less,some_college,1.1449,0.13535,30.4
male,nh_nhpi,hispanic,hs_or_less,bachelors,0.9245,-0.07852,4.4
male,nh_nhpi,hispanic,hs_or_less,graduate,0.9554,-0.04568,0.7
male,nh_nhpi,hispanic,some_college,hs_or_less,0.9753,-0.02499,12.9
male,nh_nhpi,hispanic,some_college,some_college,0.9235,-0.07961,13.6
male,nh_nhpi,hispanic,some_college,bachelors,0.9639,-0.03672,4.7
male,nh_nhpi,hispanic,some_college,graduate,1.081,0.07785,4.7
male,nh_nhpi,hispanic,bachelors,hs_or_less,0.9532,-0.04794,1.5
male,nh_nhpi,hispanic,bachelors,some_college,1.3089,0.2692,14.2
male,nh_nhpi,hispanic,bachelors,bachelors,1.0254,0.02507,6.3
male,nh_nhpi,hispanic,bachelors,graduate,0.9532,-0.04796,0.3
male,nh_nhpi,hispanic,graduate,hs_or_less,0.9975,-0.00252,0.8
male,nh_nhpi,hispanic,graduate,some_college,0.9802,-0.01995,0.4
male,nh_nhpi,hispanic,graduate,bachelors,0.982,-0.01813,1.0
male,nh_nhpi,hispanic,graduate,graduate,0.9761,-0.02418,0.7
male,nh_nhpi,nh_white,hs_or_less,hs_or_less,0.8152,-0.20437,40.2
male,nh_nhpi,nh_white,hs_or_less,some_college,0.9095,-0.09481,40.8
male,nh_nhpi,nh_white,hs_or_less,bachelors,0.9032,-0.10177,21.4
male,nh_nhpi,nh_white,hs_or_less,graduate,0.8342,-0.18133,3.3
male,nh_nhpi,nh_white,some_college,hs_or_less,1.1961,0.17907,25.3
male,nh_nhpi,nh_white,some_college,some_college,1.2578,0.22937,53.5
male,nh_nhpi,nh_white,some_college,bachelors,1.0066,0.00656,22.5
male,nh_nhpi,nh_white,some_college,graduate,0.9384,-0.06359,6.8
male,nh_nhpi,nh_white,bachelors,hs_or_less,1.1183,0.11179,7.7
male,nh_nhpi,nh_white,bachelors,some_college,1.1741,0.16052,15.5
male,nh_nhpi,nh_white,bachelors,bachelors,0.8504,-0.16206,11.2
male,nh_nhpi,nh_white,bachelors,graduate,1.108,0.10259,13.7
male,nh_nhpi,nh_white,graduate,hs_or_less,1.0215,0.02126,1.7
male,nh_nhpi,nh_white,graduate,some_college,1.007,0.00694,2.6
male,nh_nhpi,nh_white,graduate,bachelors,0.9646,-0.036,4.4
male,nh_nhpi,nh_white,graduate,graduate,1.0262,0.02583,8.5
male,nh_nhpi,nh_black,hs_or_less,hs_or_less,0.8783,-0.12981,2.3
male,nh_nhpi,nh_black,hs_or_less,some_college,1.1456,0.13597,10.4
male,nh_nhpi,nh_black,hs_or_less,bachelors,1.0108,0.01072,1.9
male,nh_nhpi,nh_black,hs_or_less,graduate,0.9781,-0.02211,0.0
male,nh_nhpi,nh_black,some_college,hs_or_less,1.0525,0.05115,3.9
male,nh_nhpi,nh_black,some_college,some_college,1.0376,0.03694,5.6
male,nh_nhpi,nh_black,some_college,bachelors,0.9856,-0.01448,0.8
male,nh_nhpi,nh_black,some_college,graduate,1.0016,0.00158,0.7
male,nh_nhpi,nh_black,bachelors,hs_or_less,0.985,-0.01507,0.0
male,nh_nhpi,nh_black,bachelors,some_college,1.0158,0.01572,1.5
male,nh_nhpi,nh_black,bachelors,bachelors,0.9693,-0.03116,0.1
male,nh_nhpi,nh_black,bachelors,graduate,0.9809,-0.01932,0.0
male,nh_nhpi,nh_black,graduate,hs_or_less,0.9998,-0.00015,0.1
male,nh_nhpi,nh_black,graduate,some_college,0.9931,-0.00689,0.0
male,nh_nhpi,nh_black,graduate,bachelors,0.9894,-0.01069,0.0
male,nh_nhpi,nh_black,graduate,graduate,0.9976,-0.00241,0.5
male,nh_nhpi,nh_asian,hs_or_less,hs_or_less,1.0221,0.02186,15.6
male,nh_nhpi,nh_asian,hs_or_less,some_college,1.1087,0.10321,16.3
male,nh_nhpi,nh_asian,hs_or_less,bachelors,0.9342,-0.06803,10.1
male,nh_nhpi,nh_asian,hs_or_less,graduate,1.0672,0.06507,9.3
male,nh_nhpi,nh_asian,some_college,hs_or_less,0.9574,-0.04348,2.5
male,nh_nhpi,nh_asian,some_college,some_college,0.9871,-0.01301,8.0
male,nh_nhpi,nh_asian,some_college,bachelors,0.8553,-0.15631,4.0
male,nh_nhpi,nh_asian,some_college,graduate,0.9564,-0.0446,4.2
male,nh_nhpi,nh_asian,bachelors,hs_or_less,0.982,-0.01813,0.3
male,nh_nhpi,nh_asian,bachelors,some_college,0.985,-0.01507,1.6
male,nh_nhpi,nh_asian,bachelors,bachelors,0.965,-0.03563,7.8
male,nh_nhpi,nh_asian,bachelors,graduate,1.0474,0.04635,7.6
male,nh_nhpi,nh_asian,graduate,hs_or_less,1.0376,0.03688,1.4
male,nh_nhpi,nh_asian,graduate,some_college,1.0861,0.08258,3.2
male,nh_nhpi,nh_asian,graduate,bachelors,1.104,0.09891,6.2
male,nh_nhpi,nh_asian,graduate,graduate,0.9412,-0.06059,2.1
male,nh_nhpi,nh_aian,hs_or_less,hs_or_less,1.0389,0.03812,4.3
male,nh_nhpi,nh_aian,hs_or_less,some_college,0.9986,-0.00141,1.9
male,nh_nhpi,nh_aian,hs_or_less,bachelors,1.0005,0.00049,0.4
male,nh_nhpi,nh_aian,hs_or_less,graduate,0.9996,-0.00044,0.1
male,nh_nhpi,nh_aian,some_college,hs_or_less,0.9886,-0.01142,0.5
male,nh_nhpi,nh_aian,some_college,some_college,0.9972,-0.0028,1.4
male,nh_nhpi,nh_aian,some_college,bachelors,0.9903,-0.0097,0.0
male,nh_nhpi,nh_aian,some_college,graduate,0.9968,-0.00318,0.0
male,nh_nhpi,nh_aian,bachelors,hs_or_less,0.9948,-0.00519,0.0
male,nh_nhpi,nh_aian,bachelors,some_college,1.0011,0.00112,0.4
male,nh_nhpi,nh_aian,bachelors,bachelors,0.9976,-0.0024,0.2
male,nh_nhpi,nh_aian,bachelors,graduate,0.9968,-0.0032,0.0
male,nh_nhpi,nh_aian,graduate,hs_or_less,0.9984,-0.00158,0.0
male,nh_nhpi,nh_aian,graduate,some_college,1.0071,0.00711,0.3
male,nh_nhpi,nh_aian,graduate,bachelors,0.9973,-0.0027,0.0
male,nh_nhpi,nh_aian,graduate,graduate,0.9972,-0.00283,0.0
male,nh_nhpi,nh_nhpi,hs_or_less,hs_or_less,1.383,0.32428,266.6
male,nh_nhpi,nh_nhpi,hs_or_less,some_college,0.9228,-0.08035,91.3
male,nh_nhpi,nh_nhpi,hs_or_less,bachelors,1.1101,0.10441,30.0
male,nh_nhpi,nh_nhpi,hs_or_less,graduate,1.1299,0.12213,12.9
male,nh_nhpi,nh_nhpi,some_college,hs_or_less,1.0899,0.08609,62.5
male,nh_nhpi,nh_nhpi,some_college,some_college,0.9686,-0.03185,77.1
male,nh_nhpi,nh_nhpi,some_college,bachelors,0.9053,-0.09953,14.9
male,nh_nhpi,nh_nhpi,some_college,graduate,0.9495,-0.05187,4.8
male,nh_nhpi,nh_nhpi,bachelors,hs_or_less,0.9277,-0.07507,9.2
male,nh_nhpi,nh_nhpi,bachelors,some_college,0.8816,-0.12606,12.9
male,nh_nhpi,nh_nhpi,bachelors,bachelors,0.9452,-0.05636,14.7
male,nh_nhpi,nh_nhpi,bachelors,graduate,0.9086,-0.09583,3.1
male,nh_nhpi,nh_nhpi,graduate,hs_or_less,1.0821,0.07887,5.9
male,nh_nhpi,nh_nhpi,graduate,some_college,0.9597,-0.04118,3.5
male,nh_nhpi,nh_nhpi,graduate,bachelors,0.9062,-0.09855,1.6
male,nh_nhpi,nh_nhpi,graduate,graduate,1.0417,0.04087,7.0
male,nh_nhpi,nh_twoplus,hs_or_less,hs_or_less,0.9371,-0.06497,15.5
male,nh_nhpi,nh_twoplus,hs_or_less,some_college,1.0372,0.03656,19.3
male,nh_nhpi,nh_twoplus,hs_or_less,bachelors,1.0515,0.0502,9.8
male,nh_nhpi,nh_twoplus,hs_or_less,graduate,1.0284,0.02805,4.0
male,nh_nhpi,nh_twoplus,some_college,hs_or_less,0.9465,-0.05503,3.3
male,nh_nhpi,nh_twoplus,some_college,some_college,1.0733,0.07075,16.8
male,nh_nhpi,nh_twoplus,some_college,bachelors,1.0512,0.04991,8.3
male,nh_nhpi,nh_twoplus,some_college,graduate,0.9691,-0.03135,1.5
male,nh_nhpi,nh_twoplus,bachelors,hs_or_less,1.0099,0.0098,1.6
male,nh_nhpi,nh_twoplus,bachelors,some_college,1.015,0.01492,3.8
male,nh_nhpi,nh_twoplus,bachelors,bachelors,1.0061,0.00607,5.8
male,nh_nhpi,nh_twoplus,bachelors,graduate,0.9563,-0.0447,1.0
male,nh_nhpi,nh_twoplus,graduate,hs_or_less,0.9909,-0.00919,0.0
male,nh_nhpi,nh_twoplus,graduate,some_college,0.9896,-0.01045,0.5
male,nh_nhpi,nh_twoplus,graduate,bachelors,0.9558,-0.04516,0.1
male,nh_nhpi,nh_twoplus,graduate,graduate,0.9946,-0.00541,1.8
male,nh_nhpi,nh_other,hs_or_less,hs_or_less,0.99,-0.01004,0.1
male,nh_nhpi,nh_other,hs_or_less,some_college,0.991,-0.00905,0.0
male,nh_nhpi,nh_other,hs_or_less,bachelors,0.9956,-0.0044,0.0
male,nh_nhpi,nh_other,hs_or_less,graduate,1.002,0.00195,0.1
male,nh_nhpi,nh_other,some_college,hs_or_less,0.9966,-0.00337,0.0
male,nh_nhpi,nh_other,some_college,some_college,0.993,-0.00707,0.0
male,nh_nhpi,nh_other,some_college,bachelors,0.9964,-0.00366,0.0
male,nh_nhpi,nh_other,some_college,graduate,0.9984,-0.00163,0.0
male,nh_nhpi,nh_other,bachelors,hs_or_less,0.9992,-0.00081,0.0
male,nh_nhpi,nh_other,bachelors,some_college,0.9983,-0.00172,0.0
male,nh_nhpi,nh_other,bachelors,bachelors,1.036,0.03532,1.2
male,nh_nhpi,nh_other,bachelors,graduate,1.0052,0.00518,0.2
male,nh_nhpi,nh_other,graduate,hs_or_less,0.9998,-0.00021,0.0
male,nh_nhpi,nh_other,graduate,some_college,0.9996,-0.00045,0.0
male,nh_nhpi,nh_other,graduate,bachelors,0.999,-0.00098,0.0
male,nh_nhpi,nh_other,graduate,graduate,1.0009,0.00094,0.1
male,nh_twoplus,hispanic,hs_or_less,hs_or_less,0.5416,-0.61331,406.5
male,nh_twoplus,hispanic,hs_or_less,some_college,0.986,-0.01413,362.3
male,nh_twoplus,hispanic,hs_or_less,bachelors,1.001,0.00101,121.0
male,nh_twoplus,hispanic,hs_or_less,graduate,1.3242,0.28077,58.3
male,nh_twoplus,hispanic,some_college,hs_or_less,0.6781,-0.38848,288.5
male,nh_twoplus,hispanic,some_college,some_college,0.9819,-0.01831,553.1
male,nh_twoplus,hispanic,some_college,bachelors,1.1961,0.17907,235.0
male,nh_twoplus,hispanic,some_college,graduate,1.3285,0.28403,89.2
male,nh_twoplus,hispanic,bachelors,hs_or_less,0.7676,-0.26452,119.8
male,nh_twoplus,hispanic,bachelors,some_college,0.9783,-0.02195,219.5
male,nh_twoplus,hispanic,bachelors,bachelors,1.2629,0.23343,378.0
male,nh_twoplus,hispanic,bachelors,graduate,1.4044,0.33959,159.1
male,nh_twoplus,hispanic,graduate,hs_or_less,0.7458,-0.29324,31.3
male,nh_twoplus,hispanic,graduate,some_college,0.8927,-0.1135,59.4
male,nh_twoplus,hispanic,graduate,bachelors,1.1541,0.14334,130.2
male,nh_twoplus,hispanic,graduate,graduate,1.305,0.2662,148.3
male,nh_twoplus,nh_white,hs_or_less,hs_or_less,1.0545,0.05306,1487.8
male,nh_twoplus,nh_white,hs_or_less,some_college,1.1123,0.10643,1314.4
male,nh_twoplus,nh_white,hs_or_less,bachelors,0.8875,-0.11934,586.8
male,nh_twoplus,nh_white,hs_or_less,graduate,0.7867,-0.23986,204.1
male,nh_twoplus,nh_white,some_college,hs_or_less,1.0216,0.02139,799.0
male,nh_twoplus,nh_white,some_college,some_college,0.9662,-0.0344,1711.7
male,nh_twoplus,nh_white,some_college,bachelors,1.1575,0.1463,1211.5
male,nh_twoplus,nh_white,some_college,graduate,1.1798,0.16535,514.0
male,nh_twoplus,nh_white,bachelors,hs_or_less,0.966,-0.03459,276.9
male,nh_twoplus,nh_white,bachelors,some_college,0.9721,-0.02829,663.2
male,nh_twoplus,nh_white,bachelors,bachelors,1.1368,0.12826,1789.7
male,nh_twoplus,nh_white,bachelors,graduate,1.1482,0.13819,858.6
male,nh_twoplus,nh_white,graduate,hs_or_less,0.9274,-0.07542,85.1
male,nh_twoplus,nh_white,graduate,some_college,0.7871,-0.23937,172.2
male,nh_twoplus,nh_white,graduate,bachelors,1.0339,0.03335,611.9
male,nh_twoplus,nh_white,graduate,graduate,0.9791,-0.02108,747.2
male,nh_twoplus,nh_black,hs_or_less,hs_or_less,0.8614,-0.14919,171.0
male,nh_twoplus,nh_black,hs_or_less,some_college,1.1739,0.16036,175.0
male,nh_twoplus,nh_black,hs_or_less,bachelors,1.4067,0.34127,70.5
male,nh_twoplus,nh_black,hs_or_less,graduate,1.3168,0.27517,35.6
male,nh_twoplus,nh_black,some_college,hs_or_less,0.9137,-0.09021,102.5
male,nh_twoplus,nh_black,some_college,some_college,0.8798,-0.12809,192.1
male,nh_twoplus,nh_black,some_college,bachelors,1.242,0.21676,90.0
male,nh_twoplus,nh_black,some_college,graduate,1.3162,0.27472,51.5
male,nh_twoplus,nh_black,bachelors,hs_or_less,0.7496,-0.28827,23.4
male,nh_twoplus,nh_black,bachelors,some_college,0.8296,-0.18676,67.5
male,nh_twoplus,nh_black,bachelors,bachelors,0.9309,-0.07163,91.4
male,nh_twoplus,nh_black,bachelors,graduate,1.1537,0.14301,68.5
male,nh_twoplus,nh_black,graduate,hs_or_less,1.0048,0.00474,14.5
male,nh_twoplus,nh_black,graduate,some_college,0.8728,-0.13603,22.0
male,nh_twoplus,nh_black,graduate,bachelors,0.8381,-0.17661,27.8
male,nh_twoplus,nh_black,graduate,graduate,0.8276,-0.18925,43.0
male,nh_twoplus,nh_asian,hs_or_less,hs_or_less,0.9981,-0.00194,117.2
male,nh_twoplus,nh_asian,hs_or_less,some_college,0.8915,-0.11483,78.7
male,nh_twoplus,nh_asian,hs_or_less,bachelors,0.7416,-0.2989,67.7
male,nh_twoplus,nh_asian,hs_or_less,graduate,0.6071,-0.49904,16.5
male,nh_twoplus,nh_asian,some_college,hs_or_less,0.8524,-0.15972,49.5
male,nh_twoplus,nh_asian,some_college,some_college,1.0734,0.07084,150.8
male,nh_twoplus,nh_asian,some_college,bachelors,0.9362,-0.0659,151.4
male,nh_twoplus,nh_asian,some_college,graduate,0.7248,-0.32189,53.3
male,nh_twoplus,nh_asian,bachelors,hs_or_less,1.1625,0.15059,31.6
male,nh_twoplus,nh_asian,bachelors,some_college,1.0917,0.08772,60.9
male,nh_twoplus,nh_asian,bachelors,bachelors,1.301,0.26315,333.4
male,nh_twoplus,nh_asian,bachelors,graduate,1.006,0.00598,158.2
male,nh_twoplus,nh_asian,graduate,hs_or_less,1.1236,0.11654,12.4
male,nh_twoplus,nh_asian,graduate,some_college,1.1622,0.15032,24.2
male,nh_twoplus,nh_asian,graduate,bachelors,1.4576,0.37682,143.5
male,nh_twoplus,nh_asian,graduate,graduate,1.2716,0.24026,199.7
male,nh_twoplus,nh_aian,hs_or_less,hs_or_less,1.0374,0.03676,24.8
male,nh_twoplus,nh_aian,hs_or_less,some_college,1.1019,0.09708,19.2
male,nh_twoplus,nh_aian,hs_or_less,bachelors,1.1603,0.14869,8.2
male,nh_twoplus,nh_aian,hs_or_less,graduate,1.0076,0.00753,1.2
male,nh_twoplus,nh_aian,some_college,hs_or_less,0.9084,-0.09605,8.6
male,nh_twoplus,nh_aian,some_college,some_college,0.9998,-0.00016,22.4
male,nh_twoplus,nh_aian,some_college,bachelors,1.1776,0.16344,10.6
male,nh_twoplus,nh_aian,some_college,graduate,1.0316,0.03112,2.5
male,nh_twoplus,nh_aian,bachelors,hs_or_less,0.9785,-0.02172,4.1
male,nh_twoplus,nh_aian,bachelors,some_college,0.9653,-0.03527,7.4
male,nh_twoplus,nh_aian,bachelors,bachelors,0.9009,-0.10434,2.8
male,nh_twoplus,nh_aian,bachelors,graduate,0.9505,-0.05075,0.7
male,nh_twoplus,nh_aian,graduate,hs_or_less,0.9553,-0.04573,0.0
male,nh_twoplus,nh_aian,graduate,some_college,0.9584,-0.04248,1.5
male,nh_twoplus,nh_aian,graduate,bachelors,0.964,-0.03668,1.4
male,nh_twoplus,nh_aian,graduate,graduate,0.9499,-0.05143,0.9
male,nh_twoplus,nh_nhpi,hs_or_less,hs_or_less,1.2044,0.18598,19.8
male,nh_twoplus,nh_nhpi,hs_or_less,some_college,0.9997,-0.00028,6.3
male,nh_twoplus,nh_nhpi,hs_or_less,bachelors,0.9854,-0.01473,1.0
male,nh_twoplus,nh_nhpi,hs_or_less,graduate,0.9862,-0.01393,0.0
male,nh_twoplus,nh_nhpi,some_college,hs_or_less,1.0415,0.0407,8.1
male,nh_twoplus,nh_nhpi,some_college,some_college,0.9605,-0.04027,8.0
male,nh_twoplus,nh_nhpi,some_college,bachelors,1.0395,0.03875,3.7
male,nh_twoplus,nh_nhpi,some_college,graduate,0.9903,-0.00978,0.5
male,nh_twoplus,nh_nhpi,bachelors,hs_or_less,0.9413,-0.06051,0.4
male,nh_twoplus,nh_nhpi,bachelors,some_college,1.0053,0.00533,4.1
male,nh_twoplus,nh_nhpi,bachelors,bachelors,0.9435,-0.05813,1.5
male,nh_twoplus,nh_nhpi,bachelors,graduate,0.9943,-0.00574,1.2
male,nh_twoplus,nh_nhpi,graduate,hs_or_less,0.9813,-0.01885,0.2
male,nh_twoplus,nh_nhpi,graduate,some_college,1.0002,0.00025,1.3
male,nh_twoplus,nh_nhpi,graduate,bachelors,0.9924,-0.00767,1.1
male,nh_twoplus,nh_nhpi,graduate,graduate,0.9597,-0.04111,0.0
male,nh_twoplus,nh_twoplus,hs_or_less,hs_or_less,1.5188,0.4179,1340.6
male,nh_twoplus,nh_twoplus,hs_or_less,some_college,1.0556,0.05412,854.8
male,nh_twoplus,nh_twoplus,hs_or_less,bachelors,1.0325,0.03194,372.8
male,nh_twoplus,nh_twoplus,hs_or_less,graduate,0.9448,-0.05677,129.6
male,nh_twoplus,nh_twoplus,some_college,hs_or_less,0.9624,-0.03836,470.1
male,nh_twoplus,nh_twoplus,some_college,some_college,0.8231,-0.19463,1014.2
male,nh_twoplus,nh_twoplus,some_college,bachelors,0.9364,-0.06567,531.8
male,nh_twoplus,nh_twoplus,some_college,graduate,0.9657,-0.03486,216.7
male,nh_twoplus,nh_twoplus,bachelors,hs_or_less,1.0852,0.08176,202.7
male,nh_twoplus,nh_twoplus,bachelors,some_college,0.7729,-0.25765,372.2
male,nh_twoplus,nh_twoplus,bachelors,bachelors,0.9707,-0.02973,845.3
male,nh_twoplus,nh_twoplus,bachelors,graduate,1.0886,0.08491,433.0
male,nh_twoplus,nh_twoplus,graduate,hs_or_less,1.041,0.04022,60.9
male,nh_twoplus,nh_twoplus,graduate,some_college,0.8434,-0.17029,129.2
male,nh_twoplus,nh_twoplus,graduate,bachelors,0.9337,-0.06863,298.3
male,nh_twoplus,nh_twoplus,graduate,graduate,1.2285,0.20576,499.2
male,nh_twoplus,nh_other,hs_or_less,hs_or_less,0.9561,-0.04486,9.6
male,nh_twoplus,nh_other,hs_or_less,some_college,1.0532,0.05184,10.8
male,nh_twoplus,nh_other,hs_or_less,bachelors,0.9613,-0.03943,2.8
male,nh_twoplus,nh_other,hs_or_less,graduate,0.971,-0.02938,0.8
male,nh_twoplus,nh_other,some_college,hs_or_less,1.0126,0.01254,7.0
male,nh_twoplus,nh_other,some_college,some_college,1.1021,0.09721,17.8
male,nh_twoplus,nh_other,some_college,bachelors,0.9136,-0.09038,3.2
male,nh_twoplus,nh_other,some_college,graduate,1.0356,0.03495,4.1
male,nh_twoplus,nh_other,bachelors,hs_or_less,1.1083,0.10284,6.0
male,nh_twoplus,nh_other,bachelors,some_college,0.9284,-0.07428,2.5
male,nh_twoplus,nh_other,bachelors,bachelors,0.9397,-0.06219,7.4
male,nh_twoplus,nh_other,bachelors,graduate,0.8972,-0.10843,1.0
male,nh_twoplus,nh_other,graduate,hs_or_less,0.987,-0.01308,0.4
male,nh_twoplus,nh_other,graduate,some_college,1.2246,0.20261,8.7
male,nh_twoplus,nh_other,graduate,bachelors,0.9365,-0.06564,1.6
male,nh_twoplus,nh_other,graduate,graduate,1.026,0.02568,6.1
male,nh_other,hispanic,hs_or_less,hs_or_less,0.7691,-0.26258,97.3
male,nh_other,hispanic,hs_or_less,some_college,0.9833,-0.01683,59.8
male,nh_other,hispanic,hs_or_less,bachelors,1.3529,0.30222,37.2
male,nh_other,hispanic,hs_or_less,graduate,0.9929,-0.00715,6.3
male,nh_other,hispanic,some_college,hs_or_less,0.8839,-0.12338,48.6
male,nh_other,hispanic,some_college,some_college,0.9127,-0.09132,62.3
male,nh_other,hispanic,some_college,bachelors,1.1054,0.10017,29.5
male,nh_other,hispanic,some_college,graduate,1.0674,0.06523,10.7
male,nh_other,hispanic,bachelors,hs_or_less,1.0997,0.09501,31.0
male,nh_other,hispanic,bachelors,some_college,0.9667,-0.03385,30.1
male,nh_other,hispanic,bachelors,bachelors,0.9287,-0.07396,36.1
male,nh_other,hispanic,bachelors,graduate,1.0518,0.0505,18.4
male,nh_other,hispanic,graduate,hs_or_less,1.188,0.17224,19.2
male,nh_other,hispanic,graduate,some_college,0.9775,-0.0228,13.6
male,nh_other,hispanic,graduate,bachelors,0.9787,-0.02156,21.4
male,nh_other,hispanic,graduate,graduate,0.8764,-0.13195,15.6
male,nh_other,nh_white,hs_or_less,hs_or_less,1.0056,0.00554,59.5
male,nh_other,nh_white,hs_or_less,some_college,1.0207,0.02044,50.2
male,nh_other,nh_white,hs_or_less,bachelors,0.8065,-0.21499,14.8
male,nh_other,nh_white,hs_or_less,graduate,1.0086,0.00854,11.9
male,nh_other,nh_white,some_college,hs_or_less,1.0479,0.04676,27.7
male,nh_other,nh_white,some_college,some_college,0.9566,-0.04437,52.2
male,nh_other,nh_white,some_college,bachelors,1.2679,0.23736,47.3
male,nh_other,nh_white,some_college,graduate,1.1538,0.14302,20.6
male,nh_other,nh_white,bachelors,hs_or_less,1.0492,0.04799,12.6
male,nh_other,nh_white,bachelors,some_college,0.9272,-0.0756,20.5
male,nh_other,nh_white,bachelors,bachelors,0.9563,-0.04468,49.9
male,nh_other,nh_white,bachelors,graduate,0.9999,-9e-05,27.2
male,nh_other,nh_white,graduate,hs_or_less,0.9465,-0.05494,2.7
male,nh_other,nh_white,graduate,some_college,0.9628,-0.03787,9.8
male,nh_other,nh_white,graduate,bachelors,0.9729,-0.02751,27.6
male,nh_other,nh_white,graduate,graduate,0.9904,-0.0096,37.9
male,nh_other,nh_black,hs_or_less,hs_or_less,0.741,-0.29981,4.2
male,nh_other,nh_black,hs_or_less,some_college,1.3228,0.27973,26.5
male,nh_other,nh_black,hs_or_less,bachelors,1.3144,0.27339,13.9
male,nh_other,nh_black,hs_or_less,graduate,1.0554,0.05395,3.8
male,nh_other,nh_black,some_college,hs_or_less,0.9577,-0.04326,6.3
male,nh_other,nh_black,some_college,some_college,1.0389,0.03817,17.3
male,nh_other,nh_black,some_college,bachelors,0.9758,-0.02448,3.6
male,nh_other,nh_black,some_college,graduate,1.0714,0.06893,4.7
male,nh_other,nh_black,bachelors,hs_or_less,1.0254,0.02505,4.4
male,nh_other,nh_black,bachelors,some_college,0.9116,-0.09252,3.4
male,nh_other,nh_black,bachelors,bachelors,0.8717,-0.13727,2.3
male,nh_other,nh_black,bachelors,graduate,0.9291,-0.07355,1.9
male,nh_other,nh_black,graduate,hs_or_less,0.9544,-0.04665,0.0
male,nh_other,nh_black,graduate,some_college,1.0836,0.08029,6.2
male,nh_other,nh_black,graduate,bachelors,0.9009,-0.10441,0.6
male,nh_other,nh_black,graduate,graduate,1.0024,0.00241,6.6
male,nh_other,nh_asian,hs_or_less,hs_or_less,0.9039,-0.10109,3.6
male,nh_other,nh_asian,hs_or_less,some_college,0.9364,-0.06569,3.1
male,nh_other,nh_asian,hs_or_less,bachelors,1.0426,0.04174,8.0
male,nh_other,nh_asian,hs_or_less,graduate,1.0147,0.0146,3.9
male,nh_other,nh_asian,some_college,hs_or_less,0.9809,-0.0193,2.6
male,nh_other,nh_asian,some_college,some_college,1.0929,0.08883,9.9
male,nh_other,nh_asian,some_college,bachelors,0.8915,-0.11487,2.9
male,nh_other,nh_asian,some_college,graduate,1.0559,0.05442,6.1
male,nh_other,nh_asian,bachelors,hs_or_less,0.9883,-0.0118,0.9
male,nh_other,nh_asian,bachelors,some_college,1.0425,0.04163,4.3
male,nh_other,nh_asian,bachelors,bachelors,1.0625,0.06065,15.5
male,nh_other,nh_asian,bachelors,graduate,0.9875,-0.01255,7.8
male,nh_other,nh_asian,graduate,hs_or_less,1.1334,0.12525,4.7
male,nh_other,nh_asian,graduate,some_college,0.9954,-0.00466,1.1
male,nh_other,nh_asian,graduate,bachelors,0.9232,-0.07989,3.7
male,nh_other,nh_asian,graduate,graduate,0.9829,-0.01729,10.9
male,nh_other,nh_aian,hs_or_less,hs_or_less,1.0044,0.00435,1.2
male,nh_other,nh_aian,hs_or_less,some_college,0.9902,-0.00981,0.4
male,nh_other,nh_aian,hs_or_less,bachelors,1.0086,0.00857,0.4
male,nh_other,nh_aian,hs_or_less,graduate,0.9985,-0.00149,0.0
male,nh_other,nh_aian,some_college,hs_or_less,1.0013,0.00132,0.5
male,nh_other,nh_aian,some_college,some_college,0.9933,-0.00677,0.6
male,nh_other,nh_aian,some_college,bachelors,0.995,-0.00504,0.0
male,nh_other,nh_aian,some_college,graduate,1.0488,0.04763,1.6
male,nh_other,nh_aian,bachelors,hs_or_less,0.9949,-0.00512,0.0
male,nh_other,nh_aian,bachelors,some_college,0.9888,-0.01122,0.0
male,nh_other,nh_aian,bachelors,bachelors,0.9923,-0.00776,0.0
male,nh_other,nh_aian,bachelors,graduate,0.9992,-0.00078,0.1
male,nh_other,nh_aian,graduate,hs_or_less,0.9975,-0.00246,0.0
male,nh_other,nh_aian,graduate,some_college,0.9976,-0.00243,0.1
male,nh_other,nh_aian,graduate,bachelors,0.9953,-0.00476,0.0
male,nh_other,nh_aian,graduate,graduate,0.9957,-0.00426,0.0
male,nh_other,nh_nhpi,hs_or_less,hs_or_less,0.9934,-0.00662,0.1
male,nh_other,nh_nhpi,hs_or_less,some_college,1.0228,0.02257,0.9
male,nh_other,nh_nhpi,hs_or_less,bachelors,0.9988,-0.00118,0.0
male,nh_other,nh_nhpi,hs_or_less,graduate,0.9996,-0.00042,0.0
male,nh_other,nh_nhpi,some_college,hs_or_less,0.9961,-0.00392,0.0
male,nh_other,nh_nhpi,some_college,some_college,1.0003,0.00034,0.2
male,nh_other,nh_nhpi,some_college,bachelors,0.9986,-0.00139,0.0
male,nh_other,nh_nhpi,some_college,graduate,0.9995,-0.0005,0.0
male,nh_other,nh_nhpi,bachelors,hs_or_less,1.0007,0.00072,0.1
male,nh_other,nh_nhpi,bachelors,some_college,0.9975,-0.00252,0.0
male,nh_other,nh_nhpi,bachelors,bachelors,0.9976,-0.00239,0.0
male,nh_other,nh_nhpi,bachelors,graduate,1.0,0.0,0.0
male,nh_other,nh_nhpi,graduate,hs_or_less,0.9992,-0.00078,0.0
male,nh_other,nh_nhpi,graduate,some_college,0.9988,-0.00121,0.0
male,nh_other,nh_nhpi,graduate,bachelors,0.9987,-0.00133,0.0
male,nh_other,nh_nhpi,graduate,graduate,0.9986,-0.00136,0.0
male,nh_other,nh_twoplus,hs_or_less,hs_or_less,1.1082,0.10277,19.9
male,nh_other,nh_twoplus,hs_or_less,some_college,0.9979,-0.00215,13.8
male,nh_other,nh_twoplus,hs_or_less,bachelors,0.9316,-0.07082,3.4
male,nh_other,nh_twoplus,hs_or_less,graduate,0.993,-0.00698,2.3
male,nh_other,nh_twoplus,some_college,hs_or_less,1.0242,0.02393,7.3
male,nh_other,nh_twoplus,some_college,some_college,0.9496,-0.05168,13.7
male,nh_other,nh_twoplus,some_college,bachelors,0.9044,-0.10051,3.2
male,nh_other,nh_twoplus,some_college,graduate,1.0211,0.02085,3.8
male,nh_other,nh_twoplus,bachelors,hs_or_less,0.9502,-0.05111,1.0
male,nh_other,nh_twoplus,bachelors,some_college,0.9217,-0.08158,4.1
male,nh_other,nh_twoplus,bachelors,bachelors,0.9904,-0.00965,12.0
male,nh_other,nh_twoplus,bachelors,graduate,1.0084,0.00838,6.4
male,nh_other,nh_twoplus,graduate,hs_or_less,0.9883,-0.01178,0.8
male,nh_other,nh_twoplus,graduate,some_college,1.2307,0.20755,10.8
male,nh_other,nh_twoplus,graduate,bachelors,1.0815,0.07837,9.8
male,nh_other,nh_twoplus,graduate,graduate,0.9459,-0.05558,6.3
male,nh_other,nh_other,hs_or_less,hs_or_less,1.2415,0.21636,353.3
male,nh_other,nh_other,hs_or_less,some_college,0.8317,-0.18424,166.2
male,nh_other,nh_other,hs_or_less,bachelors,0.9382,-0.06379,92.3
male,nh_other,nh_other,hs_or_less,graduate,0.9616,-0.03912,42.2
male,nh_other,nh_other,some_college,hs_or_less,0.938,-0.064,110.7
male,nh_other,nh_other,some_college,some_college,0.8983,-0.10727,214.1
male,nh_other,nh_other,some_college,bachelors,0.9156,-0.08815,105.7
male,nh_other,nh_other,some_college,graduate,0.9543,-0.04679,50.4
male,nh_other,nh_other,bachelors,hs_or_less,1.6865,0.52263,103.3
male,nh_other,nh_other,bachelors,some_college,0.7938,-0.23092,78.6
male,nh_other,nh_other,bachelors,bachelors,1.1231,0.11612,232.3
male,nh_other,nh_other,bachelors,graduate,0.9902,-0.0098,105.4
male,nh_other,nh_other,graduate,hs_or_less,1.257,0.22875,36.4
male,nh_other,nh_other,graduate,some_college,0.7983,-0.22532,33.1
male,nh_other,nh_other,graduate,bachelors,0.9852,-0.01489,111.0
male,nh_other,nh_other,graduate,graduate,0.9905,-0.00956,150.0
female,hispanic,hispanic,hs_or_less,hs_or_less,2.1328,0.75745,46104.0
female,hispanic,hispanic,hs_or_less,some_college,1.16,0.14838,7758.5
female,hispanic,hispanic,hs_or_less,bachelors,1.23,0.20705,2413.2
female,hispanic,hispanic,hs_or_less,graduate,1.3541,0.30314,802.0
female,hispanic,hispanic,some_college,hs_or_less,1.1091,0.10351,13757.0
female,hispanic,hispanic,some_college,some_college,1.0038,0.00383,10941.9
female,hispanic,hispanic,some_college,bachelors,0.7943,-0.23032,2622.6
female,hispanic,hispanic,some_college,graduate,0.8667,-0.14307,812.7
female,hispanic,hispanic,bachelors,hs_or_less,0.9862,-0.01393,4754.7
female,hispanic,hispanic,bachelors,some_college,0.9587,-0.04213,4199.2
female,hispanic,hispanic,bachelors,bachelors,0.9069,-0.09774,4607.0
female,hispanic,hispanic,bachelors,graduate,0.7668,-0.26548,1302.3
female,hispanic,hispanic,graduate,hs_or_less,0.7991,-0.22424,1409.9
female,hispanic,hispanic,graduate,some_college,0.9612,-0.03958,1510.8
female,hispanic,hispanic,graduate,bachelors,0.7455,-0.29376,1610.3
female,hispanic,hispanic,graduate,graduate,0.841,-0.17311,1644.8
female,hispanic,nh_white,hs_or_less,hs_or_less,0.6646,-0.40862,3273.8
female,hispanic,nh_white,hs_or_less,some_college,0.767,-0.2653,2128.2
female,hispanic,nh_white,hs_or_less,bachelors,0.6944,-0.36466,941.0
female,hispanic,nh_white,hs_or_less,graduate,0.8125,-0.20767,358.4
female,hispanic,nh_white,some_college,hs_or_less,0.9681,-0.03239,2609.9
female,hispanic,nh_white,some_college,some_college,0.9641,-0.03659,4065.8
female,hispanic,nh_white,some_college,bachelors,0.9224,-0.08077,2047.7
female,hispanic,nh_white,some_college,graduate,0.9781,-0.02217,676.1
female,hispanic,nh_white,bachelors,hs_or_less,1.1285,0.12089,1155.4
female,hispanic,nh_white,bachelors,some_college,1.3523,0.30184,2265.9
female,hispanic,nh_white,bachelors,bachelors,1.2011,0.18321,4028.4
female,hispanic,nh_white,bachelors,graduate,1.1274,0.1199,1386.9
female,hispanic,nh_white,graduate,hs_or_less,1.0543,0.05287,403.4
female,hispanic,nh_white,graduate,some_college,1.3599,0.3074,873.9
female,hispanic,nh_white,graduate,bachelors,1.2388,0.21414,1811.0
female,hispanic,nh_white,graduate,graduate,1.1251,0.11792,1612.5
female,hispanic,nh_black,hs_or_less,hs_or_less,0.815,-0.20459,908.0
female,hispanic,nh_black,hs_or_less,some_college,0.9929,-0.00714,498.5
female,hispanic,nh_black,hs_or_less,bachelors,1.1032,0.09826,149.3
female,hispanic,nh_black,hs_or_less,graduate,1.2539,0.22624,64.0
female,hispanic,nh_black,some_college,hs_or_less,1.0549,0.05344,662.5
female,hispanic,nh_black,some_college,some_college,1.1453,0.13565,899.0
female,hispanic,nh_black,some_college,bachelors,1.0627,0.06078,232.4
female,hispanic,nh_black,some_college,graduate,1.1418,0.1326,84.6
female,hispanic,nh_black,bachelors,hs_or_less,0.7935,-0.23126,184.5
female,hispanic,nh_black,bachelors,some_college,1.0115,0.01144,320.5
female,hispanic,nh_black,bachelors,bachelors,0.9817,-0.01843,326.3
female,hispanic,nh_black,bachelors,graduate,0.8373,-0.17755,100.2
female,hispanic,nh_black,graduate,hs_or_less,0.9526,-0.04857,84.3
female,hispanic,nh_black,graduate,some_college,0.9553,-0.04577,112.8
female,hispanic,nh_black,graduate,bachelors,1.1446,0.13504,173.1
female,hispanic,nh_black,graduate,graduate,0.8868,-0.12013,128.7
female,hispanic,nh_asian,hs_or_less,hs_or_less,0.8117,-0.20866,121.0
female,hispanic,nh_asian,hs_or_less,some_college,1.041,0.04017,110.9
female,hispanic,nh_asian,hs_or_less,bachelors,0.8222,-0.19579,73.9
female,hispanic,nh_asian,hs_or_less,graduate,0.8791,-0.12889,41.3
female,hispanic,nh_asian,some_college,hs_or_less,1.2386,0.21395,117.1
female,hispanic,nh_asian,some_college,some_college,1.4136,0.34612,252.1
female,hispanic,nh_asian,some_college,bachelors,0.7897,-0.23606,126.0
female,hispanic,nh_asian,some_college,graduate,0.6843,-0.3794,49.6
female,hispanic,nh_asian,bachelors,hs_or_less,1.2092,0.18998,47.1
female,hispanic,nh_asian,bachelors,some_college,1.5467,0.43612,117.6
female,hispanic,nh_asian,bachelors,bachelors,0.9987,-0.00131,256.1
female,hispanic,nh_asian,bachelors,graduate,0.7253,-0.32117,109.6
female,hispanic,nh_asian,graduate,hs_or_less,1.0731,0.07054,15.5
female,hispanic,nh_asian,graduate,some_college,1.3713,0.31579,42.9
female,hispanic,nh_asian,graduate,bachelors,0.9583,-0.04254,99.1
female,hispanic,nh_asian,graduate,graduate,0.9059,-0.09885,155.4
female,hispanic,nh_aian,hs_or_less,hs_or_less,1.1412,0.13206,93.3
female,hispanic,nh_aian,hs_or_less,some_college,1.0768,0.07399,36.0
female,hispanic,nh_aian,hs_or_less,bachelors,0.9612,-0.03954,3.9
female,hispanic,nh_aian,hs_or_less,graduate,0.9979,-0.00215,1.9
female,hispanic,nh_aian,some_college,hs_or_less,1.1329,0.12482,54.0
female,hispanic,nh_aian,some_college,some_college,0.9537,-0.04744,44.0
female,hispanic,nh_aian,some_college,bachelors,0.932,-0.07039,5.6
female,hispanic,nh_aian,some_college,graduate,0.9302,-0.07231,0.5
female,hispanic,nh_aian,bachelors,hs_or_less,0.9639,-0.03674,15.2
female,hispanic,nh_aian,bachelors,some_college,1.0146,0.01449,20.2
female,hispanic,nh_aian,bachelors,bachelors,0.9877,-0.01239,12.3
female,hispanic,nh_aian,bachelors,graduate,0.9079,-0.09657,1.7
female,hispanic,nh_aian,graduate,hs_or_less,1.0309,0.03043,7.4
female,hispanic,nh_aian,graduate,some_college,1.0267,0.0263,8.6
female,hispanic,nh_aian,graduate,bachelors,1.0347,0.03411,7.1
female,hispanic,nh_aian,graduate,graduate,0.943,-0.05867,4.0
female,hispanic,nh_nhpi,hs_or_less,hs_or_less,1.1629,0.1509,37.2
female,hispanic,nh_nhpi,hs_or_less,some_college,0.9717,-0.02869,10.1
female,hispanic,nh_nhpi,hs_or_less,bachelors,0.9697,-0.03074,2.0
female,hispanic,nh_nhpi,hs_or_less,graduate,1.0139,0.01376,1.3
female,hispanic,nh_nhpi,some_college,hs_or_less,1.2072,0.18827,25.4
female,hispanic,nh_nhpi,some_college,some_college,0.9108,-0.09344,13.4
female,hispanic,nh_nhpi,some_college,bachelors,1.1743,0.16068,11.2
female,hispanic,nh_nhpi,some_college,graduate,0.967,-0.0336,0.1
female,hispanic,nh_nhpi,bachelors,hs_or_less,0.9523,-0.04888,4.3
female,hispanic,nh_nhpi,bachelors,some_college,0.9479,-0.05354,5.3
female,hispanic,nh_nhpi,bachelors,bachelors,0.9294,-0.07322,4.9
female,hispanic,nh_nhpi,bachelors,graduate,0.9721,-0.02829,1.2
female,hispanic,nh_nhpi,graduate,hs_or_less,0.9557,-0.04526,0.7
female,hispanic,nh_nhpi,graduate,some_college,1.0635,0.0616,4.9
female,hispanic,nh_nhpi,graduate,bachelors,0.9189,-0.08462,0.4
female,hispanic,nh_nhpi,graduate,graduate,0.9465,-0.05493,0.6
female,hispanic,nh_twoplus,hs_or_less,hs_or_less,0.8156,-0.20385,411.7
female,hispanic,nh_twoplus,hs_or_less,some_college,0.9253,-0.07763,302.7
female,hispanic,nh_twoplus,hs_or_less,bachelors,0.8323,-0.18351,102.1
female,hispanic,nh_twoplus,hs_or_less,graduate,0.8513,-0.16104,30.5
female,hispanic,nh_twoplus,some_college,hs_or_less,1.1877,0.17204,360.1
female,hispanic,nh_twoplus,some_college,some_college,1.0209,0.02065,540.1
female,hispanic,nh_twoplus,some_college,bachelors,1.0033,0.00331,221.7
female,hispanic,nh_twoplus,some_college,graduate,0.9031,-0.10187,57.5
female,hispanic,nh_twoplus,bachelors,hs_or_less,1.049,0.04782,121.0
female,hispanic,nh_twoplus,bachelors,some_college,1.0349,0.03426,220.8
female,hispanic,nh_twoplus,bachelors,bachelors,1.0843,0.08098,369.5
female,hispanic,nh_twoplus,bachelors,graduate,1.0719,0.06941,132.6
female,hispanic,nh_twoplus,graduate,hs_or_less,1.1915,0.17523,53.7
female,hispanic,nh_twoplus,graduate,some_college,1.0402,0.0394,82.0
female,hispanic,nh_twoplus,graduate,bachelors,1.0913,0.08733,159.2
female,hispanic,nh_twoplus,graduate,graduate,0.9975,-0.00252,139.3
female,hispanic,nh_other,hs_or_less,hs_or_less,1.246,0.21991,100.3
female,hispanic,nh_other,hs_or_less,some_college,1.0464,0.04535,47.4
female,hispanic,nh_other,hs_or_less,bachelors,1.1406,0.13154,28.7
female,hispanic,nh_other,hs_or_less,graduate,1.1856,0.17026,17.2
female,hispanic,nh_other,some_college,hs_or_less,1.1805,0.16594,55.5
female,hispanic,nh_other,some_college,some_college,0.9028,-0.10226,57.6
female,hispanic,nh_other,some_college,bachelors,0.8615,-0.14907,25.2
female,hispanic,nh_other,some_college,graduate,0.947,-0.05443,13.1
female,hispanic,nh_other,bachelors,hs_or_less,1.3934,0.33178,33.5
female,hispanic,nh_other,bachelors,some_college,0.9357,-0.06645,23.2
female,hispanic,nh_other,bachelors,bachelors,0.7905,-0.23504,34.7
female,hispanic,nh_other,bachelors,graduate,0.8852,-0.12199,21.1
female,hispanic,nh_other,graduate,hs_or_less,1.043,0.04212,7.6
female,hispanic,nh_other,graduate,some_college,0.9925,-0.00751,10.1
female,hispanic,nh_other,graduate,bachelors,0.9079,-0.09663,18.7
female,hispanic,nh_other,graduate,graduate,0.7607,-0.27354,16.3
female,nh_white,hispanic,hs_or_less,hs_or_less,0.7062,-0.34787,3592.1
female,nh_white,hispanic,hs_or_less,some_college,1.0148,0.01468,1659.3
female,nh_white,hispanic,hs_or_less,bachelors,0.9773,-0.02297,464.4
female,nh_white,hispanic,hs_or_less,graduate,0.9727,-0.02767,131.3
female,nh_white,hispanic,some_college,hs_or_less,0.7919,-0.23335,3263.1
female,nh_white,hispanic,some_college,some_college,1.0631,0.06115,3808.2
female,nh_white,hispanic,some_college,bachelors,1.0556,0.05412,1138.1
female,nh_white,hispanic,some_college,graduate,1.0231,0.02281,320.2
female,nh_white,hispanic,bachelors,hs_or_less,0.6755,-0.3923,1483.7
female,nh_white,hispanic,bachelors,some_college,1.2098,0.19043,2458.6
female,nh_white,hispanic,bachelors,bachelors,1.311,0.27076,3091.0
female,nh_white,hispanic,bachelors,graduate,1.2288,0.206,968.0
female,nh_white,hispanic,graduate,hs_or_less,0.672,-0.39755,643.0
female,nh_white,hispanic,graduate,some_college,1.1825,0.16763,1036.4
female,nh_white,hispanic,graduate,bachelors,1.263,0.23348,1531.5
female,nh_white,hispanic,graduate,graduate,1.2222,0.20065,1325.7
female,nh_white,nh_white,hs_or_less,hs_or_less,1.2815,0.24805,42821.2
female,nh_white,nh_white,hs_or_less,some_college,0.9538,-0.0473,18037.5
female,nh_white,nh_white,hs_or_less,bachelors,0.7615,-0.27248,7131.9
female,nh_white,nh_white,hs_or_less,graduate,0.7566,-0.27894,2237.5
female,nh_white,nh_white,some_college,hs_or_less,1.263,0.23348,32842.2
female,nh_white,nh_white,some_college,some_college,1.0076,0.00757,40502.9
female,nh_white,nh_white,some_college,bachelors,0.8204,-0.19792,16948.4
female,nh_white,nh_white,some_college,graduate,0.7712,-0.25976,5078.0
female,nh_white,nh_white,bachelors,hs_or_less,1.1433,0.13392,15088.7
female,nh_white,nh_white,bachelors,some_college,1.1984,0.181,25857.5
female,nh_white,nh_white,bachelors,bachelors,1.1043,0.09923,47888.3
female,nh_white,nh_white,bachelors,graduate,1.049,0.04783,16545.1
female,nh_white,nh_white,graduate,hs_or_less,0.9941,-0.00592,5824.5
female,nh_white,nh_white,graduate,some_college,1.099,0.09436,10759.3
female,nh_white,nh_white,graduate,bachelors,1.0538,0.0524,23746.0
female,nh_white,nh_white,graduate,graduate,0.9651,-0.03553,21205.8
female,nh_white,nh_black,hs_or_less,hs_or_less,1.2503,0.22341,1935.2
female,nh_white,nh_black,hs_or_less,some_college,1.2843,0.25024,901.3
female,nh_white,nh_black,hs_or_less,bachelors,1.1449,0.13531,213.8
female,nh_white,nh_black,hs_or_less,graduate,1.1033,0.09834,69.3
female,nh_white,nh_black,some_college,hs_or_less,1.0922,0.08823,1340.6
female,nh_white,nh_black,some_college,some_college,0.9562,-0.04479,1441.7
female,nh_white,nh_black,some_college,bachelors,1.0802,0.07713,446.4
female,nh_white,nh_black,some_college,graduate,1.0751,0.07245,148.7
female,nh_white,nh_black,bachelors,hs_or_less,0.7901,-0.23559,499.5
female,nh_white,nh_black,bachelors,some_college,0.8913,-0.11504,745.6
female,nh_white,nh_black,bachelors,bachelors,0.9139,-0.09004,804.7
female,nh_white,nh_black,bachelors,graduate,0.7908,-0.23471,255.6
female,nh_white,nh_black,graduate,hs_or_less,0.9286,-0.07411,262.8
female,nh_white,nh_black,graduate,some_college,1.0173,0.01713,387.0
female,nh_white,nh_black,graduate,bachelors,1.0189,0.01874,478.5
female,nh_white,nh_black,graduate,graduate,0.8297,-0.18669,385.5
female,nh_white,nh_asian,hs_or_less,hs_or_less,0.7276,-0.31796,170.4
female,nh_white,nh_asian,hs_or_less,some_college,0.8282,-0.18849,134.7
female,nh_white,nh_asian,hs_or_less,bachelors,0.8553,-0.15629,130.2
female,nh_white,nh_asian,hs_or_less,graduate,0.7208,-0.32735,48.2
female,nh_white,nh_asian,some_college,hs_or_less,0.8244,-0.19308,155.4
female,nh_white,nh_asian,some_college,some_college,0.9694,-0.03113,354.5
female,nh_white,nh_asian,some_college,bachelors,0.828,-0.18873,288.7
female,nh_white,nh_asian,some_college,graduate,0.8303,-0.18603,151.2
female,nh_white,nh_asian,bachelors,hs_or_less,0.9916,-0.00843,100.8
female,nh_white,nh_asian,bachelors,some_college,1.3471,0.29799,282.1
female,nh_white,nh_asian,bachelors,bachelors,1.1682,0.15549,912.0
female,nh_white,nh_asian,bachelors,graduate,1.0707,0.06829,533.6
female,nh_white,nh_asian,graduate,hs_or_less,1.4491,0.37093,76.2
female,nh_white,nh_asian,graduate,some_college,1.3139,0.27303,122.2
female,nh_white,nh_asian,graduate,bachelors,1.2561,0.22798,485.9
female,nh_white,nh_asian,graduate,graduate,1.226,0.20378,782.1
female,nh_white,nh_aian,hs_or_less,hs_or_less,1.2352,0.2112,315.1
female,nh_white,nh_aian,hs_or_less,some_college,1.1268,0.11939,115.2
female,nh_white,nh_aian,hs_or_less,bachelors,1.624,0.48487,43.2
female,nh_white,nh_aian,hs_or_less,graduate,1.1029,0.09796,10.0
female,nh_white,nh_aian,some_college,hs_or_less,1.3134,0.27263,270.0
female,nh_white,nh_aian,some_college,some_college,1.0771,0.0743,234.0
female,nh_white,nh_aian,some_college,bachelors,1.0897,0.0859,43.9
female,nh_white,nh_aian,some_college,graduate,1.0091,0.00902,14.1
female,nh_white,nh_aian,bachelors,hs_or_less,0.8385,-0.17617,82.1
female,nh_white,nh_aian,bachelors,some_college,0.896,-0.10986,103.4
female,nh_white,nh_aian,bachelors,bachelors,0.8921,-0.11417,66.8
female,nh_white,nh_aian,bachelors,graduate,0.8665,-0.1433,23.5
female,nh_white,nh_aian,graduate,hs_or_less,0.822,-0.19598,31.4
female,nh_white,nh_aian,graduate,some_college,0.8495,-0.1631,41.9
female,nh_white,nh_aian,graduate,bachelors,0.8653,-0.14467,32.4
female,nh_white,nh_aian,graduate,graduate,0.7349,-0.30801,23.7
female,nh_white,nh_nhpi,hs_or_less,hs_or_less,0.9566,-0.04436,39.5
female,nh_white,nh_nhpi,hs_or_less,some_college,1.2506,0.22358,28.9
female,nh_white,nh_nhpi,hs_or_less,bachelors,0.9525,-0.04869,3.0
female,nh_white,nh_nhpi,hs_or_less,graduate,1.005,0.00498,1.4
female,nh_white,nh_nhpi,some_college,hs_or_less,1.0785,0.07559,39.5
female,nh_white,nh_nhpi,some_college,some_college,1.2337,0.21001,54.0
female,nh_white,nh_nhpi,some_college,bachelors,1.0787,0.07579,14.0
female,nh_white,nh_nhpi,some_college,graduate,0.9981,-0.0019,2.6
female,nh_white,nh_nhpi,bachelors,hs_or_less,0.9969,-0.00313,18.1
female,nh_white,nh_nhpi,bachelors,some_college,1.0286,0.02821,23.3
female,nh_white,nh_nhpi,bachelors,bachelors,0.8095,-0.21133,11.8
female,nh_white,nh_nhpi,bachelors,graduate,0.9503,-0.051,4.5
female,nh_white,nh_nhpi,graduate,hs_or_less,0.8865,-0.12044,3.2
female,nh_white,nh_nhpi,graduate,some_college,0.9028,-0.10224,5.5
female,nh_white,nh_nhpi,graduate,bachelors,0.9739,-0.02644,11.1
female,nh_white,nh_nhpi,graduate,graduate,0.9914,-0.00864,8.4
female,nh_white,nh_twoplus,hs_or_less,hs_or_less,1.2374,0.213,1769.0
female,nh_white,nh_twoplus,hs_or_less,some_college,1.0362,0.03552,950.1
female,nh_white,nh_twoplus,hs_or_less,bachelors,0.8597,-0.15117,306.0
female,nh_white,nh_twoplus,hs_or_less,graduate,0.8436,-0.17009,88.3
female,nh_white,nh_twoplus,some_college,hs_or_less,1.3368,0.29025,1525.8
female,nh_white,nh_twoplus,some_college,some_college,0.9702,-0.03021,1933.9
female,nh_white,nh_twoplus,some_college,bachelors,0.8829,-0.12452,717.2
female,nh_white,nh_twoplus,some_college,graduate,0.8045,-0.2175,197.7
female,nh_white,nh_twoplus,bachelors,hs_or_less,1.082,0.0788,651.8
female,nh_white,nh_twoplus,bachelors,some_college,1.1707,0.15764,1314.5
female,nh_white,nh_twoplus,bachelors,bachelors,1.0488,0.04765,1872.8
female,nh_white,nh_twoplus,bachelors,graduate,1.0178,0.01768,646.7
female,nh_white,nh_twoplus,graduate,hs_or_less,0.9316,-0.07083,234.6
female,nh_white,nh_twoplus,graduate,some_college,1.1133,0.10729,548.2
female,nh_white,nh_twoplus,graduate,bachelors,0.9619,-0.03881,871.8
female,nh_white,nh_twoplus,graduate,graduate,0.8653,-0.1447,753.5
female,nh_white,nh_other,hs_or_less,hs_or_less,1.1825,0.16765,58.0
female,nh_white,nh_other,hs_or_less,some_college,1.0161,0.01601,26.8
female,nh_white,nh_other,hs_or_less,bachelors,0.9368,-0.06533,9.7
female,nh_white,nh_other,hs_or_less,graduate,0.9257,-0.07723,2.8
female,nh_white,nh_other,some_college,hs_or_less,1.1817,0.16692,47.3
female,nh_white,nh_other,some_college,some_college,1.0329,0.03238,58.9
female,nh_white,nh_other,some_college,bachelors,0.8623,-0.14819,19.7
female,nh_white,nh_other,some_college,graduate,0.9487,-0.05263,10.6
female,nh_white,nh_other,bachelors,hs_or_less,0.8826,-0.12493,12.5
female,nh_white,nh_other,bachelors,some_college,1.2745,0.24257,47.2
female,nh_white,nh_other,bachelors,bachelors,0.8792,-0.12875,49.3
female,nh_white,nh_other,bachelors,graduate,0.9187,-0.08476,26.7
female,nh_white,nh_other,graduate,hs_or_less,1.0715,0.06904,11.0
female,nh_white,nh_other,graduate,some_college,1.1257,0.11841,19.7
female,nh_white,nh_other,graduate,bachelors,0.9552,-0.0458,29.8
female,nh_white,nh_other,graduate,graduate,0.9182,-0.08537,38.5
female,nh_black,hispanic,hs_or_less,hs_or_less,0.8686,-0.14083,392.8
female,nh_black,hispanic,hs_or_less,some_college,1.0388,0.0381,148.7
female,nh_black,hispanic,hs_or_less,bachelors,1.0043,0.00426,41.5
female,nh_black,hispanic,hs_or_less,graduate,1.0659,0.06382,15.1
female,nh_black,hispanic,some_college,hs_or_less,1.0398,0.03903,382.8
female,nh_black,hispanic,some_college,some_college,1.0291,0.02872,317.6
female,nh_black,hispanic,some_college,bachelors,0.8094,-0.21143,67.8
female,nh_black,hispanic,some_college,graduate,0.8369,-0.17806,17.7
female,nh_black,hispanic,bachelors,hs_or_less,1.0032,0.00321,141.6
female,nh_black,hispanic,bachelors,some_college,1.4371,0.36261,189.0
female,nh_black,hispanic,bachelors,bachelors,1.0551,0.05363,150.9
female,nh_black,hispanic,bachelors,graduate,0.8781,-0.12999,39.6
female,nh_black,hispanic,graduate,hs_or_less,1.0081,0.00802,66.3
female,nh_black,hispanic,graduate,some_college,1.1864,0.17089,71.4
female,nh_black,hispanic,graduate,bachelors,1.0647,0.06265,82.0
female,nh_black,hispanic,graduate,graduate,0.8398,-0.17464,54.2
female,nh_black,nh_white,hs_or_less,hs_or_less,0.9692,-0.03127,587.8
female,nh_black,nh_white,hs_or_less,some_college,0.868,-0.14161,290.6
female,nh_black,nh_white,hs_or_less,bachelors,0.9179,-0.08567,149.0
female,nh_black,nh_white,hs_or_less,graduate,0.9745,-0.02582,52.2
female,nh_black,nh_white,some_college,hs_or_less,1.1393,0.13039,540.2
female,nh_black,nh_white,some_college,some_college,0.8335,-0.18209,593.1
female,nh_black,nh_white,some_college,bachelors,0.9027,-0.10238,322.6
female,nh_black,nh_white,some_college,graduate,0.9228,-0.08034,108.5
female,nh_black,nh_white,bachelors,hs_or_less,1.1002,0.09552,194.6
female,nh_black,nh_white,bachelors,some_college,1.2666,0.23631,361.1
female,nh_black,nh_white,bachelors,bachelors,0.9901,-0.00994,532.3
female,nh_black,nh_white,bachelors,graduate,0.9873,-0.01274,204.3
female,nh_black,nh_white,graduate,hs_or_less,1.2858,0.25137,113.4
female,nh_black,nh_white,graduate,some_college,1.1619,0.1501,160.4
female,nh_black,nh_white,graduate,bachelors,0.9355,-0.06663,271.7
female,nh_black,nh_white,graduate,graduate,0.8823,-0.1252,261.6
female,nh_black,nh_black,hs_or_less,hs_or_less,1.3075,0.26815,11447.0
female,nh_black,nh_black,hs_or_less,some_college,0.9519,-0.04924,3706.1
female,nh_black,nh_black,hs_or_less,bachelors,1.1319,0.12392,1150.4
female,nh_black,nh_black,hs_or_less,graduate,1.4394,0.36422,508.9
female,nh_black,nh_black,some_college,hs_or_less,1.1324,0.12434,7824.6
female,nh_black,nh_black,some_college,some_college,0.906,-0.09873,7600.0
female,nh_black,nh_black,some_college,bachelors,0.8838,-0.12349,1989.2
female,nh_black,nh_black,some_college,graduate,0.9291,-0.07355,722.4
female,nh_black,nh_black,bachelors,hs_or_less,1.021,0.02079,2670.1
female,nh_black,nh_black,bachelors,some_college,0.9118,-0.09237,3050.7
female,nh_black,nh_black,bachelors,bachelors,0.8195,-0.19911,2804.2
female,nh_black,nh_black,bachelors,graduate,0.7723,-0.25844,1048.3
female,nh_black,nh_black,graduate,hs_or_less,1.1369,0.12832,1398.2
female,nh_black,nh_black,graduate,some_college,1.0812,0.0781,1721.1
female,nh_black,nh_black,graduate,bachelors,0.9069,-0.09775,1716.1
female,nh_black,nh_black,graduate,graduate,0.8912,-0.11516,1796.3
female,nh_black,nh_asian,hs_or_less,hs_or_less,0.9818,-0.01841,18.8
female,nh_black,nh_asian,hs_or_less,some_college,0.931,-0.07149,9.9
female,nh_black,nh_asian,hs_or_less,bachelors,1.0148,0.01474,12.7
female,nh_black,nh_asian,hs_or_less,graduate,0.9608,-0.04003,4.8
female,nh_black,nh_asian,some_college,hs_or_less,1.0939,0.08977,19.9
female,nh_black,nh_asian,some_college,some_college,1.0966,0.09221,33.7
female,nh_black,nh_asian,some_college,bachelors,0.8383,-0.17641,16.7
female,nh_black,nh_asian,some_college,graduate,1.148,0.13801,21.1
female,nh_black,nh_asian,bachelors,hs_or_less,1.2189,0.19798,13.5
female,nh_black,nh_asian,bachelors,some_college,1.028,0.02759,12.2
female,nh_black,nh_asian,bachelors,bachelors,1.0344,0.03382,43.2
female,nh_black,nh_asian,bachelors,graduate,0.9469,-0.05455,23.3
female,nh_black,nh_asian,graduate,hs_or_less,0.9904,-0.0096,2.3
female,nh_black,nh_asian,graduate,some_college,1.1659,0.15345,10.7
female,nh_black,nh_asian,graduate,bachelors,0.7869,-0.23971,8.5
female,nh_black,nh_asian,graduate,graduate,0.8717,-0.13737,25.5
female,nh_black,nh_aian,hs_or_less,hs_or_less,0.9249,-0.07802,11.7
female,nh_black,nh_aian,hs_or_less,some_college,0.952,-0.04916,4.2
female,nh_black,nh_aian,hs_or_less,bachelors,1.0559,0.05436,2.9
female,nh_black,nh_aian,hs_or_less,graduate,0.9909,-0.00915,0.1
female,nh_black,nh_aian,some_college,hs_or_less,1.1687,0.15592,19.2
female,nh_black,nh_aian,some_college,some_college,1.1224,0.11543,18.5
female,nh_black,nh_aian,some_college,bachelors,0.9688,-0.03169,1.2
female,nh_black,nh_aian,some_college,graduate,0.9744,-0.02588,0.0
female,nh_black,nh_aian,bachelors,hs_or_less,1.0472,0.04616,6.3
female,nh_black,nh_aian,bachelors,some_college,0.9023,-0.1028,1.4
female,nh_black,nh_aian,bachelors,bachelors,0.9695,-0.03098,2.3
female,nh_black,nh_aian,bachelors,graduate,1.0067,0.0067,1.7
female,nh_black,nh_aian,graduate,hs_or_less,1.071,0.06862,4.5
female,nh_black,nh_aian,graduate,some_college,0.9368,-0.06524,0.3
female,nh_black,nh_aian,graduate,bachelors,0.9577,-0.04319,0.5
female,nh_black,nh_aian,graduate,graduate,0.989,-0.01108,1.8
female,nh_black,nh_nhpi,hs_or_less,hs_or_less,0.9355,-0.06669,2.4
female,nh_black,nh_nhpi,hs_or_less,some_college,1.0363,0.03569,3.2
female,nh_black,nh_nhpi,hs_or_less,bachelors,0.9839,-0.01623,0.0
female,nh_black,nh_nhpi,hs_or_less,graduate,0.9989,-0.00113,0.1
female,nh_black,nh_nhpi,some_college,hs_or_less,1.039,0.03822,5.2
female,nh_black,nh_nhpi,some_college,some_college,1.0409,0.04013,5.8
female,nh_black,nh_nhpi,some_college,bachelors,1.0532,0.05181,2.9
female,nh_black,nh_nhpi,some_college,graduate,0.9936,-0.00641,0.1
female,nh_black,nh_nhpi,bachelors,hs_or_less,1.054,0.05258,3.2
female,nh_black,nh_nhpi,bachelors,some_college,1.0129,0.01277,2.2
female,nh_black,nh_nhpi,bachelors,bachelors,0.9511,-0.05016,0.1
female,nh_black,nh_nhpi,bachelors,graduate,0.9838,-0.01635,0.0
female,nh_black,nh_nhpi,graduate,hs_or_less,0.9798,-0.02044,0.0
female,nh_black,nh_nhpi,graduate,some_college,0.9884,-0.0117,0.4
female,nh_black,nh_nhpi,graduate,bachelors,0.9703,-0.03014,0.0
female,nh_black,nh_nhpi,graduate,graduate,0.9881,-0.01195,0.4
female,nh_black,nh_twoplus,hs_or_less,hs_or_less,1.0838,0.08045,175.7
female,nh_black,nh_twoplus,hs_or_less,some_college,1.0837,0.08034,113.4
female,nh_black,nh_twoplus,hs_or_less,bachelors,0.8307,-0.18552,27.0
female,nh_black,nh_twoplus,hs_or_less,graduate,1.0788,0.07582,16.3
female,nh_black,nh_twoplus,some_college,hs_or_less,1.4004,0.33673,187.5
female,nh_black,nh_twoplus,some_college,some_college,0.926,-0.07689,201.8
female,nh_black,nh_twoplus,some_college,bachelors,0.8828,-0.12461,74.3
female,nh_black,nh_twoplus,some_college,graduate,0.8366,-0.17841,18.6
female,nh_black,nh_twoplus,bachelors,hs_or_less,1.4403,0.36485,80.4
female,nh_black,nh_twoplus,bachelors,some_college,1.0807,0.07762,97.6
female,nh_black,nh_twoplus,bachelors,bachelors,0.783,-0.24458,98.6
female,nh_black,nh_twoplus,bachelors,graduate,0.7209,-0.3272,26.7
female,nh_black,nh_twoplus,graduate,hs_or_less,1.231,0.2078,32.9
female,nh_black,nh_twoplus,graduate,some_college,1.2209,0.19957,55.7
female,nh_black,nh_twoplus,graduate,bachelors,1.0083,0.0083,72.4
female,nh_black,nh_twoplus,graduate,graduate,0.7451,-0.29428,45.6
female,nh_black,nh_other,hs_or_less,hs_or_less,0.842,-0.17199,4.6
female,nh_black,nh_other,hs_or_less,some_college,0.9999,-5e-05,7.0
female,nh_black,nh_other,hs_or_less,bachelors,1.025,0.0247,4.3
female,nh_black,nh_other,hs_or_less,graduate,0.9548,-0.04626,0.0
female,nh_black,nh_other,some_college,hs_or_less,1.3675,0.313,23.1
female,nh_black,nh_other,some_college,some_college,1.0492,0.04799,17.4
female,nh_black,nh_other,some_college,bachelors,0.9067,-0.09794,3.7
female,nh_black,nh_other,some_college,graduate,1.027,0.02662,4.5
female,nh_black,nh_other,bachelors,hs_or_less,1.3924,0.33103,15.7
female,nh_black,nh_other,bachelors,some_college,0.9628,-0.03794,4.6
female,nh_black,nh_other,bachelors,bachelors,0.8137,-0.20614,2.7
female,nh_black,nh_other,bachelors,graduate,0.8608,-0.1499,0.6
female,nh_black,nh_other,graduate,hs_or_less,1.0509,0.04964,3.4
female,nh_black,nh_other,graduate,some_college,1.0541,0.05268,4.8
female,nh_black,nh_other,graduate,bachelors,0.9081,-0.09642,2.8
female,nh_black,nh_other,graduate,graduate,0.9617,-0.03902,7.5
female,nh_asian,hispanic,hs_or_less,hs_or_less,0.4684,-0.75843,184.7
female,nh_asian,hispanic,hs_or_less,some_college,0.928,-0.07476,118.2
female,nh_asian,hispanic,hs_or_less,bachelors,1.1594,0.14787,49.4
female,nh_asian,hispanic,hs_or_less,graduate,1.2228,0.20116,21.8
female,nh_asian,hispanic,some_college,hs_or_less,0.7414,-0.29927,219.6
female,nh_asian,hispanic,some_college,some_college,1.2185,0.1976,313.3
female,nh_asian,hispanic,some_college,bachelors,1.2478,0.22141,102.1
female,nh_asian,hispanic,some_college,graduate,1.2279,0.20534,36.1
female,nh_asian,hispanic,bachelors,hs_or_less,0.6391,-0.44777,171.3
female,nh_asian,hispanic,bachelors,some_college,1.2478,0.22137,321.8
female,nh_asian,hispanic,bachelors,bachelors,1.4225,0.35242,423.3
female,nh_asian,hispanic,bachelors,graduate,1.1837,0.16867,128.4
female,nh_asian,hispanic,graduate,hs_or_less,0.5408,-0.61467,49.1
female,nh_asian,hispanic,graduate,some_college,0.8714,-0.1377,94.1
female,nh_asian,hispanic,graduate,bachelors,1.3579,0.30595,222.4
female,nh_asian,hispanic,graduate,graduate,1.3645,0.31082,203.7
female,nh_asian,nh_white,hs_or_less,hs_or_less,0.4853,-0.72305,451.6
female,nh_asian,nh_white,hs_or_less,some_college,0.7851,-0.24192,414.7
female,nh_asian,nh_white,hs_or_less,bachelors,1.1355,0.12709,297.1
female,nh_asian,nh_white,hs_or_less,graduate,1.4777,0.39046,147.7
female,nh_asian,nh_white,some_college,hs_or_less,0.6197,-0.47849,383.5
female,nh_asian,nh_white,some_college,some_college,0.8443,-0.16931,820.8
female,nh_asian,nh_white,some_college,bachelors,1.1136,0.10756,548.6
female,nh_asian,nh_white,some_college,graduate,1.369,0.31407,240.8
female,nh_asian,nh_white,bachelors,hs_or_less,0.7977,-0.226,453.4
female,nh_asian,nh_white,bachelors,some_college,1.1103,0.10462,1037.1
female,nh_asian,nh_white,bachelors,bachelors,1.1794,0.16504,2121.1
female,nh_asian,nh_white,bachelors,graduate,1.3714,0.31582,971.1
female,nh_asian,nh_white,graduate,hs_or_less,0.6292,-0.46323,139.8
female,nh_asian,nh_white,graduate,some_college,0.9379,-0.06407,385.9
female,nh_asian,nh_white,graduate,bachelors,1.355,0.30378,1299.7
female,nh_asian,nh_white,graduate,graduate,1.7119,0.53763,1621.3
female,nh_asian,nh_black,hs_or_less,hs_or_less,0.8329,-0.18281,99.1
female,nh_asian,nh_black,hs_or_less,some_college,0.9178,-0.08578,47.8
female,nh_asian,nh_black,hs_or_less,bachelors,1.462,0.3798,33.2
female,nh_asian,nh_black,hs_or_less,graduate,1.124,0.11692,9.7
female,nh_asian,nh_black,some_college,hs_or_less,0.7204,-0.32791,50.5
female,nh_asian,nh_black,some_college,some_college,1.162,0.15016,123.7
female,nh_asian,nh_black,some_college,bachelors,1.1687,0.15586,37.3
female,nh_asian,nh_black,some_college,graduate,1.2703,0.23928,20.2
female,nh_asian,nh_black,bachelors,hs_or_less,0.7853,-0.24167,53.4
female,nh_asian,nh_black,bachelors,some_college,1.0432,0.04225,105.8
female,nh_asian,nh_black,bachelors,bachelors,0.9797,-0.0205,100.3
female,nh_asian,nh_black,bachelors,graduate,1.0179,0.01777,43.0
female,nh_asian,nh_black,graduate,hs_or_less,0.8579,-0.15324,24.0
female,nh_asian,nh_black,graduate,some_college,0.7952,-0.2292,28.4
female,nh_asian,nh_black,graduate,bachelors,1.0381,0.03737,59.3
female,nh_asian,nh_black,graduate,graduate,1.1071,0.10172,66.3
female,nh_asian,nh_asian,hs_or_less,hs_or_less,2.4451,0.89409,3137.9
female,nh_asian,nh_asian,hs_or_less,some_college,1.0981,0.09355,871.1
female,nh_asian,nh_asian,hs_or_less,bachelors,1.1169,0.11058,810.9
female,nh_asian,nh_asian,hs_or_less,graduate,0.8778,-0.13038,349.8
female,nh_asian,nh_asian,some_college,hs_or_less,1.1695,0.15653,1016.0
female,nh_asian,nh_asian,some_college,some_college,1.0061,0.00611,1538.3
female,nh_asian,nh_asian,some_college,bachelors,0.7164,-0.33355,1031.5
female,nh_asian,nh_asian,some_college,graduate,0.6172,-0.48257,487.3
female,nh_asian,nh_asian,bachelors,hs_or_less,1.0185,0.01835,811.2
female,nh_asian,nh_asian,bachelors,some_college,0.8974,-0.10829,1349.6
female,nh_asian,nh_asian,bachelors,bachelors,0.9468,-0.05463,5265.5
female,nh_asian,nh_asian,bachelors,graduate,0.8889,-0.1178,3282.7
female,nh_asian,nh_asian,graduate,hs_or_less,1.0022,0.00224,343.5
female,nh_asian,nh_asian,graduate,some_college,0.7454,-0.29383,492.0
female,nh_asian,nh_asian,graduate,bachelors,0.9085,-0.09599,2681.0
female,nh_asian,nh_asian,graduate,graduate,1.3988,0.33561,6975.5
female,nh_asian,nh_aian,hs_or_less,hs_or_less,0.9952,-0.00481,10.1
female,nh_asian,nh_aian,hs_or_less,some_college,1.1476,0.13765,9.2
female,nh_asian,nh_aian,hs_or_less,bachelors,0.9792,-0.02103,0.0
female,nh_asian,nh_aian,hs_or_less,graduate,1.056,0.05452,2.0
female,nh_asian,nh_aian,some_college,hs_or_less,0.9387,-0.06331,4.5
female,nh_asian,nh_aian,some_college,some_college,1.1478,0.13787,13.2
female,nh_asian,nh_aian,some_college,bachelors,1.0954,0.09113,4.4
female,nh_asian,nh_aian,some_college,graduate,1.0107,0.01064,0.9
female,nh_asian,nh_aian,bachelors,hs_or_less,0.8677,-0.14196,1.0
female,nh_asian,nh_aian,bachelors,some_college,0.8726,-0.13632,2.1
female,nh_asian,nh_aian,bachelors,bachelors,1.0324,0.03189,6.0
female,nh_asian,nh_aian,bachelors,graduate,0.9751,-0.02525,1.2
female,nh_asian,nh_aian,graduate,hs_or_less,0.9545,-0.04657,1.2
female,nh_asian,nh_aian,graduate,some_college,0.9352,-0.067,1.0
female,nh_asian,nh_aian,graduate,bachelors,1.0314,0.03091,3.7
female,nh_asian,nh_aian,graduate,graduate,1.0117,0.01163,3.2
female,nh_asian,nh_nhpi,hs_or_less,hs_or_less,0.9855,-0.01458,11.5
female,nh_asian,nh_nhpi,hs_or_less,some_college,0.9201,-0.08324,1.8
female,nh_asian,nh_nhpi,hs_or_less,bachelors,0.9717,-0.02874,0.4
female,nh_asian,nh_nhpi,hs_or_less,graduate,1.0391,0.03839,1.6
female,nh_asian,nh_nhpi,some_college,hs_or_less,1.2681,0.2375,18.3
female,nh_asian,nh_nhpi,some_college,some_college,0.9863,-0.0138,8.8
female,nh_asian,nh_nhpi,some_college,bachelors,0.9621,-0.03865,1.3
female,nh_asian,nh_nhpi,some_college,graduate,1.044,0.0431,2.1
female,nh_asian,nh_nhpi,bachelors,hs_or_less,1.0512,0.04994,9.9
female,nh_asian,nh_nhpi,bachelors,some_college,0.8647,-0.14532,3.4
female,nh_asian,nh_nhpi,bachelors,bachelors,0.9437,-0.05798,7.3
female,nh_asian,nh_nhpi,bachelors,graduate,1.0284,0.02804,3.8
female,nh_asian,nh_nhpi,graduate,hs_or_less,1.0573,0.05576,5.4
female,nh_asian,nh_nhpi,graduate,some_college,0.9804,-0.01984,3.5
female,nh_asian,nh_nhpi,graduate,bachelors,1.0013,0.00134,5.4
female,nh_asian,nh_nhpi,graduate,graduate,0.9494,-0.05192,1.9
female,nh_asian,nh_twoplus,hs_or_less,hs_or_less,0.893,-0.11317,107.0
female,nh_asian,nh_twoplus,hs_or_less,some_college,0.8063,-0.21531,56.9
female,nh_asian,nh_twoplus,hs_or_less,bachelors,1.0381,0.03739,33.0
female,nh_asian,nh_twoplus,hs_or_less,graduate,1.0587,0.05702,13.3
female,nh_asian,nh_twoplus,some_college,hs_or_less,0.8858,-0.12124,72.5
female,nh_asian,nh_twoplus,some_college,some_college,0.9328,-0.06952,138.5
female,nh_asian,nh_twoplus,some_college,bachelors,1.0331,0.03255,63.8
female,nh_asian,nh_twoplus,some_college,graduate,1.1363,0.12774,27.7
female,nh_asian,nh_twoplus,bachelors,hs_or_less,0.7702,-0.26112,53.8
female,nh_asian,nh_twoplus,bachelors,some_college,0.9603,-0.04051,142.3
female,nh_asian,nh_twoplus,bachelors,bachelors,1.2911,0.25549,307.1
female,nh_asian,nh_twoplus,bachelors,graduate,1.3962,0.33373,135.7
female,nh_asian,nh_twoplus,graduate,hs_or_less,0.724,-0.32293,14.8
female,nh_asian,nh_twoplus,graduate,some_college,0.8418,-0.17223,51.0
female,nh_asian,nh_twoplus,graduate,bachelors,1.1558,0.14481,148.8
female,nh_asian,nh_twoplus,graduate,graduate,1.3872,0.32729,179.8
female,nh_asian,nh_other,hs_or_less,hs_or_less,0.9125,-0.09162,3.3
female,nh_asian,nh_other,hs_or_less,some_college,0.9245,-0.07845,1.2
female,nh_asian,nh_other,hs_or_less,bachelors,0.9644,-0.03624,0.7
female,nh_asian,nh_other,hs_or_less,graduate,1.1028,0.09785,4.2
female,nh_asian,nh_other,some_college,hs_or_less,0.9392,-0.06275,2.4
female,nh_asian,nh_other,some_college,some_college,1.0314,0.03091,8.7
female,nh_asian,nh_other,some_college,bachelors,1.0133,0.01321,4.2
female,nh_asian,nh_other,some_college,graduate,0.9819,-0.01822,1.2
female,nh_asian,nh_other,bachelors,hs_or_less,1.1001,0.09543,7.9
female,nh_asian,nh_other,bachelors,some_college,0.8959,-0.10987,2.9
female,nh_asian,nh_other,bachelors,bachelors,1.0418,0.04098,15.9
female,nh_asian,nh_other,bachelors,graduate,0.8987,-0.10681,3.5
female,nh_asian,nh_other,graduate,hs_or_less,1.0258,0.02548,2.8
female,nh_asian,nh_other,graduate,some_college,1.0816,0.07848,6.1
female,nh_asian,nh_other,graduate,bachelors,1.019,0.01878,8.4
female,nh_asian,nh_other,graduate,graduate,1.1083,0.10285,15.0
female,nh_aian,hispanic,hs_or_less,hs_or_less,1.1062,0.10093,93.1
female,nh_aian,hispanic,hs_or_less,some_college,0.9645,-0.03615,24.3
female,nh_aian,hispanic,hs_or_less,bachelors,0.8899,-0.11669,3.0
female,nh_aian,hispanic,hs_or_less,graduate,1.0539,0.05247,3.9
female,nh_aian,hispanic,some_college,hs_or_less,0.9433,-0.05836,46.0
female,nh_aian,hispanic,some_college,some_college,1.2848,0.25058,65.1
female,nh_aian,hispanic,some_college,bachelors,0.9093,-0.09506,9.1
female,nh_aian,hispanic,some_college,graduate,0.9228,-0.08039,1.0
female,nh_aian,hispanic,bachelors,hs_or_less,1.0846,0.08118,15.8
female,nh_aian,hispanic,bachelors,some_college,1.0301,0.02961,12.3
female,nh_aian,hispanic,bachelors,bachelors,0.8051,-0.21679,3.3
female,nh_aian,hispanic,bachelors,graduate,1.0048,0.00482,4.4
female,nh_aian,hispanic,graduate,hs_or_less,1.153,0.14238,9.2
female,nh_aian,hispanic,graduate,some_college,1.0718,0.06933,5.9
female,nh_aian,hispanic,graduate,bachelors,0.9545,-0.04661,2.9
female,nh_aian,hispanic,graduate,graduate,0.922,-0.08126,1.4
female,nh_aian,nh_white,hs_or_less,hs_or_less,1.2937,0.25751,222.4
female,nh_aian,nh_white,hs_or_less,some_college,1.0517,0.0504,101.3
female,nh_aian,nh_white,hs_or_less,bachelors,0.7137,-0.33724,22.5
female,nh_aian,nh_white,hs_or_less,graduate,0.9938,-0.00626,14.2
female,nh_aian,nh_white,some_college,hs_or_less,1.3824,0.32381,148.3
female,nh_aian,nh_white,some_college,some_college,0.9516,-0.04964,145.9
female,nh_aian,nh_white,some_college,bachelors,0.7325,-0.31132,49.0
female,nh_aian,nh_white,some_college,graduate,0.8057,-0.21608,13.5
female,nh_aian,nh_white,bachelors,hs_or_less,1.335,0.28893,40.2
female,nh_aian,nh_white,bachelors,some_college,1.2735,0.24179,55.6
female,nh_aian,nh_white,bachelors,bachelors,0.8614,-0.14914,60.0
female,nh_aian,nh_white,bachelors,graduate,0.8081,-0.21303,15.3
female,nh_aian,nh_white,graduate,hs_or_less,1.1839,0.16882,14.8
female,nh_aian,nh_white,graduate,some_college,1.1433,0.1339,19.1
female,nh_aian,nh_white,graduate,bachelors,1.0257,0.02533,29.7
female,nh_aian,nh_white,graduate,graduate,0.8124,-0.20779,16.7
female,nh_aian,nh_black,hs_or_less,hs_or_less,1.1272,0.11976,29.8
female,nh_aian,nh_black,hs_or_less,some_college,0.9344,-0.06784,7.6
female,nh_aian,nh_black,hs_or_less,bachelors,1.0676,0.06542,5.0
female,nh_aian,nh_black,hs_or_less,graduate,0.9935,-0.00656,0.7
female,nh_aian,nh_black,some_college,hs_or_less,1.1965,0.17939,22.8
female,nh_aian,nh_black,some_college,some_college,0.8939,-0.11215,12.1
female,nh_aian,nh_black,some_college,bachelors,0.9929,-0.00708,4.6
female,nh_aian,nh_black,some_college,graduate,1.0467,0.04564,3.1
female,nh_aian,nh_black,bachelors,hs_or_less,1.0502,0.04897,5.1
female,nh_aian,nh_black,bachelors,some_college,0.918,-0.0856,1.3
female,nh_aian,nh_black,bachelors,bachelors,0.9854,-0.01472,4.1
female,nh_aian,nh_black,bachelors,graduate,0.9597,-0.04115,0.3
female,nh_aian,nh_black,graduate,hs_or_less,0.9878,-0.01223,0.7
female,nh_aian,nh_black,graduate,some_college,0.9761,-0.02416,0.7
female,nh_aian,nh_black,graduate,bachelors,0.9585,-0.04242,0.3
female,nh_aian,nh_black,graduate,graduate,0.9557,-0.04528,0.3
female,nh_aian,nh_asian,hs_or_less,hs_or_less,1.0608,0.05901,5.5
female,nh_aian,nh_asian,hs_or_less,some_college,1.008,0.00795,2.6
female,nh_aian,nh_asian,hs_or_less,bachelors,0.9705,-0.02996,1.1
female,nh_aian,nh_asian,hs_or_less,graduate,0.9792,-0.02101,0.4
female,nh_aian,nh_asian,some_college,hs_or_less,1.0421,0.0412,3.4
female,nh_aian,nh_asian,some_college,some_college,0.9783,-0.02199,3.0
female,nh_aian,nh_asian,some_college,bachelors,0.9695,-0.03102,2.7
female,nh_aian,nh_asian,some_college,graduate,0.9622,-0.03854,0.7
female,nh_aian,nh_asian,bachelors,hs_or_less,0.9856,-0.01449,0.0
female,nh_aian,nh_asian,bachelors,some_college,0.9916,-0.00839,0.7
female,nh_aian,nh_asian,bachelors,bachelors,1.0664,0.06429,5.9
female,nh_aian,nh_asian,bachelors,graduate,1.0064,0.00634,2.5
female,nh_aian,nh_asian,graduate,hs_or_less,1.0087,0.00869,0.4
female,nh_aian,nh_asian,graduate,some_college,1.0086,0.00859,0.6
female,nh_aian,nh_asian,graduate,bachelors,0.9877,-0.01236,0.8
female,nh_aian,nh_asian,graduate,graduate,0.9819,-0.01831,1.3
female,nh_aian,nh_aian,hs_or_less,hs_or_less,1.1888,0.17292,287.5
female,nh_aian,nh_aian,hs_or_less,some_college,0.8416,-0.17245,73.4
female,nh_aian,nh_aian,hs_or_less,bachelors,0.9385,-0.06345,13.0
female,nh_aian,nh_aian,hs_or_less,graduate,0.997,-0.00296,5.6
female,nh_aian,nh_aian,some_college,hs_or_less,1.0287,0.02832,151.8
female,nh_aian,nh_aian,some_college,some_college,0.9547,-0.04637,149.6
female,nh_aian,nh_aian,some_college,bachelors,1.009,0.00895,28.5
female,nh_aian,nh_aian,some_college,graduate,1.0838,0.08046,13.4
female,nh_aian,nh_aian,bachelors,hs_or_less,1.0177,0.0175,36.0
female,nh_aian,nh_aian,bachelors,some_college,1.0221,0.02188,41.0
female,nh_aian,nh_aian,bachelors,bachelors,0.9284,-0.07429,22.1
female,nh_aian,nh_aian,bachelors,graduate,1.0286,0.02818,12.0
female,nh_aian,nh_aian,graduate,hs_or_less,1.0804,0.0773,14.8
female,nh_aian,nh_aian,graduate,some_college,0.9346,-0.06761,10.7
female,nh_aian,nh_aian,graduate,bachelors,1.0548,0.05337,12.9
female,nh_aian,nh_aian,graduate,graduate,0.9401,-0.06176,9.0
female,nh_aian,nh_nhpi,hs_or_less,hs_or_less,1.0355,0.03488,3.2
female,nh_aian,nh_nhpi,hs_or_less,some_college,0.9958,-0.00425,0.7
female,nh_aian,nh_nhpi,hs_or_less,bachelors,0.9943,-0.00569,0.0
female,nh_aian,nh_nhpi,hs_or_less,graduate,0.9983,-0.00168,0.0
female,nh_aian,nh_nhpi,some_college,hs_or_less,1.0216,0.02139,1.9
female,nh_aian,nh_nhpi,some_college,some_college,0.9805,-0.01968,0.7
female,nh_aian,nh_nhpi,some_college,bachelors,0.9918,-0.00823,0.1
female,nh_aian,nh_nhpi,some_college,graduate,1.0033,0.00325,0.2
female,nh_aian,nh_nhpi,bachelors,hs_or_less,1.0076,0.00753,0.5
female,nh_aian,nh_nhpi,bachelors,some_college,0.9895,-0.01056,0.0
female,nh_aian,nh_nhpi,bachelors,bachelors,0.9981,-0.00193,0.3
female,nh_aian,nh_nhpi,bachelors,graduate,0.9968,-0.00325,0.0
female,nh_aian,nh_nhpi,graduate,hs_or_less,0.9993,-0.00068,0.1
female,nh_aian,nh_nhpi,graduate,some_college,0.9965,-0.00351,0.0
female,nh_aian,nh_nhpi,graduate,bachelors,0.9957,-0.00434,0.0
female,nh_aian,nh_nhpi,graduate,graduate,0.9968,-0.00325,0.0
female,nh_aian,nh_twoplus,hs_or_less,hs_or_less,1.0784,0.07551,21.3
female,nh_aian,nh_twoplus,hs_or_less,some_college,0.9372,-0.06488,8.5
female,nh_aian,nh_twoplus,hs_or_less,bachelors,0.9702,-0.0303,3.3
female,nh_aian,nh_twoplus,hs_or_less,graduate,0.9615,-0.03931,0.0
female,nh_aian,nh_twoplus,some_college,hs_or_less,1.1246,0.11741,15.8
female,nh_aian,nh_twoplus,some_college,some_college,1.0837,0.08038,23.1
female,nh_aian,nh_twoplus,some_college,bachelors,0.9872,-0.01289,7.3
female,nh_aian,nh_twoplus,some_college,graduate,0.9548,-0.04624,0.8
female,nh_aian,nh_twoplus,bachelors,hs_or_less,1.1249,0.11774,6.6
female,nh_aian,nh_twoplus,bachelors,some_college,1.0761,0.07337,7.4
female,nh_aian,nh_twoplus,bachelors,bachelors,0.8657,-0.14426,1.8
female,nh_aian,nh_twoplus,bachelors,graduate,0.9519,-0.04931,0.9
female,nh_aian,nh_twoplus,graduate,hs_or_less,0.9923,-0.00771,0.5
female,nh_aian,nh_twoplus,graduate,some_college,1.0273,0.02696,2.4
female,nh_aian,nh_twoplus,graduate,bachelors,0.9557,-0.04527,1.1
female,nh_aian,nh_twoplus,graduate,graduate,0.9501,-0.05121,0.9
female,nh_aian,nh_other,hs_or_less,hs_or_less,1.0138,0.01367,1.1
female,nh_aian,nh_other,hs_or_less,some_college,1.0033,0.00329,0.5
female,nh_aian,nh_other,hs_or_less,bachelors,0.9952,-0.00485,0.0
female,nh_aian,nh_other,hs_or_less,graduate,0.9978,-0.00219,0.0
female,nh_aian,nh_other,some_college,hs_or_less,0.9996,-0.00036,0.4
female,nh_aian,nh_other,some_college,some_college,0.9872,-0.01286,0.2
female,nh_aian,nh_other,some_college,bachelors,0.9896,-0.01048,0.0
female,nh_aian,nh_other,some_college,graduate,0.9979,-0.00206,0.1
female,nh_aian,nh_other,bachelors,hs_or_less,1.015,0.01492,0.6
female,nh_aian,nh_other,bachelors,some_college,0.9949,-0.0051,0.0
female,nh_aian,nh_other,bachelors,bachelors,0.9902,-0.00983,0.0
female,nh_aian,nh_other,bachelors,graduate,0.9948,-0.00522,0.0
female,nh_aian,nh_other,graduate,hs_or_less,0.999,-0.00102,0.0
female,nh_aian,nh_other,graduate,some_college,1.0284,0.02797,1.0
female,nh_aian,nh_other,graduate,bachelors,0.999,-0.00097,0.1
female,nh_aian,nh_other,graduate,graduate,0.9951,-0.00491,0.0
female,nh_nhpi,hispanic,hs_or_less,hs_or_less,0.9721,-0.02829,35.1
female,nh_nhpi,hispanic,hs_or_less,some_college,1.0966,0.09218,16.3
female,nh_nhpi,hispanic,hs_or_less,bachelors,0.9652,-0.03544,2.4
female,nh_nhpi,hispanic,hs_or_less,graduate,0.9739,-0.02648,0.1
female,nh_nhpi,hispanic,some_college,hs_or_less,0.9363,-0.06587,17.0
female,nh_nhpi,hispanic,some_college,some_college,1.161,0.14931,25.0
female,nh_nhpi,hispanic,some_college,bachelors,1.0496,0.04841,7.1
female,nh_nhpi,hispanic,some_college,graduate,0.9867,-0.01344,1.1
female,nh_nhpi,hispanic,bachelors,hs_or_less,0.9125,-0.09153,2.3
female,nh_nhpi,hispanic,bachelors,some_college,1.0859,0.08237,8.2
female,nh_nhpi,hispanic,bachelors,bachelors,0.8802,-0.12757,1.1
female,nh_nhpi,hispanic,bachelors,graduate,0.9654,-0.03523,0.8
female,nh_nhpi,hispanic,graduate,hs_or_less,0.9712,-0.02925,1.0
female,nh_nhpi,hispanic,graduate,some_college,1.0061,0.00607,1.9
female,nh_nhpi,hispanic,graduate,bachelors,1.017,0.01683,2.9
female,nh_nhpi,hispanic,graduate,graduate,1.0596,0.05792,4.2
female,nh_nhpi,nh_white,hs_or_less,hs_or_less,0.8114,-0.20898,31.0
female,nh_nhpi,nh_white,hs_or_less,some_college,0.8628,-0.1476,18.7
female,nh_nhpi,nh_white,hs_or_less,bachelors,0.8588,-0.15217,7.3
female,nh_nhpi,nh_white,hs_or_less,graduate,0.9418,-0.05997,2.1
female,nh_nhpi,nh_white,some_college,hs_or_less,1.3003,0.26257,43.1
female,nh_nhpi,nh_white,some_college,some_college,0.9329,-0.06947,36.0
female,nh_nhpi,nh_white,some_college,bachelors,0.8489,-0.16385,12.8
female,nh_nhpi,nh_white,some_college,graduate,1.1219,0.11499,11.5
female,nh_nhpi,nh_white,bachelors,hs_or_less,1.2365,0.21228,15.9
female,nh_nhpi,nh_white,bachelors,some_college,1.1897,0.17371,19.6
female,nh_nhpi,nh_white,bachelors,bachelors,0.8706,-0.13852,15.8
female,nh_nhpi,nh_white,bachelors,graduate,0.9568,-0.04417,6.9
female,nh_nhpi,nh_white,graduate,hs_or_less,1.1447,0.13518,7.3
female,nh_nhpi,nh_white,graduate,some_college,1.1967,0.17956,10.9
female,nh_nhpi,nh_white,graduate,bachelors,1.0172,0.01702,10.0
female,nh_nhpi,nh_white,graduate,graduate,0.8953,-0.11059,4.9
female,nh_nhpi,nh_black,hs_or_less,hs_or_less,0.9405,-0.06136,16.1
female,nh_nhpi,nh_black,hs_or_less,some_college,1.099,0.09443,12.8
female,nh_nhpi,nh_black,hs_or_less,bachelors,0.9343,-0.06793,0.1
female,nh_nhpi,nh_black,hs_or_less,graduate,1.0265,0.02619,1.6
female,nh_nhpi,nh_black,some_college,hs_or_less,1.0596,0.0579,13.4
female,nh_nhpi,nh_black,some_college,some_college,0.8857,-0.12138,7.9
female,nh_nhpi,nh_black,some_college,bachelors,1.009,0.00894,4.0
female,nh_nhpi,nh_black,some_college,graduate,0.9675,-0.03301,0.1
female,nh_nhpi,nh_black,bachelors,hs_or_less,1.0876,0.08393,6.0
female,nh_nhpi,nh_black,bachelors,some_college,1.016,0.0159,4.5
female,nh_nhpi,nh_black,bachelors,bachelors,1.0082,0.00819,4.4
female,nh_nhpi,nh_black,bachelors,graduate,1.0487,0.0476,3.2
female,nh_nhpi,nh_black,graduate,hs_or_less,1.0503,0.04903,2.7
female,nh_nhpi,nh_black,graduate,some_college,0.9794,-0.02085,0.7
female,nh_nhpi,nh_black,graduate,bachelors,0.9626,-0.03808,0.4
female,nh_nhpi,nh_black,graduate,graduate,0.9517,-0.0495,0.1
female,nh_nhpi,nh_asian,hs_or_less,hs_or_less,0.977,-0.02326,3.7
female,nh_nhpi,nh_asian,hs_or_less,some_college,0.9906,-0.00945,2.9
female,nh_nhpi,nh_asian,hs_or_less,bachelors,0.9331,-0.06923,0.8
female,nh_nhpi,nh_asian,hs_or_less,graduate,1.0274,0.027,2.6
female,nh_nhpi,nh_asian,some_college,hs_or_less,1.0464,0.04536,4.1
female,nh_nhpi,nh_asian,some_college,some_college,1.0222,0.02192,5.4
female,nh_nhpi,nh_asian,some_college,bachelors,1.0052,0.00521,4.7
female,nh_nhpi,nh_asian,some_college,graduate,0.9312,-0.07127,0.1
female,nh_nhpi,nh_asian,bachelors,hs_or_less,1.0517,0.05039,2.4
female,nh_nhpi,nh_asian,bachelors,some_college,1.073,0.07045,3.7
female,nh_nhpi,nh_asian,bachelors,bachelors,0.958,-0.04288,3.5
female,nh_nhpi,nh_asian,bachelors,graduate,0.9515,-0.04974,1.5
female,nh_nhpi,nh_asian,graduate,hs_or_less,1.0262,0.02589,1.1
female,nh_nhpi,nh_asian,graduate,some_college,0.9865,-0.01361,0.0
female,nh_nhpi,nh_asian,graduate,bachelors,1.0245,0.02417,2.7
female,nh_nhpi,nh_asian,graduate,graduate,1.0091,0.00905,3.4
female,nh_nhpi,nh_aian,hs_or_less,hs_or_less,0.9829,-0.01724,0.0
female,nh_nhpi,nh_aian,hs_or_less,some_college,0.9935,-0.00656,0.0
female,nh_nhpi,nh_aian,hs_or_less,bachelors,0.9987,-0.00132,0.0
female,nh_nhpi,nh_aian,hs_or_less,graduate,0.9995,-0.00048,0.0
female,nh_nhpi,nh_aian,some_college,hs_or_less,0.9902,-0.00987,0.0
female,nh_nhpi,nh_aian,some_college,some_college,1.0062,0.00619,0.6
female,nh_nhpi,nh_aian,some_college,bachelors,0.998,-0.00204,0.0
female,nh_nhpi,nh_aian,some_college,graduate,0.9993,-0.00074,0.0
female,nh_nhpi,nh_aian,bachelors,hs_or_less,1.0121,0.01206,0.5
female,nh_nhpi,nh_aian,bachelors,some_college,0.9966,-0.00336,0.0
female,nh_nhpi,nh_aian,bachelors,bachelors,1.011,0.01097,0.4
female,nh_nhpi,nh_aian,bachelors,graduate,0.9991,-0.00093,0.0
female,nh_nhpi,nh_aian,graduate,hs_or_less,0.999,-0.00103,0.0
female,nh_nhpi,nh_aian,graduate,some_college,1.0117,0.01161,0.4
female,nh_nhpi,nh_aian,graduate,bachelors,1.0034,0.00343,0.1
female,nh_nhpi,nh_aian,graduate,graduate,0.9993,-0.00071,0.0
female,nh_nhpi,nh_nhpi,hs_or_less,hs_or_less,1.6805,0.5191,251.5
female,nh_nhpi,nh_nhpi,hs_or_less,some_college,1.138,0.12928,70.2
female,nh_nhpi,nh_nhpi,hs_or_less,bachelors,0.8878,-0.11904,10.7
female,nh_nhpi,nh_nhpi,hs_or_less,graduate,1.0527,0.05137,5.7
female,nh_nhpi,nh_nhpi,some_college,hs_or_less,1.1046,0.09952,87.1
female,nh_nhpi,nh_nhpi,some_college,some_college,0.9561,-0.04493,80.1
female,nh_nhpi,nh_nhpi,some_college,bachelors,0.8425,-0.1714,14.6
female,nh_nhpi,nh_nhpi,some_college,graduate,0.934,-0.06823,3.5
female,nh_nhpi,nh_nhpi,bachelors,hs_or_less,1.3046,0.26591,36.2
female,nh_nhpi,nh_nhpi,bachelors,some_college,0.8717,-0.13735,17.5
female,nh_nhpi,nh_nhpi,bachelors,bachelors,0.8083,-0.21283,14.4
female,nh_nhpi,nh_nhpi,bachelors,graduate,0.8653,-0.14472,2.0
female,nh_nhpi,nh_nhpi,graduate,hs_or_less,1.1652,0.15287,13.4
female,nh_nhpi,nh_nhpi,graduate,some_college,0.9076,-0.09698,4.9
female,nh_nhpi,nh_nhpi,graduate,bachelors,0.8283,-0.18833,2.6
female,nh_nhpi,nh_nhpi,graduate,graduate,0.9663,-0.03425,6.9
female,nh_nhpi,nh_twoplus,hs_or_less,hs_or_less,1.1783,0.16405,18.7
female,nh_nhpi,nh_twoplus,hs_or_less,some_college,1.0426,0.04172,9.1
female,nh_nhpi,nh_twoplus,hs_or_less,bachelors,0.9295,-0.07316,0.5
female,nh_nhpi,nh_twoplus,hs_or_less,graduate,0.9768,-0.02346,0.1
female,nh_nhpi,nh_twoplus,some_college,hs_or_less,1.0238,0.02355,7.0
female,nh_nhpi,nh_twoplus,some_college,some_college,0.9203,-0.08306,7.3
female,nh_nhpi,nh_twoplus,some_college,bachelors,1.0187,0.01853,5.1
female,nh_nhpi,nh_twoplus,some_college,graduate,1.0257,0.02535,2.3
female,nh_nhpi,nh_twoplus,bachelors,hs_or_less,0.986,-0.01406,1.2
female,nh_nhpi,nh_twoplus,bachelors,some_college,1.1205,0.11379,7.2
female,nh_nhpi,nh_twoplus,bachelors,bachelors,0.9082,-0.09634,1.4
female,nh_nhpi,nh_twoplus,bachelors,graduate,1.0031,0.00314,1.9
female,nh_nhpi,nh_twoplus,graduate,hs_or_less,0.9833,-0.0168,0.0
female,nh_nhpi,nh_twoplus,graduate,some_college,0.9879,-0.01216,0.7
female,nh_nhpi,nh_twoplus,graduate,bachelors,0.9857,-0.01441,1.4
female,nh_nhpi,nh_twoplus,graduate,graduate,0.9449,-0.05668,0.0
female,nh_nhpi,nh_other,hs_or_less,hs_or_less,0.9927,-0.00733,0.1
female,nh_nhpi,nh_other,hs_or_less,some_college,0.9943,-0.00571,0.0
female,nh_nhpi,nh_other,hs_or_less,bachelors,1.0004,0.00042,0.1
female,nh_nhpi,nh_other,hs_or_less,graduate,0.9987,-0.00132,0.0
female,nh_nhpi,nh_other,some_college,hs_or_less,1.0278,0.0274,1.1
female,nh_nhpi,nh_other,some_college,some_college,1.0098,0.00979,0.6
female,nh_nhpi,nh_other,some_college,bachelors,0.9957,-0.00433,0.0
female,nh_nhpi,nh_other,some_college,graduate,0.9979,-0.00206,0.0
female,nh_nhpi,nh_other,bachelors,hs_or_less,0.9985,-0.00151,0.0
female,nh_nhpi,nh_other,bachelors,some_college,0.9975,-0.0025,0.0
female,nh_nhpi,nh_other,bachelors,bachelors,0.9951,-0.00486,0.0
female,nh_nhpi,nh_other,bachelors,graduate,0.9974,-0.0026,0.0
female,nh_nhpi,nh_other,graduate,hs_or_less,0.9995,-0.00053,0.0
female,nh_nhpi,nh_other,graduate,some_college,0.9991,-0.00092,0.0
female,nh_nhpi,nh_other,graduate,bachelors,0.9989,-0.0011,0.0
female,nh_nhpi,nh_other,graduate,graduate,0.9972,-0.00285,0.0
female,nh_twoplus,hispanic,hs_or_less,hs_or_less,0.8854,-0.12177,491.6
female,nh_twoplus,hispanic,hs_or_less,some_college,0.8371,-0.17778,147.8
female,nh_twoplus,hispanic,hs_or_less,bachelors,1.0912,0.08731,60.9
female,nh_twoplus,hispanic,hs_or_less,graduate,0.9327,-0.06971,11.5
female,nh_twoplus,hispanic,some_college,hs_or_less,0.8393,-0.17521,430.6
female,nh_twoplus,hispanic,some_college,some_college,1.1037,0.09865,507.6
female,nh_twoplus,hispanic,some_college,bachelors,1.2034,0.18513,171.5
female,nh_twoplus,hispanic,some_college,graduate,1.1023,0.09736,46.4
female,nh_twoplus,hispanic,bachelors,hs_or_less,0.7754,-0.25442,175.6
female,nh_twoplus,hispanic,bachelors,some_college,1.1086,0.10311,245.6
female,nh_twoplus,hispanic,bachelors,bachelors,1.185,0.16976,306.4
female,nh_twoplus,hispanic,bachelors,graduate,1.0902,0.08637,94.2
female,nh_twoplus,hispanic,graduate,hs_or_less,0.7499,-0.28786,64.9
female,nh_twoplus,hispanic,graduate,some_college,1.193,0.1765,111.1
female,nh_twoplus,hispanic,graduate,bachelors,1.1111,0.10536,139.1
female,nh_twoplus,hispanic,graduate,graduate,0.9775,-0.0228,106.0
female,nh_twoplus,nh_white,hs_or_less,hs_or_less,1.1097,0.1041,1460.9
female,nh_twoplus,nh_white,hs_or_less,some_college,0.8974,-0.10826,675.8
female,nh_twoplus,nh_white,hs_or_less,bachelors,0.8388,-0.17583,313.9
female,nh_twoplus,nh_white,hs_or_less,graduate,0.7267,-0.31918,74.3
female,nh_twoplus,nh_white,some_college,hs_or_less,1.1568,0.14566,1378.4
female,nh_twoplus,nh_white,some_college,some_college,0.9602,-0.04058,1783.4
female,nh_twoplus,nh_white,some_college,bachelors,0.8712,-0.13788,840.0
female,nh_twoplus,nh_white,some_college,graduate,0.8279,-0.18891,244.0
female,nh_twoplus,nh_white,bachelors,hs_or_less,1.0787,0.07577,561.3
female,nh_twoplus,nh_white,bachelors,some_college,1.2231,0.20138,1050.9
female,nh_twoplus,nh_white,bachelors,bachelors,1.1949,0.17808,2078.0
female,nh_twoplus,nh_white,bachelors,graduate,1.106,0.10078,692.1
female,nh_twoplus,nh_white,graduate,hs_or_less,0.8939,-0.11213,192.7
female,nh_twoplus,nh_white,graduate,some_college,1.1049,0.0998,409.8
female,nh_twoplus,nh_white,graduate,bachelors,1.1372,0.12855,969.5
female,nh_twoplus,nh_white,graduate,graduate,1.0499,0.04865,867.8
female,nh_twoplus,nh_black,hs_or_less,hs_or_less,0.9948,-0.0052,421.8
female,nh_twoplus,nh_black,hs_or_less,some_college,0.9095,-0.09486,173.7
female,nh_twoplus,nh_black,hs_or_less,bachelors,1.076,0.07327,58.1
female,nh_twoplus,nh_black,hs_or_less,graduate,1.0038,0.00384,16.7
female,nh_twoplus,nh_black,some_college,hs_or_less,1.2971,0.26016,514.4
female,nh_twoplus,nh_black,some_college,some_college,1.0342,0.0336,503.6
female,nh_twoplus,nh_black,some_college,bachelors,1.0836,0.08033,147.7
female,nh_twoplus,nh_black,some_college,graduate,0.9889,-0.01114,42.7
female,nh_twoplus,nh_black,bachelors,hs_or_less,0.7551,-0.28086,123.2
female,nh_twoplus,nh_black,bachelors,some_college,0.9971,-0.00291,230.1
female,nh_twoplus,nh_black,bachelors,bachelors,0.8342,-0.18128,198.3
female,nh_twoplus,nh_black,bachelors,graduate,0.8352,-0.18006,70.4
female,nh_twoplus,nh_black,graduate,hs_or_less,1.1933,0.1767,94.1
female,nh_twoplus,nh_black,graduate,some_college,1.1771,0.16308,121.5
female,nh_twoplus,nh_black,graduate,bachelors,1.0571,0.0555,131.1
female,nh_twoplus,nh_black,graduate,graduate,0.9138,-0.09018,109.5
female,nh_twoplus,nh_asian,hs_or_less,hs_or_less,1.1773,0.16318,56.8
female,nh_twoplus,nh_asian,hs_or_less,some_college,1.0034,0.00341,31.4
female,nh_twoplus,nh_asian,hs_or_less,bachelors,0.7622,-0.2715,13.5
female,nh_twoplus,nh_asian,hs_or_less,graduate,0.8852,-0.12194,9.3
female,nh_twoplus,nh_asian,some_college,hs_or_less,0.9312,-0.07129,34.8
female,nh_twoplus,nh_asian,some_college,some_college,1.1762,0.16231,95.0
female,nh_twoplus,nh_asian,some_college,bachelors,0.9465,-0.05498,68.9
female,nh_twoplus,nh_asian,some_college,graduate,0.8465,-0.16659,28.2
female,nh_twoplus,nh_asian,bachelors,hs_or_less,1.2318,0.20846,28.5
female,nh_twoplus,nh_asian,bachelors,some_college,1.0382,0.03746,38.1
female,nh_twoplus,nh_asian,bachelors,bachelors,1.1624,0.15052,164.4
female,nh_twoplus,nh_asian,bachelors,graduate,0.9782,-0.02207,85.2
female,nh_twoplus,nh_asian,graduate,hs_or_less,1.109,0.10344,11.4
female,nh_twoplus,nh_asian,graduate,some_college,1.1061,0.10086,19.0
female,nh_twoplus,nh_asian,graduate,bachelors,0.9681,-0.03243,59.9
female,nh_twoplus,nh_asian,graduate,graduate,0.8279,-0.18885,80.3
female,nh_twoplus,nh_aian,hs_or_less,hs_or_less,1.0342,0.03362,21.1
female,nh_twoplus,nh_aian,hs_or_less,some_college,1.1596,0.14805,13.7
female,nh_twoplus,nh_aian,hs_or_less,bachelors,0.9889,-0.01114,1.0
female,nh_twoplus,nh_aian,hs_or_less,graduate,0.9964,-0.00362,0.3
female,nh_twoplus,nh_aian,some_college,hs_or_less,1.2019,0.18392,27.4
female,nh_twoplus,nh_aian,some_college,some_college,0.9072,-0.09744,14.3
female,nh_twoplus,nh_aian,some_college,bachelors,1.0217,0.02143,4.2
female,nh_twoplus,nh_aian,some_college,graduate,0.9958,-0.00421,1.1
female,nh_twoplus,nh_aian,bachelors,hs_or_less,0.851,-0.16134,1.6
female,nh_twoplus,nh_aian,bachelors,some_college,0.9814,-0.01876,8.4
female,nh_twoplus,nh_aian,bachelors,bachelors,1.1438,0.13434,11.3
female,nh_twoplus,nh_aian,bachelors,graduate,1.0076,0.00753,2.7
female,nh_twoplus,nh_aian,graduate,hs_or_less,0.9223,-0.08083,0.5
female,nh_twoplus,nh_aian,graduate,some_college,0.9942,-0.00579,3.8
female,nh_twoplus,nh_aian,graduate,bachelors,0.9178,-0.0858,0.1
female,nh_twoplus,nh_aian,graduate,graduate,0.9418,-0.05996,1.2
female,nh_twoplus,nh_nhpi,hs_or_less,hs_or_less,1.0993,0.09468,16.3
female,nh_twoplus,nh_nhpi,hs_or_less,some_college,0.9572,-0.04377,3.3
female,nh_twoplus,nh_nhpi,hs_or_less,bachelors,1.0119,0.01183,1.8
female,nh_twoplus,nh_nhpi,hs_or_less,graduate,0.9899,-0.01016,0.0
female,nh_twoplus,nh_nhpi,some_college,hs_or_less,1.0597,0.05801,13.7
female,nh_twoplus,nh_nhpi,some_college,some_college,0.9715,-0.0289,11.2
female,nh_twoplus,nh_nhpi,some_college,bachelors,0.9984,-0.00165,3.5
female,nh_twoplus,nh_nhpi,some_college,graduate,0.9856,-0.01447,0.4
female,nh_twoplus,nh_nhpi,bachelors,hs_or_less,1.0632,0.06131,7.3
female,nh_twoplus,nh_nhpi,bachelors,some_college,0.9986,-0.00143,6.0
female,nh_twoplus,nh_nhpi,bachelors,bachelors,0.9485,-0.05283,4.4
female,nh_twoplus,nh_nhpi,bachelors,graduate,0.9526,-0.04855,0.1
female,nh_twoplus,nh_nhpi,graduate,hs_or_less,1.0772,0.07435,4.6
female,nh_twoplus,nh_nhpi,graduate,some_college,0.9656,-0.03496,1.3
female,nh_twoplus,nh_nhpi,graduate,bachelors,0.9283,-0.07435,0.6
female,nh_twoplus,nh_nhpi,graduate,graduate,1.011,0.01089,2.7
female,nh_twoplus,nh_twoplus,hs_or_less,hs_or_less,1.731,0.54868,1308.0
female,nh_twoplus,nh_twoplus,hs_or_less,some_college,0.9415,-0.06024,452.2
female,nh_twoplus,nh_twoplus,hs_or_less,bachelors,1.0274,0.02702,198.7
female,nh_twoplus,nh_twoplus,hs_or_less,graduate,1.0716,0.06917,63.6
female,nh_twoplus,nh_twoplus,some_college,hs_or_less,1.2052,0.18668,824.3
female,nh_twoplus,nh_twoplus,some_college,some_college,0.833,-0.18277,993.4
female,nh_twoplus,nh_twoplus,some_college,bachelors,0.7266,-0.31935,350.6
female,nh_twoplus,nh_twoplus,some_college,graduate,0.8523,-0.15986,123.9
female,nh_twoplus,nh_twoplus,bachelors,hs_or_less,1.1858,0.17043,367.0
female,nh_twoplus,nh_twoplus,bachelors,some_college,0.9488,-0.05252,539.5
female,nh_twoplus,nh_twoplus,bachelors,bachelors,0.9136,-0.09039,834.3
female,nh_twoplus,nh_twoplus,bachelors,graduate,0.9023,-0.10282,287.8
female,nh_twoplus,nh_twoplus,graduate,hs_or_less,1.0023,0.00231,122.4
female,nh_twoplus,nh_twoplus,graduate,some_college,0.9132,-0.09081,211.7
female,nh_twoplus,nh_twoplus,graduate,bachelors,0.9402,-0.06165,408.5
female,nh_twoplus,nh_twoplus,graduate,graduate,1.1231,0.11612,476.2
female,nh_twoplus,nh_other,hs_or_less,hs_or_less,1.2135,0.19347,19.8
female,nh_twoplus,nh_other,hs_or_less,some_college,1.1267,0.11929,11.2
female,nh_twoplus,nh_other,hs_or_less,bachelors,0.9368,-0.06524,0.9
female,nh_twoplus,nh_other,hs_or_less,graduate,0.9795,-0.02074,0.7
female,nh_twoplus,nh_other,some_college,hs_or_less,1.0051,0.00512,10.5
female,nh_twoplus,nh_other,some_college,some_college,1.073,0.07045,19.8
female,nh_twoplus,nh_other,some_college,bachelors,0.8974,-0.10823,4.0
female,nh_twoplus,nh_other,some_college,graduate,1.1908,0.17466,10.1
female,nh_twoplus,nh_other,bachelors,hs_or_less,0.9587,-0.04215,3.1
female,nh_twoplus,nh_other,bachelors,some_college,0.8973,-0.1084,3.4
female,nh_twoplus,nh_other,bachelors,bachelors,0.957,-0.0439,13.1
female,nh_twoplus,nh_other,bachelors,graduate,0.9602,-0.04061,6.3
female,nh_twoplus,nh_other,graduate,hs_or_less,1.006,0.00601,2.1
female,nh_twoplus,nh_other,graduate,some_college,1.0469,0.04587,5.0
female,nh_twoplus,nh_other,graduate,bachelors,0.9226,-0.08059,4.5
female,nh_twoplus,nh_other,graduate,graduate,0.9003,-0.10499,6.1
female,nh_other,hispanic,hs_or_less,hs_or_less,0.9231,-0.08001,81.1
female,nh_other,hispanic,hs_or_less,some_college,0.8797,-0.12813,20.4
female,nh_other,hispanic,hs_or_less,bachelors,1.1041,0.09905,12.4
female,nh_other,hispanic,hs_or_less,graduate,1.0877,0.08409,5.4
female,nh_other,hispanic,some_college,hs_or_less,0.9883,-0.01174,51.4
female,nh_other,hispanic,some_college,some_college,1.2016,0.18361,59.2
female,nh_other,hispanic,some_college,bachelors,0.9645,-0.03616,11.8
female,nh_other,hispanic,some_college,graduate,1.0895,0.08568,7.1
female,nh_other,hispanic,bachelors,hs_or_less,0.947,-0.05441,25.0
female,nh_other,hispanic,bachelors,some_college,1.0573,0.05576,27.8
female,nh_other,hispanic,bachelors,bachelors,0.915,-0.08887,22.8
female,nh_other,hispanic,bachelors,graduate,0.9108,-0.0934,6.1
female,nh_other,hispanic,graduate,hs_or_less,0.9947,-0.00527,11.6
female,nh_other,hispanic,graduate,some_college,1.0084,0.00841,10.7
female,nh_other,hispanic,graduate,bachelors,0.9656,-0.035,12.6
female,nh_other,hispanic,graduate,graduate,1.0165,0.01638,13.8
female,nh_other,nh_white,hs_or_less,hs_or_less,0.7835,-0.244,54.3
female,nh_other,nh_white,hs_or_less,some_college,0.7915,-0.23388,27.6
female,nh_other,nh_white,hs_or_less,bachelors,1.0835,0.08019,26.6
female,nh_other,nh_white,hs_or_less,graduate,1.0866,0.08304,10.7
female,nh_other,nh_white,some_college,hs_or_less,0.7719,-0.25884,25.7
female,nh_other,nh_white,some_college,some_college,0.9811,-0.01912,66.1
female,nh_other,nh_white,some_college,bachelors,1.003,0.00297,35.0
female,nh_other,nh_white,some_college,graduate,1.0336,0.03305,12.9
female,nh_other,nh_white,bachelors,hs_or_less,1.2117,0.19202,34.2
female,nh_other,nh_white,bachelors,some_college,1.0791,0.07613,42.6
female,nh_other,nh_white,bachelors,bachelors,1.1651,0.15281,88.1
female,nh_other,nh_white,bachelors,graduate,1.0897,0.08587,32.9
female,nh_other,nh_white,graduate,hs_or_less,1.083,0.07972,13.2
female,nh_other,nh_white,graduate,some_college,0.9804,-0.01984,15.2
female,nh_other,nh_white,graduate,bachelors,0.929,-0.07369,31.6
female,nh_other,nh_white,graduate,graduate,1.0656,0.06358,41.0
female,nh_other,nh_black,hs_or_less,hs_or_less,0.9851,-0.01503,34.0
female,nh_other,nh_black,hs_or_less,some_college,1.124,0.11686,21.3
female,nh_other,nh_black,hs_or_less,bachelors,1.0566,0.05506,6.2
female,nh_other,nh_black,hs_or_less,graduate,1.0101,0.01,1.8
female,nh_other,nh_black,some_college,hs_or_less,0.9581,-0.04282,17.6
female,nh_other,nh_black,some_college,some_college,1.0832,0.07991,28.9
female,nh_other,nh_black,some_college,bachelors,0.9879,-0.01216,6.1
female,nh_other,nh_black,some_college,graduate,1.0005,0.00053,2.3
female,nh_other,nh_black,bachelors,hs_or_less,1.0641,0.06214,13.2
female,nh_other,nh_black,bachelors,some_college,0.8964,-0.1094,8.6
female,nh_other,nh_black,bachelors,bachelors,0.8969,-0.10883,8.9
female,nh_other,nh_black,bachelors,graduate,1.1224,0.11549,10.0
female,nh_other,nh_black,graduate,hs_or_less,0.9812,-0.01897,3.8
female,nh_other,nh_black,graduate,some_college,0.9048,-0.10006,2.1
female,nh_other,nh_black,graduate,bachelors,1.113,0.10709,11.4
female,nh_other,nh_black,graduate,graduate,0.8695,-0.1398,1.9
female,nh_other,nh_asian,hs_or_less,hs_or_less,1.0102,0.01018,3.4
female,nh_other,nh_asian,hs_or_less,some_college,0.954,-0.04704,0.4
female,nh_other,nh_asian,hs_or_less,bachelors,0.966,-0.03463,0.7
female,nh_other,nh_asian,hs_or_less,graduate,0.9881,-0.01201,0.6
female,nh_other,nh_asian,some_college,hs_or_less,0.9647,-0.03594,0.5
female,nh_other,nh_asian,some_college,some_college,1.0742,0.07157,5.7
female,nh_other,nh_asian,some_college,bachelors,0.978,-0.02226,2.3
female,nh_other,nh_asian,some_college,graduate,0.9776,-0.02261,0.9
female,nh_other,nh_asian,bachelors,hs_or_less,0.9992,-0.0008,0.9
female,nh_other,nh_asian,bachelors,some_college,1.0764,0.07363,4.2
female,nh_other,nh_asian,bachelors,bachelors,0.9532,-0.0479,4.5
female,nh_other,nh_asian,bachelors,graduate,0.9299,-0.07266,1.5
female,nh_other,nh_asian,graduate,hs_or_less,0.9923,-0.00769,0.1
female,nh_other,nh_asian,graduate,some_college,1.0144,0.01429,1.2
female,nh_other,nh_asian,graduate,bachelors,1.0031,0.00308,3.3
female,nh_other,nh_asian,graduate,graduate,1.1397,0.13079,10.2
female,nh_other,nh_aian,hs_or_less,hs_or_less,0.9723,-0.02811,0.2
female,nh_other,nh_aian,hs_or_less,some_college,0.991,-0.00903,0.2
female,nh_other,nh_aian,hs_or_less,bachelors,0.9976,-0.00239,0.0
female,nh_other,nh_aian,hs_or_less,graduate,1.0056,0.00556,0.2
female,nh_other,nh_aian,some_college,hs_or_less,1.0269,0.02652,1.5
female,nh_other,nh_aian,some_college,some_college,0.9794,-0.02078,0.0
female,nh_other,nh_aian,some_college,bachelors,1.0125,0.01246,0.5
female,nh_other,nh_aian,some_college,graduate,1.0015,0.00152,0.1
female,nh_other,nh_aian,bachelors,hs_or_less,0.9915,-0.00854,0.1
female,nh_other,nh_aian,bachelors,some_college,1.0273,0.02693,1.3
female,nh_other,nh_aian,bachelors,bachelors,0.9922,-0.00788,0.0
female,nh_other,nh_aian,bachelors,graduate,1.0172,0.0171,0.7
female,nh_other,nh_aian,graduate,hs_or_less,0.9956,-0.00445,0.0
female,nh_other,nh_aian,graduate,some_college,0.9955,-0.00453,0.0
female,nh_other,nh_aian,graduate,bachelors,1.0001,0.0001,0.1
female,nh_other,nh_aian,graduate,graduate,0.9955,-0.00447,0.0
female,nh_other,nh_nhpi,hs_or_less,hs_or_less,0.9939,-0.00608,0.1
female,nh_other,nh_nhpi,hs_or_less,some_college,0.9962,-0.00383,0.0
female,nh_other,nh_nhpi,hs_or_less,bachelors,0.9989,-0.00108,0.0
female,nh_other,nh_nhpi,hs_or_less,graduate,0.9997,-0.0003,0.0
female,nh_other,nh_nhpi,some_college,hs_or_less,0.9945,-0.00555,0.0
female,nh_other,nh_nhpi,some_college,some_college,0.9938,-0.0062,0.0
female,nh_other,nh_nhpi,some_college,bachelors,0.9983,-0.00173,0.0
female,nh_other,nh_nhpi,some_college,graduate,0.9996,-0.00045,0.0
female,nh_other,nh_nhpi,bachelors,hs_or_less,0.997,-0.00297,0.0
female,nh_other,nh_nhpi,bachelors,some_college,0.9965,-0.00351,0.0
female,nh_other,nh_nhpi,bachelors,bachelors,1.0253,0.02497,0.9
female,nh_other,nh_nhpi,bachelors,graduate,0.9989,-0.00107,0.0
female,nh_other,nh_nhpi,graduate,hs_or_less,1.0033,0.00325,0.1
female,nh_other,nh_nhpi,graduate,some_college,0.9985,-0.00153,0.0
female,nh_other,nh_nhpi,graduate,bachelors,1.0054,0.00542,0.2
female,nh_other,nh_nhpi,graduate,graduate,1.0006,0.00065,0.1
female,nh_other,nh_twoplus,hs_or_less,hs_or_less,0.9441,-0.05748,8.6
female,nh_other,nh_twoplus,hs_or_less,some_college,0.996,-0.00399,7.0
female,nh_other,nh_twoplus,hs_or_less,bachelors,1.0361,0.0355,4.1
female,nh_other,nh_twoplus,hs_or_less,graduate,0.981,-0.01914,0.3
female,nh_other,nh_twoplus,some_college,hs_or_less,1.0698,0.06749,9.0
female,nh_other,nh_twoplus,some_college,some_college,1.1014,0.09661,15.5
female,nh_other,nh_twoplus,some_college,bachelors,0.9553,-0.04574,2.9
female,nh_other,nh_twoplus,some_college,graduate,1.219,0.19806,8.2
female,nh_other,nh_twoplus,bachelors,hs_or_less,0.9553,-0.04569,1.8
female,nh_other,nh_twoplus,bachelors,some_college,0.9224,-0.08081,3.2
female,nh_other,nh_twoplus,bachelors,bachelors,0.9323,-0.07013,6.7
female,nh_other,nh_twoplus,bachelors,graduate,0.9407,-0.0611,1.5
female,nh_other,nh_twoplus,graduate,hs_or_less,0.9832,-0.01689,0.8
female,nh_other,nh_twoplus,graduate,some_college,1.0412,0.04034,4.1
female,nh_other,nh_twoplus,graduate,bachelors,0.9342,-0.06811,2.3
female,nh_other,nh_twoplus,graduate,graduate,1.0316,0.03109,6.0
female,nh_other,nh_other,hs_or_less,hs_or_less,1.4513,0.37249,346.6
female,nh_other,nh_other,hs_or_less,some_college,0.8136,-0.20629,103.0
female,nh_other,nh_other,hs_or_less,bachelors,1.1421,0.13285,80.7
female,nh_other,nh_other,hs_or_less,graduate,1.0487,0.04757,34.1
female,nh_other,nh_other,some_college,hs_or_less,1.199,0.18146,164.1
female,nh_other,nh_other,some_college,some_college,1.0224,0.02219,215.2
female,nh_other,nh_other,some_college,bachelors,0.8019,-0.22079,78.1
female,nh_other,nh_other,some_college,graduate,0.7403,-0.30073,27.0
female,nh_other,nh_other,bachelors,hs_or_less,1.1591,0.14766,86.3
female,nh_other,nh_other,bachelors,some_college,0.9199,-0.08354,104.9
female,nh_other,nh_other,bachelors,bachelors,0.9918,-0.00825,222.1
female,nh_other,nh_other,bachelors,graduate,0.9224,-0.08073,110.6
female,nh_other,nh_other,graduate,hs_or_less,1.1394,0.13052,37.9
female,nh_other,nh_other,graduate,some_college,0.9674,-0.03314,48.2
female,nh_other,nh_other,graduate,bachelors,0.9482,-0.05317,108.8
female,nh_other,nh_other,graduate,graduate,0.953,-0.0481,153.1
